"Theta [deg]","Freq [GHz]","Phi [deg]","re(rETheta) [mV]","Phi [deg]","im(rETheta) [mV]","Phi [deg]","re(rEPhi) [mV]","Phi [deg]","im(rEPhi) [mV]"
0,8,0,2413.73722269668,0,-988.348572079023,0,343.784624107763,0,-498.172201080549
0,8,5,2434.51502809647,5,-1028.00617557308,5,132.105359379818,5,-410.136251560004
0,8,10,2436.76470413207,10,-1059.84003134393,10,-80.5793069004059,10,-318.978917518049
0,8,15,2420.46912941047,15,-1083.60786452735,15,-292.650715999999,15,-225.393961309042
0,8,20,2385.75232309484,20,-1099.12878756138,20,-502.494876443499,20,-130.093620957878
0,8,25,2332.87850104382,25,-1106.28467684998,25,-708.514747462563,25,-33.8031895985491
0,8,30,2262.2500649693,30,-1105.02107175479,30,-909.142393440537,30,62.7445044445454
0,8,35,2174.40453991643,35,-1095.34758907358,35,-1102.85091684924,35,158.814674922652
0,8,40,2070.01048337344,40,-1077.33784985056,40,-1288.16607886113,40,253.676169829676
0,8,45,1949.86239714547,45,-1051.1289190758,45,-1463.67751919694,45,346.607035910434
0,8,50,1814.87468071612,50,-1016.92026253789,50,-1628.04948981902,50,436.900013160866
0,8,55,1666.07467211523,55,-974.972228768812,55,-1780.03102078041,55,523.867917503702
0,8,60,1504.59482925614,60,-925.604067634481,60,-1918.46544086154,60,606.848870674238
0,8,65,1331.66411124723,65,-869.191500650432,65,-2042.29918053662,65,685.211337513575
0,8,70,1148.59862527094,70,-806.163861514256,70,-2150.58979027385,70,758.358932332518
0,8,75,956.791610213532,75,-737.000828616909,75,-2242.51311314548,75,825.734957766766
0,8,80,757.702833275828,80,-662.22877440052,80,-2317.36955715963,80,886.82664158001
0,8,85,552.847480263414,85,-582.416759346276,85,-2374.58941957779,85,941.169039170264
0,8,90,343.784624107761,90,-498.172201080553,90,-2413.73722269668,90,988.348572079027
5,8,0,3132.67246292031,0,-75.3358473511263,0,425.286961998537,0,-579.10998772956
5,8,5,3175.48231231234,5,-192.050068199049,5,137.677638963478,5,-528.831705619017
5,8,10,3184.91803766989,10,-306.022527409936,10,-152.58454330096,10,-459.575055170271
5,8,15,3160.48715495194,15,-413.810750016896,15,-441.024835507463,15,-371.543610441946
5,8,20,3102.42318879402,20,-512.021654843492,20,-723.074227362099,20,-265.625042099311
5,8,25,3011.71199919986,25,-597.4570845564,25,-994.206282519918,25,-143.366572922717
5,8,30,2890.08879102448,30,-667.250524920762,30,-1250.08085264869,30,-6.91763326540246
5,8,35,2740.00401832633,35,-718.987048657638,35,-1486.68788042904,35,141.057284550598
5,8,40,2564.55807050278,40,-750.799478924311,40,-1700.48404648297,40,297.490512728599
5,8,45,2367.40641489065,45,-761.435299139045,45,-1888.51499049356,45,459.041025642399
5,8,50,2152.63865585723,50,-750.290835829486,50,-2048.51627058745,50,622.234107941189
5,8,55,1924.6366313638,55,-717.411554844112,55,-2178.98711367073,55,783.602131467972
5,8,60,1687.9180853053,60,-663.459746001725,60,-2279.23231552413,60,939.817728313461
5,8,65,1446.9735205256,65,-589.653214022598,65,-2349.3693035568,65,1087.8113834087
5,8,70,1206.10446707436,70,-497.680631909509,70,-2390.29927955762,70,1224.86686258784
5,8,75,969.271534948618,75,-389.600757036732,75,-2403.64339530759,75,1348.68982455271
5,8,80,739.960235534969,80,-267.733613731331,80,-2391.64694795061,80,1457.44726478716
5,8,85,521.071662590924,85,-134.551923166779,85,-2357.05647820414,85,1549.77789310995
5,8,90,314.843769343437,90,7.41950268242944,90,-2302.97628265688,90,1624.77592222689
10,8,0,3763.260910309,0,877.572122852009,0,656.784355629506,0,-726.049857675193
10,8,5,3887.8857986346,5,664.66443819924,5,297.89043766333,5,-722.720476348077
10,8,10,3961.88961760831,10,446.472795089696,10,-73.8457333790631,10,-677.229543230905
10,8,15,3982.00295737378,15,231.932373451651,15,-450.223326784928,15,-588.990283789585
10,8,20,3946.58246342482,20,30.0564230173543,20,-822.322972253672,20,-459.451711313492
10,8,25,3855.79827148814,25,-150.570991074167,25,-1180.85923270203,25,-292.073080907353
10,8,30,3711.7356520641,30,-302.290019505668,30,-1516.58174398235,30,-92.1647891664847
10,8,35,3518.39814331707,35,-418.809448304853,35,-1820.70340821119,35,133.398917949684
10,8,40,3281.60541713617,40,-495.564248396709,40,-2085.33048584595,40,376.578551317096
10,8,45,3008.78600257308,45,-529.95576957859,45,-2303.86759798593,45,628.651714883355
10,8,50,2708.67224552674,50,-521.453162963935,50,-2471.3707828621,50,880.742868902357
10,8,55,2390.91192718223,55,-471.546252330979,55,-2584.82392682988,55,1124.35853393546
10,8,60,2065.61722439768,60,-383.553218020481,60,-2643.31800244911,60,1351.8840933604
10,8,65,1742.87666986563,65,-262.299812698765,65,-2648.11831884668,65,1557.00074849672
10,8,70,1432.259063472,70,-113.698996537428,70,-2602.61201326193,70,1734.9878105814
10,8,75,1142.33963465259,75,55.7304927632026,75,-2512.13578556093,75,1882.88588120065
10,8,80,880.278034614297,80,239.362176279973,80,-2383.69184583332,80,1999.50962325134
10,8,85,651.474964212001,85,430.930541789906,85,-2225.56764062512,85,2085.31342658964
10,8,90,459.329573690239,90,624.927781414211,90,-2046.88159712844,90,2142.12775580973
15,8,0,4266.90444693545,0,1869.28415243649,0,1004.87457037865,0,-915.752944331531
15,8,5,4524.1982808651,5,1545.69315690191,5,588.711612981376,5,-977.044909993851
15,8,10,4713.36018850333,10,1201.31705937079,10,141.991417965156,10,-966.981670518961
15,8,15,4826.17017081395,15,852.94372531694,15,-323.214751419172,15,-882.742203653316
15,8,20,4857.10201050654,20,518.087265744932,20,-792.947120164764,20,-725.663358686228
15,8,25,4803.82313319445,25,213.835421635619,25,-1251.96575455286,25,-501.353724037021
15,8,30,4667.53020211254,30,-44.3289690790322,30,-1684.49717307158,30,-219.478213402036
15,8,35,4453.08357767994,35,-243.628686031808,35,-2075.07606685893,35,106.791549347807
15,8,40,4168.9177950185,40,-374.911889933847,40,-2409.42735947403,40,461.633082428525
15,8,45,3826.72208553849,45,-433.299416539412,45,-2675.32682498988,45,827.674748846692
15,8,50,3440.90285305582,50,-418.490068507626,50,-2863.37700993686,50,1187.25453976263
15,8,55,3027.85702908125,55,-334.684942491057,55,-2967.63940323774,55,1523.72618515703
15,8,60,2605.09979159757,60,-190.128200018404,60,-2986.07307306102,60,1822.6920786452
15,8,65,2190.30115911767,65,3.69970026499497,65,-2920.74323939898,65,2073.04394813688
15,8,70,1800.29292347902,70,233.163517230167,70,-2777.77916119993,70,2267.70668489891
15,8,75,1450.11012325887,75,483.725984979234,75,-2567.07800052148,75,2404.00766671788
15,8,80,1152.12986181258,80,741.247587589337,80,-2301.76884095349,80,2483.63108542467
15,8,85,915.364884606995,85,993.201482842952,85,-1997.46776778177,85,2512.16045517055
15,8,90,744.960133939144,90,1229.67885142143,90,-1671.36988574885,90,2498.25761459588
20,8,0,4617.00250561681,0,2884.01569631632,0,1424.7703484472,0,-1116.07898117086
20,8,5,5045.07944289438,5,2441.68556199171,5,973.436655132913,5,-1265.21300675381
20,8,10,5388.79138038758,10,1952.38842212938,10,467.811297143266,10,-1310.20960473768
20,8,15,5633.0482789183,15,1442.80946276541,15,-76.7600084383999,15,-1243.62284912534
20,8,20,5766.59793425277,20,941.86218656976,20,-641.321740529636,20,-1064.98656354965
20,8,25,5783.00117775227,25,478.582144944161,25,-1204.15893590191,25,-781.323362163628
20,8,30,5681.33923703098,30,79.8830888836601,30,-1741.94269201937,30,-407.024300833688
20,8,35,5466.57369875116,35,-231.610634751362,35,-2231.09925361447,35,36.9403621387056
20,8,40,5149.50957330739,40,-439.436807809012,40,-2649.30117423354,40,524.450095605436
20,8,45,4746.34882610119,45,-534.674205644314,45,-2976.96071974707,45,1026.20395701978
20,8,50,4277.85940626586,50,-516.670758822057,50,-3198.60190390238,50,1512.06931006347
20,8,55,3768.2175429258,55,-393.024641449348,55,-3303.99801772531,55,1953.5967209846
20,8,60,3243.60507357572,60,-178.795154225874,60,-3288.98309282798,60,2326.45632253826
20,8,65,2730.65775278716,65,105.000295731635,65,-3155.8737942643,65,2612.54260997243
20,8,70,2254.86622745198,70,433.468659348303,70,-2913.46837648595,70,2801.51389053656
20,8,75,1839.03116436652,75,780.300129439543,75,-2576.61868545115,75,2891.58095685919
20,8,80,1501.86995074825,80,1120.35017089637,80,-2165.39871013423,80,2889.43483795589
20,8,85,1256.86504817485,85,1432.06757942588,85,-1703.91897342914,85,2809.29894757965
20,8,90,1111.43254426024,90,1699.49984282797,90,-1218.86015506543,90,2671.1952930811
25,8,0,4803.39275007416,0,3893.24706344551,0,1870.6023734733,0,-1291.55191624961
25,8,5,5425.72317448156,5,3332.27111022091,5,1411.95227978361,5,-1553.84109431673
25,8,10,5949.40782448008,10,2685.96366299652,10,871.002558307753,10,-1678.74732237512
25,8,15,6350.89582998382,15,1992.33203085274,15,265.065028113951,15,-1651.15405879006
25,8,20,6611.66977024571,20,1294.20251248052,20,-382.658243853778,20,-1466.26123326687
25,8,25,6719.87282809595,25,635.850645435212,25,-1044.08899479183,25,-1130.83715792767
25,8,30,6671.52611939659,30,59.2832844204175,30,-1687.83976663493,30,-663.43527571486
25,8,35,6471.1858023209,35,-399.443734063119,35,-2281.22666927089,35,-93.4726529531956
25,8,40,6131.95222274929,40,-713.477252774167,40,-2792.55045337908,40,540.811747973983
25,8,45,5674.82116012464,45,-867.62977748193,45,-3193.42575626554,45,1195.38061660793
25,8,50,5127.44270697333,50,-859.772954285452,50,-3460.93256890818,50,1824.15556681538
25,8,55,4522.41000059736,55,-700.986373439405,55,-3579.39353372984,55,2383.16785219829
25,8,60,3895.22875422345,60,-414.409450744889,60,-3541.63408325028,60,2834.6943069282
25,8,65,3282.12070770448,65,-32.8749128184834,65,-3349.64321620366,65,3150.93568780783
25,8,70,2717.80008746429,70,404.467557110422,70,-3014.60666229593,70,3316.80455223062
25,8,75,2233.3453150061,75,856.209836018865,75,-2556.32479949856,75,3331.45431744219
25,8,80,1854.27788271706,80,1283.00356476329,80,-2002.05714141808,80,3208.30365134752
25,8,85,1598.9574874431,85,1651.66103472778,85,-1384.86073128299,85,2973.48305765822
25,8,90,1477.40029444742,90,1938.56243520192,90,-741.51784417823,90,2662.83273639662
30,8,0,4835.00549369744,0,4861.41387201596,0,2304.44225099851,0,-1409.89413589009
30,8,5,5660.47837516811,5,4190.75231023608,5,1869.02298498602,5,-1809.50581429565
30,8,10,6374.73843233664,10,3384.5026963135,10,1320.72039416332,10,-2041.26117692317
30,8,15,6944.53601211324,15,2492.61298336667,15,676.887557547837,15,-2078.99201714136
30,8,20,7342.94688575395,20,1573.67460751147,20,-36.3720617315648,20,-1910.47869131886
30,8,25,7551.84368244822,25,689.981780166992,25,-785.230910234616,25,-1539.84951994177
30,8,30,7563.75335742733,30,-98.09379101826,30,-1530.1219923072,30,-988.423779701616
30,8,35,7382.83938380232,35,-737.769661809994,35,-2228.53439505173,35,-293.811922617129
30,8,40,7024.87073744008,40,-1188.90463875781,40,-2838.32081727997,40,492.718565574271
30,8,45,6516.19511759274,45,-1427.86068509142,45,-3321.12409174804,45,1310.42562197535
30,8,50,5891.87868657455,50,-1449.74663842495,50,-3645.52030614636,50,2094.48435651394
30,8,55,5193.26736940457,55,-1268.7956012425,55,-3789.55046526866,55,2782.11644178852
30,8,60,4465.24357029187,60,-916.814655279883,60,-3742.43955751673,60,3318.87081914992
30,8,65,3753.40623285632,65,-439.826918327828,65,-3505.4339587234,65,3664.38399776605
30,8,70,3101.32735911487,70,106.799926960471,70,-3091.78448166164,70,3796.91888545174
30,8,75,2547.97769479534,75,664.27905575302,75,-2525.94757508781,75,3716.0401925898
30,8,80,2125.39585209577,80,1176.77871812686,80,-1842.08458861927,80,3442.95353518409
30,8,85,1856.69734635449,85,1597.53906146019,85,-1081.93814981337,85,3018.31070482849
30,8,90,1754.55655090421,90,1894.0009612953,90,-292.181390546705,90,2497.63072386861
35,8,0,4739.71025163028,0,5752.77341715613,0,2701.53452422576,0,-1448.1686703392
35,8,5,5764.27508231773,5,4989.14619285166,5,2319.09688918651,5,-2005.5749770498
35,8,10,6665.68176854834,10,4029.76771512922,10,1792.02608243505,10,-2370.13521437603
35,8,15,7400.11448503716,15,2936.28921103758,15,1135.40116782184,15,-2501.2159962935
35,8,20,7931.60125397233,20,1784.12172753031,20,376.50617923675,20,-2375.89119245669
35,8,25,8235.51736772486,25,655.620728079509,25,-445.995347619985,25,-1992.90869618589
35,8,30,8301.17398047789,30,-367.912172933037,30,-1284.43643123926,30,-1374.43222431181
35,8,35,8133.07721736796,35,-1214.37492047215,35,-2085.89122292921,35,-565.296369556854
35,8,40,7750.66406212043,40,-1828.11591921718,40,-2796.81339036721,40,370.188283955014
35,8,45,7186.60336119447,45,-2175.42267292387,45,-3367.89875728897,45,1353.61500753543
35,8,50,6484.00855604334,50,-2247.66664781996,50,-3758.47736055344,50,2299.61486322407
35,8,55,5693.05309137763,55,-2061.83461218468,55,-3939.89577842305,55,3124.16716017763
35,8,60,4867.46066975028,60,-1658.45078082608,60,-3897.62210722803,60,3753.34622853348
35,8,65,4061.18564062819,65,-1097.11052958513,65,-3632.07935119899,65,4131.5945314695
35,8,70,3325.39525842145,70,-450.025282323668,70,-3158.38575887793,70,4228.49380435263
35,8,75,2705.72303019298,75,205.847205970447,75,-2505.21594049223,75,4043.01998465742
35,8,80,2239.74362700879,80,797.329980236815,80,-1712.9348716563,80,3604.47442398463
35,8,85,1954.71107278947,85,1263.29164807005,85,-831.080139480668,85,2969.68865789133
35,8,90,1865.72933924797,90,1561.64948115383,90,84.7547501732673,90,2216.64450817546
40,8,0,4560.71752546409,0,6536.79566001781,0,3051.0093995549,0,-1397.05611928242
40,8,5,5769.90644805367,5,5701.63377765119,5,2746.97554197994,5,-2127.28946084893
40,8,10,6842.80692928784,10,4604.16249510081,10,2266.40908660606,10,-2646.865097891
40,8,15,7724.60016957832,15,3316.73338030458,15,1619.79316128656,15,-2897.52267800339
40,8,20,8370.28889693962,20,1931.78667974249,20,833.824697074825,20,-2842.52199661724
40,8,25,8749.35906083376,25,552.886030238011,25,-48.9786900514257,25,-2472.56702143132
40,8,30,8849.08475587372,30,-716.128067844607,30,-972.998498155896,30,-1808.63821770929
40,8,35,8675.88993688822,35,-1782.26725367012,35,-1874.37390432031,35,-901.44580052934
40,8,40,8254.53408273904,40,-2573.20744020406,40,-2687.30992416209,40,172.338550603558
40,8,45,7625.34462995873,45,-3044.51997734441,45,-3350.77352913694,45,1316.65987074003
40,8,50,6840.13597651652,50,-3183.58949379599,50,-3814.43557124897,50,2424.94507113827
40,8,55,5957.66449576461,55,-3010.0298459995,55,-4042.98808940258,55,3390.63134310403
40,8,60,5039.37093392997,60,-2572.81712774916,60,-4018.4822872525,60,4118.53334349545
40,8,65,4145.80597424074,65,-1944.58167085578,65,-3740.85645487088,65,4535.92425908936
40,8,70,3333.7138633194,70,-1213.6015389344,70,-3227.12829053638,70,4601.92719922509
40,8,75,2653.48573307753,75,-474.136740301496,75,-2509.72916225312,75,4313.72990281409
40,8,80,2146.7046564058,80,184.078703447084,80,-1634.25264398367,80,3708.37344643754
40,8,85,1843.73637249822,85,686.127567941044,85,-656.661866585536,85,2859.43593922393
40,8,90,1761.60538347856,90,980.735384317058,90,360.100399019016,90,1868.72843658097
45,8,0,4349.80107575512,0,7190.59369739126,0,3353.02186308706,0,-1262.15711434065
45,8,5,5721.38852821618,5,6305.81422882885,5,3145.43669009413,5,-2173.75763058296
45,8,10,6940.14329637075,10,5090.57915770493,10,2729.94901434853,10,-2864.53214389806
45,8,15,7940.34999519625,15,3626.38206184987,15,2110.58774762732,15,-3255.97293424761
45,8,20,8668.86819621121,20,2022.03447777606,20,1312.01367494549,20,-3294.96117219245
45,8,25,9090.94085514533,25,402.367946578002,25,379.744553862061,25,-2961.96309979538
45,8,30,9194.01348700396,30,-1105.85895306347,30,-622.836123089941,30,-2275.02548856125
45,8,35,8988.8441134929,35,-2388.51787207912,35,-1620.5571499685,35,-1289.34799703833
45,8,40,8507.69322443812,40,-3356.77773800321,40,-2534.73315062709,40,-92.8560731066534
45,8,45,7800.03690967107,45,-3956.07837259972,45,-3292.08916119556,45,1201.56279664709
45,8,50,6926.84795240355,50,-4170.51693436756,50,-3832.57232795494,50,2466.54451381037
45,8,55,5954.76358590551,55,-4022.67963118829,55,-4114.68558044337,55,3572.87815324266
45,8,60,4951.22428366675,60,-3569.57842013406,60,-4117.85412493732,60,4403.48109521638
45,8,65,3981.01217613078,65,-2895.54944104212,65,-3842.25886607537,65,4867.42598325298
45,8,70,3103.89163672512,70,-2102.85816395236,70,-3307.09151361001,70,4912.19589450582
45,8,75,2372.65579285278,75,-1300.62316388093,75,-2548.13011687583,75,4532.10938285312
45,8,80,1830.9866697571,80,-592.765853097375,80,-1615.08550996617,80,3771.13790018663
45,8,85,1511.00030623568,85,-66.0464750566522,85,-568.693188416408,85,2719.12974252468
45,8,90,1430.84864149921,90,220.359624369526,90,522.698612547067,90,1501.55467483841
50,8,0,4158.69529938228,0,7698.58336833337,0,3614.18980189119,0,-1062.03873868353
50,8,5,5664.95780351863,5,6782.48021610951,5,3511.75435772694,5,-2156.55838760568
50,8,10,6996.27029848066,10,5471.89724624203,10,3171.07041632428,10,-3027.067745676
50,8,15,8076.79676847257,15,3855.63680561144,15,2588.71477920816,15,-3573.03128413454
50,8,20,8847.12363293881,20,2057.33362386698,20,1786.46732172488,20,-3723.22478689886
50,8,25,9271.01417776765,25,221.822256421521,25,812.238717025624,25,-3446.40750379204
50,8,30,9339.30463962474,30,-1502.38213198265,30,-263.094474591308,30,-2756.44322340935
50,8,35,9070.19956472498,35,-2981.32983456178,35,-1352.97694518646,35,-1711.8182198907
50,8,40,8505.90270520448,40,-4111.32175628872,40,-2365.57764837964,40,-410.415078302695
50,8,45,7706.36471427404,45,-4829.51636673839,45,-3215.25297562929,45,1019.41816992923
50,8,50,6741.69900861963,50,-5118.35257647459,50,-3832.52317397695,50,2430.79563103106
50,8,55,5685.11619848964,55,-5004.18555313887,55,-4170.5074913639,55,3672.79957912369
50,8,60,4607.77755651199,60,-4551.51998990988,60,-4207.10927147252,60,4606.92277039905
50,8,65,3575.91449044623,65,-3854.37479073297,65,-3943.74010942001,65,5124.03633138236
50,8,70,2649.47826141553,70,-3025.80646609923,70,-3402.21864276473,70,5159.58819903999
50,8,75,1881.09245693079,75,-2186.03375003678,75,-2621.34141173941,75,4704.3108459851
50,8,80,1314.38690673335,80,-1449.50662910737,80,-1653.81787697372,80,3808.08614316282
50,8,85,981.574200992581,85,-911.782752622956,85,-563.427569483196,85,2575.70839579362
50,8,90,900.848112583774,90,-637.827320504112,90,578.136318349843,90,1154.73207243961
55,8,0,4030.74625345672,0,8050.76263562225,0,3843.22742732946,0,-823.740795613865
55,8,5,5640.09676216303,5,7115.22628453442,5,3844.85300059883,5,-2095.77240480586
55,8,10,7045.31398938193,10,5731.28930388023,10,3579.3566977824,10,-3146.15119093583
55,8,15,8161.97029321988,15,3993.23479084438,15,3035.88949949846,15,-3851.62993649112
55,8,20,8927.19686456563,20,2037.09390104704,20,2233.22272638297,20,-4122.16160499882
55,8,25,9307.0063164527,25,24.9256735674354,25,1221.33994889341,25,-3914.1249523414
55,8,30,9299.620041194,30,-1875.95298823622,30,78.2061354214725,30,-3236.47985471181
55,8,35,8934.20103014123,35,-3514.83793972212,35,-1098.5899679702,35,-2150.04332404547
55,8,40,8265.27018422631,40,-4776.29026888813,40,-2204.3483398269,40,-761.322852846393
55,8,45,7364.09437366112,45,-5592.15948704484,45,-3141.41012406769,45,787.555540967234
55,8,50,6309.19902778879,50,-5945.55568828625,50,-3831.51271942943,50,2332.01497473245
55,8,55,5178.37376257413,55,-5867.63976677985,55,-4223.41132324887,55,3701.13888851073
55,8,60,4043.75722650907,60,-5429.63923856295,60,-4294.717286867,60,4736.36673733673
55,8,65,2970.06207262986,65,-4732.60184942275,65,-4049.14759911011,65,5311.2865626105
55,8,70,2014.5884167172,70,-3896.28619972793,70,-3511.68195997988,70,5349.69860750767
55,8,75,1227.22160737238,75,-3047.27788639966,75,-2723.89940901069,75,4838.49170404607
55,8,80,649.269180151368,80,-2305.98988222414,80,-1740.49684469263,80,3832.41253352399
55,8,85,311.141882062795,85,-1772.97480424739,85,-626.688834098908,85,2449.29868560307
55,8,90,229.727903625183,90,-1516.29436640682,90,544.424186554704,90,856.155901392592
60,8,0,3994.83076984258,0,8241.16492810333,0,4048.01337397688,0,-577.192747379724
60,8,5,5672.87425059586,5,7290.88731363177,5,4143.93357846228,5,-2014.96702226775
60,8,10,7110.20243617973,10,5853.84018755443,10,3945.77831542112,10,-3237.18614830037
60,8,15,8216.08609347912,15,4028.17154518622,15,3436.19750572386,15,-4098.43066494927
60,8,20,8927.74115551899,20,1959.10201850613,20,2631.47042269875,20,-4490.13913835247
60,8,25,9217.73722134825,25,-178.386888971317,25,1583.61648930804,25,-4356.34998613295
60,8,30,9096.00417154228,30,-2202.98346564218,30,377.174158716018,30,-3700.8212081409
60,8,35,8606.15153622744,35,-3952.05461928037,35,-880.012856905439,35,-2585.95380231687
60,8,40,7816.97073884786,40,-5302.91585711643,40,-2071.22218532021,40,-1125.59832763984
60,8,45,6811.15255037567,45,-6185.92674839677,45,-3087.63873883618,45,526.125035104263
60,8,50,5674.07763753019,50,-6587.53964594306,50,-3843.16027747307,50,2189.05240233227
60,8,55,4485.46705786722,55,-6544.68540642756,55,-4283.27010486247,55,3674.43261691268
60,8,60,3315.39616930005,60,-6134.17332253062,60,-4386.44896709507,60,4805.63475204891
60,8,65,2224.14628294457,65,-5460.87269258028,65,-4159.70763166138,65,5440.56577678149
60,8,70,1263.76493351034,70,-4646.52620783277,70,-3631.711141899,70,5492.38554128783
60,8,75,479.026894983304,75,-3818.73431011722,75,-2846.6896325583,75,4944.28230864842
60,8,80,-93.3290042492701,80,-3098.75606531227,80,-1860.52672982558,80,3854.88467451861
60,8,85,-426.71821953684,85,-2587.88158282505,85,-738.546679870796,85,2352.86531415023
60,8,90,-507.04611816047,90,-2354.22518933775,90,446.365734689759,90,621.446442194132
65,8,0,4062.71175856466,0,8267.33209659457,0,4234.40519126876,0,-350.144708973822
65,8,5,5772.92937002552,5,7300.95755894118,5,4408.41619930487,5,-1936.68413914379
65,8,10,7199.48957152573,10,5829.14589868692,10,4263.71540191769,10,-3315.69963326139
65,8,15,8248.34986856755,15,3952.58450383164,15,3777.94053642824,15,-4321.29476867643
65,8,20,8860.73591378824,20,1821.89237385938,20,2965.84653349777,20,-4827.60511718558
65,8,25,9020.13712799443,25,-380.618499150137,25,1881.71700604555,25,-4766.93414885051
65,8,30,8752.26759314878,30,-2466.08403779354,30,616.135839901686,30,-4137.83916146131
65,8,35,8118.14527995472,35,-4266.31394471742,35,-713.890233571213,35,-3003.71823848084
65,8,40,7202.02198917485,40,-5656.97089915444,40,-1980.95991174061,40,-1484.58556185735
65,8,45,6097.23621552072,45,-6571.23184381343,45,-3066.41987085841,45,255.18271632355
65,8,50,4893.67033917662,50,-7001.50391013333,50,-3877.49510491646,50,2021.99941579731
65,8,55,3669.83954869461,55,-6991.0637150824,55,-4357.424986087,55,3611.64810395234
65,8,60,2490.64047052812,60,-6620.6841796666,60,-4486.47956519418,60,4831.75106829738
65,8,65,1409.2797041479,65,-5995.43658718351,65,-4275.71779242352,65,5526.54478056227
65,8,70,470.36481070159,70,-5234.01138599072,70,-3757.93362618973,70,5599.92960981122
65,8,75,-288.452368360803,75,-4459.39825562181,75,-2980.00078192027,75,5031.78101242283
65,8,80,-837.033691664921,80,-3788.3123577246,80,-1998.48918811141,80,3883.70184554328
65,8,85,-1154.54258401437,85,-3318.26569103308,85,-877.918063983723,85,2292.92621053678
65,8,90,-1231.07915660197,90,-3114.19641674102,90,310.220772901811,90,455.52207506302
70,8,0,4229.80817015744,0,8130.72203325667,0,4406.33503838181,0,-164.760680219459
70,8,5,5934.12545591908,5,7143.38012622472,5,4638.43912566693,5,-1879.41887501844
70,8,10,7307.78285323024,10,5653.9814019157,10,4529.79433596414,10,-3394.91288852114
70,8,15,8256.99775779499,15,3764.64441296172,15,4054.69856973365,15,-4527.47117305183
70,8,20,8730.97185231124,20,1627.25113280046,20,3227.58021853129,20,-5135.84044606375
70,8,25,8728.00906222637,25,-575.008458305916,25,2105.44925815057,25,-5141.63605989507
70,8,30,8292.84234060838,30,-2653.32056597137,30,784.501985402673,30,-4538.45915988688
70,8,35,7505.81612923085,35,-4441.41293951334,35,-610.339313159885,35,-3390.27143101945
70,8,40,6466.75728546546,40,-5819.57374549102,40,-1942.69848178089,40,-1822.20473126962
70,8,45,5277.94428898418,45,-6728.1862591795,45,-3085.76200715164,45,-7.26430413005952
70,8,50,4030.7856263999,50,-7167.79614912606,50,-3941.38039858901,50,1849.65895954924
70,8,55,2799.24219409285,55,-7187.97467278478,55,-4451.39666245572,55,3531.30629856818
70,8,60,1640.09446354309,60,-6871.34872713644,60,-4598.41444181111,60,4832.00948581088
70,8,65,597.25974766917,65,-6319.37406345724,65,-4397.94781928565,65,5584.49848965341
70,8,70,-293.771390083654,70,-5642.67480846855,70,-3887.22781047747,70,5684.91229279587
70,8,75,-1003.99614439661,75,-4954.05467166157,75,-3115.90258687346,75,5110.26913714533
70,8,80,-1511.46610344404,80,-4360.24087094784,80,-2141.09275765913,80,3924.30262959129
70,8,85,-1802.59973008135,85,-3950.31952722533,85,-1026.08883042017,85,2270.67101333628
70,8,90,-1872.71656262616,90,-3782.7513973013,90,159.678456047079,90,355.172289972208
75,8,0,4478.40080670987,0,7837.41267511991,0,4566.37743520845,0,-36.227889049404
75,8,5,6137.86261975644,5,6823.84685981729,5,4835.11303441292,5,-1856.28622430054
75,8,10,7418.82977998163,10,5334.05756169377,10,4743.82769804215,10,-3484.5412700452
75,8,15,8231.77891083765,15,3470.50109134108,15,4265.0549219565,15,-4722.51480288767
75,8,20,8537.60570093924,20,1382.04611321763,20,3414.13670880829,20,-5415.98041805062
75,8,25,8352.42945497052,25,-754.045690603708,25,2251.43061280193,25,-5477.2976374997
75,8,30,7741.88992731375,30,-2757.13014250843,30,878.442904319218,30,-4895.62188746296
75,8,35,6806.08177807968,35,-4470.79742103789,35,-573.275562259765,35,-3735.22526305702
75,8,40,5659.20926581551,40,-5786.3797880466,40,-1960.29217628777,40,-2125.44299203359
75,8,45,4409.90753214404,45,-6655.51110077808,45,-3149.53977583067,45,-246.37628559814
75,8,50,3147.80132910868,50,-7088.34711095977,50,-4038.82347141613,50,1687.85212685065
75,8,55,1939.08874623947,55,-7139.97114596906,55,-4569.17593724804,55,3449.35576063452
75,8,60,829.924509617931,60,-6892.35655859104,60,-4725.62677980447,60,4821.62446902793
75,8,65,-146.75395862754,65,-6439.58304776668,65,-4528.13625674307,65,5627.9942141798
75,8,70,-965.720104910679,70,-5879.5406896573,70,-4018.50175836489,70,5758.24502225766
75,8,75,-1607.58099994362,75,-5309.61657410529,75,-3249.40772777256,75,5186.92423511136
75,8,80,-2059.50849962629,80,-4821.26385020681,80,-2278.7728137475,80,3979.12416651313
75,8,85,-2315.96109497139,85,-4490.50313870708,85,-1168.74313462604,85,2283.09001615365
75,8,90,-2377.86395660093,90,-4366.06114425982,90,13.4788331476921,90,311.755637492666
80,8,0,4781.92467053623,0,7398.47015287638,0,4716.11153261238,0,27.0029403078202
80,8,5,6357.62429201681,5,6356.02207352159,5,5000.12036666932,5,-1874.94554868229
80,8,10,7509.90969012173,10,4884.26631322575,10,4907.74080151965,10,-3590.4224395246
80,8,15,8157.72252871057,15,3084.65359475792,15,4411.10335239324,15,-4909.66773282879
80,8,20,8276.87892144758,20,1098.74477691707,20,3527.60473892643,20,-5668.24824796902
80,8,25,7903.12191948922,25,-908.811433472888,25,2321.58661671978,25,-5771.07639958961
80,8,30,7123.19738105655,30,-2773.47540902617,30,899.611959407864,30,-5203.68145718443
80,8,35,6055.59345956136,35,-4356.36380765513,35,-601.434848892798,35,-4030.58356472258
80,8,40,4826.28882740233,40,-5565.78160993936,40,-2033.0687095808,40,-2384.49048827021
80,8,45,3546.98278923473,45,-6367.90831846619,45,-3257.95296726855,45,-451.08465830625
80,8,50,2302.22122735814,50,-6783.11555470528,50,-4171.10785833863,50,1548.35475970969
80,8,55,1147.72431141215,55,-6870.53908968775,55,-4713.04975712613,55,3377.70933528969
80,8,60,117.145244683251,60,-6708.7789896444,60,-4870.87695491011,60,4811.98568746516
80,8,65,-768.689651382799,65,-6381.07938956016,65,-4668.56352504675,65,5667.05458711535
80,8,70,-1495.46888683752,70,-5968.53274649676,70,-4152.39360746213,70,5827.51370373207
80,8,75,-2053.78074904455,75,-5548.4797928736,75,-3378.43813939925,75,5265.69052731182
80,8,80,-2440.05393047392,80,-5192.22043763161,80,-2405.99544469789,80,4047.36733326926
80,8,85,-2656.65616585265,85,-4958.30256357915,85,-1296.59795572166,85,2323.94566671001
80,8,90,-2709.72719282456,90,-4882.67793490261,90,-115.475545635918,90,313.536911789713
85,8,0,5109.19546599027,0,6829.70500055564,0,4856.02150724479,0,22.1159566516563
85,8,5,6563.52147860692,5,5760.60781904882,5,5134.77243297526,5,-1938.1165744684
85,8,10,7556.31107461556,10,4327.37151217018,10,5023.91860009349,10,-3714.47919029315
85,8,15,8019.08370131946,15,2628.61734627603,15,4496.35628854937,15,-5089.41959072078
85,8,20,7945.07135296849,20,794.354773956975,20,3572.47044261631,20,-5891.32097543491
85,8,25,7390.07024108019,25,-1029.54202961313,25,2321.03690143297,25,-6019.81268324128
85,8,30,6460.31146093361,30,-2701.72021630155,30,853.296167977803,30,-5457.9149628156
85,8,35,5289.50511652582,35,-4107.44785447709,35,-689.875996560165,35,-4270.47492662694
85,8,40,4011.51442215917,40,-5176.8180466378,40,-2156.92586562021,40,-2592.73885962242
85,8,45,2737.37428067214,45,-5892.77879054762,45,-3408.15663818217,45,-614.387755768219
85,8,50,1543.61107049712,50,-6285.65295515308,50,-4336.91500813297,50,1438.27183873064
85,8,55,473.519124526143,55,-6416.68642535995,55,-4883.23547086347,55,3323.27164267879
85,8,60,-452.868225898421,60,-6358.40961192892,60,-5035.56826406313,60,4809.37850633634
85,8,65,-1227.41649357873,65,-6180.26393735528,65,-4821.10663828551,65,5706.71036561138
85,8,70,-1846.94068966675,70,-5943.25432583234,70,-4290.31818619683,70,5895.61550358692
85,8,75,-2311.82383545259,75,-5700.86575113626,75,-3503.01543583728,75,5346.32814815505
85,8,80,-2627.09048567174,80,-5500.07115651831,80,-2520.66871571788,80,4124.78525175968
85,8,85,-2801.96924118328,85,-5378.09031470778,85,-1405.03544116587,85,2384.5325841332
85,8,90,-2846.68789019195,90,-5355.50575356879,90,-219.922380848807,90,347.485743081376
90,8,0,5427.90467134454,0,6150.92064877549,0,4985.10527429261,0,-49.302761915505
90,8,5,6726.09729529293,5,5063.58120069017,5,5239.00555858138,5,-2044.16586632991
90,8,10,7535.10740742432,10,3691.55885649379,10,5093.67849789075,10,-3854.72425279178
90,8,15,7802.67615104239,15,2128.24083777858,15,4523.85020114292,15,-5259.13610077647
90,8,20,7540.95656097333,20,487.989901193951,20,3553.53627903299,20,-6081.81857963605
90,8,25,6824.75997247243,25,-1107.38240669499,25,2256.0060953744,25,-6219.55252100721
90,8,30,5776.46126904357,30,-2545.36355355441,30,746.480690228056,30,-5654.15631119387
90,8,35,4540.26635270192,35,-3740.31016061449,35,-831.623764997456,35,-4450.90924077054
90,8,40,3253.09753669704,40,-4647.30887012605,40,-2325.56769458408,40,-2746.66402169462
90,8,45,2021.5087812095,45,-5267.04512353601,45,-3595.00594996876,45,-733.397560974265
90,8,50,911.679737877677,50,-5638.78379939421,50,-4532.53697291256,50,1359.75175949754
90,8,55,-46.5720055819158,55,-5823.72557714746,55,-5077.58420000944,55,3287.34100319843
90,8,60,-847.172288600389,60,-5885.88766237732,60,-5219.03659079218,60,4814.06530541081
90,8,65,-1494.74145151509,65,-5878.55857482214,65,-4986.26518905879,65,5745.87159122709
90,8,70,-1997.04499615396,70,-5840.23873941194,70,-4433.38893968845,70,5959.65458046219
90,8,75,-2363.59877117415,75,-5797.76399073105,75,-3624.19956642969,75,5423.63365334678
90,8,80,-2606.70820167811,80,-5770.6408497393,80,-2623.15588469896,80,4203.49428071859
90,8,85,-2740.70271721617,85,-5771.82792910262,85,-1493.19735631171,85,2454.2206370924
90,8,90,-2778.25655953083,90,-5804.64585124617,90,-297.406649930268,90,400.534414930818
95,8,0,5707.19126702384,0,5384.96022105384,0,5100.5759092894,0,-182.218912395273
95,8,5,6819.14058308594,5,4294.10459870576,5,5310.86522530454,5,-2187.58532586429
95,8,10,7427.8932021928,10,3007.47698901032,10,5116.51314017959,10,-4005.32686200621
95,8,15,7500.17417495172,15,1610.33971606822,15,4495.11775160119,15,-5412.87715498187
95,8,20,7067.32170394946,20,197.670689581374,20,3474.63028355464,20,-6234.03649235328
95,8,25,6220.67959716175,25,-1136.85352294324,25,2132.35321982943,25,-6365.28498582624
95,8,30,5094.02924714245,30,-2313.3408396364,30,586.354627689339,30,-5788.55101946067
95,8,35,3836.31729214294,35,-3278.05288793371,35,-1019.00402115953,35,-4569.53350502228
95,8,40,2582.29745797869,40,-4012.39833458672,40,-2531.53118631642,40,-2845.59414982768
95,8,45,1430.50129727722,45,-4534.50563285608,45,-3811.69190525552,45,-809.183630712682
95,8,50,435.178912626339,50,-4891.02906952805,50,-4752.1039404764,50,1309.96729423335
95,8,55,-387.513864815154,55,-5141.01319154984,55,-5291.43018795191,55,3265.32770378157
95,8,60,-1045.09237162013,60,-5337.94468574541,60,-5418.0844547897,60,4819.7212637922
95,8,65,-1554.5155315687,65,-5517.29810643137,65,-5162.46301868079,65,5776.56861624586
95,8,70,-1933.97294846253,70,-5693.59857846482,70,-4581.56877002331,70,6010.1790645232
95,8,75,-2201.09997050839,75,-5865.4446690225,75,-3743.14477527441,75,5486.90673636403
95,8,80,-2373.7801134385,80,-6023.09423562771,80,-2715.26033176854,80,4271.85703094869
95,8,85,-2469.33934577694,85,-6153.5883640534,85,-1562.91192153653,85,2520.82463492134
95,8,90,-2501.08605401508,90,-6242.02559335561,90,-349.184359910912,90,460.380470712499
100,8,0,5919.39266370024,0,4556.8579155569,0,5197.98085544831,0,-368.782759820794
100,8,5,6821.5502328161,5,3482.57273840521,5,5346.8087091128,5,-2359.49621701184
100,8,10,7222.43475560218,10,2305.41487995394,10,5090.42845512047,10,-4156.99426932974
100,8,15,7109.25624861885,15,1099.44381725804,15,4410.36241342202,15,-5541.6860645781
100,8,20,6531.39452966252,20,-62.779538989737,20,3338.47617167994,20,-6340.15473465475
100,8,25,5592.96737644884,25,-1118.22459144167,25,1955.13347069157,25,-6451.05065444612
100,8,30,4433.54067526439,30,-2021.24412793974,30,379.695286450891,30,-5857.53363647205
100,8,35,3200.70716134263,35,-2750.54295506466,35,-1244.25202982823,35,-4625.47697408561
100,8,40,2022.02378851237,40,-3313.30659014919,40,-2766.64526665505,40,-2891.47099012459
100,8,45,985.042574438336,45,-3743.69279930107,45,-4049.99864693437,45,-846.534482566703
100,8,50,131.246191336802,50,-4093.85569872679,50,-4987.65418559775,50,1281.27009012788
100,8,55,-536.34351681205,55,-4418.79149157949,55,-5517.50220445457,55,3246.77258654082
100,8,60,-1037.87855126586,60,-4759.96079096719,60,-5626.74477791454,60,4813.31520515501
100,8,65,-1401.797059047,65,-5134.10224468395,65,-5345.65773084371,65,5783.74715000476
100,8,70,-1655.86497181157,70,-5531.3287874493,70,-4733.11357872317,70,6030.9847164
100,8,75,-1824.62600077033,75,-5921.80715698928,75,-3860.36802201738,75,5519.86886878872
100,8,80,-1929.78620548202,80,-6266.39859778079,80,-2799.32005313671,80,4314.59224255732
100,8,85,-1989.66196581501,85,-6526.12733160468,85,-1617.64195229004,85,2570.92158646632
100,8,90,-2016.59794071572,90,-6668.01308668881,90,-379.093773148931,90,515.970468854849
105,8,0,6041.18499659752,0,3693.27585093228,0,5271.81069152832,0,-598.832722116439
105,8,5,6718.38889129676,5,2659.12621496373,5,5342.77424589993,5,-2548.43238154992
105,8,10,6913.31736992395,10,1613.16547754851,10,5013.25794499083,10,-4297.94805659863
105,8,15,6633.64436717346,15,615.437053521175,15,4269.73704997978,15,-5634.61699788644
105,8,20,5944.24318932126,20,-285.806565826805,20,3147.71986324849,20,-6391.15662173946
105,8,25,4957.30922559875,25,-1058.82782755156,25,1729.30542799101,25,-6470.62452890459
105,8,30,3812.30753699407,30,-1691.59881785674,30,133.329144498854,30,-5858.22048560332
105,8,35,2649.74928234764,35,-2193.63727482129,35,-1499.17075815255,35,-4619.47947738454
105,8,40,1585.70125908121,40,-2595.7162041161,40,-3021.72301309112,40,-2888.78832344113
105,8,45,694.568251893957,45,-2945.72311496533,45,-4300.02146470698,45,-853.777050658477
105,8,50,4.88356407223838,50,-3299.24230181968,50,-5228.90823719206,50,1261.462418809
105,8,55,-492.424891633487,55,-3705.61966818195,55,-5745.75667229431,55,3215.72512010255
105,8,60,-828.747995208907,60,-4193.350094954,60,-5836.11557614689,60,4775.61687106695
105,8,65,-1042.73942684695,65,-4760.31020778434,65,-5529.08053321842,65,5745.8963447367
105,8,70,-1170.61111629485,70,-5372.9113121939,70,-4884.12940391824,70,5999.81124233867
105,8,75,-1242.57242144999,75,-5974.25506049249,75,-3975.08032416948,75,5501.34915924917
105,8,80,-1282.67732179792,80,-6497.48346995595,80,-2877.32556034907,80,4313.37633589872
105,8,85,-1308.74082883147,85,-6879.22970871365,85,-1661.45055248028,85,2590.32196717493
105,8,90,-1331.09824073718,90,-7069.77476791517,90,-392.464791883751,90,557.830153195204
110,8,0,6054.32543589278,0,2822.23507732343,0,5316.37051162196,0,-860.485143878846
110,8,5,6501.27362956948,5,1852.80027901316,5,5295.58249560682,5,-2741.53824744771
110,8,10,6501.73500926631,10,954.969398170556,10,4884.41273601373,10,-4415.56250928721
110,8,15,6082.23700235372,15,172.719485720161,15,4075.20505111895,15,-5680.53594828812
110,8,20,5319.41524036241,20,-470.359651411707,20,2906.70556376154,20,-6378.5048255912
110,8,25,4328.39268814347,25,-972.436950265562,25,1461.32248357865,25,-6418.8645779557
110,8,30,3243.01054262286,30,-1352.33326426805,30,-144.475396029253,30,-5789.35314740242
110,8,35,2191.9173663618,35,-1646.88729281353,35,-1773.92115947588,35,-4554.45028972827
110,8,40,1276.49544515054,40,-1906.97407354785,40,-3285.54114098569,40,-2844.81551145941
110,8,45,556.710944456077,45,-2191.26752787067,45,-4549.36926970348,45,-842.67659172454
110,8,50,48.5045439759228,50,-2556.62402146265,50,-5462.71354025837,50,1234.27038199444
110,8,55,-267.912844140942,55,-3045.43313440246,55,-5963.01718168133,55,3151.6647791741
110,8,60,-433.449401444845,60,-3672.85760753296,60,-6034.06711544418,60,4682.59105270539
110,8,65,-495.362428157275,65,-4418.65814348717,65,-5702.84747804379,65,5636.82151097151
110,8,70,-496.961525943022,70,-5227.5151435959,70,-5027.96105468899,70,5890.270394616
110,8,75,-473.000704053521,75,-6018.49311406282,75,-4084.31694510223,75,5407.07814282449
110,8,80,-448.945300045082,80,-6700.57860024703,80,-2949.85105812103,80,4248.24729604776
110,8,85,-441.423898353237,85,-7189.3922875293,85,-1697.85027764153,85,2564.94228843241
110,8,90,-458.481645933133,90,-7421.01692228278,90,-395.010826766502,90,578.399392611334
115,8,0,5946.19696115015,0,1972.97474941797,0,5326.49612386523,0,-1140.87311327635
115,8,5,6168.28945734605,5,1091.28645097593,5,5204.02128145619,5,-2926.0299211961
115,8,10,5994.67970636892,10,351.673406925952,10,4706.28744960211,10,-4498.35771637411
115,8,15,5467.71346061614,15,-218.831453829683,15,3832.18885390649,15,-5670.33644597464
115,8,20,4671.29339848204,20,-619.904519798664,20,2623.27921354823,20,-6296.26454995006
115,8,25,3718.41534995189,25,-876.251829867123,25,1160.99849789792,25,-6293.51594575439
115,8,30,2732.65301554213,30,-1032.9182558042,30,-442.182864861425,30,-5652.67032999844
115,8,35,1827.31521687899,35,-1149.11407503001,35,-2055.348340948,35,-4436.36327568937
115,8,40,1087.15801351299,40,-1291.3871210472,40,-3543.41868242218,40,-2769.97262997645
115,8,45,557.283353714319,45,-1525.806048503,45,-4782.05731835796,45,-828.207330762283
115,8,50,241.838829573115,50,-1908.30491550897,50,-5672.2416282615,50,1180.29467649693
115,8,55,111.918776157986,55,-2473.31311461055,55,-6152.37811894705,55,3031.26462060348
115,8,60,119.04345536103,60,-3222.91282300361,60,-6204.68089269691,60,4507.95575849915
115,8,65,209.224369175331,65,-4120.45174263429,65,-5853.24642696131,65,5428.80070878353
115,8,70,333.528898758434,70,-5092.16750084962,70,-5154.20345409921,70,5675.2227138282
115,8,75,453.551957728712,75,-6037.74502572981,75,-4181.67204967418,75,5212.80700571081
115,8,80,542.703912359964,80,-6847.34763260699,80,-3014.63258557032,80,4100.02871400262
115,8,85,585.332032482411,85,-7420.57028151796,85,-1728.40537330324,85,2482.26245879015
115,8,90,575.16749074286,90,-7682.93116372879,90,-391.615332298416,90,572.469906825254
120,8,0,5710.37453044085,0,1175.6224481714,0,5297.73001925484,0,-1426.87796935562
120,8,5,5723.72242431992,5,401.031964845094,5,5069.05307023875,5,-3090.47493940717
120,8,10,5403.9653278506,10,-178.183219566166,10,4484.63261221173,10,-4537.69215805637
120,8,15,4805.18430415416,15,-551.438824940426,15,3550.23999968299,15,-5598.83238283523
120,8,20,4013.81587068004,20,-738.598822038001,20,2309.8232236181,20,-6142.97368083422
120,8,25,3136.2678690035,25,-785.861536122235,25,842.861916554868,25,-6096.87057966284
120,8,30,2282.40719621391,30,-758.454943230151,30,-743.468041420827,30,-5454.20194200704
120,8,35,1548.14262314596,35,-731.977741210597,35,-2325.48509061081,35,-4275.03052608237
120,8,40,1000.88494024702,40,-783.575204885154,40,-3775.90528925245,40,-2677.90680159866
120,8,45,671.240863758995,45,-983.019714597322,45,-4977.44802113439,45,-827.747305118766
120,8,50,552.748289527906,50,-1383.15518099648,50,-5836.14705594187,50,1078.84218902642
120,8,55,609.149281376867,55,-2009.80859830732,55,-6292.4654771565,55,2831.29646092879
120,8,60,786.470200774337,60,-2852.93484707498,60,-6327.45076357648,60,4227.05523962047
120,8,65,1026.00360887231,65,-3862.18342486016,65,-5961.72298542135,65,5097.13009657641
120,8,70,1274.69524814859,70,-4949.89383465877,70,-5247.38640878264,70,5331.5161693949
120,8,75,1491.13412492984,75,-6002.4371697246,75,-4255.71660412863,75,4898.65045907711
120,8,80,1647.32466549218,80,-6897.91425118886,80,-3064.87486801053,80,3853.71139334176
120,8,85,1727.6414860341,85,-7526.13876247832,85,-1751.14404763536,85,2333.34838452124
120,8,90,1726.46130620008,90,-7806.5430022829,90,-385.033715275735,90,537.710059275719
125,8,0,5347.45259945,0,460.270332119841,0,5225.86390495663,0,-1705.56015997008
125,8,5,5178.01514968141,5,-192.881582164731,5,4893.01306045858,5,-3225.35805502373
125,8,10,4745.64264994745,10,-617.169757635266,10,4227.67722685686,10,-4528.4306323478
125,8,15,4111.53004243818,15,-816.655280214033,15,3242.37979973161,15,-5465.49471998979
125,8,20,3360.18727645197,20,-826.985722577994,20,1983.01146425133,20,-5922.39765714837
125,8,25,2587.91604926282,25,-709.657449606353,25,526.350130365279,25,-5836.44147295481
125,8,30,1888.7493070544,30,-543.160976229169,30,-1026.71055068765,30,-5204.6867218967
125,8,35,1340.4671589056,35,-412.888887343823,35,-2560.92416284746,35,-4084.01066197644
125,8,40,993.490397840004,40,-401.131002468563,40,-3958.17623390644,40,-2584.60830418502
125,8,45,864.991882253152,45,-577.530776302122,45,-5109.71619119156,45,-859.168112245063
125,8,50,939.42653691213,50,-989.820326875542,50,-5928.06348396911,50,910.974145510823
125,8,55,1175.07104146205,55,-1655.06254481851,55,-6356.87988328832,55,2532.76713024675
125,8,60,1514.56917875557,60,-2552.82543524151,60,-6376.58162325448,60,3821.8703441391
125,8,65,1896.51333722453,65,-3622.7546993872,65,-6003.96040860721,65,4625.64388568449
125,8,70,2265.18349426044,70,-4768.86380490132,70,-5285.80411533087,70,4845.52233115574
125,8,75,2576.64780672806,75,-5871.24362113889,75,-4288.61886314972,75,4454.06192633616
125,8,80,2800.92910233375,80,-6803.54570408035,80,-3087.78826089819,80,3502.29412450102
125,8,85,2921.1297245659,85,-7452.73546838378,85,-1759.18818185757,85,2115.10945440757
125,8,90,2930.88349935147,90,-7737.07547839534,90,-374.770985757487,90,475.12504503574
130,8,0,4866.29514020147,0,-144.90913048851,0,5106.21396373156,0,-1964.07579583568
130,8,5,4548.2718209448,5,-667.801398519851,5,4678.28982067666,5,-3322.66967799194
130,8,10,4040.21711276465,10,-948.840124607208,10,3944.48478085615,10,-4468.25237174584
130,8,15,3405.80659538939,15,-1003.91695726399,15,2923.43983745511,15,-5273.60057702598
130,8,20,2723.82840296667,20,-879.288084740389,20,1662.36211365481,20,-5642.62569616857
130,8,25,2078.06244814851,25,-645.054854701483,25,234.656793438718,25,-5524.00550579483
130,8,30,1545.82258429714,30,-385.764290927052,30,-1265.89579463311,30,-4918.41203788208
130,8,35,1187.16244666597,35,-189.852988583854,35,-2733.55601807575,35,-3878.98154271517
130,8,40,1036.74166676726,40,-139.246828274388,40,-4060.66522357791,40,-2506.0363681732
130,8,45,1099.93167865682,45,-299.724671100013,45,-5148.37947181524,45,-937.532599170827
130,8,50,1353.92100906296,50,-712.224085076851,50,-5917.00527059521,50,663.744063088678
130,8,55,1753.47708769026,55,-1385.49586578536,55,-6314.45457358753,55,2125.91964956838
130,8,60,2239.90816095684,60,-2291.26193885913,60,-6321.11557375827,60,3286.48004606082
130,8,65,2751.02524270171,65,-3363.6581196832,65,-5949.89518972993,65,4012.26539290723
130,8,70,3229.84376130957,70,-4504.5532767725,70,-5241.4283993846,70,4218.37650730457
130,8,75,3630.42652950017,75,-5595.1198757395,75,-4255.95047052883,75,3882.34563914172
130,8,80,3920.35199974964,80,-6512.25600618567,80,-3064.29067280213,80,3050.15298298436
130,8,85,4080.32033748523,85,-7146.95498637386,85,-1740.37600815546,85,1832.16715552187
130,8,90,4102.02876725653,90,-7421.12277388567,90,-356.658459430935,90,389.207694950336
135,8,0,4285.56974141877,0,-616.634769893221,0,4933.39459040697,0,-2189.19909753872
135,8,5,3859.22478812466,5,-1006.03379518361,5,4426.47183432057,5,-3374.83859530708
135,8,10,3313.52430104105,10,-1159.69106728016,10,3643.57721110731,10,-4356.03008443166
135,8,15,2710.41676349421,15,-1101.91711908959,15,2608.31520119685,15,-5028.20221612195
135,8,20,2120.06620838105,20,-884.24158234097,20,1368.2557799916,20,-5313.77757005697
135,8,25,1612.41556792074,25,-578.847932536472,25,-7.39327382873489,25,-5173.10221694211
135,8,30,1248.24428614132,30,-269.472203726513,30,-1432.82319637798,30,-4610.43211284342
135,8,35,1071.17445826557,35,-41.2244296775686,35,-2812.80485917866,35,-3674.52788939832
135,8,40,1101.99725191191,40,29.4541867671483,40,-4051.26558799298,40,-2454.34903285126
135,8,45,1336.34731710176,45,-116.064688224279,45,-5060.41105412499,45,-1070.75802071607
135,8,50,1746.17058592688,50,-510.817579995582,50,-5769.37920590182,50,334.950061442577
135,8,55,2284.68409614359,55,-1156.38366633962,55,-6131.21358634748,55,1615.1192052666
135,8,60,2893.7740712417,60,-2019.8465506801,60,-6126.92482335901,60,2631.75116176227
135,8,65,3512.25005494764,65,-3034.76154687114,65,-5765.81672771493,65,3273.21166193701
135,8,70,4083.2763208555,70,-4107.05789788118,70,-5082.10662558276,70,3469.49686688237
135,8,75,4559.69722998498,75,-5125.91608231696,75,-4128.8634406023,75,3203.364484703
135,8,80,4906.71242162059,80,-5978.40580425954,80,-2970.95937938703,80,2514.83644214089
135,8,85,5102.15263835072,85,-6565.5632743726,85,-1678.76490484981,85,1497.62276465646
135,8,90,5135.18540968959,90,-6817.06537647238,90,-323.731479090011,90,287.560410670364
140,8,0,3634.89605915183,0,-940.233077972127,0,4702.41467850732,0,-2367.02216830014
140,8,5,3143.87614948225,5,-1198.66024045145,5,4138.94323167147,5,-3373.92584666962
140,8,10,2597.29168439841,10,-1243.22717691585,10,3332.86149793558,10,-4190.43296605051
140,8,15,2051.87477099783,15,-1103.05868167672,15,2311.11364316399,15,-4734.1471964349
140,8,20,1567.23231550277,20,-830.004224519886,20,1120.27207680517,20,-4945.48951376385
140,8,25,1199.15235977402,25,-492.581150283238,25,-175.771248210218,25,-4796.02883780302
140,8,30,992.929364570822,30,-167.806418430498,30,-1500.17193288031,30,-4293.10520213239
140,8,35,977.713090421363,35,67.921706903679,35,-2769.16573879309,35,-3480.27914521312
140,8,40,1162.78314818681,40,147.832088833039,40,-3899.18098570963,40,-2433.77349173741
140,8,45,1536.38452690831,45,22.8635156615457,45,-4814.30312732428,45,-1255.44904368149
140,8,50,2067.35263563208,50,-331.801447080433,50,-5453.24087048965,50,-62.9719819442769
140,8,55,2709.26183855753,55,-912.350116006954,55,-5774.87198806291,55,1022.14065113212
140,8,60,3406.34589754861,60,-1684.78950152124,60,-5761.53019324203,60,1887.75505706995
140,8,65,4100.09583203181,65,-2586.92797635051,65,-5419.52532086819,65,2444.42377650446
140,8,70,4735.36340347266,70,-3534.3015614874,70,-4776.94667288851,70,2637.10054147281
140,8,75,5265.03182461296,75,-4429.82522990311,75,-3879.41251287458,75,2453.36667916566
140,8,80,5652.78770434281,80,-5176.11992879701,80,-2784.85275331023,80,1926.47820473314
140,8,85,5874.07534847924,85,-5688.72800330712,85,-1558.46845529546,85,1132.26074057738
140,8,90,5915.75454459978,90,-5908.05394435111,90,-268.688615673761,90,179.940154407456
145,8,0,2954.40696422509,0,-1113.14807757959,0,4411.46578713857,0,-2483.66962998795
145,8,5,2442.43436612591,5,-1249.40179676699,5,3819.28481608602,5,-3312.15345528463
145,8,10,1927.82710212866,10,-1204.62499042168,10,3021.22714442796,10,-3970.01903464008
145,8,15,1459.48991409215,15,-1009.27901009703,15,2045.61310346424,15,-4395.5438049093
145,8,20,1085.48205837241,20,-711.369929775225,20,936.316088255212,20,-4545.64857198825
145,8,25,847.965720700598,25,-371.260625307052,25,-249.466969862303,25,-4401.8519413901
145,8,30,778.460001064114,30,-54.85259612784,30,-1444.94646958226,30,-3973.5249479061
145,8,35,894.057128017525,35,173.985919253032,35,-2578.67519672497,35,-3298.03866749784
145,8,40,1195.16080997283,40,260.876036472608,40,-3580.23191094809,40,-2437.81609063466
145,8,45,1665.11091995214,45,167.509412940904,45,-4386.07892643666,45,-1474.61451953094
145,8,50,2271.78503213933,50,-123.280315126891,50,-4944.94637031895,50,-501.56348974432
145,8,55,2970.95360907785,55,-604.505308230741,55,-5222.09423682076,55,386.374530898658
145,8,60,3710.87090207314,60,-1244.55256313036,60,-5201.91205330832,60,1102.69055983219
145,8,65,4437.38112634638,65,-1989.60561113004,65,-4888.55687757052,65,1579.32479809964
145,8,70,5098.77320730924,70,-2769.03455488398,70,-4304.67279751026,70,1775.14501781877
145,8,75,5649.75090924135,75,-3503.39468471815,75,-3488.58778699031,75,1681.63559285214
145,8,80,6054.16227050954,80,-4114.16061056224,80,-2490.62836565685,80,1324.7338733846
145,8,85,6286.4651904807,85,-4533.88083103255,85,-1369.24140056995,85,762.240259340144
145,8,90,6332.18879132315,90,-4715.21552367992,90,-187.453748778123,90,76.9180800569738
150,8,0,2291.43809790385,0,-1146.81662082599,0,4065.89488869296,0,-2527.63299806972
150,8,5,1798.25589846597,5,-1176.46416695982,5,3476.82625727432,5,-3184.27574525185
150,8,10,1341.56498923791,10,-1063.27150004911,10,2721.18348763149,10,-3695.30219851905
150,8,15,960.790819946098,15,-835.935832754213,15,1826.57640120764,15,-4017.23472161457
150,8,20,692.322998841603,20,-535.522934713768,20,832.362296141491,20,-4121.1126308081
150,8,25,565.909117142168,25,-211.33828829133,25,-212.382174774847,25,-3996.40824698495
150,8,30,601.463499989903,30,84.336992757125,30,-1251.92797390769,30,-3653.05424584005
150,8,35,806.693884341964,35,302.021738641092,35,-2227.76681414765,35,-3121.28189756068
150,8,40,1175.86899921342,40,400.664604460616,40,-3082.94983860188,40,-2449.23956581019
150,8,45,1689.91547092395,45,352.512657286841,45,-3766.47504505246,45,-1698.60070536447
150,8,50,2317.85926133437,50,146.686181458408,50,-4237.27426606048,50,-938.563227222186
150,8,55,3019.4401822929,55,-208.970073591942,55,-4467.37513365858,55,-238.79596119011
150,8,60,3748.56149646077,60,-688.064200738222,60,-4443.90522747819,60,337.981580360209
150,8,65,4457.12678416557,65,-1247.99976672469,65,-4169.76168624288,65,742.993776415579
150,8,70,5098.79194725408,70,-1834.38995593733,70,-3662.96536884598,70,947.132137931397
150,8,75,5632.2300388069,75,-2387.16400791964,75,-2954.90888289986,75,944.607466354521
150,8,80,6023.65164365645,80,-2847.69101955115,80,-2087.84053266922,80,753.914616666423
150,8,85,6248.50076356278,85,-3166.01120298159,85,-1111.964310686,85,415.81814604228
150,8,90,6292.40245647694,90,-3307.16189427491,90,-82.4742685244931,90,-11.5095813439682
155,8,0,1693.81337275981,0,-1065.53191684107,0,3681.9331996288,0,-2493.52387657363
155,8,5,1250.60223460668,5,-1010.44203469377,5,3129.81924605469,5,-2991.18311450291
155,8,10,867.613437845079,10,-850.629344642377,10,2451.15278991707,10,-3371.95026360106
155,8,15,574.151185743573,15,-610.547477861439,15,1670.89303072933,15,-3607.41685011042
155,8,20,395.603866446624,20,-322.463593167588,20,822.272182320902,20,-3679.73167070636
155,8,25,351.042135683478,25,-23.4388054733762,25,-54.9010019968739,25,-3583.90618794583
155,8,30,451.218714021929,30,248.378376698642,30,-916.608822415828,30,-3328.87891931941
155,8,35,697.200084667704,35,457.735125928788,35,-1717.48921332322,35,-2937.15447947036
155,8,40,1079.80133127815,40,576.087899702871,40,-2413.96032269887,40,-2442.99780455153
155,8,45,1579.91004110787,45,584.81597928785,45,-2967.32826481086,45,-1889.32556665713
155,8,50,2169.68384121567,50,477.46108714998,50,-3346.59182125834,50,-1323.57953089168
155,8,55,2814.50316285539,55,260.708355895778,55,-3530.68368590908,55,-792.982826694221
155,8,60,3475.4730686467,60,-46.0592354580772,60,-3509.94905349872,60,-339.665121344322
155,8,65,4112.21151931265,65,-412.658060564976,65,-3286.75219808599,65,3.81057854264358
155,8,70,4685.64734914159,70,-801.313526424859,70,-2875.20561677131,70,217.99011455614
155,8,75,5160.58134775483,75,-1170.87059596567,75,-2300.11409736786,75,298.676708864507
155,8,80,5507.82901672934,80,-1481.53704129217,80,-1595.29727986868,80,257.360597608434
155,8,85,5705.84530465909,85,-1699.58214349098,85,-801.485273227475,85,119.805986865454
155,8,90,5741.80760508764,90,-1801.38104612545,90,36.0288539124142,90,-77.0869348401743
160,8,0,1200.69865541026,0,-901.780356699275,0,3288.29367433813,0,-2385.99824512138
160,8,5,825.780268394541,5,-787.854431672828,5,2806.43877756775,5,-2743.08353523133
160,8,10,519.398774932742,10,-602.914913437282,10,2235.92695769251,10,-3013.23722538912
160,8,15,301.131918022734,15,-365.582705136113,15,1597.52285702203,15,-3179.50416102001
160,8,20,186.758918996925,20,-98.7876121738896,20,917.241032896447,20,-3231.8997684884
160,8,25,186.810098488039,25,172.210060289496,25,225.065374250473,25,-3168.57426297132
160,8,30,305.434605786316,30,422.139496747967,30,-446.725048565029,30,-2996.23855871218
160,8,35,539.706743199078,35,628.139774870663,35,-1065.50679677813,35,-2729.76241255447
160,8,40,879.453536783272,40,772.01838141043,40,-1600.3906570903,40,-2390.9464521637
160,8,45,1307.63735855498,45,842.09439190587,45,-2024.26131552006,45,-2006.56262235857
160,8,50,1801.27321086953,50,834.409804589806,50,-2315.61074372687,50,-1605.84212430442
160,8,55,2332.80768410982,55,753.15356704646,55,-2460.01538325108,55,-1217.65782516981
160,8,60,2871.84280432238,60,610.22284062039,60,-2451.14118049411,60,-867.692703572414
160,8,65,3387.05914722299,65,423.938738934375,65,-2291.20662567152,65,-575.901670171258
160,8,70,3848.18239939878,70,217.031138387615,70,-1990.88544552097,70,-354.556820831113
160,8,75,4227.8461800049,75,14.0988765062737,75,-1568.67960398785,75,-207.11386093634
160,8,80,4503.22783469514,80,-161.174533648055,80,-1049.83256181913,80,-128.052025377732
160,8,85,4657.36661114968,85,-288.726149548354,85,-464.877706965435,85,-103.728647508058
160,8,90,4680.10755665223,90,-354.41328407341,90,152.073260509864,90,-114.165651837172
165,8,0,833.551572101364,0,-689.057988168634,0,2924.12112094109,0,-2221.94872126201
165,8,5,529.654396169996,5,-542.202745563764,5,2542.34649176324,5,-2460.34111416434
165,8,10,288.779490708906,10,-351.138889380417,10,2104.31813639964,10,-2639.89297781976
165,8,15,122.172863003802,15,-128.187931577103,15,1625.61646292013,15,-2751.48560988334
165,8,20,38.0437472307876,20,112.318517865761,20,1124.64915731775,20,-2790.00067035649
165,8,25,40.8170690931133,25,355.145705770702,25,621.799732449547,25,-2754.79109775431
165,8,30,130.596202712246,30,585.388370787397,30,138.378572172416,30,-2649.77723093264
165,8,35,302.891302048155,35,789.710106177526,35,-304.556373830752,35,-2483.13812702796
165,8,40,548.648107236328,40,957.463320277531,40,-687.427979247388,40,-2266.61031103165
165,8,45,854.587738210079,45,1081.57064774792,45,-993.329096329571,45,-2014.44914021465
165,8,50,1203.84211208261,50,1159.06941927576,50,-1209.08508196241,50,-1742.14669137859
165,8,55,1576.84503122957,55,1191.25343944292,55,-1326.11120083585,55,-1465.03008248702
165,8,60,1952.41833251227,60,1183.38769949631,60,-1341.00231982599,60,-1196.88174680804
165,8,65,2308.97787953945,65,1144.01759162627,65,-1255.81337095123,65,-948.725846074764
165,8,70,2625.77685916585,70,1083.93978130748,70,-1078.0128147261,70,-727.911616419964
165,8,75,2884.10398247723,75,1014.94185131399,75,-820.115114181662,75,-537.595550503108
165,8,80,3068.36091938532,80,948.447028229488,80,-499.019636863824,80,-376.682374054539
165,8,85,3166.95496422142,85,894.214455854815,85,-135.100734647251,85,-240.234096061516
165,8,90,3172.95754690707,90,859.241906939973,90,248.893759653591,90,-120.302883822169
170,8,0,590.334799858768,0,-454.63726912358,0,2632.97732915202,0,-2029.34025751914
170,8,5,344.604416760378,5,-296.245029288933,5,2374.70168166899,5,-2170.85061856891
170,8,10,145.584107532393,10,-113.232858283942,10,2083.93148227266,10,-2276.64643650812
170,8,15,-1.56715684509548,15,87.658255170956,15,1770.6747482285,15,-2342.34451665968
170,8,20,-93.6574979380479,20,298.903139726583,20,1446.07500606663,20,-2365.40483486809
170,8,25,-129.746136148345,25,512.672980994219,25,1121.93966194345,25,-2345.27037389205
170,8,30,-111.316147690879,30,721.342731648288,30,810.195123433374,30,-2283.361814513
170,8,35,-42.3165820167667,35,917.981867124294,35,522.299537461188,35,-2182.9229553285
170,8,40,70.9368453823841,40,1096.78451992511,40,268.648838695793,40,-2048.72699792344
170,8,45,220.003458331572,45,1253.39923566707,45,58.0139744459569,45,-1886.66781495704
170,8,50,394.69251868365,50,1385.12722924909,50,-102.953560388534,50,-1703.27243591049
170,8,55,583.552447692896,55,1490.9703296119,55,-210.114349241154,55,-1505.17979733853
170,8,60,774.447167656283,60,1571.52458064421,60,-262.104482283474,60,-1298.63518199439
170,8,65,955.18603840046,65,1628.73117160242,65,-260.450626042311,65,-1089.04903869885
170,8,70,1114.17000804931,70,1665.51128459039,70,-209.527092214199,70,-880.662909480781
170,8,75,1241.01541866241,75,1685.32386398687,75,-116.355324200761,75,-676.354465470721
170,8,80,1327.11836454162,80,1691.6937428475,80,9.74394414793894,80,-477.599215584775
170,8,85,1366.12634240631,85,1687.76092149932,85,157.626664166565,85,-284.589830888789
170,8,90,1354.28975618069,90,1675.89956653628,90,314.902874344762,90,-96.4970709793639
175,8,0,445.327349371335,0,-215.203359071276,0,2454.13688988367,0,-1842.30676943739
175,8,5,232.522883692759,5,-59.1113332835232,5,2333.90328928211,5,-1904.32828562419
175,8,10,43.4595841648518,10,107.494001458389,10,2194.05477627003,10,-1946.38563211193
175,8,15,-119.976305565123,15,281.764832091416,15,2039.2174981993,15,-1966.73767483765
175,8,20,-256.775730156811,20,460.58392032975,20,1874.26125962776,20,-1964.21474829867
175,8,25,-366.85307587702,25,640.69148686389,25,1704.1191557295,25,-1938.25411223067
175,8,30,-451.053860605781,30,818.814888128753,30,1533.5959414353,30,-1888.90332397992
175,8,35,-511.120889565809,35,991.792619986111,35,1367.17423059006,35,-1816.79214308833
175,8,40,-549.618156074742,40,1156.68463471163,40,1208.82836941555,40,-1723.07598601805
175,8,45,-569.8141979502,45,1310.86211591987,45,1061.85598006685,45,-1609.35614356363
175,8,50,-575.529068168381,50,1452.07163815013,50,928.736685211083,50,-1477.58374330549
175,8,55,-570.951372532731,55,1578.47089278235,55,811.026412587916,55,-1329.95559948152
175,8,60,-560.433804729176,60,1688.63568317516,60,709.293995552855,60,-1168.81051301138
175,8,65,-548.277128202736,65,1781.54043733591,65,623.104630320906,65,-996.534207096799
175,8,70,-538.513504379067,70,1856.51680352937,70,551.052256355423,70,-815.479932062757
175,8,75,-534.700377032828,75,1913.19674738405,75,490.840250598716,75,-627.909951800542
175,8,80,-539.735766242441,80,1951.44776595636,80,439.407138711396,80,-435.960811046415
175,8,85,-555.704820375424,85,1971.30824825689,85,393.091496728581,85,-241.632710813164
175,8,90,-583.765881260771,90,1972.93059751673,90,347.828002370783,90,-46.8007525533324
180,8,0,354.871988132318,0,22.8152282657135,0,2413.76238073355,0,-1693.74092431079
180,8,5,143.148339969502,5,170.347657714467,5,2435.50641784609,5,-1685.30725057396
180,8,10,-69.6647534958133,10,316.583638629288,10,2438.71478051983,10,-1664.04737104393
180,8,15,-281.947656122293,15,460.410226895712,15,2423.36305117757,15,-1630.12308624098
180,8,20,-492.084766841034,20,600.732815332161,20,2389.56806574923,20,-1583.7925804565
180,8,25,-698.47681535521,25,736.483464311541,25,2337.58702447989,25,-1525.40845681465
180,8,30,-899.5530335527,30,866.629029426637,30,2267.81553448062,30,-1455.41505374962
180,8,35,-1093.78310999988,35,990.179024342881,35,2180.7845989195,35,-1374.34506332193
180,8,40,-1279.68883653567,40,1106.19315899743,40,2077.15657576686,40,-1282.81547711011
180,8,45,-1455.85535832817,45,1213.78849577433,45,1957.7201368512,45,-1181.52289053233
180,8,50,-1620.94194177429,50,1312.14616919284,50,1823.38426559036,50,-1071.23820133456
180,8,55,-1773.69217829201,55,1400.51761796829,55,1675.17133907886,55,-952.800742593331
180,8,60,-1912.94354634831,60,1478.23028201533,60,1514.20934718086,60,-827.111894884148
180,8,65,-2037.63625895,65,1544.69272103639,65,1341.7233078462,65,-695.128226231078
180,8,70,-2146.82132926267,70,1599.3991157394,70,1159.02594398416,70,-557.854212046489
180,8,75,-2239.66779297349,75,1641.93311742804,75,967.507692849401,75,-416.334590466647
180,8,80,-2315.46903243139,80,1671.97101666672,80,768.626123974937,80,-271.646411263654
180,8,85,-2373.64815443407,85,1689.28420690488,85,563.894846187878,85,-124.890838846356
180,8,90,-2413.76238073355,90,1693.74092431079,90,354.871988132315,90,22.8152282657139
185,8,0,-267.241332898091,0,-258.603639178116,0,-2518.87992190702,0,1607.73051679508
185,8,5,-25.1111126644661,5,-395.786940518094,5,-2675.15734439082,5,1527.20862531463
185,8,10,239.897478065194,10,-518.469490385429,10,-2802.57467538234,10,1432.50790305301
185,8,15,523.640784406085,15,-625.294496952305,15,-2897.69107839957,15,1326.41408737521
185,8,20,821.520090345967,20,-715.467830888366,20,-2957.81517593106,20,1211.89507858769
185,8,25,1128.62895361564,25,-788.781336955197,25,-2981.05039959167,25,1091.97499007414
185,8,30,1439.89847482163,30,-845.606603035968,30,-2966.30979541378,30,969.606301639458
185,8,35,1750.23443175165,35,-886.860055696713,35,-2913.30322576373,35,847.547415167894
185,8,40,2054.64141823991,40,-913.942011794505,40,-2822.5010594563,40,728.25224473001
185,8,45,2348.33051437712,45,-928.653756504282,45,-2695.07920194511,45,613.777396070969
185,8,50,2626.80846889542,50,-933.097758181961,50,-2532.85067240189,50,505.711131608026
185,8,55,2885.94778814334,55,-929.566735164714,55,-2338.18889874016,55,405.126816053925
185,8,60,3122.03840473919,60,-920.427469442685,60,-2113.94751618926,60,312.562028853385
185,8,65,3331.82266659023,65,-908.005066044366,65,-1863.38078156323,65,228.023128196168
185,8,70,3512.51618909861,70,-894.472861818693,70,-1590.06782965614,70,151.013843875014
185,8,75,3661.81761872855,75,-881.752485161228,75,-1297.84298327089,75,80.5855145397302
185,8,80,3777.91055584516,80,-871.427753283247,80,-990.733268248813,80,15.4058855267989
185,8,85,3859.46079039127,85,-864.675250169782,85,-672.903259091385,85,-46.1570684761717
185,8,90,3905.61164441707,90,-862.213621585082,90,-348.606460365923,90,-105.94007502087
190,8,0,-133.534126978597,0,-490.458295426391,0,-2756.22078583039,0,1594.24254870835
190,8,5,163.622646969548,5,-615.178397544911,5,-3028.63875465417,5,1429.36864238817
190,8,10,498.004132817124,10,-707.699439866592,10,-3251.89527326634,10,1241.86958608725
190,8,15,860.732770389015,15,-765.230786452209,15,-3420.79702751072,15,1039.16581812265
190,8,20,1242.58933897138,20,-786.7114934134,20,-3532.09996438272,20,829.177396406076
190,8,25,1634.41556492929,25,-772.841122764919,25,-3584.44359199635,25,619.866770371955
190,8,30,2027.46469455701,30,-725.99511287787,30,-3578.19799912501,30,418.799588520825
190,8,35,2413.68416060596,35,-650.03928893938,35,-3515.24329344083,35,232.754095453366
190,8,40,2785.92083690727,40,-550.065144500458,40,-3398.70380060289,40,67.4027120896683
190,8,45,3138.04584541966,45,-432.071753512642,45,-3232.66008910368,45,-72.9190850351415
190,8,50,3465.00191390708,50,-302.621401811238,50,-3021.86081139798,50,-185.350398654743
190,8,55,3762.78143489779,55,-168.494448783,55,-2771.45375826447,55,-268.551227488692
190,8,60,4028.34733901486,60,-36.3650536127513,60,-2486.75179689546,60,-322.666553297282
190,8,65,4259.51151517224,65,87.4860370059707,65,-2173.04494009852,65,-349.222177822419
190,8,70,4454.78678197713,70,197.41159163887,70,-1835.46510197299,70,-350.968868786543
190,8,75,4613.22845422653,75,288.586855653338,75,-1478.90550668589,75,-331.691681041786
190,8,80,4734.28054935415,80,357.148492526154,80,-1107.99251959052,80,-295.999675565056
190,8,85,4817.63986990348,85,400.288377742287,85,-727.104059261741,85,-249.108201972787
190,8,90,4863.14880688815,90,416.309174622153,90,-340.425835444739,90,-196.622101253254
195,8,0,83.4069407393948,0,-710.570711499985,0,-3096.21152482512,0,1647.49158211262
195,8,5,448.579853402754,5,-816.082801721769,5,-3457.26927043269,5,1377.67758088824
195,8,10,854.584034220745,10,-865.653552443967,10,-3740.95651271153,10,1072.13306038054
195,8,15,1286.45242294522,15,-855.05203396461,15,-3942.27024267658,15,745.814954029008
195,8,20,1729.66466738762,20,-783.729438506621,20,-4059.81752754129,20,414.368729050888
195,8,25,2170.86563758361,25,-654.705412006246,25,-4095.46346654881,25,93.0594320072708
195,8,30,2598.42711892946,30,-474.187311036572,30,-4053.81723155313,30,-204.188905568608
195,8,35,3002.828028247,35,-250.980766947947,35,-3941.60949461769,35,-465.572056112936
195,8,40,3376.8452312273,40,4.23457787496314,40,-3767.01818067946,40,-681.954624576588
195,8,45,3715.56306009456,45,279.684600283254,45,-3538.99773475287,45,-847.169829194814
195,8,50,4016.22322542084,50,563.259946398901,50,-3266.66055749843,50,-958.078212109622
195,8,55,4277.94670048723,55,843.191784691275,55,-2958.74918126583,55,-1014.41695837542
195,8,60,4501.364723777,60,1108.59910038283,60,-2623.22575134826,60,-1018.48834978602
195,8,65,4688.19745828429,65,1349.88381684301,65,-2266.99308318007,65,-974.744719161799
195,8,70,4840.81682297925,70,1558.9712696457,70,-1895.75030984036,70,-889.327931815758
195,8,75,4961.82566070985,75,1729.41213534557,75,-1513.97672856767,75,-769.614797167455
195,8,80,5053.67982998895,80,1856.37581134312,80,-1125.03018910357,80,-623.807615197113
195,8,85,5118.37388284917,85,1936.57323777735,85,-731.341143418707,85,-460.593507140252
195,8,90,5157.20527549019,90,1968.14887160117,90,-334.680010941084,90,-288.87966681365
200,8,0,403.903656756064,0,-903.21798311186,0,-3500.44850975674,0,1748.05212653354
200,8,5,836.079088939702,5,-976.047710574063,5,-3916.69299237537,5,1348.21400193703
200,8,10,1300.20627921497,10,-963.653046201622,10,-4221.81496588523,10,898.050067650847
200,8,15,1774.89260076551,15,-861.631622321311,15,-4412.99840140236,15,423.334335569935
200,8,20,2240.67812896135,20,-671.931054230051,20,-4493.03800357228,20,-49.7609259429658
200,8,25,2681.06678270048,25,-402.320409349422,25,-4469.52428201853,25,-496.649356042369
200,8,30,3083.23931151147,30,-65.3876251246551,30,-4353.77581691524,30,-896.001351201802
200,8,35,3438.41776036912,35,322.790928734718,35,-4159.62618879877,35,-1230.96638284515
200,8,40,3741.88579525087,40,744.137642956471,40,-3902.17845888647,40,-1489.87521962834
200,8,45,3992.70214512115,45,1180.04564459298,45,-3596.63227060546,45,-1666.41720897087
200,8,50,4193.17008032672,50,1612.68480318856,50,-3257.26913294036,50,-1759.34803239159
200,8,55,4348.14035396765,55,2026.02904438909,55,-2896.65441654016,55,-1771.82973322363
200,8,60,4464.22717522589,60,2406.53992373465,60,-2525.08563224259,60,-1710.53291826743
200,8,65,4549.00844995239,65,2743.49124480673,65,-2150.29088447396,65,-1584.63959840325
200,8,70,4610.26685230663,70,3028.96493222335,70,-1777.36227056215,70,-1404.87559453204
200,8,75,4655.31202028369,75,3257.58448376038,75,-1408.89708026856,75,-1182.67719290724
200,8,80,4690.40995229567,80,3426.07609200846,80,-1045.31341547228,80,-929.562394636487
200,8,85,4720.33512853815,85,3532.75767826555,85,-685.303865738252,85,-656.737847673546
200,8,90,4748.05365250886,90,3577.05290575764,90,-326.389175741343,90,-374.933604730941
205,8,0,830.4869322564,0,-1046.52559932479,0,-3929.809461721,0,1867.68087208621
205,8,5,1314.62047163175,5,-1067.09084110807,5,-4365.7038215952,5,1312.53841529475
205,8,10,1809.2875919789,10,-970.056740324245,10,-4653.57653082009,10,694.537631187771
205,8,15,2287.42584132275,15,-753.191088478237,15,-4794.61910611677,15,53.430149641744
205,8,20,2726.01729527566,20,-423.727011640431,20,-4797.87419589879,20,-571.738139120144
205,8,25,3107.3662834535,25,2.93020754104475,25,-4678.79653072037,25,-1145.80323306901
205,8,30,3419.84849618528,30,505.205824525772,30,-4457.4450520578,30,-1639.97898825225
205,8,35,3658.09445635711,35,1057.77633142743,35,-4156.49475153628,35,-2033.46783784375
205,8,40,3822.63505665196,40,1634.08765699382,40,-3799.26893664769,40,-2314.11210489406
205,8,45,3919.10075433388,45,2208.67072845538,45,-3407.97378505907,45,-2478.13800742967
205,8,50,3957.11343447795,50,2759.01485436257,50,-3002.27027208564,50,-2529.14738823784
205,8,55,3949.02872960389,55,3266.84473391381,55,-2598.25589748083,55,-2476.580774282
205,8,60,3908.67353658182,60,3718.74002485649,60,-2207.86684444413,60,-2333.90643736328
205,8,65,3850.1860717005,65,4106.12302815712,65,-1838.66516315879,65,-2116.78659908635
205,8,70,3787.01895635323,70,4424.71076811444,70,-1493.95253905033,70,-1841.44008691154
205,8,75,3731.12528385664,75,4673.5779945218,75,-1173.14969188115,75,-1523.36802260712
205,8,80,3692.32338342616,80,4854.00617324441,80,-872.388746625974,80,-1176.54297501367
205,8,85,3677.82898698972,85,4968.30075461496,85,-585.273782982593,85,-813.089959673016
205,8,90,3691.94693013111,90,5018.74608316841,90,-303.765210370993,90,-443.41769979165
210,8,0,1350.15911178952,0,-1116.36049734828,0,-4350.52628201531,0,1975.3647881011
210,8,5,1858.9361802572,5,-1061.6832993623,5,-4772.05798960974,5,1243.29665246544
210,8,10,2345.72622550432,10,-857.735786171149,10,-5007.76019996204,10,441.423524266932
210,8,15,2779.65800829547,15,-507.449201408479,15,-5064.3392625233,15,-373.890537259298
210,8,20,3136.47585757794,20,-26.3899006361745,20,-4958.74992742241,20,-1149.23432226458
210,8,25,3399.93388319695,25,559.686681140682,25,-4715.98940191793,25,-1838.71105698568
210,8,30,3562.42545681454,30,1218.21355725827,30,-4366.36764620391,30,-2407.23308159064
210,8,35,3624.79200287182,35,1913.61258874621,35,-3942.55977157211,35,-2832.29870739256
210,8,40,3595.3653368406,40,2610.9950981106,40,-3476.77591274911,40,-3104.23664116449
210,8,45,3488.41732864823,45,3279.31521561244,45,-2998.34719169063,45,-3225.10440692869
210,8,50,3322.28018554821,50,3893.66420272666,50,-2531.92821536778,50,-3206.56540915307
210,8,55,3117.42669182349,55,4436.55261380155,55,-2096.38561714054,55,-3067.13816780845
210,8,60,2894.75204973353,60,4898.17498294874,60,-1704.32044358296,60,-2829.22033211701
210,8,65,2674.19716926649,65,5275.76813945395,65,-1362.0967557002,65,-2516.25581863298
210,8,70,2473.7384141285,70,5572.25379116544,70,-1070.23499587064,70,-2150.35079994068
210,8,75,2308.68382176113,75,5794.40367209374,75,-824.064065532021,75,-1750.5625108791
210,8,80,2191.18532338847,80,5950.78885985248,80,-614.578619564608,80,-1331.98837292061
210,8,85,2129.89712517555,85,6049.77753790619,85,-429.483677206391,85,-905.675907696043
210,8,90,2129.75587525427,90,6097.82600476888,90,-254.408266542411,90,-479.264789229151
215,8,0,1938.40457995108,0,-1090.46993727607,0,-4736.92385583532,0,2043.21669623164
215,8,5,2435.03901861839,5,-937.837843371479,5,-5114.0897945604,5,1119.15877600361
215,8,10,2868.55719649889,10,-609.337014613974,10,-5268.67948635836,10,126.960189289295
215,8,15,3207.22407256767,15,-116.161371010305,15,-5214.12317731816,15,-858.59178967606
215,8,20,3428.69574723995,20,515.082816381116,20,-4976.56007642486,20,-1769.36885726195
215,8,25,3521.32315824062,25,1246.35350838663,25,-4591.72915441805,25,-2549.89099972696
215,8,30,3484.48086499881,30,2033.23382735379,30,-4101.14152578732,30,-3161.17955388913
215,8,35,3327.81765481965,35,2830.27074938057,35,-3547.99936455417,35,-3582.26267145542
215,8,40,3069.49149818368,40,3595.82527012746,40,-2973.38672444043,40,-3809.50311890101
215,8,45,2733.65974751856,45,4295.85201431112,45,-2413.19640061534,45,-3854.18701023356
215,8,50,2347.66381819017,50,4906.28518674721,50,-1896.07705186486,50,-3738.94251310745
215,8,55,1939.39639097954,55,5413.96356119568,55,-1442.44061458016,55,-3493.57108653179
215,8,60,1535.23639572487,60,5816.22205963245,60,-1064.34896208211,60,-3150.81684530109
215,8,65,1158.72042552455,65,6119.3908438931,65,-765.980705757939,65,-2742.51694663978
215,8,70,829.880357188476,70,6336.49019413844,70,-544.395864349347,70,-2296.49119952782
215,8,75,565.014493003531,75,6484.42419613077,75,-390.435765035206,75,-1834.44124830861
215,8,80,376.629108756466,80,6580.98589698655,80,-289.740928129238,80,-1371.02355422371
215,8,85,273.376681772674,85,6641.99692835795,85,-223.960946702728,85,-914.124514985806
215,8,90,259.958916326245,90,6678.90006122813,90,-172.225200920844,90,-466.206426812483
220,8,0,2563.60234251738,0,-951.594532486667,0,-5071.26687643943,0,2051.18296704695
220,8,5,3005.06880107924,5,-682.169790996623,5,-5379.16260686464,5,928.45080964458
220,8,10,3336.78515408631,10,-219.620676570431,10,-5430.46799462132,10,-250.093095033528
220,8,15,3530.10465900127,15,413.981435493973,15,-5246.38628140063,15,-1390.45956612405
220,8,20,3568.41898400595,20,1179.21724019271,20,-4863.20441287167,20,-2410.72763151928
220,8,25,3448.06513016584,25,2025.12196568582,25,-4328.13680942367,25,-3248.28865821648
220,8,30,3178.16277096028,30,2896.09509404201,30,-3694.25161930183,30,-3863.75879184459
220,8,35,2779.18886953539,35,3738.74053802771,35,-3015.13252471584,35,-4241.55605645656
220,8,40,2280.30328202439,40,4507.61320898593,40,-2340.03082979353,40,-4387.69155029811
220,8,45,1715.76654992271,45,5169.20963793609,45,-1710.17885171787,45,-4325.61404438996
220,8,50,1121.09448104324,50,5703.97413142734,50,-1156.65295473125,50,-4090.97789571071
220,8,55,529.708819222543,55,6106.45808499102,55,-699.772455578051,55,-3726.0683700992
220,8,60,-29.3181126882776,60,6383.98023491538,60,-349.652025078057,60,-3274.43889160623
220,8,65,-532.212568609128,65,6554.18370820499,65,-107.342206036232,65,-2776.18121681699
220,8,70,-960.368328032967,70,6641.83729912944,70,33.9391301392565,70,-2264.18325350844
220,8,75,-1299.65407438589,75,6675.17355861721,75,87.7220359864528,75,-1761.68913176419
220,8,80,-1539.70869353594,80,6682.05464918289,80,73.2835906267188,80,-1281.39828521466
220,8,85,-1673.56543376908,85,6686.30798507441,85,14.4822271196754,85,-826.183314296457
220,8,90,-1697.63470759552,90,6704.62652140195,90,-61.8117519319012,90,-391.276951814389
225,8,0,3191.02263952085,0,-689.218115114428,0,-5342.24583892846,0,1989.87896938048
225,8,5,3531.4446093208,5,-291.009739858721,5,-5561.166779133,5,670.978138656916
225,8,10,3713.37493625411,10,304.552947501249,10,-5493.60942788868,10,-680.052791546432
225,8,15,3716.01037949004,15,1062.95213759142,15,-5169.59174094558,15,-1950.3918583028
225,8,20,3532.72016051554,20,1931.63260500153,20,-4636.27102915673,20,-3046.46660402097
225,8,25,3171.13718488339,25,2847.74787232238,25,-3952.59189579268,25,-3902.0405853277
225,8,30,2652.31971345705,30,3746.85931772887,30,-3182.89475922463,30,-4481.45345499132
225,8,35,2008.65565744556,35,4571.00483138702,35,-2390.31256321849,35,-4778.46168141548
225,8,40,1280.36680927112,40,5274.88179981378,40,-1630.92614428868,40,-4811.85387868635
225,8,45,510.923129913395,45,5829.49294193167,45,-949.566751908048,45,-4619.23559129793
225,8,50,-257.812509659611,50,6223.25314723408,50,-377.78196438325,50,-4250.16984709215
225,8,55,-989.62065517818,55,6461.02753150596,55,66.1020746919908,55,-3759.45042993158
225,8,60,-1656.23440033153,60,6561.74177163362,60,375.45543151779,60,-3200.9273647987
225,8,65,-2237.60546001319,65,6555.10509519461,65,553.276957958879,65,-2622.14791556151
225,8,70,-2720.53883794527,70,6477.76912030069,70,610.381536426093,70,-2060.10910116681
225,8,75,-3096.61225865806,75,6369.09222963642,75,564.189315130958,75,-1538.50521412245
225,8,80,-3360.34943379843,80,6266.68758513266,80,437.941695362688,80,-1066.84381219365
225,8,85,-3508.24026989073,85,6202.07594809208,85,259.840903357013,85,-641.619555505875
225,8,90,-3538.63552684656,90,6196.92656640717,90,61.6145698523409,90,-249.405535097886
230,8,0,3786.15765248102,0,-300.206398126533,0,-5543.60087206746,0,1861.21559922117
230,8,5,3980.31036846484,5,229.85566664394,5,-5658.8765105579,5,357.693414109616
230,8,10,3968.61666284387,10,945.762075038201,10,-5463.02913368388,10,-1143.8120284663
230,8,15,3743.2688513137,15,1800.4661988516,15,-4995.97069583765,15,-2513.1477952008
230,8,20,3311.87727802562,20,2729.73970895405,20,-4316.19803628597,20,-3648.15679010428
230,8,25,2696.2325597651,25,3661.7135609817,25,-3494.11542354643,25,-4483.00615253031
230,8,30,1930.62496495774,30,4527.02698383146,30,-2604.38356224842,30,-4989.90875794992
230,8,35,1059.23627280726,35,5267.61882315536,35,-1718.21614703491,35,-5175.40595900839
230,8,40,132.155757377409,40,5842.74593901991,40,-896.713455289318,40,-5073.26000742297
230,8,45,-799.895632456897,45,6231.69682299045,45,-186.299490658278,45,-4736.04049314412
230,8,50,-1691.26008574236,50,6433.54950147342,50,383.062925695637,50,-4226.87581526742
230,8,55,-2506.02117773984,55,6464.87768469142,55,796.950668545801,55,-3612.02040429461
230,8,60,-3220.31876640762,60,6356.37432966096,60,1053.7334039811,60,-2954.31144852298
230,8,65,-3821.75018119525,65,6149.02586079461,65,1161.33983630405,65,-2307.47511634875
230,8,70,-4306.42322777031,70,5890.02119714791,70,1134.72417783798,70,-1711.49127117505
230,8,75,-4675.06514318151,75,5628.31992350483,75,994.548753276281,75,-1189.53130561068
230,8,80,-4929.72468504478,80,5409.86544400869,80,766.78818279709,80,-747.060660766712
230,8,85,-5072.02273146503,85,5272.72272531634,85,482.434806722469,85,-373.449900445941
230,8,90,-5102.98891337007,90,5242.73280129049,90,176.465398484957,90,-45.9663698292347
235,8,0,4317.45788350257,0,211.324225381905,0,-5673.54255646553,0,1676.90318240493
235,8,5,4324.31902698313,5,866.352334430051,5,-5675.61970942763,5,8.26014087712341
235,8,10,4082.77733754108,10,1678.56155613538,10,-5347.9474600029,10,-1616.15014272783
235,8,15,3602.96057826571,15,2589.99619743908,15,-4741.32982500373,15,-3051.2905479583
235,8,20,2910.49882362869,20,3528.04830462502,20,-3925.73074948077,20,-4189.91430015009
235,8,25,2043.40827237901,25,4416.33865204949,25,-2982.19386967796,25,-4970.47954261936
235,8,30,1049.41699033499,30,5185.69799021121,30,-1994.13939264188,30,-5376.57886033085
235,8,35,-16.8730048166918,35,5782.99645688809,35,-1038.90630389889,35,-5429.99424292872
235,8,40,-1097.89506200557,40,6176.35424487626,40,-180.567029335763,40,-5180.501032176
235,8,45,-2138.51843485769,45,6356.42120815462,45,534.836032757039,45,-4695.29301256572
235,8,50,-3092.25011561968,50,6334.50517640382,50,1080.76398099945,50,-4049.72524888814
235,8,55,-3926.50262868731,55,6138.93095695476,55,1448.33442612958,55,-3319.70731957699
235,8,60,-4624.99313403277,60,5810.91298463735,60,1642.21075125537,60,-2575.25615033347
235,8,65,-5186.27596879877,65,5400.58569146627,65,1676.00736242833,65,-1874.7380763803
235,8,70,-5619.01610084868,70,4963.11519027316,70,1568.88101299093,70,-1259.93301601729
235,8,75,-5935.95440362642,75,4554.46616194894,75,1344.07820817505,75,-752.661609099385
235,8,80,-6148.83429816497,80,4226.57102989116,80,1029.0454709089,80,-353.86562304203
235,8,85,-6265.7452852809,85,4022.14866703819,85,655.920599636928,85,-45.6484171080066
235,8,90,-6290.95164850057,90,3969.90138555788,90,261.153462391808,90,203.881383660183
240,8,0,4758.55117494654,0,834.704299899444,0,-5734.72435935464,0,1455.38868452044
240,8,5,4544.60802246233,5,1597.95948483364,5,-5619.53180346213,5,-352.852116272412
240,8,10,4047.59234323686,10,2472.69546271082,10,-5162.3047006159,10,-2070.10228372741
240,8,15,3299.59774314587,15,3393.29015413087,15,-4425.41759373106,15,-3539.47881964949
240,8,20,2347.05346972389,20,4283.59339297456,20,-3489.98898768503,20,-4651.9757286658
240,8,25,1245.22988029526,25,5068.42232881056,25,-2446.39288294586,25,-5353.42846260102
240,8,30,54.4220071861188,30,5684.54462709914,30,-1384.82041184828,30,-5641.14357646028
240,8,35,-1162.79105489569,35,6088.77278628799,35,-386.534513170035,35,-5553.3432803681
240,8,40,-2344.68088501682,40,6261.7836507856,40,483.448059636216,40,-5155.73233696413
240,8,45,-3435.13798323838,45,6207.63662658967,45,1181.1560316884,45,-4528.91337012769
240,8,50,-4389.90162680974,50,5950.20823837509,50,1684.85378008024,50,-3758.52637507099
240,8,55,-5182.3460470599,55,5528.37550656123,55,1992.34192332945,55,-2927.9655153822
240,8,60,-5806.15591621793,60,4991.49102332442,60,2115.46677200803,60,-2112.43179883661
240,8,65,-6273.16693088451,65,4395.72031290119,65,2074.04056904476,65,-1373.32597884596
240,8,70,-6606.83070540924,70,3800.80378736937,70,1891.41343364371,70,-753.075977480812
240,8,75,-6833.82195770016,75,3266.38994143551,75,1592.82589019964,75,-271.470060125369
240,8,80,-6976.96194087073,80,2847.42922710732,80,1206.09120948791,80,75.2519077065852
240,8,85,-7051.57444802436,85,2588.87452116828,85,763.031628297052,85,311.908492488245
240,8,90,-7065.39964674837,90,2520.58974616629,90,299.944989401973,90,478.751910167544
245,8,0,5089.86881050432,0,1553.8278208802,0,-5734.11743992522,0,1218.12548820871
245,8,5,4631.70853107157,5,2399.98466163495,5,-5503.36972903125,5,-700.657029703074
245,8,10,3866.18619748,10,3296.54796146396,10,-4924.43975991351,10,-2481.19260178416
245,8,15,2849.88272610014,15,4174.73661804484,15,-4071.38602980781,15,-3957.94061474921
245,8,20,1651.40471035201,20,4960.68808941889,20,-3035.6887195597,20,-5022.77931573018
245,8,25,343.153837737087,25,5586.66673953549,25,-1915.41390833299,25,-5630.7505586095
245,8,30,-1003.77748600219,30,6001.1129411441,30,-805.378260528866,30,-5793.77240083611
245,8,35,-2321.97237758669,35,6175.24337485595,35,211.403241026745,35,-5566.44007218444
245,8,40,-3549.35572935174,40,6105.03806757332,40,1070.76372501231,40,-5029.40575313703
245,8,45,-4632.50162818625,45,5808.88754862797,45,1732.05841455784,45,-4274.96331694257
245,8,50,-5532.31049610323,50,5322.47568169628,50,2179.15580059707,50,-3396.89877359092
245,8,55,-6230.19137828279,55,4693.08522057368,55,2417.06629673195,55,-2483.89792917079
245,8,60,-6731.25434513319,60,3975.06295048241,60,2465.17818192993,60,-1614.39912000226
245,8,65,-7061.77137770476,65,3226.89331005664,65,2349.66306896014,65,-851.306168478138
245,8,70,-7260.97390461354,70,2509.02486881717,70,2097.92812293289,70,-236.649339244539
245,8,75,-7370.24030911634,75,1881.11217431385,75,1736.70868425577,75,212.328190670613
245,8,80,-7423.89807249231,80,1397.88222109236,80,1293.3451259465,80,504.010565800736
245,8,85,-7444.57850318211,85,1103.89644825262,85,798.252100015741,85,669.446309776344
245,8,90,-7443.34268632838,90,1028.3288363923,90,286.335771829259,90,756.031801049573
250,8,0,5299.53001756656,0,2348.45110491346,0,-5682.30113012104,0,986.120164740254
250,8,5,4585.29755384543,5,3245.8639117972,5,-5343.35836407117,5,-1013.21517852205
250,8,10,3551.47889344139,10,4120.21079894597,10,-4655.52609524609,10,-2830.42346045138
250,8,15,2279.81207205511,15,4904.78601186421,15,-3703.95330904082,15,-4294.23551497969
250,8,20,860.844302807133,20,5534.1614062091,20,-2589.2521392664,20,-5299.06315928333
250,8,25,-617.165926651445,25,5954.14572142939,25,-1415.41801285811,25,-5809.57989326587
250,8,30,-2074.74459221501,30,6129.97584773209,30,-279.863419094465,30,-5851.80312997479
250,8,35,-3443.02621787181,35,6050.77528480665,35,734.553991420154,35,-5495.54878966843
250,8,40,-4663.41292502248,40,5729.46405983649,40,1565.94495206604,40,-4834.828155003
250,8,45,-5688.67926469193,45,5198.64316210675,45,2177.77058492513,45,-3971.74350014049
250,8,50,-6487.48813331926,50,4504.22202956058,50,2559.72023518318,50,-3006.20036411199
250,8,55,-7050.75460894048,55,3699.18531369885,55,2723.90428628128,55,-2030.19091127679
250,8,60,-7395.54147251433,60,2839.38440155162,60,2697.03074262113,60,-1123.63413091143
250,8,65,-7562.51208077154,65,1981.70189777772,65,2511.38291390224,65,-349.562419077113
250,8,70,-7606.37112544629,70,1183.31728259829,70,2198.12896907857,70,251.270491963201
250,8,75,-7582.77546037745,75,500.199880058088,75,1785.10310018363,75,664.466968712895
250,8,80,-7537.04772685956,80,-16.3038993347589,80,1298.65292797635,80,902.711992556722
250,8,85,-7498.56915217924,85,-324.503347075276,85,767.144799199701,85,1002.36034116442
250,8,90,-7481.22032091086,90,-397.625490401162,90,223.337463894191,90,1016.55090416844
255,8,0,5383.45727323784,0,3195.35790704471,0,-5592.10524562499,0,777.431843342645
255,8,5,4413.05731210855,5,4109.00206228518,5,-5157.2436275468,5,-1273.76266499212
255,8,10,3123.69203822482,10,4917.59050025374,10,-4377.18638683048,10,-3105.47307672108
255,8,15,1621.04214239015,15,5561.86346125288,15,-3346.88403039778,15,-4543.1023821034
255,8,20,15.7331629205369,20,5990.62889881022,20,-2174.51564478456,20,-5484.21919698758
255,8,25,-1590.46940384433,25,6168.55399715367,25,-968.288086382591,25,-5902.30437947235
255,8,30,-3112.52672956986,30,6081.69709378398,30,173.51861604032,30,-5835.79889614657
255,8,35,-4483.34995910639,35,5739.36897279476,35,1169.71055125567,35,-5367.76341185588
255,8,40,-5651.18479033832,40,5171.94203787784,40,1961.68222397702,40,-4603.61560110243
255,8,45,-6578.02295390165,45,4425.26376555951,45,2517.32899261462,45,-3653.43002997596
255,8,50,-7242.41797531641,50,3553.40935099311,50,2831.85487574213,50,-2621.49083028605
255,8,55,-7645.69502554454,55,2612.21388993889,55,2923.77361626898,55,-1601.44222580592
255,8,60,-7816.5716567585,60,1655.61367378311,60,2826.3290440509,60,-673.191421106523
255,8,65,-7808.94349495953,65,735.142998793797,65,2577.2628039405,65,101.27453237026
255,8,70,-7691.44126025127,70,-99.0393625834266,70,2211.05927223239,70,683.154915335565
255,8,75,-7532.46824207806,75,-798.055804253184,75,1756.38391820777,75,1060.95640269934
255,8,80,-7387.05383669621,80,-1316.73682512467,80,1238.4152192044,80,1251.10068820719
255,8,85,-7290.35441786886,85,-1618.3341512698,85,683.283154996727,85,1294.17083735267
255,8,90,-7258.40327582259,90,-1679.81806314975,90,121.302605404593,90,1247.63017137517
260,8,0,5344.92107422848,0,4069.15789566315,0,-5476.88227870164,0,605.867639758453
260,8,5,4129.18777142372,5,4963.84660584863,5,-4962.12928043619,5,-1471.27950898048
260,8,10,2607.82927980929,10,5667.31307094389,10,-4109.1069101793,10,-3300.23118566561
260,8,15,907.59224880775,15,6132.69554757126,15,-3020.72105829387,15,-4704.85561834782
260,8,20,-844.137364493904,20,6327.9256713763,20,-1810.92710743359,20,-5585.67588259966
260,8,25,-2535.36357870072,25,6240.56232008659,25,-590.548588693939,25,-5923.25535633376
260,8,30,-4078.48746937642,30,5880.07963281286,30,542.631919089486,30,-5765.96125193576
260,8,35,-5410.93692548274,35,5276.92552071655,35,1510.14169905375,35,-5207.54016665336
260,8,40,-6490.33922967539,40,4478.41639372561,40,2257.23311893344,40,-4362.63078294067
260,8,45,-7290.12614108864,45,3542.09071487314,45,2756.15442534364,45,-3347.55888666079
260,8,50,-7800.28087241613,50,2527.98146209416,50,3006.87921949227,50,-2269.58327478768
260,8,55,-8032.94242569998,55,1492.14150608558,55,3033.13754959327,55,-1222.73027224488
260,8,60,-8027.53208982169,60,483.626539218575,60,2873.44567728663,60,-285.716938834166
260,8,65,-7849.09614791606,65,-454.570708727371,65,2570.00598490772,65,481.454340937057
260,8,70,-7577.58263033382,70,-1282.50456897484,70,2160.07179391999,70,1042.39954547803
260,8,75,-7291.69181212554,75,-1961.2608774924,75,1673.03039672321,75,1388.36163448223
260,8,80,-7054.32348262231,80,-2454.1245862423,80,1133.0558884119,80,1538.73258853201
260,8,85,-6905.27561628477,85,-2730.85950035642,85,564.255430919361,85,1537.15222597718
260,8,90,-6862.12833705909,90,-2773.07954451584,90,-5.43385810091952,90,1444.05585216686
265,8,0,5193.85111572493,0,4942.72457212881,0,-5348.79681354582,0,480.720650960574
265,8,5,3753.11604459852,5,5786.23849260484,5,-4772.65132521342,5,-1599.85883137032
265,8,10,2031.82155712444,10,6352.6142632485,10,-3867.29415886955,10,-3413.26825219127
265,8,15,173.611904478246,15,6611.43206340118,15,-2741.37425469989,15,-4783.11927657563
265,8,20,-1681.81737142038,20,6553.26760186762,20,-1512.68534644264,20,-5612.18368105851
265,8,25,-3416.1943528663,25,6190.98299290637,25,-293.183938195886,25,-5885.88189997024
265,8,30,-4942.34682917261,30,5558.47493666138,30,820.882080258631,30,-5659.51453457995
265,8,35,-6204.26618136184,35,4706.99331425582,35,1754.38303070415,35,-5034.54444098756
265,8,40,-7170.44948753749,40,3699.465569863,40,2456.57214312955,40,-4132.44371480845
265,8,45,-7827.00661727506,45,2603.23484362969,45,2903.59049718692,45,-3074.14384178054
265,8,50,-8176.2122264125,50,1482.20393295156,50,3099.08470733948,50,-1968.77749997062
265,8,55,-8240.98643656649,55,390.506185099781,55,3070.45382482479,55,-909.877965199532
265,8,60,-8070.05763750701,60,-629.882598681496,60,2859.87809809506,60,25.8459512511253
265,8,65,-7736.90998150336,65,-1546.80942789894,65,2512.78332069216,65,781.039359946274
265,8,70,-7329.44090972666,70,-2332.8647377727,70,2068.60029247072,70,1321.98878873301
265,8,75,-6933.54644331077,75,-2961.23714509428,75,1557.4950516711,75,1642.33764045492
265,8,80,-6617.83164424218,80,-3405.37763046825,80,1003.10193521791,80,1763.56577568474
265,8,85,-6425.62841683968,85,-3642.69539596463,85,428.034491603334,85,1731.16978906416
265,8,90,-6375.6740449636,90,-3659.99587942478,90,-141.833960015155,90,1607.28367427438
270,8,0,4946.17460599656,0,5787.52712564695,0,-5217.43752183273,0,407.160157377858
270,8,5,3308.65130514397,5,6553.382907175,5,-4599.76730479982,5,-1657.47789227636
270,8,10,1425.53848038863,10,6960.68043374624,10,-3663.16644045903,10,-3445.97432066729
270,8,15,-547.654329168697,15,6998.15136633828,15,-2519.61673085204,15,-4782.64787764356
270,8,20,-2464.05778948603,20,6680.8351289925,20,-1288.70472774668,20,-5571.63320482978
270,8,25,-4203.38725098979,25,6047.51557354769,25,-82.0932703008966,25,-5800.81624953366
270,8,30,-5681.64073629728,30,5155.95394892425,30,1006.28375963185,30,-5529.19120252104
270,8,35,-6850.63155488867,35,4076.76480761185,35,1904.8582487484,35,-4862.66816068511
270,8,40,-7690.12302315927,40,2886.58356257524,40,2566.60030809574,40,-3926.94506691776
270,8,45,-8199.10174342625,45,1660.57696285198,45,2970.73347633897,45,-2845.89885984535
270,8,50,-8392.26612576384,50,464.732062823098,50,3123.22419282315,50,-1729.65106017237
270,8,55,-8302.88665797578,55,-650.217659137646,55,3053.38906568824,55,-670.731558692236
270,8,60,-7987.36295830714,60,-1650.61275932909,60,2805.28871657943,60,256.585791805332
270,8,65,-7524.63303445792,65,-2516.29830055335,65,2426.22204731634,65,997.934542341339
270,8,70,-7006.82025119695,70,-3233.61843396612,70,1957.20929140195,70,1522.31718264835
270,8,75,-6523.57994341763,75,-3789.1347504981,75,1429.38382762111,75,1825.34658636302
270,8,80,-6146.8931777053,80,-4167.62677842277,80,866.512256610802,80,1929.69919175939
270,8,85,-5922.58680689304,85,-4354.98973076818,85,290.447210185061,85,1881.56839241145
270,8,90,-5870.38767555729,90,-4343.59100742835,90,-274.536630711752,90,1743.57187307009
275,8,0,4623.18160994871,0,6574.21421570047,0,-5088.900242506,0,386.825070648201
275,8,5,2823.41104183225,5,7243.86189314552,5,-4450.14363124567,5,-1644.77434263166
275,8,10,820.341929211562,10,7481.90621182884,10,-3503.28413292972,10,-3400.99328229252
275,8,15,-1224.11000165482,15,7297.25346136543,15,-2361.13659841912,15,-4707.73736145401
275,8,20,-3161.19315121609,20,6729.32629449418,20,-1142.95255036241,20,-5469.68315508155
275,8,25,-4872.72386789726,25,5841.66010807342,25,41.3012686456348,25,-5674.84476778017
275,8,30,-6280.13651627127,30,4713.9408556448,30,1100.57369340091,30,-5382.59319617133
275,8,35,-7343.54842763019,35,3433.88221023914,35,1966.70677095433,35,-4699.80868073265
275,8,40,-8053.42420750198,40,2089.61645613846,40,2595.70346596447,40,-3753.57938728958
275,8,45,-8420.87298781188,45,762.240228101493,45,2968.7644236088,45,-2668.95946736852
275,8,50,-8472.41452333985,50,-481.565024835899,50,3092.68064519199,50,-1556.26847216775
275,8,55,-8250.84819675213,55,-1595.24362629158,55,2996.90062474783,55,-506.805532894063
275,8,60,-7818.53698633306,60,-2553.67289165591,60,2725.58662654056,60,407.638378494252
275,8,65,-7256.98340236538,65,-3348.62421327784,65,2326.57304500694,65,1135.67748909472
275,8,70,-6658.90217041353,70,-3980.2001826229,70,1841.90901085589,70,1648.86046068024
275,8,75,-6114.27053318816,75,-4448.66678220727,75,1303.93620216616,75,1944.29091463233
275,8,80,-5696.05947581275,80,-4750.76273163349,80,737.295864479829,80,2045.02041997764
275,8,85,-5451.53130218208,85,-4881.52379629521,85,163.888707071731,85,1996.86884110009
275,8,90,-5401.31161980432,90,-4839.217826167,90,-393.058904208179,90,1861.75568920022
280,8,0,4250.62049077613,0,7273.70883060947,0,-4965.3496729393,0,418.24844212502
280,8,5,2328.00926993293,5,7837.94945313163,5,-4325.95267794282,5,-1564.28002765783
280,8,10,248.523415919799,10,7909.30501283815,10,-3389.36006006189,10,-3281.35240987128
280,8,15,-1824.97043047649,15,7515.9649699197,15,-2266.69225663929,15,-4561.4571259356
280,8,20,-3746.75048151343,20,6719.71686897275,20,-1074.70462107711,20,-5309.20666981263
280,8,25,-5404.24563399401,25,5606.05426160284,25,79.6824395508949,25,-5510.58845905095
280,8,30,-6725.92535023946,30,4273.55269137461,30,1108.66574913453,30,-5222.08879232403
280,8,35,-7680.02140371511,35,2824.22157480173,35,1947.02355165213,35,-4547.98540809575
280,8,40,-8266.42570205893,40,1355.38191242077,40,2552.78855963874,40,-3613.7290668311
280,8,45,-8506.85835698704,45,-47.639161358533,45,2907.84705122404,45,-2543.60443309708
280,8,50,-8438.37133400495,50,-1318.44402572127,50,3018.31620736328,50,-1447.29008656042
280,8,55,-8112.0705729015,55,-2414.78231097497,55,2912.12183904756,55,-414.770774714823
280,8,60,-7594.60402273714,60,-3319.36341073341,60,2631.91550257358,60,484.394175586986
280,8,65,-6967.53849523734,65,-4034.67323585434,65,2224.84541423689,65,1201.46105311703
280,8,70,-6321.03243547284,70,-4573.41385478753,70,1733.45601170017,70,1710.13211012412
280,8,75,-5742.25720049387,75,-4948.9429781806,75,1191.48687615995,75,2008.47562964901
280,8,80,-5302.81079303026,80,-5170.02115237491,80,625.114271213329,80,2119.17989144823
280,8,85,-5050.16719771242,85,-5241.26918973939,85,57.0484985128303,85,2086.71876714045
280,8,90,-5005.61251848037,90,-5167.18141001083,90,-489.940090111203,90,1971.15150916672
285,8,0,3857.06322891558,0,7858.82566640993,0,-4844.98075565478,0,496.907033936515
285,8,5,1854.40773101197,5,8318.2011161071,5,-4224.86993218427,5,-1420.33833495264
285,8,10,-258.063945127412,10,8237.99606150272,10,-3318.25794653963,10,-3090.44451869898
285,8,15,-2321.57571611231,15,7662.85322804906,15,-2232.08106844049,15,-4345.73418220336
285,8,20,-4197.52491658883,20,6673.11508874672,20,-1078.50355408644,20,-5090.45560977211
285,8,25,-5781.53638145191,25,5372.09687311693,25,39.8157166534545,25,-5306.69903291263
285,8,30,-7009.96482532099,30,3873.43656833792,30,1038.47854143927,30,-5045.00709635975
285,8,35,-7858.46614225537,35,2290.32276030758,35,1854.49504149365,35,-4403.54383040011
285,8,40,-8334.67231241635,40,726.973358828454,40,2446.75991754742,40,-3502.98963806044
285,8,45,-8468.89182293408,45,-728.533890363226,45,2796.53369918634,45,-2464.69664443958
285,8,50,-8306.83379174586,50,-2010.69432742213,50,2907.91145364571,50,-1396.66946603705
285,8,55,-7906.28718823294,55,-3081.16084511584,55,2805.91298558366,55,-387.455230760404
285,8,60,-7336.56666616682,60,-3929.05243156406,60,2530.35241122278,60,495.217510589966
285,8,65,-6677.35216787339,65,-4565.46616489087,65,2126.65288754134,65,1204.65749689097
285,8,70,-6013.85142801066,70,-5013.57313568916,70,1637.33052082165,70,1716.1163348637
285,8,75,-5427.85742943797,75,-5298.31426100612,75,1097.56438668892,75,2028.01800167919
285,8,80,-4987.35008581038,80,-5439.86033112802,80,535.514679505414,80,2161.98087757663
285,8,85,-4738.5360796485,85,-5452.46972873058,85,-24.6867652726938,85,2160.22267342892
285,8,90,-4702.78482774381,90,-5347.03781666245,90,-560.132649774204,90,2079.79999910035
290,8,0,3471.16510954322,0,8306.14385666631,0,-4722.27801967746,0,614.914678339355
290,8,5,1433.04834564263,5,8670.04202152165,5,-4140.15801726567,5,-1219.67412997304
290,8,10,-670.581204113734,10,8464.47736305476,10,-3281.90218618078,10,-2832.80168927622
290,8,15,-2689.30965947596,15,7746.03469373653,15,-2247.92847461481,15,-4062.20842923662
290,8,20,-4494.65679525387,20,6608.3417073198,20,-1143.92611949151,20,-4811.86955232303
290,8,25,-5991.98904155535,25,5167.38500078332,25,-67.301972973005,25,-5058.53076380936
290,8,30,-7125.70996904235,30,3547.48051131339,30,900.934963748492,30,-4844.13182512894
290,8,35,-7877.90803520409,35,1869.6665201237,35,1699.25328195409,35,-4257.47652902164
290,8,40,-8262.11815535142,40,242.780149349587,40,2286.29695404008,40,-3411.3669675675
290,8,45,-8314.94294679105,45,-1243.66027001116,45,2641.56965517204,45,-2421.84700116585
290,8,50,-8088.4342321515,50,-2525.36773983335,50,2766.09137588308,50,-1393.89956521252
290,8,55,-7645.07652060258,55,-3567.12834922009,55,2680.96188626443,55,-414.276558243031
290,8,60,-7055.27015609935,60,-4362.60419542307,60,2422.18131192853,60,450.77339682544
290,8,65,-6395.40787923065,65,-4928.85127052845,65,2032.61835301676,65,1155.91486443784
290,8,70,-5744.18949898814,70,-5296.69169898817,70,1554.22536644628,70,1677.18723784394
290,8,75,-5176.16208462183,75,-5500.33727617036,75,1023.45060471178,75,2012.64702227135
290,8,80,-4753.69746197249,80,-5569.94347009893,80,470.594607086246,80,2182.09349600354
290,8,85,-4520.04968462625,85,-5528.78683786585,85,-78.4010462123383,85,2224.58413683277
290,8,90,-4495.7001233417,90,-5393.93829439728,90,-599.960761663311,90,2193.05576883134
295,8,0,3117.80253908815,0,8597.68919430464,0,-4588.51197160698,0,760.62111075345
295,8,5,1088.87059916263,5,8882.02292669862,5,-4060.88774295469,5,-972.331277687275
295,8,10,-966.853823468955,10,8585.43588626591,10,-3267.28123152514,10,-2515.41093585033
295,8,15,-2910.57072806826,15,7770.82867719987,15,-2299.59420449617,15,-3713.71363594571
295,8,20,-4625.79790356176,20,6538.88260521206,20,-1255.51708189806,20,-4471.53180111548
295,8,25,-6028.26940312409,25,5012.42260075979,25,-226.473485924935,25,-4759.43815416695
295,8,30,-7070.0989818358,30,3321.63037722912,30,709.843331658208,30,-4608.75605747834
295,8,35,-7738.70156414357,35,1591.82280531465,35,1492.74295989513,35,-4096.18434467801
295,8,40,-8051.71306249762,40,-65.9088987246116,40,2079.80864962354,40,-3323.73455335059
295,8,45,-8049.66117590048,45,-1561.85611445039,45,2448.02995150723,45,-2399.61779434808
295,8,50,-7788.36555069988,50,-2833.10920701044,50,2594.70623504756,50,-1424.07532683821
295,8,55,-7332.74395733174,55,-3846.63008690482,55,2536.41927440378,55,-481.310669270459
295,8,60,-6752.69459385605,60,-4598.59613391987,60,2304.73857383049,60,363.819612817477
295,8,65,-6120.3446744151,65,-5109.17322835485,65,1939.34984081708,65,1066.72575739824
295,8,70,-5507.0724107076,70,-5413.6383575307,70,1481.07599776168,70,1603.43085601635
295,8,75,-4979.05659831522,75,-5552.49581516864,75,967.227778528042,75,1970.80661685819
295,8,80,-4591.49971870491,80,-5563.55793102997,80,430.076883438315,80,2186.00111618039
295,8,85,-4383.02295494453,85,-5477.58317261528,85,-102.515725986641,85,2283.97340336868
295,8,90,-4371.98528798233,90,-5316.94987058673,90,-605.929835980912,90,2312.45336395261
300,8,0,2813.62826072304,0,8722.00539856881,0,-4432.49895728272,0,918.56069115888
300,8,5,836.926241918546,5,8945.6281227469,5,-3972.50617739384,5,-692.493458672614
300,8,10,-1135.34654175479,10,8596.21294654579,10,-3256.91274082953,10,-2149.16327108819
300,8,15,-2978.14084163343,15,7737.05176744828,15,-2367.64008160965,15,-3306.15496694473
300,8,20,-4587.87434850257,20,6469.31501572352,20,-1393.31068950494,20,-4069.27259589046
300,8,25,-5890.6263779663,25,4916.4891897715,25,-418.835882419761,25,-4402.91696881959
300,8,30,-6845.614989919,30,3209.45378062736,30,481.463340929179,30,-4326.68232328764
300,8,35,-7444.4997471217,35,1473.8990961187,35,1247.52032497351,35,-3903.17022843296
300,8,40,-7707.3502771763,40,-179.431600986493,40,1835.57017148951,40,-3221.10026031354
300,8,45,-7676.32073564544,45,-1661.98010658948,45,2219.84964659848,45,-2378.32582581059
300,8,50,-7408.35526262439,50,-2912.36155782814,50,2393.75934835312,50,-1468.29832970045
300,8,55,-6968.40374668233,55,-3898.75610934886,55,2369.17642096987,55,-571.444300429001
300,8,60,-6424.23839386017,60,-4617.91278241455,60,2172.94691479321,60,249.125317644671
300,8,65,-5842.97426888908,65,-5090.35380646965,65,1841.11080641945,65,949.252698836553
300,8,70,-5288.38521708975,70,-5352.5210307927,70,1412.7510111453,70,1504.26876629903
300,8,75,-4817.84329690349,75,-5447.76745470445,75,925.400678078639,75,1909.04585405682
300,8,80,-4478.41505939631,80,-5418.39807837733,80,412.803174181712,80,2177.20032964328
300,8,85,-4302.72906888505,85,-5300.14535794258,85,-95.4773480201042,85,2338.6284405158
300,8,90,-4305.8136678014,90,-5119.08590573679,90,-573.665932463597,90,2434.80635357819
305,8,0,2563.1373234582,0,8674.45387163393,0,-4241.73105796714,0,1070.21478501579
305,8,5,678.786880735501,5,8854.93718917958,5,-3858.02337277029,5,-398.630261361637
305,8,10,-1178.2830585517,10,8489.61826569245,10,-3230.13700832715,10,-1749.91021322615
305,8,15,-2897.87333068157,15,7636.86990003965,15,-2429.21327911446,15,-2850.3951039713
305,8,20,-4389.49599153531,20,6392.1626443212,20,-1534.18800251346,20,-3609.22727855541
305,8,25,-5589.20563011581,25,4873.52807843805,25,-622.999554325027,25,-3985.60279584967
305,8,30,-6462.64945098133,30,3207.15602724047,30,233.78883214322,30,-3987.37181063435
305,8,35,-7004.7452434983,35,1514.84015756636,35,977.106850042986,35,-3662.03183525568
305,8,40,-7236.49721809417,40,-95.9758260888775,40,1562.21016411063,40,-3083.17592065901
305,8,45,-7199.55883391462,45,-1539.46751979035,45,1960.92675106696,45,-2336.01833868873
305,8,50,-6949.46872644737,50,-2756.08521640434,50,2163.04732313017,50,-1505.01421584634
305,8,55,-6548.83073559401,55,-3714.45560225765,55,2175.92060116615,55,-665.15123288943
305,8,60,-6061.64529358539,60,-4410.23177196179,60,2021.63269644938,60,123.090363173399
305,8,65,-5549.33241849819,65,-4861.84462351423,65,1732.23000141167,65,816.141152291935
305,8,70,-5068.06750223999,70,-5103.76617723666,70,1344.38697482685,70,1388.28258082743
305,8,75,-4666.52638007348,75,-5178.57689929557,75,895.000991655902,75,1831.7353541667
305,8,80,-4383.36387494591,80,-5129.3653911128,80,418.465013595163,80,2155.76896308543
305,8,85,-4244.47786635601,85,-4993.59851836296,85,-54.5323817258139,85,2384.29894385701
305,8,90,-4260.72868833093,90,-4798.84491548219,90,-497.310722248172,90,2551.58094850013
310,8,0,2356.59982116835,0,8456.9735481636,0,-4003.97927704991,0,1195.8462409953
310,8,5,601.013217417511,5,8606.81866775239,5,-3699.97285364494,5,-112.518283322797
310,8,10,-1112.7624643177,10,8256.21684364486,10,-3165.36321840431,10,-1338.56236804514
310,8,15,-2689.65253776802,15,7454.71332685571,15,-2460.36888280679,15,-2363.54283451379
310,8,20,-4052.02231419461,20,6286.97036288903,20,-1653.96711315933,20,-3102.27093784644
310,8,25,-5145.40210670992,25,4860.03170361649,25,-816.585575046854,25,-3510.640502718
310,8,30,-5941.22404918784,30,3290.12280052606,30,-14.1952625085284,30,-3585.90498203497
310,8,35,-6436.77880798293,35,1690.67446395691,35,696.150818475748,35,-3360.60355727205
310,8,40,-6652.67137294083,40,162.559082600972,40,1269.75613864897,40,-2892.29900393021
310,8,45,-6628.16758823748,45,-1213.04575829536,45,1676.9328883226,45,-2251.84529169312
310,8,50,-6415.13500302187,50,-2379.05868431671,50,1904.55889304177,50,-1512.62700732147
310,8,55,-6071.63844545248,55,-3304.1406616817,55,1955.91502730655,55,-742.284981095434
310,8,60,-5656.3081575995,60,-3981.6107290172,60,1848.46737808021,60,2.69928764717009
310,8,65,-5224.16908234827,65,-4425.82731253282,65,1609.98389835276,65,680.044664280632
310,8,70,-4823.90502541733,70,-4666.55684151273,70,1273.99827987408,70,1263.09175930014
310,8,75,-4495.98714047535,75,-4742.19551963542,75,875.723393626582,75,1741.09260847277
310,8,80,-4271.05240543736,80,-4692.87319441574,80,449.084215280839,80,2118.38431030907
310,8,85,-4168.314304705,85,-4554.34580302204,85,24.9505022571992,85,2412.166322885
310,8,90,-4194.26230800362,90,-4353.25733921562,90,-369.733103328604,90,2648.68532615457
315,8,0,2170.93062444136,0,8077.80801642336,0,-3709.35186348417,0,1277.28543990971
315,8,5,576.459249292966,5,8202.31666573374,5,-3483.02254307063,5,143.024134069768
315,8,10,-969.311772605701,10,7887.02850698067,10,-3042.99752574631,10,-939.768073198856
315,8,15,-2386.1453228731,15,7170.61031105648,15,-2438.93396212269,15,-1868.89625133558
315,8,20,-3608.77546941804,20,6123.46905802343,20,-1729.77424842758,20,-2567.36194488174
315,8,25,-4591.66434312878,25,4837.32870525626,25,-977.745098467521,25,-2990.34970955132
315,8,30,-5311.41411654151,30,3413.85730512334,30,-242.97531571913,30,-3126.70265422038
315,8,35,-5766.87032170488,35,1953.90151214614,35,421.051360295345,35,-2995.33732548096
315,8,40,-5977.06083059267,40,548.426182578917,40,971.226310258727,40,-2638.01500681379
315,8,45,-5977.26679952435,45,-728.217606540166,45,1377.65619542852,45,-2110.39134847533
315,8,50,-5813.79567689785,50,-1822.44954002073,50,1625.30279794326,50,-1473.20349399112
315,8,55,-5538.30968565727,55,-2703.0460235722,55,1714.03309053992,55,-784.912268206165
315,8,60,-5202.6350067853,60,-3360.32208373566,60,1656.93973364258,60,-96.3620827759031
315,8,65,-4854.71195456472,65,-3803.21415039489,65,1477.25968258458,65,552.617879261818
315,8,70,-4535.8536028267,70,-4054.72041481569,70,1204.6097665838,70,1135.04262435293
315,8,75,-4279.03805157626,75,-4146.30866723787,75,871.339254369156,75,1637.33929113141
315,8,80,-4107.80284033311,80,-4112.00385958609,80,509.565502264468,80,2058.72673088948
315,8,85,-4035.46044857801,85,-3982.87128636507,85,149.096782446128,85,2409.31566131195
315,8,90,-4064.63225433384,90,-3782.51637385863,90,-183.837506414234,90,2706.90102926202
320,8,0,1973.71041425277,0,7551.587359097,0,-3352.61521190302,0,1301.15669439599
320,8,5,568.262421759728,5,7649.25489589648,5,-3196.82816978318,5,347.450916039739
320,8,10,-788.216819903916,10,7378.53043580177,10,-2848.46715605085,10,-579.020522303569
320,8,15,-2029.69938345771,15,6767.02632978148,15,-2347.26653000262,15,-1393.94156278155
320,8,20,-3102.64172850117,20,5869.42960610698,20,-1742.13570052064,20,-2030.7750952774
320,8,25,-3969.82773377707,25,4759.58314202332,25,-1086.30986789048,25,-2446.85236263999
320,8,30,-4612.39032857224,30,3521.37378797245,30,-432.615193622224,30,-2625.51025610587
320,8,35,-5029.94954632429,35,2239.73443272896,35,170.835306767064,35,-2574.42148332544
320,8,40,-5238.94589373775,40,992.802351542959,40,684.301795600442,40,-2320.95974836702
320,8,45,-5269.41661145885,45,-154.079944518456,45,1079.20189381503,45,-1905.85950392762
320,8,50,-5160.67926709119,50,-1152.19079570188,50,1339.73630435421,50,-1376.48494303039
320,8,55,-4956.58000912435,55,-1971.04540380409,55,1463.12007561372,55,-780.753519667806
320,8,60,-4701.01397719561,60,-2597.97244511607,60,1458.38873088082,60,-162.314175993353
320,8,65,-4434.26811021161,65,-3035.95483888672,65,1344.04294034346,65,442.844400559881
320,8,70,-4190.42833810422,70,-3300.12701383159,70,1145.03331693162,70,1008.43547175024
320,8,75,-3995.78290888154,75,-3413.39320995423,75,889.653201666995,75,1518.69905874577
320,8,80,-3867.98115243368,80,-3401.69330498948,80,606.793460973604,80,1968.07859349833
320,8,85,-3815.71251009541,85,-3289.47907342208,85,323.805427972629,85,2359.76960190814
320,8,90,-3838.78501457608,90,-3095.95293793998,90,65.0225769640221,90,2703.22252658775
325,8,0,1729.48397706746,0,6899.57277441907,0,-2935.4815109429,0,1261.80749197334
325,8,5,535.475686581995,5,6965.00835736875,5,-2838.6343536295,5,486.223716318499
325,8,10,-614.685045326848,10,6738.27097410834,10,-2574.76126366547,10,-278.548554497066
325,8,15,-1668.32872240607,15,6237.24297357468,15,-2174.40443856873,15,-966.370781494619
325,8,20,-2582.82559532796,20,5501.37535361538,20,-1676.50791857879,20,-1522.74446836207
325,8,25,-3328.55126120151,25,4586.15287858974,25,-1124.6080197819,25,-1909.76145730837
325,8,30,-3890.47147803851,30,3556.38157364022,30,-562.884289497223,30,-2108.40765749553
325,8,35,-4268.25533916487,35,2479.27949761507,35,-32.4043802559204,35,-2118.19316184917
325,8,40,-4474.96804155065,40,1418.22611231385,40,432.143970448172,40,-1954.54614131795
325,8,45,-4534.54712950651,45,427.79295181743,45,804.961347685831,45,-1644.72010812355
325,8,50,-4478.42282372771,50,-449.595385053121,50,1070.64788365988,50,-1223.06628441063
325,8,55,-4341.76254133449,55,-1185.27609454465,55,1224.57133239992,55,-726.425285842365
325,8,60,-4159.84781447,60,-1764.34306766124,60,1272.10388098983,60,-190.168084175671
325,8,65,-3965.00248002674,65,-2184.25674154997,65,1226.92396472613,65,354.832176775664
325,8,70,-3784.31251157989,70,-2452.38205984047,70,1108.72327306633,70,884.203581793161
325,8,75,-3638.18116012573,75,-2582.81829692969,75,940.710808034245,75,1381.05626445429
325,8,80,-3539.62022536517,80,-2592.92424954751,80,747.258483862195,80,1835.97521481636
325,8,85,-3494.12240671059,85,-2499.96972387086,85,551.921774801573,85,2246.08572529552
325,8,90,-3499.97444981361,90,-2318.34248675367,90,375.944314446456,90,2613.31735421608
330,8,0,1406.70005480639,0,6149.1696051224,0,-2468.57485617233,0,1163.21541013514
330,8,5,438.934934726662,5,6177.5387175934,5,-2415.28876099193,5,554.088964179924
330,8,10,-493.975975835464,10,5988.23322671518,10,-2224.24913505835,10,-52.892745882321
330,8,15,-1351.67355631132,15,5591.63261407989,15,-1917.57796080976,15,-608.901150296053
330,8,20,-2101.45201383714,20,5013.99948609786,20,-1524.50015808248,20,-1072.04838292477
330,8,25,-2720.41799703762,25,4293.96754913561,25,-1078.49197794954,25,-1411.11201397969
330,8,30,-3196.64963225149,30,3478.05264980636,30,-614.212601925635,30,-1607.62719856623
330,8,35,-3529.27779960665,35,2615.83774648713,35,-164.505842991647,35,-1656.24881481627
330,8,40,-3727.52752085577,40,1755.44069841454,40,242.256206299736,40,-1563.56778473398
330,8,45,-3808.87343331049,45,939.746193495303,45,584.247298517568,45,-1345.77582258758
330,8,50,-3796.56729834219,50,203.708605772984,50,847.494897565029,50,-1025.67538724695
330,8,55,-3716.86584296362,55,-427.148170215088,55,1026.32522096112,55,-629.524292982097
330,8,60,-3596.302491,60,-937.06323521784,60,1122.96113348021,60,-184.116025109726
330,8,65,-3459.29883973926,65,-1319.34772364025,65,1146.40334245911,65,285.627323898489
330,8,70,-3326.31476647736,70,-1574.89019596244,70,1110.813362344,70,758.390837887247
330,8,75,-3212.62058325028,75,-1710.12544961012,75,1033.65605143805,75,1217.46333468789
330,8,80,-3127.67404777255,80,-1734.76260029165,80,933.845791802565,80,1650.99199310371
330,8,85,-3075.02024806446,85,-1659.58042760969,85,830.086545164033,85,2051.54843220611
330,8,90,-3052.60581278307,90,-1494.58642230545,90,739.523566541231,90,2415.12129750707
335,8,0,983.622198280713,0,5331.5997201408,0,-1972.77077294857,0,1019.34403097255
335,8,5,246.287963855756,5,5322.9379502256,5,-1944.52006295394,5,556.998933441267
335,8,10,-467.099997228319,10,5163.36015899192,10,-1809.88333196732,10,94.616178728096
335,8,15,-1127.23135950553,15,4858.25092437837,15,-1583.4706249057,15,-334.328169137014
335,8,20,-1710.17002121219,20,4423.67036310538,20,-1285.40435372494,20,-700.025157168166
335,8,25,-2198.82630855274,25,3884.37530925039,25,-939.341103571285,25,-978.895548747138
335,8,30,-2583.75487267982,30,3271.1417386217,30,-570.294787494425,30,-1155.24432492536
335,8,35,-2863.22699127358,35,2617.76568256077,35,-202.470454145867,35,-1221.90293845728
335,8,40,-3042.60441017937,40,1958.11721277587,40,142.68816247789,40,-1179.90846099631
335,8,45,-3133.11752072614,45,1323.56595062022,45,448.060702671313,45,-1037.39454213399
335,8,50,-3150.21375956567,50,741.004748061506,50,701.891508010507,50,-807.947704583315
335,8,55,-3111.68229299938,55,231.592067492633,55,898.242899863172,55,-508.708069929828
335,8,60,-3035.77050214509,60,-189.767836124803,60,1036.86508468909,60,-158.47360235294
335,8,65,-2939.48488133999,65,-514.272103229186,65,1122.55647729817,65,223.982790605029
335,8,70,-2837.21996069677,70,-738.521299673369,70,1164.14178008147,70,621.236367408941
335,8,75,-2739.79626703366,75,-863.444777452034,75,1173.22393411625,75,1018.08969381664
335,8,80,-2653.92647485624,80,-893.040050888053,80,1162.86740756095,80,1401.9815051915
335,8,85,-2582.0791057712,85,-833.121318499449,85,1146.34829463967,85,1762.95189147838
335,8,90,-2522.67695213827,90,-690.257762702289,90,1136.06983211575,90,2093.23918119753
340,8,0,452.157546328379,0,4477.31550456293,0,-1479.39027310849,0,852.699526294434
340,8,5,-64.2082599959993,5,4439.15544061219,5,-1455.22521614462,5,512.028814133347
340,8,10,-567.039826436998,10,4304.66074012826,10,-1355.81238241269,10,173.390080784413
340,8,15,-1036.59449191824,15,4076.49760169997,15,-1189.45648364554,15,-142.309770289977
340,8,20,-1456.4489875118,20,3763.74898178179,20,-968.339150615251,20,-415.822749926363
340,8,25,-1814.43247635065,25,3380.9623205887,25,-707.296856050972,25,-631.135417517278
340,8,30,-2103.15073991077,30,2946.76492301368,30,-422.452603520919,30,-776.606366227098
340,8,35,-2320.07264023962,35,2482.23336545622,35,-129.83136342539,35,-845.585386027094
340,8,40,-2467.19495899015,40,2009.21249548135,40,155.913541671012,40,-836.507222577008
340,8,45,-2550.34411826276,45,1548.76183912872,45,422.552138234156,45,-752.518262687129
340,8,50,-2578.20776208946,50,1119.86874159437,50,661.024712888763,50,-600.742904091559
340,8,55,-2561.21114907713,55,738.517021507601,55,865.837686382611,55,-391.323035277659
340,8,60,-2510.35996874183,60,417.146244169472,60,1035.10251927651,60,-136.368971410498
340,8,65,-2436.16230858159,65,164.487282667112,65,1170.24999780184,65,151.052937973989
340,8,70,-2347.72061637626,70,-14.280449226831,70,1275.48304459627,70,457.796472647735
340,8,75,-2252.05437705517,75,-117.133292767135,75,1357.05057722577,75,771.308560630572
340,8,80,-2153.68158557822,80,-144.668339029221,80,1422.43132520058,80,1080.06735923565
340,8,85,-2054.45724366956,85,-99.5315753776067,85,1479.51085608795,85,1373.78788600247
340,8,90,-1953.64382822624,90,14.0973902296203,90,1535.82027807533,90,1643.42846116559
345,8,0,-180.65453458436,0,3610.11318731455,0,-1028.40392887151,0,691.151000038309
345,8,5,-501.054951740515,5,3557.67602488143,5,-986.100584865909,5,445.097331362596
345,8,10,-815.268507262117,10,3449.14974209763,10,-896.841603897617,10,204.590112987008
345,8,15,-1111.4378336675,15,3286.16165680343,15,-764.236983824586,15,-18.811871069952
345,8,20,-1379.35920658144,20,3073.65796056273,20,-594.292513591192,20,-214.196265793421
345,8,25,-1611.02005834219,25,2819.53669202487,25,-394.7825958377,25,-372.124196788074
345,8,30,-1800.92645313571,30,2534.05539261438,30,-174.530651671099,30,-485.287292324698
345,8,35,-1946.20529504536,35,2229.08728049808,35,57.3361973331668,35,-548.946402017942
345,8,40,-2046.48747881896,40,1917.30836277492,40,292.092294309074,40,-561.132477547963
345,8,45,-2103.59824370267,45,1611.39575425859,45,522.019929785849,45,-522.6179719457
345,8,50,-2121.09741366185,50,1323.30608805005,50,740.87154457475,50,-436.690514093446
345,8,55,-2103.72323507119,55,1063.68492196046,55,944.158933889975,55,-308.777009629499
345,8,60,-2056.79813685136,60,841.436638430252,60,1129.25942275754,60,-145.974569334046
345,8,65,-1985.65283422916,65,663.462639970959,65,1295.34716361881,65,43.4550583149834
345,8,70,-1895.11758849877,70,534.556323441115,70,1443.1732438853,70,250.577388495233
345,8,75,-1789.11767384529,75,457.428334930803,75,1574.72957363102,75,466.224772654609
345,8,80,-1670.39616353896,80,432.826156560636,80,1692.83770229346,80,681.359396867285
345,8,85,-1540.37305178414,85,459.708627964725,85,1800.70477443751,85,887.35072803768
345,8,90,-1399.13719454397,90,535.438378660308,90,1901.48550652864,90,1076.17263813647
350,8,0,-893.236646711187,0,2742.13180065028,0,-663.812140885576,0,563.415835324948
350,8,5,-1058.00848183657,5,2696.42437287156,5,-581.715956654526,5,386.813712877057
350,8,10,-1218.72476047647,10,2620.84488817186,10,-475.645748188854,10,217.761864159969
350,8,15,-1369.55327349792,15,2516.82617156076,15,-346.485325792423,15,61.688150103127
350,8,20,-1505.19366151373,20,2387.16592815596,20,-196.321192767124,20,-76.2654070131669
350,8,25,-1621.13875298136,25,2235.91817643525,25,-28.2158279152294,25,-191.577866850466
350,8,30,-1713.85623622832,30,2068.19479886416,30,154.06745939096,30,-280.638624548684
350,8,35,-1780.88284433144,35,1889.89730705117,35,346.36263297563,35,-340.969394266337
350,8,40,-1820.83103129748,40,1707.40349080685,40,544.396243820089,40,-371.36558000644
350,8,45,-1833.31550414282,45,1527.23520548461,45,744.05622416315,45,-371.952146088288
350,8,50,-1818.81325587316,50,1355.73230118681,50,941.614449981426,50,-344.157044284921
350,8,55,-1778.47537083875,55,1198.75409817863,55,1133.88887813944,55,-290.611839205653
350,8,60,-1713.91150488011,60,1061.42458633855,60,1318.33744598748,60,-214.993820458746
350,8,65,-1626.96847633166,65,947.931505316372,65,1493.08247628835,65,-121.826337232059
350,8,70,-1519.52297698194,70,861.383469477115,70,1656.87040412538,70,-16.2543846365764
350,8,75,-1393.3053640412,75,803.724049227635,75,1808.97669451426,75,96.189079792367
350,8,80,-1249.76730475462,80,775.697734213081,80,1949.06948222773,80,209.813507897146
350,8,85,-1090.00125650518,85,776.860283286898,85,2077.04757212549,85,318.988877507686
350,8,90,-914.714902478135,90,805.625171572839,90,2192.86901857285,90,418.346363427794
355,8,0,-1651.75576256922,0,1872.13126193959,0,-426.176491897658,0,493.944902674223
355,8,5,-1713.95553969064,5,1857.05846639655,5,-285.694970632199,5,367.185161635363
355,8,10,-1767.8992544848,10,1826.81477436276,10,-136.962045395223,10,245.774479819475
355,8,15,-1811.75320446433,15,1782.52498477465,15,19.7495652507791,15,131.789392433007
355,8,20,-1843.71982395858,20,1725.68971034059,20,183.785025336832,20,27.1137089445213
355,8,25,-1862.12048219,25,1658.14931691266,25,354.135937821303,25,-66.6413524241397
355,8,30,-1865.4649105009,30,1582.02804885733,30,529.485348878716,30,-148.208752771286
355,8,35,-1852.50429349449,35,1499.66099158514,35,708.264418985619,35,-216.724021363731
355,8,40,-1822.26656194952,40,1413.50771866619,40,888.715587033024,40,-271.7664875391
355,8,45,-1774.07392679499,45,1326.05730707657,45,1068.95709932723,45,-313.380613961184
355,8,50,-1707.54407096158,50,1239.72984245968,50,1247.04422739199,50,-342.076029709475
355,8,55,-1622.5775649715,55,1156.77958233951,55,1421.02329250577,55,-358.806201088491
355,8,60,-1519.33491418061,60,1079.2046418134,60,1588.97566151281,60,-364.926908016305
355,8,65,-1398.20713361402,65,1008.66748391303,65,1749.05007302661,65,-362.136732013304
355,8,70,-1259.78386668081,70,946.429721914165,70,1899.48288643604,70,-352.402557662791
355,8,75,-1104.82283487823,75,893.30386321767,75,2038.60701439207,75,-337.873625328258
355,8,80,-934.223872299787,80,849.623726033929,80,2164.85131318368,80,-320.787960863172
355,8,85,-749.01002721442,85,815.23440639878,85,2276.73299566812,85,-303.375082957351
355,8,90,-550.317281562721,90,789.501907362984,90,2372.84615340664,90,-287.758799660732
360,8,0,-2413.73722269668,0,988.348572079023,0,-343.784624107761,0,498.172201080548
360,8,5,-2434.51502809647,5,1028.00617557308,5,-132.105359379815,5,410.136251560004
360,8,10,-2436.76470413207,10,1059.84003134394,10,80.5793069004069,10,318.978917518048
360,8,15,-2420.46912941047,15,1083.60786452735,15,292.650716,15,225.393961309041
360,8,20,-2385.75232309484,20,1099.12878756138,20,502.4948764435,20,130.093620957878
360,8,25,-2332.87850104382,25,1106.28467684997,25,708.514747462565,25,33.8031895985512
360,8,30,-2262.2500649693,30,1105.02107175478,30,909.142393440537,30,-62.7445044445457
360,8,35,-2174.40453991643,35,1095.34758907357,35,1102.85091684924,35,-158.814674922653
360,8,40,-2070.01048337343,40,1077.33784985056,40,1288.16607886113,40,-253.676169829675
360,8,45,-1949.86239714546,45,1051.1289190758,45,1463.67751919694,45,-346.607035910435
360,8,50,-1814.87468071612,50,1016.92026253788,50,1628.04948981901,50,-436.900013160866
360,8,55,-1666.07467211522,55,974.972228768809,55,1780.03102078041,55,-523.8679175037
360,8,60,-1504.59482925614,60,925.604067634478,60,1918.46544086155,60,-606.848870674236
360,8,65,-1331.66411124723,65,869.19150065043,65,2042.29918053662,65,-685.211337513574
360,8,70,-1148.59862527094,70,806.163861514256,70,2150.58979027385,70,-758.358932332517
360,8,75,-956.791610213531,75,737.000828616909,75,2242.51311314548,75,-825.734957766766
360,8,80,-757.702833275827,80,662.22877440052,80,2317.36955715962,80,-886.826641580009
360,8,85,-552.847480263414,85,582.416759346276,85,2374.5894195778,85,-941.169039170262
360,8,90,-343.784624107761,90,498.172201080552,90,2413.73722269668,90,-988.348572079026
