"Theta [deg]","Freq [GHz]","Phi [deg]","re(rETheta) [mV]","Phi [deg]","im(rETheta) [mV]","Phi [deg]","re(rEPhi) [mV]","Phi [deg]","im(rEPhi) [mV]"
0,8,0,-1104.02245916094,0,-150.684464471477,0,2391.11612155426,0,-899.891895593146
0,8,5,-891.421818820373,5,-228.541811144297,5,2478.23910025232,5,-883.334518824078
0,8,10,-672.036920183376,10,-304.659816636991,10,2546.50118299577,10,-860.054432994793
0,8,15,-447.537414796797,15,-378.459176966452,15,2595.38285411718,15,-830.228813615352
0,8,20,-219.631879453135,20,-449.378234439297,20,2624.51209458374,20,-794.084651658436
0,8,25,9.94518711052006,25,-516.877252206063,25,2633.66721328678,25,-751.897026020977
0,8,30,239.446564795195,30,-580.442521984524,30,2622.77853424498,30,-703.987010007659
0,8,35,467.125609539988,35,-639.590273689904,35,2591.92892688058,35,-650.719227769205
0,8,40,691.24954633803,40,-693.870357217339,40,2541.35317533315,40,-592.499079292417
0,8,45,910.112656700551,45,-742.869668355972,45,2471.43619161044,45,-529.769655061486
0,8,50,1122.04926020453,50,-786.215292761447,50,2382.71008617559,50,-463.008363871874
0,8,55,1325.44639132649,55,-823.577344059235,55,2275.85011826527,55,-392.723299461102
0,8,60,1518.75607508404,60,-854.671474479135,60,2151.66955675907,60,-319.449373608621
0,8,65,1700.50710806021,65,-879.261038913501,65,2011.11349071233,65,-243.744245134172
0,8,70,1869.31625514978,70,-897.158895929407,70,1855.25163665775,70,-166.184075777453
0,8,75,2023.89877681364,75,-908.228832027936,75,1685.27019741663,75,-87.3591452593793
0,8,80,2163.07820672246,80,-912.386598311168,80,1502.46283437921,80,-7.86935889698723
0,8,85,2285.79530537578,85,-909.600551667164,85,1308.22082196029,85,71.6803180382592
0,8,90,2391.11612155426,90,-899.891895593144,90,1104.02245916093,90,150.684464471475
5,8,0,-1139.62194898232,0,128.963691501861,0,2449.21385674047,0,-192.034247020071
5,8,5,-922.538273604762,5,113.437083571469,5,2591.0658426042,5,-128.881960903869
5,8,10,-689.237101233202,10,108.276631774994,10,2713.06107040169,10,-70.9754843676949
5,8,15,-441.500865082522,15,111.724130222651,15,2813.52805310596,15,-19.9526939663051
5,8,20,-181.300114301585,20,121.729259658145,20,2890.91210679764,20,22.9638316765533
5,8,25,89.1979886093333,25,136.039247922113,25,2943.79102926285,25,57.0169271318019
5,8,30,367.621606945183,30,152.297689136102,30,2970.89802156977,30,81.9467998701477
5,8,35,651.389178704398,35,168.14909822139,35,2971.15209316028,35,98.0032258757034
5,8,40,937.710023828851,40,181.345454543719,40,2943.69545795053,40,105.936903718141
5,8,45,1223.59314543235,45,189.850702442832,45,2887.9366814222,45,106.969499474375
5,8,50,1505.86645522501,50,191.938954745736,50,2803.59761862457,50,102.742623145309
5,8,55,1781.20815941435,55,186.282029358582,55,2690.76153477142,55,95.2467924917433
5,8,60,2046.19137295662,60,172.021989015422,60,2549.9192693793,60,86.7323540636924
5,8,65,2297.34221262023,65,148.824602630706,65,2382.00993653914,65,79.6053138957426
5,8,70,2531.21069084022,70,116.910149299308,70,2188.45248897173,70,76.3120293485676
5,8,75,2744.4527431139,75,77.0587728545748,75,1971.16454535585,75,79.2176552859123
5,8,80,2933.9207329598,80,30.5886716536661,80,1732.56521057615,80,90.4840327920988
5,8,85,3096.75885937379,85,-20.6932505258887,85,1475.55921281779,85,111.953260362205
5,8,90,3230.49911479151,90,-74.5671008377236,90,1203.5005268224,90,145.043403282793
10,8,0,-1337.34529453759,0,157.258005671867,0,2375.47148458265,0,537.717365051322
10,8,5,-1133.60051838243,5,209.892715269254,5,2539.32753511385,5,668.421602105466
10,8,10,-909.3393782946,10,287.604439896328,10,2686.92928954136,10,780.290077589525
10,8,15,-665.253310804071,15,385.920407333081,15,2817.04428624944,15,869.407059311299
10,8,20,-402.041956183078,20,499.630340123899,20,2928.20028294457,20,932.781977486307
10,8,25,-120.528210028865,25,622.958599796486,25,3018.64789370745,25,968.459883940785
10,8,30,178.214288697568,30,749.754476033653,30,3086.35763356466,30,975.607949226349
10,8,35,492.730357044511,35,873.700707221024,35,3129.0539687394,35,954.575758652961
10,8,40,821.058952223911,40,988.539846050775,40,3144.28718711657,40,906.925353974291
10,8,45,1160.62553643986,45,1088.31654143075,45,3129.5419382339,45,835.425287809179
10,8,50,1508.16134183129,50,1167.63127239174,50,3082.37910733838,50,744.001840249701
10,8,55,1859.65926367645,55,1221.89778545097,55,3000.60529656361,55,637.640399487328
10,8,60,2210.37495417769,60,1247.59285998529,60,2882.46167764953,60,522.231160718136
10,8,65,2554.87975060726,65,1242.48359489059,65,2726.82153144799,65,404.35593979293
10,8,70,2887.16930699334,70,1205.81478961255,70,2533.38365230561,70,291.017022865174
10,8,75,3200.82827311593,75,1138.43779689368,75,2302.84726620594,75,189.314338285295
10,8,80,3489.24726671966,80,1042.86296925714,80,2037.05348148443,80,106.083357649762
10,8,85,3745.88401623839,85,923.220827885905,85,1739.07879368072,85,47.5123159719955
10,8,90,3964.55629450741,90,785.122397868491,90,1413.26793223004,90,18.7627599142361
15,8,0,-1660.44830581598,0,-72.5984663770688,0,2189.25002278055,0,1231.25805248341
15,8,5,-1484.3610556502,5,46.5558841200898,5,2343.17447864337,5,1436.66054588707
15,8,10,-1288.48390191793,10,208.324093340236,10,2488.10291424806,10,1610.22877935101
15,8,15,-1071.50578723255,15,405.938187939158,15,2624.47780931541,15,1746.08586652657
15,8,20,-831.679807808483,20,631.572994376678,20,2751.94924428215,20,1839.56229780098
15,8,25,-567.089495859511,25,876.48684562464,25,2869.25225599774,25,1887.29497091632
15,8,30,-275.948886687325,30,1131.16753510124,30,2974.14608564184,30,1887.33906562537
15,8,35,43.077339474284,35,1385.50508800174,35,3063.42016679636,35,1839.29658697609
15,8,40,390.549116266342,40,1629.01401985134,40,3132.97113748039,40,1744.45605358588
15,8,45,765.939585356565,45,1851.12464716625,45,3177.9542571628,45,1605.92794673336
15,8,50,1167.35779087501,50,2041.5556156789,50,3193.01063542539,50,1428.75139934984
15,8,55,1591.32871021739,55,2190.76850457997,55,3172.56801982736,55,1219.94060518821
15,8,60,2032.65495891019,60,2290.49109674926,60,3111.20731508063,60,988.436062577318
15,8,65,2484.38321440779,65,2334.28022589833,65,3004.07984402805,65,744.927403139838
15,8,70,2937.89399910472,70,2318.08012577698,70,2847.35251682766,70,501.522125508991
15,8,75,3383.12579878504,75,2240.72036962444,75,2638.65084904845,75,271.248205258711
15,8,80,3808.93409621254,80,2104.29124739056,80,2377.4645517732,80,67.3973807152863
15,8,85,4203.57388513224,85,1914.33575794509,85,2065.47835217734,85,-97.2621067709084
15,8,90,4555.2820580441,90,1679.8073294428,90,1706.79244124533,90,-211.352360939377
20,8,0,-2063.63990330852,0,-524.435287991311,0,1920.4272118161,0,1839.43482460807
20,8,5,-1924.52978432001,5,-347.300007058964,5,2035.38462344426,5,2112.84595152199
20,8,10,-1771.48950961613,10,-110.964730659682,10,2151.06321133598,10,2343.95945131636
20,8,15,-1600.59735651965,15,176.631256173936,15,2270.45026516594,15,2526.20950131537
20,8,20,-1406.80801473416,20,506.573204530767,20,2395.11312578229,20,2654.1001868303
20,8,25,-1184.38676943382,25,868.885027879363,25,2524.98769950201,25,2723.1636910229
20,8,30,-927.405807127363,30,1252.39598270425,30,2658.24514377672,30,2730.02356711442
20,8,35,-630.289810171396,35,1644.62887299064,35,2791.23922950922,35,2672.58249290868
20,8,40,-288.395979630971,40,2031.78373975425,40,2918.5414218785,40,2550.33285234076
20,8,45,101.392552306549,45,2398.88629340108,45,3033.07663467285,45,2364.76559888201
20,8,50,540.091208529461,50,2730.15571946759,50,3126.37669396511,50,2119.82944168847
20,8,55,1026.09976439519,55,3009.62224952861,55,3188.96729535713,55,1822.370419364
20,8,60,1554.80294332854,60,3221.99216639468,60,3210.89540424383,60,1482.46456453989
20,8,65,2118.34296210933,65,3353.71916217143,65,3182.38780294803,65,1113.54795876628
20,8,70,2705.61528937537,70,3394.20038914071,70,3094.61063403642,70,732.253620554152
20,8,75,3302.52276672174,75,3336.97901165197,75,2940.47888222092,75,357.886605362319
20,8,80,3892.49899133639,80,3180.80936700445,80,2715.44855458214,80,11.5076810420793
20,8,85,4457.28359483752,85,2930.43229740573,85,2418.21636604569,85,-285.351736220828
20,8,90,4977.9045792497,90,2596.92107322071,90,2051.25340167989,90,-512.262535600068
25,8,0,-2499.93493509913,0,-1132.48092102643,0,1603.54058516776,0,2328.21731379703
25,8,5,-2402.0602356423,5,-910.717462025285,5,1655.30265739094,5,2650.66109515736
25,8,10,-2301.39735154806,10,-617.933651203609,10,1718.768613589,10,2924.36937377334
25,8,15,-2191.0429487078,15,-261.600460015373,15,1800.01237695545,15,3144.05030673451
25,8,20,-2062.03366772088,20,150.556784159372,20,1903.05549754401,20,3304.80657202623
25,8,25,-1903.95843380873,25,609.986922772183,25,2029.58898480374,25,3401.80022480413
25,8,30,-1705.6629059575,30,1106.58935434052,30,2178.78211790695,30,3430.17535156672
25,8,35,-1456.04055808604,35,1627.99040462358,35,2347.16267559492,35,3385.27657790079
25,8,40,-1144.90882793231,40,2158.98034611706,40,2528.56672002411,40,3263.16718429574
25,8,45,-763.959257101687,45,2681.26178307259,45,2714.18043082201,45,3061.41678925255
25,8,50,-307.745058773266,50,3173.63327115805,50,2892.72107430047,50,2780.0924610907
25,8,55,225.366216471062,55,3612.68938816496,55,3050.81589855206,55,2422.84625012386
25,8,60,832.38063819934,60,3974.06078575027,60,3173.62720399915,60,1997.94880502572
25,8,65,1505.1288489222,65,4234.14713947787,65,3245.73833672141,65,1519.08218646958
25,8,70,2230.0927382946,70,4372.21780205368,70,3252.26746166721,70,1005.68946541691
25,8,75,2988.68415449206,75,4372.67904523194,75,3180.12766269851,75,482.698072057482
25,8,80,3757.99726790656,80,4227.24612736365,80,3019.3164591609,80,-20.5046931328507
25,8,85,4511.99654544758,85,3936.72691407645,85,2764.10284340583,85,-471.865976504225
25,8,90,5223.05040884686,90,3512.1325401085,90,2413.98580280578,90,-839.131229346758
30,8,0,-2925.47253044522,0,-1818.56693329785,0,1271.75035701503,0,2681.61644349807
30,8,5,-2869.03072791464,5,-1567.42946924023,5,1242.5790385262,5,3025.06065463139
30,8,10,-2826.12135225689,10,-1241.18052718911,10,1236.35957599933,10,3318.26052852521
30,8,15,-2786.62187964768,15,-844.975783272957,15,1262.49667995009,15,3559.53314862979
30,8,20,-2737.1751081002,20,-382.708027816282,20,1327.70979045166,20,3746.30682700056
30,8,25,-2662.0033653424,25,141.639240413258,25,1435.7400591448,25,3874.35577611953
30,8,30,-2543.82953411649,30,722.322256421633,30,1587.16503428522,30,3937.51814307466
30,8,35,-2364.91397089456,35,1350.1358767726,35,1779.25168838177,35,3927.93424789425
30,8,40,-2108.24367441002,40,2010.97243063798,40,2005.80468784258,40,3836.79419142703
30,8,45,-1758.90186831803,45,2684.90528769392,45,2257.03136470173,45,3655.55591453235
30,8,50,-1305.59141080884,50,3346.00969207858,50,2519.51943533787,50,3377.56803616626
30,8,55,-742.198305916324,55,3963.06150542748,55,2776.46970046532,55,2999.98394985285
30,8,60,-69.1975996722069,60,4501.16503411504,60,3008.31592099628,60,2525.77567299718
30,8,65,705.33741296947,65,4924.25544225712,65,3193.79620413957,65,1965.56258063778
30,8,70,1565.33781829528,70,5198.30395392411,70,3311.43983376545,70,1338.896592967
30,8,75,2487.0849385997,75,5294.93550494433,75,3341.33821988919,75,674.631951845628
30,8,80,3440.31600021764,80,5195.0649950558,80,3267.00888268099,80,10.0813218966959
30,8,85,4389.99610119411,85,4892.09002556976,85,3077.14750083447,85,-611.178567742096
30,8,90,5298.58341623385,90,4394.16559907202,90,2767.08587361423,90,-1142.76640108318
35,8,0,-3303.71301362492,0,-2508.32949185971,0,952.238067126745,0,2900.968659677
35,8,5,-3286.18018833237,5,-2242.20024736855,5,832.089477950322,5,3232.8072999772
35,8,10,-3303.1188846622,10,-1905.77227898892,10,745.681677262761,10,3518.0530452164
35,8,15,-3340.99518130804,15,-1500.2400842949,15,705.698319932543,15,3761.01458232906
35,8,20,-3381.68002820314,20,-1023.20183048422,20,721.464686761613,20,3963.17878957448
35,8,25,-3403.5109398883,25,-471.07345163648,25,798.726321097696,25,4121.92674599852
35,8,30,-3382.43230080227,30,157.950874606797,30,939.594927325086,30,4230.06185599695
35,8,35,-3293.24756108915,35,860.86694265329,35,1142.47790462509,35,4276.12458764679
35,8,40,-3111.09924655524,40,1627.23500164547,40,1401.84849262834,40,4245.40483857647
35,8,45,-2813.29595529757,45,2437.37831211387,45,1707.85364032143,45,4121.57861599415
35,8,50,-2381.49792022724,50,3261.72108309114,50,2045.93151526185,50,3888.93424961841
35,8,55,-1804.08643473275,55,4061.45386583313,55,2396.72605285517,55,3535.13917444728
35,8,60,-1078.36387773337,60,4790.57577243925,60,2736.57464421869,60,3054.38713310982
35,8,65,-212.153185690046,65,5399.22153413726,65,3038.70822712785,65,2450.57616220038
35,8,70,775.567768653042,70,5838.04255028033,70,3275.1085245325,70,1739.97518145713
35,8,75,1855.18000294543,75,6063.2768258278,75,3418.80457458187,75,952.735139606536
35,8,80,2988.05237117371,80,6042.01558888578,80,3446.3174016533,80,132.657182121265
35,8,85,4129.08090550364,85,5757.06496023898,85,3339.97750287144,85,-665.140641118398
35,8,90,5229.84421239575,90,5210.73512848793,90,3089.90241098209,90,-1378.65703097569
40,8,0,-3609.61676140024,0,-3142.83938868616,0,664.023164085188,0,3001.19239725402
40,8,5,-3626.81266412226,5,-2873.38680558649,5,450.897277707753,5,3289.10856846497
40,8,10,-3702.98951351675,10,-2546.2258739293,10,281.381137256094,10,3538.79384019715
40,8,15,-3821.03380750255,15,-2157.56257651099,15,171.089364228522,15,3762.69573815157
40,8,20,-3957.77543389319,20,-1697.01851675362,20,131.523601230061,20,3967.8446379923
40,8,25,-4085.35399887798,25,-1151.27518172198,25,170.037097173364,25,4154.02794421907
40,8,30,-4172.57087094421,30,-508.573692813102,30,290.088779832479,30,4313.25412985243
40,8,35,-4186.29609590517,35,236.642291716124,35,491.409789747294,35,4430.30566292882
40,8,40,-4093.17963244616,40,1079.66811577359,40,769.756341769898,40,4484.09173114303
40,8,45,-3861.94662110734,45,2002.6956077169,45,1116.18597332754,45,4449.63383064025
40,8,50,-3466.36424602436,50,2973.63263117532,50,1516.14240654229,50,4300.71883197981
40,8,55,-2888.61531968611,55,3946.79468287126,55,1948.86732634799,55,4013.35032815833
40,8,60,-2122.4825144562,60,4865.44259005835,60,2387.63242743748,60,3569.99996422456
40,8,65,-1175.62802638238,65,5665.95274370443,65,2801.01745243217,65,2964.32588474925
40,8,70,-70.4178028455605,70,6283.28753086731,70,3155.11132954413,70,2205.63029228519
40,8,75,1156.90632292837,75,6657.36031323039,75,3416.27367023197,75,1322.05805419435
40,8,80,2458.54439959139,80,6739.80672971011,80,3554.05212846781,80,361.528581089937
40,8,85,3778.56790389207,85,6500.53923131515,85,3543.95696286564,85,-610.318832930362
40,8,90,5057.03741013725,90,5933.28978255478,90,3369.92362676344,90,-1515.35825661658
45,8,0,-3833.03382735473,0,-3684.00964882449,0,418.166787940261,0,3005.39410847958
45,8,5,-3879.71182962507,5,-3419.55974659827,5,117.333621636786,5,3221.62683364038
45,8,10,-4012.01481117698,10,-3114.53743480637,10,-131.201942950626,10,3411.67543670365
45,8,15,-4209.17031181047,15,-2760.04151319768,15,-309.492591822524,15,3597.82549906451
45,8,20,-4442.86834238407,20,-2337.29753447144,20,-404.546899207871,20,3793.72279827219
45,8,25,-4678.97031158933,25,-1822.49297571867,25,-408.063455116354,25,4002.04685438028
45,8,30,-4879.05569356638,30,-1192.86644336831,30,-315.676091440243,30,4214.14562024651
45,8,35,-5001.92124115784,35,-433.103651750902,35,-126.360323782601,35,4411.09374208618
45,8,40,-5005.4607582171,40,458.996986965932,40,157.390691647397,40,4565.5079087118
45,8,45,-4849.42946915986,45,1468.53253666205,45,528.448918610306,45,4643.76652689099
45,8,50,-4499.29136707476,50,2561.8271593416,50,973.436001433737,50,4608.78143530635
45,8,55,-3930.75871234072,55,3687.30261450714,55,1471.46496552776,55,4423.78417837563
45,8,60,-3134.09023230387,60,4778.66953746403,60,1994.02862150594,60,4057.46845239638
45,8,65,-2117.06418390215,65,5759.94994714436,65,2506.33085472905,65,3490.29419926266
45,8,70,-905.884434687199,70,6551.80801308784,70,2969.77798140674,70,2721.06281429309
45,8,75,456.109300747456,75,7078.7916256832,75,3345.04495884332,75,1772.34074166418
45,8,80,1911.53540261954,80,7277.17572035694,80,3595.21688819156,80,693.169806617748
45,8,85,3393.28029001304,85,7102.97327312693,85,3688.79770171093,85,-442.174428639733
45,8,90,4829.52711669015,90,6539.32396389898,90,3602.59137279518,90,-1539.90191964256
50,8,0,-3979.87825504053,0,-4114.05449272508,0,219.515868682111,0,2939.42538362685
50,8,5,-4050.01529381257,5,-3859.92820595374,5,-158.345223929132,5,3063.7260921168
50,8,10,-4232.88703783912,10,-3582.42155481256,10,-476.527250052275,10,3176.18695465831
50,8,15,-4504.18971623062,15,-3268.36858133189,15,-715.482081109177,15,3310.04856560137
50,8,20,-4830.63001571634,20,-2891.642593971,20,-861.512611845342,20,3486.16389575177
50,8,25,-5171.95036784717,25,-2418.87409665064,25,-906.128470993475,25,3710.26419507652
50,8,30,-5482.64747505008,30,-1816.90246030504,30,-844.631525241105,30,3973.07012817331
50,8,35,-5713.54943572797,35,-1060.8682213105,35,-674.910878651018,35,4252.18463698373
50,8,40,-5813.86119043734,40,-141.569100669986,40,-397.440354861591,40,4514.51606052579
50,8,45,-5734.42330954693,45,929.3124328228,45,-16.8238170920021,45,4718.58509997912
50,8,50,-5432.50249204477,50,2117.10320179492,50,455.753108073896,50,4817.02534175083
50,8,55,-4877.56492368289,55,3365.39491413295,55,1000.47264309443,55,4760.24147165674
50,8,60,-4056.69655175959,60,4600.10782138789,60,1588.39778645756,60,4502.10340731969
50,8,65,-2978.181075352,65,5735.37944383417,65,2182.86697996335,65,4007.75684534359
50,8,70,-1672.34902377775,70,6680.43238983452,70,2742.19404482347,70,3262.53567931165
50,8,75,-189.745267844048,75,7347.09304114274,75,3222.78031507916,75,2280.07560406908
50,8,80,1402.68374665991,80,7658.06042618153,80,3582.10781972799,80,1107.39434800113
50,8,85,3026.61289280206,85,7555.94383283599,85,3781.67939674467,85,-174.972138402356
50,8,90,4598.13192050889,90,7012.44120862315,90,3790.25837950961,90,-1458.78568033406
55,8,0,-4070.21228762024,0,-4430.69642610574,0,68.8989322866315,0,2827.61994443954
55,8,5,-4157.28006717095,5,-4189.98793563223,5,-372.450606658594,5,2848.64364448698
55,8,10,-4382.91932606525,10,-3938.57107888482,10,-748.070522419146,10,2872.98147463489
55,8,15,-4719.72685861324,15,-3660.6150135891,15,-1037.51269358819,15,2945.30161158777
55,8,20,-5129.90114276211,20,-3324.99026156243,20,-1227.06863246226,20,3093.78969335101
55,8,25,-5567.45247069612,25,-2891.31770810692,25,-1308.73873447147,25,3327.13471922812
55,8,30,-5980.06379002056,30,-2318.26752575192,30,-1278.07262491829,30,3635.43080436053
55,8,35,-6310.82464704561,35,-1573.05811255821,35,-1132.2047655479,35,3993.21955100485
55,8,40,-6500.56407702721,40,-640.465205175926,40,-869.554333290871,40,4362.64123277295
55,8,45,-6491.69241168538,45,470.65072649877,45,-491.789336992621,45,4695.66168560523
55,8,50,-6233.94419029945,50,1724.83428965506,50,-7.19373866703732,50,4935.90228357163
55,8,55,-5691.30016388195,55,3061.8734367148,55,566.42898639241,55,5021.69886325099
55,8,60,-4848.36385838604,60,4401.95688614826,60,1200.91626009623,60,4891.97849107694
55,8,65,-3714.35641197538,65,5652.43220399754,65,1859.2409786631,65,4495.42713974314
55,8,70,-2323.79942013715,70,6714.85224756775,70,2498.31694180866,70,3801.84798304312
55,8,75,-734.198527432507,75,7492.1273474976,75,3071.83902009711,75,2813.29827764493
55,8,80,978.262823950534,80,7896.53176113656,80,3532.70073787868,80,1572.00818564853
55,8,85,2724.18655348665,85,7859.27530783316,85,3835.55327838931,85,162.37600080187
55,8,90,4407.37417475399,90,7341.28460312356,90,3940.38186990944,90,-1294.57444239135
60,8,0,-4133.61417387213,0,-4640.4221090059,0,-35.0234760029497,0,2690.22460045195
60,8,5,-4230.96975877149,5,-4414.73659398001,5,-526.066582531144,5,2605.52681841929
60,8,10,-4489.81401682653,10,-4182.9017168775,10,-946.597021215435,10,2538.7387346254
60,8,15,-4880.38337080247,15,-3928.40687342617,15,-1275.78178822398,15,2545.78613244796
60,8,20,-5361.15539589832,20,-3618.31145361254,20,-1500.35827728614,20,2661.91925917267
60,8,25,-5880.99705042013,25,-3208.94832788473,25,-1613.28089614874,25,2898.55964015339
60,8,30,-6381.12266023882,30,-2654.34866857219,30,-1610.81943585397,30,3245.24164827542
60,8,35,-6797.16719467004,35,-1916.6394971398,35,-1489.74652377203,35,3674.0179880386
60,8,40,-7062.08252301023,40,-976.508426585512,40,-1246.62174447681,40,4143.38255233371
60,8,45,-7110.73670584397,45,158.97295409543,45,-880.113892686181,45,4600.24421291463
60,8,50,-6886.5543641093,50,1453.45355541137,50,-395.28931358122,50,4980.75675343383
60,8,55,-6349.31241933756,55,2843.85697808411,55,192.633305862585,55,5212.41067483725
60,8,60,-5482.11353656567,60,4246.77615984025,60,857.148032422371,60,5219.79578034109
60,8,65,-4295.54281642593,65,5566.05247774152,65,1562.09808917227,65,4934.96686055622
60,8,70,-2828.17469053865,70,6699.65979633889,70,2264.47846559797,70,4311.25075342173
60,8,75,-1144.01500100612,75,7545.94945862658,75,2916.69871218499,75,3337.5592549042
60,8,80,671.944557963582,80,8010.8468067613,80,3468.04503239371,80,2049.40278992159
60,8,85,2519.36947971145,85,8017.53089282252,85,3866.61303588592,85,533.036530694902
60,8,90,4289.59940689682,90,7518.51516751547,90,4063.2425288002,90,-1079.54545781378
65,8,0,-4203.21188817202,0,-4751.84954145226,0,-94.560243245982,0,2542.36174246617
65,8,5,-4304.54406105565,5,-4541.76469989845,5,-623.286205388683,5,2357.41396276959
65,8,10,-4585.95199463615,10,-4320.01457739185,10,-1077.85423247827,10,2203.2902195211
65,8,15,-5016.24264168067,15,-4071.38526383965,15,-1437.28562286981,15,2146.42293504817
65,8,20,-5551.17279444708,20,-3764.55145894285,20,-1688.91767599303,20,2228.57941246251
65,8,25,-6135.21659568559,25,-3356.80376659032,25,-1826.83579204564,25,2463.69320395984
65,8,30,-6703.55361380925,30,-2801.83067663293,30,-1848.31184774049,30,2840.95941449102
65,8,35,-7184.730224186,35,-2060.36139751984,35,-1750.13161855146,35,3330.64464578123
65,8,40,-7504.51552843015,40,-1111.70107409063,40,-1527.37105081994,40,3888.71720167277
65,8,45,-7591.50429783527,45,37.2969892951097,45,-1175.97306015041,45,4458.41554694205
65,8,50,-7384.53524186856,50,1348.99980861811,50,-697.883455191809,50,4969.89041753632
65,8,55,-6840.90565165032,55,2758.30719468464,55,-105.595680646469,55,5341.1516181689
65,8,60,-5943.41848323357,60,4180.27982384814,60,576.4852241228,60,5483.56336796243
65,8,65,-4704.4306042112,65,5518.39928320808,65,1313.84639732105,65,5313.27816404285
65,8,70,-3166.31659881716,70,6671.00688603945,70,2064.57598717574,70,4767.39096057885
65,8,75,-1399.08141070952,75,7536.31367881401,75,2780.83380860964,75,3821.36707979263
65,8,80,503.832003249322,80,8018.49653680544,80,3409.12027235611,80,2503.13860829905
65,8,85,2431.24433044971,85,8037.18994728425,85,3891.45586612285,85,899.444691970377
65,8,90,4262.05177668302,90,7540.44090375605,90,4169.71303638563,90,-848.523237944461
70,8,0,-4309.92737802159,0,-4770.49577346192,0,-112.388559150603,0,2393.99309268495
70,8,5,-4409.60462200721,5,-4575.77303296103,5,-669.670732340032,5,2120.67197154251
70,8,10,-4702.52620622949,10,-4353.58465715261,10,-1150.1443819806,10,1888.56894544107
70,8,15,-5157.00217434031,15,-4091.69640995499,15,-1532.63925630228,15,1773.40651120373
70,8,20,-5727.1126361862,20,-3763.50611544543,20,-1804.95158118399,20,1822.77616355816
70,8,25,-6353.79805081053,25,-3331.36177033234,25,-1962.17472291546,25,2053.02048785741
70,8,30,-6966.80072781129,30,-2753.06326556203,30,-2002.61758255763,30,2453.40894230273
70,8,35,-7488.15829838035,35,-1992.06842072689,35,-1923.35149187127,35,2993.18877270912
70,8,40,-7837.43724626645,40,-1029.53663006996,40,-1718.44505284511,40,3626.756347297
70,8,45,-7938.59674914345,45,125.903096287219,45,-1381.66954457776,45,4294.72852831565
70,8,50,-7728.00982000317,50,1434.72498225051,50,-912.330597949277,50,4922.40107102206
70,8,55,-7162.52815970519,55,2830.53816404096,55,-320.483489082608,55,5419.60095881484
70,8,60,-6225.99767218152,60,4228.77130053515,60,371.534105588554,60,5685.92397577821
70,8,65,-4932.9622723451,65,5535.37211901349,65,1131.07017593374,65,5623.13867768021
70,8,70,-3329.34317421667,70,6652.60674528345,70,1917.71950891079,70,5153.47395981769
70,8,75,-1490.72114776325,75,7482.76065857972,75,2683.93127438823,75,4239.87660360429
70,8,80,481.277446840846,80,7933.10799785122,80,3374.03976303308,80,2902.90578085496
70,8,85,2464.82530504988,85,7925.02010006818,85,3924.68899609237,85,1229.07164517948
70,8,90,4326.88996977894,90,7407.22825921965,90,4269.57628621572,90,-632.884861463873
75,8,0,-4477.86546497582,0,-4695.40945367208,0,-91.3850315989912,0,2250.34069341292
75,8,5,-4571.08487902788,5,-4515.12395828599,5,-671.110585004288,5,1905.26939940047
75,8,10,-4864.52176838687,10,-4282.53926451966,10,-1172.28869001589,10,1608.73338912111
75,8,15,-5326.74535850509,15,-3989.67078072241,15,-1573.27264478818,15,1444.21316001887
75,8,20,-5911.07745721684,20,-3617.07546292665,20,-1861.92560304671,20,1464.40687019913
75,8,25,-6555.8435875564,25,-3135.5960649101,25,-2033.94321887745,25,1688.13358606482
75,8,30,-7186.21712180945,30,-2511.20528813685,30,-2088.43322259938,30,2105.31265181537
75,8,35,-7718.7104808585,35,-1714.18720448365,35,-2022.85845933586,35,2684.90409571143
75,8,40,-8068.09200335689,40,-731.012553399636,40,-1830.77849120189,40,3380.3948891685
75,8,45,-8155.68323508327,45,425.661209720756,45,-1504.55612251367,45,4130.38363615126
75,8,50,-7917.7665525742,50,1713.63543164814,50,-1041.66098580204,50,4856.06712309314
75,8,55,-7312.92821370214,55,3065.8373359263,55,-450.37594090393,55,5460.26033193654
75,8,60,-6327.4725237472,60,4399.74514427047,60,248.555085503636,60,5832.51351030703
75,8,65,-4978.60817729105,65,5626.22107765796,65,1024.02669252008,65,5862.38961602794
75,8,70,-3315.64149731455,70,6654.58454740148,70,1836.97472145476,70,5459.54983811476
75,8,75,-1419.37935798053,75,7395.14694561844,75,2640.20240341969,75,4576.35092933634
75,8,80,600.728333675358,80,7763.19499197591,80,3376.31530301135,80,3227.03208498916
75,8,85,2612.83082393055,85,7687.52446171667,85,3977.48948046121,85,1497.68803651416
75,8,90,4473.31938404819,90,7123.29461174883,90,4370.58917731195,90,-456.903550770947
80,8,0,-4720.93979269251,0,-4517.6407800935,0,-34.7819542438284,0,2112.43185884087
80,8,5,-4803.69282100905,5,-4350.39380890562,5,-633.250309714432,5,1715.44162187609
80,8,10,-5086.87527094357,10,-4099.22338977728,10,-1152.37504181649,10,1370.95415494407
80,8,15,-5539.81012747022,15,-3761.26648218907,15,-1569.56759125337,15,1168.50720929969
80,8,20,-6115.76444581803,20,-3325.88846828402,20,-1872.15930899969,20,1165.22881568462
80,8,25,-6751.41267279733,25,-2774.92756822307,25,-2055.79491210587,25,1382.620276192
80,8,30,-7368.60077570576,30,-2085.79696262364,30,-2119.88713059448,30,1811.88937174036
80,8,35,-7879.87520267712,35,-1239.23559759182,35,-2062.21680882028,35,2422.30174870688
80,8,40,-8197.15764045197,40,-230.325759791939,40,-1876.30844714356,40,3166.75385884433
80,8,45,-8241.46638480007,45,921.977600268894,45,-1554.01899257036,45,3982.00628701063
80,8,50,-7951.46783278899,50,2171.94686462345,50,-1092.02958854508,50,4785.59193195186
80,8,55,-7289.6444420241,55,3452.30209620784,55,-497.806059935577,55,5474.41513000187
80,8,60,-6246.19233311708,60,4684.00634651622,60,208.692128248323,60,5929.94560773186
80,8,65,-4841.57997799822,65,5784.93472850692,65,997.184712304579,65,6032.23220133204
80,8,70,-3128.46450458301,70,6674.2435064295,70,1829.33535769567,70,5681.33193861404
80,8,75,-1192.47216533413,75,7274.00065350819,75,2657.99759615407,75,4821.60489933245
80,8,80,849.900513601924,80,7512.33903455415,80,3424.34056036117,80,3462.55691646258
80,8,85,2858.22569455,85,7331.12139355559,85,4057.12874264134,85,1690.01401844528
80,8,90,4680.78060714402,90,6697.5477558387,90,4478.12813780973,90,-336.59673320502
85,8,0,-5040.29919187009,0,-4220.45459319848,0,53.3827283732236,0,1977.69495751839
85,8,5,-5109.25185170731,5,-4064.73098886432,5,-561.537318311397,5,1550.56609745238
85,8,10,-5371.60869751131,10,-3789.48000790349,10,-1097.40050626125,10,1176.58172985311
85,8,15,-5797.72057361669,15,-3397.49925168486,15,-1530.07831298245,15,949.564932845428
85,8,20,-6341.3288160062,20,-2887.88102069618,20,-1845.60422614492,20,930.416915955756
85,8,25,-6938.50913472526,25,-2254.97108945922,25,-2038.73004192175,25,1143.54923250252
85,8,30,-7509.46104102485,30,-1489.87444176524,30,-2108.49559496273,30,1582.02367649452
85,8,35,-7964.97943958193,35,-586.576923070502,35,-2052.79474297251,35,2215.79363056872
85,8,40,-8216.67393442826,40,448.487365646613,40,-1865.55846069804,40,2997.17989129288
85,8,45,-8187.86727444162,45,1588.09025526397,45,-1539.11377591889,45,3860.99810685072
85,8,50,-7822.03732908985,50,2782.1934578669,50,-1070.54155120816,50,4721.39741607583
85,8,55,-7087.56644940378,55,3963.67886398991,55,-467.612412519818,55,5470.51368401651
85,8,60,-5979.94257884281,60,5058.19248768468,60,249.500604879339,60,5983.92867973025
85,8,65,-4523.62014743104,65,5992.43865353263,65,1050.38782575487,65,6135.21614887926
85,8,70,-2774.65857150475,70,6697.9520754512,70,1896.556965327,70,5818.16887797892
85,8,75,-822.836699378164,75,7112.08222728623,75,2740.36603867748,75,4972.07109649207
85,8,80,1209.83916198657,80,7180.34720585614,80,3521.71889418813,80,3603.52583661314
85,8,85,3176.95840111774,85,6862.77702532928,85,4167.08052438484,85,1798.40834207764
85,8,90,4922.38068797058,90,6143.38585620495,90,4595.07168814097,90,-280.471145847729
90,8,0,-5422.1269391636,0,-3781.36719809717,0,167.562796106475,0,1840.71964510915
90,8,5,-5474.51720818354,5,-3635.98545464255,5,-461.783611211406,5,1406.24574110269
90,8,10,-5705.61897816941,10,-3334.60887148929,10,-1013.61727870395,10,1022.55665270122
90,8,15,-6087.0045813014,15,-2885.93463564651,15,-1461.58976969184,15,785.936504792327
90,8,20,-6573.3997599386,20,-2299.07843083988,20,-1789.56373434476,20,760.317067342302
90,8,25,-7101.51567266863,25,-1581.4933801374,25,-1990.46370601385,25,973.102493754703
90,8,30,-7592.03296842739,30,-739.139438344764,30,-2062.21259789256,30,1419.5725616578
90,8,35,-7956.8064978712,35,219.05026100097,35,-2002.56843888634,35,2070.53181451292
90,8,40,-8110.15520991855,40,1273.46866460316,40,-1806.28710412726,40,2877.56424914058
90,8,45,-7980.4684821271,45,2387.25844464688,45,-1467.14082200084,45,3773.35461049528
90,8,50,-7518.29141214223,50,3505.56573770768,50,-983.814849887352,50,4668.98868909189
90,8,55,-6699.64890474066,55,4561.78888111973,55,-365.530889263678,55,5453.1150001948
90,8,60,-5526.61880746841,60,5487.27568497598,60,366.292050880671,60,5997.80505411437
90,8,65,-4028.43528722557,65,6219.16250342209,65,1180.09762610166,65,6173.36975992821
90,8,70,-2264.58131888703,70,6703.69393231226,70,2036.24815858404,70,5870.80185246909
90,8,75,-327.867422384487,75,6896.71085229498,75,2885.92834651068,75,5027.30543015125
90,8,80,1656.70665368805,80,6765.04003446548,80,3667.84103156403,80,3648.46951056672
90,8,85,3540.62055077472,85,6290.92757335265,85,4307.24025972801,85,1820.6173236012
90,8,90,5168.18172905623,90,5478.54541054724,90,4721.64231574151,90,-291.214903181759
95,8,0,-5835.81864197581,0,-3176.21769988846,0,299.899952921767,0,1694.35827927541
95,8,5,-5869.42445789625,5,-3040.75343566767,5,-340.962731066274,5,1275.65067575211
95,8,10,-6059.10192845451,10,-2715.25675850292,10,-907.204405174691,10,902.955988844877
95,8,15,-6377.92888385587,15,-2214.22596648617,15,-1369.58527664287,15,673.094249282843
95,8,20,-6782.30451514577,20,-1556.53926429821,20,-1708.93238640561,20,652.048243543531
95,8,25,-7211.08840195514,25,-762.543416304997,25,-1915.45552135325,25,869.983649825282
95,8,30,-7587.9488197169,30,146.849854340014,30,-1985.28728240781,30,1324.47568208661
95,8,35,-7829.011771659,35,1147.27676786904,35,-1915.84237323603,35,1987.18080883112
95,8,40,-7854.58490537931,40,2205.30277127691,40,-1703.091477205,40,2808.78904749759
95,8,45,-7600.86559114171,45,3273.98136288273,45,-1343.13451747437,45,3719.81217464792
95,8,50,-7027.44682902759,50,4293.63914031637,50,-837.347439531736,50,4628.80191943353
95,8,55,-6119.40180600461,55,5198.68582474653,55,-197.438032283763,55,5422.38972534318
95,8,60,-4886.48846003124,60,5927.11269835099,60,552.98907940326,60,5971.62401700187
95,8,65,-3363.42671430046,65,6427.91380407264,65,1380.28092082524,65,6146.77923443141
95,8,70,-1612.94570968275,70,6664.07570465528,70,2242.68867870399,70,5839.4609109235
95,8,75,270.800196466674,75,6612.55998404317,75,3089.51218617524,75,4987.72952495271
95,8,80,2163.31094104806,80,6264.39039582776,80,3858.24624209056,80,3598.03423864909
95,8,85,3918.96635401732,85,5626.55191331193,85,4473.96920020938,85,1757.5880027032
95,8,90,5388.28460383627,90,4724.87576573636,90,4855.15042334198,90,-367.446810941617
100,8,0,-6233.11633815984,0,-2385.3554460323,0,439.628418321923,0,1531.27881461676
100,8,5,-6246.29581239548,5,-2260.41848054645,5,-207.85717021926,5,1151.12309427956
100,8,10,-6385.0840731204,10,-1917.20742733936,10,-784.858214484334,10,810.556990289764
100,8,15,-6624.56480070092,15,-1375.50017192659,15,-1258.73256606769,15,604.849661471953
100,8,20,-6923.82161205635,20,-663.111131517199,20,-1606.59469228038,20,600.69220028653
100,8,25,-7225.68798268821,25,187.68724676152,25,-1815.26750039901,25,830.353609909078
100,8,30,-7459.55381011949,30,1141.93920645094,30,-1878.61277029962,30,1293.46800958749
100,8,35,-7549.12727547113,35,2160.58946659059,35,-1793.58267654241,35,1962.47025887198
100,8,40,-7423.92298691785,40,3196.98750080089,40,-1557.68465258771,40,2787.17528627622
100,8,45,-7030.45072019853,45,4194.70420158205,45,-1170.03113920229,45,3696.20315453176
100,8,50,-6338.95932024998,50,5089.94198751053,50,-635.532073951564,50,4596.41944381466
100,8,55,-5344.56565040472,55,5818.94001140073,55,30.7999361433945,55,5374.10195657688
100,8,60,-4065.43833077951,60,6327.31287569161,60,802.409779489764,60,5901.78906653636
100,8,65,-2542.17295167702,65,6577.14044749153,65,1642.7500866119,65,6052.84238836517
100,8,70,-840.185113122536,70,6549.67417983055,70,2507.12602918768,70,5722.74794498063
100,8,75,947.275373125603,75,6244.66067967863,75,3342.32324572546,75,4853.2546542327
100,8,80,2700.42766019308,80,5678.71716676281,80,4084.63764535105,80,3453.51434848016
100,8,85,4282.27264143861,85,4884.17714206434,85,4659.98091090548,85,1612.07268805617
100,8,90,5555.72031056314,90,3907.9784097196,90,4989.80646134393,90,-504.936331830873
105,8,0,-6549.20404503433,0,-1401.57647809577,0,573.110668226597,0,1345.89831711408
105,8,5,-6540.99229551187,5,-1288.86589508796,5,-73.1490364362905,5,1025.94272866618
105,8,10,-6620.95559500647,10,-938.675877016933,10,-653.969242668631,10,738.289895230295
105,8,15,-6766.92592826305,15,-375.047749113575,15,-1133.14394323531,15,574.408434057078
105,8,20,-6942.0153970527,20,366.699556121478,20,-1483.7948784854,20,599.962247810873
105,8,25,-7095.08584667419,25,1244.06841731356,25,-1689.06577302573,25,848.21899028275
105,8,30,-7163.97914003272,30,2209.89652582042,30,-1740.34501427618,30,1320.34521099607
105,8,35,-7083.05077692338,35,3212.3128511521,35,-1634.09330650272,35,1989.48213206259
105,8,40,-6793.83501047886,40,4193.28540966425,40,-1369.54592141619,40,2804.8699200181
105,8,45,-6255.18987722865,45,5088.61414523502,45,-949.219484637439,45,3693.93470143961
105,8,50,-5449.14374334958,50,5831.89111631356,50,-382.066939905131,50,4563.06603726724
105,8,55,-4381.3461593291,55,6362.47147344739,55,313.056024818101,55,5300.02768729231
105,8,60,-3078.56198546068,60,6634.68615982768,60,1106.0997790448,60,5781.32948373754
105,8,65,-1587.08476686177,65,6624.6417257006,65,1957.04162918912,65,5886.37812238493
105,8,70,26.0788666612634,70,6332.58295948745,70,2817.65152074571,70,5517.61771932096
105,8,75,1671.26779545388,75,5781.32756232446,75,3631.80934969968,75,4623.18169303675
105,8,80,3237.91467930553,80,5012.59100946138,80,4334.77838403073,80,3216.68629441832
105,8,85,4603.41453696931,85,4082.50933351856,85,4854.34322881369,85,1388.35255661998
105,8,90,5648.99819832172,90,3056.51558774586,90,5116.87724571742,90,-697.083132659399
110,8,0,-6706.86483013857,0,-238.765156685046,0,684.889873174293,0,1136.37394468764
110,8,5,-6677.12686511071,5,-140.87638264995,5,51.3655946136713,5,896.000483441672
110,8,10,-6693.01295870926,10,201.887934421299,10,-522.17327035969,10,680.435125254785
110,8,15,-6735.99237248017,15,762.722760348125,15,-996.300479028804,15,575.035285637526
110,8,20,-6774.73414087174,20,1500.838883977,20,-1340.42495811606,20,642.415446521153
110,8,25,-6766.19727478392,25,2365.9149808776,25,-1534.21201596826,25,915.382002535195
110,8,30,-6659.11310560557,30,3301.25847062151,30,-1566.69215017047,30,1395.88200118277
110,8,35,-6400.96897925554,35,4245.0488305998,35,-1433.87650683687,35,2057.72682524037
110,8,40,-5947.41618041295,40,5130.77775230001,40,-1136.73969268337,40,2850.17274194141
110,8,45,-5271.0080375368,45,5889.19729418064,45,-681.249191749548,45,3700.55963325925
110,8,50,-4366.0570404143,50,6453.61348518181,50,-80.5342609177306,50,4516.35988124802
110,8,55,-3248.60248230289,55,6768.28487760162,55,642.480459116232,55,5188.82356415784
110,8,60,-1953.46184677891,60,6797.44159371342,60,1453.96773426854,60,5600.8643598419
110,8,65,-531.675652938531,65,6531.71357239001,65,2310.14437694914,65,5640.69848241917
110,8,70,949.864993282923,70,5989.98510821323,70,3159.04114206282,70,5220.56130224975
110,8,75,2407.98849775679,75,5216.7254236988,75,3941.66022645144,75,4297.43124057304
110,8,80,3745.54917847387,80,4276.12684568831,80,4592.71022449895,80,2890.91902856586
110,8,85,4859.37474937131,85,3244.39441144945,85,5042.95701965507,85,1092.98239170709
110,8,90,5653.89562759286,90,2201.00387413326,90,5225.40492752914,90,-934.781776360514
115,8,0,-6624.48790791946,0,1060.50977915269,0,759.878822280419,0,906.101244551617
115,8,5,-6574.13485366751,5,1140.5223107106,5,154.515987183308,5,760.972283221191
115,8,10,-6524.69754004043,10,1459.13792922782,10,-396.236140382911,10,633.362785743782
115,8,15,-6462.11787591235,15,1988.63570404684,15,-850.625093293437,15,600.335814042322
115,8,20,-6362.05281620418,20,2685.28543198806,20,-1175.22444598327,20,719.369484254881
115,8,25,-6191.32807894097,25,3493.94785303073,25,-1346.93002961195,25,1021.17967672441
115,8,30,-5911.39988263118,30,4351.78609820128,30,-1352.84186833084,30,1507.61479569521
115,8,35,-5484.50999265272,35,5190.69865151757,35,-1188.62506651833,35,2153.15423493781
115,8,40,-4881.57175992051,40,5939.44966365189,40,-856.831025271316,40,2907.88025032126
115,8,45,-4089.30619105754,45,6527.26438261468,45,-366.599120489847,45,3700.47706503668
115,8,50,-3114.04994188252,50,6890.13137076368,50,264.994772525173,50,4441.35056212228
115,8,55,-1981.32658666258,55,6979.36290171404,55,1011.06132589629,55,5027.38248088362
115,8,60,-732.605925535771,60,6770.20184086364,60,1834.03538796559,60,5350.27084291829
115,8,65,578.135425228004,65,6267.65045575757,65,2686.49230664821,65,5309.57267979235
115,8,70,1886.3918250979,70,5507.58736972103,70,3513.05142791141,70,4829.78302329742
115,8,75,3118.3130983645,75,4552.87919807777,75,4252.43903733283,75,3878.73942701531
115,8,80,4193.53395329379,80,3485.48403072805,80,4839.6999081224,80,2483.08512720929
115,8,85,5031.85276804976,85,2396.00420468463,85,5209.73523125007,85,736.071833385823
115,8,90,5563.94006258231,90,1372.1231655509,90,5303.4862024661,90,-1206.0404544276
120,8,0,-6228.02212171697,0,2420.68947964037,0,786.326330284526,0,664.11377565144
120,8,5,-6159.25541776257,5,2479.97027866092,5,228.113377554932,5,624.523481339815
120,8,10,-6048.46026683777,10,2757.41327845481,10,-280.513871184603,10,595.544714744782
120,8,15,-5886.58415738708,15,3226.32279787931,15,-696.826581198931,15,644.098189447991
120,8,20,-5657.26189710832,20,3842.8215956721,20,-985.9161425414,20,820.636960825831
120,8,25,-5338.30949250071,25,4550.36818626769,25,-1123.02159775711,25,1152.21829563177
120,8,30,-4904.85663618279,30,5283.88364100048,30,-1093.99761814005,30,1639.70977612991
120,8,35,-4334.45425907403,35,5973.22175006259,35,-894.340756358142,35,2258.28439394278
120,8,40,-3613.31857724436,40,6546.72367803852,40,-527.913143472895,40,2959.77779771843
120,8,45,-2741.80464378998,45,6936.08501420088,45,-6.5118055657668,45,3675.84574655598
120,8,50,-1737.13043150533,50,7083.26033650672,50,649.377089184583,50,4321.87857034482
120,8,55,-632.556028267204,55,6948.80995053274,55,1409.34873060651,55,4802.63385195382
120,8,60,526.058491570521,60,6519.74697566606,60,2232.54499279796,60,5020.87961237647
120,8,65,1684.37782538342,65,5814.44049264562,65,3068.53573397621,65,4889.70744512816
120,8,70,2782.91173965484,70,4882.77131834013,70,3859.48773333305,70,4347.76784109023
120,8,75,3759.56699959879,75,3801.07091697725,75,4543.0813534024,75,3375.03023095273
120,8,80,4552.80488792883,80,2662.64692585169,80,5055.98951725985,80,2005.41795338726
120,8,85,5106.86124828873,85,1565.46668132645,85,5338.35581434004,85,332.353906051699
120,8,90,5379.27852985849,90,598.897592786992,90,5339.79298673819,90,-1495.83482432665
125,8,0,-5465.9862782783,0,3734.51174010847,0,758.681140505987,0,424.020942284563
125,8,5,-5382.4438629473,5,3771.20785538712,5,269.110209755055,5,493.248253014897
125,8,10,-5220.14672208122,10,3992.63958031158,10,-175.615014792395,10,566.625429275792
125,8,15,-4975.069859922,15,4374.85485834399,15,-533.403364583552,15,699.57626749233
125,8,20,-4639.07059662035,20,4876.56678508825,20,-769.457918382215,20,934.053321420506
125,8,25,-4201.13527065718,25,5443.36474569094,25,-858.683195039279,25,1292.15569714023
125,8,30,-3649.91167049475,30,6012.06592191222,30,-786.534977352616,30,1773.01509080858
125,8,35,-2977.62355559809,35,6514.97728086772,35,-548.609763503139,35,2352.56834574862
125,8,40,-2184.65841555997,40,6884.51550181459,40,-149.812979395432,40,2985.36836504437
125,8,45,-1283.41058770858,45,7058.89673219634,45,396.025849053411,45,3607.73791347822
125,8,50,-299.917480671587,50,6989.1780914248,50,1065.77621255694,50,4142.17491707164
125,8,55,727.374091515643,55,6646.95893247809,55,1826.31780799615,55,4503.53906755402
125,8,60,1751.16484787261,60,6031.07797827055,60,2634.41444932571,60,4607.72511055524
125,8,65,2719.80432460817,65,5171.27209691856,65,3437.83986387553,65,4383.02439339906
125,8,70,3581.44964723273,70,4127.24104259563,70,4177.88557028365,70,3783.30755449279
125,8,75,4287.46928566602,75,2982.64687869667,75,4792.95018727528,75,2800.92539279133
125,8,80,4795.61181974025,80,1834.76612773539,80,5222.89049929339,80,1476.32811573004
125,8,85,5073.73269782011,85,781.416633012766,85,5414.02978261971,85,-98.722993281851
125,8,90,5104.32522381129,90,-92.7096189823091,90,5324.75420974902,90,-1786.6127164686
130,8,0,-4325.4765867027,0,4871.65235105875,0,679.218574112067,0,201.652616934152
130,8,5,-4232.09264073875,5,4885.682297889,5,280.483837460705,5,374.524477842283
130,8,10,-4033.73452702503,10,5040.99533448768,10,-78.1856612488109,10,545.671186644885
130,8,15,-3730.84163781533,15,5317.59963421474,15,-357.009543903424,15,758.249141549028
130,8,20,-3322.83626833865,20,5679.13824102741,20,-522.894852376092,20,1044.77068887771
130,8,25,-2808.94945240197,25,6076.61832520233,25,-551.739368400423,25,1421.48227671569
130,8,30,-2189.98363902241,30,6452.74726091073,30,-429.496564611071,30,1885.25962782991
130,8,35,-1470.97865733769,35,6746.63375530574,35,-152.218889170984,35,2412.95711558536
130,8,40,-664.210698805469,40,6899.00394664769,40,274.336731435151,40,2962.79828032779
130,8,45,208.492709721844,45,6858.19041548968,45,834.942607225915,45,3477.41413015767
130,8,50,1115.15613111637,50,6586.81821890471,50,1504.74807223055,50,3888.4301275382
130,8,55,2015.28776577662,55,6068.45036154051,55,2249.04595796313,55,4122.80684242417
130,8,60,2863.42665744025,60,5312.8193966023,60,3023.59927430657,60,4111.16068410153
130,8,65,3613.64330014833,65,4358.05328997659,65,3776.10851007581,65,3797.8773824549
130,8,70,4223.92297065514,70,3268.68911493462,70,4449.02856602223,70,3152.0622955713
130,8,75,4659.79058801685,75,2129.13773950395,75,4983.54370473702,75,2177.53165115199
130,8,80,4897.13935663966,80,1033.29477487794,80,5324.30114147994,80,919.50355712483
130,8,85,4924.56791804208,85,71.8691997791828,85,5424.4861887913,85,-534.295786877838
130,8,90,4745.4260948024,90,-680.463557384176,90,5250.83102886183,90,-2059.59918226622
135,8,0,-2845.91241772549,0,5695.2565541558,0,557.593941959491,0,12.1683680883356
135,8,5,-2748.37404101955,5,5688.75547816523,5,270.053725658469,5,274.080569096503
135,8,10,-2533.40087015237,10,5774.5877470455,10,17.4218204529997,10,529.295882059304
135,8,15,-2204.85556550376,15,5937.29638280875,15,-164.405899773289,15,808.576621653302
135,8,20,-1768.23009615229,20,6147.12099099657,20,-245.474453300368,20,1134.64802929823
135,8,25,-1231.01553647462,25,6363.14303893092,25,-203.877068778417,25,1517.48533036751
135,8,30,-603.66153244146,30,6537.34391240512,30,-26.9267162558545,30,1951.49395387742
135,8,35,98.951407626531,35,6619.31173428657,35,288.455594280647,35,2414.71731737721
135,8,40,855.949195877621,40,6561.50171371077,40,735.763132127668,40,2869.95120669648
135,8,45,1639.49909860217,45,6324.96128740767,45,1298.97280689469,45,3267.5824856514
135,8,50,2415.12541925848,50,5885.19615929364,50,1952.54430993497,50,3550.05014604937
135,8,55,3143.65006440022,55,5237.45386814607,55,2661.57331918313,55,3657.90178976116
135,8,60,3784.56200911295,60,4400.3491658604,60,3382.54997091306,60,3537.32797729577
135,8,65,4300.14462622628,65,3416.68442703937,65,4065.14807577247,65,3148.7236751064
135,8,70,4659.51388290457,70,2350.6507103402,70,4655.21500082103,70,2475.31453434622
135,8,75,4841.89396552017,75,1281.27253671253,75,5098.79802643075,75,1530.38534211033
135,8,80,4838.82504217081,80,292.781379801651,80,5346.78940520503,80,361.396365552663
135,8,85,4655.32243704959,85,-536.668795066312,85,5359.66403523894,85,-950.540145247427
135,8,90,4310.13033676642,90,-1146.08180846933,90,5111.78645474876,90,-2296.66314842592
140,8,0,-1126.35758850416,0,6084.98749427751,0,408.352289358264,0,-132.345141988963
140,8,5,-1030.27064139172,5,6062.15069546545,5,247.373915039074,5,194.415965061917
140,8,10,-819.41483193973,10,6082.76153143177,10,115.68895197706,10,510.824997664281
140,8,15,-499.800161179377,15,6135.87572521568,15,43.949452498267,15,835.836724841159
140,8,20,-80.9336241487015,20,6199.17869597266,20,57.7583670846975,20,1182.68835344599
140,8,25,424.194981675612,25,6241.51638661802,25,175.79074996221,25,1555.19348808058
140,8,30,998.858730995121,30,6226.43069672923,30,408.588352883282,30,1945.42401797859
140,8,35,1622.13940862782,35,6116.42820361453,35,757.939585746039,35,2333.00933037311
140,8,40,2268.54837542726,40,5877.73316292231,40,1216.64096499512,40,2686.09556104225
140,8,45,2908.14109125008,45,5485.22867194022,45,1768.45812613767,45,2963.90210350227
140,8,50,3507.52433049114,50,4927.14197349917,50,2388.25645384122,50,3120.76398452652
140,8,55,4031.94116325674,55,4208.82880127311,55,3042.46853761069,55,3111.48819244817
140,8,60,4448.28135688195,60,3354.87076114225,60,3690.19016381836,60,2897.70863287971
140,8,65,4728.54781230226,65,2408.74217544386,65,4285.1673052064,65,2454.67431507894
140,8,70,4853.15138345816,70,1429.59314787333,70,4778.75695153798,70,1777.60010046683
140,8,75,4813.46203362147,75,486.199674534197,75,5123.69507601379,75,886.464634578584
140,8,80,4613.26079683745,80,-351.272953702604,80,5278.28933642453,80,-171.909102083519
140,8,85,4268.99581447514,85,-1020.52168198275,85,5210.54196399165,85,-1325.41226171841
140,8,90,3808.93710754289,90,-1475.88922487005,90,4901.71269010549,90,-2482.22246490115
145,8,0,677.756038054971,0,5962.84948827004,0,247.443315208019,0,-224.092575093203
145,8,5,767.640389813672,5,5929.11944615256,5,220.007114210583,5,134.884282613092
145,8,10,955.560491348388,10,5895.79495884753,10,216.040512100687,10,481.462431280447
145,8,15,1234.61095603537,15,5856.005327211,15,259.919922185169,15,824.155291868083
145,8,20,1593.49271639896,20,5794.90851048704,20,371.942874718668,20,1167.72607904993
145,8,25,2016.79131341382,25,5691.62209067539,25,566.700830644111,25,1510.52575892416
145,8,30,2485.23926385575,30,5522.05066127423,30,851.916028233175,30,1842.81462867433
145,8,35,2976.00321313746,35,5262.35591045392,35,1227.71721458493,35,2146.3084803475
145,8,40,3463.14151279543,40,4892.767253901,40,1686.27494039503,40,2395.05282260314
145,8,45,3918.4418840586,45,4401.36978898024,45,2211.73603621302,45,2557.61011934383
145,8,50,4312.82291528467,50,3787.42690521277,50,2780.47712604409,50,2600.43965040796
145,8,55,4618.35472314693,55,3063.72385029321,55,3361.79130854189,55,2492.23511472161
145,8,60,4810.7600907483,60,2257.40824779869,60,3919.17042691219,60,2208.84183948342
145,8,65,4872.07089084652,65,1408.90704831801,65,4412.30708036017,65,1738.20719622992
145,8,70,4793.01021550349,70,568.739911002877,70,4799.81710200544,70,1084.66178386041
145,8,75,4574.68774170674,75,-207.599473860027,75,5042.51704407158,75,271.747797504211
145,8,80,4229.32144872067,80,-866.133104542917,80,5106.94284964898,80,-657.130928909947
145,8,85,3779.8786488079,85,-1361.36860684261,85,4968.71474428505,85,-1640.72882783528
145,8,90,3258.69810746454,90,-1662.67987646739,90,4615.35868478793,90,-2604.74391635681
150,8,0,2371.09063311368,0,5315.8581267541,0,89.2930088903045,0,-259.698824842884
150,8,5,2451.22874166172,5,5276.75503689247,5,191.064780997191,5,93.2539335376453
150,8,10,2602.08986856913,10,5205.90096457439,10,310.677032403216,10,433.359080982489
150,8,15,2816.93767077178,15,5099.83296311319,15,465.658016437287,15,760.827916794071
150,8,20,3084.70818887673,20,4950.46935673992,20,670.404502990052,20,1073.70178135043
150,8,25,3390.43179487131,25,4746.47302103346,25,934.844928216145,25,1366.18265269795
150,8,30,3715.79004046312,30,4475.27614999486,30,1263.41434319806,30,1627.6250017238
150,8,35,4039.81955520939,35,4125.55393888769,35,1654.36299971359,35,1842.38403578622
150,8,40,4339.81368083521,40,3689.87305878164,40,2099.39666585834,40,1990.6162915467
150,8,45,4592.48935236779,45,3167.19189555042,45,2583.65419195693,45,2050.02279684265
150,8,50,4775.46152015819,50,2564.85756883348,50,3086.05779537114,50,1998.41657246169
150,8,55,4868.99670611591,55,1899.74317426355,55,3580.10126186271,55,1816.8852227755
150,8,60,4857.919120263,60,1198.21679341598,60,4035.14454747805,60,1493.20875144474
150,8,65,4733.45081328774,65,494.747287998827,65,4418.24375823747,65,1025.09471853554
150,8,70,4494.71683530842,70,-170.868408029597,70,4696.46578998221,70,422.730552535571
150,8,75,4149.65856714869,75,-757.446949669583,75,4839.53839117445,75,-289.844900771688
150,8,80,3715.17160797265,80,-1227.09137334389,80,4822.59989679058,80,-1074.95798325619
150,8,85,3216.39605663796,85,-1549.97777797492,85,4628.76540418923,85,-1883.3272842865
150,8,90,2685.20372675196,90,-1708.555829547,90,4251.23041327127,90,-2657.86303925563
155,8,0,3747.22745597723,0,4208.72368661361,0,-54.4718060271504,0,-240.042758515288
155,8,5,3815.17694618783,5,4168.84575677803,5,159.263752517179,5,67.5385970688265
155,8,10,3921.28647022444,10,4079.33006830452,10,385.699113849413,10,363.118546070075
155,8,15,4059.81284599458,15,3939.32736475668,15,635.524528080972,15,641.364525591859
155,8,20,4221.50696444386,20,3746.18087321241,20,917.15232317847,20,895.964110400237
155,8,25,4394.07424372924,25,3496.26853366214,25,1235.71258437244,25,1118.79355369416
155,8,30,4562.81753417012,30,3186.24005647294,30,1592.2594457629,30,1299.49160120992
155,8,35,4711.45339337291,35,2814.49351582185,35,1983.23059812275,35,1425.56347572333
155,8,40,4823.09678784925,40,2382.69128309558,40,2400.19116156426,40,1483.07324362239
155,8,45,4881.40460096044,45,1897.08789436378,45,2829.89014484837,45,1457.90551271212
155,8,50,4871.84872886246,50,1369.43804822393,50,3254.65920557805,50,1337.49597358751
155,8,55,4783.05527764368,55,817.276872754013,55,3653.18084227715,55,1112.85141976219
155,8,60,4608.10533764082,60,263.421314450402,60,4001.63768203966,60,780.611793529772
155,8,65,4345.65832321539,65,-265.368567139049,65,4275.22169245267,65,344.859982162133
155,8,70,4000.74467306407,70,-740.513022257186,70,4449.93473197612,70,-181.628538717355
155,8,75,3585.08942500096,75,-1134.3370950668,75,4504.55965232333,75,-776.973944227388
155,8,80,3116.8717276638,80,-1423.09449804921,80,4422.63754268302,80,-1410.81674441897
155,8,85,2619.88895374536,85,-1589.90592927467,85,4194.26357596363,85,-2046.05337947218
155,8,90,2122.1637272393,90,-1627.19904023857,90,3817.51743706097,90,-2641.60325517742
160,8,0,4624.66690236648,0,2781.17404415334,0,-174.73079169382,0,-170.604617804349
160,8,5,4678.91036128701,5,2743.76089670359,5,121.149410544665,5,56.7000877342772
160,8,10,4739.68191123406,10,2654.08766975731,10,425.16648732228,10,273.735522765101
160,8,15,4802.79518568414,15,2513.01139070054,15,741.838162166848,15,472.676317177662
160,8,20,4861.79715153895,20,2321.49430099644,20,1074.15240131553,20,645.523480819438
160,8,25,4908.3757618673,25,2081.00731626259,25,1422.91274760743,25,783.871535556073
160,8,30,4932.92342314272,30,1794.10661001945,30,1786.22742530091,30,878.884230276438
160,8,35,4925.23600668664,35,1465.08995673555,35,2159.1821383722,35,921.538876669566
160,8,40,4875.32022894033,40,1100.61681390096,40,2533.72900077174,40,903.160346923015
160,8,45,4774.27320252504,45,710.166793884556,45,2898.81639068239,45,816.220389291343
160,8,50,4615.18613582654,50,306.217921856878,50,3240.7755128934,50,655.331150326382
160,8,55,4394.01059913764,55,-95.9497092245184,55,3543.9670935212,55,418.319320009595
160,8,60,4110.31348975909,60,-478.878123422483,60,3791.67426884103,60,107.235170756316
160,8,65,3767.8400539664,65,-823.981695723494,65,3967.20523337838,65,-270.865189037192
160,8,70,3374.80711970158,70,-1112.95868041569,70,4055.14362888555,70,-703.520937195321
160,8,75,2943.86340355098,75,-1329.43694281408,75,4042.65999543445,75,-1172.97882696241
160,8,80,2491.67998048017,80,-1460.6752163644,80,3920.77878273551,80,-1656.89259654897
160,8,85,2038.16852790774,85,-1499.11023460866,85,3685.48676520081,85,-2129.61533902526
160,8,90,1605.36264321875,90,-1443.53715582465,90,3338.57265600384,90,-2564.01104589388
165,8,0,4881.43010879592,0,1228.55075385686,0,-264.153393812274,0,-62.3694006798634
165,8,5,4921.63621577914,5,1195.57475870631,5,73.7124406720968,5,59.771079415914
165,8,10,4943.59621698846,10,1121.15997992802,10,415.791734415479,10,173.922754715215
165,8,15,4944.91732667583,15,1006.88803968083,15,761.75810909297,15,272.645167935786
165,8,20,4922.21897437568,20,855.325834082135,20,1110.41119481598,20,348.751543421147
165,8,25,4871.41722680791,25,670.12415531605,25,1459.3438437462,25,395.399770599444
165,8,30,4788.10479508547,30,456.15080266431,30,1804.70105939645,30,406.257161640917
165,8,35,4668.00592644532,35,219.617506617899,35,2141.05611890658,35,375.756214767781
165,8,40,4507.47920251612,40,-31.8472646530946,40,2461.42355673555,40,299.441009521303
165,8,45,4304.03544546535,45,-289.227958161122,45,2757.42133700445,45,174.384138960761
165,8,50,4056.83298172864,50,-542.295178764492,50,3019.58562667212,50,-0.365146229933
165,8,55,3767.10912038756,55,-779.948953693019,55,3237.83111366793,55,-223.356827370295
165,8,60,3438.5057923392,60,-990.737438309139,60,3402.03806124864,60,-490.405193547466
165,8,65,3077.24983373231,65,-1163.53137747446,65,3502.73492915726,65,-794.409929386859
165,8,70,2692.15510491003,70,-1288.30856539693,70,3531.83355793346,70,-1125.39213165927
165,8,75,2294.424701245,75,-1356.97920964477,75,3483.36408220077,75,-1470.78654084475
165,8,80,1897.24640205145,80,-1364.16627551584,80,3354.15046965988,80,-1816.00520665791
165,8,85,1515.19196310225,85,-1307.8477980573,85,3144.36617925255,85,-2145.2560198275
165,8,90,1163.44909765976,90,-1189.77288228335,90,2857.91364816614,90,-2442.56593100948
170,8,0,4479.22196531395,0,-230.466092347974,0,-317.31769940436,0,67.6352801047041
170,8,5,4507.05665953165,5,-258.075573358843,5,15.5460007793103,5,74.3359276433141
170,8,10,4503.40069491403,10,-307.473121171792,10,349.654805224319,10,75.6191674578633
170,8,15,4467.46058139022,15,-377.24877717084,15,681.7828478798,15,66.5954199459545
170,8,20,4398.43006905302,20,-465.031883005015,20,1008.3689391506,20,42.7094216873435
170,8,25,4295.62392167027,25,-567.532112523592,25,1325.428832639,25,-0.0917739903542603
170,8,30,4158.64786657686,30,-680.600701171964,30,1628.51224795414,30,-65.1862968199899
170,8,35,3987.59186375758,35,-799.320360306358,35,1912.71513388414,35,-155.101843479565
170,8,40,3783.23101175417,40,-918.132902572833,40,2172.75403135837,40,-271.342892482675
170,8,45,3547.21639875876,45,-1031.01209272725,45,2403.10501318932,45,-414.231442527978
170,8,50,3282.23724010502,50,-1131.68563561347,50,2598.20472550028,50,-582.776078107898
170,8,55,2992.13592580602,55,-1213.90478562107,55,2752.70579273709,55,-774.58683501294
170,8,60,2681.95929363712,60,-1271.75337745334,60,2861.7736078019,60,-985.853877207323
170,8,65,2357.93262014814,65,-1299.98095888272,65,2921.40671204506,65,-1211.40594813333
170,8,70,2027.34743801211,70,-1294.33814149159,70,2928.75902065717,70,-1444.85978726561
170,8,75,1698.36014757051,75,-1251.88730825392,75,2882.43951271248,75,-1678.8644466185
170,8,80,1379.70513840587,80,-1171.25936038397,80,2782.7640731216,80,-1905.43532618674
170,8,85,1080.33327489273,85,-1052.82793827328,85,2631.9352245854,85,-2116.36273282276
170,8,90,808.993527481109,90,-898.776832116608,90,2434.12863590155,90,-2303.67004855429
175,8,0,3471.08529148819,0,-1391.08747776426,0,-332.005213240224,0,197.421144192597
175,8,5,3491.05567648219,5,-1413.44389871559,5,-53.9408478250241,5,95.9651241567366
175,8,10,3480.46243227165,10,-1435.87444644184,10,224.03052892417,10,-8.36977748343845
175,8,15,3439.4331704,15,-1457.68817684935,15,498.239912111033,15,-116.986716116043
175,8,20,3368.49571922309,20,-1477.78559180069,20,765.01526156748,20,-231.111031358107
175,8,25,3268.59665971322,25,-1494.70115084492,25,1020.71850790162,25,-351.702279409036
175,8,30,3141.11992553702,30,-1506.66287141689,30,1261.7915635041,30,-479.375478395561
175,8,35,2987.90215803649,35,-1511.66755631393,35,1484.81251298221,35,-614.334766988458
175,8,40,2811.24106044566,40,-1507.56960692175,40,1686.56210510045,40,-756.322619381168
175,8,45,2613.89285354055,45,-1492.18069318153,45,1864.09949035334,45,-904.587581571309
175,8,50,2399.05513046107,50,-1463.37678982402,50,2014.84492838682,50,-1057.87312741228
175,8,55,2170.33195375186,55,-1419.20831686849,55,2136.66602046643,55,-1214.42962359092
175,8,60,1931.67892040368,60,-1358.00842993149,60,2227.96300074875,60,-1372.05051102725
175,8,65,1687.32710236181,65,-1278.49399680996,65,2287.7478402534,65,-1528.13266138348
175,8,70,1441.68618604281,70,-1179.85357703174,70,2315.7114632088,70,-1679.75949700447
175,8,75,1199.22869642736,75,-1061.81688275141,75,2312.27331342644,75,-1823.80395713791
175,8,80,964.358791484677,80,-924.700805511152,80,2278.60788056183,80,-1957.04687467521
175,8,85,741.270630702171,85,-769.428164710574,85,2216.64361417069,85,-2076.30494247084
175,8,90,533.802633190972,90,-597.516839688025,90,2129.03089477947,90,-2178.56135208032
180,8,0,1991.46283638126,0,-2095.69201086186,0,-310.805696305789,0,303.329997060233
180,8,5,2010.9732203615,5,-2114.15422124524,5,-136.055564137373,5,119.524141066587
180,8,10,2015.17888387595,10,-2116.52644144373,10,39.7300330267217,10,-65.1913658112218
180,8,15,2004.04781928583,15,-2102.79061742922,15,215.213260649834,15,-249.410727031582
180,8,20,1977.66474071379,20,-2073.05128711638,20,389.058585410085,20,-431.731922020919
180,8,25,1936.23043931829,25,-2027.534784766,25,559.942939415367,25,-610.767376396818
180,8,30,1880.06025515168,30,-1966.58751844458,30,726.565789548905,30,-785.154522246911
180,8,35,1809.58167723194,35,-1890.67333364978,35,887.659035311558,35,-953.566168093439
180,8,40,1725.33109009318,40,-1800.36998316613,40,1041.99665983231,40,-1114.72059962178
180,8,45,1627.94969157542,45,-1696.36473001748,45,1188.40406059696,45,-1267.39133430031
180,8,50,1518.17861292186,50,-1579.44911698036,50,1325.76698888246,50,-1410.41645565299
180,8,55,1396.85327832266,55,-1450.51294246557,55,1453.04002986258,55,-1542.70745614542
180,8,60,1264.89704683236,60,-1310.53748861495,60,1569.25455884589,60,-1663.25752138435
180,8,65,1123.31418504994,65,-1160.5880531518,65,1673.52611309457,65,-1771.14919258319
180,8,70,973.182224043638,70,-1001.80584182194,70,1765.0611231199,70,-1865.56134897735
180,8,75,815.643758688876,75,-835.399283128912,75,1843.16295222525,75,-1945.77545704906
180,8,80,651.897751831322,80,-662.634831463392,80,1907.23719833194,80,-2011.18103900128
180,8,85,483.190409455708,85,-484.827328620584,85,1956.79621773803,85,-2061.28031886238
180,8,90,310.80569630579,90,-303.32999706023,90,1991.46283638126,90,-2095.69201086186
185,8,0,-232.221240848905,0,2256.41325189018,0,261.637361255005,0,-364.87459935205
185,8,5,-260.366852367359,5,2273.65373440318,5,233.301229744221,5,-141.827361964838
185,8,10,-300.471671277421,10,2270.95945597162,10,199.717373993067,10,81.4971901179939
185,8,15,-351.08095733264,15,2248.24580877843,15,157.107694408265,15,303.305478064212
185,8,20,-409.891037360852,20,2205.47587407421,20,102.101084865672,20,521.723146545897
185,8,25,-473.859538608511,25,2142.70567752715,25,31.9111234241432,25,734.760346441809
185,8,30,-539.350780205699,30,2060.14442599627,30,-55.5159663016701,30,940.296147344067
185,8,35,-602.308496867227,35,1958.22259338173,35,-161.389995844497,35,1136.08654396211
185,8,40,-658.44678446932,40,1837.65963631056,40,-286.0069832984,40,1319.79799432215
185,8,45,-703.449405481465,45,1699.52288416465,45,-428.723374579147,45,1489.06569164488
185,8,50,-733.167407028036,50,1545.2697778331,50,-587.974494377899,50,1641.5731073854
185,8,55,-743.80538576582,55,1376.76705340688,55,-761.335076905128,55,1775.14701870597
185,8,60,-732.087648317931,60,1196.28252727166,60,-945.61758138682,60,1887.86047745076
185,8,65,-695.396898308007,65,1006.4476231732,65,-1137.00215953841,65,1978.13515406283
185,8,70,-631.879837480337,70,810.191438579411,70,-1331.19071473281,70,2044.83428514355
185,8,75,-540.516082809757,75,610.649716244085,75,-1523.57655143643,75,2087.3380694506
185,8,80,-421.148942607081,80,411.054324033582,80,-1709.42070291797,80,2105.59471459685
185,8,85,-274.47872475254,85,214.610550231606,85,-1884.02615429488,85,2100.14228604248
185,8,90,-102.021234840848,90,24.3705515478114,90,-2042.90181979782,90,2072.09884982649
190,8,0,1589.18932370707,0,1863.98533038194,0,196.332550012125,0,-369.484923048605
190,8,5,1543.80221204393,5,1883.65846748319,5,347.917009702326,5,-164.063462099969
190,8,10,1451.49968768371,10,1896.29789218391,10,486.882548376436,10,43.2360773883802
190,8,15,1316.31564614041,15,1900.39907402961,15,601.932709195009,15,254.214482885734
190,8,20,1144.62295738766,20,1893.35058946406,20,683.005971906888,20,469.923799817764
190,8,25,944.787140029743,25,1871.75259461554,25,721.780469829865,25,690.288923738628
190,8,30,726.720187021292,30,1831.84213179285,30,712.080600535248,30,913.856319539706
190,8,35,501.360581635365,35,1769.97915321172,35,650.165343404796,35,1137.69800948591
190,8,40,280.109287580654,40,1683.14117329137,40,534.884878066311,40,1357.48221692899
190,8,45,74.2535865824083,45,1569.37418710739,45,367.699578442322,45,1567.70445258356
190,8,50,-105.589084945259,50,1428.15275293915,50,152.563269620803,50,1762.05631115955
190,8,55,-249.976755694152,55,1260.61216587429,55,-104.319644087352,55,1933.89552261087
190,8,60,-351.0709083462,60,1069.6292077424,60,-394.846401434609,60,2076.77120465628
190,8,65,-402.96489193327,65,859.743498271477,65,-709.454523142502,65,2184.95362393788
190,8,70,-401.897339842149,70,636.927316431947,70,-1037.61922023336,70,2253.91837422003
190,8,75,-346.342670486814,75,408.226279028437,75,-1368.37900105578,75,2280.74045687399
190,8,80,-236.978698518712,80,181.30502990914,80,-1690.85800541701,80,2264.36354278497
190,8,85,-76.5392267835555,85,-36.05998130073,85,-1994.75480622786,85,2205.72254601238
190,8,90,130.433350210867,90,-236.495120648244,90,-2270.77067557653,90,2107.71211449295
195,8,0,3262.81719008583,0,983.059838320858,0,127.623171699687,0,-315.398088487528
195,8,5,3194.33234784917,5,1009.16949998086,5,479.206797485403,5,-192.513593950042
195,8,10,3041.68396282145,10,1059.2106661511,10,808.219038794218,10,-63.0274514427434
195,8,15,2812.26424466145,15,1128.48616710149,15,1094.21569494816,15,83.5337434694025
195,8,20,2517.56143071854,20,1208.69642094936,20,1319.13608159188,20,255.347607117914
195,8,25,2172.49644187357,25,1288.87620909249,25,1468.22062356951,25,457.161643251067
195,8,30,1794.58063556478,30,1356.62942588395,30,1530.74056544014,30,689.543812931963
195,8,35,1402.94197989494,35,1399.52174962196,35,1500.5030912635,35,948.594202796253
195,8,40,1017.27462527927,40,1406.47778705931,40,1376.10602906595,40,1226.14150662771
195,8,45,656.772303668754,45,1369.03374549021,45,1160.92921886824,45,1510.39530303068
195,8,50,339.108277723262,50,1282.31728848474,50,862.864228982263,50,1786.97807553047
195,8,55,79.5228688827481,55,1145.65945629846,55,493.799620255664,55,2040.22422182618
195,8,60,-109.926504059153,60,962.784938793281,60,68.8942259147039,60,2254.60997065497
195,8,65,-220.908211572816,65,741.571823934743,65,-394.315373053488,65,2416.16958944996
195,8,70,-249.12161794655,70,493.415619969234,70,-876.916075982444,70,2513.75949892843
195,8,75,-194.350445784774,75,232.270736914663,75,-1359.66395371261,75,2540.05164508039
195,8,80,-60.2677552836747,80,-26.5277651429321,80,-1824.00746326921,80,2492.16837078676
195,8,85,145.986616982908,85,-267.541153809182,85,-2253.0233002991,85,2371.90978971445
195,8,90,414.419476841751,90,-476.476566647067,90,-2632.20679828058,90,2185.56723046691
200,8,0,4614.81610711531,0,-263.73685091436,0,65.8291736269101,0,-211.675586790544
200,8,5,4521.54628012317,5,-227.408660551671,5,621.420194661832,5,-237.078566952136
200,8,10,4310.02190961878,10,-119.797444489392,10,1143.03117120864,10,-247.261081608289
200,8,15,3991.20317100746,15,49.2335834278941,15,1600.49355442021,15,-217.541977158549
200,8,20,3581.88031150674,20,262.359507592155,20,1967.29867383241,20,-128.209092513304
200,8,25,3103.69365640921,25,496.787893252315,25,2221.94283738387,25,33.1275744580881
200,8,30,2581.89193921805,30,726.839147230676,30,2349.00828758834,30,270.034646213289
200,8,35,2043.88605816675,35,926.800198916746,35,2339.92339264046,35,576.748542432497
200,8,40,1517.67268936728,40,1073.72288398677,40,2193.35403371548,40,938.685453690645
200,8,45,1030.21913455556,45,1149.86366598094,45,1915.19376755984,45,1333.87763350609
200,8,50,605.912633018605,50,1144.5190942408,50,1518.14301612932,50,1735.15249948402
200,8,55,265.180103137345,55,1055.09026413917,55,1020.89505709558,55,2112.80521984986
200,8,60,23.3758738012852,60,887.298103614074,60,446.975379963638,60,2437.47936124377
200,8,65,-109.984107567211,65,654.560053236137,65,-176.692757059529,65,2682.96301198439
200,8,70,-131.590250504721,70,376.620538170629,70,-821.402991302216,70,2828.62729575695
200,8,75,-44.2896371707243,75,77.5972159279488,75,-1458.35369406064,75,2861.27761176216
200,8,80,143.369029867638,80,-216.34226132774,80,-2060.29632858269,80,2776.25200256239
200,8,85,417.953654162286,85,-479.426697627116,85,-2603.03383323556,85,2577.68109359091
200,8,90,762.262074935501,90,-688.598272998909,90,-3066.66821998451,90,2277.91313183762
205,8,0,5527.38358864788,0,-1719.46879748973,0,16.6903738427275,0,-75.4564448560515
205,8,5,5411.94916199428,5,-1669.61908083997,5,763.713505995652,5,-308.226739418918
205,8,10,5151.90262460246,10,-1488.74733340583,10,1465.32008514685,10,-512.710570567364
205,8,15,4761.3289602863,15,-1193.85034592934,15,2082.18044846086,15,-644.711446945843
205,8,20,4261.59435217102,20,-814.420829950963,20,2579.76644913248,20,-668.979135283144
205,8,25,3680.16410373137,25,-388.888848795421,25,2930.07175642656,25,-563.222827962767
205,8,30,3049.07066021576,30,39.8812067409854,30,3113.05530588482,30,-320.540649837915
205,8,35,2403.06412137585,35,429.448283428097,35,3117.71953770388,35,49.9407355362854
205,8,40,1777.52164837764,40,742.41862894272,40,2942.72797535307,40,524.192301963641
205,8,45,1206.24254576408,45,950.328869572455,45,2596.4817710985,45,1065.95289145636
205,8,50,719.296109776244,50,1036.41468401317,50,2096.61151789527,50,1630.57865872856
205,8,55,341.105976025754,55,997.046901895998,55,1468.89123136931,55,2169.6231186994
205,8,60,88.9415164918754,60,841.768918385422,60,745.634830005943,60,2635.66691706828
205,8,65,-28.0533079795549,65,592.004273205065,65,-36.3184777994244,65,2986.92347508967
205,8,70,-9.22036515789326,70,278.617610222148,70,-837.890795320611,70,3191.18435041446
205,8,75,137.874874033223,75,-61.3926916103123,75,-1620.16684793989,75,3228.73477790606
205,8,80,398.285371096913,80,-388.716631139613,80,-2346.74679102002,80,3093.96804430023
205,8,85,751.019234152621,85,-665.666280024867,85,-2985.89051494844,85,2795.55778821871
205,8,90,1170.75644898702,90,-859.804349688112,90,-3512.30412282047,90,2355.20274091412
210,8,0,5947.7384009828,0,-3219.70872845328,0,-18.9105847117599,0,72.499607183968
210,8,5,5816.09341444177,5,-3153.55776128642,5,892.485604297811,5,-413.563386538781
210,8,10,5524.2575441051,10,-2889.80232373561,10,1748.42475803431,10,-853.630894856409
210,8,15,5088.39339220472,15,-2454.2971589122,15,2501.99012579631,15,-1179.53626674702
210,8,20,4532.92439570256,20,-1891.23970391673,20,3111.78852535708,20,-1337.41230385609
210,8,25,3889.39590344146,25,-1257.52491042327,25,3543.94905943516,25,-1293.71807481821
210,8,30,3194.87986275831,30,-615.767624681357,30,3773.95156931356,30,-1038.64425643333
210,8,35,2489.86567720048,35,-26.9836195329018,35,3788.13603563959,35,-586.660283500079
210,8,40,1815.68329435218,40,456.132369109311,40,3584.70149753955,40,25.6380881995548
210,8,45,1211.63166720085,45,794.587678029814,45,3174.01707286356,45,743.919963402172
210,8,50,712.092611952645,50,966.657575786965,50,2578.13414817894,50,1502.11319794708
210,8,55,343.959341999113,55,969.434390837026,55,1829.48542829192,55,2229.30525259796
210,8,60,124.683659159114,60,818.382849973824,60,968.853791749451,60,2856.86840436435
210,8,65,61.1552513884046,65,545.085713659543,65,42.7681154429069,65,3325.16732890052
210,8,70,149.500875233584,70,193.478024757581,70,-899.475042523242,70,3589.25329791759
210,8,75,375.767472248858,75,-185.036736446492,75,-1808.95098239162,75,3623.01165574495
210,8,80,717.360583344514,80,-537.103850993581,80,-2640.19629977278,80,3421.33816116661
210,8,85,1145.05966064276,85,-813.003657712926,85,-3354.04351342303,85,3000.10006682883
210,8,90,1625.41911364008,90,-971.703119359407,90,-3920.00416064872,90,2393.88727923648
215,8,0,5886.02431488146,0,-4617.33885848718,0,-43.5860825175741,0,212.499195216518
215,8,5,5745.89492136982,5,-4532.80014202503,5,995.045759538078,5,-555.215384041775
215,8,10,5441.9379727784,10,-4183.69113036544,10,1970.68628935202,10,-1254.90515905868
215,8,15,4990.94372751086,15,-3605.87227644998,15,2831.11185925091,15,-1791.32703982782
215,8,20,4418.37334591507,20,-2859.70207016147,20,3529.688842108,20,-2090.17508119998
215,8,25,3757.61542715798,25,-2021.87740761433,25,4027.53391475004,25,-2106.3452113531
215,8,30,3048.65384686474,30,-1175.55436523862,30,4295.7756745742,30,-1828.22462303128
215,8,35,2335.90166146125,35,-400.265771077356,35,4317.66342550747,35,-1277.7986699065
215,8,40,1665.16053172228,40,236.983492317596,40,4090.16406111606,40,-506.997701354026
215,8,45,1079.93524930078,45,688.439206003792,45,3624.70284045376,45,408.86997942219
215,8,50,617.573514613275,50,929.620976013294,50,2946.82768240088,50,1379.5913577483
215,8,55,305.821642766723,55,960.574221069585,55,2094.75693543852,55,2309.46942681714
215,8,60,160.340923738518,60,804.580836450248,60,1116.93961528867,60,3106.86648905573
215,8,65,183.536119072959,65,504.700856413441,65,68.8655101757078,65,3693.14166933214
215,8,70,364.781325183833,70,118.566459654615,70,-990.599716824821,70,4010.26775867777
215,8,75,681.881713288643,75,-288.103727096009,75,-2003.08749754611,75,4026.39528801209
215,8,80,1103.45200050595,80,-648.704357294296,80,-2914.55893731198,80,3738.69152013232
215,8,85,1591.84666451227,85,-902.957952767679,85,-3678.85515118818,85,3173.00589113101
215,8,90,2106.32039836645,90,-1003.3444762429,90,-4260.71872792081,90,2380.30878648304
220,8,0,5404.11853721222,0,-5800.69753682184,0,-61.3768789391944,0,329.502572328734
220,8,5,5263.39361977696,5,-5696.90403594788,5,1062.95127399869,5,-728.837359365143
220,8,10,4966.40032110301,10,-5268.01602067912,10,2119.82328537605,10,-1693.76353095932
220,8,15,4529.0481475123,15,-4560.04740135307,15,3054.30163999672,15,-2441.51493407034
220,8,20,3975.75424402558,20,-3649.36950128159,20,3816.33810633772,20,-2876.8825866959
220,8,25,3339.47257114227,25,-2631.86938675804,25,4362.96690694025,25,-2943.8018433654
220,8,30,2661.00040318805,30,-1609.99590625881,30,4661.05668867054,30,-2630.33925997418
220,8,35,1987.00658661205,35,-679.821311935142,35,4690.21662149765,35,-1967.95841044988
220,8,40,1366.55679246153,40,79.9642197409738,40,4445.24603943859,40,-1025.90183255902
220,8,45,846.404360798139,45,615.819302301062,45,3937.52877845355,45,97.9030001337004
220,8,50,465.796953248656,50,903.370957889628,50,3194.99008486991,50,1287.92666938217
220,8,55,251.819936586843,55,947.878574255448,55,2260.55212987849,55,2422.91304099049
220,8,60,216.234023574509,60,781.727754827074,60,1189.30302994789,60,3387.72010584121
220,8,65,354.390811394066,65,459.605033633372,65,44.7369391107911,65,4084.47303763867
220,8,70,646.28435112288,70,51.895423208877,70,-1105.57315202468,70,4442.26667659912
220,8,75,1059.32655289437,75,-363.226734913544,75,-2194.56790787171,75,4424.41604972779
220,8,80,1552.17024719548,80,-708.452117983921,80,-3160.29598750141,80,4032.16337467184
220,8,85,2078.88499214403,85,-915.952182320683,85,-3950.23057042805,85,3304.01904915906
220,8,90,2592.95514668145,90,-934.965061273695,90,-4524.98465228003,90,2310.55343169117
225,8,0,4598.78031975567,0,-6702.38232206217,0,-75.9662705837839,0,414.850550961989
225,8,5,4464.21280760685,5,-6580.45355503604,5,1093.71000895493,5,-924.485878487639
225,8,10,4189.78880791164,10,-6085.87904955447,10,2194.47868344356,10,-2143.2381385547
225,8,15,3789.38584691839,15,-5273.58712062622,15,3171.21147678556,15,-3089.44904654984
225,8,20,3284.73513435736,20,-4233.79224986186,20,3972.25645045477,20,-3647.77608975841
225,8,25,2706.49368818188,25,-3078.7320346906,25,4551.51074095967,25,-3752.39696499294
225,8,30,2094.53467754549,30,-1926.83816682825,30,4871.68595889047,30,-3392.501712685
225,8,35,1496.46401218758,35,-887.084973722901,35,4908.19371009187,35,-2610.37072448644
225,8,40,963.793799964871,40,-46.0627922638537,40,4652.71018680312,40,-1493.42636053007
225,8,45,545.992188249668,45,540.519716996961,45,4115.46149931675,45,-162.416955919732
225,8,50,283.509232369576,50,851.398842338254,50,3325.61615513442,50,1242.18549155207
225,8,55,201.446842559717,55,898.948478209034,55,2329.69982070082,55,2574.1995012546
225,8,60,305.497213566094,60,725.10625433752,60,1188.38953230001,60,3695.54892318443
225,8,65,581.11687908926,65,395.079950529966,65,-27.7848740392097,65,4489.53265885015
225,8,70,995.937859094719,70,-10.4917746995492,70,-1243.38618678497,70,4872.82245055201
225,8,75,1504.56870185026,75,-404.52958274919,75,-2383.37113787272,75,4804.78908242051
225,8,80,2054.51300420967,80,-703.199268767318,80,-3378.50709489153,80,4292.38617076527
225,8,85,2591.98994029495,85,-835.493454017747,85,-4170.57012839568,85,3389.16693784226
225,8,90,3066.82917245389,90,-751.551611392886,90,-4716.8550629155,90,2188.0543944243
230,8,0,3583.05658387593,0,-7298.72904875533,0,-89.7078735654964,0,466.091717198507
230,8,5,3459.44711421045,5,-7162.38651189523,5,1090.51133807112,5,-1129.01143594263
230,8,10,3217.92867161036,10,-6624.24739720296,10,2202.8341401283,10,-2576.5558551352
230,8,15,2869.90864929919,15,-5745.37221121505,15,3194.09775212641,15,-3698.33743813265
230,8,20,2433.65266926205,20,-4625.53670199635,20,4012.69181827562,20,-4360.5958803188
230,8,25,1936.4259546567,25,-3388.32023152678,25,4610.31430290746,25,-4489.16325023224
230,8,30,1415.99364670213,30,-2163.02817899291,30,4945.69647379,30,-4075.36216460248
230,8,35,919.952977620234,35,-1066.69729285311,35,4989.59247587894,35,-3172.71316868629
230,8,40,501.747603432358,40,-189.445800877787,40,4729.70369064759,40,-1886.46676623852
230,8,45,213.333037043918,45,414.551617258255,45,4174.09798435723,45,-359.045324550341
230,8,50,95.9495275252785,50,729.846144566455,50,3352.18116419386,50,1245.80791735158
230,8,55,171.567040575262,55,777.229670938175,55,2313.10996817068,55,2758.69660440739
230,8,60,437.639822632006,60,607.764133116272,60,1122.21790400168,60,4019.92420272977
230,8,65,866.744190113601,65,294.929390912474,65,-143.783141593519,65,4894.76608662153
230,8,70,1411.00946848224,70,-74.2420047474303,70,-1402.3058856126,70,5288.03973986624
230,8,75,2009.80279641684,75,-408.775668258577,75,-2570.88872783187,75,5155.97937990931
230,8,80,2598.47897262098,80,-623.869495324994,80,-3573.53442801187,80,4512.63694891761
230,8,85,3116.23497797708,85,-650.791508750965,85,-4346.96971255922,85,3428.54067228291
230,8,90,3511.87968456687,90,-445.302189222283,90,-4846.10086878036,90,2021.01778529747
235,8,0,2469.42328828517,0,-7602.29102885511,0,-103.435436052387,0,485.46298077454
235,8,5,2359.34565238678,5,-7457.9381866558,5,1060.57708751892,5,-1329.13771569367
235,8,10,2155.35574019402,10,-6904.57839463223,10,2159.38658478171,10,-2971.3920618225
235,8,15,1866.82329972237,15,-6005.28971232976,15,3143.40456168168,15,-4240.07987780709
235,8,20,1508.82434514264,20,-4863.38329767365,20,3962.43085316342,20,-4985.32754561834
235,8,25,1105.05346080545,25,-3607.0645387602,25,4566.85460947576,25,-5125.91235323692
235,8,30,690.571719713519,30,-2370.11320761325,30,4911.69696860638,30,-4655.62388304687
235,8,35,312.289249344062,35,-1272.10736832416,35,4962.75448111138,35,-3638.65376948079
235,8,40,25.1547520414366,40,-402.222211369268,40,4703.09582865573,40,-2196.64002278062
235,8,45,-116.559730792698,45,190.288407353012,45,4137.85521244445,45,-491.506002596301
235,8,50,-71.1526193904024,50,497.953724004972,50,3295.92056406496,50,1292.27222648878
235,8,55,179.151014431485,55,550.616639957899,55,2228.35826695705,55,2964.45704227888
235,8,60,621.458486048105,60,407.237496637658,60,1004.4432000671,60,4345.50675225859
235,8,65,1212.55624522316,65,146.357453762967,65,-293.620746301368,65,5283.77195013059
235,8,70,1886.11787275823,70,-143.56851452432,70,-1576.69886572057,70,5672.94495926842
235,8,75,2564.20607883322,75,-373.833774466182,75,-2755.405757976,75,5466.92992705755
235,8,80,3169.56826060876,80,-465.229537861053,80,-3747.46130105047,80,4688.01070996324
235,8,85,3635.78997857275,85,-357.396174073251,85,-4485.20076874537,85,3425.0166786753
235,8,90,3913.75595197604,90,-16.5437331852549,90,-4922.13846488597,90,1820.75056874835
240,8,0,1357.10170546577,0,-7650.6987539238,0,-116.687223338332,0,477.850095227409
240,8,5,1261.15989165354,5,-7506.84200461401,5,1013.12873611472,5,-1514.21555616717
240,8,10,1094.47054588918,10,-6969.87840033759,10,2081.38423891596,10,-3312.90868904819
240,8,15,865.551881881368,15,-6100.01463025561,15,3043.05176281874,15,-4698.01989699431
240,8,20,587.504372357223,20,-4997.09988780455,20,3850.3354252607,20,-5506.12183837455
240,8,25,281.093748558697,25,-3786.32327186446,25,4453.07376909287,25,-5649.93513451743
240,8,30,-21.4298559522949,30,-2598.89535058545,30,4802.90390820498,30,-5125.36487330309
240,8,35,-274.408059087652,35,-1551.19385141441,35,4860.54455371019,35,-4005.86790112375
240,8,40,-421.961666879452,40,-727.171551795696,40,4604.03370089047,40,-2427.26315701053
240,8,45,-407.903767421767,45,-168.243136973617,45,4035.11425103433,45,-568.226510671544
240,8,50,-190.567037037256,50,127.671264503315,50,3181.75478853494,50,1368.95884337566
240,8,55,242.543158652848,55,199.461706550851,55,2096.55708010608,55,3175.87378333418
240,8,60,866.245734720279,60,112.05872991628,60,852.301589678341,60,4655.19560463789
240,8,65,1619.02920548951,65,-54.9537480217199,65,-463.850429828879,65,5639.7876266689
240,8,70,2413.82041689992,70,-217.548058210042,70,-1756.80931561363,70,6013.27141669805
240,8,75,3154.18718236246,75,-296.249734477382,75,-2930.86623125327,75,5728.16581021345
240,8,80,3750.73218003815,80,-224.518878892347,80,-3898.09047573541,80,4815.86146248573
240,8,85,4133.57496487735,85,43.486889466785,85,-4587.19663162057,85,3384.03475367308
240,8,90,4259.10983055308,90,526.769948433278,90,-4951.32283737694,90,1600.79272681517
245,8,0,324.701518369107,0,-7495.02595535747,0,-127.966153625639,0,448.979877084286
245,8,5,242.227994094179,5,-7361.21502934289,5,957.785987546502,5,-1677.84114794282
245,8,10,109.596613369074,10,-6872.09812780265,10,1986.05195835026,10,-3594.86357561776
245,8,15,-63.9509097992798,15,-6080.08051985672,15,2916.73128052092,15,-5067.18817452898
245,8,20,-265.536310527989,20,-5074.53655663974,20,3704.96824678456,20,-5920.40008165589
245,8,25,-476.162176254809,25,-3969.97224727227,25,4300.57128052287,25,-6061.87704347793
245,8,30,-666.183710119831,30,-2887.99404703069,30,4652.1128355643,30,-5488.80213672443
245,8,35,-791.770530106862,35,-1936.16286272119,35,4715.30017474033,35,-4281.98408726651
245,8,40,-797.006554363744,40,-1189.21952188624,40,4463.06065110551,40,-2588.86570098907
245,8,45,-624.664348423411,45,-678.25285053343,45,3893.67884629549,45,-602.002297972839
245,8,50,-234.003509212175,50,-390.576833270107,50,3034.21724599753,50,1461.42606976491
245,8,55,381.00469197653,55,-278.831789052376,55,1938.82435377815,55,3377.50923649948
245,8,60,1181.29285434381,60,-274.683146464725,60,683.635283337366,60,4933.44401564148
245,8,65,2085.36426378923,65,-302.209332685142,65,-639.658399504199,65,5948.49546040898
245,8,70,2984.30470420082,70,-288.288826806892,70,-1930.71281186621,70,6297.75190356794
245,8,75,3763.33919138699,75,-170.020870520138,75,-3088.37777611309,75,5933.50304349919
245,8,80,4322.56864376609,80,99.4632444294281,80,-4020.03131877949,80,4896.79402706599
245,8,85,4591.51559576452,85,545.960588769827,85,-4651.7463528225,85,3313.75055838956
245,8,90,4535.60094858961,90,1170.43845559958,90,-4937.27129293248,90,1376.22580512628
250,8,0,-571.904020874482,0,-7189.75837045534,0,-134.848838728672,0,404.292607728698
250,8,5,-641.892979543381,5,-7075.37728941433,5,903.722062389149,5,-1818.00745118256
250,8,10,-744.460965850408,10,-6662.23583873029,10,1889.02293657861,10,-3818.68751318184
250,8,15,-868.173964238544,15,-5990.6484500269,15,2785.67570528027,15,-5352.27181273627
250,8,20,-998.635580425505,20,-5133.35860989941,20,3551.79863341062,20,-6235.78421877096
250,8,25,-1117.34798516263,25,-4187.30997591581,25,4137.37949999279,25,-6371.82615854624
250,8,30,-1196.94916584386,30,-3258.03924609258,30,4488.20182689584,30,-5757.85602934894
250,8,35,-1196.08219574393,35,-2439.0460845751,35,4555.23772615959,35,-4480.01002167277
250,8,40,-1060.06787878458,40,-1792.16375011223,40,4306.59757975615,40,-2694.84207505085
250,8,45,-732.123839514349,45,-1336.00184670502,45,3737.46956990626,45,-606.13189011436
250,8,50,-173.877806572442,50,-1046.64668290475,50,2874.42865973576,50,1556.694971509
250,8,55,612.934638197992,55,-869.382054028362,55,1773.51465755256,55,3556.85264222268
250,8,60,1574.34009656173,60,-735.618834729992,60,514.278883482258,60,5168.62049209723
250,8,65,2608.43370551847,65,-578.31721934007,65,-807.452257079244,65,6200.09137247163
250,8,70,3585.03989069273,70,-342.00988490559,70,-2086.96670572004,70,6519.88171616016
250,8,75,4372.84395473579,75,12.4509396709871,75,-3218.91321490608,75,6081.35546166978
250,8,80,4864.29753188119,80,505.964020020503,80,-4107.32625797269,80,4935.29903445146
250,8,85,4991.69479541454,85,1139.95802241781,85,-4676.84352067698,85,3224.85203385363
250,8,90,4732.72001470524,90,1895.62329571668,90,-4882.7318557495,90,1162.71912598481
255,8,0,-1297.54785131668,0,-6785.30274949976,0,-133.970842377564,0,348.593591881692
255,8,5,-1355.38920126145,5,-6698.49991258642,5,859.44725352849,5,-1935.97182962927
255,8,10,-1430.55620287268,10,-6383.80851120482,10,1803.78539366317,10,-3991.00596498744
255,8,15,-1508.5311564886,15,-5866.26928884806,15,2667.69496778041,15,-5564.06463859808
255,8,20,-1572.2084950792,20,-5197.29624604596,20,3411.82312690244,20,-6465.83690936885
255,8,25,-1602.61512757838,25,-4450.7582161076,25,3986.23898138687,25,-6594.74831225094
255,8,30,-1574.40501453844,30,-3710.64287097914,30,4334.19229839161,30,-5947.69143583753
255,8,35,-1449.4042374347,35,-3051.7117751292,35,4402.4564448769,35,-4614.3457396909
255,8,40,-1175.77679870803,40,-2519.51361135249,40,4155.03592885625,40,-2758.19153928451
255,8,45,-699.284979890438,45,-2118.32740560596,45,3584.80113404728,45,-591.970061040149
255,8,50,14.0639200790301,50,-1812.81860933466,50,2718.57048422406,50,1644.97581854719
255,8,55,953.434853776575,55,-1542.56069194905,55,1614.80260699136,55,3705.540971174
255,8,60,2049.75459353672,60,-1242.33309930927,60,356.589565996204,60,5353.95049527249
255,8,65,3181.90532965267,65,-859.389055632787,65,-956.562543623622,65,6390.07188745374
255,8,70,4200.9860552825,70,-362.389562600732,70,-2216.65142166282,70,6678.51793977726
255,8,75,4962.64386325371,75,257.694845932988,75,-3315.65890083424,75,6174.99160560074
255,8,80,5355.52167109749,80,990.784865771697,80,-4155.91839794628,80,4939.5032770067
255,8,85,5318.16952016995,85,1811.19873750375,85,-4661.98741661788,85,3129.75915412148
255,8,90,4843.10476756441,90,2680.21318046663,90,-4791.43960847368,90,975.334177001494
260,8,0,-1833.22913428372,0,-6323.09542238285,0,-121.041315357225,0,286.328534819369
260,8,5,-1877.89012147688,5,-6269.98868122963,5,832.865018649832,5,-2034.35162449754
260,8,10,-1925.57290816411,10,-6069.21284346361,10,1741.66653240827,10,-4120.39676822115
260,8,15,-1958.67684413651,15,-5728.66384821883,15,2576.97150646274,15,-5715.3505532628
260,8,20,-1957.11910772449,20,-5275.46098526076,20,3301.13146875348,20,-6625.59627572081
260,8,25,-1901.06794318833,25,-4756.55643230292,25,3863.98326867909,25,-6746.17017902267
260,8,30,-1767.11472290812,30,-4230.16049340376,30,4206.56177706286,30,-6072.95807849078
260,8,35,-1521.00975606892,35,-3748.36850673899,35,4272.30189773001,35,-4697.86209485172
260,8,40,-1115.57397137162,40,-3337.50113758981,40,4022.24408196263,40,-2789.55530598248
260,8,45,-501.68469329889,45,-2986.05819107953,45,3448.06557552822,45,-567.868787665606
260,8,50,347.832920561634,50,-2647.61383854123,50,2577.70874939883,50,1720.02376168996
260,8,55,1411.84174478494,55,-2258.21310163968,55,1472.54451928637,55,3819.27248365432
260,8,60,2606.99454643589,60,-1759.8792926738,60,219.200179536832,60,5487.19966835925
260,8,65,3795.91669198186,65,-1119.25290491584,65,-1079.74076108164,65,6518.77352449582
260,8,70,4815.45360494183,70,-334.615334798032,70,-2314.19759713239,70,6777.24133502375
260,8,75,5513.17405969176,75,568.088163225018,75,-3375.13771696969,75,6221.64714042546
260,8,80,5778.33780505238,80,1544.54313160647,80,-4164.92185031686,80,4920.0279119453
260,8,85,5558.92513464139,85,2540.90446949883,85,-4609.38490887692,85,3041.35610195064
260,8,90,4863.88011658476,90,3499.77921976992,90,-4669.04910068819,90,827.385135125583
265,8,0,-2170.8285121413,0,-5832.89589870916,0,-91.065115056805,0,222.216381694585
265,8,5,-2199.60278876744,5,-5817.04472530893,5,831.239801706216,5,-2115.02620103113
265,8,10,-2216.50049110857,10,-5738.11134793731,10,1711.88088977319,10,-4214.16413581868
265,8,15,-2201.81563169037,15,-5586.28582856441,15,2524.10228648252,15,-5817.05203994563
265,8,20,-2133.27224129401,20,-5363.16993057574,20,3230.91918522706,20,-6727.64464941778
265,8,25,-1990.52878281093,25,-5086.69435630011,25,3781.56681637168,25,-6838.64771892276
265,8,30,-1752.31543161937,30,-4786.44609363467,30,4115.36600707134,30,-6145.0018428406
265,8,35,-1389.05831075206,35,-4488.85446827954,35,4173.6456793658,35,-4740.03262024932
265,8,40,-860.093224428378,40,-4198.71294049817,40,3916.01783498352,40,-2796.2808522694
265,8,45,-124.176865609915,45,-3887.91158962083,45,3334.31288579234,45,-539.045517622655
265,8,50,836.494199432357,50,-3499.93322392793,50,2458.43117004119,50,1778.67755809375
265,8,55,1989.65292101454,55,-2969.96767042159,55,1352.89180170274,55,3896.9605848469
265,8,60,3239.59915985322,60,-2251.06590334352,60,107.542260847877,60,5569.57222615476
265,8,65,4437.27152087217,65,-1333.39955934058,65,-1172.76743708705,65,6590.04955744533
265,8,70,5411.31416970597,70,-248.623969803369,70,-2377.1330881506,70,6822.80912788742
265,8,75,6007.15979939186,75,939.619846276261,75,-3397.06947803401,75,6230.81048472681
265,8,80,6119.22685348734,80,2151.56455384292,80,-4136.54470399443,80,4888.28372683368
265,8,85,5707.44241680512,85,3305.72091845819,85,-4523.87681348429,85,2971.57441555963
265,8,90,4797.62724470933,90,4328.2075471776,90,-4523.01942970809,90,729.604251094837
270,8,0,-2308.59995201714,0,-5331.73668957555,0,-38.912353998573,0,161.973490798773
270,8,5,-2317.2990665964,5,-5353.81021496655,5,860.828322102928,5,-2177.29862288075
270,8,10,-2297.392814045,10,-5397.13507018745,10,1721.32238763806,10,-4275.68320510224
270,8,15,-2228.87265240601,15,-5434.82466332556,15,2516.02795381258,15,-5875.18610455319
270,8,20,-2088.98354947044,20,-5443.32637299024,20,3207.56761651308,20,-6779.13338783944
270,8,25,-1857.93332496415,25,-5411.08737157603,25,3744.33884966816,25,-6879.24438644677
270,8,30,-1517.12556395756,30,-5337.64354098625,30,4064.74285183894,30,-6170.04008557998
270,8,35,-1042.43128346469,35,-5221.86246606472,35,4109.60788323881,35,-4745.89089453237
270,8,40,-401.432776324848,40,-5045.61959362024,40,3838.9471845711,40,-2782.11283336259
270,8,45,436.647427862712,45,-4764.23379700159,45,3246.15077574453,45,-507.878032768456
270,8,50,1478.00776228879,50,-4312.8770808656,50,2363.68355108442,50,1820.10653647605
270,8,55,2679.06500539098,55,-3628.90946058645,55,1259.02803787851,55,3939.62577135453
270,8,60,3934.70197331253,60,-2679.68070647231,60,24.5191736513227,60,5604.28475742761
270,8,65,5089.91678688525,65,-1481.46769791453,65,-1233.76482443039,65,6609.53085205031
270,8,70,5972.14927621366,70,-100.679294785983,70,-2405.31105933745,70,6823.15624331081
270,8,75,6431.00785221839,75,1361.20848309415,75,-3383.49534067491,75,6212.13690584635
270,8,80,6370.29725402578,80,2789.91566377664,80,-4075.15605454246,80,4854.59293456072
270,8,85,5763.54571800381,85,4078.16692409214,85,-4412.03873946234,85,2930.06030288485
270,8,90,4652.74287584159,90,5138.20800303149,90,-4361.84605114534,90,689.615848511866
275,8,0,-2248.50050409174,0,-4824.14371485977,0,39.6928774263762,0,112.911476612319
275,8,5,-2232.11569828073,5,-4881.73423109354,5,926.062399258597,5,-2216.58633328469
275,8,10,-2167.97475533008,10,-5040.58975884049,10,1773.95606740079,10,-4302.59946152885
275,8,15,-2038.05455538472,15,-5258.39523011382,15,2555.67659463696,15,-5888.87714286446
275,8,20,-1821.44442204721,20,-5488.1587703799,20,3232.58673447714,20,-6779.92527954942
275,8,25,-1500.51331930137,25,-5689.84943441214,25,3752.31599289775,25,-6868.05242153522
275,8,30,-1060.2155956093,30,-5832.92805230701,30,4053.49697843014,30,-6148.19397084398
275,8,35,-482.676138337056,35,-5888.07437336435,35,4078.36476042416,35,-4715.58769579617
275,8,40,254.831722119497,40,-5814.01775034241,40,3789.29714180857,40,-2747.2133501671
275,8,45,1170.61134626582,45,-5550.5982525104,45,3182.53890577381,45,-474.311248723386
275,8,50,2257.80755276374,50,-5027.21964342894,50,2293.37779652024,50,1845.06063547845
275,8,55,3462.19903422642,55,-4186.53369993184,55,1191.60105526529,55,3949.29839902623
275,8,60,4672.96909592472,60,-3012.52953694453,60,-29.1208988101121,60,5595.09742423721
275,8,65,5735.45201002783,65,-1548.14520382826,65,-1262.71950472327,65,6582.79969568125
275,8,70,6483.03107942732,70,106.807610478967,70,-2400.20423690185,70,6785.32412187147
275,8,75,6775.52750322461,75,1815.64530079122,75,-3337.82493519082,75,6173.36372951706
275,8,80,6529.70486770444,80,3432.65005580016,80,-3986.18304809202,80,4826.39916421575
275,8,85,5733.42490745753,85,4827.72262707393,85,-4281.09420867508,85,2922.97145240037
275,8,90,4443.09734966256,90,5901.87351602522,90,-4194.15087077702,90,711.495438436106
280,8,0,-1995.86941034416,0,-4303.5209473781,0,146.784427298927,0,84.238210970885
280,8,5,-1949.59476930828,5,-4391.11773814277,5,1028.29711244765,5,-2223.7775264592
280,8,10,-1834.19419527201,10,-4652.24939894344,10,1869.81510866191,10,-4285.98323846163
280,8,15,-1635.95899578195,15,-5031.64027513136,15,2641.3125852927,15,-5849.48567949223
280,8,20,-1338.32393108554,20,-5461.66692462951,20,3302.38327966139,20,-6721.86155505638
280,8,25,-927.733444754258,25,-5876.09953174646,25,3800.37331012793,25,-6797.70348504978
280,8,30,-393.863561092132,30,-6215.68020179128,30,4075.63463266114,30,-6073.26875091664
280,8,35,274.055237706019,35,-6423.68947750214,35,4073.87052241921,35,-4644.4078658726
280,8,40,1088.04218000147,40,-6436.82617085201,40,3761.71996445903,40,-2688.3745249572
280,8,45,2052.83876464314,45,-6181.63330876587,45,3139.31858320153,45,-436.266820674766
280,8,50,3148.24434081697,50,-5584.85214502245,50,2244.65575095289,50,1855.2057335451
280,8,55,4311.04942970728,55,-4597.28903237033,55,1148.7629837269,55,3928.01723141854
280,8,60,5428.89480714521,60,-3220.65259967414,60,-54.8199137247653,60,5544.93180182309
280,8,65,6353.54351310219,65,-1522.91711275351,65,-1261.40679287066,65,6513.67346479298
280,8,70,6930.82143669831,70,366.765283201773,70,-2364.58341008756,70,6713.56047397067
280,8,75,7035.93420534564,75,2281.77748345218,75,-3264.24258557224,75,6118.44737551601
280,8,80,6601.27108741414,80,4050.02614620312,80,-3875.32939443607,80,4806.67168909109
280,8,85,5628.87931959228,85,5522.48802175268,85,-4138.09058549342,85,2951.8221080668
280,8,90,4187.01282686807,90,6591.37849100648,90,-4027.95012577078,90,795.129193715557
285,8,0,-1561.39319831221,0,-3754.86321366339,0,280.509349046154,0,86.918821383384
285,8,5,-1481.83282746106,5,-3864.06062665184,5,1164.26309743263,5,-2185.35146623794
285,8,10,-1310.51418134664,10,-4208.56316223899,10,2003.73091276793,10,-4210.48986636724
285,8,15,-1039.96609026473,15,-4723.19204096747,15,2765.69750971402,15,-5740.85720821688
285,8,20,-660.201456225289,20,-5323.33260151788,20,3407.92776586363,20,-6589.11566214419
285,8,25,-163.658954099495,25,-5919.93663550162,25,3878.38523158123,25,-6653.79926082076
285,8,30,453.924505255997,30,-6427.75136700844,30,4120.84385933106,30,-5933.20077362253
285,8,35,1195.37118078193,35,-6764.96316955969,35,4086.47905222276,35,-4523.17839887816
285,8,40,2061.51489826088,40,-6848.75524962211,40,3747.81627271434,40,-2599.38448609776
285,8,45,3043.56613350382,45,-6595.49490497726,45,3109.56518438737,45,-390.042109206632
285,8,50,4109.00814092609,50,-5932.56525289833,50,2211.97857461954,50,1852.55992233006
285,8,55,5188.20561564085,55,-4821.13476914241,55,1126.04424752462,55,3876.97906658864
285,8,60,6171.4667291805,60,-3280.27110021215,60,-56.4294558529705,60,5454.69413197267
285,8,65,6922.25795670375,65,-1399.33635030087,65,-1233.5613392124,65,6402.77261600457
285,8,70,7304.03513419684,70,669.547879512292,70,-2302.53176502564,70,6607.78020926932
285,8,75,7211.22076933531,75,2737.32174587901,75,-3167.52431483598,75,6046.07279266519
285,8,80,6593.4110230213,80,4612.28598007651,80,-3748.21651184105,80,4792.5676755282
285,8,85,5465.90115859164,85,6131.23470837886,85,-3989.41838412229,85,3012.33354189936
285,8,90,3905.66119703194,90,7179.83926236643,90,-3870.1033899724,90,935.239144324571
290,8,0,-964.717167703098,0,-3159.06018379387,0,433.522090920038,0,132.96760686345
290,8,5,-851.044197819666,5,-3279.08639601172,5,1324.50181349082,5,-2084.39811749031
290,8,10,-623.225224484217,10,-3683.58000205501,10,2164.03401112428,10,-4055.64043096712
290,8,15,-281.193838680219,15,-4300.84671064981,15,2915.23895546032,15,-5540.7639813341
290,8,20,176.86866787262,20,-5033.50996036412,20,3534.4242995757,20,-6359.65845822462
290,8,25,750.91268872975,25,-5774.04687834537,25,3971.35803969931,25,-6416.25060047345
290,8,30,1437.8404327829,30,-6415.28596795918,30,4174.93207343151,30,-5711.14630895264
290,8,35,2231.82066186594,35,-6854.15910024216,35,4103.4964569725,35,-4339.04754154389
290,8,40,3122.62737120292,40,-6992.14841896611,40,3736.64452250909,40,-2471.53038456868
290,8,45,4089.08688486329,45,-6739.19454350712,45,3083.96327445911,45,-330.661341649465
290,8,50,5088.61139754747,50,-6026.37523656941,50,2187.34359134768,50,1839.12538711253
290,8,55,6048.37387250159,55,-4826.41993961875,55,1116.43556721177,55,3796.01654298884
290,8,60,6865.24224217345,60,-3173.94877348361,60,-40.2164034446024,60,5322.55668606289
290,8,65,7418.39879833601,65,-1174.46829561617,65,-1184.91589105401,65,6246.66290458189
290,8,70,7592.37999298506,70,1004.89859833538,70,-2219.46103894706,70,6462.66653593017
290,8,75,7303.01275967998,75,3161.65419287206,75,-3052.97423702147,75,5948.77274047581
290,8,80,6517.48311501692,80,5092.53073128062,80,-3610.18177491586,80,4774.54834149593
290,8,85,5262.71374101337,85,6625.63752008944,85,-3840.41888323332,85,3093.46734516218
290,8,90,3621.00735322047,90,7642.36141785415,90,-3725.69920739944,90,1120.2596544445
295,8,0,-238.522457178128,0,-2498.84992676678,0,591.868077250447,0,234.062693323395
295,8,5,-93.3307928592622,5,-2617.45115033923,5,1492.21297675196,5,-1902.72347155832
295,8,10,186.396929921888,10,-3055.55293599612,10,2331.57582124504,10,-3798.44404184774
295,8,15,593.088151555947,15,-3738.40109571332,15,3069.35260769599,15,-5223.75172877166
295,8,20,1119.68540088489,20,-4560.46408771732,20,3661.07178503559,20,-6008.0120941437
295,8,25,1757.49163131683,25,-5400.93296796638,25,4059.53452315874,25,-6061.66283178269
295,8,30,2495.05862957088,30,-6136.0808044361,30,4220.15337306921,30,-5387.31494338359
295,8,35,3317.51571166505,35,-6646.84503843345,35,4109.61599539015,35,-4076.70082367271
295,8,40,4204.3155520001,40,-6823.86449640294,40,3715.20094125365,40,-2294.24815426207
295,8,45,5123.95984149814,45,-6574.62991872232,45,3051.31998551967,45,-252.098939245174
295,8,50,6026.89152211583,50,-5836.29859076759,50,2160.83382067739,50,1816.91542293088
295,8,55,6840.60655108388,55,-4593.13077022662,55,1110.95447377333,55,3683.72668260486
295,8,60,7471.78994198796,60,-2892.20973731856,60,-14.3258083045825,60,5144.11053255859
295,8,65,7817.87413730677,65,-848.9416591268,65,-1122.73830734956,65,6038.02213338079
295,8,70,7786.04453037426,70,1363.23430801421,70,-2121.72541549392,70,6267.85549300405
295,8,75,7313.97739273682,75,3538.01414688233,75,-2926.05423389526,75,5813.08440864578
295,8,80,6385.61430087067,80,5469.25910641808,80,-3465.81302985595,80,4736.38813649086
295,8,85,5037.32019056465,85,6982.48676290166,85,-3694.70842613927,85,3177.13067884209
295,8,90,3353.3706137644,90,7957.3454053618,90,-3597.10591925601,90,1331.61967155766
300,8,0,568.526966320847,0,-1765.94472418094,0,734.905654584752,0,399.434195892304
300,8,5,738.90601507327,5,-1870.55683291657,5,1643.06972510497,5,-1624.19736151889
300,8,10,1060.53805038509,10,-2314.56775383595,10,2479.54289841331,10,-3417.60316971133
300,8,15,1518.88592589256,15,-3023.46697476196,15,3200.35197392378,15,-4765.68868011432
300,8,20,2098.26792285577,20,-3888.37933404017,20,3761.04746490928,20,-5509.61836215884
300,8,25,2781.0956217418,25,-4781.10085085268,25,4118.44554138674,25,-5567.0963599092
300,8,30,3547.17734642965,30,-5567.8178135078,30,4235.30455956506,30,-4941.85257499521
300,8,35,4372.74107321226,35,-6119.86866470742,35,4087.08084807315,35,-3720.26055344011
300,8,40,5228.22606049771,40,-6322.5671958969,40,3668.7229561608,40,-2056.06692413869
300,8,45,6074.44031133596,45,-6084.76828063577,45,2999.09393684431,45,-147.387583233151
300,8,50,6858.29973865234,50,-5351.16089539231,50,2121.40774197235,50,1788.51840350766
300,8,55,7510.94988490354,55,-4116.260633189,55,1099.64605560741,55,3538.53669473863
300,8,60,7951.26439245423,60,-2435.55005493524,60,12.3139314431899,60,4913.78439661657
300,8,65,8095.96555461268,65,-427.728421189046,65,-1054.76341622089,65,5767.28897631624
300,8,70,7874.68372323615,70,1735.96620919274,70,-2015.63743452658,70,6009.6956074399
300,8,75,7245.7716606332,75,3854.74412102249,75,-2791.44972393759,75,5621.27276023444
300,8,80,6207.98859995315,80,5728.21861439459,80,-3317.9661330111,80,4656.67290616914
300,8,85,4804.54267270375,85,7185.69660299553,85,-3553.05189175509,85,3239.24240779694
300,8,90,3118.57544229326,90,8108.12791835038,90,-3482.67391950477,90,1544.20438879676
305,8,0,1391.70692480468,0,-968.121125897664,0,836.776630806618,0,633.116397240534
305,8,5,1577.53776658406,5,-1047.15204335832,5,1746.59039552941,5,-1239.27817534383
305,8,10,1926.3212297435,10,-1469.83121402403,10,2574.63938063145,10,-2899.30713451417
305,8,15,2417.94344483978,15,-2164.89878187214,15,3274.34503134568,15,-4150.13496394393
305,8,20,3029.23356956152,20,-3024.99585085262,20,3802.04689010982,20,-4847.07211456293
305,8,25,3734.37091215433,25,-3920.88833047235,25,4119.08718884885,25,-4915.57235670279
305,8,30,4504.85406711905,30,-4715.89396163181,30,4195.62614341251,30,-4359.21941574663
305,8,35,5308.83883143035,35,-5278.81995993818,35,4015.48433977012,35,-3256.32920910254
305,8,40,6109.54848572925,40,-5495.37885983657,40,3580.60780347961,40,-1746.26340093494
305,8,45,6862.92546967853,45,-5279.14541128651,45,2913.62230965815,45,-8.93611218882318
305,8,50,7515.61141891881,50,-4582.82004448008,50,2057.52783104917,50,1757.98694812607
305,8,55,8005.0947770914,55,-3408.8702972819,55,1072.58228000074,55,3360.61129236199
305,8,60,8263.74810592264,60,-1816.5638883181,60,31.2378114514664,60,4627.54006968387
305,8,65,8227.24616508686,65,78.4804495261001,65,-987.844687374119,65,5425.89913847931
305,8,70,7845.98044172653,70,2114.82950107499,70,-1906.11971528765,70,5674.77942908709
305,8,75,7096.50758616169,75,4105.38449260673,75,-2651.75412579738,75,5354.91739674788
305,8,80,5989.62346311328,80,5863.30048943737,80,-3166.47165095624,80,4512.1981745954
305,8,85,4572.56693962232,85,7227.87979112439,85,-3412.08999239792,85,3252.69031806761
305,8,90,2924.65678437704,90,8084.90982471429,90,-3375.53012249995,90,1728.62469282574
310,8,0,2154.47995825218,0,-134.42130945182,0,869.680977188838,0,930.90787818337
310,8,5,2343.53886825191,5,-178.41446458952,5,1769.49366834904,5,-750.165439979189
310,8,10,2701.33955898007,10,-554.729938392372,10,2580.19678287629,10,-2243.99638277097
310,8,15,3204.00786196603,15,-1197.99212771491,15,3253.77780186163,15,-3376.00306218843
310,8,20,3822.71393043305,20,-2007.0767707133,20,3748.04128660115,20,-4017.90307762897
310,8,25,4524.95105994831,25,-2858.18697006275,25,4028.83872369651,25,-4103.28099449165
310,8,30,5275.27368356167,30,-3619.19105551836,30,4073.00622613961,30,-3634.29081783867
310,8,35,6035.361907947,35,-4163.49821167388,35,3871.51942824273,35,-2678.62685733268
310,8,40,6763.4130809997,40,-4382.68178615218,40,3432.01999841201,40,-1357.83485422335
310,8,45,7413.22579144576,45,-4197.7757474788,45,2779.86329643001,45,170.234825818897
310,8,50,7933.8289479448,50,-3569.18690791329,50,1957.21494028523,50,1731.29457053343
310,8,55,8270.79963380579,55,-2504.42892772729,55,1020.28264813364,55,3153.83920631616
310,8,60,8370.18185336958,60,-1061.89750864523,60,35.1828081217818,60,4286.12309710863
310,8,65,8185.08376281728,65,651.505391523391,65,-927.004335845395,65,5010.47181035654
310,8,70,7683.87763226913,70,2490.3165306124,70,-1795.66630031451,70,5254.72714230929
310,8,75,6857.98457964837,75,4287.56121655331,75,-2506.45865013253,75,4999.97856823136
310,8,80,5726.97742306959,80,5876.2449833456,80,-3007.26466721139,80,4283.0242722473
310,8,85,4339.33534796423,85,7111.14508889436,85,-3263.71841048591,85,3192.07675989626
310,8,90,2768.38040991261,90,7886.65398170148,90,-3263.30070409783,90,1855.3308458153
315,8,0,2777.68723044254,0,683.628204025835,0,808.716593385607,0,1277.71968429957
315,8,5,2956.51417936519,5,681.133581076464,5,1681.01214121009,5,-175.37624140903
315,8,10,3303.49884749558,10,372.315091988015,10,2461.46245621066,10,-1472.56308618384
315,8,15,3792.97248278962,15,-185.535976799762,15,3102.18270610196,15,-2464.89788700557
315,8,20,4392.72992085524,20,-901.824483362604,20,3563.08869261158,20,-3042.46378817426
315,8,25,5065.86832361795,25,-1664.22631820905,25,3814.14313927302,25,-3147.40504264131
315,8,30,5772.23358615264,30,-2352.07636756079,30,3837.55420397135,30,-2779.55233312539
315,8,35,6469.3430224568,35,-2849.90270000031,35,3629.63622678021,35,-1994.08116487482
315,8,40,7112.8439918679,40,-3059.90774994947,40,3201.90957364256,40,-892.113101247528
315,8,45,7656.83316678487,45,-2912.67135927306,45,2581.06125563883,45,393.607317915532
315,8,50,8054.61316200404,50,-2375.55820158416,50,1807.60217962281,50,1715.29365771601
315,8,55,8260.54649692952,55,-1458.16845077902,55,933.324763105286,55,2926.5936846844
315,8,60,8233.44551478992,60,-213.866760849509,60,17.8358320906642,60,3897.4329797925
315,8,65,7941.40322230624,65,1263.65329954412,65,-875.558198739481,65,4526.48539531012
315,8,70,7367.29350003234,70,2849.32752696541,70,-1684.43508364277,70,4750.81766997117
315,8,75,6513.63864167094,75,4400.68404862184,75,-2352.17050573481,75,4552.04298307622
315,8,80,5405.42222153054,80,5774.98116894717,80,-2832.91126958921,80,3958.02048543571
315,8,85,4089.80966542312,85,6846.70171449108,85,-3096.07396696936,85,3039.24372653225
315,8,90,2632.49476917967,90,7522.36121662525,90,-3129.61695234465,90,1899.76794016754
320,8,0,3192.89893459831,0,1416.48345007003,0,637.411597126658,0,1646.26845371741
320,8,5,3348.05985832509,5,1458.44846515782,5,1459.41626113551,5,447.96299978549
320,8,10,3664.29803863134,10,1232.70621572118,10,2192.60735616959,10,-629.685600829202
320,8,15,4116.05607195962,15,786.800502078583,15,2791.09785250274,15,-1465.48832314966
320,8,20,4670.243949349,20,197.321159428804,20,3217.64859060234,20,-1969.2206186424
320,8,25,5288.3463134757,25,-439.833583264692,25,3445.84145082033,25,-2092.08102758576
320,8,30,5928.37779197328,30,-1021.11212205394,30,3461.74884481105,30,-1831.36424331001
320,8,35,6546.53462028475,35,-1447.3927879154,35,3264.95180065899,35,-1228.95239964944
320,8,40,7098.54894282609,40,-1635.20812176652,40,2868.74961554544,40,-364.286515329725
320,8,45,7540.92913734696,45,-1526.13895879093,45,2299.46176679228,45,656.671577051213
320,8,50,7832.4037921559,50,-1093.68344163327,50,1594.83118523948,50,1714.57620297254
320,8,55,7935.90303203127,55,-347.055642243843,55,801.64370602628,55,2690.13309688877
320,8,60,7821.25673016124,60,668.571255912552,60,-27.2718931539924,60,3476.48273919817
320,8,65,7468.47885504125,65,1875.74463111748,65,-836.514602832719,65,3989.66603612535
320,8,70,6871.13802316876,70,3172.36885815849,70,-1571.93603891542,70,4176.57895978394
320,8,75,6039.03755298844,75,4442.73871542443,75,-2184.67859524144,75,4019.85338733617
320,8,80,4999.38106106808,80,5570.69105730995,80,-2635.17067295231,80,3539.07441124373
320,8,85,3795.83319035466,85,6453.0145631723,85,-2896.65825519035,85,2787.90364297402
320,8,90,2485.33335542811,90,7011.06401939383,90,-2957.73891366147,90,1847.1441998077
325,8,0,3357.3425577275,0,1987.33667298851,0,352.560212633666,0,1998.0697274713
325,8,5,3476.47033320336,5,2072.98862456549,5,1098.24099165213,5,1065.724665214
325,8,10,3743.27529228591,10,1938.73538759729,10,1764.02564305089,10,217.960829759414
325,8,15,4134.0245536603,15,1621.4115718521,15,2308.01512838426,15,-452.102526654875
325,8,20,4617.20355776048,20,1181.39138329252,20,2696.70180384049,20,-874.263421043103
325,8,25,5155.63534091738,25,694.922410075752,25,2906.98445084535,25,-1009.17454437064
325,8,30,5708.66166828203,30,244.756087260172,30,2927.49730243746,30,-852.100178839604
325,8,35,6234.22039770285,35,-89.7171519463628,35,2759.18042673149,35,-432.179661830853
325,8,40,6690.75244521514,40,-241.686608349991,40,2415.06427145492,40,192.39891162507
325,8,45,7038.97846354886,45,-164.556352561134,45,1919.29767735645,45,942.337051716043
325,8,50,7243.66137367176,50,162.685259726923,50,1305.50383744332,50,1726.99105228296
325,8,55,7275.47885664504,55,732.805227554518,55,614.583835593548,55,2454.66589106766
325,8,60,7113.04998556527,60,1510.6175976164,60,-107.907843194812,60,3042.33988607334
325,8,65,6745.00585987458,65,2436.27193987527,65,-814.706706148604,65,3423.99078291636
325,8,70,6171.81656495177,70,3431.33065722267,70,-1459.99744621258,70,3556.90936227657
325,8,75,5406.96011236891,75,4407.09410575707,75,-2002.65327024209,75,3425.51773422279
325,8,80,4477.0094466836,80,5274.26248833482,80,-2409.34330702776,80,3042.31989591792
325,8,85,3420.34722298823,85,5952.72292273313,85,-2657.20566931224,85,2445.80049563506
325,8,90,2284.46539225832,90,6380.13825482737,90,-2735.73173222792,90,1695.4087625729
330,8,0,3266.20368204945,0,2328.02274214955,0,-33.108682828856,0,2287.25094381216
330,8,5,3338.81305539926,5,2452.75070724188,5,610.329477721205,5,1612.95770868821
330,8,10,3539.96007585757,10,2409.84616394277,10,1187.74891042581,10,989.594908457596
330,8,15,3849.15876688702,15,2225.34915353113,15,1663.05982154217,15,483.898508207906
330,8,20,4238.65870519309,20,1942.83636380894,20,2007.45343640861,20,146.971746903747
330,8,25,4675.36345255323,25,1617.87204650216,25,2201.16555271465,25,8.67551996724936
330,8,30,5122.93959643175,30,1311.13969801362,30,2234.5739718301,30,74.78690669698
330,8,35,5543.95659326149,35,1081.13215962776,35,2108.58408909834,35,327.176343047842
330,8,40,5901.94569557174,40,977.271478992181,40,1834.31444009854,40,726.805942876658
330,8,45,6163.32287038066,45,1034.20964083584,45,1432.14410651713,45,1218.98047943031
330,8,50,6299.16497970978,50,1267.87112297961,50,930.219125453514,50,1740.0526742472
330,8,55,6286.84228920181,55,1673.58374116727,55,362.53093283387,55,2224.71377244066
330,8,60,6111.4851245131,60,2226.43497544141,60,-233.321133691891,60,2613.05880590121
330,8,65,5767.20529132074,65,2883.79323346479,65,-818.578429391078,65,2856.74532926604
330,8,70,5257.92685890615,70,3589.73833340742,70,-1355.87629908993,70,2923.71113888956
330,8,75,4597.63839627357,75,4280.94722722733,75,-1811.77482043905,75,2801.05738643837
330,8,80,3809.88849211616,80,4893.3941410752,80,-2159.10151371508,80,2495.84977669171
330,8,85,2926.42044772417,85,5369.08653743518,85,-2378.90141910557,85,2033.76868607185
330,8,90,1984.9689922669,90,5662.01635009944,90,-2461.77439123417,90,1455.76266191102
335,8,0,2957.5786836472,0,2396.88181284576,0,-491.384054035097,0,2466.89951220643
335,8,5,2975.85609497331,5,2552.19663895685,5,28.1667682840909,5,2023.75501270717
335,8,10,3098.98323524524,10,2591.1941188419,10,498.845299279905,10,1603.09876335326
335,8,15,3310.74607491176,15,2529.9987489973,15,891.701967913984,15,1248.75787934356
335,8,20,3588.81960942646,20,2396.55179026105,20,1183.4661591772,20,994.927386444496
335,8,25,3906.32989447961,25,2227.00045488885,25,1357.97175068115,25,862.550576489517
335,8,30,4233.64361975389,30,2061.19154406677,30,1407.04970123019,30,857.356495875976
335,8,35,4540.25088112166,35,1937.83155953228,35,1330.84807114215,35,969.738232664012
335,8,40,4796.6230556924,40,1889.88960181067,40,1137.58814601946,40,1176.40224079168
335,8,45,4975.95296107413,45,1940.75795339658,45,842.805928443878,45,1443.49736544052
335,8,50,5055.70942463553,50,2101.56788137594,50,468.156888972104,50,1730.77536055576
335,8,55,5018.95472849124,55,2369.90961708229,55,39.8775587294145,55,1996.25644970144
335,8,60,4855.37701019354,60,2730.04760712056,60,-412.996838034023,60,2200.86850191639
335,8,65,4561.98263507543,65,3154.56946057106,65,-860.558187904555,65,2312.5786908497
335,8,70,4143.38391835015,70,3607.26701564807,70,-1273.99096331482,70,2309.62182879033
335,8,75,3611.61683012089,75,4046.925660181,75,-1627.46506098703,75,2182.53593345245
335,8,80,2985.44171748239,80,4431.6013387002,80,-1899.83167675067,80,1934.83766736377
335,8,85,2289.12200527732,85,4722.90633540677,85,-2075.98944503134,85,1582.30713231363
335,8,90,1550.73715612162,90,4889.8196542033,90,-2147.79278501183,90,1150.9990277161
340,8,0,2506.85407932546,0,2193.66489791569,0,-982.154212250078,0,2496.79722481539
340,8,5,2466.63087705055,5,2367.30850649807,5,-599.945979511809,5,2242.5046298006
340,8,10,2504.9427141943,10,2469.81781723761,10,-248.245339949117,10,1989.3988487396
340,8,15,2610.35785405506,15,2509.16339375004,15,51.7263190606739,15,1763.09370773308
340,8,20,2766.87325410659,20,2500.3284058533,20,282.690692265672,20,1584.05630215582
340,8,25,2955.03869913135,25,2463.26931629574,25,432.348740119662,25,1465.53497824839
340,8,30,3153.27753934463,30,2420.35214538792,30,494.052667716909,30,1412.36189895751
340,8,35,3339.30694951683,35,2393.57349756362,35,467.078896231832,35,1420.74522752869
340,8,40,3491.56200950444,40,2401.89106605029,40,356.499695047956,40,1479.03979316824
340,8,45,3590.53661127564,45,2458.96261604234,45,172.680156920739,45,1569.36812612523
340,8,50,3619.96692726265,50,2571.53264986156,50,-69.5497127894638,50,1669.87167221162
340,8,55,3567.79674655654,55,2738.6230389263,55,-351.981702105825,55,1757.31423331421
340,8,60,3426.87637535699,60,2951.58981081076,60,-654.298520335028,60,1809.73876295658
340,8,65,3195.35779182372,65,3195.01375723452,65,-955.442996628589,65,1808.8915876617
340,8,70,2876.75990475133,70,3448.30621205455,70,-1235.00154524411,70,1742.16886880744
340,8,75,2479.69164660558,75,3687.8400050188,75,-1474.51432356109,75,1603.90183118407
340,8,80,2017.23949134434,80,3889.36489441856,80,-1658.62509912455,80,1395.87350628469
340,8,85,1506.0504619655,85,4030.44167784913,85,-1775.98885957913,85,1127.0441889983
340,8,90,965.169991849798,90,4092.63339495203,90,-1819.86724187566,90,812.548426259202
345,8,0,2010.83773878148,0,1766.18295215362,0,-1459.20939145584,0,2350.84949313107
345,8,5,1912.71228959041,5,1942.59214318602,5,-1217.00773642181,5,2233.68030846347
345,8,10,1866.6464653653,10,2083.01865273799,10,-987.779339856648,10,2104.49532036196
345,8,15,1865.90364491464,15,2189.65633815771,15,-785.275502861654,15,1975.87919905713
345,8,20,1900.79387539559,20,2268.18312367774,20,-620.895881991769,20,1858.25765634283
345,8,25,1959.3612273164,25,2326.82873795846,25,-503.03693667813,25,1758.89768853032
345,8,30,2028.20376381903,30,2375.18876591264,30,-436.650683011218,30,1681.29246407477
345,8,35,2093.36784176839,35,2422.92370243625,35,-423.038720682073,35,1624.98876800769
345,8,40,2141.25570230144,40,2478.49138288204,40,-459.888527758251,40,1585.86248143932
345,8,45,2159.48713317368,45,2548.05301702141,45,-541.541680886768,45,1556.79649273575
345,8,50,2137.66159612879,50,2634.66900118074,50,-659.468303551402,50,1528.67206197133
345,8,55,2067.97563095303,55,2737.86453748623,55,-802.909537259122,55,1491.55374996218
345,8,60,1945.66067393794,60,2853.60176346144,60,-959.640554586018,60,1435.93227069455
345,8,65,1769.21801449798,65,2974.64982830303,65,-1116.80062318451,65,1353.8896362945
345,8,70,1540.44009501715,70,3091.30208707535,70,-1261.73387430702,70,1240.06555794679
345,8,75,1264.22053466104,75,3192.354562243,75,-1382.78466456362,75,1092.3307276576
345,8,80,948.168871371966,80,3266.23534643121,80,-1469.99483148949,80,912.107904341307
345,8,85,602.059529534408,85,3302.1628921909,85,-1515.65692638453,85,704.321648864538
345,8,90,237.156984224498,90,3291.21308818789,90,-1514.68778841628,90,476.997762308676
350,8,0,1566.19319937766,0,1205.12911877556,0,-1876.91071229229,0,2022.51468894795
350,8,5,1416.41795687817,5,1366.47262429203,5,-1765.94397651681,5,1987.92567693737
350,8,10,1294.55242737282,10,1514.95765234136,10,-1653.04587314036,10,1936.2464216028
350,8,15,1197.88005579774,15,1649.60443603391,15,-1545.53001778821,15,1872.01342834817
350,8,20,1122.14299789504,20,1770.71989769037,20,-1449.6248371165,20,1799.27573409717
350,8,25,1061.86769429013,25,1879.61229294973,25,-1370.14480540397,25,1721.23259962789
350,8,30,1010.75770606878,30,1978.21465854108,30,-1310.25666957554,30,1639.99275206394
350,8,35,962.127257201044,35,2068.66158396146,35,-1271.35368998229,35,1556.47629715048
350,8,40,909.346790004217,40,2152.86772397225,40,-1253.04326911727,40,1470.46443421206
350,8,45,846.271778090215,45,2232.15492299452,45,-1253.24553234959,45,1380.78597389891
350,8,50,767.627961474606,50,2306.96817047905,50,-1268.39304620748,50,1285.61523190284
350,8,55,669.329839686466,55,2376.7097747867,55,-1293.71541337053,55,1182.84472086941
350,8,60,548.714354197993,60,2439.70750107486,60,-1323.58736473891,60,1070.48929906691
350,8,65,404.677826395073,65,2493.31758717874,65,-1351.9154572998,65,947.076608841179
350,8,70,237.710975785376,70,2534.14920133746,70,-1372.53675011657,70,811.981717158814
350,8,75,49.8337938776692,75,2558.38456891071,75,-1379.60293515402,75,665.671282032011
350,8,80,-155.561247186764,80,2562.15990767616,80,-1367.92531331115,80,509.833298346224
350,8,85,-373.943155926997,85,2541.96729571603,85,-1333.25959858436,85,347.381203496101
350,8,90,-599.934154682044,90,2495.0369923618,90,-1272.51456775877,90,182.334375251378
355,8,0,1249.31555707825,0,627.178960225273,0,-2196.48769448236,0,1527.02129458464
355,8,5,1059.86752776812,5,755.080872015634,5,-2197.82412392594,5,1523.4910737155
355,8,10,878.395618691362,10,881.113490663905,10,-2186.33911271718,10,1505.13001260159
355,8,15,705.067269487511,15,1003.5441605338,15,-2164.50025684951,15,1472.68520799203
355,8,20,539.526450265206,20,1120.87567217372,20,-2134.53327851382,20,1427.04460084831
355,8,25,380.980854990275,25,1231.83096623613,25,-2098.31511277161,25,1369.16927700027
355,8,30,228.309985089704,30,1335.32064568056,30,-2057.29213668471,30,1300.04066907283
355,8,35,80.1872774696642,35,1430.39964152912,35,-2012.42748525435,35,1220.62667515536
355,8,40,-64.7912575271692,40,1516.2201675703,40,-1964.17954519056,40,1131.86840713521
355,8,45,-207.979612681765,45,1591.98811518613,45,-1912.51176928575,45,1034.68688253979
355,8,50,-350.562988158924,50,1656.92930004959,50,-1856.93204578111,50,930.006730299612
355,8,55,-493.454257209534,55,1710.27057656694,55,-1796.55811746398,55,818.792122159575
355,8,60,-637.21114476712,60,1751.2389489823,60,-1730.20408802243,60,702.088849115825
355,8,65,-781.978077181021,65,1779.07964180787,65,-1656.48196918956,65,581.065852088305
355,8,70,-927.454968470897,70,1793.09188026738,70,-1573.9115734575,70,457.049628024666
355,8,75,-1072.89343825165,75,1792.67910304242,75,-1481.0318732536,75,331.545729645106
355,8,80,-1217.1192332484,80,1777.40868538329,80,-1376.5072243302,80,206.242952267419
355,8,85,-1358.57806570837,85,1747.07514239423,85,-1259.22255184017,85,82.9975928585925
355,8,90,-1495.40079047915,90,1701.76029935531,90,-1128.36265573678,90,-36.202821960152
360,8,0,1104.02245916094,0,150.684464471477,0,-2391.11612155426,0,899.891895593144
360,8,5,891.421818820373,5,228.541811144297,5,-2478.23910025232,5,883.334518824077
360,8,10,672.036920183375,10,304.65981663699,10,-2546.50118299577,10,860.054432994793
360,8,15,447.537414796798,15,378.45917696645,15,-2595.38285411718,15,830.22881361535
360,8,20,219.631879453137,20,449.378234439297,20,-2624.51209458374,20,794.084651658434
360,8,25,-9.94518711051851,25,516.877252206063,25,-2633.66721328678,25,751.897026020976
360,8,30,-239.446564795193,30,580.442521984522,30,-2622.77853424497,30,703.987010007659
360,8,35,-467.125609539986,35,639.590273689903,35,-2591.92892688058,35,650.719227769204
360,8,40,-691.249546338028,40,693.870357217338,40,-2541.35317533315,40,592.499079292416
360,8,45,-910.11265670055,45,742.869668355972,45,-2471.43619161044,45,529.769655061486
360,8,50,-1122.04926020453,50,786.215292761448,50,-2382.71008617559,50,463.008363871873
360,8,55,-1325.44639132649,55,823.577344059235,55,-2275.85011826526,55,392.723299461102
360,8,60,-1518.75607508404,60,854.671474479135,60,-2151.66955675906,60,319.449373608622
360,8,65,-1700.50710806021,65,879.261038913501,65,-2011.11349071233,65,243.744245134173
360,8,70,-1869.31625514978,70,897.158895929407,70,-1855.25163665775,70,166.184075777454
360,8,75,-2023.89877681364,75,908.228832027936,75,-1685.27019741663,75,87.3591452593799
360,8,80,-2163.07820672245,80,912.386598311169,80,-1502.46283437921,80,7.869358896988
360,8,85,-2285.79530537578,85,909.600551667166,85,-1308.22082196029,85,-71.680318038258
360,8,90,-2391.11612155426,90,899.891895593145,90,-1104.02245916093,90,-150.684464471474
