"Theta [deg]","Freq [GHz]","Phi [deg]","re(rETheta) [mV]","Phi [deg]","im(rETheta) [mV]","Phi [deg]","re(rEPhi) [mV]","Phi [deg]","im(rEPhi) [mV]"
0,8,0,-126.626117336012,0,-562.719083471859,0,3056.04214657722,0,-1187.59658764415
0,8,5,140.207356423008,5,-664.083630150424,5,3055.44917687281,5,-1134.03322440468
0,8,10,405.973767540131,10,-760.394099418884,10,3031.60239400175,10,-1071.8391835795
0,8,15,668.65047315261,15,-850.917510452256,15,2984.68328638076,15,-1001.4877993731
0,8,20,926.238344922203,20,-934.964925433045,20,2915.04893674937,20,-923.514488298597
0,8,25,1176.77698360893,25,-1011.89669278403,25,2823.22930455464,25,-838.512674334847
0,8,30,1418.35963889303,30,-1081.127315303,30,2709.9231926398,30,-747.129272611615
0,8,35,1649.14772089619,35,-1142.12990615,35,2575.9929289326,35,-650.059765994818
0,8,40,1867.3847929607,40,-1194.4401987743,40,2422.45780360917,40,-548.042912041982
0,8,45,2071.40993919302,45,-1237.66008026321,45,2250.48631168026,45,-441.85512061115
0,8,50,2259.67040503657,50,-1271.46062122174,50,2061.38726003867,50,-332.304544913051
0,8,55,2430.73341467149,55,-1295.58457912385,55,1856.59980664853,55,-220.224930977191
0,8,60,2583.29707530379,60,-1309.84835608348,60,1637.68250768418,60,-106.469272341147
0,8,65,2716.20028535561,65,-1314.14339614524,65,1406.30145597662,65,8.09668174531752
0,8,70,2828.4315711493,70,-1308.43701146087,70,1164.21760104104,70,122.601015194789
0,8,75,2919.13678483287,75,-1292.77263106341,75,913.273347187736,75,236.172280890112
0,8,80,2987.62560496087,80,-1267.26947034609,80,655.378531712805,80,347.94613292314
0,8,85,3033.37679025747,85,-1232.12162376122,85,392.495889883162,85,457.071904789002
0,8,90,3056.04214657721,90,-1187.59658764415,90,126.626117336013,90,562.719083471859
5,8,0,-86.1432845798698,0,-146.089032295505,0,2879.84259080706,0,-1718.13837579001
5,8,5,179.905941454546,5,-297.127293535812,5,2966.9971719704,5,-1624.5957951614
5,8,10,460.814115681096,10,-436.376307428585,10,3029.06416817432,10,-1513.90169647651
5,8,15,753.786096141363,15,-561.539319404392,15,3062.87889543437,15,-1387.47248227589
5,8,20,1055.38221433004,20,-670.466675750745,20,3065.695382459,20,-1247.11081248137
5,8,25,1361.6049106038,25,-761.239088608058,25,3035.32361428227,25,-1095.0038345918
5,8,30,1668.01462874401,30,-832.255335741151,30,2970.24485913073,30,-933.699157437122
5,8,35,1969.86893536676,35,-882.317723254906,35,2869.69878759786,35,-766.056761455839
5,8,40,2262.27748909759,40,-910.708201524469,40,2733.73781181742,40,-595.177155088574
5,8,45,2540.36463699909,45,-917.24826579741,45,2563.24606684583,45,-424.3082599341
5,8,50,2799.43111462291,50,-902.336675179243,50,2359.92258396814,50,-256.735520218867
5,8,55,3035.10658302293,55,-866.960501494695,55,2126.23031506005,55,-95.6613874654892
5,8,60,3243.48552116189,60,-812.676930526926,60,1865.3146111818,60,55.9185289571141
5,8,65,3421.24023660383,65,-741.565399838588,65,1580.89640526151,65,195.334833688748
5,8,70,3565.7063596477,70,-656.151867180479,70,1277.14659147441,70,320.351565352933
5,8,75,3674.93802040147,75,-559.309060232116,75,958.54885949253,75,429.254360737581
5,8,80,3747.73183531506,80,-454.138282748918,80,629.758495308569,80,520.91397716004
5,8,85,3783.62070777804,85,-343.839603740348,85,295.464407197469,85,594.821318453147
5,8,90,3782.84014423873,90,-231.577945896212,90,-39.7390803919788,90,651.092088458301
10,8,0,133.177790723953,0,372.074832725465,0,2561.47157126197,0,-2142.28436899038
10,8,5,387.967276695897,5,176.910602094976,5,2766.00747048162,5,-2051.28731971878
10,8,10,680.581437515446,10,-9.15071795534624,10,2943.66885478281,10,-1933.44190262715
10,8,15,1006.90394359846,15,-181.274703158271,15,3085.45657341079,15,-1788.1746186907
10,8,20,1360.85427117364,20,-334.126261693326,20,3183.30148404145,20,-1616.09098709198
10,8,25,1734.64603211417,25,-462.219275299849,25,3230.51507744023,25,-1419.18848619105
10,8,30,2119.14840613781,30,-560.327847276173,30,3222.16190982558,30,-1200.95301679502
10,8,35,2504.32722063056,35,-623.919564987332,35,3155.33015229999,35,-966.323135439331
10,8,40,2879.73680104216,40,-649.568287364334,40,3029.28387862696,40,-721.519907272138
10,8,45,3235.03048246377,45,-635.305605856469,45,2845.48918616351,45,-473.753885774165
10,8,50,3560.45686571534,50,-580.876001879119,50,2607.51518642937,50,-230.832954996976
10,8,55,3847.31054795114,55,-487.870080072596,55,2320.81959729185,55,-0.704311312603956
10,8,60,4088.30998976034,60,-359.721995888955,60,1992.4364450086,60,209.030186948429
10,8,65,4277.881054715,65,-201.57001739371,65,1630.58966017753,65,391.584184850512
10,8,70,4412.33208690791,70,-19.9917126088364,70,1244.26067582145,70,541.403589991853
10,8,75,4489.91458433745,75,177.363725614099,75,842.740214934773,75,654.496883347424
10,8,80,4510.77192281767,80,382.215062046335,80,435.194172419574,80,728.654742418505
10,8,85,4476.78650975888,85,586.124424767481,85,30.2709242373407,85,763.545439134972
10,8,90,4391.34255772321,90,780.970997867983,90,-364.227204346942,90,760.683900138013
15,8,0,489.3217819398,0,868.521061782562,0,2130.38299320914,0,-2427.68208901602
15,8,5,722.99240238045,5,637.455956312611,5,2476.03667109385,5,-2390.60434044204
15,8,10,1023.68138295878,10,401.861592103545,10,2793.09947335474,10,-2315.36198354336
15,8,15,1385.50974690171,15,170.544710977576,15,3064.44791761147,15,-2195.42206377175
15,8,20,1798.69157640671,20,-45.5150421104052,20,3274.65926833487,20,-2026.97415853062
15,8,25,2250.05062140616,25,-234.089938766035,25,3410.95412537292,25,-1809.66054776477
15,8,30,2723.76219859149,30,-382.820539569765,30,3463.96631611278,30,-1546.96852154508
15,8,35,3202.26830386539,35,-480.405216220784,35,3428.2858114533,35,-1246.24029393108
15,8,40,3667.30077720097,40,-517.737584986014,40,3302.73850489232,40,-918.298655203275
15,8,45,4100.93976876214,45,-488.873941552212,45,3090.38745614893,45,-576.727797766404
15,8,50,4486.63306630989,50,-391.732758858811,50,2798.26161909866,50,-236.883941540063
15,8,55,4810.10591047937,55,-228.458008903359,55,2436.83833279019,55,85.2641170498051
15,8,60,5060.10020545137,60,-5.41372742179978,60,2019.32345792993,60,374.350689387378
15,8,65,5228.89572986971,65,267.185209792841,65,1560.78684132706,65,616.769910187539
15,8,70,5312.58308031089,70,575.965592256568,70,1077.21994301972,70,801.66856414924
15,8,75,5311.07746024298,75,905.341054186514,75,584.586376926415,75,921.69030513502
15,8,80,5227.88266250591,80,1238.61740391831,80,97.934468218841,80,973.41421980979
15,8,85,5069.63406575233,85,1559.15377434776,85,-369.366275669562,85,957.462853195155
15,8,90,4845.46642813453,90,1851.47453617185,90,-806.215201169242,90,878.288142284509
20,8,0,913.502676183796,0,1225.79824053089,0,1630.11165506835,0,-2556.98990047679
20,8,5,1117.85729990693,5,969.153960233661,5,2131.43164036277,5,-2628.62369077969
20,8,10,1422.72206656039,10,683.203850745184,10,2602.54922946372,10,-2648.68313146646
20,8,15,1820.32923798683,15,382.403096221297,15,3016.42818123213,15,-2600.11937657411
20,8,20,2296.57521293567,20,86.2018102739533,20,3348.70638863821,20,-2471.13711623931
20,8,25,2831.83146028745,25,-182.833519598022,25,3579.29853813126,25,-2256.79788896113
20,8,30,3402.15043833857,30,-401.304318737673,30,3693.69398770337,30,-1959.88599894168
20,8,35,3980.77731273422,35,-547.413742210677,35,3683.85010716945,35,-1590.94995050168
20,8,40,4539.85405382792,40,-603.281910028767,40,3548.61796862318,40,-1167.53126680403
20,8,45,5052.18920829908,45,-556.894747604895,45,3293.67785294594,45,-712.684375987527
20,8,50,5492.96396340522,50,-403.486382247825,50,2931.00190912746,50,-252.964258374488
20,8,55,5841.25179933795,55,-146.222242352383,55,2477.8970831064,55,183.894421172731
20,8,60,6081.24371879599,60,203.872697635211,60,1955.71115690833,60,571.364064704489
20,8,65,6203.09280831814,65,628.717560594954,65,1388.30745992079,65,886.341418565399
20,8,70,6203.32009834602,70,1104.61583185806,70,800.42893283678,70,1110.98922608667
20,8,75,6084.75751326103,75,1604.17681024815,75,216.078947565502,75,1234.04237572989
20,8,80,5856.04142128735,80,2098.51949255294,80,-342.956470518545,80,1251.47734368736
20,8,85,5530.70889458351,85,2559.53745739403,85,-858.333554744506,85,1166.51022167594
20,8,90,5125.98410178929,90,2962.00387713256,90,-1316.03506025748,90,988.957674115708
25,8,0,1319.51514611089,0,1356.68447522719,0,1111.68338203177,0,-2529.86415142498
25,8,5,1489.01358820476,5,1086.44770171088,5,1772.07886016511,5,-2761.88853308382
25,8,10,1794.10924606262,10,752.53249029694,10,2400.80623884554,10,-2926.51352140229
25,8,15,2225.46844181223,15,376.514612825524,15,2959.81674180725,15,-2991.56210387692
25,8,20,2764.72818985206,20,-11.1165332393279,20,3414.81829355428,20,-2933.76901604683
25,8,25,3385.56542003199,25,-374.143217605218,25,3737.68593949366,25,-2741.63832015809
25,8,30,4055.36849603721,30,-674.519966438613,30,3908.4021644332,30,-2416.94217877004
25,8,35,4737.38057181391,35,-876.534520438997,35,3916.36593649897,35,-1974.71726726141
25,8,40,5393.14895005138,40,-950.752736294465,40,3760.97446318555,40,-1441.81206772924
25,8,45,5985.09713591883,45,-877.311666498792,45,3451.45062631582,45,-854.213483419959
25,8,50,6479.03267328072,50,-648.21670130203,50,3005.95288146318,50,-253.508108706606
25,8,55,6846.40991646541,55,-268.422978608045,55,2450.05800994802,55,317.100411653481
25,8,60,7066.18074541381,60,244.38112686743,60,1814.7493403613,60,816.788322508597
25,8,65,7126.08910313366,65,861.235445047418,65,1134.07504424673,65,1210.72979386205
25,8,70,7023.30029010126,70,1544.43923363304,70,442.663862197593,70,1473.008116451
25,8,75,6764.3056940684,75,2250.87508212899,75,-226.701974459454,75,1588.57487801537
25,8,80,6364.10709096522,80,2935.77322505033,80,-845.258385842228,80,1554.10726330334
25,8,85,5844.75579364903,85,3556.52300343163,85,-1389.99729407766,85,1377.72021002171
25,8,90,5233.39030278492,90,4076.13854337187,90,-1844.83292527699,90,1077.60514388803
30,8,0,1618.90973030195,0,1219.78733435327,0,625.641609041274,0,-2362.61879403857
30,8,5,1751.47122809204,5,948.839354932425,5,1437.30288171369,5,-2797.10961639414
30,8,10,2053.42600012239,10,573.466107224321,10,2216.00892049192,10,-3145.95774193351
30,8,15,2514.61181429697,15,123.135093796502,15,2912.38010620404,15,-3357.7084928597
30,8,20,3113.16173401092,20,-358.978028691579,20,3481.85903754459,20,-3394.6048868227
30,8,25,3816.72879554741,25,-820.699532382945,25,3888.03736699413,25,-3237.0938482779
30,8,30,4584.52764950561,30,-1206.7025868034,30,4105.33301043891,30,-2886.09954577214
30,8,35,5370.02458640037,35,-1464.78506545451,35,4120.78009224753,35,-2362.84022973921
30,8,40,6124.07121240993,40,-1551.83477525871,40,3934.79347698769,40,-1706.32297285136
30,8,45,6798.26262373751,45,-1438.80014280853,45,3560.8724244756,45,-968.960441035239
30,8,50,7348.29450857627,50,-1114.13264385113,50,3024.30015960669,50,-210.954749020252
30,8,55,7737.0863985707,55,-585.364840782331,55,2359.97115824693,55,505.836884388577
30,8,60,7937.43131593899,60,121.299160294473,60,1609.53581799359,60,1123.88159269389
30,8,65,7933.93594148679,65,963.29803680274,65,818.097264224709,65,1595.22905973868
30,8,70,7724.04528967812,70,1885.66119328721,70,30.7309745769557,70,1885.60851764919
30,8,75,7318.01336277402,75,2826.15537583199,75,-710.877371278099,75,1977.04762413404
30,8,80,6737.78695705497,80,3721.06766605266,80,-1371.37623122576,80,1868.81908473772
30,8,85,6014.89966117777,85,4510.99013301713,85,-1924.00415647498,85,1576.65979113679
30,8,90,5187.60114209858,90,5145.97256415146,90,-2351.95678278339,90,1130.37244232438
35,8,0,1738.55977265948,0,822.890122941855,0,214.361649020368,0,-2085.58839551146
35,8,5,1835.87290442837,5,563.582270070277,5,1159.9676176456,5,-2749.94685413109
35,8,10,2132.57855296588,10,156.994262541846,10,2071.49571014968,10,-3308.38039471959
35,8,15,2618.63176186469,15,-359.739278396757,15,2888.74634956409,15,-3686.91372243157
35,8,20,3269.94365842615,20,-930.467469721797,20,3557.233256707,20,-3831.02205880479
35,8,25,4049.62526773721,25,-1486.26838190739,25,4032.45790131536,25,-3712.18749643497
35,8,30,4910.21169428519,30,-1953.35772664795,30,4283.39099127231,30,-3331.09039006351
35,8,35,5796.67299181571,35,-2261.69240328903,35,4294.83605517858,35,-2717.08231979718
35,8,40,6650.01029680909,40,-2353.22015443228,40,4068.47056084065,40,-1924.19718674044
35,8,45,7411.2414428462,45,-2188.8068788055,45,3622.48965543431,45,-1024.48166897946
35,8,50,8025.56548520598,50,-1753.0745864889,50,2989.90274210057,50,-99.7326588071815
35,8,55,8446.44631075622,55,-1056.64920217214,55,2215.64332044788,55,767.228216101358
35,8,60,8639.2853626342,60,-135.603938810934,60,1352.74338427204,60,1500.77553254519
35,8,65,8584.29832365148,65,951.828039313697,65,457.89766179673,65,2039.47528750562
35,8,70,8278.21283493626,70,2130.91145154031,70,-413.195388714894,70,2341.35312585875
35,8,75,7734.49369201291,75,3317.8029114622,75,-1210.2827358728,75,2387.08693601988
35,8,80,6981.97983115803,80,4427.82015500531,80,-1892.34955112228,80,2180.89370511871
35,8,85,6062.0512855056,85,5383.59900899121,85,-2430.35476029431,85,1749.02917589674
35,8,90,5024.6759377918,90,6122.16821155658,90,-2808.6314331912,90,1136.03776854885
40,8,0,1635.61068012706,0,214.70542209416,0,-93.7734822459764,0,-1738.46160634961
40,8,5,1702.65196056419,5,-22.9775196854806,5,961.853018794275,5,-2642.8916989345
40,8,10,1993.46492586436,10,-448.514301226891,10,1982.35896315665,10,-3419.75473941624
40,8,15,2499.00992829654,15,-1018.24473660471,15,2898.08548650915,15,-3970.55566103221
40,8,20,3194.50905105302,20,-1664.15046033121,20,3645.62148644588,20,-4222.65806134029
40,8,25,4040.58616556628,25,-2301.44761286967,25,4172.92905554981,25,-4138.27695371821
40,8,30,4985.42621243734,30,-2838.42082865153,30,4443.65966200011,30,-3718.75405704845
40,8,35,5967.75219254874,35,-3187.28731314226,35,4440.24529159901,35,-3003.5403192307
40,8,40,6920.49031984067,40,-3274.77194127568,40,4165.43815184355,40,-2064.28651273789
40,8,45,7775.05351247241,45,-3051.16162507409,45,3642.09960612606,45,-995.299693952828
40,8,50,8466.14785741327,50,-2496.82094139556,50,2911.2038507838,50,97.9122609840852
40,8,55,8936.87200882122,55,-1625.42549893778,55,2028.20488691596,55,1110.31356981819
40,8,60,9143.67685875663,60,-483.48309465663,60,1058.08736130566,60,1947.92730111655
40,8,65,9060.5711992306,65,853.913435017139,65,69.5627425486682,65,2536.51796120451
40,8,70,8681.89492690586,70,2290.70499132486,70,-871.021299024275,70,2827.89958648251
40,8,75,8023.09616161699,75,3719.966807056,75,-1705.41894712356,75,2803.54616562869
40,8,80,7119.2415329142,80,5035.17841198424,80,-2388.21522256347,80,2475.23634882428
40,8,85,6021.39192983403,85,6141.13634875949,85,-2889.96797598681,85,1882.59172515898
40,8,90,4791.37462297583,90,6963.06514221728,90,-3198.39400907761,90,1087.65685007298
45,8,0,1305.39665583682,0,-531.064274664356,0,-287.22823967035,0,-1364.23303957369
45,8,5,1349.12865851337,5,-741.020062898798,5,851.243679406226,5,-2502.20558869904
45,8,10,1634.22655191532,10,-1173.41634450418,10,1953.5239784439,10,-3490.39717170326
45,8,15,2153.32002745982,15,-1779.71440753285,15,2942.65696170716,15,-4205.2468285992
45,8,20,2882.47836194363,20,-2482.20423536677,20,3747.92222138302,20,-4555.70105280366
45,8,25,3782.1712001441,25,-3182.65918238777,25,4310.55362262286,25,-4494.9599764579
45,8,30,4799.11854460679,30,-3773.70334322889,30,4588.87806028231,30,-4026.02705814913
45,8,35,5868.82064627653,35,-4151.50856852762,35,4562.37210831259,35,-3200.12512000057
45,8,40,6918.77175488417,40,-4228.38446790394,40,4234.09097121668,40,-2108.50285575565
45,8,45,7872.53771913093,45,-3943.9233857635,45,3630.98845334805,45,-869.49674723956
45,8,50,8654.86699080868,50,-3273.48646907495,50,2801.86148432452,50,386.582448006762
45,8,55,9197.74765116746,55,-2232.9348772391,55,1812.9812546866,55,1532.31382978944
45,8,60,9446.89724495787,60,-878.718789512278,60,741.820199757039,60,2456.11266721791
45,8,65,9367.76059219763,65,697.114099834612,65,-330.439587278448,65,3072.43906422417
45,8,70,8949.89079389419,70,2376.67955388423,70,-1326.75834725026,70,3328.95086559769
45,8,75,8208.72018330688,75,4029.56079562151,75,-2181.51069549045,75,3210.35680032522
45,8,80,7184.18448998995,80,5527.64854602365,80,-2846.24345978508,80,2738.63318937806
45,8,85,5936.31643195905,85,6759.1744115812,85,-3293.12463386405,85,1969.34760647204
45,8,90,4538.57094662928,90,7639.84343136189,90,-3515.61925359282,90,984.236688036382
50,8,0,780.392941172436,0,-1334.09795701274,0,-370.817915410904,0,-1002.86178581442
50,8,5,808.016675256427,5,-1514.54137325754,5,823.256164600618,5,-2354.16271883995
50,8,10,1087.09003309064,10,-1943.3932262803,10,1980.02422971557,10,-3533.59851862062
50,8,15,1612.37688049867,15,-2568.88818997887,15,3018.00878637555,15,-4393.50099386775
50,8,20,2362.20401295495,20,-3306.37782099986,20,3861.2418974441,20,-4825.15491116226
50,8,25,3299.21184555204,25,-4047.80926121566,25,4445.17739188283,25,-4773.4684495593
50,8,30,4371.73456831655,30,-4674.04242735684,30,4722.60323169487,30,-4243.98726767123
50,8,35,5515.54268601142,35,-5068.54872701289,35,4668.97810298187,35,-3300.77715262291
50,8,40,6656.07307562561,40,-5131.2422149251,40,4286.29510289983,40,-2055.74131818315
50,8,45,7711.66342784703,45,-4791.35535305719,45,3604.48587096343,45,-651.931361867188
50,8,50,8598.41036827273,50,-4018.13438936886,50,2679.65244518317,50,755.534783037035
50,8,55,9236.90765076047,55,-2827.77981847538,55,1588.99451423197,55,2017.63326136192
50,8,60,9560.38024404285,60,-1284.90342661192,60,422.96549222483,60,3006.62945043849
50,8,65,9522.93767636708,65,502.735865256162,65,-724.295901481299,65,3627.60451774863
50,8,70,9106.20766477806,70,2396.19498208667,70,-1764.95424091666,70,3826.27075644886
50,8,75,8322.71663531841,75,4242.3291953805,75,-2626.53306324763,75,3592.93388921802
50,8,80,7215.04988394808,80,5892.7551175312,80,-3258.77225592856,80,2962.12460551328
50,8,85,5850.82196133865,85,7221.29271212302,85,-3637.26411562228,85,2007.4524295654
50,8,90,4314.47519318059,90,8136.97522471087,90,-3763.32490071853,90,831.836668352203
55,8,0,121.344701784716,0,-2123.51725110615,0,-362.292808125115,0,-685.956699457702
55,8,5,138.736132679659,5,-2276.04573367558,5,862.744556279474,5,-2221.303576007
55,8,10,409.670961135727,10,-2692.70290240201,10,2049.50662900936,10,-3563.3425476328
55,8,15,931.478033225216,15,-3319.85589756932,15,3115.01425574098,15,-4542.62184147181
55,8,20,1686.01021741937,20,-4068.84851255044,20,3980.26453208332,20,-5034.49360190604
55,8,25,2640.15714092675,25,-4826.22422163301,25,4575.87320844272,25,-4976.66486727356
55,8,30,3746.74513625713,30,-5466.32596798198,30,4848.6905162009,30,-4377.81789984701
55,8,35,4945.37703995126,35,-5864.8206272197,35,4768.75906614652,35,-3315.10662921093
55,8,40,6163.29699812635,40,-5912.51894156968,40,4335.22775977481,40,-1920.99946222849
55,8,45,7317.10206492804,45,-5529.22268839273,45,3579.48036896736,45,-362.736861314486
55,8,50,8316.55141768162,50,-4676.71721731901,50,2564.06790615911,50,1180.80160268145
55,8,55,9071.38774486289,55,-3368.75130299486,55,1376.98669102153,55,2540.49984718945
55,8,60,9500.97503541342,60,-1674.92947895763,60,122.004608778557,60,3574.27467961499
55,8,65,9545.17724579058,65,284.091699956728,65,-1093.38576491898,65,4179.7431184265
55,8,70,9173.95825087588,70,2350.64313299704,70,-2170.45121615596,70,4302.60763747928
55,8,75,8393.15819130295,75,4351.03387900715,75,-3030.26021719366,75,3940.68533381625
55,8,80,7244.81708070559,80,6119.02038745233,80,-3621.66237746558,80,3142.84811425033
55,8,85,5801.87909774336,85,7516.75193661191,85,-3924.98235905736,85,2002.16394223386
55,8,90,4158.54900418603,90,8449.37805451738,90,-3950.84974316206,90,643.446058299322
60,8,0,-596.027564209463,0,-2848.5781464176,0,-287.116616983245,0,-433.598166652859
60,8,5,-585.152407458415,5,-2976.23890439712,5,948.877468119429,5,-2119.63027470687
60,8,10,-326.876600688623,10,-3372.52702642408,10,2146.1696643382,10,-3591.89076500541
60,8,15,179.239917381414,15,-3983.06632550044,15,3223.05111245828,15,-4662.49019449987
60,8,20,919.717441141957,20,-4718.14876138309,20,4099.47588200743,20,-5193.33311332565
60,8,25,1867.35185145234,25,-5463.78760402642,25,4702.02690969784,25,-5116.26670833858
60,8,30,2981.7898894674,30,-6093.96980997925,30,4971.1614709712,30,-4443.34535399936
60,8,35,4209.67540977667,35,-6482.66426143513,35,4870.07507839985,35,-3264.1618980797
60,8,40,5484.06655728264,40,-6516.03795365547,40,4393.21028811811,40,-1730.45981565148
60,8,45,6724.02850818873,45,-6106.13850711687,45,3571.70343569199,45,-31.9415171732351
60,8,50,7836.40341432992,50,-5206.019159179,50,2473.42473498135,50,1630.71560300828
60,8,55,8721.75058256293,55,-3823.53711869248,55,1196.69299711287,55,3070.27865356417
60,8,60,9284.9996062197,60,-2028.86346628954,60,-141.427569824832,60,4132.10594014565
60,8,65,9449.13770294952,65,48.9262695952964,65,-1419.97355574042,65,4707.87712389019
60,8,70,9168.4872223453,70,2237.59587787199,70,-2529.32717223743,70,4744.60131041869
60,8,75,8437.77953948776,75,4346.7741308274,75,-3384.36059062994,75,4248.78726175473
60,8,80,7294.43122803625,80,6195.96176795438,80,-3933.50800026327,80,3284.64583469416
60,8,85,5813.51943074507,85,7638.7608862295,85,-4162.40478470756,85,1965.30637833944
60,8,90,4096.97610209164,90,8578.66420578023,90,-4091.54404047036,90,437.395967605175
65,8,0,-1294.6545983778,0,-3482.9308636716,0,-172.874527483976,0,-253.768433428999
65,8,5,-1288.67148772593,5,-3588.09022525892,5,1060.02425386294,5,-2057.42172037224
65,8,10,-1049.51794591729,10,-3954.48399238897,10,2254.81285085896,10,-3628.06758105345
65,8,15,-572.992393552245,15,-4528.22303694279,15,3333.09475700014,15,-4763.24490638243
65,8,20,133.059365753613,20,-5221.61579791323,20,4215.21697576575,20,-5314.32097740939
65,8,25,1048.466253709,25,-5925.19101421577,25,4824.32077491137,25,-5208.75134452471
65,8,30,2141.2558627551,30,-6519.09587820816,30,5094.15209001707,30,-4461.87541828517
65,8,35,3367.62576004418,35,-6882.33428756722,35,4979.97121101961,35,-3174.29816318643
65,8,40,4670.19168720572,40,-6901.72856192938,40,4469.97825441945,40,-1514.69122159063
65,8,45,5975.07403325206,45,-6484.07123278507,45,3593.47492971901,45,307.543853644547
65,8,50,7190.56902572316,50,-5572.89804842981,50,2422.33052758609,50,2072.61269981755
65,8,55,8210.94163545055,55,-4166.60674770661,55,1064.26419688535,55,3577.36787441395
65,8,60,8927.24331138859,60,-2330.6425997796,60,-350.938917995834,60,4656.14063327268
65,8,65,9243.73114418123,65,-196.50177771318,65,-1689.20484214737,65,5195.58878053727
65,8,70,9095.42906960614,70,2055.05012976216,70,-2830.27324096883,70,5144.54114134011
65,8,75,8461.40571955571,75,4222.61653215012,75,-3682.95183350969,75,4518.49619282023
65,8,80,7369.84932390589,80,6116.25932685064,80,-4195.22417158515,80,3397.1014308206
65,8,85,5893.95283419908,85,7584.42713781009,85,-4357.78035745978,85,1913.28777866754
65,8,90,4140.39629994332,90,8530.40840898189,90,-4200.51167215203,90,234.678271844809
70,8,0,-1906.77251766057,0,-4023.08240275099,0,-44.6049507371631,0,-144.076751028989
70,8,5,-1905.41407980116,5,-4105.8894011747,5,1177.66091279505,5,-2035.73680578866
70,8,10,-1692.4597410311,10,-4430.12323951959,10,2363.77297057831,10,-3676.62180515031
70,8,15,-1259.39514999167,15,-4944.11134435527,15,3439.64608524327,15,-4853.53053798411
70,8,20,-607.784852770064,20,-5565.54553327694,20,4326.71074069996,20,-5410.25093693655
70,8,25,249.780394079018,25,-6194.48490348797,25,4945.03895270029,25,-5271.32535389798
70,8,30,1290.45878639452,30,-6723.52913624407,30,5221.67160766339,30,-4455.09077084117
70,8,35,2481.64120647553,35,-7043.35778771968,35,5103.51291629278,35,-3071.22959444736
70,8,40,3778.60219978563,40,-7047.07012352502,40,4571.66287379835,40,-1302.25506519626
70,8,45,5118.9807860255,45,-6639.45495806658,45,3652.37471923211,45,626.235662538645
70,8,50,6417.41655271056,50,-5754.61208645962,50,2420.10220733327,50,2478.49234972111
70,8,55,7565.82001627436,55,-4378.40274622218,55,990.531787428804,55,4037.72149575247
70,8,60,8443.23012237798,60,-2565.97888531091,60,-495.11141496991,60,5128.41903965002
70,8,65,8934.58208797455,65,-444.156021845292,65,-1890.62432193276,65,5632.50524274353
70,8,70,8952.91726650719,70,1805.42664517541,70,-3065.65871901437,70,5500.34334023188
70,8,75,8457.61991917437,75,3977.59676190662,75,-3922.98508081903,75,4755.8368892351
70,8,80,7463.06404526805,80,5878.84380979314,80,-4409.58993849887,80,3493.26312297161
70,8,85,6036.05496201819,85,7356.05346750864,85,-4520.1479471191,85,1864.25650917027
70,8,90,4284.16178328653,90,8313.08499576142,90,-4292.52998175937,90,55.972648091079
75,8,0,-2379.9210845889,0,-4482.77677650527,0,78.1639396527893,0,-94.8841779351312
75,8,5,-2383.3299340473,5,-4540.65215646476,5,1288.55013610184,5,-2050.07533990459
75,8,10,-2202.65798721505,10,-4807.43737442091,10,2466.14381955461,10,-3738.45731837239
75,8,15,-1824.92211641331,15,-5236.11409953035,15,3541.07756215419,15,-4939.42009059321
75,8,20,-1245.27120134857,20,-5753.53459333517,20,4435.81924550744,20,-5491.84376471937
75,8,25,-468.745863796056,25,-6274.11866584388,25,5067.58402802715,25,-5318.74650737671
75,8,30,490.996227636903,30,-6708.50523654592,30,5357.15121332384,30,-4441.12568928297
75,8,35,1613.31867405121,35,-6964.91741618401,35,5243.48093092581,35,-2975.63508090633
75,8,40,2868.34099864806,40,-6948.07919319311,40,4700.58668524732,40,-1115.21504828327
75,8,45,4209.0043970285,45,-6564.54103280945,45,3751.00437141978,45,902.21516696068
75,8,50,5561.07036193933,50,-5740.13087608349,50,2470.3688192244,50,2828.3517348102
75,8,55,6818.67150948733,55,-4446.13816182702,55,980.416681333157,55,4435.02520015451
75,8,60,7851.9932997616,60,-2722.25166836863,60,-568.20276868681,60,5537.83988011789
75,8,65,8527.68981506416,65,-683.045553905176,65,-2018.80880631095,65,6013.80917144224
75,8,70,8735.70977875466,70,1497.66517076944,70,-3231.87882015474,70,5813.92481724158
75,8,75,8412.91599289558,75,3619.27209694038,75,-4104.11844402023,75,4969.15309307761
75,8,80,7555.88520549026,80,5491.24493170249,80,-4580.53985834259,80,3586.76394824031
75,8,85,6220.49947421248,85,6962.61106678181,85,-4658.05259143991,85,1835.2217182155
75,8,90,4510.74945295061,90,7938.2013083281,90,-4380.32138015172,90,-80.8096571224311
80,8,0,-2678.29344415894,0,-4885.38539168992,0,182.533600294774,0,-92.7608775605905
80,8,5,-2686.27682145833,5,-4913.51597477537,5,1385.1571340159,5,-2092.39503039142
80,8,10,-2541.72446115701,10,-5105.49541866094,10,2559.42295746747,10,-3811.20387617714
80,8,15,-2227.65549793267,15,-5422.01713326364,15,3638.69814387866,15,-5023.74292734113
80,8,20,-1733.32702681658,20,-5803.20351486302,20,4545.88932201398,20,-5566.15854562246
80,8,25,-1056.78647101599,25,-6182.33645145387,25,5195.5025588046,25,-5361.16655034103
80,8,30,-202.945405542959,30,-6492.66510791331,30,5502.93999653353,30,-4432.15023929156
80,8,35,819.608639680655,35,-6664.56071396128,35,5400.42500903728,35,-2900.7536583812
80,8,40,1996.98909353744,40,-6618.90449491402,40,4855.75468200252,40,-967.00190191785
80,8,45,3300.06531297246,45,-6267.91357314241,45,3887.67124253032,45,1122.73536670726
80,8,50,4669.71852841256,50,-5531.3574643791,50,2571.70748909213,50,3111.03105939958
80,8,55,6006.95725882441,55,-4365.3034681498,55,1033.38572335018,55,4760.62603296056
80,8,60,7177.35534954086,60,-2789.83423056118,60,-569.852613488753,60,5879.14480231983
80,8,65,8032.13409184804,65,-900.042364707117,65,-2073.10676574457,65,6338.38628350517
80,8,70,8439.03850393945,70,1147.01434777761,70,-3328.96329174126,70,6088.74228159433
80,8,75,8311.26212764826,75,3164.00760622574,75,-4228.07258764961,75,5166.35371618314
80,8,80,7624.69512223608,80,4970.14818578973,80,-4712.23237385325,80,3689.13897973427
80,8,85,6420.18571186025,85,6420.32736334334,85,-4778.38632034017,85,1839.80959087674
80,8,90,4793.4701388037,90,7420.73458991321,90,-4473.29597919207,90,-162.009371224339
85,8,0,-2780.65879081251,0,-5256.17372666706,0,261.889237505253,0,-123.420122970468
85,8,5,-2792.35326067166,5,-5248.68231816695,5,1464.79640484371,5,-2152.80205847875
85,8,10,-2685.01159655314,10,-5348.31547682917,10,2644.21343054872,10,-3889.6522363462
85,8,15,-2438.79880716198,15,-5526.80571192299,15,3735.22606017936,15,-5105.51412530068
85,8,20,-2038.26693128723,20,-5741.70331130356,20,4660.31030118114,20,-5635.42891386758
85,8,25,-1475.44929106202,25,-5949.14856759691,25,5331.4500229312,25,-5402.8131758235
85,8,30,-747.224353902185,30,-6108.4126990056,30,5659.90568045094,30,-4433.25436872983
85,8,35,149.455318603221,35,-6175.12025428078,35,5572.95814722307,35,-2851.700982369
85,8,40,1216.83153793257,40,-6089.64550617128,40,5033.71553588452,40,-862.279764417744
85,8,45,2444.88196291625,45,-5773.48399801241,45,4057.56913250157,45,1283.76471210608
85,8,50,3792.28522506102,50,-5143.32999357286,50,2718.88485143683,50,3323.17833489403
85,8,55,5171.084567711,55,-4140.83210126584,55,1144.58383486391,55,5011.97049964265
85,8,60,6447.19181974176,60,-2763.83653870406,60,-504.100253400645,60,6150.92299114913
85,8,65,7460.97236203793,65,-1081.84020682497,65,-2056.74591906148,65,6606.53296942505
85,8,70,8061.01850215536,70,773.112646815121,70,-3359.68387148907,70,6327.38540012273
85,8,75,8137.68650798833,75,2635.28325298806,75,-4297.68716929509,75,5352.61845734124
85,8,80,7644.7280784002,80,4340.11531465547,80,-4808.07733635757,80,3807.89849018857
85,8,85,6604.65717156764,85,5752.01766959032,85,-4885.47139771113,85,1886.95072767869
85,8,90,5100.49086791064,90,6779.21511216291,90,-4576.79771123158,90,-178.727243187928
90,8,0,-2676.62260548989,0,-5615.72311614199,0,314.719359062338,0,-173.686821537446
90,8,5,-2690.56079524283,5,-5567.09603604151,5,1528.19859898986,5,-2220.58501617632
90,8,10,-2619.09030921299,10,-5558.98920101687,10,2722.68906016169,10,-3965.86351265377
90,8,15,-2441.16630432902,15,-5577.28523375893,15,3833.32874072657,15,-5179.36148053252
90,8,20,-2138.30959891552,20,-5600.73376439569,20,4781.30892911849,20,-5696.20543496849
90,8,25,-1697.77687708735,25,-5611.5879205814,25,5476.40565138669,25,-5441.27888173894
90,8,30,-1109.22665423545,30,-5597.34831915855,30,5827.18702023997,30,-4442.22851904067
90,8,35,-358.694419537037,35,-5540.48428359428,35,5758.0794099258,35,-2825.92546267861
90,8,40,571.436958036746,40,-5402.82528007937,40,5229.38389467863,40,-798.084298810812
90,8,45,1689.94275696619,45,-5118.07086870467,45,4253.94474970657,45,1388.30175314652
90,8,50,2974.3757045988,50,-4603.15370738297,50,2904.18231036616,50,3467.22630901575
90,8,55,4351.01569373323,55,-3787.37354200796,55,1306.16413237601,55,5190.45731065653
90,8,60,5691.28050252361,60,-2645.50123799662,60,-378.136129180744,60,6353.50793031729
90,8,65,6830.62861195516,65,-1217.16245266455,65,-1975.69024934324,65,6818.00905769566
90,8,70,7603.57140767567,70,397.306056513868,70,-3328.51438006685,70,6529.86587683572
90,8,75,7880.50170006368,75,2060.91498275752,75,-4315.99532620576,75,5529.00691784598
90,8,80,7593.22476655949,80,3631.15450263046,80,-4869.96881802435,80,3945.5597687507
90,8,85,6743.72943161913,85,4985.47220083078,85,-4980.51618234992,85,1980.44013364392
90,8,90,5398.42345417307,90,6035.28796227458,90,-4691.8372557423,90,-126.661471416158
95,8,0,-2362.9597705236,0,-5975.12892084311,0,343.213359955786,0,-232.472858242801
95,8,5,-2377.40274972745,5,-5881.55748075309,5,1578.08167808568,5,-2284.63517275746
95,8,10,-2338.96441504391,10,-5754.7997506584,10,2797.31722873494,10,-4029.07197390125
95,8,15,-2227.20179645272,15,-5597.29167530593,15,3934.60070894914,15,-5235.09062663535
95,8,20,-2022.43847413951,20,-5411.86807354806,20,4909.21566418013,20,-5738.8717934098
95,8,25,-1708.43473165094,25,-5209.1021653343,25,5629.22643395325,25,-5467.31633655914
95,8,30,-1268.42534760562,30,-5005.69256578313,30,6002.03629321551,30,-4449.91339549875
95,8,35,-678.433995936252,35,-4811.14448488055,35,5951.31842558237,35,-2814.24805754071
95,8,40,93.0735996470144,40,-4609.34168771249,40,5436.49767092006,40,-765.50103547854
95,8,45,1072.05501169999,45,-4348.16150210531,45,4468.84938696544,45,1444.28095984081
95,8,50,2254.43694110971,50,-3947.95523360427,50,3118.37837861287,50,3549.1978749206
95,8,55,3582.71080228178,55,-3328.65132372377,55,1508.39808881135,55,5299.4414189689
95,8,60,4938.65206981465,60,-2442.94337724208,60,-201.181907341047,60,6487.37435605202
95,8,65,6159.52770521017,65,-1298.6542621219,65,-1837.61790624136,65,6970.88981935089
95,8,70,7072.41315752631,70,39.9810226864227,70,-3240.78919586415,70,6692.88990720976
95,8,75,7532.48654531418,75,1470.09140131991,75,-4285.61888913923,75,5692.08301941544
95,8,80,7451.52863493878,80,2876.00032280996,80,-4897.94876356539,80,4099.56886580536
95,8,85,6810.15290260899,85,4151.51171256578,85,-5061.55299868912,85,2119.1294497454
95,8,90,5655.13337812189,90,5212.95915226732,90,-4815.2799581959,90,-5.65347889608639
100,8,0,-1841.37603230687,0,-6333.08916874302,0,352.046926593763,0,-291.015249627551
100,8,5,-1854.74992243347,5,-6193.50781492961,5,1618.05093550718,5,-2333.55351259878
100,8,10,-1846.22583311681,10,-5943.70429413387,10,2870.02297788959,10,-4065.70741189152
100,8,15,-1797.55162090406,15,-5603.95333353939,15,4039.02493402031,15,-5257.69870836446
100,8,20,-1689.45299797314,20,-5202.68879047248,20,5042.15243332311,20,-5747.7671986206
100,8,25,-1503.2784615271,25,-4779.61093188309,25,5786.44658340296,25,-5465.22398724577
100,8,30,-1216.54587452594,30,-4380.26427189849,30,6179.64801120537,30,-4440.99942663091
100,8,35,-796.304433259306,35,-4040.12190290541,35,6146.59347095225,35,-2802.15084614824
100,8,40,-199.061754374982,40,-3764.49866431188,40,5647.58405450726,40,-751.376933299415
100,8,45,615.755632429068,45,-3516.38041578634,45,4693.31415128116,45,1462.65956270237
100,8,50,1660.65922194624,50,-3222.22529052452,50,3351.18455828722,50,3576.9070927467
100,8,55,2895.0461332708,55,-2796.06113349129,55,1740.328384578,55,5342.84732827647
100,8,60,4215.08821931057,60,-2171.16523539793,60,16.2471575922277,60,6552.3394617481
100,8,65,5466.57586400059,65,-1324.18017261768,65,-1651.26975274248,65,7061.36394747736
100,8,70,6476.65659981496,70,-281.628813976036,70,-3102.285780608,70,6810.12383773107
100,8,75,7091.51516718669,75,890.808695924398,75,-4208.66489969266,75,5834.45306528796
100,8,80,7206.5032849596,80,2107.7175443667,80,-4890.41564088368,80,4262.92204477644
100,8,85,6781.51206231297,85,3282.23552872111,85,-5123.8886436107,85,2297.49720987209
100,8,90,5841.76624090368,90,4337.84655774313,90,-4940.42947028579,90,180.772252122624
105,8,0,-1118.50705399741,0,-6674.72796759394,0,347.489031169994,0,-342.739702932266
105,8,5,-1129.82196371784,5,-6491.43037999223,5,1651.87154032614,5,-2355.84220729654
105,8,10,-1148.98761943098,10,-6122.21256776361,10,2941.71560930087,10,-4059.9342223017
105,8,15,-1160.97164497538,15,-5605.069699439,15,4144.73674228846,15,-5228.20714090378
105,8,20,-1147.91225083615,20,-4993.76933667512,20,5175.9227361848,20,-5702.23183221586
105,8,25,-1089.42344892898,25,-4356.19782685951,25,5942.14357730304,25,-5414.0478936183
105,8,30,-957.875597662022,30,-3764.94083200194,30,6352.89171164449,30,-4395.36956172407
105,8,35,-712.480030047056,35,-3279.21867722621,35,6335.80674067187,35,-2771.25098599591
105,8,40,-300.034456306236,40,-2924.13211028052,40,5853.52500877887,40,-739.859894896904
105,8,45,331.564978227123,45,-2677.73877455456,45,4917.04574131288,45,1455.97100725498
105,8,50,1208.7835499234,50,-2474.62159483606,50,3591.18900642591,50,3558.83293483769
105,8,55,2307.4717719367,55,-2226.50517944648,55,1989.9611795883,55,5324.57966751307
105,8,60,3541.04660520449,60,-1851.23142686121,60,262.655893289732,60,6547.62487831881
105,8,65,4769.74594830421,65,-1297.31978133316,65,-1426.21306454402,65,7084.40605090798
105,8,70,5828.28411339475,70,-554.909916492837,70,-2919.24640458975,70,6873.2884479234
105,8,75,6560.91211458069,75,347.962123656959,75,-4087.0924402046,75,5946.0045564234
105,8,80,6851.56541744595,80,1357.88106670109,80,-4844.80154804042,80,4425.26646543764
105,8,85,6641.61978160661,85,2409.70909963573,85,-5160.95858561217,85,2506.40150954947
105,8,90,5934.158657825,90,3436.66775332331,90,-5057.88360523649,90,425.726926451271
110,8,0,-208.333942079269,0,-6971.94226289135,0,336.719233593597,0,-383.056734264869
110,8,5,-217.519148095329,5,-6750.70895893504,5,1682.93941317765,5,-2340.51474759481
110,8,10,-263.878453471728,10,-6274.50946354397,10,3011.93808946172,10,-3995.03084231824
110,8,15,-335.870728679433,15,-5597.40091695093,15,4247.81121402009,15,-5125.61393548426
110,8,20,-417.255904542691,20,-4796.1822065529,20,5303.84179867463,20,-5578.85427652045
110,8,25,-486.058343848995,25,-3963.98170229311,25,6087.69607896685,25,-5289.85397853739
110,8,30,-509.903153868235,30,-3197.04320574173,30,6511.91695446916,30,-4290.19607819146
110,8,35,-441.354287420529,35,-2575.02473148711,35,6508.29859199172,35,-2701.10114527263
110,8,40,-219.825773681977,40,-2140.34552525391,40,6042.95681690158,40,-713.826633459452
110,8,45,215.133438275752,45,-1885.31415249854,45,5127.91885153721,45,1437.34321661801
110,8,50,900.950808911482,50,-1753.98501931278,50,3825.56152484667,50,3503.66931043186
110,8,55,1828.58876503664,55,-1659.24396861833,55,2244.2022951408,55,5248.67891237322
110,8,60,2930.17090898494,60,-1508.36247119979,60,525.630766435372,60,6472.63230463294
110,8,65,4084.85474774472,65,-1226.81422433213,65,-1172.84158794906,65,7035.08137180773
110,8,70,5141.50514722523,70,-772.421999841143,70,-2698.62033255254,70,6873.78106441723
110,8,75,5949.52377440864,75,-137.823021877316,75,-3923.28598690128,75,6015.54326229646
110,8,80,6387.36132587222,80,655.330693465442,80,-4758.43472819592,80,4574.23245378249
110,8,85,6381.51036396421,85,1565.08343284557,85,-5165.32570762798,85,2733.86187132053
110,8,90,5913.8096209319,90,2537.02750521143,90,-5156.46704714904,90,719.087911071822
115,8,0,863.492440852169,0,-7185.1532634869,0,327.117541068847,0,-409.235007872347
115,8,5,855.36423230433,5,-6934.86004529032,5,1713.68215610739,5,-2278.25033121185
115,8,10,780.297508402324,10,-6372.71751674325,10,3078.36361222157,10,-3855.69780612443
115,8,15,646.838329788884,15,-5565.69129111642,15,4341.81863158792,15,-4930.02729507681
115,8,20,470.197585665878,20,-4609.24665615321,20,5416.30646826603,20,-5354.98766652147
115,8,25,274.31271140231,25,-3616.75367281535,25,6211.32822175506,25,-5069.17484189802
115,8,30,96.0619788544864,30,-2703.12917553981,30,6643.65138886129,30,-4102.94657979699
115,8,35,-11.6552777997617,35,-1964.13050544244,35,6650.31459503237,35,-2571.51228694792
115,8,40,16.9173033133398,40,-1456.36856493201,40,6201.76381348239,40,-656.413707536497
115,8,45,247.635440406082,45,-1185.00331075701,45,5311.58107626097,45,1419.76079533718
115,8,50,725.944174278406,50,-1104.33940574751,50,4039.8411479425,50,3420.31574419509
115,8,55,1455.99055521835,55,-1131.60140276468,55,2488.83881133276,55,5119.94567512335
115,8,60,2388.68074748866,60,-1168.78424558441,60,791.940454435193,60,6328.09051118216
115,8,65,3424.70489525316,65,-1124.79471501057,65,-902.300559162314,65,6910.07404312129
115,8,70,4432.0023836935,70,-931.415118678259,70,-2448.17076714857,70,6804.38615097464
115,8,75,5271.36980764214,75,-550.606108662826,75,-3720.44190115824,75,6032.42407556508
115,8,80,5821.91807158842,80,25.4031729152107,80,-4629.19836332449,80,4696.69897966022
115,8,85,5999.96319698311,85,778.001631911047,85,-5129.49909030892,85,2965.72461563391
115,8,90,5768.53414117622,90,1667.40625635674,90,-5224.03280327124,90,1047.44881765715
120,8,0,2054.59796871742,0,-7266.5247801782,0,325.337311420631,0,-420.313744899785
120,8,5,2045.21747772748,5,-6998.26364518589,5,1744.70582161809,5,-2162.91874427129
120,8,10,1938.31674457409,10,-6378.47265263406,10,3135.99186626033,10,-3631.0058782247
120,8,15,1740.53438403925,15,-5482.63723780841,15,4417.05724702656,15,-4626.63115016439
120,8,20,1467.21963635409,20,-4418.74632060371,20,5500.07691320866,20,-5013.19911492898
120,8,25,1144.97647975431,25,-3313.60518760031,25,6297.47230591023,25,-4733.38502502099
120,8,30,815.026939741786,30,-2294.3935169851,30,6731.27895085028,30,-3815.19751099967
120,8,35,534.594796703996,35,-1467.72035005506,35,6744.62274957695,35,-2365.46252923126
120,8,40,372.638685126344,40,-900.722474931373,40,6312.84647665813,40,-552.867186522624
120,8,45,397.922408019158,45,-609.582889929437,45,5451.37947685164,45,1415.23952834263
120,8,50,661.277443059808,50,-559.172034506719,50,4218.02674442896,50,3317.89882295226
120,8,55,1177.80342682739,55,-673.842766677901,55,2708.78549113827,55,4944.57047009305
120,8,60,1916.05467159573,60,-855.607024418139,60,1047.89596283091,60,6117.06897269605
120,8,65,2798.91757584396,65,-1003.9737503876,65,-626.100158405453,65,6708.90640630214
120,8,70,3716.22357322577,70,-1032.40914650053,70,-2176.18101317663,70,6660.55044103005
120,8,75,4544.84150844576,75,-878.868863372891,75,-3482.48043015306,75,5987.7239499872
120,8,80,5170.12980809622,80,-510.479769548032,80,-4455.70996396028,80,4779.68433297575
120,8,85,5503.46927017987,85,76.1037882682014,85,-5046.35983982349,85,3186.09239501455
120,8,90,5492.9110878465,90,857.121191861155,90,-5248.02802813504,90,1393.95106989541
125,8,0,3301.77426332525,0,-7164.91535966373,0,336.183459913845,0,-416.915058272347
125,8,5,3287.67765972106,5,-6890.76570995763,5,1773.77312419733,5,-1993.03750761366
125,8,10,3145.28201982648,10,-6246.37370433638,10,3176.20863255722,10,-3317.30837787678
125,8,15,2880.68512673837,15,-5310.60152065498,15,4459.69810169911,15,-4209.67313514196
125,8,20,2510.71302285936,20,-4196.66438789861,20,5537.54330165285,20,-4545.83331830843
125,8,25,2065.33948476829,25,-3036.78943189711,25,6326.21333443089,25,-4273.29779277087
125,8,30,1589.87899917874,30,-1963.02200930727,30,6753.90850169342,30,-3416.7599261997
125,8,35,1144.75298251529,35,-1086.90422228227,35,6770.41715808767,35,-2072.36805894885
125,8,40,800.428146571105,40,-481.997714745603,40,6356.23110452786,40,-392.765493561121
125,8,45,626.573248390028,45,-173.310611844923,45,5528.62624845398,45,1433.62456156035
125,8,50,677.190711953722,50,-136.155431943363,50,4342.95581085124,50,3205.38020716555
125,8,55,976.008527686756,55,-304.298074571279,55,2888.55647714276,55,4730.25250710875
125,8,60,1507.17594685563,60,-584.664521868631,60,1279.90719735903,60,5845.33402038564
125,8,65,2214.70411808613,65,-874.517689015134,65,-355.500198025447,65,6434.35957941979
125,8,70,3010.97255955705,70,-1077.30924842638,70,-1890.85193836717,70,6440.80030677269
125,8,75,3791.63028845248,75,-1114.84795515094,75,-3213.57279590551,75,5874.64046156322
125,8,80,4452.67960106365,80,-935.050204313166,80,-4237.10482595664,80,4810.69217206158
125,8,85,4905.7275905133,85,-515.591496761658,85,-4909.28118175434,85,3377.51926090589
125,8,90,5088.70935493633,90,135.917917905437,90,-5215.93565212577,90,1738.15983531726
130,8,0,4519.59602632988,0,-6832.94098380626,0,361.584031226749,0,-400.86897716196
130,8,5,4496.50139935499,5,-6564.64566476114,5,1795.04446371231,5,-1772.66009759143
130,8,10,4316.02279578246,10,-5930.09720218683,10,3186.26732690235,10,-2920.2775082604
130,8,15,3985.00091735721,15,-5006.28509623212,15,4451.48157254723,15,-3685.41974245289
130,8,20,3522.7787471717,20,-3904.0949424011,20,5506.62440700423,20,-3958.56635816012
130,8,25,2962.99855722024,25,-2752.85084363684,25,6273.38375814101,25,-3692.93722616017
130,8,30,2354.47532677494,30,-1681.76486370986,30,6686.84943601296,30,-2909.27721079143
130,8,35,1759.58601955087,35,-801.109437292241,35,6703.73407313771,35,-1691.17140604554
130,8,40,1248.78951378854,40,-186.470079647705,40,6309.55892794322,40,-172.396822862923
130,8,45,891.046048646744,45,130.892519663597,45,5523.08501205594,45,1480.94435804969
130,8,50,741.682420573772,50,165.861082263006,50,4396.73453453227,50,3090.49518918276
130,8,55,830.763459568969,55,-26.3493711629778,55,3012.63180729362,55,4485.48688645746
130,8,60,1155.39921813676,60,-361.70625364026,60,1474.82068665179,60,5520.76979379361
130,8,65,1678.35935533033,65,-741.72046094359,65,-101.160700685212,65,6091.92424999827
130,8,70,2333.39033037675,70,-1067.85784442723,70,-1599.94449704626,70,6146.25420959379
130,8,75,3035.67874357595,75,-1253.96015604942,75,-2917.85353692766,75,5688.18044438811
130,8,80,3694.75191376404,80,-1235.5645678598,80,-3972.95481338136,80,4777.66946982963
130,8,85,4226.9861983472,85,-975.715555621333,85,-4712.38928116223,85,3521.2073319783
130,8,90,4565.53988421587,90,-467.239071207568,90,-5115.9373622983,90,2056.29730541441
135,8,0,5603.20378331503,0,-6236.34063228665,0,400.081546868799,0,-374.746195406026
135,8,5,5566.68920608725,5,-5984.19212731855,5,1799.20044476691,5,-1511.42349263255
135,8,10,5348.4311709929,10,-5391.69474942278,10,3149.97065589671,10,-2455.47114865295
135,8,15,4956.89908038402,15,-4529.30349242885,15,4370.83835001251,15,-3073.24531999865
135,8,20,4414.30531024311,20,-3498.75811901281,20,5382.17806458316,20,-3271.98216259371
135,8,25,3757.51467232009,25,-2418.87478292052,25,6112.10243619532,25,-3011.50085516718
135,8,30,3037.66951519948,30,-1408.86491334032,30,6503.12257461478,30,-2308.40697899562
135,8,35,2317.5659900488,35,-571.765120563388,35,6518.79267874822,35,-1232.54738302469
135,8,40,1666.13131200025,40,19.2955152127553,40,6149.13724783161,40,103.176789431224
135,8,45,1150.1857949244,45,329.740873841383,45,5413.6471651102,45,1557.57713259424
135,8,50,824.75496984395,50,365.912324996256,50,4361.00571978567,50,2978.14897891007
135,8,55,724.025804367173,55,171.286066453826,55,3065.34839809088,55,4218.13327728077
135,8,60,855.172885863382,60,-182.162050589167,60,1619.52519903848,60,5152.06889510518
135,8,65,1196.60615685576,65,-605.492317222701,65,126.29707975241,65,5688.63417405194
135,8,70,1701.00255172619,70,-1005.21148936179,70,-1311.41407071881,70,5779.71766338896
135,8,75,2302.28174232871,75,-1294.87284490948,75,-2600.10645331092,75,5424.69475854879
135,8,80,2924.89326924364,80,-1404.67254525505,80,-3664.06674311462,80,4669.12207652386
135,8,85,3493.55676777307,85,-1288.29249790204,85,-4451.5816961332,85,3597.69456400353
135,8,90,3941.84641395991,90,-926.581990467474,90,-4938.23980038863,90,2322.27945563576
140,8,0,6436.00539551325,0,-5365.14727559356,0,447.138035369366,0,-341.568998162791
140,8,5,6382.55051052972,5,-5137.30592939136,5,1774.8660868454,5,-1223.89440528585
140,8,10,6131.30028418145,10,-4613.57736994122,10,3050.083700838,10,-1947.42605554673
140,8,15,5692.64601887301,15,-3854.38882286193,15,4196.04750080524,15,-2404.69765111318
140,8,20,5091.15079073312,20,-2947.12889806192,20,5139.57893381719,20,-2520.86605291524
140,8,25,4365.57201622873,25,-1994.16271062271,25,5816.41422180274,25,-2263.08639869947
140,8,30,3567.51648415461,30,-1098.88792483848,30,6176.82246086236,30,-1644.08700439962
140,8,35,2758.24295799959,35,-351.968778194815,35,6190.79975592823,35,-719.705455511409
140,8,40,2003.43354010386,40,180.142345312561,40,5851.987418769,40,418.872584542812
140,8,45,1366.29830841082,45,462.733744949705,45,5179.51376005341,45,1656.70795257592
140,8,50,899.9815696777,50,495.532628904601,50,4217.24591031043,50,2868.74998041164
140,8,55,640.645950891632,55,310.596648457365,55,3030.38137761321,55,3933.79729849298
140,8,60,602.622014293846,60,-33.7957848576246,60,1699.76227100936,60,4747.32520931245
140,8,65,776.59655874713,65,-461.967398000694,65,314.624491551126,65,5232.03189136173
140,8,70,1131.12834821912,70,-890.939286345,70,-1035.35340439975,70,5345.18863131396
140,8,75,1617.07542227432,75,-1240.47200712081,75,-2267.82779905272,75,5082.07979048891
140,8,80,2174.00723873426,80,-1441.95147206845,80,-3314.58821640603,80,4475.10732034618
140,8,85,2737.45379313683,85,-1445.28657878292,85,-4126.68087517804,85,3588.60200248023
140,8,90,3245.89196122897,90,-1223.25578661984,90,-4677.3309694063,90,2510.00203178562
145,8,0,6902.28113608181,0,-4244.93770486094,0,496.176235541838,0,-304.962100202656
145,8,5,6830.53381685129,5,-4047.19416894935,5,1711.17047868176,5,-928.643476065636
145,8,10,6556.46098335804,10,-3611.07673732314,10,2872.24754848289,10,-1427.81954080652
145,8,15,6092.03438588713,15,-2984.9933125166,15,3910.186653494,15,-1721.10320578784
145,8,20,5462.85474151164,20,-2238.92739128532,20,4760.27265795153,20,-1751.70241752209
145,8,25,4707.49627617679,25,-1455.15310662748,25,5366.9624473885,25,-1494.51744476147
145,8,30,3875.59914662858,30,-717.43846600868,30,5688.43823402681,30,-959.025022549777
145,8,35,3024.55016910116,35,-100.337604503469,35,5700.52223027654,35,-187.724189715459
145,8,40,2214.82642188472,40,339.889245060043,40,5399.3811252959,40,749.407907893302
145,8,45,1504.39510485507,45,571.523249196016,45,4802.52908413766,45,1763.47721556952
145,8,50,942.868542898454,50,590.125741961484,50,3947.84762087312,50,2756.98831425033
145,8,55,566.288167992555,55,417.686491218637,55,2890.63187945704,55,3634.60182692851
145,8,60,393.376048324736,60,98.6246554307474,60,1698.96613734183,60,4313.14515625115
145,8,65,423.846192684853,65,-306.55173234782,65,447.95329701784,65,4729.89521306512
145,8,70,638.987993768817,70,-728.947391242801,70,-786.561821984536,70,4848.37978221532
145,8,75,1004.33660333073,75,-1099.34513453707,75,-1934.11972230231,75,4661.18408507087
145,8,80,1473.93140295538,80,-1355.72505320962,80,-2935.02189112711,80,4189.52962535471
145,8,85,1995.48785675392,85,-1449.47754443222,85,-3744.45194274918,85,3479.73718350272
145,8,90,2515.77350703984,90,-1349.74389403733,90,-4334.97855218621,90,2597.07578939749
150,8,0,6903.94166645991,0,-2945.01958098102,0,539.912563505027,0,-269.741723729485
150,8,5,6815.85467361412,5,-2780.78890491167,5,1600.63151595765,5,-647.366126555162
150,8,10,6534.33008302448,10,-2441.88404860911,10,2609.26411737397,10,-933.288627141041
150,8,15,6072.04703604056,15,-1964.23749339255,15,3506.54196363217,15,-1070.46654340761
150,8,20,5453.83420615331,20,-1399.63997575354,20,4237.93697772918,20,-1019.1675593134
150,8,25,4715.64436727412,25,-809.159182543935,25,4757.47025384405,25,-761.972246761145
150,8,30,3902.50908458487,30,-255.452756737118,30,5031.21726526657,30,-305.93426246565
150,8,35,3065.49029382748,35,204.940636162993,35,5040.13511335258,35,318.294472453568
150,8,40,2257.7990596343,40,528.289488642951,40,4781.84987669553,40,1060.13392827713
150,8,45,1530.42113619996,45,688.501297911677,45,4271.12373853538,45,1854.94491380261
150,8,50,927.727611819794,50,679.586044981543,50,3538.86718929898,50,2631.27149384038
150,8,55,483.610053249452,55,515.607874244859,55,2629.74435593204,55,3318.54550480556
150,8,60,218.636279664626,60,228.323625840208,60,1598.59974917544,60,3854.37872560287
150,8,65,138.580733603591,65,-137.029170601655,65,506.075358460186,65,4190.69077954055
150,8,70,234.477948217423,70,-527.168421022787,70,-586.133351056826,70,4298.0941066817
150,8,75,484.129035244091,75,-886.7339428393,75,-1619.91748331685,75,4168.16121863374
150,8,80,854.80517633814,80,-1164.10290016448,80,-2544.86155022795,80,3813.42685090816
150,8,85,1306.76720977195,85,-1316.44764707618,85,-3321.46245164206,85,3265.22254754127
150,8,90,1797.1651879967,90,-1313.55446528774,90,-3923.20943562188,90,2569.68614657417
155,8,0,6379.80998677737,0,-1579.58637328658,0,571.475471318245,0,-242.558858496431
155,8,5,6281.13384339344,5,-1449.83734716854,5,1441.33170476752,5,-403.885752669229
155,8,10,6011.25509683641,10,-1208.03563543195,10,2264.22260970231,10,-502.953279177439
155,8,15,5582.37254410342,15,-878.502805423061,15,2992.55965675429,15,-503.87116057298
155,8,20,5016.6481297434,20,-496.0494472337,20,3583.11238969602,20,-381.907513790951
155,8,25,4345.11146557305,25,-101.754026973193,25,3999.8796459912,25,-126.699848554091
155,8,30,3605.81956020306,30,261.998931653586,30,4216.61546732356,30,256.283405177822
155,8,35,2841.3532365256,35,556.564327666064,35,4218.76452603814,35,746.174733630183
155,8,40,2095.82081200237,40,751.522439022369,40,4004.59281886279,40,1308.92331644018
155,8,45,1411.62180618677,45,828.069562721201,45,3585.36522959259,45,1900.96470710603
155,8,50,826.27969921228,50,780.953533690793,50,2984.51603030056,50,2473.85686961796
155,8,55,369.666990087714,55,618.803969485988,55,2235.86728263719,55,2979.31507137515
155,8,60,61.9107953349707,60,362.914555073157,60,1381.05491691308,60,3374.07439242816
155,8,65,-87.8122845525385,65,44.7111756563573,65,466.405633576864,65,3624.06873484184
155,8,70,-81.4921264721855,70,-297.732247593833,70,-460.44182504591,70,3707.52246731817
155,8,75,68.4704379759716,75,-623.695163888115,75,-1353.86377516046,75,3616.68919544336
155,8,80,340.866279497007,80,-893.874273500672,80,-2173.23997522841,80,3358.12788950335
155,8,85,707.921984006531,85,-1074.083579765,85,-2885.36384524536,85,2951.56680119869
155,8,90,1137.93050896788,90,-1138.23388682861,90,-3466.10277673302,90,2427.5557730789
160,8,0,5324.51699046046,0,-298.50566152833,0,585.136132038722,0,-231.986331612427
160,8,5,5224.18276017973,5,-201.471869721622,5,1237.77013627628,5,-222.421758411874
160,8,10,4986.03765360843,10,-47.2037814538722,10,1851.41460163039,10,-175.042922950689
160,8,15,4620.5854181158,15,149.751835345904,15,2390.87825537498,15,-70.8057164319911
160,8,20,4145.7485121711,20,368.855586887326,20,2824.49506607925,20,102.960827228791
160,8,25,3585.92557864501,25,585.964193517255,25,3126.08969835786,25,350.747377972687
160,8,30,2970.5641397772,30,776.154242833667,30,3276.64932503187,30,668.010075686408
160,8,35,2332.33054256006,35,916.631959096997,35,3265.55785884655,35,1041.36002342712
160,8,40,1705.00502199511,40,989.379071186076,40,3091.27666851748,40,1449.75650998699
160,8,45,1121.26628838769,45,983.230692343282,45,2761.39979171541,45,1866.54457714527
160,8,50,610.550454429417,50,895.163886230901,50,2292.06714511435,50,2262.08519619802
160,8,55,197.168634121724,55,730.680669330791,55,1706.77934958338,55,2606.67079368638
160,8,60,-101.155118524278,60,503.280413148737,60,1034.71443926778,60,2873.40343138666
160,8,65,-274.205995739058,65,233.119219036535,65,308.692336587582,65,3040.73514530928
160,8,70,-319.596702364783,70,-54.963443163972,70,-437.03796823502,70,3094.423305157
160,8,75,-242.478579581048,75,-333.814764151993,75,-1169.00372949432,75,3028.7296675525
160,8,80,-54.7003666703499,80,-576.473419419818,80,-1856.53053229255,80,2846.78046082042
160,8,85,226.482214877137,85,-758.551191597867,85,-2473.43098173594,85,2560.09657554243
160,8,90,580.0086389716,90,-860.264003849644,90,-2999.24792264328,90,2187.38818972295
165,8,0,3802.58014950844,0,733.115507429457,0,576.943799815852,0,-247.572358057747
165,8,5,3710.84119926503,5,802.293621691119,5,1000.53877505731,5,-124.561670525654
165,8,10,3521.85550820786,10,887.079304822028,10,1395.04525384298,10,18.0046290866799
165,8,15,3243.49399804536,15,980.270640869054,15,1737.26635876164,15,187.275317651484
165,8,20,2888.50757628544,20,1071.98129159769,20,2006.46061781529,20,387.375973373598
165,8,25,2473.85904148283,25,1150.76713696035,25,2185.52880363891,25,618.584116668919
165,8,30,2019.77978985754,30,1204.96139157223,30,2262.00032821735,30,876.937488922845
165,8,35,1548.6082852195,35,1224.06376062004,35,2228.74605328675,35,1154.32124856004
165,8,40,1083.48756481016,40,1200.02519079173,40,2084.36232263847,40,1439.02377502078
165,8,45,647.013505792063,45,1128.28519065827,45,1833.19521033662,45,1716.69756138198
165,8,50,259.932034821007,50,1008.45064139555,50,1485.00218732161,50,1971.6179007141
165,8,55,-60.0192913449509,55,844.548552760304,55,1054.27772053618,55,2188.10256612773
165,8,60,-299.041900778151,60,644.834284887253,60,559.296546761552,60,2351.94306091924
165,8,65,-447.915606037667,65,421.185154862016,65,20.9505440993951,65,2451.70257374263
165,8,70,-502.309167362068,70,188.151570138549,70,-538.530038985136,70,2479.75576525794
165,8,75,-462.753025169554,75,-38.230354729883,75,-1096.87407438633,75,2432.9776150724
165,8,80,-334.2935426135,80,-241.741984716004,80,-1632.99161162239,80,2313.02843611176
165,8,85,-125.87325943372,85,-407.273728430734,85,-2128.03730924796,85,2126.22502474939
165,8,90,150.498650927835,90,-521.98630137146,90,-2566.24965978605,90,1883.02901856824
170,8,0,1952.36414642504,0,1363.7238078744,0,545.708665187728,0,-297.832698884698
170,8,5,1878.10186654195,5,1413.00875684962,5,745.453515765672,5,-125.060994510124
170,8,10,1749.17668738009,10,1452.89182914574,10,926.591422909628,10,55.7269079092445
170,8,15,1570.41817487341,15,1480.85538940831,15,1076.48586146731,15,244.827988201085
170,8,20,1349.30485691359,20,1493.71794682944,20,1183.87949826942,20,441.521392602233
170,8,25,1095.59450178553,25,1488.01765326229,25,1239.48558665221,25,643.823936555154
170,8,30,820.826258828425,30,1460.46418874338,30,1236.47441737956,30,848.388862235705
170,8,35,537.723661784127,35,1408.40899584972,35,1170.82471558969,35,1050.56376535864
170,8,40,259.534709324016,40,1330.28160768453,40,1041.51834014384,40,1244.60609217454
170,8,45,-0.650076913280594,45,1225.94347408764,45,850.566990797201,45,1424.037479019
170,8,50,-230.559079667048,50,1096.91965457185,50,602.871044485486,50,1582.10341577623
170,8,55,-419.339611285852,55,946.481827368758,55,305.922160784971,55,1712.29385886316
170,8,60,-558.060496352519,60,779.571644015653,60,-30.6280871870981,60,1808.87456191527
170,8,65,-640.088801317717,65,602.569716288615,65,-395.502517473444,65,1867.37846603885
170,8,70,-661.322019545166,70,422.930663995549,70,-776.398341087446,70,1885.01129111711
170,8,75,-620.267934740151,75,248.717121367782,75,-1160.61249274375,75,1860.93472297506
170,8,80,-517.975509040481,80,88.0742347907088,80,-1535.65204045643,80,1796.40308965872
170,8,85,-357.830503413168,85,-51.3096834099258,85,-1889.79265319494,85,1694.74368668319
170,8,90,-145.238284169961,90,-162.711193821354,90,-2212.5540253415,90,1561.18538253294
175,8,0,-24.3993167154151,0,1486.14063438616,0,494.375631379883,0,-387.661412555729
175,8,5,-76.3284905689908,5,1525.813645575,5,492.574290479426,5,-227.503823819015
175,8,10,-143.895326988212,10,1548.67457453628,10,481.672770292653,10,-64.4176677890996
175,8,15,-225.060469372309,15,1554.35870728942,15,457.359007160353,15,99.6017466533148
175,8,20,-316.844038756904,20,1542.66597264641,20,415.831292021029,20,262.431225353348
175,8,25,-415.453983853582,25,1513.61532642951,25,353.993882370192,25,421.819111445915
175,8,30,-516.453885468726,30,1467.50501945197,30,269.619313089455,30,575.405999681732
175,8,35,-614.961574450074,35,1404.97116265682,35,161.469288814987,35,720.768678441557
175,8,40,-705.868261470829,40,1327.03663470815,40,29.3683493611664,40,855.486643732541
175,8,45,-784.066840352523,45,1235.14285595436,45,-125.772844621476,45,977.227941706046
175,8,50,-844.677686393636,50,1131.15822935441,50,-301.984930515842,50,1083.84878366252
175,8,55,-883.260649198951,55,1017.35899103319,55,-496.315480891777,55,1173.49957878756
175,8,60,-896.003004483756,60,896.38062049652,60,-704.947768033118,60,1244.72892585334
175,8,65,-879.874798650292,65,771.140589143239,65,-923.355340108502,65,1296.57680107276
175,8,70,-832.745166381761,70,644.735815104601,70,-1146.48339160588,70,1328.64869619912
175,8,75,-753.455664078845,75,520.32049384772,75,-1368.94683360999,75,1341.16373658022
175,8,80,-641.849259786772,80,400.971775744736,80,-1585.23456885048,80,1334.9717077854
175,8,85,-498.756168015896,85,289.551909445936,85,-1789.90975118341,85,1311.53625044807
175,8,90,-325.940041286907,90,188.575878873982,90,-1977.79670724121,90,1272.88402151872
180,8,0,-1888.5040404293,0,1062.50179395824,0,431.135065946936,0,-515.939536461753
180,8,5,-1918.89360929767,5,1103.42574736737,5,264.900494532205,5,-421.373097735962
180,8,10,-1934.67923913965,10,1135.95196457236,10,96.649870402793,10,-323.599755304366
180,8,15,-1935.74079178051,15,1159.8329014204,15,-72.3363175991732,15,-223.36362334003
180,8,20,-1922.07018816367,20,1174.88680956237,20,-240.771982546348,20,-121.427559331435
180,8,25,-1893.7714698372,25,1180.99911966753,25,-407.375227324245,25,-18.5673582763599
180,8,30,-1851.06000713479,30,1178.12331336525,30,-570.878100642317,30,84.4341515864748
180,8,35,-1794.26086007749,35,1166.28127727795,35,-730.036246908882,35,186.793066573001
180,8,40,-1723.80630447068,40,1145.56313645068,40,-883.63837652853,40,287.730373534167
180,8,45,-1640.23254202414,45,1116.12656844509,45,-1030.51548454736,45,386.477878616391
180,8,50,-1544.1756195333,50,1078.19560331798,50,-1169.54974748652,50,482.284053680622
180,8,55,-1436.36658817909,55,1032.05891861732,55,-1299.68303065386,55,574.419755885268
180,8,60,-1317.62593978697,60,978.067642371763,60,-1419.92494118785,60,662.183776903496
180,8,65,-1188.85736238879,65,916.632680794371,65,-1529.36036554529,65,744.908179541992
180,8,70,-1051.04086261112,70,848.221591038187,70,-1627.15643406789,70,821.963381146318
180,8,75,-905.225307233153,75,773.355022804004,75,-1712.56885962331,75,892.762945105062
180,8,80,-752.520440677157,80,692.602755881751,80,-1784.94760207965,80,956.768043986547
180,8,85,-594.088439183343,85,606.579363782259,85,-1843.74181550334,85,1013.49156034096
180,8,90,-431.13506594694,90,515.939536461751,90,-1888.5040404293,90,1062.50179395824
185,8,0,3400.71574111576,0,-136.528576112151,0,-369.215970259939,0,674.113531259843
185,8,5,3415.99245927264,5,-187.783294427314,5,-86.1025459718584,5,681.849187189891
185,8,10,3399.2670876362,10,-250.35188743079,10,195.372723780955,10,682.506470339522
185,8,15,3351.05989396486,15,-322.896360688519,15,471.219284105437,15,673.458153784559
185,8,20,3272.34865753793,20,-403.52494026006,20,737.51902031515,20,652.370145719525
185,8,25,3164.57353564888,25,-489.856775658439,25,990.474623549049,25,617.307099118138
185,8,30,3029.6395794972,30,-579.106115870528,30,1226.46447073351,30,566.824458887834
185,8,35,2869.91405837932,35,-668.183588995281,35,1442.10457715059,35,500.043332362162
185,8,40,2688.21547221402,40,-753.811513149914,40,1634.31724288514,40,416.704826550133
185,8,45,2487.79112388093,45,-832.649408327881,45,1800.40499847461,45,317.200923211701
185,8,50,2272.28040624131,50,-901.425120022156,50,1938.127431449,50,202.579611407753
185,8,55,2045.66153859379,55,-957.066284437377,55,2045.77752231059,55,74.5228959424246
185,8,60,1812.18034819932,60,-996.826356278123,60,2122.25331705048,60,-64.7025527952453
185,8,65,1576.26079679307,65,-1018.39918071943,65,2167.12019238872,65,-212.32098534824
185,8,70,1342.39823950435,70,-1020.01620737042,70,2180.65869960389,70,-365.146783690632
185,8,75,1115.0377932569,75,-1000.52097672297,75,2163.89305727913,75,-519.703169078004
185,8,80,898.441585752234,80,-959.416482357324,80,2118.59583412417,80,-672.354874977738
185,8,85,696.549946703078,85,-896.882403156898,85,2047.26522377193,85,-819.44809829202
185,8,90,512.842680720768,90,-813.760938385575,90,1953.07253634034,90,-957.450274708883
190,8,0,4362.64511620746,0,1170.29396431319,0,-324.652128062563,0,846.270344180943
190,8,5,4373.27217156218,5,1103.6683278393,5,23.045102615239,5,972.806045044162
190,8,10,4349.4392877092,10,1001.44496274276,10,369.234849823355,10,1086.99702150997
190,8,15,4290.95181801649,15,866.222268492413,15,709.890691639506,15,1182.34350164901
190,8,20,4197.76401690926,20,701.792464877232,20,1040.75657338771,20,1252.88898740703
190,8,25,4070.0958486799,25,513.062036277592,25,1357.30340636065,25,1293.42844399757
190,8,30,3908.57440856965,30,305.940904850777,30,1654.7254599888,30,1299.71521717049
190,8,35,3714.38864853125,35,87.1925517798907,35,1927.98362215071,35,1268.66121278344
190,8,40,3489.44415388089,40,-135.761531612813,40,2171.89978302597,40,1198.52035172651
190,8,45,3236.50324854146,45,-355.086438177685,45,2381.30319854906,45,1089.04134895446
190,8,50,2959.29494401821,50,-562.825825627477,50,2551.22574281468,50,941.573267740573
190,8,55,2662.57945962982,55,-751.233383208451,55,2677.13860239184,55,759.106724408049
190,8,60,2352.15348136251,60,-913.129242776484,60,2755.21846750325,60,546.235467853201
190,8,65,2034.78516055769,65,-1042.26067924267,65,2782.62702990526,65,309.027418655761
190,8,70,1718.07209672358,70,-1133.64178882789,70,2757.78408804265,70,54.8008693055804
190,8,75,1410.22102123289,75,-1183.84444386612,75,2680.61229036819,75,-208.190160228638
190,8,80,1119.75421674425,80,-1191.2132808953,80,2552.73095682217,80,-471.148297897787
190,8,85,855.154314803893,85,-1155.98105032849,85,2377.57779624583,85,-725.180893534259
190,8,90,624.465351120809,90,-1080.26724024351,90,2160.44075898606,90,-961.774130506887
195,8,0,4651.20734807294,0,2677.81690315486,0,-312.294598792642,0,1010.87001849023
195,8,5,4669.16517392747,5,2596.16045366447,5,48.9658003681131,5,1252.43477114412
195,8,10,4664.6794123009,10,2457.74427753372,10,412.327221075146,10,1477.27123582635
195,8,15,4635.76612560747,15,2265.56321396387,15,775.870691312922,15,1676.03613087957
195,8,20,4579.81208512965,20,2023.96293723546,20,1136.90065148278,20,1839.79687953183
195,8,25,4493.83982559611,25,1738.73564529617,25,1491.73175553569,25,1960.21980059092
195,8,30,4374.83592262742,30,1417.2144110837,30,1835.55036610971,30,2029.84377951057
195,8,35,4220.12946913938,35,1068.31799822992,35,2162.36677169792,35,2042.44076321035
195,8,40,4027.80337175219,40,702.497790233261,40,2465.07288252505,40,1993.44391393063
195,8,45,3797.11516335959,45,331.546521877838,45,2735.61732910971,45,1880.40498813249
195,8,50,3528.89737948754,50,-31.7561366009677,50,2965.30451358415,50,1703.42743563029
195,8,55,3225.90164401232,55,-374.165281293094,55,3145.21569960846,55,1465.51322217557
195,8,60,2893.04724839121,60,-682.64024666534,60,3266.73884913188,60,1172.76099470622
195,8,65,2537.53586306637,65,-945.118845856917,65,3322.18065867128,65,834.361470549546
195,8,70,2168.80017797008,70,-1151.33313608188,70,3305.4209115484,70,462.352355660569
195,8,75,1798.2658748956,75,-1293.58928106222,75,3212.55808304096,75,71.1182214756321
195,8,80,1438.92245222057,80,-1367.42818295969,80,3042.48831844677,80,-323.351733864329
195,8,85,1104.71716465291,85,-1372.08730379662,85,2797.35912751169,85,-704.406262108545
195,8,90,809.805221611196,90,-1310.69775676403,90,2482.84516322636,90,-1055.80642026889
200,8,0,4238.43397951428,0,4177.13505998673,0,-341.348383350312,0,1143.89561635438
200,8,5,4274.63419504417,5,4086.12374604222,5,-11.0616685025612,5,1480.12011811962
200,8,10,4311.72461681897,10,3927.27068158063,10,327.606149035306,10,1798.09831848831
200,8,15,4345.4210813619,15,3702.32267054432,15,676.246802592758,15,2087.81650817233
200,8,20,4369.87702466993,20,3413.67061870237,20,1035.05500419758,20,2338.907031061
200,8,25,4378.03437590387,25,3064.89472301998,25,1402.43201892766,25,2540.61784283199
200,8,30,4362.06053931303,30,2661.40245996631,30,1774.67336556212,30,2682.05829426112
200,8,35,4313.88019311571,35,2211.03195923497,35,2145.76140718639,35,2752.74119551754
200,8,40,4225.8056498488,40,1724.48942991899,40,2507.29248081935,40,2743.39002235851
200,8,45,4091.25497522639,45,1215.50444751635,45,2848.57517897205,45,2646.93210524855
200,8,50,3905.52471998009,50,700.618999527458,50,3156.93691643442,50,2459.56039512413
200,8,55,3666.55863655627,55,198.571136216266,55,3418.26633142177,55,2181.72266803831
200,8,60,3375.6317066732,60,-270.713476368885,60,3617.79800747591,60,1818.8904854453
200,8,65,3037.85692894262,65,-687.454863258217,65,3741.11526385561,65,1381.97170384808
200,8,70,2662.42549054723,70,-1033.560453584,70,3775.31126434079,70,887.259186295388
200,8,75,2262.51067815597,75,-1294.22029844925,75,3710.21538304074,75,355.852640912417
200,8,80,1854.7998019561,80,-1459.37861279469,80,3539.5678406216,80,-187.453258632069
200,8,85,1458.6609451959,85,-1524.90242674518,85,3262.01667439788,85,-715.75835933368
200,8,90,1094.99526795076,90,-1493.28827803431,90,2881.81975505876,90,-1202.00535846764
205,8,0,3192.55095591633,0,5464.68520905905,0,-412.089996364051,0,1222.81895485386
205,8,5,3254.80406559185,5,5373.98723485864,5,-147.354125525644,5,1622.88190779009
205,8,10,3347.29027181949,10,5219.01767645167,10,133.638061681534,10,2007.39359410954
205,8,15,3463.61212203003,15,4998.30587937396,15,436.620895348813,15,2368.38822403938
205,8,20,3595.11486328136,20,4709.3159118952,20,765.384171651283,20,2696.05427024122
205,8,25,3731.16357835587,25,4349.71233501519,25,1121.24281480012,25,2978.26797365419
205,8,30,3859.4772345891,30,3918.8780173219,30,1502.55918703512,30,3200.70214039113
205,8,35,3966.58955627373,35,3419.44539623064,35,1904.32863120099,35,3347.55762656749
205,8,40,4038.50873875328,40,2858.59303109618,40,2317.8697571546,40,3402.86848582819
205,8,45,4061.62164197326,45,2248.88208612808,45,2730.69372731671,45,3352.24442780518
205,8,50,4023.83499797153,50,1608.45851839548,50,3126.64870497215,50,3184.84701747085
205,8,55,3915.87747517946,55,960.51983664302,55,3486.43450382578,55,2895.35451469075
205,8,60,3732.62034309521,60,332.032828167221,60,3788.55134358022,60,2485.65543788744
205,8,65,3474.23059269345,65,-248.217522025997,65,4010.68725756218,65,1966.02183130661
205,8,70,3146.96296726212,70,-752.076615748504,70,4131.47218333666,70,1355.54922240753
205,8,75,2763.4303748944,75,-1154.71698370431,75,4132.45044616945,75,681.711829963151
205,8,80,2342.25817615845,80,-1437.27994843693,80,4000.06546444891,80,-21.0314889425188
205,8,85,1907.11140193284,85,-1589.13949970192,85,3727.42470468051,85,-713.53680543483
205,8,90,1485.16728874611,90,-1609.48740896358,90,3315.62477094401,90,-1355.0172562998
210,8,0,1661.2340613091,0,6373.54729849237,0,-514.978070826766,0,1230.55234390286
210,8,5,1752.97785669665,5,6294.70297523108,5,-339.105025837482,5,1659.93730518964
210,8,10,1903.99770509497,10,6171.01555598121,10,-138.653609117643,10,2081.15569236882
210,8,15,2106.63156153244,15,5996.03586913767,15,96.2624484742331,15,2490.91399307073
210,8,20,2350.87668894697,20,5759.69678709595,20,373.190403734874,20,2881.92841963667
210,8,25,2624.37160183091,25,5450.46876646175,25,696.765545505271,25,3241.84498712746
210,8,30,2912.31661198586,30,5057.96576807985,30,1068.1242220779,30,3553.12024016615
210,8,35,3197.51104380063,35,4575.64718590125,35,1484.27583239451,35,3793.93653937208
210,8,40,3460.71294052299,40,4003.24539854121,40,1937.47015571721,40,3940.07315452135
210,8,45,3681.49116603106,45,3348.57322441356,45,2414.675580525,45,3967.52500849411
210,8,50,3839.6370350611,50,2628.42600272169,50,2897.35163535548,50,3855.57032834058
210,8,55,3917.05488347756,55,1868.38405133265,55,3361.72539685496,55,3589.93798750556
210,8,60,3899.90108127031,60,1101.43820094974,60,3779.74484689198,60,3165.7059916759
210,8,65,3780.63722589022,65,365.498029742543,65,4120.78199889943,65,2589.56476802267
210,8,70,3559.63977267142,70,-300.011184557541,70,4354.01634779839,70,1881.10179695525
210,8,75,3246.07096672079,75,-858.118164908484,75,4451.28232572287,75,1072.81822461402
210,8,80,2857.84115080522,80,-1278.38927460874,80,4390.05209490621,80,208.688953223384
210,8,85,2420.63997710164,85,-1540.61907567415,85,4156.1742273714,85,-658.766362978034
210,8,90,1966.14493837646,90,-1637.63694237968,90,3746.00741918013,90,-1472.73293867866
215,8,0,-157.880651167461,0,6796.16657557929,0,-632.431163814875,0,1158.53393214903
215,8,5,-38.1571180029327,5,6740.31345301814,5,-558.129176011032,5,1584.61816281257
215,8,10,163.702438428748,10,6672.78151873022,10,-451.561680843231,10,2014.15460220965
215,8,15,440.102773911521,15,6581.04285386918,15,-299.047375801827,15,2450.56291954428
215,8,20,781.874282630419,20,6445.97300714369,20,-89.4779778293083,20,2890.69441581781
215,8,25,1177.74217702817,25,6244.88663412469,25,185.165536819546,25,3323.03976483397
215,8,30,1613.5008988922,30,5955.20947518116,30,529.207655562858,30,3727.32609606886
215,8,35,2071.2159314233,35,5558.35878510845,35,942.482295725012,35,4075.59231390784
215,8,40,2528.86494133047,40,5043.38318950772,40,1419.34277829281,40,4334.61653378673
215,8,45,2960.80144735319,45,4409.92127368288,45,1947.62083056483,45,4469.40396694656
215,8,50,3339.2539304567,50,3670.0751363932,50,2507.82344450203,50,4447.34929312221
215,8,55,3636.79732312621,55,2848.86908374369,55,3072.93915665831,55,4242.65325920312
215,8,60,3829.44201134346,60,1983.08767985904,60,3609.19553663215,60,3840.56362454752
215,8,65,3899.78487634748,65,1118.46768500679,65,4077.95731150704,65,3240.99254917811
215,8,70,3839.63051199405,70,305.442458824242,70,4438.71809074563,70,2461.03237730198
215,8,75,3651.62175895945,75,-406.129568978623,75,4652.89005864393,75,1535.88409104028
215,8,80,3349.65199722198,80,-972.627456237874,80,4687.90915816786,80,517.783330787713
215,8,85,2958.07143945736,85,-1361.9897459186,85,4521.09401128365,85,-527.29891756761
215,8,90,2509.86914373459,90,-1557.9740902586,90,4142.73054727216,90,-1525.09044399304
220,8,0,-2052.07496153192,0,6695.02730109525,0,-742.644600086391,0,1008.27558830391
220,8,5,-1910.7777938681,5,6670.90583565566,5,-773.913725286204,5,1403.69236208794
220,8,10,-1674.89756108348,10,6677.50049459988,10,-766.775941964945,10,1817.17747454903
220,8,15,-1350.41258579629,15,6696.0087734418,15,-704.225213298349,15,2260.1032083069
220,8,20,-943.243585275795,20,6698.17423738081,20,-571.945856924157,20,2734.56271473325
220,8,25,-460.427054077878,25,6649.99647716295,25,-358.698380415214,25,3230.85054754433
220,8,30,88.064468223633,30,6516.18035632072,30,-56.8380814848061,30,3726.75276235567
220,8,35,687.317676176938,35,6264.91882205141,35,336.817030211791,35,4188.73327542367
220,8,40,1315.96675590036,40,5872.58808607484,40,819.674872939539,40,4574.82320134071
220,8,45,1945.87631824725,45,5327.89382037864,45,1381.74890051844,45,4838.8285786497
220,8,50,2543.47636301564,50,4634.95406541893,50,2004.1233004271,50,4935.40457106684
220,8,55,3072.74033064254,55,3814.78963400101,55,2658.07651205,55,4825.56826147056
220,8,60,3499.28159384854,60,2904.78142210884,60,3305.4326037259,60,4482.25070026526
220,8,65,3794.6971312274,65,1955.88388538612,65,3900.4970111624,65,3895.43908617432
220,8,70,3940.25462801861,70,1027.73183450601,70,4393.57393539505,70,3076.3179902983
220,8,75,3929.29015791685,75,182.161437081144,75,4735.68326423413,75,2059.66345763991
220,8,80,3768.10273583174,80,-524.018981730606,80,4883.81968637306,80,903.710321048219
220,8,85,3475.49613809231,85,-1046.00974399524,85,4805.99230368534,85,-313.084990419983
220,8,90,3081.29080970495,90,-1356.77713986575,90,4485.3424583115,90,-1498.50290845335
225,8,0,-3826.34351126967,0,6100.60243482249,0,-824.296006762919,0,791.024717514635
225,8,5,-3674.02405850205,5,6113.04332663775,5,-958.644380633429,5,1134.74382995145
225,8,10,-3427.02218464789,10,6202.32049619324,10,-1050.63271750932,10,1512.46149380408
225,8,15,-3088.21490189977,15,6344.05846722022,15,-1080.35662696073,15,1943.99730108357
225,8,20,-2658.14636807194,20,6502.19880598293,20,-1030.66793383372,20,2437.34420069304
225,8,25,-2136.80763768424,25,6633.04578811668,25,-887.401385085746,25,2985.46801784367
225,8,30,-1526.51055073242,30,6689.99182396882,30,-639.704814244718,30,3565.28506773535
225,8,35,-835.328197140276,35,6628.66999255494,35,-280.841449501901,35,4138.8860273301
225,8,40,-80.1363092383762,40,6412.31010156024,40,190.28497611292,40,4656.72654245349
225,8,45,711.879450170424,45,6016.95113423091,45,766.949938509465,45,5062.29691802683
225,8,50,1504.08625747143,50,5435.91664735934,50,1432.25450653969,50,5297.77899774501
225,8,55,2253.74474901227,55,4682.73586513034,55,2157.39974359226,55,5310.33698694697
225,8,60,2917.08389197112,60,3791.67880667022,60,2901.43783766282,60,5058.79887784381
225,8,65,3454.80701063751,65,2815.3746311767,65,3613.06710523323,65,4520.39545805161
225,8,70,3836.72902100419,70,1819.54069497732,70,4234.53106323122,70,3696.89780620136
225,8,75,4044.76459114658,75,875.470827252403,75,4707.15335919071,75,2619.08175595436
225,8,80,4074.19804384806,80,51.3991728603588,80,4977.6772472535,80,1348.21400456136
225,8,85,3933.68211661119,85,-595.954591667537,85,5004.4591865856,85,-26.5705670945199
225,8,90,3644.51960343995,90,-1028.44635221689,90,4762.65429874687,90,-1395.48397231603
230,8,0,-5328.30457752993,0,5098.50851294014,0,-860.89343515934,0,525.590931394948
230,8,5,-5178.12706894504,5,5147.50907616226,5,-1091.18913259363,5,802.477804963246
230,8,10,-4945.21728088571,10,5317.95262974569,10,-1277.65252708692,10,1128.89499007958
230,8,15,-4628.1827892088,15,5581.288970246,15,-1397.83529623148,15,1533.08868146343
230,8,20,-4220.76618510572,20,5896.00546572595,20,-1432.12286653615,20,2029.30224813786
230,8,25,-3713.99024092322,25,6211.66338282623,25,-1363.81539065597,25,2613.96744941888
230,8,30,-3099.89269418331,30,6473.32077092993,30,-1179.17534794747,30,3264.37472174519
230,8,35,-2376.42185958268,35,6626.36279864117,35,-867.996101015375,35,3939.85639428514
230,8,40,-1552.27263756549,40,6621.92732878167,40,-425.177155361915,40,4585.09349639446
230,8,45,-649.980093734057,45,6422.89630718753,45,146.619437108031,45,5134.9384369925
230,8,50,294.117130320609,50,6009.85393953921,50,833.771105404564,50,5520.24568603359
230,8,55,1233.36771434941,55,5385.80506224592,55,1609.00647512114,55,5674.5228974057
230,8,60,2116.74693007481,60,4578.22847230596,60,2430.39563232898,60,5541.45874477427
230,8,65,2895.37694538454,65,3637.45139780717,65,3242.82295077011,65,5083.24684143777
230,8,70,3527.8439690274,70,2631.23743906644,70,3982.07149759255,70,4289.03455236541
230,8,75,3983.43936715663,75,1636.45822344728,75,4580.97393803435,75,3182.03597306036
230,8,80,4243.5793258843,80,729.353965423205,80,4976.65906828175,80,1823.31429568792
230,8,85,4302.33641482251,85,-23.9797788435251,85,5117.80601355712,85,310.352631530448
230,8,90,4166.95438946864,90,-575.507048015096,90,4970.91728323798,90,-1230.59460931656
235,8,0,-6462.0988658114,0,3809.65915238813,0,-843.743797057583,0,234.811314535891
235,8,5,-6327.65073501905,5,3890.18542872917,5,-1159.48561330042,5,434.713167053205
235,8,10,-6132.53319093689,10,4131.06882269046,10,-1432.31492321479,10,697.903526907645
235,8,15,-5870.4110911083,15,4501.39697683146,15,-1637.5937296592,15,1060.77411663176
235,8,20,-5527.70418876759,20,4957.03319196724,20,-1753.65384010392,20,1543.98090418132
235,8,25,-5085.68168520117,25,5444.42526729487,25,-1761.76481685007,25,2148.09903895804
235,8,30,-4524.63270977926,30,5904.23608942572,30,-1645.8057401161,30,2852.01394094597
235,8,35,-3830.01946905001,35,6275.14040921677,35,-1392.41340985451,35,3614.02145170028
235,8,40,-2999.23226946958,40,6498.60291834736,40,-992.416636793587,40,4375.09281882838
235,8,45,-2046.6190099249,45,6525.19273249217,45,-443.856168536485,45,5063.54409515026
235,8,50,-1004.65104384474,50,6321.96934919368,50,243.980506290561,50,5600.61019351296
235,8,55,79.4512665804254,55,5879.26056685207,55,1046.83720246432,55,5907.00373329248
235,8,60,1150.33816318647,60,5214.58482257481,60,1923.60126897393,60,5910.96578677366
235,8,65,2151.82814252095,65,4372.03980421431,65,2817.29151404235,65,5558.11091475423
235,8,70,3032.53032020934,70,3416.91848449606,70,3659.10241946875,70,4822.42503461787
235,8,75,3748.90467947756,75,2426.7985090378,75,4374.89677121814,75,3716.49726727189
235,8,80,4266.5423631364,80,1481.13980687464,80,4893.10816002269,80,2298.15760478791
235,8,85,4561.26931578158,85,651.351788653821,85,5152.92319700924,85,670.734946861446
235,8,90,4621.31183825659,90,-7.292180773556,90,5111.67670029398,90,-1024.7086959087
240,8,0,-7190.94753446418,0,2368.03098856826,0,-772.959216818073,0,-58.51792362584
240,8,5,-7083.84370775736,5,2470.6740697103,5,-1161.16753411168,5,58.6241683685993
240,8,10,-6945.46065692442,10,2764.03649236433,10,-1509.35097788729,10,250.215733553182
240,8,15,-6764.42722243455,15,3216.80778940835,15,-1791.13811770628,15,560.413418593928
240,8,20,-6520.18269618059,20,3785.05817735493,20,-1983.34403770623,20,1016.28877103214
240,8,25,-6184.53033570744,25,4415.80181433684,25,-2065.84591529017,25,1623.01027153128
240,8,30,-5725.69441654693,30,5049.5649603844,30,-2020.7806168901,30,2362.03394258315
240,8,35,-5115.37523177551,35,5622.55980511429,35,-1832.08727799658,35,3192.15939577881
240,8,40,-4337.39876201921,40,6070.06729608666,40,-1486.61723643332,40,4052.66308878308
240,8,45,-3394.93557183787,45,6332.4685217977,45,-977.413580784814,45,4867.53965213835
240,8,50,-2313.21703927822,50,6363.81317296515,50,-308.571448447291,50,5550.39581751964
240,8,55,-1136.56812634286,55,6140.7474623855,55,499.963318678876,55,6010.47369594563
240,8,60,78.6589975882004,60,5668.51280230269,60,1409.55753441225,60,6160.91795051027
240,8,65,1271.87050878166,65,4981.48522420376,65,2363.27009920524,65,5930.07058361418
240,8,70,2383.74476318989,70,4137.90968794288,70,3289.63617466579,70,5275.17569815607
240,8,75,3358.66172270716,75,3210.64748982472,75,4109.19712653192,75,4196.0294210981
240,8,80,4145.55125816953,80,2276.66104207127,80,4742.76793790204,80,2744.80919632272
240,8,85,4699.57658020369,85,1407.47710134495,85,5120.39722711163,85,1028.32579732307
240,8,90,4986.25527266252,90,661.785694640659,90,5189.93306145313,90,-799.606765092429
245,8,0,-7530.27713887413,0,900.405913698128,0,-656.482822732726,0,-335.272211685526
245,8,5,-7458.20807779026,5,1012.85927856624,5,-1102.5621294518,5,-302.3476295573
245,8,10,-7388.61714184754,10,1336.20161082549,10,-1512.83294376081,10,-186.651313482408
245,8,15,-7305.5677572745,15,1840.64118263933,15,-1859.80659715133,15,63.2794829067584
245,8,20,-7182.49927979547,20,2484.9841009096,20,-2119.47150362218,20,480.716742117936
245,8,25,-6982.81254449147,25,3220.10852175756,25,-2271.06166534431,25,1075.5186736876
245,8,30,-6663.30361889888,30,3990.45877001128,30,-2295.68490397614,30,1832.27405838427
245,8,35,-6181.71049127596,35,4734.22832518898,35,-2175.10718985535,35,2711.45903949751
245,8,40,-5507.08861249985,40,5384.67638746279,40,-1892.39496442135,40,3652.42896612649
245,8,45,-4629.30922949091,45,5875.17710500561,45,-1435.37784551578,45,4576.98864935709
245,8,50,-3563.57043014865,50,6148.5262730125,50,-802.326670549151,50,5393.19408115318
245,8,55,-2348.11177409184,55,6167.89642214933,55,-7.84989737709374,55,6000.43208878316
245,8,60,-1036.96921759011,60,5924.94907505599,60,913.290987183645,60,6297.66105930902
245,8,65,307.98641804831,65,5441.54707985085,65,1905.87602605741,65,6196.11997970185
245,8,70,1622.0675714594,70,4764.63585584613,70,2897.57144580463,70,5635.8284408518
245,8,75,2839.17980005337,75,3956.88430845496,75,3805.21834552512,75,4602.74821656592
245,8,80,3891.98573734635,80,3086.6577283851,80,4543.18356685271,80,3141.85386379725
245,8,85,4714.13056674021,85,2219.77591150903,85,5032.94078478926,85,1361.43571889358
245,8,90,5246.45204242005,90,1413.72971502898,90,5212.83292908099,90,-574.241930562369
250,8,0,-7534.64145830488,0,-488.665581468256,0,-507.658416257038,0,-582.391559731258
250,8,5,-7500.41964435524,5,-379.60760440823,5,-996.45056734788,5,-630.586084911456
250,8,10,-7504.07075514865,10,-50.3310677543102,10,-1454.28780947112,10,-590.302077198209
250,8,15,-7526.0132806385,15,472.618895161346,15,-1853.3071476401,15,-403.391539120309
250,8,20,-7534.99938316068,20,1152.90090923662,20,-2169.45279187985,20,-30.9077924674557
250,8,25,-7487.48936409424,25,1947.98382490574,25,-2382.08756300939,25,541.365468666278
250,8,30,-7330.14401006795,30,2809.74589747796,30,-2471.98610881453,30,1301.24443572715
250,8,35,-7007.50551719661,35,3682.54794933509,35,-2419.27713498288,35,2211.63505374346
250,8,40,-6473.79807930273,40,4501.99025926434,40,-2203.53303012819,40,3213.42955398152
250,8,45,-5704.56682923535,45,5198.28930849989,45,-1807.3556218177,45,4228.18072058558
250,8,50,-4703.04783915094,50,5705.72519345679,50,-1222.8449565211,50,5160.41770213388
250,8,55,-3498.78746790577,55,5975.28402989064,55,-458.584558846054,55,5901.43514114522
250,8,60,-2140.51924218111,60,5984.74826136282,60,455.56261327703,60,6337.36035063786
250,8,65,-688.344670132136,65,5741.51998743963,65,1467.42446643688,65,6363.29947351188
250,8,70,790.484978679722,70,5277.65526621583,70,2505.30664024255,70,5902.65644232733
250,8,75,2221.69897978937,75,4640.62019902241,75,3483.83970226354,75,4927.6865579065
250,8,80,3523.30182235645,80,3884.31798634737,80,4312.19064446809,80,3475.56288164332
250,8,85,4608.22980202022,85,3062.99146589645,85,4904.10458701792,85,1654.53268878199
250,8,90,5392.56804093673,90,2227.95221132729,90,5188.81280190847,90,-363.091840696856
255,8,0,-7282.03947532634,0,-1725.06209699735,0,-342.20504666726,0,-793.676744097129
255,8,5,-7283.84229431205,5,-1631.49086140187,5,-859.192637628154,5,-915.213774636271
255,8,10,-7358.2091101841,10,-1319.05005624317,10,-1350.12694147836,10,-944.692928026847
255,8,15,-7483.08778939577,15,-809.605461113564,15,-1787.51573048211,15,-818.171594467092
255,8,20,-7623.90305020571,20,-132.926749662336,20,-2147.99021999657,20,-491.919221172981
255,8,25,-7731.71909602113,25,677.199570467802,25,-2411.70345044629,25,51.9025643560858
255,8,30,-7744.74341554454,30,1582.90501987118,30,-2559.68813418655,30,804.036058854348
255,8,35,-7595.90487337151,35,2538.28648267573,35,-2570.96664546504,35,1730.20627434344
255,8,40,-7225.665921066,40,3485.35950548644,40,-2422.05682392566,40,2773.97226731622
255,8,45,-6595.40213876987,45,4355.20804207496,45,-2090.60325445229,45,3858.29252514245
255,8,50,-5695.46880567978,50,5076.9163430083,50,-1562.55086655312,50,4886.01488585215
255,8,55,-4544.87686109725,55,5591.37325122297,55,-840.163953596047,55,5742.13131537146
255,8,60,-3184.63275936614,60,5863.04242045123,60,52.2097480770967,60,6301.6355972863
255,8,65,-1670.38366994938,65,5883.78796690022,65,1066.36165017947,65,6445.17318447174
255,8,70,-69.181749608694,70,5668.09740630575,70,2132.39589299874,70,6081.12031894733
255,8,75,1539.28895377466,75,5244.16406578864,75,3164.04239199806,75,5169.20730655847
255,8,80,3061.04528262267,80,4646.41242303647,80,4066.5951847304,80,3739.08577248396
255,8,85,4390.69276798392,85,3912.1988957045,85,4747.24867891718,85,1897.93990910059
255,8,90,5421.332911644,90,3081.7830517283,90,5126.98133985222,90,-176.235334036788
260,8,0,-6858.80921841348,0,-2766.5235355121,0,-175.469707467473,0,-969.145154112004
260,8,5,-6891.38807848242,5,-2697.89948388098,5,-707.889542197526,5,-1151.86107668963
260,8,10,-7028.59035687751,10,-2421.56255782226,10,-1218.81750074589,10,-1240.53126770188
260,8,15,-7247.07838700862,15,-1953.63368581474,15,-1681.71003528239,15,-1166.63218550566
260,8,20,-7510.15110197407,20,-1315.93772920481,20,-2074.39139128375,20,-882.870389718251
260,8,25,-7764.92332350088,25,-531.862099723959,25,-2378.22593888337,25,-368.798428214048
260,8,30,-7943.0442608218,30,373.054027019807,30,-2574.93279852818,30,368.715123011959
260,8,35,-7968.05983647253,35,1365.34104722347,35,-2642.96613718022,35,1298.34329860452
260,8,40,-7768.73672022597,40,2396.78243347741,40,-2556.4364902536,40,2367.10530773712
260,8,45,-7293.54589660153,45,3403.03361566053,45,-2288.65894548731,45,3500.63933783019
260,8,50,-6520.04513066744,50,4311.43700165933,50,-1819.85741144384,50,4601.64880955575
260,8,55,-5455.69184979629,55,5055.33115533236,55,-1146.10275190125,55,5550.53837355153
260,8,60,-4132.03020999141,60,5587.05459240864,60,-286.023306435012,60,6213.13399601852
260,8,65,-2598.12953773449,65,5882.64731697434,65,716.647955497003,65,6457.89529100267
260,8,70,-918.381225336233,70,5937.38037943884,70,1794.62886572027,70,6180.57253557014
260,8,75,825.050562401539,75,5757.39059804076,75,2861.87717145165,75,5330.39616234152
260,8,80,2529.63303355558,80,5353.97317104977,80,3821.2096576867,80,3930.48320474038
260,8,85,4075.32011341455,85,4743.41894245947,85,4574.75780095527,85,2086.393276549
260,8,90,5335.62040401721,90,3950.67243937412,90,5036.53314712681,90,-20.4067071761536
265,8,0,-6347.33689462011,0,-3598.73122204436,0,-20.5548954119944,0,-1113.46443128586
265,8,5,-6403.67215226019,5,-3561.16864169844,5,-558.139215491934,5,-1341.5554640015
265,8,10,-6592.53878878664,10,-3335.33473788651,10,-1078.27836286006,10,-1474.80006733452
265,8,15,-6890.27722400765,15,-2930.92775739694,15,-1555.64674051907,15,-1441.59252652549
265,8,20,-7258.9932804845,20,-2360.77484548587,20,-1969.41429537754,20,-1192.49604661657
265,8,25,-7643.14948530521,25,-1636.66596334364,25,-2302.26500993055,25,-705.547675346657
265,8,30,-7969.85316994758,30,-770.495100575783,30,-2536.85379808131,30,14.1869606813972
265,8,35,-8155.96165076274,35,218.372552313591,35,-2651.62375412385,35,938.292347427559
265,8,40,-8121.36444768009,40,1293.81032603127,40,-2619.14593905184,40,2017.67464221855
265,8,45,-7803.78081108961,45,2399.0275427576,45,-2409.39719650994,45,3181.42839758258
265,8,50,-7168.92322184305,50,3462.81403196874,50,-1997.73625822224,50,4333.22380415694
265,8,55,-6212.46558806147,55,4413.62821206263,55,-1374.58445236693,55,5350.4488123841
265,8,60,-4955.48569217804,60,5193.25963122064,60,-553.040401034019,60,6091.94924674484
265,8,65,-3439.03003814556,65,5762.27456836755,65,427.78828352003,65,6416.78629255006
265,8,70,-1722.88416058764,70,6096.08786174914,70,1503.75300885269,70,6211.12122898032
265,8,75,111.084769833279,75,6177.43341619775,75,2590.00850469624,75,5416.31661948482
265,8,80,1955.59660960923,80,5992.52509862784,80,3588.32355777658,80,4050.44546406442
265,8,85,3680.52828547513,85,5534.00315776822,85,4397.47076733512,85,2217.26151402925
265,8,90,5144.47437603431,90,4808.35344609361,90,4926.09255027425,90,99.7243495584026
270,8,0,-5817.6679075442,0,-4228.17126475439,0,112.483693504523,0,-1234.07038631356
270,8,5,-5890.50506657074,5,-4224.51628118232,5,-422.674760314255,5,-1489.13165333406
270,8,10,-6118.5196300708,10,-4058.2194631832,10,-943.891984621035,10,-1649.561617706
270,8,15,-6478.3217977521,15,-3732.22602098906,15,-1426.9742045925,15,-1642.34356158716
270,8,20,-6931.46249407388,20,-3249.65341828215,20,-1852.2186759511,20,-1417.32775876815
270,8,25,-7420.91956891458,25,-2609.99114049315,25,-2203.44186662742,25,-952.006051752653
270,8,30,-7871.33826084297,30,-1810.9724420312,30,-2464.32413137989,30,-250.124430329382
270,8,35,-8195.83669764571,35,-857.28508635098,35,-2613.85286142157,35,662.667081794009
270,8,40,-8308.67929828726,40,228.175261745845,40,-2624.07849356095,40,1741.1871798195
270,8,45,-8139.56475379158,45,1398.19193122324,45,-2462.9084089203,45,2918.1907086533
270,8,50,-7643.9795820638,50,2585.63851189782,50,-2102.05126235143,50,4098.94034592215
270,8,55,-6806.28585945255,55,3716.61436375372,55,-1527.21036404934,55,5159.20532954923
270,8,60,-5636.80110503111,60,4724.09650315938,60,-746.513835555069,60,5953.2276569467
270,8,65,-4167.80823221553,65,5553.98743037739,65,205.387079543499,65,6333.87536945196
270,8,70,-2453.18198034286,70,6162.07906637706,70,1267.75437368385,70,6181.21640700963
270,8,75,-572.157583404291,75,6507.73746016606,75,2357.76495110478,75,5431.76570429938
270,8,80,1366.96332469389,80,6551.9342245638,80,3377.539057654,80,4100.36117350851
270,8,85,3228.95328194638,85,6262.95674404844,85,4224.27581361787,85,2289.05962251134
270,8,90,4863.0258936768,90,5627.26992740256,90,4803.01694100353,90,180.587843845036
275,8,0,-5323.03228550569,0,-4673.97232031986,0,216.518598381684,0,-1339.42613817046
275,8,5,-5405.9129913841,5,-4704.3970362315,5,-310.89069173928,5,-1601.55591220814
275,8,10,-5660.6380297418,10,-4601.45685367987,10,-827.333572621384,10,-1770.3475840347
275,8,15,-6064.2963411834,15,-4361.2884834315,15,-1309.3847515768,15,-1773.08211590249
275,8,20,-6578.27921470608,20,-3976.99113263075,20,-1737.99256729196,20,-1560.16541837844
275,8,25,-7145.15458124837,25,-3435.6570604013,25,-2097.7268677132,25,-1109.246839661
275,8,30,-7689.17302952964,30,-2721.20769039532,30,-2373.25805906442,30,-423.055379703877
275,8,35,-8122.68148326724,35,-1824.17444694927,35,-2544.60418191216,35,475.288809031279
275,8,40,-8357.65978073103,40,-754.256543739134,40,-2584.31741915354,40,1544.14286595053
275,8,45,-8318.76712489242,45,451.887025902584,45,-2459.61877846073,45,2719.57246440245
275,8,50,-7953.33770525838,50,1733.13420089639,50,-2140.02199362703,50,3908.61254637793
275,8,55,-7235.49576953682,55,3015.41000869626,55,-1607.77028039179,55,4986.66405831744
275,8,60,-6165.15485324091,60,4224.62094606368,60,-866.917916359807,60,5805.89476913105
275,8,65,-4765.73712925289,65,5293.13833686749,65,51.8858703329429,65,6216.48540330388
275,8,70,-3084.540019969,70,6158.06447033804,70,1091.37700145712,70,6096.18626288041
275,8,75,-1196.44016838258,75,6756.6063982034,75,2171.42300877033,75,5379.88242509151
275,8,80,792.507865819575,80,7025.98252374549,80,3195.78131107486,80,4081.14776581544
275,8,85,2746.81769072737,85,6911.36973476672,85,4061.80936100357,85,2300.64256147759
275,8,90,4512.1756405181,90,6379.55370656889,90,4672.77225675395,90,219.352726458417
280,8,0,-4898.51839779731,0,-4960.4436145659,0,286.645275396571,0,-1437.62444263834
280,8,5,-4986.20822151851,5,-5023.16412296264,5,-229.066949379845,5,-1686.43717850959
280,8,10,-5256.03829875322,10,-4982.63519937401,10,-736.233017111818,10,-1844.48469479534
280,8,15,-5685.54347454927,15,-4828.36310795769,15,-1211.73664718886,15,-1840.99000655132
280,8,20,-6236.23148231632,20,-4543.61809678543,20,-1636.64898565397,20,-1627.93190309921
280,8,25,-6851.27399855165,25,-4103.73393983399,25,-1995.87124435452,25,-1183.51760068184
280,8,30,-7456.47364979581,30,-3480.07672791368,30,-2274.93469648084,30,-509.59083839569
280,8,35,-7966.14602222087,35,-2650.5548862025,35,-2455.20938142338,35,372.936672789653
280,8,40,-8293.09541900497,40,-1612.75375172562,40,-2510.59617222687,40,1425.26055676984
280,8,45,-8359.88139998532,45,-392.773124716249,45,-2408.9345960162,45,2586.00008130758
280,8,50,-8108.02467560407,50,955.414423626987,50,-2119.08695521379,50,3763.8515456718
280,8,55,-7502.99037422091,55,2359.30187075937,55,-1621.32497755983,55,4835.03164655226
280,8,60,-6535.21155105205,60,3739.40146281759,60,-916.807613970946,60,5652.27693136245
280,8,65,-5219.67203165366,65,5015.95931413982,65,-32.889105004952,65,6066.74280612912
280,8,70,-3596.94028079236,70,6108.89838515055,70,976.496349569587,70,5957.72727325837
280,8,75,-1736.41706582393,75,6935.39655963507,75,2034.38067746985,75,5261.71902208079
280,8,80,260.667167846765,80,7411.75479565577,80,3047.24437089129,80,3993.00979325093
280,8,85,2262.81479150894,85,7463.04754963763,85,3914.17811023711,85,2251.23291858581
280,8,90,4117.75861506221,90,7038.70227750524,90,4538.48527780072,90,214.254262709168
285,8,0,-4561.75526192573,0,-5111.30117514353,0,319.249425778543,0,-1535.31013816343
285,8,5,-4650.23642394835,5,-5203.09970842971,5,-181.037750250504,5,-1750.8401909125
285,8,10,-4924.60074895783,10,-5219.72182099827,10,-674.569672081244,10,-1879.64836257036
285,8,15,-5362.79372679498,15,-5144.50493849522,15,-1138.19989740195,15,-1854.43854177552
285,8,20,-5926.77335528356,20,-4951.6949519985,20,-1552.75717942894,20,-1629.55409774278
285,8,25,-6561.30492093054,25,-4606.32871023165,25,-1903.14495607604,25,-1183.94622108666
285,8,30,-7195.45811848364,30,-4069.34762621589,30,-2175.55323836116,30,-518.620714867863
285,8,35,-7747.81464804293,35,-3308.41737741653,35,-2352.77995021597,35,347.319269110414
285,8,40,-8134.63015001407,40,-2310.93248748816,40,-2410.60446012737,40,1377.03513146385
285,8,45,-8279.03862100766,45,-1093.28418805483,45,-2318.54912275868,45,2510.79411797761
285,8,50,-8119.18977468117,50,298.084625911416,50,-2046.30250990682,50,3658.80343354981
285,8,55,-7613.86691422923,55,1793.49455342416,55,-1573.75540008727,55,4699.34182399865
285,8,60,-6745.41145083182,60,3309.67773011442,60,-900.537680315937,60,5488.4352128445
285,8,65,-5521.15843188316,65,4756.48476630465,65,-51.6145318993908,65,5881.87330917194
285,8,70,-3975.11363943614,70,6038.73616799693,70,922.067911403404,70,5764.25164640771
285,8,75,-2170.54934201029,75,7056.44773497888,75,1946.9529379733,75,5076.71239770705
285,8,80,-202.03516941169,80,7708.83330084296,80,2933.07205127842,80,3836.07634383982
285,8,85,1806.23950786657,85,7905.25439484942,85,3782.61140036929,85,2141.22395254864
285,8,90,3708.77202677413,90,7581.82852023928,90,4400.69178768208,90,165.523379405582
290,8,0,-4314.50667253112,0,-5145.82623669464,0,311.135892045245,0,-1636.78268252706
290,8,5,-4400.84419179659,5,-5262.27400212489,5,-169.083773214217,5,-1800.39081675495
290,8,10,-4670.1827876602,10,-5326.83714380655,10,-643.647149694303,10,-1882.82542913595
290,8,15,-5101.07085395462,15,-5317.57278224646,15,-1089.32532262606,15,-1821.71063728258
290,8,20,-5656.4841321073,20,-5201.23814761954,20,-1486.63807743801,20,-1574.43918743355
290,8,25,-6283.7996241069,25,-4934.86192409616,25,-1820.32847571781,25,-1120.85635663505
290,8,30,-6916.77314957847,30,-4471.82853374041,30,-2076.9884981918,30,-461.225561223853
290,8,35,-7479.98018829921,35,-3772.54975931267,35,-2240.65822576332,35,386.69833292549
290,8,40,-7895.12673844677,40,-2816.74570189032,40,-2289.16319254133,40,1387.19996274403
290,8,45,-8088.18063757705,45,-1612.63511532427,45,-2194.44750217099,45,2481.45714341519
290,8,50,-7996.31925901739,50,-199.454342740316,50,-1928.31013257179,50,3581.29003528573
290,8,55,-7573.88412386682,55,1356.73645134629,55,-1471.80431979082,55,4568.49705970888
290,8,60,-6796.85411051362,60,2970.49560217109,60,-824.450696540606,60,5305.16497574775
290,8,65,-5665.92830965033,65,4543.45190951885,65,-9.83724119502327,65,5655.22057385782
290,8,70,-4208.84135530166,70,5968.07248293677,70,923.586793642074,70,5511.97977939638
290,8,75,-2482.33977164492,75,7130.76652701862,75,1905.71406931094,75,4823.87911128616
290,8,80,-573.126771796447,80,7918.19051398549,80,2850.7011951248,80,3611.68346233809
290,8,85,1404.18011396667,85,8229.25521961213,85,3664.97641476142,85,1973.49122581279
290,8,90,3314.29163681067,90,7991.96390865824,90,4257.20198552147,90,76.648029677656
295,8,0,-4144.47736585389,0,-5076.68708318119,0,258.914081345945,0,-1743.14350999566
295,8,5,-4226.83548238716,5,-5212.21767102313,5,-194.875513190129,5,-1838.60118108756
295,8,10,-4482.73123514947,10,-5312.04356618808,10,-643.448983560738,10,-1859.73483968745
295,8,15,-4891.83895671131,15,-5350.40668442149,15,-1063.78101090284,15,-1750.43852947238
295,8,20,-5419.0420613236,20,-5288.89509021146,20,-1436.32106497525,20,-1471.87522675364
295,8,25,-6015.41730966304,25,-5079.54571330315,25,-1745.65375442077,25,-1005.09493260116
295,8,30,-6620.53527233186,30,-4671.56565147745,30,-1978.49418371416,30,-349.894459546787
295,8,35,-7166.11795804755,35,-4021.43478720949,35,-2119.75214611254,35,476.825892617406
295,8,40,-7580.67259814395,40,-3104.05569158796,40,-2149.17895879559,40,1439.86038684519
295,8,45,-7794.77461944164,45,-1921.50853877335,45,-2041.56537611438,45,2481.01751195315
295,8,50,-7746.84403099326,50,-506.734568849394,50,-1771.83108176891,50,3514.33772468009
295,8,55,-7389.11005211526,55,1078.2178511961,55,-1323.5416899934,55,4426.92798043899
295,8,60,-6693.11071340507,60,2747.40794069775,60,-697.422843307265,60,5089.72549114049
295,8,65,-5654.03856849561,65,4396.98737542215,65,83.3317302357059,65,5377.99641101384
295,8,70,-4293.66055554648,70,5910.64443434252,70,972.237730018851,70,5196.6709405821
295,8,75,-2661.88846991122,75,7165.48603613635,75,1902.56368566764,75,4503.48231290584
295,8,80,-836.798419172268,80,8040.64851652858,80,2792.99856649228,80,3323.92002546154
295,8,85,1077.85771080727,85,8430.19561177119,85,3555.19199172463,85,1754.75310871553
295,8,90,2959.05701706972,90,8259.5612383119,90,4102.98147963985,90,-44.507382795859
300,8,0,-4027.24635587298,0,-4909.04415283992,0,158.762424355601,0,-1851.45133795658
300,8,5,-4105.15420321941,5,-5057.17858438792,5,-260.30122084364,5,-1866.33503720993
300,8,10,-4340.87339793388,10,-5177.11540433372,10,-674.092553742703,10,-1814.61432480786
300,8,15,-4715.97021673997,15,-5241.3324856553,15,-1060.33568818656,15,-1647.68024515437
300,8,20,-5198.37171089221,20,-5209.24714635753,20,-1399.84706904363,20,-1331.30738703961
300,8,25,-5743.98488264674,25,-5031.42823592431,25,-1677.17000159034,25,-848.349288209999
300,8,30,-6299.07730989358,30,-4656.52077559892,30,-1878.90336196345,30,-198.668172688887
300,8,35,-6803.19638852189,35,-4040.46065433296,35,-1990.42203965154,35,601.199212972093
300,8,40,-7192.4477885227,40,-3156.29618962776,40,-1993.16197031111,40,1516.31252399641
300,8,45,-7403.30876734689,45,-2002.29253587126,45,-1864.96255443087,45,2489.46483920576
300,8,50,-7377.35612527285,50,-606.417263171152,50,-1584.57495112597,50,3438.15657284633
300,8,55,-7066.93827119664,55,973.411844047654,55,-1139.11440839197,55,4256.94825381255
300,8,60,-6441.11397113571,60,2652.56703072108,60,-531.561675919497,60,4828.35777875886
300,8,65,-5490.7611710035,65,4325.09266877381,65,214.490456087314,65,5041.74659944697
300,8,70,-4231.99891144911,70,5870.37486802438,70,1054.11008807738,70,4815.84607299818
300,8,75,-2707.63844664383,75,7161.32056543403,75,1923.9241493357,75,4118.86186797161
300,8,80,-986.647877092613,80,8074.95942118233,80,2747.55055478798,80,2980.97284292108
300,8,85,838.654654904928,85,8505.9857680511,85,3442.75910708002,85,1496.4060870197
300,8,90,2658.365680255,90,8382.34056162607,90,3930.0551171755,90,-185.340334201321
305,8,0,-3928.84387825599,0,-4640.87261858464,0,6.65265377742497,0,-1953.99482703887
305,8,5,-4003.58071722667,5,-4794.83250349815,5,-367.967985270352,5,-1881.36425220669
305,8,10,-4214.98782598683,10,-4919.08153357352,10,-736.99601001581,10,-1750.15596520588
305,8,15,-4547.28609178789,15,-4986.7252152368,15,-1079.54373149362,15,-1520.26605585007
305,8,20,-4972.57585025231,20,-4958.34672258977,20,-1377.28035273886,20,-1163.01111938596
305,8,25,-5452.62245483925,25,-4786.7182580482,25,-1614.89480227043,25,-663.925919294372
305,8,30,-5941.03947200022,30,-4423.46536194349,30,-1778.76115903745,30,-23.6984513976253
305,8,35,-6385.54010676654,35,-3827.19480356254,35,-1854.46965819283,35,741.063434956108
305,8,40,-6730.22861085865,40,-2971.95903562823,40,-1824.97578204914,40,1595.86023508399
305,8,45,-6918.36756989184,45,-1854.59022975237,45,-1671.27250420072,45,2485.4630558396
305,8,50,-6896.23672961016,50,-499.57597146463,50,-1376.37139128666,50,3332.64052729942
305,8,55,-6618.28312436874,55,1039.3082342503,55,-931.584755261492,55,4041.77902632528
305,8,60,-6052.96220054323,60,2680.72533249761,60,-342.801757876145,60,4509.48059950015
305,8,65,-5188.08784009118,65,4320.51228871032,65,365.538556044193,65,4641.34013094017
305,8,70,-4034.57228362044,70,5838.99518622112,70,1149.93511087725,70,4371.22424161576
305,8,75,-2627.99348001152,75,7110.65143483263,75,1950.59610040329,75,3678.05980786259
305,8,80,-1027.93804637126,80,8016.00978406476,80,2696.62426332896,80,2595.81842210402
305,8,85,684.842605510712,85,8455.37807650781,85,3312.82123753386,85,1214.31549509477
305,8,90,2413.64133355835,90,8363.18977701926,90,3727.65928782064,90,-329.456791043586
310,8,0,-3809.76777573254,0,-4264.95829291589,0,-200.913760269069,0,-2037.93496753422
310,8,5,-3884.58904228681,5,-4418.6152863321,5,-521.124086577669,5,-1878.03236339025
310,8,10,-4071.08610716629,10,-4533.28390444102,10,-835.331723225675,10,-1667.32936487061
310,8,15,-4356.61037575284,15,-4584.94646736318,15,-1124.59165106673,15,-1374.87420553164
310,8,20,-4718.22102366728,20,-4538.46541974594,20,-1371.84692590908,20,-978.391890658686
310,8,25,-5124.22638299265,25,-4352.14442865209,25,-1562.18524295606,25,-467.090403184407
310,8,30,-5535.93465489657,30,-3983.70999188002,30,-1681.87711458165,30,156.676708774199
310,8,35,-5909.3097352619,35,-3397.2448054131,35,-1716.78714824798,35,875.931451430268
310,8,40,-6196.59645279205,40,-2570.34567580432,40,-1651.45245617877,40,1657.16929497633
310,8,45,-6348.40860889877,45,-1500.59743595796,45,-1470.13150447626,45,2448.59952396831
310,8,50,-6316.90120611595,50,-210.405555294386,50,-1160.27824699893,50,3180.36799201087
310,8,55,-6060.26512891906,55,1250.66707087714,55,-717.625066242251,55,3768.98609258155
310,8,60,-5548.06839864248,60,2806.6638757413,60,-151.139045843745,60,4127.1423444947
310,8,65,-4766.39192819862,65,4359.35086375841,65,513.909019549955,65,4177.9793619793
310,8,70,-3721.64105725318,70,5795.56549356437,70,1235.7439656275,70,3870.87368044591
310,8,75,-2442.32523715718,75,6997.3571199699,75,1958.7422709133,75,3194.80897756822
310,8,80,-978.618824317671,80,7854.19588265203,80,2618.31031301385,80,2185.92490602865
310,8,85,600.205689215139,85,8276.19928946417,85,3147.25482431138,85,927.31558481376
310,8,90,2210.39172105902,90,8206.89525411668,90,3483.07552374448,90,-459.102625334968
315,8,0,-3630.93264545841,0,-3773.29096422092,0,-465.64899826299,0,-2085.65661394707
315,8,5,-3710.88386890453,5,-3922.03937404412,5,-722.795471146259,5,-1847.14983484431
315,8,10,-3875.86528422411,10,-4017.70450239565,10,-973.446084161024,10,-1564.95204877461
315,8,15,-4116.37258209754,15,-4040.71235431482,15,-1200.95667637347,15,-1217.40819085356
315,8,20,-4414.60266995722,20,-3962.46783336497,20,-1389.86843375421,20,-789.227006619437
315,8,25,-4745.51884045089,25,-3749.24790134122,25,-1526.02137415641,25,-274.120086523601
315,8,30,-5078.05191329122,30,-3367.18743014223,30,-1595.99609271407,30,323.212201440772
315,8,35,-5376.23839000643,35,-2787.96163582454,35,-1586.35834491707,35,985.354366525939
315,8,40,-5600.40653854814,40,-1994.68145442705,40,-1483.56182863308,40,1680.61850712192
315,8,45,-5708.83614240936,45,-987.399943620948,45,-1275.28511174929,45,2362.27346192047
315,8,50,-5660.38705219694,50,212.509436269181,50,-953.38276261317,50,2969.83583723136
315,8,55,-5418.28983801685,55,1559.93326858413,55,-517.805784285159,55,3433.74798186428
315,8,60,-4954.74699826327,60,2986.33199161424,60,19.7420759119231,60,3683.94623855254
315,8,65,-4255.5197656428,65,4403.28984237658,65,633.673530831136,65,3661.40146094407
315,8,70,-3323.54397303814,70,5709.34417397827,70,1284.67708303248,70,3330.36470646455
315,8,75,-2180.85803662628,75,6799.60543773748,75,1922.24532393193,75,2688.42506173101
315,8,80,-868.531255186283,80,7577.19935666958,80,2489.13905162665,80,1771.83039516436
315,8,85,555.399598457467,85,7965.19945049734,85,2927.15871609036,85,654.60575248235
315,8,90,2019.84385269746,90,7917.47805884902,90,3183.60305610761,90,-558.643803547122
320,8,0,-3361.1531137748,0,-3164.11190441204,0,-785.780991449168,0,-2076.15070353268
320,8,5,-3452.40933565327,5,-3305.08011699127,5,-974.106671589576,5,-1776.37911146447
320,8,10,-3602.84738948525,10,-3378.24206632949,10,-1155.19576830941,10,-1439.16315745596
320,8,15,-3805.67554519717,15,-3369.0126685836,15,-1314.85832143663,15,-1051.69301722579
320,8,20,-4047.75347791835,20,-3256.30863607175,20,-1439.4974503283,20,-605.72203936188
320,8,25,-4310.16253686139,25,-3015.506439473,25,-1516.18603130457,25,-99.8398789469808
320,8,30,-4568.89036748956,30,-2622.27973063875,30,-1532.49660746835,30,458.631111052187
320,8,35,-4795.55401798613,35,-2057.01286853006,35,-1476.41691477071,35,1052.08077689571
320,8,40,-4958.28845799065,40,-1309.44075153537,40,-1336.84070622013,40,1651.57374446482
320,8,45,-5023.11172049051,45,-383.063966212262,45,-1105.01182993679,45,2216.86706384918
320,8,50,-4956.09592929518,50,701.26111827185,50,-776.9154704409,50,2698.27707556969
320,8,55,-4726.45927185328,55,1903.28496835827,55,-356.124558666465,55,3041.06903491466
320,8,60,-4310.32566633902,60,3163.60387771287,60,143.727222030269,60,3192.44551725881
320,8,65,-3694.56016934025,65,4406.68164410678,65,697.687635744754,65,3110.31302822865
320,8,70,-2879.94866458656,70,5546.73568980233,70,1269.98476551208,70,2772.18946751241
320,8,75,-1883.09640443429,75,6496.03844181663,75,1816.37993863423,75,2182.24643877731
320,8,80,-736.680653573026,80,7174.68917517444,80,2288.08611662884,80,1374.71854511787
320,8,85,512.035825315578,85,7520.56440549381,85,2636.74216137707,85,412.649958873179
320,8,90,1804.33135015256,90,7498.00798518199,90,2819.85400774463,90,-618.086288590082
325,8,0,-2984.6565071377,0,-2450.55368398112,0,-1154.13447447324,0,-1987.59289353052
325,8,5,-3093.55530909221,5,-2581.79813354805,5,-1272.04152372952,5,-1651.4408049546
325,8,10,-3238.7005153258,10,-2634.31143089165,10,-1381.50880334737,10,-1283.27992097304
325,8,15,-3415.32033954799,15,-2598.05484073121,15,-1470.82934488483,15,-878.080459328938
325,8,20,-3614.00538755655,20,-2459.07899011976,20,-1528.52495131236,20,-434.043764235358
325,8,25,-3820.92128009718,25,-2201.54185429487,25,-1543.4751090533,25,45.649616712271
325,8,30,-4018.12722267452,30,-1810.41789533936,30,-1505.05683981066,30,551.345532329715
325,8,35,-4184.01616260979,35,-1274.68322489283,35,-1403.49227530301,35,1065.80550458579
325,8,40,-4293.99727604548,40,-590.707841901282,40,-1230.63174488708,40,1563.7274209347
325,8,45,-4321.62203702201,45,234.506107650077,45,-981.296217964039,45,2012.2850158965
325,8,50,-4240.33843400062,50,1180.71976475043,50,-655.077969188669,50,2373.11431517391
325,8,55,-4025.91544397551,55,2213.05719108966,55,-258.242174142114,55,2606.00666147158
325,8,60,-3659.35362317087,60,3282.36589773734,60,194.794618895476,60,2674.17018371281
325,8,65,-3129.88185252387,65,4327.72031883622,65,680.927662442775,65,2550.40199953197
325,8,70,-2437.52769310281,70,5281.11791572682,70,1169.11009471639,70,2223.06735481147
325,8,75,-1594.77887791076,75,6073.9977951546,75,1622.45087241385,75,1700.59714614663
325,8,80,-626.997854183671,80,6644.81293553195,80,2001.46707120002,80,1013.3801449604
325,8,85,428.556609307261,85,6946.61031324891,85,2268.10150074386,85,212.395311886984
325,8,90,1525.06479604397,90,6953.47850326428,90,2390.01349679989,90,-635.441103842083
330,8,0,-2506.4405550881,0,-1668.16433866974,0,-1556.39140094666,0,-1800.99293957389
330,8,5,-2638.49014328855,5,-1787.07519927367,5,-1607.2023627873,5,-1458.36090556256
330,8,10,-2788.07111074487,10,-1823.53482444574,10,-1647.80866297341,10,-1088.60383977163
330,8,15,-2951.72176690007,15,-1770.99619075234,15,-1669.00061378199,15,-692.855287210022
330,8,20,-3122.71165566761,20,-1621.27985515155,20,-1661.68623196907,20,-274.498825601712
330,8,25,-3291.08389222662,25,-1365.82300460393,25,-1617.10691522567,25,159.680596723497
330,8,30,-3443.79539123199,30,-997.416915973955,30,-1527.16280042766,30,598.551036156511
330,8,35,-3565.01032425998,35,-512.287920641537,35,-1384.940394378,35,1026.05174672521
330,8,40,-3636.64347589488,40,87.6810793515412,40,-1185.51399611512,40,1421.17897896855
330,8,45,-3639.26927644066,45,792.864644792125,45,-927.015763447646,45,1758.76743449784
330,8,50,-3553.48084261466,50,1584.29476355843,50,-611.851203710322,50,2011.25145010302
330,8,55,-3361.69289901342,55,2432.93888926919,55,-247.819154467981,55,2151.44495786292
330,8,60,-3050.2538883001,60,3300.21643405098,60,151.171296881947,60,2156.14176258849
330,8,65,-2611.60892970866,65,4139.98183397119,65,565.075849175779,65,2010.06670245591
330,8,70,-2046.18122023893,70,4901.97528501155,70,968.566385424284,70,1709.49476991215
330,8,75,-1363.64018115834,75,5536.46322747337,75,1332.78439900251,75,1264.78400086439
330,8,80,-583.296872650687,80,5999.52610222126,80,1627.85517314607,80,701.180084822067
330,8,85,266.513695684584,85,6258.26736311102,85,1825.88540213022,85,57.5271174329748
330,8,90,1150.06761770758,90,6295.16036308861,90,1904.08184681016,90,-617.109346246844
335,8,0,-1953.56658075388,0,-877.641787938574,0,-1970.09610886116,0,-1504.41756323157
335,8,5,-2112.64248356397,5,-979.386248600819,5,-1962.33416566874,5,-1186.62539070195
335,8,10,-2275.14074425276,10,-1003.57525475856,10,-1942.14688739132,10,-846.420648828917
335,8,15,-2438.36587772245,15,-945.989197646484,15,-1902.88316774858,15,-489.068671313635
335,8,20,-2597.39890019343,20,-802.456875898224,20,-1838.07080524446,20,-121.334820471546
335,8,25,-2745.11349553549,25,-569.561024533839,25,-1741.69380536121,25,247.92540866929
335,8,30,-2872.28069319671,30,-245.629568890091,30,-1608.56948054172,30,607.346344024169
335,8,35,-2967.81391586449,35,168.081215307738,35,-1434.85354925021,35,942.918513556087
335,8,40,-3019.21615429716,40,666.150721012014,40,-1218.67257202168,40,1238.26231401954
335,8,45,-3013.28499464862,45,1237.88997403097,45,-960.837094576475,45,1475.41118940659
335,8,50,-2937.10143602307,50,1866.58948544627,50,-665.535163376336,50,1636.15167111266
335,8,55,-2779.27479732766,55,2529.34682181186,55,-340.86145269976,55,1703.87261065247
335,8,60,-2531.3487023998,60,3197.66553196981,60,0.97963716613747,60,1665.7528586498
335,8,65,-2189.21006834496,65,3838.92839276689,65,343.936351700232,65,1514.99414979746
335,8,70,-1754.30323466917,70,4418.71348901182,70,668.916134503839,70,1252.72142746251
335,8,75,-1234.44773656775,75,4903.76450003668,75,955.128375130549,75,889.159046735474
335,8,80,-644.093268499085,80,5265.28065068998,80,1181.86222507498,80,443.7634819134
335,8,85,-3.91180393384767,85,5482.09182899819,85,1330.51826645586,85,-55.857377417687
335,8,90,660.288442041285,90,5543.25563229913,90,1386.65999578597,90,-576.211623031475
340,8,0,-1371.71500877486,0,-159.715264873057,0,-2365.03016311122,0,-1096.94896066309
340,8,5,-1559.4963072127,5,-236.701932183651,5,-2312.3861670653,5,-832.622618919782
340,8,10,-1740.96475141959,10,-248.810069974306,10,-2244.89738686284,10,-550.816480006381
340,8,15,-1913.87190687479,15,-193.251903319556,15,-2158.52939295318,15,-258.691929042096
340,8,20,-2074.56403386523,20,-68.2411752298686,20,-2049.523346642,20,35.676986166724
340,8,25,-2218.03162381759,25,126.650566868972,25,-1914.67051576353,25,323.144930284259
340,8,30,-2338.03440082978,30,390.017603297074,30,-1751.63358734922,30,593.456157009412
340,8,35,-2427.33044392514,35,718.079559644028,35,-1559.31267854849,35,835.384592344397
340,8,40,-2478.03681632297,40,1104.1575024375,40,-1338.23553973431,40,1037.10280757175
340,8,45,-2482.13902148984,45,1538.26758429226,45,-1090.93025563189,45,1186.80680921117
340,8,50,-2432.14683780672,50,2006.9432863918,50,-822.219492341103,50,1273.5867234724
340,8,55,-2321.86637679511,55,2493.39082552052,55,-539.36395782107,55,1288.4851388635
340,8,60,-2147.2273227885,60,2978.05448067102,60,-251.984604669966,60,1225.63266554876
340,8,65,-1907.07711584021,65,3439.61873612087,65,28.2890310410457,65,1083.30582486242
340,8,70,-1603.83744874609,70,3856.40726155684,70,288.4642426011,70,864.728606119894
340,8,75,-1243.91810294053,75,4208.06556598212,75,515.10169770079,75,578.446127341399
340,8,80,-837.800694286767,80,4477.34898912256,80,695.435892890969,80,238.140686899954
340,8,85,-399.738392463517,85,4651.79494999742,85,818.593919935748,85,-138.167218309144
340,8,90,52.9379429307515,90,4725.04881893267,90,876.781837732806,90,-529.499456427565
345,8,0,-817.90807343577,0,398.553647199888,0,-2705.44012043931,0,-591.372503895922
345,8,5,-1033.50453163216,5,355.688914245585,5,-2626.61334752257,5,-402.38868963456
345,8,10,-1237.11618189653,10,359.794828544094,10,-2530.58100220091,10,-201.380887755396
345,8,15,-1426.79100980682,15,412.726335641135,15,-2415.80509911802,15,4.74490659448226
345,8,20,-1599.85070934042,20,515.075333762047,20,-2281.04662360023,20,208.604418027328
345,8,25,-1752.96196217587,25,666.023078290952,25,-2125.56767465499,25,402.423868110515
345,8,30,-1882.26274704436,30,863.175228181926,30,-1949.33618107844,30,578.189895097786
345,8,35,-1983.55104908346,35,1102.4065065966,35,-1753.22308868511,35,727.878937501068
345,8,40,-2052.54019216159,40,1377.75045790181,40,-1539.17529966744,40,843.775517239285
345,8,45,-2085.17859066513,45,1681.37465470323,45,-1310.3416229174,45,918.875730706606
345,8,50,-2078.02239675297,50,2003.6810504181,50,-1071.12526741717,50,947.355810964024
345,8,55,-2028.63847120435,55,2333.56348839531,55,-827.136597119089,55,925.067909107927
345,8,60,-1936.00419425255,60,2658.83912881094,60,-585.025077205538,60,850.009323660758
345,8,65,-1800.86211174132,65,2966.84864230239,65,-352.179799236039,65,722.700888737464
345,8,70,-1625.9834529519,70,3245.19399281497,70,-136.302796534828,70,546.408464283593
345,8,75,-1416.29673169141,75,3482.5564635219,75,55.1233722602645,75,327.150633944571
345,8,80,-1178.84651692122,80,3669.51600249602,80,215.435224531889,80,73.4560594054855
345,8,85,-922.562407452773,85,3799.28050854811,85,339.402568085478,85,-204.136554868344
345,8,90,-657.837530249492,90,3868.2336497218,90,423.796271700067,90,-493.808346162016
350,8,0,-351.334642503755,0,723.515592099538,0,-2954.21570891234,0,-14.7062754698537
350,8,5,-591.094857140835,5,723.762723977242,5,-2872.67890765883,5,87.333254740015
350,8,10,-817.349647277473,10,751.180605029243,10,-2771.76567026198,10,195.254990813951
350,8,15,-1028.3436290133,15,806.864880283226,15,-2651.89287625368,15,304.117747070798
350,8,20,-1222.13884905397,20,890.913545912172,20,-2513.70842116871,20,408.773954057913
350,8,25,-1396.66969309965,25,1002.38615193523,25,-2358.18251963952,25,504.022066064317
350,8,30,-1549.82595708472,30,1139.28460760622,30,-2186.68718808619,30,584.776113630006
350,8,35,-1679.56209293699,35,1298.56333700375,35,-2001.0567815402,35,646.251910139859
350,8,40,-1784.02866360665,40,1476.17745281163,40,-1803.62195566956,40,684.166083051508
350,8,45,-1861.71956496047,45,1667.17713788797,45,-1597.20949257011,45,694.940158071856
350,8,50,-1911.62582478103,50,1865.85427284817,50,-1385.10138364324,50,675.897899416074
350,8,55,-1933.38414603715,55,2065.94345913053,55,-1170.94862483622,55,625.440667332542
350,8,60,-1927.40629334566,60,2260.87417541618,60,-958.63840491837,60,543.183424682175
350,8,65,-1894.97441810551,65,2444.06439517678,65,-752.117604082376,65,430.033878110956
350,8,70,-1838.28789589621,70,2609.23939178186,70,-555.180398583084,70,288.199546348873
350,8,75,-1760.44946228041,75,2750.7536625714,75,-371.232734825003,75,121.112446825438
350,8,80,-1665.38240024279,80,2863.88995237642,80,-203.050831789937,80,-66.7316979280396
350,8,85,-1557.67601045631,85,2945.10814540309,85,-52.5540254151198,85,-270.014023888149
350,8,90,-1442.36309222238,90,2992.21889579635,90,79.3863825466033,90,-482.89781785221
355,8,0,-24.1637626906582,0,775.360257917261,0,-3078.55010362848,0,593.883214449513
355,8,5,-281.750895833769,5,825.044875843269,5,-3022.04982682868,5,610.287950389296
355,8,10,-529.125984286964,10,883.553589621808,10,-2944.18170356451,10,625.699042955569
355,8,15,-764.560303554692,15,951.184073413181,15,-2846.15599803859,15,638.022074937869
355,8,20,-986.448847809432,20,1027.77715766915,20,-2729.33172238969,20,645.097202693235
355,8,25,-1193.3307769001,25,1112.71048901815,25,-2595.21713645117,25,644.78729045578
355,8,30,-1383.91433117049,30,1204.90902368145,30,-2445.46505271545,30,635.066525059972
355,8,35,-1557.10463470815,35,1302.87255284919,35,-2281.86123781956,35,614.106541146286
355,8,40,-1712.03230251148,40,1404.71993936671,40,-2106.30462549397,40,580.356876611542
355,8,45,-1848.08035951359,45,1508.24910058316,45,-1920.77861978372,45,532.616455160967
355,8,50,-1964.90671127685,50,1611.01101936161,50,-1727.31345700256,50,470.092817502104
355,8,55,-2062.45931980308,55,1710.39524671942,55,-1527.94038157282,55,392.446051106037
355,8,60,-2140.98137048253,60,1803.72354232801,60,-1324.63922977955,60,299.814842355226
355,8,65,-2201.00409317646,65,1888.34756902297,65,-1119.28184614565,65,192.822811942038
355,8,70,-2243.32552901666,70,1961.74601000602,70,-913.574507109287,70,72.5642802196053
355,8,75,-2268.97439853074,75,2021.61620512436,75,-709.003117447175,75,-59.4302067132609
355,8,80,-2279.15928379702,80,2065.95548108752,80,-506.785300197619,80,-201.246963093021
355,8,85,-2275.2045193752,85,2093.12782468273,85,-307.833556109444,85,-350.65794122989
355,8,90,-2258.47540383096,90,2101.91242127132,90,-112.733380140187,90,-505.20112254596
360,8,0,126.626117336011,0,562.719083471858,0,-3056.04214657722,0,1187.59658764415
360,8,5,-140.207356423007,5,664.083630150422,5,-3055.44917687281,5,1134.03322440467
360,8,10,-405.97376754013,10,760.394099418883,10,-3031.60239400175,10,1071.8391835795
360,8,15,-668.650473152611,15,850.917510452255,15,-2984.68328638076,15,1001.4877993731
360,8,20,-926.238344922203,20,934.964925433043,20,-2915.04893674937,20,923.514488298595
360,8,25,-1176.77698360894,25,1011.89669278403,25,-2823.22930455465,25,838.512674334845
360,8,30,-1418.35963889303,30,1081.127315303,30,-2709.9231926398,30,747.129272611615
360,8,35,-1649.14772089619,35,1142.12990615,35,-2575.9929289326,35,650.059765994819
360,8,40,-1867.38479296071,40,1194.4401987743,40,-2422.45780360917,40,548.042912041983
360,8,45,-2071.40993919303,45,1237.66008026321,45,-2250.48631168026,45,441.85512061115
360,8,50,-2259.67040503657,50,1271.46062122174,50,-2061.38726003867,50,332.30454491305
360,8,55,-2430.73341467149,55,1295.58457912385,55,-1856.59980664853,55,220.224930977191
360,8,60,-2583.29707530379,60,1309.84835608347,60,-1637.68250768418,60,106.469272341146
360,8,65,-2716.20028535561,65,1314.14339614524,65,-1406.30145597662,65,-8.09668174531819
360,8,70,-2828.4315711493,70,1308.43701146087,70,-1164.21760104104,70,-122.60101519479
360,8,75,-2919.13678483287,75,1292.77263106341,75,-913.273347187734,75,-236.172280890113
360,8,80,-2987.62560496088,80,1267.26947034609,80,-655.378531712802,80,-347.946132923141
360,8,85,-3033.37679025747,85,1232.12162376122,85,-392.49588988316,85,-457.071904789005
360,8,90,-3056.04214657721,90,1187.59658764415,90,-126.626117336009,90,-562.71908347186
