"Theta [deg]","Freq [GHz]","Phi [deg]","re(rETheta) [mV]","Phi [deg]","im(rETheta) [mV]","Phi [deg]","re(rEPhi) [mV]","Phi [deg]","im(rEPhi) [mV]"
0,8,0,3063.4311328809,0,1487.07994861001,0,-90.2427345309494,0,2348.7252217325
0,8,5,3043.90867998952,5,1686.12605165409,5,-356.894949423568,5,2210.18005571802
0,8,10,3001.22024408111,10,1872.33971733434,10,-620.830978252011,10,2054.81408493633
0,8,15,2935.6907099289,15,2044.30374721604,15,-880.042108467962,15,1883.8097382376
0,8,20,2847.81879685562,20,2200.70939119708,20,-1132.55558685452,20,1698.46846195546
0,8,25,2738.27326317827,25,2340.36630788644,25,-1376.44963336935,25,1500.20081511454
0,8,30,2607.88781655353,30,2462.21162382098,30,-1609.86806705123,30,1290.51573422458
0,8,35,2457.6547689591,35,2565.31802257421,35,-1831.03443267793,35,1071.00904936247
0,8,40,2288.71748460037,40,2648.90080219427,40,-2038.26552066314,40,843.351338941764
0,8,45,2102.36167821842,45,2712.32384725961,45,-2229.98417729773,45,609.27521560225
0,8,50,1900.00563002455,50,2755.10447010138,50,-2404.73130784182,50,370.562139981569
0,8,55,1683.18939173142,55,2776.91708434812,55,-2561.17698111677,55,129.028862724091
0,8,60,1453.56306582967,60,2777.59568283459,60,-2698.13055108448,60,-113.486402088474
0,8,65,1212.87424731159,65,2757.13510101656,65,-2814.54971838267,65,-355.137966856183
0,8,70,962.954723417968,70,2715.6910562761,70,-2909.54846285237,70,-594.08671725795
0,8,75,705.706532631177,75,2653.57896281829,75,-2982.40378668639,75,-828.514109022016
0,8,80,443.087489013807,80,2571.27153117865,80,-3032.56121687906,80,-1056.63600814593
0,8,85,177.096282061502,85,2469.39517061053,85,-3059.63902510077,85,-1276.71626923358
0,8,90,-90.2427345309494,90,2348.7252217325,90,-3063.4311328809,90,-1487.07994861001
5,8,0,2983.03204568881,0,1478.57948822214,0,-62.8131733400653,0,2428.4086297012
5,8,5,2950.83253687727,5,1733.4180753486,5,-364.647130592387,5,2288.45823613432
5,8,10,2888.7837619164,10,1974.01695057984,10,-660.804946603766,10,2121.3252541231
5,8,15,2797.91189577191,15,2197.12334553497,15,-948.060106087249,15,1928.63609843554
5,8,20,2679.63916125594,20,2399.71086570732,20,-1223.38415969201,20,1712.46750643098
5,8,25,2535.74241184673,25,2579.04896189767,25,-1484.00204237002,25,1475.30753903046
5,8,30,2368.3032288447,30,2732.76440321605,30,-1727.43815566348,30,1220.00490032696
5,8,35,2179.65165824234,35,2858.89269821125,35,-1951.55186678805,35,949.708401192266
5,8,40,1972.30591477658,40,2955.91785715272,40,-2154.561576042,40,667.798762679347
5,8,45,1748.9104666803,45,3022.79940081096,45,-2335.05702655652,45,377.815210737616
5,8,50,1512.17488435802,50,3058.98606862297,50,-2492.00005028931,50,83.3794436454802
5,8,55,1264.8156949951,55,3064.41622974257,55,-2624.71443616837,55,-211.880445000335
5,8,60,1009.50324358121,60,3039.50552293686,60,-2732.86604739684,60,-504.403625975888
5,8,65,748.815234083211,65,2985.12271764697,65,-2816.43468534075,65,-790.765544788442
5,8,70,485.198231284887,70,2902.55517615309,70,-2875.67948135097,70,-1067.74036870704
5,8,75,220.937965558143,75,2793.4655898992,75,-2911.09978411984,75,-1332.35533767625
5,8,80,-41.8611773368269,80,2659.84185362937,80,-2923.39359253141,80,-1581.93590322475
5,8,85,-301.287557674917,85,2503.94202894793,85,-2913.41556141052,85,-1814.1409645751
5,8,90,-555.625083931949,90,2328.23634143329,90,-2882.13648428828,90,-2026.98791924372
10,8,0,2871.92724763119,0,1442.54361310363,0,-25.8419060813578,0,2482.63548393031
10,8,5,2825.41513425796,5,1748.95737662467,5,-361.984132732429,5,2345.10487687332
10,8,10,2741.24589974364,10,2039.74972415819,10,-688.712888167286,10,2169.2975872558
10,8,15,2621.45242005809,15,2309.57141040921,15,-1001.21826136212,15,1957.36786564888
10,8,20,2468.7734253695,20,2553.46756146013,20,-1295.15320108107,20,1712.34210732803
10,8,25,2286.54489096932,25,2767.03101909764,25,-1566.74781706185,25,1438.03217020975
10,8,30,2078.57259859488,30,2946.53399230964,30,-1812.8972372903,30,1138.91945489784
10,8,35,1848.99219826592,35,3089.03228968109,35,-2031.22012094057,35,820.015497103453
10,8,40,1602.12343937055,40,3192.4380108777,40,-2220.08642344147,40,486.7060062521
10,8,45,1342.32524450628,45,3255.55841988396,45,-2378.61450335912,45,144.586007828841
10,8,50,1073.85799123278,50,3278.10066855994,50,-2506.63908253555,50,-200.706042412941
10,8,55,800.758776895146,55,3260.64393795151,55,-2604.65286234951,55,-543.647617546855
10,8,60,526.734609430586,60,3204.58227234914,60,-2673.72571086333,60,-878.978199695072
10,8,65,255.077437812323,65,3112.04277125151,65,-2715.40622854765,65,-1201.8265436748
10,8,70,-11.3962408706445,70,2985.78478164103,70,-2731.6111445374,70,-1507.81509903932
10,8,75,-270.379731841141,75,2829.08624168562,75,-2724.50837102863,75,-1793.13923774775
10,8,80,-520.084295163302,80,2645.62335650489,80,-2696.3996403238,80,-2054.62061709236
10,8,85,-759.22223842495,85,2439.34937171019,85,-2649.6084667494,85,-2289.73555522433
10,8,90,-986.967307917819,90,2214.37742674096,90,-2586.37872328153,90,-2496.62058463328
15,8,0,2731.66457094844,0,1388.88552097532,0,15.6701537534951,0,2502.7136216557
15,8,5,2670.05156264148,5,1740.2175546079,5,-351.064466609324,5,2371.83297722062
15,8,10,2562.71972764098,10,2074.62892875749,10,-704.068236420902,10,2191.38610813761
15,8,15,2412.93380958555,15,2384.49348860773,15,-1036.78110969196,15,1964.09332514691
15,8,20,2225.00830585915,20,2662.79278344424,20,-1343.45240592018,20,1694.05275884909
15,8,25,2004.10933272521,25,2903.3780525099,25,-1619.31839126008,25,1386.58886347405
15,8,30,1756.02812916343,30,3101.1897105085,30,-1860.73021092705,30,1048.04620449667
15,8,35,1486.93807445435,35,3252.42279985905,35,-2065.22856031732,35,685.540489680977
15,8,40,1203.14714912045,40,3354.63056945279,40,-2231.56418896628,40,306.681503358721
15,8,45,910.857279584279,45,3406.76260823224,45,-2359.6658537218,45,-80.715777710348
15,8,50,615.941079076108,50,3409.13843124196,50,-2450.55959682564,50,-468.915234511655
15,8,55,323.745224954396,55,3363.36169087528,55,-2506.2451742158,55,-850.523091578235
15,8,60,38.9281688273415,60,3272.18389465446,60,-2529.53707080058,60,-1218.7172541854
15,8,65,-234.661885428479,65,3139.32934259315,65,-2523.87879053719,65,-1567.43208813377
15,8,70,-494.064734701871,70,2969.29473396584,70,-2493.13997846287,70,-1891.49213526208
15,8,75,-737.239718350601,75,2767.13742821968,75,-2441.40640088209,75,-2186.69250611182
15,8,80,-963.051229600928,80,2538.26568720065,80,-2372.77287008526,80,-2449.82786998983
15,8,85,-1171.21049362353,85,2288.24249465537,85,-2291.14885860848,85,-2678.67566696518
15,8,90,-1362.1779396363,90,2022.61195720648,90,-2200.08582844754,90,-2871.94204525935
20,8,0,2567.41717253239,0,1328.26815912451,0,55.6968737682061,0,2482.36566629343
20,8,5,2490.34967344704,5,1716.13233881118,5,-335.222367063654,5,2362.15543296242
20,8,10,2360.05614189746,10,2085.85240524388,10,-707.7534913961,10,2181.51654526463
20,8,15,2181.18189895575,15,2427.45028200432,15,-1053.62740126626,15,1943.72381656182
20,8,20,1959.75098570588,20,2731.80986101708,20,-1365.7873162704,20,1653.99848865521
20,8,25,1702.86165267135,25,2991.06972053262,25,-1638.62010728858,25,1319.27873727806
20,8,30,1418.3486957796,30,3198.94398696754,30,-1868.11076633727,30,947.902342449522
20,8,35,1114.43108677483,35,3350.95191398058,35,-2051.91779780777,35,549.221878523114
20,8,40,799.362064864549,40,3444.54411298542,40,-2189.37123087476,40,133.177639361769
20,8,45,481.096934929751,45,3479.12162973546,45,-2281.39813135792,45,-290.143603728234
20,8,50,166.991656253326,50,3455.95233225996,50,-2330.38297161616,50,-710.93528563767
20,8,55,-136.456827203444,55,3377.99653277254,55,-2339.97214653713,55,-1120.05618514717
20,8,60,-423.819586197833,60,3249.65975014827,60,-2314.83346150509,60,-1509.35105251965
20,8,65,-690.887101236623,65,3076.49459386299,65,-2260.38264779589,65,-1871.88976022609
20,8,70,-934.758246997973,70,2864.87572265963,70,-2182.48985455405,70,-2202.11543032468
20,8,75,-1153.8644457212,75,2621.67173255727,75,-2087.17951985206,75,-2495.90009156954
20,8,80,-1347.92922040578,80,2353.93585619322,80,-1980.33693830487,80,-2750.51436443144
20,8,85,-1517.86617346003,85,2068.63379755784,85,-1867.43421173564,85,-2964.52466067551
20,8,90,-1665.62116209902,90,1772.42220269927,90,-1753.28720839883,90,-3137.63673997103
25,8,0,2387.79393414851,0,1268.9992808375,0,88.470210212409,0,2419.14926139652
25,8,5,2295.09280198877,5,1684.22135710319,5,-318.102938864208,5,2312.82970784474
25,8,10,2142.79662573358,10,2080.08639330777,10,-701.541728712808,10,2136.26434612952
25,8,15,1937.02439617565,15,2444.2832062075,15,-1052.09057596704,15,1893.23649189138
25,8,20,1685.55311047827,20,2765.6626526062,20,-1361.64224718157,20,1590.07701004255
25,8,25,1397.39106338711,25,3034.78161643344,25,-1624.00211322835,25,1235.34524271335
25,8,30,1082.32135290005,30,3244.33197604949,30,-1835.04500629498,30,839.383864951708
25,8,35,750.44231280751,35,3389.42542642902,35,-1992.76756800023,35,413.779255626723
25,8,40,411.726981530252,40,3467.71957371279,40,-2097.24407007142,40,-29.2343970543751
25,8,45,75.618353675678,45,3479.3859333162,45,-2150.49658651943,45,-477.385478374874
25,8,50,-249.327653210847,50,3426.93418117715,50,-2156.29155532694,50,-918.947542070321
25,8,55,-555.74293136911,55,3314.91762485519,55,-2119.87508485582,55,-1343.25447063732
25,8,60,-837.684742969875,60,3149.55156552227,60,-2047.65973936019,60,-1741.11442902721
25,8,65,-1090.8039300039,65,2938.27901227446,65,-1946.87644272116,65,-2105.09784520181
25,8,70,-1312.43831320595,70,2689.31772925292,70,-1825.20638307654,70,-2429.68615490574
25,8,75,-1501.62746618927,75,2411.21983358778,75,-1690.40870849844,75,-2711.28085531987
25,8,80,-1659.04794831285,80,2112.47109302015,80,-1549.95966208486,80,-2948.0850299478
25,8,85,-1786.87186055139,85,1801.15232142244,85,-1410.71734256649,85,-3139.88055486002
25,8,90,-1888.55547574243,90,1484.67992756466,90,-1278.62390026734,90,-3287.73269328642
30,8,0,2203.33227470966,0,1215.02030583857,0,109.713709270037,0,2314.90558063629
30,8,5,2095.12173060655,5,1648.5479887201,5,-302.732435151347,5,2224.54909982369
30,8,10,1922.37273008874,10,2061.47378170875,10,-687.466863116624,10,2055.68295693799
30,8,15,1692.71885862046,15,2439.22203357194,15,-1033.59796180963,15,1812.54096198922
30,8,20,1415.66952752915,20,2768.73518216603,20,-1332.33052112486,20,1502.50714093451
30,8,25,1102.04483704874,25,3039.19516550818,25,-1577.23595760661,25,1135.69105208139
30,8,30,763.391673888892,30,3242.56369071565,30,-1764.38035164087,30,724.338492391026
30,8,35,411.419901366243,35,3373.89946193593,35,-1892.32355327949,35,282.125563129326
30,8,40,57.4874551595478,40,3431.43959979654,40,-1962.00948110878,40,-176.61057050585
30,8,45,-287.849182723057,45,3416.46109292181,45,-1976.56895267988,45,-637.649766565891
30,8,50,-615.213653710746,50,3332.96055852443,50,-1941.05319473857,50,-1087.62262547166
30,8,55,-916.718397554257,55,3187.20330728826,55,-1862.11156435384,55,-1514.64977968313
30,8,60,-1186.20470713,60,2987.19510911205,60,-1747.62420894714,60,-1908.84282805693
30,8,65,-1419.41190426649,65,2742.12431290975,65,-1606.30112115279,65,-2262.63352231545
30,8,70,-1614.06915838127,70,2461.81200358047,70,-1447.26254183984,70,-2570.91295110945
30,8,75,-1769.90206125887,75,2156.19788849242,75,-1279.61923526966,75,-2830.98051718782
30,8,80,-1888.54890010338,80,1834.88266835766,80,-1112.07188491116,80,-3042.32055656124
30,8,85,-1973.38760194757,85,1506.74474200055,85,-952.545404084126,85,-3206.23986112306
30,8,90,-2029.28100749803,90,1179.64888588912,90,-807.867436628497,90,-3325.410875123
35,8,0,2024.20875643186,0,1165.82991166387,0,117.438192514174,0,2175.18927143402
35,8,5,1901.37422146847,5,1609.357583112,5,-290.814769075244,5,2101.71113180665
35,8,10,1710.51743859851,10,2031.08122357717,10,-667.230331926432,10,1943.33712980036
35,8,15,1460.73382547427,15,2414.23441502552,15,-1000.19302311114,15,1704.69302959719
35,8,20,1163.16825577402,20,2743.97734733842,20,-1280.61886243522,20,1394.13587219855
35,8,25,830.30274674451,25,3008.33805691017,25,-1502.20753987839,25,1023.19809432776
35,8,30,475.232974296553,30,3198.87578093332,30,-1661.51115881824,30,605.833794526559
35,8,35,110.992422342734,35,3311.00230003361,35,-1757.84851628685,35,157.540928463682
35,8,40,-250.031325082068,40,3343.95392987474,40,-1793.10539676078,40,-305.569840455207
35,8,45,-596.56759304033,45,3300.46238419632,45,-1771.45996301718,45,-767.697691290005
35,8,50,-918.825473571967,50,3186.21214545765,50,-1699.05992283267,50,-1214.21048837743
35,8,55,-1208.76881799745,55,3009.18585201562,55,-1583.66241669289,55,-1632.38713963349
35,8,60,-1460.32416260867,60,2778.98722508202,60,-1434.23784871303,60,-2011.99230283698
35,8,65,-1669.53027210795,65,2506.20162678826,65,-1260.54036111024,65,-2345.63970423805
35,8,70,-1834.62241759647,70,2201.82072486664,70,-1072.65808954115,70,-2628.91734415675
35,8,75,-1956.0352210684,75,1876.73257717649,75,-880.56770395504,75,-2860.27231624621
35,8,80,-2036.30948836817,80,1541.26909983325,80,-693.721519162567,80,-3040.67841603246
35,8,85,-2079.89866377811,85,1204.80938124575,85,-520.687857709494,85,-3173.13003116408
35,8,90,-2092.88293609815,90,875.453352012967,90,-368.849280396031,90,-3262.01898024574
40,8,0,1858.18257107387,0,1118.20871868014,0,112.051620142418,0,2007.96752035994
40,8,5,1722.83806563717,5,1564.40389563266,5,-282.491746988964,5,1951.3926951277
40,8,10,1517.35061269037,10,1987.85223223067,10,-641.845010029867,10,1805.55006062626
40,8,15,1252.0530979622,15,2369.67073066681,15,-954.0821354069,15,1575.38446988115
40,8,20,939.500420575133,20,2693.32344314706,20,-1210.19254906726,20,1270.11875374944
40,8,25,593.627483774635,25,2945.84775438876,25,-1404.30649013429,25,902.533944558317
40,8,30,228.873418818243,30,3118.67933313664,30,-1533.68714440849,30,488.026705679854
40,8,35,-140.637216042333,35,3207.96490332148,35,-1598.53610312968,35,43.5583189515394
40,8,40,-501.773019491712,40,3214.35500361916,40,-1601.68247205241,40,-413.412936096261
40,8,45,-842.889676480425,45,3142.37671584516,45,-1548.22355188786,45,-865.955862809399
40,8,50,-1154.14865011849,50,2999.56202979,50,-1445.15705103529,50,-1298.60639013511
40,8,55,-1427.71127299293,55,2795.52518131469,55,-1301.00805080061,55,-1698.18200066155
40,8,60,-1657.867250592,60,2541.13984690779,60,-1125.43120651571,60,-2054.41645505869
40,8,65,-1841.13270932131,65,2247.88704672709,65,-928.772970970081,65,-2360.35575904253
40,8,70,-1976.31608791742,70,1927.36279500813,70,-721.604287808426,70,-2612.47213846606
40,8,75,-2064.52374066865,75,1590.88288031674,75,-514.261546306375,75,-2810.48710458641
40,8,80,-2109.07342967171,80,1249.11519830604,80,-316.442969176613,80,-2956.93290624241
40,8,85,-2115.29933266595,85,911.701516544776,85,-136.891683231138,85,-3056.5090364165
40,8,90,-2090.25352679474,90,586.880221238372,90,16.8368140676284,90,-3115.30258678079
45,8,0,1709.6561227858,0,1068.73777205402,0,95.7821534294887,0,1822.07216476277
45,8,5,1565.25974078277,5,1511.16524462579,5,-276.647819911096,5,1781.90613700929
45,8,10,1349.86084932111,10,1930.43771853495,10,-611.646932604511,10,1650.1264939164
45,8,15,1074.56987050773,15,2305.68417891213,15,-897.355311459488,15,1431.87074097258
45,8,20,752.941150117885,20,2618.72702528284,20,-1125.10464026237,20,1137.0589653071
45,8,25,400.06744797487,25,2855.67484641822,25,-1289.63421737522,25,779.48442618472
45,8,30,31.5493233080039,30,3007.98840182073,30,-1389.01617032199,30,375.661453974713
45,8,35,-337.525846396436,35,3072.81440675114,35,-1424.3474648757,35,-56.3957691005532
45,8,40,-693.432654021854,40,3052.55084496783,40,-1399.31680623083,40,-498.343732919073
45,8,45,-1024.37151166405,45,2953.8076635499,45,-1319.75757553102,45,-932.581875951697
45,8,50,-1320.73841493115,50,2786.07633871445,50,-1193.2479771947,50,-1343.22282304408
45,8,55,-1575.18873656942,55,2560.45546483196,55,-1028.74872183861,55,-1716.94894225526
45,8,60,-1782.62037089476,60,2288.68523864005,60,-836.224889807466,60,-2043.702054498
45,8,65,-1940.16762005438,65,1982.57084790252,65,-626.209660116736,65,-2317.12127298257
45,8,70,-2047.22588001501,70,1653.70655998954,70,-409.320156458879,70,-2534.65487228998
45,8,75,-2105.46720337947,75,1313.32040531838,75,-195.788188921552,75,-2697.32397143178
45,8,80,-2118.78752831641,80,972.06876295712,80,4.91648290979757,80,-2809.17769674756
45,8,85,-2093.14475519894,85,639.694602760187,85,184.324906838718,85,-2876.51883672246
45,8,90,-2036.27967352144,90,324.569739023894,90,335.084323927746,90,-2906.98582889797
50,8,0,1580.08974194538,0,1015.83020373815,0,71.6676829198631,0,1625.87930927141
50,8,5,1431.04452863849,5,1448.81425499633,5,-271.628111652491,5,1601.40037179999
50,8,10,1211.34412334001,10,1858.94925168636,10,-576.653574086062,10,1484.9630601281
50,8,15,932.193423755021,15,2223.64672133265,15,-831.950728913526,15,1281.6708547193
50,8,20,607.540770183746,20,2523.1736936151,20,-1029.35089228347,20,1001.85872679018
50,8,25,253.235957428341,25,2742.6857609568,25,-1164.22771291132,25,659.998210990906
50,8,30,-114.131098423946,30,2873.65154961607,30,-1235.40072409347,30,273.334622462312
50,8,35,-478.53037587842,35,2914.29683164954,35,-1244.73977457758,35,-139.49322145014
50,8,40,-825.636629133976,40,2868.94376984604,40,-1196.61810614165,40,-559.692465087491
50,8,45,-1143.56655151584,45,2746.46536911015,45,-1097.38248504724,45,-969.387933983637
50,8,50,-1423.13011939881,50,2558.35937769967,50,-954.932434277662,50,-1352.58136453112
50,8,55,-1657.71724790638,55,2317.02418660853,55,-778.382248168348,55,-1696.03554864141
50,8,60,-1843.04740201259,60,2034.65007262399,60,-577.707795760164,60,-1990.0316222424
50,8,65,-1976.97871093483,65,1722.81492025565,65,-363.304736638633,65,-2228.87086224081
50,8,70,-2059.45224399143,70,1392.56537566533,70,-145.47751786445,70,-2410.99568050953
50,8,75,-2092.52683944225,75,1054.61759298775,75,66.0379283194472,75,-2538.68743991001
50,8,80,-2080.4038619147,80,719.365253361346,80,262.401856088028,80,-2617.40157580257
50,8,85,-2029.35446881846,85,396.563927641949,85,435.794352134433,85,-2654.85947761672
50,8,90,-1947.5088016003,90,94.7519508955997,90,579.374511267107,90,-2660.01173674169
55,8,0,1469.28803185345,0,960.432511758207,0,42.50594163061,0,1426.50658676426
55,8,5,1320.1647875243,5,1379.08268426379,5,-266.074034609587,5,1416.87681803158
55,8,10,1101.89159169093,10,1775.8523909768,10,-537.090471546571,10,1316.94133006378
55,8,15,824.978608847947,15,2126.91244847468,15,-759.808904989501,15,1131.41733552188
55,8,20,503.038789538284,20,2411.17974149233,20,-926.635819905491,20,870.616960824577
55,8,25,152.185643619147,25,2612.821718198,25,-1033.47181084405,25,549.22244105644
55,8,30,-210.193117664587,30,2723.16741230015,30,-1079.67069358731,30,184.750158421083
55,8,35,-567.08119824244,35,2741.40418107013,35,-1067.6182666717,35,-203.961003093688
55,8,40,-903.428354488667,40,2673.75713446601,40,-1002.10936088614,40,-598.029104808124
55,8,45,-1207.21270244877,45,2531.3900261654,45,-889.755367242204,45,-979.571875464697
55,8,50,-1469.74331422229,50,2327.76495691406,50,-738.551624601064,50,-1332.64192307851
55,8,55,-1685.33202359492,55,2076.37054077142,55,-557.559972059038,55,-1644.15301513566
55,8,60,-1850.70231072574,60,1789.46594864588,60,-356.560893742264,60,-1904.74051748097
55,8,65,-1964.50576768337,65,1477.94255960078,65,-145.578630265981,65,-2109.35972173588
55,8,70,-2027.13251758755,70,1151.89016197252,70,65.6732108440441,70,-2257.42232781958
55,8,75,-2040.78181663177,75,821.238935013536,75,268.26649870162,75,-2352.40487670781
55,8,80,-2009.6298896479,80,495.988488830686,80,454.301626805735,80,-2401.02927627041
55,8,85,-1939.92460748545,85,185.872498936923,85,616.87510543033,85,-2412.20299913036
55,8,90,-1839.90295690607,90,-100.388389072136,90,749.85786026753,90,-2395.88065174383
60,8,0,1376.7371266262,0,905.362481512423,0,10.1229070831938,0,1229.56657814921
60,8,5,1231.45977714396,5,1305.83140321978,5,-259.552971095496,5,1233.77130998737
60,8,10,1019.55466162605,10,1685.73722935629,10,-493.839360784667,10,1151.3366157615
60,8,15,750.130046264109,15,2020.68069923949,15,-683.075170569364,15,986.134936170385
60,8,20,435.752227190516,20,2288.61245707731,20,-820.303712590108,20,747.862251022639
60,8,25,92.2703451889583,25,2472.76735335535,25,-901.780727482534,25,450.798952667018
60,8,30,-262.365334372732,30,2564.15487415499,30,-927.080143798817,30,112.191232005833
60,8,35,-610.116747342506,35,2562.66805120607,35,-898.740782782971,35,-249.336424736219
60,8,40,-935.041806210959,40,2476.22597718348,40,-821.641365513976,40,-615.076118137179
60,8,45,-1224.85386535909,45,2318.13916771351,45,-702.390074504779,45,-967.252209570622
60,8,50,-1471.37720661556,50,2103.6842204931,50,-548.891251193167,50,-1289.96104073095
60,8,55,-1669.98291036435,55,1847.20770638844,55,-370.02570084111,55,-1570.19102273027
60,8,60,-1818.54286664404,60,1560.71911475654,60,-175.261293293303,60,-1798.84416430037
60,8,65,-1916.52925883538,65,1254.09593863959,65,25.9016542310547,65,-1971.46775373973
60,8,70,-1964.63197122356,70,936.231445369396,70,224.545802401288,70,-2088.40147010459
60,8,75,-1964.8944728579,75,616.158734362875,75,412.785235982668,75,-2154.25289205701
60,8,80,-1921.11273972659,80,303.462603323836,80,583.873841852656,80,-2176.86824887034
60,8,85,-1839.19093723182,85,7.8496516458826,85,731.974466573232,85,-2166.0887951188
60,8,90,-1727.24551892523,90,-261.810823977021,90,851.749194035168,90,-2132.52391948345
65,8,0,1302.35608029742,0,853.914226762638,0,-24.8618608665646,0,1039.31596400506
65,8,5,1163.68679639256,5,1233.77038292457,5,-252.776642620268,5,1056.02367359099
65,8,10,961.617532177224,10,1594.24799869109,10,-448.617141627304,10,991.754339985191
65,8,15,703.409192937548,15,1911.1404838333,15,-604.207906620442,15,849.038020552441
65,8,20,400.050232457998,20,2161.98654725222,20,-713.356011990434,20,636.260510377246
65,8,25,66.6540971499982,25,2329.31216283547,25,-772.530566796713,25,366.573733027545
65,8,30,-278.542202890421,30,2403.71326550523,30,-781.192159187554,30,56.3399283381865
65,8,35,-616.515224725545,35,2385.49974100828,35,-741.617431008629,35,-276.439344750432
65,8,40,-930.308591956684,40,2283.94790919009,40,-658.380694703094,40,-613.406893809303
65,8,45,-1207.24070974898,45,2114.21518991355,45,-537.800764357915,45,-936.870812215944
65,8,50,-1439.62803553918,50,1893.13111984085,50,-387.527469631256,50,-1230.82083881442
65,8,55,-1623.98641373453,55,1635.64565624774,55,-216.184643588385,55,-1482.12868787265
65,8,60,-1759.42851882278,60,1353.27228792379,60,-32.8729617650624,60,-1681.80299152664
65,8,65,-1846.22496209495,65,1054.68496377703,65,153.521140779001,65,-1825.88731268219
65,8,70,-1885.17487537736,70,747.497065308297,70,335.015486777453,70,-1915.60016519146
65,8,75,-1877.85034632641,75,439.862506930166,75,504.920076320991,75,-1956.62044111814
65,8,80,-1827.32925214893,80,141.002067568194,80,657.75660749509,80,-1957.7826508542
65,8,85,-1738.90838983573,85,-139.403934450886,85,788.794898627326,85,-1929.6102451041
65,8,90,-1620.43779567245,90,-392.418794483074,90,893.466120785548,90,-1883.00943066406
70,8,0,1246.5098836974,0,808.539713500081,0,-62.8117977298329,0,858.962294213254
70,8,5,1115.99198665928,5,1167.04363402653,5,-247.393002954095,5,886.415879728075
70,8,10,925.523135611374,10,1506.74320150078,10,-403.83294261848,10,840.429727238918
70,8,15,680.425157231042,15,1804.32458145417,15,-525.921331534472,15,721.750037975679
70,8,20,389.874527894492,20,2037.55708408154,20,-608.478445551046,20,536.757117359344
70,8,25,67.9307727338026,25,2188.66279594016,25,-648.162981588179,25,296.708229727378
70,8,30,-267.159402626285,30,2247.90295715762,30,-644.06039307007,30,16.4304798253993
70,8,35,-595.519167867221,35,2215.79349647148,35,-597.788254237976,35,-287.104502912527
70,8,40,-899.159513189696,40,2102.59195389489,40,-513.214708638691,40,-596.01645251215
70,8,45,-1164.92478270783,45,1924.89513813975,45,-396.065943417595,45,-892.594825769102
70,8,50,-1385.5850044301,50,1700.73091211106,50,-253.568836259266,50,-1160.49519364764
70,8,55,-1558.82778241858,55,1445.38302718094,55,-94.0230668515555,55,-1386.22583632384
70,8,60,-1685.03220964064,60,1169.69521079001,60,73.8712762059683,60,-1560.7077166687
70,8,65,-1765.19688810806,65,881.067958530078,65,241.892680647515,65,-1680.36012937362
70,8,70,-1800.02426926066,70,585.861489352029,70,403.068159647057,70,-1747.20826652645
70,8,75,-1790.32199761953,75,291.431902843982,75,551.966843499771,75,-1767.92445835364
70,8,80,-1738.16943226867,80,6.70156161303802,80,684.39084371622,80,-1752.19097709706
70,8,85,-1648.07208307698,85,-258.687463061557,85,796.666251225799,85,-1710.97602671869
70,8,90,-1527.54882296082,90,-495.831830538909,90,884.907126825607,90,-1655.15282759377
75,8,0,1209.55571327024,0,770.138241140626,0,-104.583684563603,0,690.928539707273
75,8,5,1087.84694551912,5,1108.25135647749,5,-245.497754175324,5,726.94237874624
75,8,10,909.279768686312,10,1427.21500243839,10,-362.207795172751,10,698.656896165973
75,8,15,677.470026176015,15,1705.10143339343,15,-450.982064778877,15,604.739948893194
75,8,20,399.873693244845,20,1920.51681013843,20,-508.037064370406,20,448.985354924555
75,8,25,89.3982211369964,25,2055.9060119341,25,-530.367145328066,25,240.053252214372
75,8,30,-235.914671562137,30,2101.46616330842,30,-516.567869935217,30,-9.39135560187695
75,8,35,-555.536154204796,35,2057.85984503828,35,-467.29334486185,35,-283.806156163494
75,8,40,-850.543495004613,40,1935.99654918143,40,-385.339721239281,40,-565.909738861808
75,8,45,-1107.30489325365,45,1753.46425080862,45,-275.531006629737,45,-837.872262781874
75,8,50,-1319.00049680056,50,1529.0813781366,50,-144.471441555916,50,-1082.80141315459
75,8,55,-1484.44888965313,55,1278.19937168477,55,-0.0309023385134666,55,-1286.61487671985
75,8,60,-1605.24463475667,60,1010.88978289297,60,149.548393422161,60,-1439.95690369489
75,8,65,-1683.0080203996,65,733.301848532078,65,296.747317279876,65,-1539.47543287395
75,8,70,-1718.16291824469,70,450.622539429096,70,435.614210662651,70,-1587.87479986776
75,8,75,-1710.53102562348,75,169.483192190759,75,561.943139615865,75,-1592.68426184395
75,8,80,-1661.00301221485,80,-101.46896310946,80,672.72877403852,80,-1564.26406870758
75,8,85,-1573.18979283835,85,-352.669852577407,85,765.232347769278,85,-1513.80907479233
75,8,90,-1454.26713670738,90,-575.33590319728,90,836.138955553841,90,-1451.89276352434
80,8,0,1191.33258021379,0,738.037125975388,0,-151.005769861222,0,536.975360481483
80,8,5,1078.71610956355,5,1058.12225650491,5,-249.080011640349,5,579.051164762637
80,8,10,911.428992641273,10,1357.74295087034,10,-326.314910863229,10,567.147078982153
80,8,15,691.814967537219,15,1616.56549691907,15,-381.939208562221,15,497.76232015315
80,8,20,425.964711149275,20,1814.48605133315,20,-414.041326364562,20,371.736567551221
80,8,25,125.769285012594,25,1934.7141688819,25,-420.267360740794,25,194.601459329074
80,8,30,-191.027037681344,30,1967.79125887379,30,-398.795987529497,30,-23.6649391394084
80,8,35,-503.454680640822,35,1914.62913242261,35,-349.16831651527,35,-269.319965089444
80,8,40,-791.842048140626,40,1786.56130539769,40,-272.834286757792,40,-525.838321465411
80,8,45,-1042.14855213165,45,1601.74341974953,45,-173.425854973302,45,-775.253954922666
80,8,50,-1247.91219298969,50,1379.37493383709,50,-56.6843481863615,50,-1000.01967588744
80,8,55,-1408.96469204109,55,1134.63946224443,55,70.1263997817046,55,-1185.32853874202
80,8,60,-1527.98539254247,60,876.806167618955,60,199.338086864674,60,-1321.40027118567
80,8,65,-1607.09391911938,65,610.862499579345,65,324.18170632688,65,-1404.93382680409
80,8,70,-1646.32166839791,70,340.909810024566,70,439.689077898493,70,-1439.09736476047
80,8,75,-1644.40248548185,75,72.8665862640076,75,542.755706313957,75,-1432.04095924477
80,8,80,-1600.96335135327,80,-184.955194742806,80,631.393625704398,80,-1394.57444348589
80,8,85,-1518.68534392669,85,-423.150352377486,85,703.629456555852,85,-1337.91589088255
80,8,90,-1404.39934866571,90,-633.108375823502,90,756.610034137366,90,-1272.1576026
85,8,0,1190.87439453097,0,710.421097630739,0,-202.506093711674,0,398.182481611096
85,8,5,1087.72105190553,5,1015.7245814712,5,-259.590607898098,5,443.7016287827
85,8,10,930.773734920433,10,1298.48217296634,10,-298.195677385604,10,446.207178941148
85,8,15,721.582600843058,15,1539.88368813741,15,-320.881751870229,15,400.153209785754
85,8,20,465.373889930233,20,1721.34802674897,20,-328.097300600184,20,303.329432302993
85,8,25,173.348398997391,25,1827.29639128222,25,-318.577191281153,25,157.864326164049
85,8,30,-136.990694657331,30,1849.059205558,30,-290.342033725728,30,-29.2977997833042
85,8,35,-444.393814346055,35,1788.01045230292,35,-241.86259936009,35,-246.522183311685
85,8,40,-728.655715051729,40,1655.78848870145,40,-173.111375203923,40,-478.253197959926
85,8,45,-975.430221062222,45,1470.76219303382,45,-86.2977065052877,45,-706.515321057663
85,8,50,-1178.53598434382,50,1252.14837976261,50,13.9648016670071,50,-913.176074487347
85,8,55,-1338.61554234507,55,1014.78493862844,55,121.268724480227,55,-1082.71765917487
85,8,60,-1459.22458069252,60,767.181991221734,60,228.707866425423,60,-1204.85727279397
85,8,65,-1542.86191718684,65,513.306664038053,65,330.339500565841,65,-1276.14082426878
85,8,70,-1589.15476552234,70,256.250323307065,70,422.114704633614,70,-1299.88433380363
85,8,75,-1595.8029097792,75,1.15238758129468,75,501.84692713148,75,-1284.50168352649
85,8,80,-1561.22789777722,80,-244.167446756603,80,568.333433971853,80,-1240.94398072581
85,8,85,-1487.20231239992,85,-470.596110134094,85,620.172746876911,85,-1180.25059241833
85,8,90,-1380.18423043158,90,-669.723578412631,90,654.882899003255,90,-1111.9379346872
90,8,0,1206.39722956735,0,684.884443514324,0,-258.977572471471,0,274.858959209568
90,8,5,1113.43947977172,5,978.955203814792,5,-277.741427912605,5,321.27776779063
90,8,10,966.056407855725,10,1248.01611333173,10,-279.154589650739,10,335.730060201535
90,8,15,765.401538770727,15,1474.50730699121,15,-269.298172374061,15,310.928329695042
90,8,20,516.356351858474,20,1641.38057002974,20,-251.385870625858,20,241.796727387757
90,8,25,229.862456407477,25,1734.54498438947,25,-225.717732208287,25,127.08682855811
90,8,30,-76.6355550390895,30,1746.49135375363,30,-190.56019518925,30,-29.4058460395498
90,8,35,-381.687417150263,35,1679.28858053587,35,-143.553280971954,35,-218.365957542028
90,8,40,-664.746585707517,40,1544.83188093687,40,-83.2391233365739,40,-425.474765032487
90,8,45,-911.25606950777,45,1361.42956173747,45,-10.2782214965011,45,-633.039177511718
90,8,50,-1115.19142754776,50,1148.02682454201,50,72.0929738417731,50,-822.615635950746
90,8,55,-1277.71597329428,55,919.011274414728,55,158.619625567449,55,-978.160023560961
90,8,60,-1402.98060951855,60,682.247464374301,60,243.405286436203,60,-1088.8969736472
90,8,65,-1493.75343918642,65,440.869540886318,65,321.446164974812,65,-1151.00764620882
90,8,70,-1549.35875700361,70,197.031240803487,70,389.552964258768,70,-1167.55890502399
90,8,75,-1566.68440913825,75,-45.0284366391473,75,446.260145325162,75,-1146.76366601202
90,8,80,-1543.14749669221,80,-278.216997970314,80,490.907431279008,80,-1099.32508754568
90,8,85,-1479.68970202813,85,-493.902859489043,85,522.478707161328,85,-1035.88839570506
90,8,90,-1382.32900021872,90,-683.907348426191,90,538.800609714113,90,-965.366673928927
95,8,0,1235.44699480408,0,658.877826530022,0,-319.870513345896,0,166.481182792873
95,8,5,1153.84300309915,5,945.062456043644,5,-303.554274581107,5,211.453811502223
95,8,10,1015.70545172756,10,1203.85732175041,10,-269.770645072435,10,235.068561916736
95,8,15,822.042545033783,15,1418.58484656406,15,-228.082382117384,15,228.720341825477
95,8,20,577.829740877862,20,1573.56841215293,20,-184.706370341303,20,184.89514949023
95,8,25,294.182583542101,25,1656.28608381274,25,-141.933154389467,25,99.2885821590212
95,8,30,-11.2717801968534,30,1660.6040677641,30,-98.7569535563961,30,-27.3190277422181
95,8,35,-316.892557859639,35,1589.44287855791,35,-52.3953591492484,35,-188.021031231512
95,8,40,-601.931593203332,40,1454.91314742719,40,-0.195814428121374,40,-370.031675079257
95,8,45,-851.670189892997,45,1275.04828912139,45,58.7132976355729,45,-556.374679917475
95,8,50,-1060.05360886769,50,1068.30847595983,50,122.653276571166,50,-728.753329092818
95,8,55,-1228.39316815064,55,848.595083717965,55,187.810973163159,55,-870.939319375348
95,8,60,-1361.08928453378,60,623.296287005769,60,249.571091873388,60,-971.769040818708
95,8,65,-1461.07361243875,65,394.943357772167,65,304.012999558155,65,-1026.87289521808
95,8,70,-1527.56150117054,70,164.849932754952,70,348.780882920832,70,-1038.64352517149
95,8,75,-1556.99929789482,75,-63.7674617961397,75,382.971299185937,75,-1014.57175158282
95,8,80,-1546.13754749564,80,-284.806998345589,80,406.266106169324,80,-964.669881698275
95,8,85,-1495.23073449515,85,-490.352439117686,85,417.889987348096,85,-898.953545041925
95,8,90,-1409.76505890557,90,-672.526435745174,90,415.951004766033,90,-825.740351661513
100,8,0,1275.05588093823,0,629.967164728606,0,-384.42827830845,0,71.7538665068946
100,8,5,1206.30881824417,5,911.049878198466,5,-336.601095313841,5,113.133598929683
100,8,10,1077.69093183855,10,1162.90848460349,10,-270.101205418908,10,142.917551025081
100,8,15,890.165495439525,15,1369.38990551317,15,-197.695689971403,15,151.663984400705
100,8,20,649.099231768588,20,1515.93454787074,20,-128.622416916578,20,130.022454855734
100,8,25,366.119458910506,25,1591.49761215042,25,-67.4594217970851,25,71.1948440039625
100,8,30,59.2437251515146,30,1591.34169586177,30,-14.4114448610348,30,-26.6958856679919
100,8,35,-249.68677870204,35,1519.24861453731,35,33.204668871634,35,-159.109069930767
100,8,40,-539.811612581625,40,1387.44290313288,40,78.8310139355587,40,-315.075983580354
100,8,45,-796.238567272392,45,1213.48566554249,45,124.690650654096,45,-478.852583033455
100,8,50,-1012.63146471178,50,1015.18747968654,50,170.722140788391,50,-632.866698427896
100,8,55,-1190.01309702653,55,805.968240220788,55,214.772631648829,55,-761.16142800587
100,8,60,-1332.63703358976,60,592.935548550764,60,253.753049765704,60,-852.378831144233
100,8,65,-1443.47926872466,65,378.281772594161,65,284.98306055736,65,-901.479875712773
100,8,70,-1521.88252949065,70,162.634953042511,70,306.964170401885,70,-909.805625431066
100,8,75,-1564.3137620245,75,-51.8663092347767,75,319.274700209108,75,-883.628640882995
100,8,80,-1567.30070643989,80,-260.333133230082,80,321.826252375169,80,-831.829240702992
100,8,85,-1530.62829053729,85,-455.809927763445,85,314.013447729307,85,-763.548892997291
100,8,90,-1459.16983642996,90,-630.852252085293,90,294.240334177334,90,-686.521055472939
105,8,0,1321.81038398898,0,595.919063073258,0,-451.931652266882,0,-11.1442824700315
105,8,5,1267.63465315833,5,873.895221653778,5,-376.316712417279,5,24.5744120641799
105,8,10,1149.46579286588,10,1121.75178635413,10,-279.9953536613,10,57.3463222480501
105,8,15,968.200088826739,15,1323.5945937835,15,-178.447596460268,15,77.3814144432925
105,8,20,729.722653290751,20,1465.71291897835,20,-83.7171579799164,20,74.1874652727305
105,8,25,446.338224090364,25,1538.3257529752,25,-2.78879552605092,25,39.1904533462207
105,8,30,136.539060523161,30,1537.9275612754,30,62.5116435210914,30,-31.62006208616
105,8,35,-177.669678907397,35,1468.99559621809,35,114.205910353383,35,-135.901480269114
105,8,40,-475.385130474599,40,1343.66103586892,40,155.997946026209,40,-264.725664944265
105,8,45,-741.483844522836,45,1178.78605707914,45,191.121958146125,45,-404.091803488953
105,8,50,-969.058453477465,50,991.372343487556,50,221.035503848852,50,-537.759208261852
105,8,55,-1158.38095779917,55,794.358636163266,55,245.335833966782,55,-650.548370569426
105,8,60,-1313.13477884183,60,594.751989183416,60,262.624916387762,60,-731.176661390126
105,8,65,-1436.18596654524,65,394.681621068101,65,271.601842920157,65,-773.92417517722
105,8,70,-1527.21253271695,70,194.318085784293,70,271.695520685454,70,-778.830886642178
105,8,75,-1583.16658755586,75,-5.21077005487095,75,262.980183025588,75,-750.572816881939
105,8,80,-1600.83885276736,80,-200.33832292875,80,245.595568871037,80,-696.532668822615
105,8,85,-1579.82478679427,85,-385.27473762701,85,219.126067077533,85,-624.754296748351
105,8,90,-1524.35135265089,90,-553.1967377895,90,182.329237743737,90,-542.380805757459
110,8,0,1371.8121821039,0,554.66301487676,0,-521.797625678011,0,-84.1365304864037
110,8,5,1334.00805768494,5,830.582657168606,5,-422.222677313732,5,-56.2495109748344
110,8,10,1227.91980329875,10,1076.70897645243,10,-299.374808628385,10,-23.9087245511383
110,8,15,1054.26835956187,15,1277.28656693518,15,-170.790417871056,15,3.21531492977406
110,8,20,819.404496270189,20,1419.2377169351,20,-50.8946149618749,20,14.2000321100802
110,8,25,536.254872251386,25,1493.77320221732,25,50.9975359724778,25,-0.527630821695185
110,8,30,223.68054926628,30,1498.31373946891,30,131.159488270287,30,-46.4963164300548
110,8,35,-96.2937334804823,35,1437.70733971327,35,190.428318045201,35,-123.287135626389
110,8,40,-402.821448392628,40,1323.66805812258,40,232.18796081876,40,-224.12980575131
110,8,45,-680.488776919387,45,1172.07236380603,45,260.215649337337,45,-337.183974648702
110,8,50,-921.541973623837,50,998.916273040393,50,277.220892201184,50,-448.081113181759
110,8,55,-1125.07173200032,55,816.604810700035,55,284.471882159621,55,-542.908063392406
110,8,60,-1293.77693884088,60,632.160446195718,60,282.298371183436,60,-610.781924758449
110,8,65,-1430.20888331793,65,447.899015123011,65,270.860250335177,65,-645.424554316084
110,8,70,-1534.48619199377,70,263.822174037914,70,250.603316110283,70,-645.516653556203
110,8,75,-1604.40625790169,75,80.257720538319,75,222.190082862122,75,-613.957997500477
110,8,80,-1637.45651130526,80,-100.496957256302,80,186.087869589661,80,-556.416963880777
110,8,85,-1633.34243125095,85,-273.926971499668,85,142.174256533577,85,-479.679525887757
110,8,90,-1595.67790757251,90,-434.040261289931,90,89.6525850584493,90,-390.269969269249
115,8,0,1420.57329967734,0,504.200588593851,0,-593.408063214586,0,-148.751575742513
115,8,5,1400.90917104741,5,778.015497848608,5,-473.89708968589,5,-131.096088904823
115,8,10,1309.2509234696,10,1023.72868644488,10,-328.301535636189,10,-102.882100925758
115,8,15,1145.9802191355,15,1225.77410741513,15,-175.451541144724,15,-73.224415731527
115,8,20,917.685247130893,20,1371.5897569604,20,-31.5661750228088,20,-52.807365697267
115,8,25,637.622373439524,25,1453.1094768665,25,91.9738070922444,25,-51.4527202259046
115,8,30,324.696020544109,30,1468.30003101668,30,189.433520690296,30,-75.5730008482958
115,8,35,0.657771899892157,35,1421.95089433413,35,260.056271578388,35,-126.316468319071
115,8,40,-313.881540105708,40,1324.94625503191,40,306.349683985251,40,-199.048239219886
115,8,45,-603.220747711528,45,1191.82791972548,45,332.093725576816,45,-284.339123427154
115,8,50,-858.571360275388,50,1037.32874654199,50,340.832847877689,50,-370.087490365301
115,8,55,-1077.51358225294,55,873.179948815661,55,335.244514590544,55,-444.059111527045
115,8,60,-1261.40253844233,60,706.428996178956,60,317.26163293569,60,-496.122646246156
115,8,65,-1412.21971688769,65,539.753153063722,65,288.4860683855,65,-519.701792231844
115,8,70,-1530.47123185663,70,373.286462683311,70,250.44323638779,70,-512.279059052538
115,8,75,-1614.95689866937,75,206.881166319771,75,204.507946308901,75,-475.04183616178
115,8,80,-1664.13676369734,80,41.7844367693406,80,151.633166545009,80,-411.927167671427
115,8,85,-1678.07328495228,85,-118.739641035377,85,92.1440204851737,85,-328.405917592693
115,8,90,-1659.85531913454,90,-269.70820706569,90,25.7982617508574,90,-230.344112724962
120,8,0,1462.93235638923,0,442.578866364828,0,-665.646269430979,0,-205.760179476611
120,8,5,1462.9744613228,5,712.976570080947,5,-530.596882046506,5,-200.906912252162
120,8,10,1388.70191735774,10,958.315568137813,10,-366.680502706708,10,-180.699490124605
120,8,15,1239.96476662657,15,1163.43782641302,15,-193.209086304096,15,-153.300376828761
120,8,20,1023.20978381997,20,1316.30254103566,20,-27.4980111184651,20,-128.571141992907
120,8,25,751.518753305799,25,1409.3545631776,25,117.437495189464,25,-115.919716204024
120,8,30,443.309597261344,30,1440.72715953446,30,233.942184403749,30,-122.04398365129
120,8,35,119.610786248147,35,1414.69547086138,35,319.43316858706,35,-149.245297152795
120,8,40,-199.502146209936,40,1340.87191574464,40,375.090290741873,40,-194.848682513155
120,8,45,-498.169320522333,45,1232.0843670933,45,404.155132075097,45,-251.879429541455
120,8,50,-766.538203879668,50,1101.49295971032,50,410.487055074471,50,-310.702141621978
120,8,55,-1000.51751553332,55,959.920699557706,55,397.74569141139,55,-361.053895754175
120,8,60,-1199.86501277316,60,814.319759654459,60,369.169885873433,60,-393.899789857617
120,8,65,-1365.71000129238,65,667.780212974326,65,327.649078644383,65,-402.735916456155
120,8,70,-1498.71869185702,70,520.809065250227,70,275.770238870879,70,-384.207634574028
120,8,75,-1598.59029032627,75,373.142373513674,75,215.711523759889,75,-338.09077022216
120,8,80,-1664.79178619906,80,225.309850960498,80,149.064409831802,80,-266.783992699577
120,8,85,-1697.85767590722,85,79.4815839706665,85,76.7567569336462,85,-174.51198919391
120,8,90,-1700.45231094277,90,-60.4624146098463,90,-0.799323170019267,90,-66.4549967929195
125,8,0,1493.1322213035,0,368.103002325918,0,-736.290605263709,0,-255.186227795171
125,8,5,1513.94342613735,5,632.396896765212,5,-590.606846476175,5,-265.549928083357
125,8,10,1460.25418112158,10,875.851747678788,10,-413.590199003937,10,-257.087371314072
125,8,15,1331.19517606605,15,1084.07120281203,15,-224.222645277376,15,-236.670691665831
125,8,20,1132.59868012622,20,1245.66289486256,20,-40.1566892285553,20,-212.867680543062
125,8,25,876.726166679378,25,1353.46490085904,25,124.528418658346,25,-194.133732125267
125,8,30,580.836652971192,30,1405.46882259369,30,260.547794842463,30,-186.923955283826
125,8,35,264.657484155048,35,1405.03855799225,35,363.479038529245,35,-194.246178039067
125,8,40,-52.7023530472768,40,1360.1221331318,40,432.895021705865,40,-215.067979084822
125,8,45,-355.518118855575,45,1281.48340222936,45,471.033518344355,45,-244.702786188803
125,8,50,-633.051205942051,50,1180.38948673828,50,481.514979167175,50,-275.971346478118
125,8,55,-879.592338053746,55,1066.45295430016,55,468.436846101254,55,-300.727972769986
125,8,60,-1093.19984081917,60,946.285690305178,60,435.892039644777,60,-311.330825168958
125,8,65,-1273.88836594928,65,823.287365006932,65,387.752428540845,65,-301.772254293729
125,8,70,-1422.12155632319,70,698.442371964427,70,327.523646935072,70,-268.355229902421
125,8,75,-1538.14756752611,75,571.660379431385,75,258.182998925167,75,-209.921824665023
125,8,80,-1622.20866742681,80,443.104928386898,80,182.042336253607,80,-127.69904633523
125,8,85,-1675.2417522943,85,314.097780295099,85,100.735125597459,85,-24.8577105343743
125,8,90,-1699.54457048304,90,187.435784682434,90,15.3923791207313,90,94.0968948577675
130,8,0,1505.2522409637,0,279.946778750328,0,-801.592217897334,0,-296.837093984796
130,8,5,1546.93305819621,5,534.171901885588,5,-650.612394824519,5,-324.108885819929
130,8,10,1516.58651067138,10,772.634725034354,10,-466.479646977342,10,-330.416999333438
130,8,15,1412.48634650416,15,982.125959263494,15,-267.080047631189,15,-321.099228264131
130,8,20,1239.37391476262,20,1152.12128854735,20,-69.6275830060294,20,-303.098086543511
130,8,25,1008.01715229031,25,1275.84235884096,25,111.41045862788,25,-283.521782283255
130,8,30,733.805946124631,30,1350.95431416856,30,265.600400928654,30,-268.146814344785
130,8,35,434.530580940762,35,1379.64555636332,35,386.901444248546,35,-260.237869685974
130,8,40,127.80131093266,40,1367.9337181611,40,473.218089596687,40,-259.982143336991
130,8,45,-171.246043377768,45,1324.26821042654,45,525.465359206535,45,-264.63934879177
130,8,50,-451.375965003671,50,1257.75458054617,50,546.520060487785,50,-269.285480209716
130,8,55,-705.540567926697,55,1176.4793481715,55,540.33212172386,55,-267.882194285297
130,8,60,-930.180581317524,60,1086.38226364527,60,511.294076566076,60,-254.384847881949
130,8,65,-1124.01922063466,65,990.918296778607,65,463.822390111353,65,-223.681892935353
130,8,70,-1286.91239022205,70,891.47219562804,70,402.058764729786,70,-172.263883288802
130,8,75,-1419.1511746886,75,788.258418556013,75,329.642106751378,75,-98.5953076179647
130,8,80,-1521.31273707419,80,681.34196681822,80,249.568316102584,80,-3.19800302982257
130,8,85,-1594.48677571147,85,571.459480408127,85,164.185263445938,85,111.525508771435
130,8,90,-1640.58004688043,90,460.450707502358,90,75.3475338360329,90,241.676709416119
135,8,0,1494.16971962557,0,179.143265456236,0,-856.434242998992,0,-331.257605643587
135,8,5,1555.33483622447,5,418.520414670172,5,-705.549580866502,5,-375.756728716104
135,8,10,1549.75180483013,10,647.639994014366,10,-520.703904656962,10,-398.453791886085
135,8,15,1474.80426290483,15,854.890813842327,15,-318.016928739869,15,-403.044511585264
135,8,20,1333.77517123493,20,1030.87310706445,20,-113.52256824789,20,-394.679054592264
135,8,25,1135.37752929855,25,1169.27530162885,25,78.656560974303,25,-378.882594163535
135,8,30,892.516833706197,30,1267.39518530026,30,247.568991568157,30,-360.429874265217
135,8,35,620.457953750447,35,1326.15768066488,35,385.992165919823,35,-342.428896370601
135,8,40,334.756110795069,40,1349.56508311298,40,490.333440577381,40,-325.815886908077
135,8,45,49.403415567054,45,1343.66086744531,45,560.066343077842,45,-309.341680675612
135,8,50,-224.419800935991,50,1315.2362892983,50,596.952892656127,50,-289.990165308579
135,8,55,-478.802804582073,55,1270.5918249763,55,604.264832573702,55,-263.672277248402
135,8,60,-708.844852994494,60,1214.64325525023,60,586.121525955779,60,-226.014996941228
135,8,65,-911.955191395619,65,1150.54418436517,65,546.97092060258,65,-173.100613957969
135,8,70,-1087.05832805476,70,1079.83345465097,70,491.194981969975,70,-102.067508291214
135,8,75,-1233.97644117372,75,1002.97054284182,75,422.82441710048,75,-11.5263826555396
135,8,80,-1353.10288829719,80,920.040724354867,80,345.37016050839,80,98.2319585956667
135,8,85,-1445.32327273328,85,831.407681617933,85,261.788870318195,85,225.246231692909
135,8,90,-1512.04835310565,90,738.147156198211,90,174.584383656442,90,366.098973410903
140,8,0,1457.04175189554,0,69.6187414054199,0,-895.32561327531,0,-360.71727043066
140,8,5,1534.46088035841,5,289.442055133136,5,-749.325436534817,5,-420.907169883654
140,8,10,1552.88972202541,10,504.451968507243,10,-569.906546396404,10,-459.618208607269
140,8,15,1508.93949458243,15,704.939763490207,15,-370.904458762809,15,-478.961758264554
140,8,20,1404.27998201882,20,882.852796117467,20,-166.529775080118,20,-482.309425109183
140,8,25,1245.25087541427,25,1032.48027023924,25,30.1567274270148,25,-473.538133985847
140,8,30,1041.8853921141,30,1150.83895867912,30,208.393863032283,30,-456.233816282984
140,8,35,806.503055343063,35,1237.6801857706,35,360.371902065567,35,-433.017929607934
140,8,40,552.133168220579,40,1295.10220140802,40,481.382189289985,40,-405.128453628337
140,8,45,291.070655278058,45,1326.83905037615,45,569.562560341408,45,-372.317151344806
140,8,50,33.8179162737984,50,1337.37732078894,50,625.39165614419,50,-333.044186406189
140,8,55,-211.456292683061,55,1331.09365604825,55,651.084061668472,55,-284.890191899857
140,8,60,-438.960617904419,60,1311.59184040733,60,649.997369724265,60,-225.081698011932
140,8,65,-644.968938425186,65,1281.35454623049,65,626.111702703137,65,-151.034355823553
140,8,70,-827.346762234714,70,1241.73539980576,70,583.606379041321,70,-60.8415950574683
140,8,75,-985.088978935185,75,1193.23159640759,75,526.544102500578,75,46.3425763272213
140,8,80,-1117.97047226628,80,1135.9193144202,80,458.671058343989,80,170.063964708346
140,8,85,-1226.3295755802,85,1069.91428212059,85,383.337910697433,85,308.496501584404
140,8,90,-1310.94620385484,90,995.735817789586,90,303.534866254381,90,458.544561899313
145,8,0,1394.93984435494,0,-41.3443814899635,0,-914.115260659443,0,-389.666594467391
145,8,5,1483.6253795688,5,155.436052371608,5,-776.456155218678,5,-462.056721534691
145,8,10,1522.7682371001,10,352.298664331914,10,-607.468343496547,10,-514.18798424692
145,8,15,1508.48961510674,15,541.559409926066,15,-418.395565733117,15,-546.807206930604
145,8,20,1440.96167096723,20,716.633769762573,20,-221.154783284846,20,-561.696985417679
145,8,25,1324.15778261469,25,872.539549780252,25,-27.1356201022771,25,-561.192602140303
145,8,30,1165.17258857006,30,1006.17837250591,30,153.7747211552,30,-547.659592647637
145,8,35,973.231180056091,35,1116.35659568656,35,313.839212034382,35,-523.032293734302
145,8,40,758.562757980885,40,1203.54868331066,40,447.76167207555,40,-488.495810568699
145,8,45,531.330723156368,45,1269.45484352647,45,552.657868053159,45,-444.357078583007
145,8,50,300.780756823353,50,1316.44568298597,50,627.78949303036,50,-390.107196571019
145,8,55,74.700412614782,55,1347.0063221954,55,674.158678784098,55,-324.640930603389
145,8,60,-140.798676289095,60,1363.28466149565,60,694.05076370341,60,-246.578941599469
145,8,65,-341.234832011397,65,1366.81650999272,65,690.590321331871,65,-154.63389288244
145,8,70,-523.543936111119,70,1358.4544977375,70,667.352334346196,70,-47.9668469724979
145,8,75,-685.800309680305,75,1338.48098335343,75,628.053335126017,75,73.5115202426645
145,8,80,-826.945909722288,80,1306.84858669441,80,576.335931466335,80,208.932037697311
145,8,85,-946.567385921907,85,1263.47227827849,85,515.650589651143,85,356.377392211641
145,8,90,-1044.72970183088,90,1208.49613424488,90,449.228008621508,90,512.923681308875
150,8,0,1313.90159102477,0,-143.803198823106,0,-911.866642385076,0,-424.206765228739
150,8,5,1407.81143100765,5,28.6584485035575,5,-784.154294223208,5,-503.724419080167
150,8,10,1462.2143395917,10,205.12636632979,10,-628.692266133643,10,-564.742685998379
150,8,15,1473.14927255631,15,379.846817491442,15,-454.075830744602,15,-606.983106252537
150,8,20,1439.65863715442,20,547.679929993202,20,-269.697475930792,20,-630.968750234183
150,8,25,1363.68222874258,25,704.441221082442,25,-84.8665680868337,25,-637.750500043991
150,8,30,1249.65268514909,30,847.101386420357,30,91.9530064773877,30,-628.598152313578
150,8,35,1103.86967285228,35,973.824906869821,35,253.709967384176,35,-604.713811493347
150,8,40,933.759783746047,40,1083.85358607933,40,395.100951344175,40,-567.016651686147
150,8,45,747.137224793591,45,1177.26691054959,45,512.678385566869,45,-516.030464540367
150,8,50,551.564875365958,50,1254.67112533848,50,604.767442230992,50,-451.883516905833
150,8,55,353.8813436403,55,1316.87817349417,55,671.246674063076,55,-374.409909434865
150,8,60,159.917740689281,60,1364.63214543919,60,713.25082242776,60,-283.326997642008
150,8,65,-25.6102738521471,65,1398.42612810066,65,732.847868177835,65,-178.455697685785
150,8,70,-199.075319808641,70,1418.43047904704,70,732.730925703391,70,-59.9484150989177
150,8,75,-357.826168707888,75,1424.52980842681,75,715.953209168017,75,71.5089987397938
150,8,80,-500.037415691374,80,1416.44523327181,80,685.722954078119,80,214.5504497819
150,8,85,-624.556421798945,85,1393.9044926901,85,645.265029825569,85,367.059818259397
150,8,90,-730.769945439385,90,1356.81743559299,90,597.746655082671,90,526.18935528449
155,8,0,1224.58454642549,0,-227.139975106653,0,-892.060533501784,0,-470.528977132522
155,8,5,1317.83351212305,5,-77.693576050037,5,-773.990739509221,5,-551.256871825928
155,8,10,1381.04225070663,10,78.4131635711133,10,-632.871413136535,10,-615.427464535559
155,8,15,1410.60750938768,15,237.069586613696,15,-474.846561513635,15,-662.125797961084
155,8,20,1404.96385122082,20,394.412360515367,20,-306.825191947415,20,-691.021229552658
155,8,25,1364.58541650566,25,547.037587099043,25,-135.890257663058,25,-702.238998163526
155,8,30,1291.7951701582,30,692.136129562827,30,31.2437548290613,30,-696.204302747065
155,8,35,1190.42323067756,35,827.542035103477,35,188.67182606068,35,-673.488740087307
155,8,40,1065.37214337096,40,951.697582820568,40,331.605933927944,40,-634.685888270581
155,8,45,922.15248497281,45,1063.5512190273,45,456.539584042691,45,-580.335272366583
155,8,50,766.446573867016,50,1162.41411330186,50,561.279777671322,50,-510.90381253067
155,8,55,603.743579644346,55,1247.80555440572,55,644.871143575071,55,-426.823374899866
155,8,60,439.070154439126,60,1319.31628779545,60,707.444353241622,60,-328.574102101146
155,8,65,276.821545175934,65,1376.51276541234,65,750.022018494174,65,-216.796873989166
155,8,70,120.682791925443,70,1418.89566147603,70,774.311725989633,70,-92.4148378693775
155,8,75,-26.379921484191,75,1445.91492166193,75,782.50963126628,75,43.2566847417001
155,8,80,-162.081337584091,80,1457.03313525577,80,777.130678850389,80,188.430662776334
155,8,85,-284.755230437506,85,1451.82097453988,85,760.874025718427,85,340.813578104202
155,8,90,-393.287453608702,90,1430.06417275822,90,736.525179240151,90,497.623324331903
160,8,0,1140.13890836824,0,-282.771542341438,0,-862.410477627235,0,-532.818811984842
160,8,5,1228.31356925866,5,-153.006620591612,5,-752.251805466054,5,-608.849807208717
160,8,10,1294.41783928949,10,-15.3337591577751,10,-624.23657963348,10,-670.203019368582
160,8,15,1335.55928484443,15,127.380244980428,15,-482.462199505152,15,-715.693167810607
160,8,20,1350.09140502832,20,272.284343956642,20,-331.645663351403,20,-744.54314586254
160,8,25,1337.6695337684,25,416.662938409189,25,-176.769067446079,25,-756.343161556559
160,8,30,1299.19494909118,30,558.022501041525,30,-22.7356140186654,30,-750.991748873137
160,8,35,1236.66463188451,35,694.139781061571,35,125.932218769715,35,-728.63181083451
160,8,40,1152.95300570059,40,823.07240350518,40,265.32970570487,40,-689.594198722478
160,8,45,1051.55624624152,45,943.138296886807,45,392.330152331827,45,-634.358637169973
160,8,50,936.329194260401,50,1052.87457486756,50,504.666966608093,50,-563.537710698723
160,8,55,811.240274622094,55,1150.98865271392,55,600.944817005426,55,-477.884944076449
160,8,60,680.162524357145,60,1236.31427505004,60,680.593209432115,60,-378.32353341946
160,8,65,546.710539908733,65,1307.78294928989,65,743.778855602266,65,-265.988657209445
160,8,70,414.125395743865,70,1364.41753527245,70,791.293514017861,70,-142.273937871323
160,8,75,285.203441326499,75,1405.35016793311,75,824.432170515314,75,-8.87174753944847
160,8,80,162.260868450141,80,1429.86210269017,80,844.873212992305,80,132.202306977234
160,8,85,47.1240789641708,85,1437.4392486672,85,854.568326637274,85,278.608349207238
160,8,90,-58.8641231409317,90,1427.83471232229,90,855.645764242811,90,427.709146446192
165,8,0,1072.76267409101,0,-306.514806141434,0,-833.098074215994,0,-611.489774454038
165,8,5,1153.81121947406,5,-192.392967450125,5,-728.592701132467,5,-677.623573192714
165,8,10,1218.77166037725,10,-70.4939323283434,10,-611.167852177705,10,-730.834931929724
165,8,15,1265.62908532595,15,57.1612269789227,15,-483.396420463778,15,-769.962851987863
165,8,20,1293.04205617459,20,188.45682908304,20,-348.27014305572,20,-794.129401182438
165,8,25,1300.40426475385,25,321.245546894066,25,-209.016767419969,25,-802.741357560411
165,8,30,1287.85068887349,30,453.401924261439,30,-68.9123821049142,30,-795.481733579782
165,8,35,1256.2128725477,35,582.863914863643,35,68.8951882189669,35,-772.295498339234
165,8,40,1206.93235580046,40,707.662036610661,40,201.538997604603,40,-733.373880800644
165,8,45,1141.94408807296,45,825.937715783305,45,326.552680154815,45,-679.140949509378
165,8,50,1063.54271510351,50,935.953928925636,50,441.952687381285,50,-610.244892566475
165,8,55,974.244053391628,55,1036.10212437396,55,546.282637699279,55,-527.554813638959
165,8,60,876.652207172387,60,1124.90952590513,60,638.622752872315,60,-432.162195268931
165,8,65,773.340122571098,65,1201.05032067331,65,718.569735682683,65,-325.384724621731
165,8,70,666.748424802784,70,1263.36305597561,70,786.193710682046,70,-208.769142757166
165,8,75,559.104600182898,75,1310.87503904385,75,841.979083052081,75,-84.0893049021654
165,8,80,452.362301499898,80,1342.8329167761,80,886.755567294217,80,46.6642231566153
165,8,85,348.158970150484,85,1358.73717121396,85,921.624462512032,85,181.30599804852
165,8,90,247.789146638333,90,1358.37721918295,90,947.883790911773,90,317.490768648276
170,8,0,1030.21331723307,0,-299.611882979804,0,-813.934215311485,0,-702.568217275056
170,8,5,1104.5478836336,5,-197.937550252982,5,-713.34259563243,5,-754.674396054613
170,8,10,1166.79082767241,10,-89.8346713550974,10,-603.816406509309,10,-795.603810129447
170,8,15,1215.74503373006,15,23.2279850266698,15,-486.93335484191,15,-824.42957293323
170,8,20,1250.53048514896,20,139.667219614167,20,-364.494011862907,20,-840.424211716967
170,8,25,1270.6236586697,25,257.819073618023,25,-238.445764369611,25,-843.074065110987
170,8,30,1275.87549160785,30,375.972358389356,30,-110.800442554841,30,-832.088475563616
170,8,35,1266.50793905468,35,492.401030414318,35,16.4483316627906,35,-807.404457611275
170,8,40,1243.09081906332,40,605.39483409789,40,141.402553597968,40,-769.187637682731
170,8,45,1206.50197683006,45,713.2880626819,45,262.3274338168,45,-717.830202162324
170,8,50,1157.87469169326,50,814.486636816829,50,377.705846610145,50,-653.946383907719
170,8,55,1098.53667625439,55,907.493916971811,55,486.277628395343,55,-578.365712378812
170,8,60,1029.9450083133,60,990.935720827247,60,587.063017979931,60,-492.123911655257
170,8,65,953.620973749233,65,1063.58490849095,65,679.370655009299,65,-396.451019562651
170,8,70,871.088190683072,70,1124.38565142422,70,762.791429507016,70,-292.756078266749
170,8,75,783.816649918048,75,1172.47716073093,75,837.180070436545,75,-182.607654678327
170,8,80,693.174552869664,80,1207.21627482201,80,902.626683169811,80,-67.7095092361853
170,8,85,600.389143077812,85,1228.19795610967,85,959.4205366408,85,50.1290577443213
170,8,90,506.517167927973,90,1235.27247532714,90,1008.00832458316,90,169.028315373859
175,8,0,1013.77662864039,0,-268.060438365081,0,-811.463864971225,0,-798.57938714282
175,8,5,1083.59902268744,5,-177.56532590268,5,-714.442249237738,5,-833.619149148374
175,8,10,1143.73513761621,10,-82.9658174546257,10,-611.012036397568,10,-859.426584866995
175,8,15,1193.54824493891,15,14.6892180048106,15,-502.19275115418,15,-875.451371269997
175,8,20,1232.53679397726,20,114.274786139459,20,-389.087280087163,20,-881.275609505885
175,8,25,1260.34775546218,25,214.608546439977,25,-272.858819860932,25,-876.624836434604
175,8,30,1276.78481447359,30,314.471015394746,30,-154.705378276638,30,-861.37627632383
175,8,35,1281.81102412369,35,412.626770007654,35,-35.8331370798827,35,-835.564174511337
175,8,40,1275.54588199651,40,507.846231253276,40,82.56998517042,40,-799.38211381874
175,8,45,1258.2571242491,45,598.927616860444,45,199.359295286895,45,-753.182264005227
175,8,50,1230.3478241993,50,684.718664047913,50,313.45568125409,50,-697.471555246966
175,8,55,1192.3396160166,55,764.137731310807,55,423.864435719851,55,-632.904801201811
175,8,60,1144.85302954303,60,836.193891565177,60,529.689868126896,60,-560.274829780077
175,8,65,1088.58601587732,65,900.005626508063,65,630.145293592888,65,-480.499715024695
175,8,70,1024.29176773365,70,954.817725749686,70,724.558254688612,70,-394.607245977112
175,8,75,952.756900952302,75,1000.01598786777,75,812.371084949888,75,-303.716821438478
175,8,80,874.780974113325,80,1035.13931915111,80,893.13714806144,80,-209.019024742491
175,8,85,791.158193562881,85,1059.88883520609,85,966.51327614365,85,-111.753209499213
175,8,90,702.661992805609,90,1074.13359637364,90,1032.24908025947,90,-13.1835129706149
180,8,0,1018.59768077079,0,-220.703531886645,0,-827.077477855371,0,-890.610935936938
180,8,5,1086.80616096476,5,-142.241830694828,5,-735.153560921994,5,-906.457472691518
180,8,10,1146.74339004228,10,-62.6975832834576,10,-637.634681492143,10,-915.405320744926
180,8,15,1197.95320949899,15,17.3238305945361,15,-535.263017121789,15,-917.386381570622
180,8,20,1240.04588168748,20,97.213399661291,20,-428.817677990492,20,-912.385578099524
180,8,25,1272.70105595616,25,176.363116057568,25,-319.108777402494,25,-900.440969465613
180,8,30,1295.67020671111,30,254.170602649685,30,-206.971266335316,30,-881.643461352946
180,8,35,1308.77852484592,35,330.043697483233,35,-93.2585789586582,35,-856.136114148506
180,8,40,1311.92624814457,40,403.4049604931,40,21.1638625149451,40,-824.113054166276
180,8,45,1305.08942053212,45,473.696068171039,45,135.425234215719,45,-785.817996228774
180,8,50,1288.32007439488,50,540.382062744691,50,248.655938112119,50,-741.542388850092
180,8,55,1261.74583458256,55,602.955423529245,55,359.994220176927,55,-691.623196136724
180,8,60,1225.56894710611,60,660.939929466302,60,468.592728855734,60,-636.440333287252
180,8,65,1180.06473992342,65,713.89428345368,65,573.624963923923,65,-576.413775208284
180,8,70,1125.57952752733,70,761.415470882821,70,674.291566652428,70,-512.000360251827
180,8,75,1062.52797528327,75,803.141826823312,75,769.826403410328,75,-443.690313399584
180,8,80,991.389943575362,80,838.755788511384,80,859.502396404386,80,-372.003515354834
180,8,85,912.706835779234,85,867.986312194292,85,942.637057180069,85,-297.485545936369
180,8,90,827.077477855371,90,890.610935936937,90,1018.59768077079,90,-220.703531886646
185,8,0,-1036.15247077979,0,167.009986449413,0,856.752947694444,0,970.706869628014
185,8,5,-1105.29478474753,5,102.921544314872,5,773.306306590201,5,965.960137370695
185,8,10,-1167.21039901129,10,41.1852450789499,10,683.365194555718,10,957.121277448913
185,8,15,-1221.20802876478,15,-18.1645635029662,15,587.50089031974,15,944.698353091847
185,8,20,-1266.6453848219,20,-75.1837341701127,20,486.386681749768,20,929.137711882771
185,8,25,-1302.94843813611,25,-129.99916306949,25,380.792195652463,25,910.808776751545
185,8,30,-1329.62934938133,30,-182.787300077892,30,271.573370756867,30,889.993469566465
185,8,35,-1346.30201481157,35,-233.751399627375,35,159.658491817416,35,866.880585316285
185,8,40,-1352.69431361362,40,-283.098608369474,40,46.0309658704976,40,841.56518360414
185,8,45,-1348.65634300118,45,-331.017949018248,45,-68.2902558757514,45,814.05282009476
185,8,50,-1334.16418340774,50,-377.660167761974,50,-182.271542669708,50,784.268218446701
185,8,55,-1309.31903081434,55,-423.120274611113,55,-294.885575328008,55,752.067795524752
185,8,60,-1274.34184632271,60,-467.423433532186,60,-405.131293390734,60,717.255308525691
185,8,65,-1229.56398188305,65,-510.514665416514,65,-512.051703335081,65,679.599797557156
185,8,70,-1175.4145219164,70,-552.252625584484,70,-614.748612003945,70,638.854952782997
185,8,75,-1112.40531043397,75,-592.407521794005,75,-712.393583433855,75,594.779039308791
185,8,80,-1041.11479172949,80,-630.663060188516,80,-804.234710855488,80,547.154559967648
185,8,85,-962.17186387519,85,-666.622154424846,85,-889.599127593723,85,495.806917797401
185,8,90,-876.240918423597,90,-699.816013413119,90,-967.891525105832,90,440.621446153651
190,8,0,-1057.63886861658,0,115.39661601257,0,892.376153935366,0,1033.63972828688
190,8,5,-1129.21697632044,5,68.4912405922962,5,822.174814660097,5,1007.57925958907
190,8,10,-1194.74554257918,10,27.4994806091168,10,743.085688271238,10,980.645078642311
190,8,15,-1252.91996772951,15,-8.27749713120567,15,655.462336461048,15,954.012250415279
190,8,20,-1302.4703108993,20,-39.7389494845614,20,559.935799303151,20,928.632415661201
190,8,25,-1342.22592362312,25,-67.9262911540395,25,457.407650070009,25,905.198631467947
190,8,30,-1371.17703598377,30,-93.9596448555515,30,349.026604985967,30,884.12478212443
190,8,35,-1388.52909319163,35,-118.972896700581,35,236.149735106524,35,865.540099350448
190,8,40,-1393.74600030662,40,-144.050862981477,40,120.290411616531,40,849.298363328119
190,8,45,-1386.57906374657,45,-170.171845050008,45,3.05610160399217,45,835.000484280922
190,8,50,-1367.07929504242,50,-198.158322186253,50,-113.920044523088,50,822.028445693355
190,8,55,-1335.59182683737,55,-228.637864535444,55,-229.049271520129,55,809.588060207625
190,8,60,-1292.73243051785,60,-262.015595464351,60,-340.854100221109,60,796.757664987771
190,8,65,-1239.34744962189,65,-298.458747819653,65,-448.027156679015,65,782.539768845199
190,8,70,-1176.45978648378,70,-337.893091397303,70,-549.477471216941,70,765.91275347565
190,8,75,-1105.20479918686,75,-380.010308442141,75,-644.360526244394,75,745.880012708463
190,8,80,-1026.76096963124,80,-424.284809376992,80,-732.089454519931,80,721.514363870757
190,8,85,-942.280878836756,85,-469.998059404482,85,-812.326225093529,85,691.996147884895
190,8,90,-852.828272600987,90,-516.268267143101,90,-884.95330887517,90,656.644096852839
195,8,0,-1076.77150254043,0,72.4696772565264,0,924.026143310694,0,1077.45797624775
195,8,5,-1150.93776293464,5,45.1656630214441,5,872.471657347439,5,1030.15954277573
195,8,10,-1220.66981741219,10,27.1625100816429,10,808.541250915887,10,985.419337662731
195,8,15,-1283.76645032535,15,16.8908483162331,15,732.213896315511,15,945.159263470086
195,8,20,-1338.02145676667,20,12.4582050128557,20,644.010669944197,20,910.869192117454
195,8,25,-1381.35735017227,25,11.763275565037,25,544.995024269926,25,883.547214111515
195,8,30,-1411.95568389963,30,12.6181279216169,30,436.738161038509,30,863.670665932631
195,8,35,-1428.37513875838,35,12.8701318354699,35,321.250640286286,35,851.198004619638
195,8,40,-1429.64899375805,40,10.5161505168063,40,200.883496806222,40,845.59935464268
195,8,45,-1415.35453336801,45,3.80274256815003,45,78.2042016658164,45,845.911824457825
195,8,50,-1385.64835973456,50,-8.69245617836565,50,-44.1452616889345,50,850.814518485771
195,8,55,-1341.26347797969,55,-28.0015427804473,55,-163.599228183381,55,858.717479585618
195,8,60,-1283.46639240483,60,-54.7312909029168,60,-277.817752868615,60,867.858463576263
195,8,65,-1213.97523534451,65,-89.0527409997765,65,-384.823414250518,65,876.401372552
195,8,70,-1134.8430297016,70,-130.71446265763,70,-483.114240704714,70,882.530337086075
195,8,75,-1048.31336360457,75,-179.076951632956,75,-571.742292366868,75,884.533904960558
195,8,80,-956.658754303646,80,-233.164068557541,80,-650.349302447144,80,880.874678366262
195,8,85,-862.014459861865,85,-291.726078507849,85,-719.153747574949,85,870.241127873696
195,8,90,-766.222098712516,90,-353.30798826387,90,-778.887661081791,90,851.580180356236
200,8,0,-1090.9909492585,0,43.047033247164,0,942.399762893833,0,1102.8052356922
200,8,5,-1166.50551180253,5,36.9697320077796,5,914.672191418035,5,1035.33546010276
200,8,10,-1239.70640079155,10,43.0670543738688,10,870.515826352985,10,973.768551953388
200,8,15,-1307.35959726974,15,58.821360252226,15,809.313875129082,15,920.825653982151
200,8,20,-1366.14996999561,20,81.2694235118397,20,731.305903062497,20,878.551371446971
200,8,25,-1412.89491974765,25,107.187766978211,25,637.610851303526,25,848.227131819373
200,8,30,-1444.75754950169,30,133.285364316683,30,530.194300695706,30,830.338158396395
200,8,35,-1459.44577767659,35,156.389603514253,35,411.779773077068,35,824.591426007976
200,8,40,-1455.38370799604,40,173.614564375349,40,285.70683164011,40,829.97806180545
200,8,45,-1431.84211850823,45,182.503993291707,45,155.741878605669,45,844.871607240954
200,8,50,-1389.01632430516,50,181.143966966585,50,25.8508493948256,50,867.153099291365
200,8,55,-1328.04203879124,55,168.241750600339,55,-100.053573409969,55,894.354343687311
200,8,60,-1250.94327646548,60,143.168032852273,60,-218.374204965349,60,923.811193726992
200,8,65,-1160.51079375602,65,105.960304037236,65,-326.082003764968,65,952.818513143866
200,8,70,-1060.11492347031,70,57.2865135673488,70,-420.937928078492,70,978.777717433522
200,8,75,-953.46263282578,75,-1.62912025185676,75,-501.662263041015,75,999.326874295549
200,8,80,-844.314753205463,80,-69.1122132272863,80,-568.031351022331,80,1012.44320986243
200,8,85,-736.184957455958,85,-143.165664182215,85,-620.885961851854,85,1016.50941681851
200,8,90,-632.046459045366,90,-221.603947028309,90,-662.042489772564,90,1010.33886091168
205,8,0,-1101.04409003497,0,30.5309008946115,0,940.697964518847,0,1111.54077782597
205,8,5,-1175.36882964839,5,46.5450776576857,5,940.976661182888,5,1026.09454223917
205,8,10,-1249.82947962983,10,76.704048197023,10,920.801985791442,10,949.455831170951
205,8,15,-1320.22398857017,15,117.532227915993,15,878.711104092458,15,885.155364192669
205,8,20,-1382.1533990298,20,165.017798315921,20,814.410234525973,20,835.788614461594
205,8,25,-1431.30550125872,25,214.878093769059,25,728.844411509184,25,802.903931131628
205,8,30,-1463.74957943579,30,262.821050652063,30,624.192262528551,30,786.972681285617
205,8,35,-1476.22511196787,35,304.783760663001,35,503.780920949499,35,787.432012653602
205,8,40,-1466.40398542312,40,337.138429178972,40,371.920210429739,40,802.785156004035
205,8,45,-1433.10407274175,45,356.863462062641,45,233.659887937201,45,830.743348204737
205,8,50,-1376.43268582407,50,361.680617204117,50,94.4788101862984,50,868.396455379494
205,8,55,-1297.84161814137,55,350.157617161328,55,-40.0795106588231,55,912.403850338539
205,8,60,-1200.08099733203,60,321.770926276784,60,-164.804212359878,60,959.200195394157
205,8,65,-1087.04651013841,65,276.918741196353,65,-275.21978021413,65,1005.21036990448
205,8,70,-963.523188136278,70,216.873107813511,70,-367.960492536014,70,1047.06350955771
205,8,75,-834.838237199048,75,143.664692783735,75,-441.078951742317,75,1081.78975891363
205,8,80,-706.44469657076,80,59.9040149082145,80,-494.250924254655,80,1106.97814074327
205,8,85,-583.46635117543,85,-31.4436456237455,85,-528.843744792552,85,1120.87331056817
205,8,90,-470.241611894067,90,-127.29998603981,90,-547.826018757375,90,1122.39493824592
210,8,0,-1109.65607714499,0,37.194197654099,0,915.630214823385,0,1105.40339325455
210,8,5,-1179.16502160163,5,75.6293451704466,5,946.51775838028,5,1005.27416414105
210,8,10,-1251.20984910022,10,128.858651998703,10,953.521893429341,10,916.076329763372
210,8,15,-1320.93098626345,15,192.495252481865,15,934.077555796298,15,842.112660530821
210,8,20,-1383.11224357581,20,261.612533019652,20,887.048375530621,20,786.509071372996
210,8,25,-1432.49541936299,25,331.086909259867,25,812.879832008506,25,751.081746673787
210,8,30,-1464.13849955391,30,395.903200162182,30,713.661157275582,30,736.317219162985
210,8,35,-1473.7988248243,35,451.404785756248,35,593.079855676205,35,741.444859850451
210,8,40,-1458.30895198008,40,493.492027263092,40,456.260267380452,40,764.57363431253
210,8,45,-1415.90451154628,45,518.78631283726,45,309.486151102451,45,802.867026664842
210,8,50,-1346.46267090019,50,524.778337464941,50,159.815156078696,50,852.740047194729
210,8,55,-1251.61672147414,55,509.967393404898,55,14.600631639715,55,910.075209495806
210,8,60,-1134.72478267184,60,473.978814276578,60,-119.054930706095,60,970.463424571072
210,8,65,-1000.68578002877,65,417.628634791538,65,-234.879442618541,65,1029.47520130593
210,8,70,-855.610915165039,70,342.897529325893,70,-327.996200498202,70,1082.95591601651
210,8,75,-706.371740444068,75,252.785506590411,75,-395.416778248169,75,1127.32037493323
210,8,80,-560.055800501591,80,151.043242771537,80,-436.400494741695,80,1159.80474690849
210,8,85,-423.368033682549,85,41.8077612334576,85,-452.62427678736,85,1178.62699625546
210,8,90,-302.02207734922,90,-70.8010366326783,90,-448.121437652942,90,1183.01556460002
215,8,0,-1120.20133174993,0,64.1369163793717,0,867.514327144984,0,1085.29089322922
215,8,5,-1180.55678812416,5,124.960419156614,5,929.732373013332,5,974.635601368279
215,8,10,-1245.30264925631,10,199.537069288534,10,965.675643573666,10,875.995496950719
215,8,15,-1309.48750550475,15,282.649070438598,15,971.434254675824,15,794.364400367367
215,8,20,-1367.59436331498,20,368.692904361716,20,944.694071867249,20,733.371422430295
215,8,25,-1413.81097577745,25,452.08111694107,25,885.024644020906,25,695.129991996437
215,8,30,-1442.41513068442,30,527.538176371389,30,794.060279946571,30,680.227815132767
215,8,35,-1448.25900368334,35,590.285878691098,35,675.536112003569,35,687.824660180393
215,8,40,-1427.29811610673,40,636.155569847065,40,535.158734333324,40,715.814802699408
215,8,45,-1377.08554264904,45,661.687728524758,45,380.309385045318,45,761.015867821985
215,8,50,-1297.14833392112,50,664.273330335305,50,219.590519051879,50,819.364974967476
215,8,55,-1189.18039965432,55,642.355944738675,55,62.2344912300495,55,886.129015549299
215,8,60,-1057.01761825538,60,595.662392479102,60,-82.5985139812129,60,956.155498469202
215,8,65,-906.396534630342,65,525.385939478905,65,-206.592104281867,65,1024.1910165002
215,8,70,-744.527590915463,70,434.231048489324,70,-303.0541488746,70,1085.27145264281
215,8,75,-579.53063241548,75,326.251976592696,75,-367.626555818384,75,1135.1492158001
215,8,80,-419.783263034556,80,206.471291383466,80,-398.834914481564,80,1170.68518441305
215,8,85,-273.226248199366,85,80.328354980817,85,-398.393276641897,85,1190.11492566565
215,8,90,-146.663067718721,90,-46.9405811725932,90,-371.199387584415,90,1193.11080770526
220,8,0,-1135.92615229513,0,110.93612922993,0,799.65215780483,0,1051.31572479848
220,8,5,-1182.63522448445,5,193.773744384737,5,892.025265441592,5,934.752297681775
220,8,10,-1234.53926409658,10,287.422951285532,10,957.018480628692,10,830.126261860744
220,8,15,-1287.36498176076,15,385.923700226124,15,989.173508895014,15,743.009949863716
220,8,20,-1336.02080820301,20,483.303108290899,20,984.682838838071,20,677.511264391773
220,8,25,-1374.70946291092,25,574.005473794737,25,941.873852952488,25,636.102398155541
220,8,30,-1397.28129600148,30,653.102576619041,30,861.567600571772,30,619.606618754994
220,8,35,-1397.82639703275,35,716.307902463417,35,747.23686970387,35,627.302329259839
220,8,40,-1371.41644364968,40,759.893527317664,40,604.927157739022,40,657.090544157952
220,8,45,-1314.84675266236,45,780.647202826806,45,442.943072572825,45,705.676243780986
220,8,50,-1227.21579862391,50,775.986245957947,50,271.324817258737,50,768.740125537743
220,8,55,-1110.21666635389,55,744.264227815307,55,101.144099460189,55,841.117971735219
220,8,60,-968.087480333806,60,685.197270453924,60,-56.3503463698949,60,917.03971838966
220,8,65,-807.248736599963,65,600.249882122982,65,-190.69543131813,65,990.485275277425
220,8,70,-635.715938998283,70,492.79986514372,70,-293.215556614929,70,1055.67783638202
220,8,75,-462.397055500128,75,367.959976233263,75,-357.963223074848,75,1107.66944710261
220,8,80,-296.364826047685,80,232.043964496239,80,-382.478143232332,80,1142.90814311511
220,8,85,-146.15063677451,85,91.7775438846145,85,-368.24739761,85,1159.6432830324
220,8,90,-19.0658624664974,90,-46.5721538315354,90,-320.7756967361,90,1158.04303790255
225,8,0,-1159.73758944741,0,175.233700112848,0,717.253377276306,0,1003.38910332631
225,8,5,-1188.8041976651,5,279.296538746378,5,836.955283500519,5,885.516863238437
225,8,10,-1222.40791240469,10,389.382240901542,10,929.478796599233,10,778.378947271566
225,8,15,-1257.81284084676,15,498.862485894634,15,987.685027456276,15,687.998531806109
225,8,20,-1291.20090777591,20,601.7083397374,20,1006.03113332896,20,618.946259056724
225,8,25,-1317.48244908339,25,692.920663386108,25,981.309328600058,25,574.140296533607
225,8,30,-1330.52903753898,30,768.578513973628,30,913.239187906781,30,554.801712857443
225,8,35,-1323.86609075824,35,825.564657700254,35,804.781476403264,35,560.528892820134
225,8,40,-1291.69706102901,40,861.157319310131,40,662.114888348187,40,589.439710656566
225,8,45,-1230.00218808493,45,872.747747558998,45,494.292445196406,45,638.327105784158
225,8,50,-1137.41382513342,50,857.901707270294,50,312.633987298436,50,702.797932181079
225,8,55,-1015.63548253903,55,814.825976852107,55,129.90861222717,55,777.416518773124
225,8,60,-869.317905958442,60,743.092514294501,60,-40.6577859819808,60,855.926938505255
225,8,65,-705.472759238124,65,644.318447646611,65,-186.51523091848,65,931.641850963988
225,8,70,-532.62378276574,70,522.484095858327,70,-296.996341189593,70,998.037745245648
225,8,75,-359.920965979825,75,383.703342113585,75,-364.481926838324,75,1049.50124126781
225,8,80,-196.37540338855,80,235.469354721198,80,-385.373743908713,80,1082.07546612107
225,8,85,-50.2555587126281,85,85.578937800256,85,-360.719373082326,85,1094.00889319072
225,8,90,71.4170322312357,90,-58.9827791709226,90,-296.367394243687,90,1085.93484150428
230,8,0,-1194.23138001648,0,252.582672647652,0,626.207584680567,0,941.886361429147
230,8,5,-1202.74486086601,5,376.631278188223,5,769.211041404856,5,826.836738319034
230,8,10,-1213.42568326015,10,500.425287936294,10,886.359154781237,10,720.361465576516
230,8,15,-1225.87057164228,15,616.709137037074,15,968.800428867066,15,628.810855056979
230,8,20,-1238.38409511472,20,719.63511646985,20,1009.1356016531,20,557.212605684586
230,8,25,-1247.3329832578,25,805.194110018895,25,1002.45066701234,25,509.030473907539
230,8,30,-1247.13731378137,30,871.060122285022,30,947.18581106527,30,486.048490598214
230,8,35,-1231.02170160213,35,915.927604044952,35,845.630393611178,35,488.365751512787
230,8,40,-1192.37581182218,40,938.641621983005,40,703.951355225892,40,514.474647336307
230,8,45,-1126.32927664446,45,937.558893432771,45,531.794144855048,45,561.377289594541
230,8,50,-1031.03998786955,50,910.518775068605,50,341.567193853606,50,624.702877012782
230,8,55,-908.286442371603,55,855.529014249733,55,147.509273571811,55,698.8396632665
230,8,60,-763.214323559298,60,771.902777921839,60,-35.4151415118198,60,777.16232793477
230,8,65,-603.399758090455,65,661.324966971362,65,-192.777475459633,65,852.461995506075
230,8,70,-437.611520806977,70,528.331598991342,70,-312.058514882422,70,917.632360719234
230,8,75,-274.684645372971,75,379.952581014892,75,-384.016465629046,75,966.547140262199
230,8,80,-122.763039659425,80,224.636224945853,80,-403.867355187485,80,994.944927650774
230,8,85,11.0718390092257,85,70.8402864618886,85,-372.077840158214,85,1001.08372394766
230,8,90,120.965202798552,90,-74.2755139718305,90,-294.609148542264,90,985.965293749171
235,8,0,-1241.63297125942,0,336.769776962755,0,531.991247252615,0,868.012947936674
235,8,5,-1228.14481878504,5,479.208505904857,5,693.634384969224,5,759.122029791209
235,8,10,-1212.68978311683,10,614.236017824265,10,831.541825996488,10,655.929704505206
235,8,15,-1197.78151082116,15,733.966284690764,15,935.226709612939,15,565.013680709734
235,8,20,-1184.56863658208,20,832.821224948148,20,995.456129233918,20,491.865150780845
235,8,25,-1171.60102603764,25,908.01193996112,25,1005.58327598593,25,440.590962635883
235,8,30,-1154.43530411818,30,959.204807312681,30,962.714208422132,30,413.683585468511
235,8,35,-1126.35216052736,35,987.41948731966,35,868.400872075058,35,411.881007184911
235,8,40,-1080.06042059561,40,993.570757559773,40,728.71459182091,40,434.13822622974
235,8,45,-1009.84812271845,45,977.334848685701,45,553.762575987885,45,477.694462507093
235,8,50,-913.41006789317,50,936.965115622528,50,356.835708053175,50,538.196271747885
235,8,55,-792.679700525164,55,870.244449016741,55,153.358769298067,55,609.869173088529
235,8,60,-653.404268282367,60,776.152047650781,60,-40.2926449164277,60,685.800917910842
235,8,65,-503.73147703657,65,656.406795916274,65,-208.126910397007,65,758.43763573979
235,8,70,-352.451519339292,70,516.097274883545,70,-336.023530579979,70,820.3434148632
235,8,75,-207.574132357557,75,363.088296467754,75,-413.270707776553,75,865.148607499383
235,8,80,-75.6294869184808,80,206.497949376968,80,-433.942044181436,80,888.48783545846
235,8,85,38.341996490338,85,54.9104876898158,85,-397.856785393247,85,888.681057895459
235,8,90,130.464545527927,90,-85.0359099720363,90,-310.910684655888,90,866.962942525665
240,8,0,-1303.55129733243,0,420.605484924972,0,438.930287086986,0,783.728645080135
240,8,5,-1268.17493883602,5,579.704301033752,5,614.493678739781,5,683.382149443811
240,8,10,-1225.07510734854,10,724.079282877013,10,768.859910537072,10,585.391087980789
240,8,15,-1179.95879999622,15,845.165509946425,15,890.072852751271,15,496.501974446474
240,8,20,-1137.30322900138,20,937.561801793448,20,967.222144436894,20,422.691202657197
240,8,25,-1098.46119162467,25,999.66737796163,25,992.04008225726,25,368.792577613335
240,8,30,-1060.74048587045,30,1033.27568607083,30,960.358215356529,30,338.115455090544
240,8,35,-1017.94597219191,35,1042.05066465023,35,873.004386405419,35,332.122159111972
240,8,40,-962.36336550044,40,1029.38175369958,40,735.917985313378,40,350.254222053925
240,8,45,-887.53085232455,45,996.602408359179,45,559.560336928647,45,389.941796860448
240,8,50,-790.713873757103,50,942.548728565687,50,357.901389235912,50,446.764572841691
240,8,55,-674.058802216725,55,864.793819708092,55,147.251936302727,55,514.727689354113
240,8,60,-543.98701184839,60,761.94654311412,60,-54.9626970748346,60,586.671194919331
240,8,65,-409.210525359268,65,635.760200265953,65,-231.551732146889,65,654.872463526257
240,8,70,-278.346530284819,70,491.900814988443,70,-367.103257400365,70,711.861573444399
240,8,75,-158.155496510418,75,339.003844925921,75,-449.655775137074,75,751.361715098279
240,8,80,-52.9498153673531,80,186.573513120799,80,-472.256539843438,80,769.166567469572
240,8,85,34.9479098338821,85,42.7747630198206,85,-434.082229634718,85,763.74368655084
240,8,90,104.282443472185,90,-86.9877911819126,90,-340.84517528702,90,736.41710322605
245,8,0,-1380.66742552052,0,496.953593273018,0,349.918511648993,0,691.333095541247
245,8,5,-1324.93378032004,5,671.111136260003,5,535.107999815316,5,600.982451328917
245,8,10,-1254.39915630182,10,823.744588754342,10,701.709360279987,10,509.386722135585
245,8,15,-1177.90894527502,15,945.528725864614,15,836.506866317063,15,423.452591236548
245,8,20,-1103.45128593608,20,1030.99245909377,20,927.16243931773,20,349.681141173733
245,8,25,-1035.61461080351,25,1079.4483859145,25,964.009617077307,25,293.695839423483
245,8,30,-974.041259059934,30,1094.68319614503,30,941.758664476632,30,259.682353332489
245,8,35,-913.628082258122,35,1083.10046865862,35,860.586357777022,35,249.856587730298
245,8,40,-846.649780314854,40,1050.83893482037,40,726.293395320436,40,264.123390346401
245,8,45,-766.109239437254,45,1001.1958851797,45,549.603241701036,45,300.022597549331
245,8,50,-668.914986049736,50,933.79308954515,50,344.978381957394,50,352.952379375997
245,8,55,-557.440403853026,55,846.058637896875,55,129.33871158758,55,416.606389643844
245,8,60,-438.772773503102,60,736.222590661202,60,-79.1782365274576,60,483.57936347184
245,8,65,-322.125526469555,65,606.070393096873,65,-262.532734924764,65,546.121922738862
245,8,70,-215.767859457848,70,461.855402936727,70,-404.338252976213,70,596.999999595874
245,8,75,-124.901701694895,75,312.923886783269,75,-491.636161250547,75,630.350377798608
245,8,80,-51.2133246982872,80,168.933011591794,80,-516.616840917272,80,642.383148225652
245,8,85,6.13481032462174,85,37.1848348555457,85,-477.881274215743,85,631.804463822539
245,8,90,48.9322093925843,90,-78.7285854024102,90,-380.895983429169,90,599.904143485799
250,8,0,-1472.54848460657,0,559.677188675951,0,266.548964751656,0,592.943082112162
250,8,5,-1399.10913884112,5,747.614746797029,5,457.80660647523,5,513.246943470861
250,8,10,-1302.87066429774,10,908.219355042307,10,632.892730564521,10,428.605818259125
250,8,15,-1195.47770487151,15,1031.31570206757,15,777.532800322022,15,346.123754103255
250,8,20,-1088.30272661825,20,1111.0418711837,20,878.249947850949,20,272.881057226379
250,8,25,-989.359052723044,25,1147.19834577615,25,924.270961528735,25,215.327183201557
250,8,30,-901.102850312336,30,1145.21989321443,30,909.406623503431,30,178.527434847069
250,8,35,-820.141116334864,35,1114.12518845993,35,833.297870106617,35,165.423550667362
250,8,40,-739.297383431612,40,1062.91506436779,40,701.614137043052,40,176.330390043765
250,8,45,-651.400223757748,45,997.094727570072,45,525.255431069977,45,208.821802479386
250,8,50,-553.135452635828,50,917.299088778832,50,319.013458327578,50,258.025911032507
250,8,55,-447.073518008167,55,820.930046292909,55,100.190975074581,55,317.251969269468
250,8,60,-340.857730409268,60,705.85107831354,60,-112.631519766972,60,378.837063673643
250,8,65,-244.06427539504,65,573.840084871614,65,-300.852484002033,65,435.090149881089
250,8,70,-164.458835821035,70,431.682363109749,70,-447.39144267937,70,479.193150287544
250,8,75,-105.510855833356,75,289.347421750097,75,-538.545376794688,75,505.918485948325
250,8,80,-66.092180158039,80,156.480760211338,80,-565.847443287507,80,512.072958128695
250,8,85,-42.0072398962258,85,39.2572392527953,85,-527.433339211839,85,496.665452940217
250,8,90,-28.2069717579374,90,-60.874998105398,90,-428.502020137885,90,460.868645171365
255,8,0,-1577.69188732923,0,604.239506446304,0,189.505220564409,0,490.073235423327
255,8,5,-1489.96714262163,5,805.051837643589,5,384.118603864243,5,421.097673751298
255,8,10,-1370.95367841869,10,973.945961638046,10,564.62912964706,10,343.497296036843
255,8,15,-1234.56655667108,15,1099.8293936978,15,715.857056172796,15,264.638888696771
255,8,20,-1095.1780248595,20,1176.15807388675,20,823.464451270085,20,192.239553202669
255,8,25,-964.157041392023,25,1202.77351091866,25,875.890623742357,25,133.578924426381
255,8,30,-847.081380289737,30,1186.29870397544,30,866.311019275015,30,94.5471604011985
255,8,35,-742.857777998024,35,1138.05238837115,35,793.974468787388,35,78.7290506939106
255,8,40,-645.515759049068,40,1069.81929101533,40,664.431629123909,40,86.7776097380822
255,8,45,-548.208498523424,45,989.446269585704,45,488.672322802044,45,116.258533154042
255,8,50,-447.612862205563,50,898.80457228294,50,281.675381922193,50,162.011426841651
255,8,55,-346.441632006761,55,795.440653929128,55,60.9592708777206,55,216.953755884134
255,8,60,-252.691425288012,60,676.887802035825,60,-154.634669064188,60,273.168136503735
255,8,65,-176.090668703351,65,544.824034710706,65,-346.142414188317,65,323.046909087104
255,8,70,-123.773524221044,70,406.408643085309,70,-496.007590621554,70,360.241135112662
255,8,75,-97.4484798087168,75,272.079900979342,75,-590.007936341473,75,380.22708778124
255,8,80,-93.2037644471545,80,151.360742506425,80,-619.219183134279,80,380.462826081065
255,8,85,-103.509846011231,85,49.2365875676711,85,-581.435442034494,85,360.274736009559
255,8,90,-120.013577605743,90,-35.0180295473679,90,-481.583440619232,90,320.687499495149
260,8,0,-1693.76573749522,0,627.858134680709,0,119.024020269261,0,383.423547197595
260,8,5,-1595.60655474941,5,840.91174135584,5,315.055448821496,5,324.84100257305
260,8,10,-1457.57728091614,10,1018.69511289218,10,498.648507332191,10,254.080741214129
260,8,15,-1295.25439204106,15,1149.18259026077,15,653.814792454098,15,178.838943334097
260,8,20,-1125.45913739167,20,1224.97663649573,20,765.589786023439,20,107.50822500322
260,8,25,-962.61987332906,25,1245.61309041904,25,821.934496440652,25,48.1619820543444
260,8,30,-815.531034144912,30,1218.43330810036,30,815.66824495974,30,7.40561699844265
260,8,35,-685.872339844649,35,1156.59847699761,35,745.807779480415,35,-10.6631446888682
260,8,40,-569.547272390192,40,1074.39188467032,40,617.799696122417,40,-5.13598117341386
260,8,45,-460.623690540282,45,981.974153606879,45,442.633392929996,45,21.5458110979747
260,8,50,-356.063780980211,50,882.627540426576,50,235.347081781518,50,64.0023738528538
260,8,55,-258.672926591859,55,774.252690916301,55,13.5563837285896,55,114.84311288343
260,8,60,-176.538800760102,60,654.12410501736,60,-203.741435787258,60,165.940965212378
260,8,65,-119.281639623354,65,523.68413569908,65,-397.335529308423,65,209.752712812439
260,8,70,-93.3108619588369,70,390.193860818105,70,-549.342068890818,70,240.325708383423
260,8,75,-98.6837374725106,75,264.306454560198,75,-645.195425892707,75,253.74467887776
260,8,80,-128.932014728115,80,155.326454614038,80,-675.679090389971,80,248.03668519601
260,8,85,-173.401375211972,85,67.1611027311153,85,-638.343955021262,85,222.80618460142
260,8,90,-220.51857617907,90,-2.82578055773105,90,-537.829110687368,90,178.953814898888
265,8,0,-1817.91971952251,0,629.275572433066,0,55.2804208998155,0,272.864018113185
265,8,5,-1713.31968226751,5,853.99866413982,5,251.373766151696,5,224.117294970268
265,8,10,-1560.51635904971,10,1041.19947911846,10,436.305911410915,10,159.883230283278
265,8,15,-1376.15308637817,15,1177.9717481373,15,593.339285291622,15,88.2266596492268
265,8,20,-1178.88729749185,20,1256.06204909099,20,707.066480667231,20,18.2079516515791
265,8,25,-985.750649752602,25,1274.53106371505,25,765.242416658547,25,-41.393826407733
265,8,30,-808.632759542042,30,1241.04291428628,30,760.596699279051,30,-83.4145175918115
265,8,35,-652.270644020535,35,1170.0600758898,35,692.076123499487,35,-103.405292648799
265,8,40,-515.018754018215,40,1077.88181758797,40,565.040592513076,40,-100.288033281966
265,8,45,-392.462568757732,45,976.758002940918,45,390.388912867737,45,-76.4717074375732
265,8,50,-282.201916940219,50,871.459458539128,50,183.098621928188,50,-37.4109969171991
265,8,55,-187.118378706352,55,760.462656668317,55,-39.2096509048579,55,9.36488459819759
265,8,60,-115.115418104817,60,640.897815646314,60,-257.442186279388,60,55.6163704062568
265,8,65,-75.4248863204622,65,513.819782757051,65,-452.201326353142,65,93.8291134543097
265,8,70,-73.6705098280424,70,386.222242843148,70,-605.36567431503,70,118.284649911894
265,8,75,-108.476048326435,75,268.605926639011,75,-702.140487240033,75,125.453562475356
265,8,80,-171.198556290367,80,169.929119858747,80,-733.11602101649,80,113.740849708308
265,8,85,-248.416161929594,85,93.2408811316878,85,-695.636094336268,85,82.9495766088453
265,8,90,-325.525263989497,90,34.4896020795352,90,-594.001550130275,90,33.9318113797147
270,8,0,-1947.03821703178,0,608.31168281945,0,-1.37400882393634,0,157.548744523622
270,8,5,-1839.90968131768,5,843.939509018404,5,193.761801021344,5,117.976416085769
270,8,10,-1676.77730706565,10,1040.71501753283,10,378.685054940475,10,59.983299864252
270,8,15,-1474.83031150581,15,1184.97550209853,15,535.971210511627,15,-8.00801468208544
270,8,20,-1253.97424766624,20,1267.77571987531,20,649.917432549352,20,-76.3488616156803
270,8,25,-1033.30801949124,25,1287.72424210663,25,708.294486659642,25,-135.704446742759
270,8,30,-827.509571290409,30,1252.5316943196,30,703.970173245055,30,-178.543934915167
270,8,35,-644.429671979356,35,1177.39713975789,35,635.967877467404,35,-200.239096174601
270,8,40,-485.269227773159,40,1079.9975128231,40,509.579844817779,40,-199.618556504408
270,8,45,-347.655248075831,45,974.249009094972,45,335.531003160484,45,-178.994503955628
270,8,50,-230.191074365475,50,866.353754362916,50,128.622935576708,50,-143.709982859052
270,8,55,-135.867091879099,55,755.559505145031,55,-93.60792471874,55,-101.211327070973
270,8,60,-72.1601885815692,60,639.005592984616,60,-312.024982502797,60,-59.7102666141887
270,8,65,-47.6431192910479,65,517.225569495438,65,-507.087815817958,65,-26.716779025187
270,8,70,-67.109816670293,70,396.522924163875,70,-660.492287964699,70,-7.90801593880644
270,8,75,-128.023939875303,75,286.778299447789,75,-757.267620676736,75,-6.70794904006172
270,8,80,-220.04716166064,80,196.405269068511,80,-787.826403736302,80,-24.5758048883254
270,8,85,-327.463488988375,85,127.841274134032,85,-749.257924828353,85,-61.5995966565355
270,8,90,-432.937453278689,90,76.2511040433037,90,-645.427689393818,90,-116.85448822943
275,8,0,-2077.87563432693,0,565.388575451614,0,-50.3176448751695,0,36.1009014813702
275,8,5,-1971.89099386333,5,810.715002127041,5,142.944971198542,5,5.04105297910413
275,8,10,-1802.89635114334,10,1016.6438163912,10,326.690118835861,10,-46.8589942162414
275,8,15,-1588.19479007646,15,1168.94318974661,15,482.91447755067,15,-110.891678776247
275,8,20,-1348.42381170741,20,1258.26033241293,20,595.758626328964,20,-176.984412630516
275,8,25,-1104.20059172047,25,1282.92355445126,25,653.181440439126,25,-235.461509677415
275,8,30,-872.551128784203,30,1250.5313470546,30,648.359431234181,30,-278.639600428937
275,8,35,-664.269682699726,35,1176.47957435467,35,580.504199802487,35,-301.870098488032
275,8,40,-483.560806282808,40,1079.09551323603,40,454.855164413048,40,-303.94347494798
275,8,45,-330.455830734338,45,973.378220872867,45,281.89201997309,45,-287.000211083347
275,8,50,-204.884115723754,50,866.755979405739,50,76.130953999812,50,-256.08536275838
275,8,55,-110.023113148605,55,759.37677241425,55,-145.077676963563,55,-218.33731546644
275,8,60,-52.746818239575,60,648.561895930713,60,-362.633909708162,60,-181.781363368336
275,8,65,-40.7305278046022,65,534.238051800946,65,-556.918774732902,65,-153.917334856953
275,8,70,-77.8880402898843,70,421.604562350585,70,-709.492986593269,70,-140.543226380697
275,8,75,-160.787589943444,75,319.399327772785,75,-805.216698644399,75,-145.234351813651
275,8,80,-277.904887078471,80,235.207709111508,80,-834.263860228473,80,-169.535652413242
275,8,85,-411.788690152283,85,171.048072356461,85,-793.3447979358,85,-213.487570265052
275,8,90,-542.797159783446,90,121.953291945677,90,-685.756523609835,90,-275.93162976406
280,8,0,-2207.10707937178,0,501.185405148513,0,-90.6749984655564,0,-93.1416600471383
280,8,5,-2105.59227563334,5,754.347253794709,5,99.7294949434842,5,-116.247298843777
280,8,10,-1935.14073944538,10,968.306970615668,10,281.134369495663,10,-161.982305159647
280,8,15,-1712.80328438328,15,1128.50201663678,15,435.14274833281,15,-221.488308664286
280,8,20,-1459.50430950729,20,1225.5057198007,20,545.897049408274,20,-284.512237675845
280,8,25,-1196.85189320908,25,1257.60190028186,25,601.678024060148,25,-341.306658213461
280,8,30,-943.69903713205,30,1232.19211545785,30,596.076167306923,30,-384.256254947419
280,8,35,-713.420528162189,35,1164.38022755903,35,528.552055195936,35,-408.821742548365
280,8,40,-513.131443124455,40,1072.40320484868,40,404.292393413959,40,-413.781685439395
280,8,45,-345.417542222144,45,971.668685891933,45,233.471638532917,45,-401.032846863402
280,8,50,-211.759172272243,50,870.496197657582,50,30.2197034079492,50,-375.172285606854
280,8,55,-115.623539657323,55,769.966348981521,55,-188.417159253714,55,-342.846891719976
280,8,60,-63.1851263199745,60,667.745375832619,60,-403.494353548669,60,-311.747665011955
280,8,65,-61.0312380188236,65,563.135464043311,65,-595.419041600046,65,-289.320050913213
280,8,70,-112.119829425574,70,459.897645596443,70,-745.68114299927,70,-281.565599721347
280,8,75,-212.320294333161,75,365.124700880158,75,-838.960946336662,75,-292.371840378831
280,8,80,-349.392723789495,80,285.226334793854,80,-865.09138322999,80,-323.502678797599
280,8,85,-504.756265378836,85,221.880762504583,85,-820.242500950651,85,-374.947538517294
280,8,90,-657.025907889677,90,170.540556037549,90,-707.008259046341,90,-445.123382842298
285,8,0,-2331.39986437266,0,416.51478239983,0,-121.416088132122,0,-231.788972102218
285,8,5,-2237.25056175965,5,674.823675802189,5,64.9942022757646,5,-247.277666787518
285,8,10,-2069.66187358427,10,894.92372444403,10,242.819659370323,10,-286.492329225598
285,8,15,-1845.08903606062,15,1062.20354338411,15,393.540572794062,15,-340.609137357629
285,8,20,-1584.32975594903,20,1167.4743577304,20,501.495938295782,20,-399.491162887559
285,8,25,-1309.47264800218,25,1209.17746134014,25,555.398716648148,25,-453.615843715795
285,8,30,-1040.63104196745,30,1194.43812599594,30,549.297981724842,30,-495.644859741406
285,8,35,-793.25433585331,35,1137.63138485908,35,482.906602179953,35,-521.241289451355
285,8,40,-577.053336985133,40,1056.21575328108,40,361.333468343881,40,-529.171494360441
285,8,45,-397.095041700734,45,965.324986258365,45,194.393107511831,45,-521.03098077345
285,8,50,-256.501741484424,50,873.749626131724,50,-4.26134437674438,50,-500.876125400902
285,8,55,-159.12667855179,55,783.428561250088,55,-218.014745930845,55,-474.746269340406
285,8,60,-110.422598053771,60,692.496861459119,60,-428.228982532169,60,-449.880308638208
285,8,65,-115.756479437211,65,599.688952709091,65,-615.482914926306,65,-433.585310169092
285,8,70,-177.026603729823,70,507.138722441308,70,-761.292283973791,70,-432.041305624301
285,8,75,-289.497074543871,75,419.905015339466,75,-850.165963261341,75,-449.46564591661
285,8,80,-440.585551902458,80,342.870184652195,80,-871.5102329986,80,-487.840481773915
285,8,85,-611.18207385815,85,277.318030146954,85,-820.823491474535,85,-547.015371566273
285,8,90,-778.839245121176,90,219.474002519846,90,-699.912116055606,90,-624.780308359281
290,8,0,-2447.62676825774,0,312.429357421665,0,-141.536661836096,0,-380.943131646855
290,8,5,-2363.20859729698,5,572.277442166488,5,39.6177900486202,5,-388.806519087372
290,8,10,-2202.67562260876,10,795.825145447069,10,212.574582699122,10,-420.8167557029
290,8,15,-1981.53181138304,15,968.735475816201,15,359.031376220377,15,-468.405507839335
290,8,20,-1720.01338838772,20,1082.29759740432,20,463.752943098024,20,-521.862596039922
290,8,25,-1440.16356375697,25,1135.20108597845,25,515.98287788152,25,-572.175848944323
290,8,30,-1162.75387577908,30,1134.15671609463,30,510.227246633564,30,-612.461654340006
290,8,35,-904.70609205811,35,1092.41135516703,35,446.403682873478,35,-638.6434036721
290,8,40,-677.842954492897,40,1026.05283069506,40,329.489143725409,40,-649.45968443841
290,8,45,-489.442324617593,45,949.323053483415,45,168.881816439167,45,-646.170267259674
290,8,50,-344.214389644558,50,871.033849336501,50,-22.3221065764785,50,-632.25742921679
290,8,55,-246.458731012208,55,793.812113005368,55,-228.062787428402,55,-613.10358058484
290,8,60,-200.940629434457,60,716.326102001811,60,-430.173275363117,60,-595.407802617272
290,8,65,-211.740837460738,65,636.8667603519,65,-609.577653843013,65,-586.213694995351
290,8,70,-279.586418243872,70,555.94095203024,70,-747.954466648216,70,-591.739040496518
290,8,75,-399.13027730501,75,476.387788447293,75,-829.707572309046,75,-616.391064800944
290,8,80,-557.692302858374,80,401.29496836479,80,-843.813554945188,80,-662.224636356309
290,8,85,-736.169882296044,85,331.397512244711,85,-785.071089162632,85,-728.782264249848
290,8,90,-911.791149708659,90,263.801437401599,90,-654.514773497288,90,-813.045208865646
295,8,0,-2553.2788572826,0,190.477882813206,0,-150.321476332898,0,-540.661836848082
295,8,5,-2480.28829432083,5,447.366298596612,5,24.3223238769346,5,-540.442328736012
295,8,10,-2330.735474875,10,670.877525055691,10,191.20738255549,10,-564.217115194603
295,8,15,-2118.80408442964,15,847.307480594809,15,332.624502263296,15,-603.91207524313
295,8,20,-1863.68278796727,20,968.574956460106,20,434.008854480501,20,-650.527787436403
295,8,25,-1586.79564331482,25,1033.56892955953,25,485.225088411499,25,-695.798095558516
295,8,30,-1308.92950918368,30,1048.36006659965,30,481.207898082706,30,-733.423459760647
295,8,35,-1047.81288778883,35,1024.69496623664,35,422.000214596826,35,-759.616591382339
295,8,40,-816.783428929113,40,976.814867664856,40,312.371158796554,40,-773.071128597806
295,8,45,-624.908326366855,45,917.562770546625,45,161.241786448006,45,-774.701932731661
295,8,50,-478.297452420695,50,855.341694118937,50,-18.9200023330826,50,-767.42703623506
295,8,55,-381.699836544387,55,793.224826408636,55,-212.722496737075,55,-755.963860508474
295,8,60,-339.261081856947,60,730.409670514151,60,-402.631444456438,60,-746.394502676485
295,8,65,-353.783025612789,65,664.915740352152,65,-570.105067322712,65,-745.328356492361
295,8,70,-424.7425726039,70,595.82002793632,70,-697.16831077261,70,-758.77446796433
295,8,75,-546.120311751671,75,523.817881800494,75,-768.276693992497,75,-791.052293878575
295,8,80,-705.262620756145,80,450.113151064275,80,-772.108623120739,80,-844.027295894586
295,8,85,-883.499291581756,85,374.720083760439,85,-702.890136952696,85,-916.726792326263
295,8,90,-1058.44124752479,90,295.51420181329,90,-561.027138197592,90,-1005.20497156111
300,8,0,-2647.00000250221,0,52.9571007246237,0,-147.656026384493,0,-709.4785297207
300,8,5,-2586.30733227668,5,301.698180707675,5,19.4461737583647,5,-700.233050880652
300,8,10,-2451.1112345258,10,520.996157672787,10,179.357877566318,10,-714.423634376349
300,8,15,-2253.93610525105,15,698.147780243346,15,315.334776076191,15,-744.707305336666
300,8,20,-2012.4072443599,20,825.777281717338,20,413.716222177364,20,-783.022521525323
300,8,25,-1746.71069482648,25,902.814724958217,25,465.068718561114,25,-822.009495796366
300,8,30,-1476.96847683886,30,934.40415227371,30,464.720064973331,30,-856.025258659639
300,8,35,-1221.01032203767,35,930.460482911074,35,412.752693603244,35,-881.578860206708
300,8,40,-993.023369928998,40,903.026972298531,40,313.646756912121,40,-897.308100644626
300,8,45,-803.337208712809,45,863.169513230906,45,175.78425505328,45,-903.791226241979
300,8,50,-659.15931497866,50,818.503500424036,50,10.9388779171952,50,-903.406254313774
300,8,55,-565.621124294505,55,772.263685036229,55,-166.268756227847,55,-900.199903576688
300,8,60,-526.325967524564,60,724.105718075627,60,-339.093485605063,60,-899.541604785148
300,8,65,-542.879225192946,65,671.967047163128,65,-489.732251665196,65,-907.387105846602
300,8,70,-613.50798872056,70,613.855116061605,70,-600.795601192375,70,-929.211365047383
300,8,75,-731.475997260242,75,548.664383444168,75,-657.055422996701,75,-968.880410072165
300,8,80,-884.209454341151,80,475.869345454654,80,-647.176475818882,80,-1027.75174300169
300,8,85,-1053.77023645751,85,394.680487386894,85,-565.101662750152,85,-1104.14578772607
300,8,90,-1218.7459354583,90,303.512574570429,90,-410.866717946801,90,-1193.17614093389
305,8,0,-2729.01114034176,0,-97.0129870824163,0,-134.287829035831,0,-884.192554660909
305,8,5,-2680.56157834881,5,138.084919108557,5,24.723290478938,5,-864.572884137297
305,8,10,-2562.18954227349,10,348.525619932116,10,177.300899050392,10,-867.61409494447
305,8,15,-2384.52195712286,15,522.929919357233,15,308.000402339554,15,-886.916496317988
305,8,20,-2163.15139652208,20,654.650970431768,20,404.268181848115,20,-915.512107824795
305,8,25,-1916.41944821122,25,742.463800667035,25,457.443438073129,25,-947.028621039927
305,8,30,-1663.10303270009,30,790.312067247136,30,463.221890247856,30,-976.499775873331
305,8,35,-1420.41795964773,35,806.030609058364,35,421.65774553903,35,-1000.72221047871
305,8,40,-1202.70153650877,40,799.247296617837,40,336.874020906146,40,-1018.27154079644
305,8,45,-1020.94808656936,45,779.003059903127,45,216.655326148198,45,-1029.39780577368
305,8,50,-883.065248427453,50,751.815021291654,50,72.0130216378925,50,-1035.94510587013
305,8,55,-794.421110170216,55,720.780042526053,55,-83.3109526777525,55,-1041.24982197659
305,8,60,-758.13944982939,60,685.883169073898,60,-233.528324930543,60,-1049.83297697258
305,8,65,-774.777908556561,65,645.151296030786,65,-361.810377019144,65,-1066.73791319324
305,8,70,-841.42713091971,70,595.976100936404,70,-451.657570621239,70,-1096.54634481017
305,8,75,-950.679518425106,75,536.003927057117,75,-488.527033270418,75,-1142.28797156695
305,8,80,-1090.09934961073,80,463.385431935199,80,-461.483511588603,80,-1204.51327732322
305,8,85,-1242.68487953504,85,376.622031851421,85,-364.595658361917,85,-1280.7188093148
305,8,90,-1388.43889895499,90,274.457087405675,90,-197.853288282633,90,-1365.19335994772
310,8,0,-2801.12031907082,0,-255.694314334708,0,-111.8987672565,0,-1060.12832407675
310,8,5,-2763.99155007618,5,-39.5703075089721,5,39.195272266507,5,-1028.60396922968
310,8,10,-2663.70626122996,10,157.230978356962,10,184.821590393586,10,-1018.90064248746
310,8,15,-2508.91672653434,15,324.862847455069,15,311.113794411941,15,-1025.72232653717
310,8,20,-2312.85860302589,20,457.393612264876,20,406.791680308275,20,-1043.2771516238
310,8,25,-2091.53352509317,25,553.284428266748,25,464.034429294958,25,-1066.1964282956
310,8,30,-1861.76841497302,30,615.102832355966,30,478.905236297362,30,-1090.17408842033
310,8,35,-1639.49138221954,35,648.492592387558,35,451.396564035369,35,-1112.27570532457
310,8,40,-1438.49346323486,40,660.598556374335,40,385.229529119607,40,-1131.00509867963
310,8,45,-1269.79454986812,45,658.320148823768,45,287.535614419732,45,-1146.27390218807
310,8,50,-1141.52689944581,50,646.848640733703,50,168.479550009911,50,-1159.35768219613
310,8,55,-1059.06726764912,55,628.861027153689,55,40.7885577316197,55,-1172.7927366156
310,8,60,-1025.08498205597,60,604.505671067215,60,-80.9118613101961,60,-1190.07847368995
310,8,65,-1039.28189511825,65,572.023832182106,65,-181.05338115209,65,-1215.07943370204
310,8,70,-1097.84302172542,70,528.652406392613,70,-244.395879203307,70,-1251.15304854347
310,8,75,-1192.87095633845,75,471.445894019535,75,-257.525382542771,75,-1300.17184812708
310,8,80,-1312.20425545178,80,397.82484044468,80,-210.389123609085,80,-1361.67230437351
310,8,85,-1439.9495299241,85,305.882881665346,85,-97.6316180520794,85,-1432.3260900317
310,8,90,-1557.82473894683,90,194.621035709391,90,80.4834107228877,90,-1505.84004217442
315,8,0,-2866.12070522932,0,-419.170929440474,0,-82.8949568008516,0,-1231.92532931493
315,8,5,-2838.78752654492,5,-226.792095308067,5,61.3576210163757,5,-1187.12193318417
315,8,10,-2756.58021432273,10,-48.2311968568378,10,201.284334889384,10,-1163.2986675375
315,8,15,-2626.27257801679,15,108.237959755844,15,324.811379069806,15,-1156.34479024483
315,8,20,-2458.63290444492,20,237.349013482813,20,422.067951644046,20,-1161.65737583423
315,8,25,-2267.03102146677,25,337.171066428631,25,486.147448308433,25,-1174.8425278033
315,8,30,-2065.9016625608,30,408.871477432037,30,513.513236873372,30,-1192.21941149146
315,8,35,-1869.32102404654,35,455.965467450903,35,504.10014398548,35,-1211.09965737877
315,8,40,-1689.89101326446,40,483.210210178548,40,461.203320458589,40,-1229.89708153187
315,8,45,-1538.01624325736,45,495.385837896568,45,391.23807579543,45,-1248.14921915038
315,8,50,-1421.52943525853,50,496.236242728713,50,303.404631157577,50,-1266.48922223973
315,8,55,-1345.51734509248,55,487.795370945228,55,209.228971971214,55,-1286.5297838059
315,8,60,-1312.16921883292,60,470.206370917797,60,121.910830337619,60,-1310.57300509223
315,8,65,-1320.53465344208,65,441.99350614298,65,55.4170981221443,65,-1341.08554925498
315,8,70,-1366.21276096069,70,400.631170849049,70,23.3153003210687,70,-1379.96830177733
315,8,75,-1441.13386265934,75,343.217617497121,75,37.4254515247358,75,-1427.75055311083
315,8,80,-1533.66458136743,80,267.107193578394,80,106.446042160212,80,-1482.89348840951
315,8,85,-1629.22588369578,85,170.442235785567,85,234.751972662297,85,-1541.37441500686
315,8,90,-1711.47476172901,90,52.5946650921446,90,421.556799091049,90,-1596.6601106406
320,8,0,-2926.66704844553,0,-583.814610499356,0,-49.961897585951,0,-1394.69972097328
320,8,5,-2907.41076173274,5,-419.260098291626,5,89.5190262404144,5,-1335.75921700273
320,8,10,-2842.21984981542,10,-263.213723764574,10,225.911763359379,10,-1296.90202087859
320,8,15,-2736.21315642305,15,-122.506014654803,15,349.080761621953,15,-1275.18689484414
320,8,20,-2597.79345632539,20,-1.82351930008846,20,450.674591844091,20,-1267.1458490088
320,8,25,-2437.64579788298,25,96.5159031199738,25,524.785087909254,25,-1269.29897720147
320,8,30,-2267.58860526222,30,172.407289292173,30,568.337456864612,30,-1278.54818877539
320,8,35,-2099.45310663686,35,227.468787197817,35,581.239565317313,35,-1292.42878755675
320,8,40,-1944.12465314698,40,264.323748293845,40,566.343087366598,40,-1309.24234833848
320,8,45,-1810.81095848198,45,285.800592982388,45,529.263243227621,45,-1328.10603889726
320,8,50,-1706.52843697514,50,294.20763045274,50,478.073826792757,50,-1348.92981378134
320,8,55,-1635.74449435985,55,290.817493848996,55,422.858351509017,55,-1372.29523306773
320,8,60,-1600.10207453359,60,275.643176641207,60,375.078145362864,60,-1399.19085168251
320,8,65,-1598.18851755313,65,247.51905569815,65,346.728731044581,65,-1430.58081077858
320,8,70,-1625.37751603069,70,204.436992208266,70,349.297372717918,70,-1466.84025516186
320,8,75,-1673.83719162616,75,144.048829335187,75,392.593678227719,75,-1507.15496970814
320,8,80,-1732.82358865099,80,64.2397093840694,80,483.580459647024,80,-1549.02062483386
320,8,85,-1789.34761909907,85,-36.3065742290553,85,625.364230118715,85,-1587.97233199198
320,8,90,-1829.22122378715,90,-157.60603499448,90,816.503208103767,90,-1617.63272364294
325,8,0,-2984.04976524013,0,-746.489250122543,0,-15.5958420655982,0,-1545.2166275552
325,8,5,-2971.33288965525,5,-613.35586722101,5,122.191754376521,5,-1472.04233076954
325,8,10,-2921.42197110312,10,-483.905353806933,10,258.120370650489,10,-1417.82596703896
325,8,15,-2838.05194923514,15,-363.76462876927,15,384.059015159685,15,-1380.68206976512
325,8,20,-2727.50518800384,20,-257.142998242283,20,493.247983959921,20,-1358.16058587836
325,8,25,-2597.92742193129,25,-166.675104392828,25,580.854581115775,25,-1347.60587405283
325,8,30,-2458.50975488907,30,-93.4979263229036,30,644.333447534869,30,-1346.45364044097
325,8,35,-2318.64517925683,35,-37.531818349043,35,683.598585874009,35,-1352.44505732422
325,8,40,-2187.14641839816,40,2.09610101424008,40,701.029200497552,40,-1363.75926272562
325,8,45,-2071.57651507442,45,26.5676071941659,45,701.329893087461,45,-1379.07172799079
325,8,50,-1977.70744496306,50,36.9154557305503,50,691.252047465834,50,-1397.53724410056
325,8,55,-1909.09805806571,55,33.6712591591509,55,679.167736806941,55,-1418.68339652109
325,8,60,-1866.7790500741,60,16.6777958664228,60,674.4818620061,60,-1442.19805867886
325,8,65,-1849.04908280862,65,-14.9055775138426,65,686.880061626527,65,-1467.61151683762
325,8,70,-1851.41286112143,70,-62.4091784190319,70,725.439082192523,70,-1493.90710497252
325,8,75,-1866.71323149884,75,-127.305705948483,75,797.664801863148,75,-1519.12975851749
325,8,80,-1885.5102971172,80,-210.765233360623,80,908.558467349439,80,-1540.08314549219
325,8,85,-1896.73409429899,85,-313.178238388474,85,1059.83180065894,85,-1552.20276266286
325,8,90,-1888.58812440298,90,-433.712650242535,90,1249.38886919506,90,-1549.66483618937
330,8,0,-3037.42560676213,0,-904.293709176525,0,18.1218231333828,0,-1682.64151103786
330,8,5,-3030.02106855627,5,-806.150185523176,5,158.256611396957,5,-1595.91440636264
330,8,10,-2993.25779554325,10,-707.540444080636,10,297.650919557799,10,-1526.52912752627
330,8,15,-2929.73560374994,15,-613.140115957354,15,430.145258608592,15,-1473.46666138393
330,8,20,-2843.91262899386,20,-526.759269054415,20,550.574913535862,20,-1435.12729005153
330,8,25,-2741.65483808161,25,-451.22574864971,25,655.213137206012,25,-1409.56331084106
330,8,30,-2629.67550912699,30,-388.400839620203,30,742.077723648249,30,-1394.68811668555
330,8,35,-2514.92677456704,35,-339.311571938934,35,811.093798523824,35,-1388.44235840011
330,8,40,-2403.9977526124,40,-304.367722339744,40,864.115546283115,40,-1388.90791638803
330,8,45,-2302.55989342709,45,-283.621097785765,45,904.812064649425,45,-1394.36500359717
330,8,50,-2214.88604563367,50,-277.020267477633,50,938.420044230183,50,-1403.28761357935
330,8,55,-2143.46071487341,55,-284.615427484802,55,971.363448169284,55,-1414.27204523787
330,8,60,-2088.6975150932,60,-306.675464498332,60,1010.74309094939,60,-1425.89763936608
330,8,65,-2048.78447377918,65,-343.692251957617,65,1063.71016119313,65,-1436.53084664513
330,8,70,-2019.68374449582,70,-396.264645137203,70,1136.75674094674,70,-1444.1012885339
330,8,75,-1995.31299245354,75,-464.874201847108,75,1234.97887704246,75,-1445.89541475386
330,8,80,-1967.9261189223,80,-549.58308429299,80,1361.38707182061,80,-1438.42238588944
330,8,85,-1928.68969079779,85,-649.69860971799,85,1516.34852124614,85,-1417.40296917632
330,8,90,-1868.42184129144,90,-763.456135002214,90,1697.24062888474,90,-1377.91506843065
335,8,0,-3083.86573800752,0,-1053.88646408961,0,49.373288573972,0,-1808.54662802306
335,8,5,-3080.63721441374,5,-994.720470798654,5,196.752833875128,5,-1709.50044462359
335,8,10,-3054.45839837054,10,-931.707625552,10,344.307562034582,10,-1625.38282772563
335,8,15,-3006.99386494257,15,-868.746740765666,15,487.692840391525,15,-1555.81829104497
335,8,20,-2941.16466659931,20,-809.254759026673,20,623.233082612304,20,-1499.86679236281
335,8,25,-2860.86124192518,25,-756.072085774591,25,748.244585787344,25,-1456.16028645111
335,8,30,-2770.57447972116,30,-711.436496532769,30,861.266780026527,30,-1423.03632259871
335,8,35,-2674.97952522301,35,-677.018883353147,35,962.189024403538,35,-1398.65400866842
335,8,40,-2578.50650106828,40,-654.005967691054,40,1052.26702379866,40,-1381.08194252326
335,8,45,-2484.92910966162,45,-643.209394574005,45,1134.02757152907,45,-1368.35120538047
335,8,50,-2396.99819454657,50,-645.17754933542,50,1211.06357753594,50,-1358.46939357088
335,8,55,-2316.14436652846,55,-660.28614828374,55,1287.72499723791,55,-1349.39506988636
335,8,60,-2242.2721687205,60,-688.786387962517,60,1368.71710041453,60,-1338.97717000709
335,8,65,-2173.66702176539,65,-730.795391215666,65,1458.62635672135,65,-1324.8711087103
335,8,70,-2107.03344653306,70,-786.222663782615,70,1561.40539202498,70,-1304.45141236346
335,8,75,-2037.67678315616,75,-854.637359309873,75,1679.85979706083,75,-1274.74723173161
335,8,80,-1959.82966315675,80,-935.092675034974,80,1815.18794507608,80,-1232.42934609958
335,8,85,-1867.1092951299,85,-1025.93356004042,85,1966.62736778242,85,-1173.87342616104
335,8,90,-1753.07439558878,90,-1124.62012081199,90,2131.25568467297,90,-1095.31425200686
340,8,0,-3119.12951879314,0,-1190.73295924905,0,76.2045820142413,0,-1926.09201886708
340,8,5,-3118.56719367116,5,-1175.11161077878,5,236.394771704485,5,-1816.16965857247
340,8,10,-3099.64327599473,10,-1153.01805287008,10,397.373774982279,10,-1717.66648122302
340,8,15,-3063.25865670298,15,-1127.62199145668,15,556.314115443755,15,-1630.64434938111
340,8,20,-3011.07469840841,20,-1101.85456542226,20,710.786105148661,20,-1554.65030468883
340,8,25,-2945.34157692281,25,-1078.32659184177,25,858.962839483415,25,-1488.78741382093
340,8,30,-2868.67298986877,30,-1059.27856134209,30,999.767876178216,30,-1431.79155795837
340,8,35,-2783.78661605101,35,-1046.56032976887,35,1132.95386710412,35,-1382.10550814172
340,8,40,-2693.23153859571,40,-1041.63463587844,40,1259.10525504538,40,-1337.94331309581
340,8,45,-2599.1242607682,45,-1045.59571163248,45,1379.56280287334,45,-1297.3401926625
340,8,50,-2502.91438423656,50,-1059.19257945763,50,1496.272317495,50,-1258.18567573714
340,8,55,-2405.19975681746,55,-1082.84633804027,55,1611.56478047236,55,-1218.24068023976
340,8,60,-2305.6088927138,60,-1116.65198428901,60,1727.8804512803,60,-1175.14258668799
340,8,65,-2202.76538840932,65,-1160.35817296444,65,1847.45529951217,65,-1126.40584118395
340,8,70,-2094.34444259986,70,-1213.32263872121,70,1971.99381623548,70,-1069.42864289565
340,8,75,-1977.22512649346,75,-1274.44634987304,75,2102.35688856406,75,-1001.51800148176
340,8,80,-1847.73384122735,80,-1342.09505822093,80,2238.29581893663,80,-919.945098594178
340,8,85,-1701.96510333617,85,-1414.02177265185,85,2378.26267873613,85,-822.040003566792
340,8,90,-1536.15660304193,90,-1487.30683505362,90,2519.32241983353,90,-705.329493919072
345,8,0,-3138.66539858228,0,-1308.8052802626,0,96.2154377346342,0,-2038.57998905454
345,8,5,-3138.46232477483,5,-1341.59294128745,5,275.140592841978,5,-1919.1763229232
345,8,10,-3122.33901407072,10,-1365.91273617634,10,455.034555050247,10,-1806.34436728922
345,8,15,-3090.6213789725,15,-1384.12437883571,15,634.14886383328,15,-1700.43787809129
345,8,20,-3044.02182264911,20,-1398.48835513942,20,810.919641595633,20,-1601.37987136032
345,8,25,-2983.55156874159,25,-1411.09580973417,25,984.072287742873,25,-1508.69542263326
345,8,30,-2910.40433460877,30,-1423.81100561989,30,1152.69507878988,30,-1421.55300561311
345,8,35,-2825.82166827498,35,-1438.22646343222,35,1316.2744045154,35,-1338.81065642135
345,8,40,-2730.95187140071,40,-1455.62941752874,40,1474.68734942628,40,-1259.06376530156
345,8,45,-2626.71520657301,45,-1476.97709579646,45,1628.1505897341,45,-1180.69221013197
345,8,50,-2513.68803222182,50,-1502.87768331301,50,1777.12798916439,50,-1101.90574621732
345,8,55,-2392.01761486843,55,-1533.57376685352,55,1922.20272180145,55,-1020.78792599474
345,8,60,-2261.37761486263,60,-1568.92562574586,60,2063.92307422903,60,-935.340180143664
345,8,65,-2120.97161139197,65,-1608.39291295632,65,2202.63406222219,65,-843.528847689262
345,8,70,-1969.58855597369,70,-1651.01494667578,70,2338.30934149412,70,-743.338667628295
345,8,75,-1805.70985098761,75,-1695.39179456337,75,2470.39925024,75,-632.836317220883
345,8,80,-1627.66310952788,80,-1739.67027873986,80,2597.71086066057,80,-510.246846155347
345,8,85,-1433.81297716274,85,-1781.5406089716,85,2718.33440388313,85,-374.044278205447
345,8,90,-1222.77520264681,90,-1818.25022715955,90,2829.62731479316,90,-223.055360269865
350,8,0,-3138.28370985404,0,-1401.19452360571,0,106.667280158056,0,-2147.80106405722
350,8,5,-3135.2561817641,5,-1486.87164601799,5,310.154664404905,5,-2020.25903656764
350,8,10,-3116.34553718147,10,-1562.49982434232,10,514.189671161452,10,-1892.95831567604
350,8,15,-3081.54824972491,15,-1629.44567014467,15,717.550067460329,15,-1766.48458761381
350,8,20,-3031.0163930866,20,-1689.05290504921,20,919.054578508514,20,-1641.11741726911
350,8,25,-2965.02803230039,25,-1742.58816726157,25,1117.59861713179,25,-1516.84495083496
350,8,30,-2883.94734095644,30,-1791.19127102556,30,1312.17790818485,30,-1393.38662873511
350,8,35,-2788.17871917389,35,-1835.83079877343,35,1501.89717522251,35,-1270.22280006968
350,8,40,-2678.1198941678,40,-1877.26554024895,40,1685.96240695355,40,-1146.63015063553
350,8,45,-2554.11929309909,45,-1916.01200354171,45,1863.65673616712,45,-1021.72199486314
350,8,50,-2416.442852969,50,-1952.31805227311,50,2034.30153737783,50,-894.492698695398
350,8,55,-2265.25486620981,55,-1986.14269594935,55,2197.20586729129,55,-763.865743588173
350,8,60,-2100.61647212319,60,-2017.14217967622,60,2351.60871591488,60,-628.745152179721
350,8,65,-1922.5040423228,65,-2044.6627636107,65,2496.61958781559,65,-488.070114120574
350,8,70,-1730.84805454999,70,-2067.74090606496,70,2631.16358310556,70,-340.872624480063
350,8,75,-1525.59121869505,75,-2085.11190072694,75,2753.93730613213,75,-186.337742718569
350,8,80,-1306.76275620763,80,-2095.22828841298,80,2863.3815391925,80,-23.8656889655846
350,8,85,-1074.5640040444,85,-2096.28948534889,85,2957.67566715955,85,146.865560396002
350,8,90,-829.459086369017,90,-2086.28397257539,90,3034.75737000691,90,325.839177649859
355,8,0,-3114.29803298644,0,-1461.72200132392,0,105.100255701913,0,-2252.68613624379
355,8,5,-3104.76851679746,5,-1603.50966431887,5,338.287170162917,5,-2118.56383200197
355,8,10,-3076.88710231898,10,-1733.84782122865,10,570.830522467752,10,-1976.84746598695
355,8,15,-3030.63476460105,15,-1852.85719618952,15,801.418551547632,15,-1828.37915943368
355,8,20,-2966.07750845328,20,-1960.69206819571,20,1028.72514108507,20,-1673.87274720864
355,8,25,-2883.36621417107,25,-2057.51096158802,25,1251.41574339652,25,-1513.9185076302
355,8,30,-2782.73540461992,30,-2143.44912054033,30,1468.15190287534,30,-1348.99305805102
355,8,35,-2664.5016670664,35,-2218.59356536312,35,1677.59403255527,35,-1179.4740515856
355,8,40,-2529.06256521787,40,-2282.96146288698,40,1878.40237203714,40,-1005.65920532952
355,8,45,-2376.89688883852,45,-2336.48246977252,45,2069.23635535023,45,-827.789097029254
355,8,50,-2208.56700463949,50,-2378.98562911889,50,2248.75291580057,50,-646.073083325732
355,8,55,-2024.72389547363,55,-2410.1913182966,55,2415.6045230519,55,-460.717615452498
355,8,60,-1826.11521587565,60,-2429.70865858528,60,2568.43795844189,60,-271.95615461843
355,8,65,-1613.59636896709,65,-2437.03870207407,65,2705.89496424593,65,-80.0798171165298
355,8,70,-1388.14424749586,70,-2431.58360397644,70,2826.6159333152,70,114.532191924411
355,8,75,-1150.87290992477,75,-2412.66186386843,75,2929.24772675296,75,311.383365275359
355,8,80,-903.050113245128,80,-2379.52957251363,80,3012.45651736381,80,509.832970145251
355,8,85,-646.113329789895,85,-2331.40742848851,85,3074.94626327736,85,709.07252865948
355,8,90,-381.683665189883,90,-2267.51308997616,90,3115.48303649394,90,908.106836169546
360,8,0,-3063.4311328809,0,-1487.07994861001,0,90.2427345309488,0,-2348.7252217325
360,8,5,-3043.90867998952,5,-1686.12605165409,5,356.894949423568,5,-2210.18005571802
360,8,10,-3001.22024408111,10,-1872.33971733434,10,620.830978252011,10,-2054.81408493633
360,8,15,-2935.6907099289,15,-2044.30374721604,15,880.042108467961,15,-1883.8097382376
360,8,20,-2847.81879685562,20,-2200.70939119708,20,1132.55558685452,20,-1698.46846195546
360,8,25,-2738.27326317827,25,-2340.36630788644,25,1376.44963336935,25,-1500.20081511454
360,8,30,-2607.88781655353,30,-2462.21162382098,30,1609.86806705123,30,-1290.51573422458
360,8,35,-2457.6547689591,35,-2565.31802257421,35,1831.03443267793,35,-1071.00904936247
360,8,40,-2288.71748460036,40,-2648.90080219427,40,2038.26552066314,40,-843.351338941765
360,8,45,-2102.36167821842,45,-2712.32384725961,45,2229.98417729773,45,-609.275215602251
360,8,50,-1900.00563002455,50,-2755.10447010138,50,2404.73130784182,50,-370.56213998157
360,8,55,-1683.18939173142,55,-2776.91708434812,55,2561.17698111677,55,-129.028862724093
360,8,60,-1453.56306582967,60,-2777.59568283459,60,2698.13055108448,60,113.486402088473
360,8,65,-1212.87424731159,65,-2757.13510101656,65,2814.54971838267,65,355.137966856183
360,8,70,-962.954723417968,70,-2715.6910562761,70,2909.54846285237,70,594.086717257949
360,8,75,-705.706532631176,75,-2653.57896281829,75,2982.40378668638,75,828.514109022016
360,8,80,-443.087489013807,80,-2571.27153117865,80,3032.56121687906,80,1056.63600814593
360,8,85,-177.096282061502,85,-2469.39517061053,85,3059.63902510077,85,1276.71626923358
360,8,90,90.2427345309494,90,-2348.7252217325,90,3063.4311328809,90,1487.07994861001
