"Theta [deg]","Freq [GHz]","Phi [deg]","re(rETheta) [mV]","Phi [deg]","im(rETheta) [mV]","Phi [deg]","re(rEPhi) [mV]","Phi [deg]","im(rEPhi) [mV]"
0,8,0,-2753.12905308902,0,-2018.97730338941,0,117.391002542032,0,1594.24888016913
0,8,5,-2732.42126583119,5,-1872.34653992833,5,356.895301838178,5,1764.14774833076
0,8,10,-2690.91810285931,10,-1711.46608874465,10,593.68341238806,10,1920.62038690606
0,8,15,-2628.9354283039,15,-1537.56034721415,15,825.953233693823,15,2062.4759446347
0,8,20,-2546.94496774448,20,-1351.95284303702,20,1051.93705216698,20,2188.63481506765
0,8,25,-2445.57071809311,25,-1156.05616139294,25,1269.91499449618,25,2298.1368530241
0,8,30,-2325.58419860107,30,-951.36119431486,30,1478.22811692163,30,2390.14868187606
0,8,35,-2187.89857913155,35,-739.42579410045,35,1675.29103079877,35,2463.97003604772
0,8,40,-2033.56173038556,40,-521.862917115434,40,1859.60396836315,40,2519.03909045927
0,8,45,-1863.74824897319,45,-300.328348221725,45,2029.76419686871,45,2554.93673635503
0,8,50,-1679.75051802417,50,-76.5080992548339,50,2184.47669423096,50,2571.38977097415
0,8,55,-1482.96887137189,55,147.894422544241,55,2322.56400492702,55,2568.27297678856
0,8,60,-1274.90093616739,60,371.171378486659,60,2442.97520114311,60,2545.61007448399
0,8,65,-1057.13023503242,65,591.623496119389,65,2544.79388096973,65,2503.57354243121
0,8,70,-831.314134496164,70,807.573001714615,70,2627.24514277362,70,2442.48330402149
0,8,75,-599.171231435194,75,1017.37638914088,75,2689.70148266701,75,2362.80429285643
0,8,80,-362.468273513522,80,1219.43692793713,80,2731.68757019115,80,2265.14291432248
0,8,85,-123.006713166084,85,1412.21681539563,85,2752.88386586808,85,2150.24243047986
0,8,90,117.391002542032,90,1594.24888016913,90,2753.12905308902,90,2018.97730338941
5,8,0,-3084.37622845637,0,-1432.68976886059,0,354.918431527331,0,1494.80167010194
5,8,5,-3037.69570213457,5,-1299.09750882495,5,616.953172539279,5,1620.70758621389
5,8,10,-2967.03733119452,10,-1158.74884505802,10,871.589493093782,10,1736.38796467817
5,8,15,-2873.5274206987,15,-1012.12517381739,15,1116.53655434032,15,1841.90276076561
5,8,20,-2758.50957202469,20,-859.601001444536,20,1349.67001105315,20,1937.2493709831
5,8,25,-2623.52197793463,25,-701.473922256427,25,1569.05272346951,25,2022.33851041525
5,8,30,-2470.27285779382,30,-537.998376754035,30,1772.95298336317,30,2096.97842558072
5,8,35,-2300.61408980265,35,-369.421159176626,35,1959.86005866866,35,2160.86779967707
5,8,40,-2116.5131431172,40,-196.01669214876,40,2128.4967773679,40,2213.59723547908
5,8,45,-1920.02349617131,45,-18.1202392372835,45,2277.82880817051,45,2254.6587732509
5,8,50,-1713.25383934374,50,163.842534603728,50,2407.07026415708,50,2283.46253851024
5,8,55,-1498.33648844283,55,349.330941608255,55,2515.68526382276,55,2299.35933270777
5,8,60,-1277.39556686496,60,537.670532691547,60,2603.38513556148,60,2301.66778747981
5,8,65,-1052.5156350669,65,728.040826951899,65,2670.12104608187,65,2289.7046021015
5,8,70,-825.711543538226,70,919.469742155161,70,2716.07196618374,70,2262.81637010835
5,8,75,-598.90034914716,75,1110.83463329206,75,2741.6280511393,75,2220.41156572475
5,8,80,-373.87615667561,80,1300.86956229353,80,2747.36969759432,80,2161.99139087038
5,8,85,-152.288722799961,85,1488.17819106663,85,2734.04273292157,85,2087.17836372852
5,8,90,64.3734128080754,90,1671.25151876602,90,2702.53038424223,90,1995.74174357848
10,8,0,-3267.68343387942,0,-789.673976584709,0,565.064548911727,0,1328.38815339934
10,8,5,-3200.31813793627,5,-678.625997280741,5,839.600816548784,5,1403.9694070937
10,8,10,-3108.08513435838,10,-569.166227431225,10,1103.49810593978,10,1474.85150171224
10,8,15,-2992.51674360522,15,-460.462324698711,15,1354.32088972954,15,1542.45985750308
10,8,20,-2855.35319461712,20,-351.370239261414,20,1589.82022026816,20,1607.82640680925
10,8,25,-2698.53278095493,25,-240.54519812657,25,1807.9509488097,25,1671.53989501766
10,8,30,-2524.18049810604,30,-126.556744230497,30,2006.89311297648,30,1733.72460924353
10,8,35,-2334.59279645218,35,-8.00107498592556,35,2185.07683920362,35,1794.04652861376
10,8,40,-2132.21645342154,40,116.395320658586,40,2341.20931104671,40,1851.7443359653
10,8,45,-1919.62017241374,45,247.685655467388,45,2474.30174128931,45,1905.68149913523
10,8,50,-1699.45827882103,50,386.630117055475,50,2583.69390941659,50,1954.41477365368
10,8,55,-1474.42671771019,55,533.642697160456,55,2669.07371002905,55,1996.27401451702
10,8,60,-1247.21237624644,60,688.758491540154,60,2730.48929650181,60,2029.44809758733
10,8,65,-1020.43747928214,65,851.621125714153,65,2768.35176672221,65,2052.07199977738
10,8,70,-796.601378668283,70,1021.48887631931,70,2783.42687483954,70,2062.31061162364
10,8,75,-578.022437646382,75,1197.25719571673,75,2776.81490548861,75,2058.43558506213
10,8,80,-366.78288587718,80,1377.49473601419,80,2749.9185541053,80,2038.89237787471
10,8,85,-164.679493589618,85,1560.48961423557,85,2704.39936313944,85,2002.35557069234
10,8,90,26.8172937232294,90,1744.30255069203,90,2642.12392338648,90,1947.77143549951
15,8,0,-3291.56292460401,0,-132.090073820225,0,735.32723426013,0,1106.79863126016
15,8,5,-3210.25136150031,5,-51.4191263328663,5,1011.75386826448,5,1128.59056475641
15,8,10,-3105.44839928237,10,19.240100092827,10,1276.0534494383,10,1153.24643322399
15,8,15,-2978.61904371369,15,82.5236056559233,15,1525.95954324077,15,1183.54959513686
15,8,20,-2831.3675463155,20,141.546111913054,20,1759.28273906971,20,1221.41356878713
15,8,25,-2665.47849533613,25,199.673388459008,25,1973.91995548627,25,1267.82324206434
15,8,30,-2482.9556827865,30,260.297410634791,30,2167.88504475546,30,1322.83452702061
15,8,35,-2286.05082221911,35,326.627789824389,35,2339.35814693559,35,1385.6271994625
15,8,40,-2077.2754971261,40,401.510521409052,40,2486.74895048396,40,1454.60263703624
15,8,45,-1859.3917004036,45,487.282175899424,45,2608.76739457012,45,1527.51609721079
15,8,50,-1635.37873766361,50,585.664507072098,50,2704.49453339298,50,1601.63210229633
15,8,55,-1408.37682242954,55,697.701333139123,55,2773.44629868538,55,1673.89136857806
15,8,60,-1181.61009196161,60,823.736682651441,60,2815.62365831633,60,1741.07840398796
15,8,65,-958.293755275126,65,963.430749336366,65,2831.54400436866,65,1799.98023259546
15,8,70,-741.531460181878,70,1115.8082779482,70,2822.25029049307,70,1847.52849708516
15,8,75,-534.209644317568,75,1279.33266826352,75,2789.29624469398,75,1880.91925773696
15,8,80,-338.895632870466,80,1451.99835975122,80,2734.70770897833,80,1897.70697594081
15,8,85,-157.745670949576,85,1631.43393279607,85,2660.92165643964,85,1895.8712839416
15,8,90,7.57190196476651,90,1815.00878283852,90,2570.70563014997,90,1873.85705744114
20,8,0,-3161.17583938836,0,495.38053895201,0,857.031797478438,0,846.690344194728
20,8,5,-3072.97988694362,5,540.530776526801,5,1124.85215675974,5,814.508236366961
20,8,10,-2964.74622027914,10,567.939058175664,10,1380.92138993233,10,794.262974955721
20,8,15,-2837.39326235478,15,582.36913201532,15,1623.41650031503,15,789.97023016981
20,8,20,-2691.85820002084,20,589.164917152963,20,1850.34624963102,20,804.185929854028
20,8,25,-2529.22877247182,25,593.884211279824,25,2059.55232330394,25,837.961095524041
20,8,30,-2350.87142454748,30,601.949903276749,30,2248.7608415824,30,890.892423064699
20,8,35,-2158.53873268057,35,618.339370480602,35,2415.67775293975,35,961.255825432671
20,8,40,-1954.44137836467,40,647.327959508243,40,2558.11671206256,40,1046.20558147129
20,8,45,-1741.27393643159,45,692.297096884731,45,2674.1447038432,45,1142.01909406571
20,8,50,-1522.1890432855,50,755.612159144435,50,2762.22931091346,50,1244.36651361331
20,8,55,-1300.72051078581,55,838.570161550028,55,2821.3722091842,55,1348.58539548919
20,8,60,-1080.66182848853,60,941.412875148153,60,2851.21594406033,60,1449.9427692096
20,8,65,-865.911363120582,65,1063.39730022506,65,2852.11473758278,65,1543.87009905451
20,8,70,-660.298684576382,70,1202.91257813844,70,2825.16430747099,70,1626.16025138087
20,8,75,-467.40742897943,75,1357.63046990125,75,2772.18976701586,75,1693.11947762431
20,8,80,-290.408997183447,80,1524.67556095591,80,2695.69409996494,80,1741.67136557438
20,8,85,-131.918640124021,85,1700.8014839081,85,2598.77217434461,85,1769.41350378849
20,8,90,6.11816690582659,90,1882.56075181221,90,2484.99671224078,90,1774.63099541613
25,8,0,-2897.75047923725,0,1051.32520192637,0,926.172683801778,0,567.187120205911
25,8,5,-2808.963601789,5,1058.94619433737,5,1175.71673243793,5,484.26273644156
25,8,10,-2705.2786391897,10,1042.48039472982,10,1415.64252634346,10,423.148828320685
25,8,15,-2586.67173728527,15,1008.91377804773,15,1644.80553248425,15,388.864248752192
25,8,20,-2452.96909344999,20,965.83273487414,20,1861.52111868737,20,384.315908738569
25,8,25,-2304.09842391681,25,920.918671109684,25,2063.55647261699,25,410.291247134597
25,8,30,-2140.34025301762,30,881.480678592435,30,2248.21470229376,30,465.586474278391
25,8,35,-1962.55045236972,35,854.052585365051,35,2412.49960319068,35,547.247790050532
25,8,40,-1772.32620152747,40,844.073338107915,40,2553.33998647781,40,650.896970390133
25,8,45,-1572.09182080712,45,855.662110862074,45,2667.84567389412,45,771.109910482271
25,8,50,-1365.08945037281,50,891.492467056494,50,2753.56455580176,50,901.81676836849
25,8,55,-1155.27173312739,55,952.763718273405,55,2808.71196865993,55,1036.69481176004
25,8,60,-947.107496496555,60,1039.26236587672,60,2832.34951625398,60,1169.52924241664
25,8,65,-745.323992751634,65,1149.50196406137,65,2824.49888632733,65,1294.522426353
25,8,70,-554.617640500771,70,1280.92565492925,70,2786.18535525016,70,1406.53754975932
25,8,75,-379.367508336265,75,1430.15199697285,75,2719.41385335681,75,1501.26851386251
25,8,80,-223.381732353808,80,1593.24198015215,80,2627.08656477452,80,1575.33386726901
25,8,85,-89.6980905426364,85,1765.96413192039,85,2512.87459953668,85,1626.29870072848
25,8,90,19.5513282693959,90,1944.03625913104,90,2381.05739403103,90,1652.63431691955
30,8,0,-2535.47897252296,0,1503.56562754839,0,943.515156806322,0,287.327774034378
30,8,5,-2450.89442505086,5,1474.58922814089,5,1166.65876101143,5,160.119788058664
30,8,10,-2357.58964846794,10,1417.09335311172,10,1383.76269146518,10,64.6032342071945
30,8,15,-2254.38873423199,15,1340.13805680659,15,1594.55562654506,15,6.48430348139811
30,8,20,-2139.75753452848,20,1253.31594778027,20,1797.75505722,20,-11.292653624189
30,8,25,-2012.17122590764,25,1166.13033064839,25,1991.04171059832,25,11.5067967509969
30,8,30,-1870.50144782488,30,1087.43657327886,30,2171.18041704568,30,72.6310358910356
30,8,35,-1714.38681699307,35,1024.97443661978,35,2334.27281598095,35,167.704648469395
30,8,40,-1544.54046495536,40,985.008688199554,40,2476.10942256546,40,290.689548347589
30,8,45,-1362.9443411305,45,972.086337685536,45,2592.57440424289,45,434.402949933983
30,8,50,-1172.88813395202,50,988.912248315151,50,2680.04989077479,50,591.050928306129
30,8,55,-978.832414246133,55,1036.34056501122,55,2735.76978383566,55,752.739925262961
30,8,60,-786.106962762988,60,1113.47624061754,60,2758.08485574982,60,911.93427247821
30,8,65,-600.48760838422,65,1217.87731041884,65,2746.61789073123,65,1061.83466637012
30,8,70,-427.718408692009,70,1345.8430667484,70,2702.30526924269,70,1196.65977746598
30,8,75,-273.053452055902,75,1492.76557132959,75,2627.33610929233,75,1311.82064740027
30,8,80,-140.882157295669,80,1653.5133089536,80,2525.00997759052,80,1403.98567517272
30,8,85,-34.4777196777439,85,1822.80913543721,85,2399.53895408267,85,1471.0432969552
30,8,90,44.1217032982655,90,1995.56355354262,90,2255.82002143358,90,1511.97952114021
35,8,0,-2116.20385283724,0,1833.85167360115,0,913.973323024873,0,23.9146776844726
35,8,5,-2038.90690565601,5,1771.49699379757,5,1104.81899555087,5,-138.447428776445
35,8,10,-1959.21171013001,10,1678.36574850419,10,1294.18672073366,10,-259.980123711902
35,8,15,-1874.84272029877,15,1565.25773972573,15,1482.81846701622,15,-334.675732278891
35,8,20,-1782.94787225451,20,1443.34536272382,20,1669.92011685382,20,-359.870338578723
35,8,25,-1680.52162276079,25,1323.47086798887,25,1853.09958054994,25,-336.1122038237
35,8,30,-1564.89582835205,30,1215.54164406675,30,2028.51523671388,30,-266.834312265628
35,8,35,-1434.27339250527,35,1128.0467009394,35,2191.22415069436,35,-157.874420452081
35,8,40,-1288.23926256744,40,1067.69999603143,40,2335.68773644933,40,-16.8891089435989
35,8,45,-1128.1496277112,45,1039.20521210016,45,2456.36370862086,45,147.29061379142
35,8,50,-957.294175784543,50,1045.13423461099,50,2548.29768359911,50,325.314956932854
35,8,55,-780.759315081853,55,1085.91608531211,55,2607.63171458512,55,507.937273360514
35,8,60,-604.986466805533,60,1159.93964439682,60,2631.96874341862,60,686.562161324163
35,8,65,-437.096955048744,65,1263.77637300144,65,2620.56323544955,65,853.687066422633
35,8,70,-284.115318645705,70,1392.5238459066,70,2574.33918036853,70,1003.21367761652
35,8,75,-152.244223646233,75,1540.25563851736,75,2495.76028331358,75,1130.61506005065
35,8,80,-46.3205634882496,80,1700.54073724313,80,2388.59142105468,80,1232.95523640911
35,8,85,30.4751526615649,85,1866.97341898898,85,2257.59638244987,85,1308.77113437106
35,8,90,76.6536594247427,90,2033.64228117528,90,2108.21615571102,90,1357.8426269188
40,8,0,-1682.79818701604,0,2039.87340164756,0,845.472778588475,0,-209.887475938047
40,8,5,-1614.41826099509,5,1948.85896927043,5,1000.88499242111,5,-396.517874293849
40,8,10,-1549.09666653994,10,1826.89991360233,10,1159.8372438827,10,-534.510376157565
40,8,15,-1483.77668178265,15,1686.12865110358,15,1324.13821085027,15,-617.987994906582
40,8,20,-1414.66019482854,20,1538.79766659409,20,1493.53909524409,20,-644.880279901924
40,8,25,-1337.5557930254,25,1396.5206781103,25,1665.60949845278,25,-616.689267926259
40,8,30,-1248.37325846321,30,1269.67140575148,30,1835.89055186217,30,-538.056584943243
40,8,35,-1143.79487611002,35,1166.95463697327,35,1998.33177812234,35,-416.184178947579
40,8,40,-1022.05453252186,40,1095.12620842452,40,2145.96564159067,40,-260.154456847236
40,8,45,-883.650722592695,45,1058.81876332401,45,2271.719464809,45,-80.1916362473171
40,8,50,-731.766613173691,50,1060.43591237638,50,2369.23151527908,50,113.091640309676
40,8,55,-572.209263624364,55,1100.10369347315,55,2433.54153761972,55,309.412767731991
40,8,60,-412.80787481953,60,1175.7009342377,60,2461.56326984726,60,499.450742783948
40,8,65,-262.378576223687,65,1283.01298910826,65,2452.3000833325,65,675.344525743201
40,8,70,-129.500064753016,70,1416.05391030109,70,2406.81443621406,70,831.02457183253
40,8,75,-21.3944900289233,75,1567.57560985944,75,2327.99555842387,75,962.359159092007
40,8,80,56.8430949742145,80,1729.73402755813,80,2220.18736876699,80,1067.11247018693
40,8,85,102.546373572438,85,1894.82705854577,85,2088.74539144592,85,1144.72850721499
40,8,90,115.331953583455,90,2055.97908231758,90,1939.59093110097,90,1195.97621079011
45,8,0,-1272.67153586781,0,2133.89640942552,0,747.614550628267,0,-405.139055349108
45,8,5,-1213.85496823427,5,2019.79799135166,5,867.46552802923,5,-604.56667512697
45,8,10,-1161.801771414,10,1876.21652939799,10,995.839090592663,10,-749.227996762738
45,8,15,-1113.16806891305,15,1716.25999547862,15,1135.53853799616,15,-833.813894359514
45,8,20,-1063.85050085366,20,1552.82628543878,20,1286.84874733271,20,-857.141487522792
45,8,25,-1009.07308653367,25,1397.77246421059,25,1447.3279054735,25,-821.788706199793
45,8,30,-943.708514625927,30,1261.34687181674,30,1611.9359416015,30,-733.553792275823
45,8,35,-862.996878681666,35,1151.89704869044,35,1773.53995050773,35,-600.803910848573
45,8,40,-763.635635951803,40,1075.77922642365,40,1923.75806840043,40,-433.74812570305
45,8,45,-644.974940107601,45,1037.34622293485,45,2054.01063547947,45,-243.652678998486
45,8,50,-509.890568723122,50,1038.90356049113,50,2156.58596973438,50,-42.023505905088
45,8,55,-364.930362009895,55,1080.59104025288,55,2225.52904843305,55,160.193972734707
45,8,60,-219.554639103886,60,1160.23598013153,60,2257.22135296186,60,353.32577247672
45,8,65,-84.6196007353744,65,1273.29445850527,65,2250.60544512669,65,529.518652049685
45,8,70,29.4710442544747,70,1413.01731262711,70,2207.08070197281,70,683.077450070769
45,8,75,114.422424624487,75,1570.93615229426,75,2130.13921972236,75,810.569974739653
45,8,80,165.095870055827,80,1737.67097699369,80,2024.82886044683,80,910.703758980473
45,8,85,179.770767108237,85,1903.94573400306,85,1897.13774047097,85,983.998644271749
45,8,90,159.701390429565,90,2061.60517657258,90,1753.39711820825,90,1032.30166701634
50,8,0,-912.950480691649,0,2138.45866637571,0,630.434848295979,0,-557.067285525982
50,8,5,-863.78104371857,5,2007.31532134269,5,717.447818187014,5,-758.461511646438
50,8,10,-822.821226301033,10,1849.03461749986,10,817.552268031168,10,-900.752281951842
50,8,15,-786.950149638677,15,1677.46618417358,15,934.325086594172,15,-979.578904089083
50,8,20,-752.512103685343,20,1505.88844274225,20,1068.46610324605,20,-994.89083851486
50,8,25,-714.945076514546,25,1346.02928538463,25,1217.50237800737,25,-950.418776882911
50,8,30,-668.693865337709,30,1207.51318081143,30,1375.86915500376,30,-853.019728736008
50,8,35,-607.809641292756,35,1097.77600405607,35,1535.45721216562,35,-711.980327426658
50,8,40,-527.341583735104,40,1022.30757746104,40,1686.6099822005,40,-538.295141838925
50,8,45,-425.171553319492,45,984.960477135963,45,1819.41142044877,45,-343.891751704464
50,8,50,-303.575302390699,50,988.067916403953,50,1925.00376276708,50,-140.785958668594
50,8,55,-169.755826201601,55,1032.24438761563,55,1996.67039466786,55,59.7890588844883
50,8,60,-34.9545375428624,60,1115.93649883305,60,2030.50876373744,60,248.174963986549
50,8,65,87.6673850968309,65,1234.95759093872,65,2025.64343262836,65,416.883981976513
50,8,70,185.682005268881,70,1382.30569581046,70,1984.02723108927,70,560.921249192244
50,8,75,249.718284318281,75,1548.50202832227,75,1909.9256802476,75,677.817380222592
50,8,80,274.804323965478,80,1722.51811804767,80,1809.19448931788,80,767.397729219389
50,8,85,260.508734376345,85,1893.14602371853,85,1688.46922369839,85,831.333750592416
50,8,90,210.081703151781,90,2050.48901895665,90,1554.39719871631,90,872.536044073979
55,8,0,-618.399912910296,0,2080.56274965071,0,503.432009938115,0,-664.620568995671
55,8,5,-578.602002645734,5,1938.6519438725,5,562.611148098754,5,-858.822698054207
55,8,10,-546.223972080266,10,1771.99346854493,10,638.803064598107,10,-991.29771090071
55,8,15,-518.732229729791,15,1595.05708209804,15,736.00098143712,15,-1058.88848606051
55,8,20,-493.581747892143,20,1421.43258379406,20,855.080440594821,20,-1062.82818792052
55,8,25,-467.240915130851,25,1262.56943714659,25,993.441822199711,25,-1008.02411993465
55,8,30,-434.451364542169,30,1127.15243792142,30,1145.0418875101,30,-902.278259778955
55,8,35,-388.479685990602,35,1021.2476680673,35,1300.96105976142,35,-755.562215398492
55,8,40,-322.728589718551,40,949.024260881493,40,1450.52417141498,40,-579.343910641414
55,8,45,-233.325002279635,45,913.590896107535,45,1582.79511284856,45,-385.872255611782
55,8,50,-121.604288665984,50,917.436715998874,50,1688.11642418815,50,-187.337243379471
55,8,55,4.76622375954049,55,962.176899777436,55,1759.35502493674,55,5.06594745594774
55,8,60,132.752768828925,60,1047.67046534122,60,1792.63932923499,60,182.017432969023
55,8,65,246.777613219945,65,1170.91798985461,65,1787.54044039707,65,336.710751089423
55,8,70,332.330115545862,70,1325.29996097474,70,1746.76853198344,70,465.133809240455
55,8,75,379.04178239225,75,1500.62073074107,75,1675.50027127109,75,565.990016332579
55,8,80,382.288472255028,80,1684.12926301473,80,1580.46252380064,80,640.329467612313
55,8,85,343.101353630131,85,1862.32388779841,85,1468.91441704033,85,690.973225069485
55,8,90,266.794969502239,90,2023.05811524794,90,1347.69690825827,90,721.805314261784
60,8,0,-392.231520272305,0,1986.15511070938,0,374.891382093561,0,-729.847600334727
60,8,5,-361.157319770714,5,1839.78410820717,5,412.654407392112,5,-910.003213062152
60,8,10,-334.999627855857,10,1670.393812425,10,470.596254173469,10,-1027.32346884871
60,8,15,-311.938366392395,15,1492.98472239354,15,552.686811488055,15,-1079.93332839975
60,8,20,-290.943918716015,20,1321.52329596503,20,659.642595996075,20,-1070.36794538394
60,8,25,-270.157533501127,25,1167.24659038957,25,788.561925802387,25,-1004.669754524
60,8,30,-245.307114062565,30,1037.81470520739,30,932.935522755559,30,-891.478054655274
60,8,35,-209.364652560244,35,937.638324242624,35,1083.22918389952,35,-741.276212766698
60,8,40,-154.224070675154,40,869.188184075639,40,1228.09324920479,40,-565.783846615672
60,8,45,-74.0763264598606,45,834.582626818312,45,1356.00704783229,45,-377.328273165552
60,8,50,31.0024089827478,50,836.562393020247,50,1456.97318743591,50,-188.029218505516
60,8,55,153.148887600102,55,878.249460803573,55,1523.86417294329,55,-8.80015218328376
60,8,60,277.685114865147,60,961.712360372137,60,1553.18206887239,60,151.626023861494
60,8,65,386.704924794687,65,1085.98485872738,65,1545.19354916792,65,287.370730517217
60,8,70,463.735932361206,70,1245.48423943871,70,1503.52816262067,70,395.620192597541
60,8,75,497.580814081773,75,1429.62291516744,75,1434.36075375061,75,476.394827917232
60,8,80,484.08944388311,80,1623.91386238821,80,1345.30568193576,80,532.013836223017
60,8,85,425.716099431573,85,1812.29027439659,85,1244.18636676803,85,566.392855380341
60,8,90,329.579748895713,90,1979.9385148033,90,1137.89735567246,90,584.264980161408
65,8,0,-229.026575775024,0,1876.27997906017,0,251.456254352266,0,-757.209174715204
65,8,5,-205.550248231073,5,1731.49466757334,5,274.672164292938,5,-918.916553327497
65,8,10,-183.597560068036,10,1564.35911562304,10,320.452321135166,10,-1017.9332415758
65,8,15,-161.964881308995,15,1390.25145671122,15,392.300089307901,15,-1053.55747523332
65,8,20,-141.214561994611,20,1223.60070227356,20,490.399787485581,20,-1029.49857490996
65,8,25,-121.491287725545,25,1075.63217848382,25,611.31619826517,25,-952.823411624449
65,8,30,-100.01433419129,30,953.111132126974,30,748.043844204077,30,-832.921365039064
65,8,35,-69.9407057864809,35,858.724486072288,35,890.627663985951,35,-680.707080187053
65,8,40,-21.917157327288,40,793.013085381205,40,1027.43226841569,40,-508.057982054947
65,8,45,51.8238077496805,45,756.903774964972,45,1146.85963898283,45,-327.263404241747
65,8,50,152.695242331626,50,753.444632837734,50,1239.09758363485,50,-150.235380400655
65,8,55,272.945334816874,55,787.679529425216,55,1297.47720741654,55,12.548735660448
65,8,60,396.55642518314,60,864.569272754472,60,1319.20401275158,60,153.109113069191
65,8,65,503.589429610072,65,985.909879556682,65,1305.4418441476,65,266.658668479347
65,8,70,575.90036509732,70,1147.71865257713,70,1260.8383069311,70,351.715396499705
65,8,75,601.689019550401,75,1339.31564529115,75,1192.59199691347,75,409.687620069194
65,8,80,577.320002127818,80,1544.53734150692,80,1109.17396996035,80,444.153304918162
65,8,85,506.421832216894,85,1744.64782747336,85,1018.88740883833,85,460.040056925585
65,8,90,397.381557256192,90,1921.95891151325,90,928.54151895732,90,462.810435599027
70,8,0,-118.507892917342,0,1765.43225231688,0,137.88726491776,0,-752.852170843414
70,8,5,-100.971036990297,5,1627.65800757799,5,153.028254582796,5,-893.881834536075
70,8,10,-81.5315618211393,10,1467.10331069606,10,192.353952750538,10,-973.325658333629
70,8,15,-59.3860891884054,15,1299.25358915794,15,258.529558441598,15,-991.395858744083
70,8,20,-36.4834089786322,20,1138.99799564547,20,350.862685329564,20,-952.727151719836
70,8,25,-14.9494477398854,25,997.765414082156,25,465.138651892727,25,-865.244265002028
70,8,30,6.28595019042891,30,881.692353087082,30,593.790339036758,30,-739.026962867514
70,8,35,33.5118660561654,35,791.883039643938,35,726.608286857868,35,-585.439360754836
70,8,40,76.9903484385246,40,726.912234427978,40,852.056260016868,40,-416.554646740468
70,8,45,146.298059911959,45,686.417062110146,45,958.979125558604,45,-244.632090846819
70,8,50,244.437395030791,50,673.784159439029,50,1038.28437218321,50,-81.3356603786291
70,8,55,364.080718384015,55,696.254727882362,55,1084.20187016479,55,63.3712395099704
70,8,60,488.311638982912,60,762.154215611997,60,1094.92966571865,60,182.353540234365
70,8,65,595.632771468166,65,876.548979969946,65,1072.66875032193,65,271.996984113993
70,8,70,666.633569280645,70,1037.45273955732,70,1023.113539465,70,332.200654597236
70,8,75,689.128285123482,75,1234.33617837719,75,954.446790749865,75,365.761496611594
70,8,80,659.917418053879,80,1449.50095890276,80,875.917185625503,80,377.464578447143
70,8,85,583.384044655872,85,1661.64331091773,85,796.202457232178,85,373.16217719134
70,8,90,468.486885992775,90,1850.25990409086,90,721.901463957543,90,358.958327184952
75,8,0,-48.9786183986679,0,1661.80078016623,0,36.987553108982,0,-723.860134538437
75,8,5,-35.267495498754,5,1535.51336376806,5,49.5370716180063,5,-843.600933545543
75,8,10,-16.8576053156618,10,1385.16383332424,10,87.1610824124121,10,-903.519503366448
75,8,15,6.85465329031886,15,1225.97282524941,15,151.431673787076,15,-904.403886019614
75,8,20,32.8955380080275,20,1073.14156042605,20,240.516851161263,20,-851.50156967031
75,8,25,57.4758681385907,25,938.419384234575,25,349.20693305596,25,-753.40204200426
75,8,30,80.0481846356801,30,827.602365099621,30,469.293149968544,30,-620.843507134172
75,8,35,106.163171248892,35,740.50314189547,35,590.438404046392,35,-465.736153757754
75,8,40,146.644168421294,40,673.900167448056,40,701.544109886177,40,-300.489623477399
75,8,45,212.585679351063,45,626.190652796386,45,792.373253123863,45,-137.43578416527
75,8,50,308.544735622095,50,601.13042682454,50,855.043181242347,50,11.9785963908704
75,8,55,427.914414810072,55,608.266388455498,55,885.07623014578,55,138.32515941703
75,8,60,553.424695354313,60,659.487408250567,60,881.90204273519,60,235.343940076509
75,8,65,662.621931342695,65,763.360265352238,65,848.844331525085,65,300.600948656862
75,8,70,735.275749204776,70,920.103833391181,70,792.61394564084,70,335.350522034166
75,8,75,758.953116465221,75,1119.53736346521,75,722.277652191265,75,343.723346386595
75,8,80,730.667704377317,80,1342.66793410516,80,647.731147981036,80,331.63937034703
75,8,85,655.022025146389,85,1565.92942423457,85,577.894839224016,85,305.805406293302
75,8,90,540.82170590626,90,1766.31452843722,90,519.044259065517,90,272.925428690663
80,8,0,-9.72808649403012,0,1568.64688330647,0,-50.3031476990126,0,-677.523781060523
80,8,5,2.52570903910082,5,1457.17832231899,5,-36.1447369229735,5,-776.341470548041
80,8,10,21.2772620909135,10,1319.91540256338,10,3.29566221391747,10,-817.470083927453
80,8,15,47.0142766794968,15,1171.40801888569,15,68.3632939113039,15,-801.937996332447
80,8,20,76.1146047558958,20,1026.88230739405,20,155.930071589391,20,-735.298504862702
80,8,25,103.621510609805,25,898.357493705402,25,259.642366868686,25,-626.62213647526
80,8,30,127.726029271232,30,791.490876381843,30,370.583848543228,30,-487.29487096619
80,8,35,153.26504012713,35,705.156587507692,35,478.380006760491,35,-329.90803926884
80,8,40,191.331034401942,40,634.682527977317,40,572.634460698573,40,-167.398335375878
80,8,45,254.162564623683,45,577.439326345988,45,644.412008539821,45,-12.321631546504
80,8,50,347.72767326596,50,537.59931389702,50,687.441922521216,50,124.020322492236
80,8,55,466.407425752475,55,526.945653571461,55,698.863502008346,55,232.714228130689
80,8,60,593.184060332042,60,560.827899924004,60,679.530213683282,60,308.352698473703
80,8,65,705.316410748829,65,651.255287456474,65,633.939968364634,65,349.623981114957
80,8,70,782.181195347528,70,800.700659131309,70,569.753098117454,70,359.050043596907
80,8,75,811.116860621431,75,999.532301237045,75,496.772768592257,75,342.005174744379
80,8,80,788.98655847066,80,1227.82803798042,80,425.359246802031,80,305.476188343248
80,8,85,720.018641229303,85,1460.24666226075,85,364.506614108093,85,256.992931082852
80,8,90,612.214137984029,90,1671.77751525706,90,320.052615317336,90,203.872335075496
85,8,0,7.73664989812683,0,1486.06079100547,0,-124.647730198408,0,-620.703048692015
85,8,5,20.898714261498,5,1391.58958300659,5,-106.006811758392,5,-699.364493092703
85,8,10,41.2676233073968,10,1269.56649143825,10,-62.4929882623952,10,-722.58755810876
85,8,15,69.1536001180658,15,1133.50723313835,15,4.97100119348855,15,-691.375045264142
85,8,20,100.580702896671,20,998.285279337937,20,91.9078828124102,20,-611.344692918227
85,8,25,129.970899288406,25,875.95939512613,25,190.759508728719,25,-491.90415491467
85,8,30,154.773492219671,30,772.09547627519,30,291.879814544471,30,-345.085804699995
85,8,35,179.316011434387,35,684.960342618014,35,384.926577919689,35,-184.28760206896
85,8,40,214.763634750422,40,608.894279772489,40,460.387333946014,40,-23.1528193287689
85,8,45,274.110144380504,45,540.597522415413,45,510.892846306425,45,125.387481116874
85,8,50,364.523513568903,50,484.724241333151,50,532.068394978447,50,250.08863171416
85,8,55,481.598426318476,55,455.050700047698,55,522.909787767332,55,342.498800511743
85,8,60,609.181617614978,60,469.990115101521,60,485.843585849057,60,397.989802195883
85,8,65,724.92047880699,65,544.674193934924,65,426.577634714813,65,416.254350322926
85,8,70,808.176028295384,70,683.769668270296,70,353.641293396485,70,400.944769904525
85,8,75,845.968838673827,75,878.4536288364,75,277.398011620382,75,358.571073930635
85,8,80,834.548579373352,80,1108.39294632967,80,208.447525229885,80,297.1430106374
85,8,85,777.170021107475,85,1347.11590691137,85,155.648851821613,85,225.036829902164
85,8,90,680.501373897908,90,1568.22898178267,90,124.273714916656,90,150.254123268149
90,8,0,9.39244865191988,0,1412.60279244562,0,-187.911644140973,0,-559.350376935311
90,8,5,25.5854212810285,5,1336.305881704,5,-163.129611850316,5,-618.600100563013
90,8,10,48.6874386933287,10,1231.04470891255,10,-114.415337096402,10,-624.591087072407
90,8,15,78.6664255925077,15,1109.02315278513,15,-43.9506588213278,15,-578.141863844676
90,8,20,111.37862053129,20,984.348733260343,20,42.4676807150641,20,-484.793803750554
90,8,25,141.127338071905,25,868.743977527323,25,136.111599447336,25,-354.20336125093
90,8,30,165.189854177196,30,767.566591141204,30,226.650208291924,30,-199.041686668334
90,8,35,187.699192857484,35,678.73257373227,35,303.84457130844,35,-33.5855372084815
90,8,40,219.798259341755,40,596.105433293589,40,359.172495456964,40,127.699823831243
90,8,45,274.886202643264,45,516.162027151251,45,386.967509844149,45,271.397389975882
90,8,50,361.092553752885,50,444.106736495395,50,384.901921478675,50,386.233648291389
90,8,55,475.392908464313,55,395.312726913601,55,353.969642179222,55,464.133496458228
90,8,60,603.05562667215,60,390.607999180928,60,298.271277302158,60,501.124518198867
90,8,65,722.747556766855,65,447.714338835739,65,224.748624891903,65,497.732736979393
90,8,70,814.144790707886,70,573.369585129136,70,142.719285222759,70,458.563783098873
90,8,75,863.813489555097,75,759.912451244871,75,62.9224009360751,75,391.146285494378
90,8,80,866.906362765762,80,987.281834846601,80,-4.04923954920275,80,304.498122370918
90,8,85,825.15012677964,85,1228.65977841093,85,-49.7051754979866,85,207.921595951172
90,8,90,743.480081994906,90,1456.96438254124,90,-69.4788777486129,90,110.229714453131
95,8,0,-1.03957549971528,0,1346.63014810055,0,-242.671992451083,0,-498.234347587804
95,8,5,19.8865974263867,5,1288.92584955489,5,-211.137617506628,5,-538.542748945586
95,8,10,46.5667713954176,10,1201.47698626249,10,-157.041863689751,10,-527.597691005482
95,8,15,78.4416663056905,15,1094.97775700104,15,-83.8024941341761,15,-465.98779139716
95,8,20,111.310465071008,20,982.355656876031,20,1.55190832886212,20,-359.142339010628
95,8,25,139.772858538093,25,874.535146484266,25,89.2472072768716,25,-216.930957383483
95,8,30,161.45802681698,30,776.426534368636,30,168.390817253759,30,-52.6329520018196
95,8,35,180.644828053463,35,685.764492802036,35,228.938478742828,35,118.607424961547
95,8,40,208.434994157651,40,596.43105181009,40,263.406440372516,40,281.485328911442
95,8,45,258.349472767451,45,505.147738127356,45,267.849138529236,45,422.052216285222
95,8,50,339.2406557748,50,417.716576836307,50,242.001583592117,50,528.932793128707
95,8,55,449.554421139708,55,350.598167413672,55,188.887288267141,55,594.316640581838
95,8,60,576.424044122264,60,326.210180259701,60,114.316454228458,60,614.720441714139
95,8,65,700.078423799744,65,364.184025072973,65,26.4636626487809,65,591.291310949078
95,8,70,800.815572931434,70,473.167392027606,70,-64.64704881222,70,529.381597557011
95,8,75,864.650507831583,75,647.09535712597,75,-148.077186985109,75,437.41088354386
95,8,80,885.23504601037,80,867.003603606319,80,-213.478104410107,80,325.404527119335
95,8,85,862.312153009456,85,1106.63398580062,85,-252.952568644542,85,203.704901492526
95,8,90,798.795969338594,90,1338.96999494921,90,-262.765451143371,90,82.098924493571
100,8,0,-21.6024037964407,0,1287.2839540066,0,-291.689422533104,0,-440.864968901492
100,8,5,5.23344889094847,5,1248.08385778703,5,-253.687963727949,5,-462.321649471248
100,8,10,35.9556481680995,10,1179.18944379147,10,-194.815986789059,10,-434.350824537517
100,8,15,69.3576413930754,15,1089.62673296093,15,-119.704289758421,15,-357.359459061297
100,8,20,101.277660804167,20,990.740950487443,20,-36.4862530565793,20,-236.711497601789
100,8,25,126.937445707743,25,892.175669396363,25,44.2164796918147,25,-82.4865489184957
100,8,30,144.736003605395,30,798.10301498296,30,111.147096622802,30,91.4974334126899
100,8,35,159.38857010577,35,706.177887423526,35,154.577078806751,35,269.336001765164
100,8,40,181.969523474168,40,610.732186806734,40,168.069597065675,40,434.975446026111
100,8,45,225.903470402113,45,509.151182085677,45,149.317655665258,45,573.963965483121
100,8,50,300.536845471283,50,407.839333308908,50,100.006230645072,50,674.772449556648
100,8,55,405.781287042543,55,323.779649491207,55,25.0996028687843,55,729.726459290544
100,8,60,530.920927525135,60,280.079215117332,60,-67.9358966633836,60,735.638821854733
100,8,65,658.169066124208,65,297.524270365445,65,-169.743825854187,65,694.045100773583
100,8,70,768.750645081294,70,386.473836899413,70,-269.687499894864,70,610.821378167843
100,8,75,848.152750075569,75,542.917252507581,75,-356.785694668161,75,495.132451909472
100,8,80,888.298581637592,80,749.885025734006,80,-421.129094615723,80,357.992557955472
100,8,85,886.647820217742,85,982.670231151966,85,-455.585890372757,85,210.886499277665
100,8,90,843.905244041108,90,1215.13450997782,90,-457.326634695559,90,64.7330503208549
105,8,0,-51.5928850377256,0,1235.13552619684,0,-337.392253328638,0,-389.59522940557
105,8,5,-18.2431658925146,5,1214.04030007617,5,-294.004841291292,5,-391.90489391157
105,8,10,16.5346693644976,10,1164.2306101759,10,-231.649156599952,10,-346.527486212005
105,8,15,50.8878254474477,15,1092.90384282979,15,-156.135822196742,15,-253.797267534915
105,8,20,80.8265891751384,20,1009.44042518564,20,-76.5429338556537,20,-119.101585223692
105,8,25,102.448926236478,25,921.760171351433,25,-4.08516611408653,25,47.2723380822646
105,8,30,115.21083867103,30,833.028168589557,30,49.8704417199391,30,231.089112957854
105,8,35,124.454961373934,35,740.88395707858,35,76.0577735936853,35,415.883357139289
105,8,40,141.230576363333,40,640.445057539727,40,69.0685046478887,40,585.042063643754
105,8,45,178.693198997502,45,530.076114390726,45,28.0718576759094,45,723.709425566409
105,8,50,246.462306731477,50,416.736446165334,50,-43.5253878946268,50,820.180334752352
105,8,55,345.81203765099,55,317.379314781444,55,-139.032073506401,55,866.79048762986
105,8,60,468.287547343197,60,254.937204358867,60,-249.488831194629,60,860.455575201053
105,8,65,598.369714853937,65,250.599738496808,65,-364.482304630046,65,802.872614517687
105,8,70,718.520067840368,70,316.190719272022,70,-472.882371716303,70,700.217356838662
105,8,75,813.885792589892,75,450.14428669906,75,-563.795496887717,75,562.227270815874
105,8,80,874.677153327464,80,638.345648989295,80,-627.878080013096,80,400.829736705783
105,8,85,895.980082691705,85,858.642911006291,85,-658.844050378888,85,228.682544121063
105,8,90,876.208992975948,90,1086.63302696721,90,-654.753627968396,90,57.9322458921685
110,8,0,-91.1438361119624,0,1192.43123837532,0,-381.422551725981,0,-345.860778352385
110,8,5,-51.2512175886983,5,1188.83351868193,5,-334.47378588587,5,-328.40925794743
110,8,10,-12.8538011759042,10,1158.40192961297,10,-270.573832702159,10,-265.101736496116
110,8,15,21.6851241756754,15,1106.33347528859,15,-196.640013822097,15,-156.333324415788
110,8,20,48.7361962355961,20,1039.70684165419,20,-122.496532779424,20,-7.60000486441792
110,8,25,65.470054526891,25,964.371088631848,25,-59.6592891092341,25,170.638452303007
110,8,30,72.5546786261175,30,882.294494644267,30,-19.3222831647958,30,363.909356269766
110,8,35,76.0309100680646,35,791.153056500857,35,-10.1335158974722,35,555.461483938323
110,8,40,86.8821833592728,40,687.072783679701,40,-36.5143308197794,40,728.389297120044
110,8,45,117.842826802007,45,569.580054455677,45,-98.043242677414,45,867.594983464215
110,8,50,178.587005115423,50,446.094687122041,50,-189.91714303443,50,961.217295380899
110,8,55,271.560106682539,55,333.066907090808,55,-304.051132846243,55,1001.50534827865
110,8,60,390.512341859181,60,252.52761335071,60,-430.273291159377,60,985.313691811763
110,8,65,522.331485458946,65,225.394686048999,65,-557.325659588537,65,914.304361572714
110,8,70,651.015870545434,70,264.65358125551,70,-673.73814704585,70,794.741304083836
110,8,75,761.721002637315,75,371.411448310527,75,-768.807274206819,75,636.729160708853
110,8,80,843.221306207365,80,535.094291529063,80,-833.7995455242,80,452.94270984849
110,8,85,888.380671144177,85,737.007619269446,85,-863.242702364397,85,257.115785938209
110,8,90,893.373850238754,90,955.332252014171,90,-855.960666894212,90,62.596492875351
115,8,0,-140.947188777925,0,1162.82283659405,0,-424.304255733314,0,-310.509998750675
115,8,5,-95.0231937754291,5,1175.90797235768,5,-376.332373617905,5,-272.491984127492
115,8,10,-53.8088076664536,10,1164.75082003027,10,-313.463189117185,10,-190.761850137058
115,8,15,-19.9350780817834,15,1132.40217453182,15,-243.572845358783,15,-65.9033873453845
115,8,20,3.5514910297524,20,1083.40260113064,20,-176.983417971715,20,96.4343843167548
115,8,25,15.0286014791812,25,1021.33186406583,25,-125.199234547172,25,285.711338899116
115,8,30,16.4060421280197,30,946.885073459623,30,-98.9590900601728,30,487.455283492021
115,8,35,14.3755951001315,35,857.824818004223,35,-106.151870895346,35,684.957302737371
115,8,40,19.7587976712593,40,751.390259738604,40,-150.279993697964,40,861.337793556223
115,8,45,44.7206435768432,45,628.314033607298,45,-229.939009305034,45,1001.47294485873
115,8,50,98.7743839035021,50,496.351387337895,50,-339.327624380873,50,1093.42125664143
115,8,55,185.282927920679,55,371.102623910863,55,-469.39863585633,55,1129.30487682666
115,8,60,300.012271339806,60,273.175616275316,60,-609.153786572828,60,1105.80856701845
115,8,65,432.261566144092,65,222.673604973865,65,-746.78678208212,65,1024.41069594947
115,8,70,567.827221267907,70,233.386862684317,70,-870.67672527716,70,891.27252538415
115,8,75,692.330421192789,75,309.090724004497,75,-970.388567042268,75,716.626134025068
115,8,80,793.610129177036,80,443.136876093412,80,-1037.76751154318,80,513.623368786915
115,8,85,862.699517020503,85,620.952184325283,85,-1068.01954320384,85,296.818790653561
115,8,90,893.743672482656,90,824.045209484117,90,-1060.50746266286,90,80.5717525005391
120,8,0,-202.132814824886,0,1150.50901252584,0,-465.303395568393,0,-284.158844705047
120,8,5,-151.155979249226,5,1179.16736831775,5,-419.517505905718,5,-224.780085440919
120,8,10,-108.134586988664,10,1186.52748675104,10,-360.863979012597,10,-124.359906416007
120,8,15,-75.6754171210124,15,1173.44681993225,15,-297.931668008138,15,16.226951808673
120,8,20,-56.0361996993616,20,1141.86622400676,20,-241.23642732942,20,191.193823564673
120,8,25,-49.5819825208219,25,1093.09229192872,25,-201.952288691772,25,390.075965284443
120,8,30,-53.2499261980055,30,1026.59887975522,30,-190.108969872104,30,598.685065630377
120,8,35,-59.8472010857563,35,940.285132860094,35,-212.732617069262,35,800.710514371888
120,8,40,-58.8603682169599,40,832.496343268612,40,-272.505680126545,40,979.645078101668
120,8,45,-38.8414609722441,45,705.093050607454,45,-367.337864665031,45,1120.60081678781
120,8,50,9.35720538446841,50,566.026596794468,50,-490.867469847691,50,1211.69866928954
120,8,55,89.7338339139614,55,429.842326872097,55,-633.577166904349,55,1244.96999526115
120,8,60,199.793038355169,60,315.429570901877,60,-784.102313617809,60,1216.89266656522
120,8,65,331.134855519221,65,241.692604475755,65,-930.448693308343,65,1128.66671548266
120,8,70,471.542149739337,70,222.830974476253,70,-1061.06517542108,70,986.181987510876
120,8,75,607.588284425609,75,265.0249434448,75,-1165.85166517684,75,799.529375420026
120,8,80,726.81541424162,80,365.553530966427,80,-1237.1521410188,80,581.973421208536
120,8,85,819.011528644132,85,514.268235426264,85,-1270.64987824537,85,348.483360249438
120,8,90,876.673372436395,90,696.52615062136,90,-1265.96448176181,90,114.069731203402
125,8,0,-276.286910376288,0,1158.87407500923,0,-502.538303691141,0,-267.479844198694
125,8,5,-221.591981373108,5,1201.55857886244,5,-462.7288142202,5,-186.248272421432
125,8,10,-177.776612255328,10,1225.7593484993,10,-412.00371054359,10,-67.3175825311979
125,8,15,-147.152561927348,15,1230.26890730755,15,-359.321252451679,15,88.0787038659086
125,8,20,-131.060076247375,20,1214.60666646126,20,-315.039941378272,20,274.088596872659
125,8,25,-128.668476846102,25,1178.02551467994,25,-289.695514591107,25,480.527408387906
125,8,30,-135.962649960223,30,1118.95904888372,30,-292.402467993474,30,693.796551948445
125,8,35,-145.479669656125,35,1035.4940918674,35,-329.271077189008,35,898.341996430105
125,8,40,-147.194885938331,40,926.98283231046,40,-402.291341054447,40,1078.38261042293
125,8,45,-130.518368918837,45,796.23917891082,45,-508.989409013906,45,1219.56399953775
125,8,50,-86.8496148706253,50,651.264833385154,50,-642.879719041509,50,1310.28006926416
125,8,55,-11.8331573668215,55,505.465528474148,55,-794.477494375691,55,1342.59020767285
125,8,60,93.4545755858436,60,375.911258614234,60,-952.53858630591,60,1312.80254118999
125,8,65,222.71488630109,65,280.071935497381,65,-1105.27453439819,65,1221.79480857208
125,8,70,365.805736557201,70,232.143748738044,70,-1241.44929301886,70,1075.03742292628
125,8,75,510.68415278637,75,240.217399823668,75,-1351.37228276956,75,882.196240038998
125,8,80,645.264086457942,80,305.109660807637,80,-1427.80079523075,80,656.22503661164
125,8,85,758.786891950916,85,420.975548479011,85,-1466.68657884191,85,411.997657654974
125,8,90,842.636039745256,90,577.217062000098,90,-1467.62578369688,90,164.682640372123
130,8,0,-365.548061100352,0,1188.93810886159,0,-533.347420047951,0,-261.32210974492
130,8,5,-308.692463352292,5,1243.52045045468,5,-503.725752205917,5,-158.416089640591
130,8,10,-264.905204140491,10,1281.80406787002,10,-465.006105771534,10,-21.8509885633104
130,8,15,-236.016885045363,15,1300.86389133039,15,-426.105018759812,15,146.748163287146
130,8,20,-222.446069877214,20,1298.23796579161,20,-396.853073271503,20,341.573236252078
130,8,25,-222.354803176382,25,1271.56327596736,25,-386.870184303514,25,552.942513177797
130,8,30,-231.074801174291,30,1218.53066088318,30,-404.206816912505,30,768.14465156763
130,8,35,-241.160099064388,35,1137.47316407191,35,-454.053625608511,35,972.717495819412
130,8,40,-243.271495459499,40,1028.58981686316,40,-537.850831970708,40,1151.94744071465
130,8,45,-227.803544729974,45,895.409434902759,45,-653.020166221858,45,1292.33118013431
130,8,50,-186.853313846722,50,745.829553779233,50,-793.343777380656,50,1382.80050447613
130,8,55,-115.9598456578,55,592.102206616903,55,-949.828991646918,55,1415.63270375515
130,8,60,-15.1076591630196,60,449.502064036573,60,-1111.81453675577,60,1387.06694010827
130,8,65,111.24367029994,65,333.937855984192,65,-1268.10978900101,65,1297.65698601495
130,8,70,255.004292595724,70,259.194487874897,70,-1408.05593168416,70,1152.32747911384
130,8,75,405.826250342309,75,234.619246051633,75,-1522.47596956987,75,960.042491910423
130,8,80,552.591576284439,80,263.858820497034,80,-1604.49484555174,80,733.013695679681
130,8,85,684.708596641636,85,344.849935535607,85,-1650.17409360959,85,485.47784867527
130,8,90,793.08483118419,90,470.86765844799,90,-1658.86458741846,90,232.204443310301
135,8,0,-472.659512979393,0,1238.0949822216,0,-554.842661521018,0,-266.587618408079
135,8,5,-415.291926313638,5,1301.79213085988,5,-539.80180078703,5,-143.243836423096
135,8,10,-372.04444155892,10,1350.36975294041,10,-517.283843996215,10,9.13359559502921
135,8,15,-344.201405970871,15,1379.73450172657,15,-495.734544027847,15,188.526908361898
135,8,20,-331.394622032511,20,1386.10145300402,20,-484.106714432568,20,389.290946072181
135,8,25,-331.082682748592,25,1366.09695330586,25,-490.877694124105,25,602.452516560809
135,8,30,-338.31346605249,30,1317.05254642005,30,-522.942641163623,30,816.445067063324
135,8,35,-345.972568496836,35,1237.620943328,35,-584.604513020317,35,1018.18662885638
135,8,40,-345.602119823627,40,1128.66445323881,40,-676.889663470038,40,1194.33919741199
135,8,45,-328.689661563164,45,994.158529267618,45,-797.342251317549,45,1332.56380370722
135,8,50,-288.149926644473,50,841.727578573971,50,-940.320732461286,50,1422.62123546481
135,8,55,-219.634835383718,55,682.469225478099,55,-1097.69542617239,55,1457.24017640348
135,8,60,-122.351189132919,60,529.930009091732,60,-1259.78043593539,60,1432.73474197957
135,8,65,0.779559752518644,65,398.38585665208,65,-1416.33988949049,65,1349.36630229787
135,8,70,143.590754764828,70,300.826354044468,70,-1557.55899081098,70,1211.415711599
135,8,75,297.587975871533,75,247.138806746445,75,-1674.91961407259,75,1026.90399819882
135,8,80,453.072042428476,80,242.907511125633,80,-1761.93881137281,80,806.916233328985
135,8,85,600.253897427815,85,289.037126065278,85,-1814.71825104973,85,564.5554371489
135,8,90,730.225330420687,90,382.170841672871,90,-1832.23719831198,90,313.65196433298
140,8,0,-600.809307757001,0,1299.56336323903,0,-564.505715361659,0,-283.872445563095
140,8,5,-544.558155047265,5,1369.01344776087,5,-568.311442715485,5,-142.698035054576
140,8,10,-502.047481748106,10,1423.39268140512,10,-566.007898054883,10,22.5334441192324
140,8,15,-474.068278551434,15,1458.10915606157,15,-565.178027064747,15,209.437371989018
140,8,20,-459.712667977441,20,1468.82432570228,20,-573.607211878109,20,412.637780635098
140,8,25,-456.112085939385,25,1451.83139050501,25,-598.469442931443,25,624.029649285171
140,8,30,-458.425732230449,30,1404.51965540067,30,-645.46401044029,30,833.383720128262
140,8,35,-460.180226666948,35,1325.94892351373,35,-718.054699211209,35,1029.21858344215
140,8,40,-453.97932513204,40,1217.47069312682,40,-816.961231450486,40,1199.82347873692
140,8,45,-432.494983501764,45,1083.24206379568,45,-940.003259110878,45,1334.30154102011
140,8,50,-389.557479444193,50,930.432805558319,50,-1082.31757261167,50,1423.52149890124
140,8,55,-321.120862344507,55,768.959179859544,55,-1236.89097114798,55,1460.90342404091
140,8,60,-225.907755544744,60,610.688004438136,60,-1395.30292822191,60,1442.99795149843
140,8,65,-105.621856005419,65,468.20305722734,65,-1548.56359818033,65,1369.83122897376
140,8,70,35.2773724108957,70,353.356664748894,70,-1687.95230227273,70,1244.98176825108
140,8,75,190.153861035036,75,275.893719913048,75,-1805.78754990006,75,1075.35048348922
140,8,80,350.995740273328,80,242.413703950085,80,-1896.07528666772,80,870.604053128617
140,8,85,509.301049452455,85,255.84264464243,85,-1954.98508203857,85,642.321598468797
140,8,90,656.935849027376,90,315.458423311339,90,-1981.10430172198,90,402.941233098949
145,8,0,-753.099725550279,0,1362.67983530025,0,-560.669364977328,0,-312.995638089004
145,8,5,-699.472889439084,5,1434.22568447376,5,-587.11004534375,5,-158.110676165896
145,8,10,-657.676322333748,10,1489.80775773225,10,-608.524971373708,10,15.8158123180139
145,8,15,-628.138543338679,15,1525.00011393382,15,-631.324552138982,15,206.083111969745
145,8,20,-609.709683236698,20,1535.64655981656,20,-661.924245476614,20,407.666122393101
145,8,25,-599.576705269855,25,1518.33627967088,25,-706.105840598914,25,613.427366050733
145,8,30,-593.375984993757,30,1470.89698980501,30,-768.373067754758,30,814.588195543469
145,8,35,-585.543746308625,35,1392.8801029157,35,-851.400081754909,35,1001.40397756293
145,8,40,-569.894159468276,40,1285.9802041455,40,-955.665957904055,40,1163.96293489252
145,8,45,-540.357005013855,45,1154.30232204722,45,-1079.33822065094,45,1293.01874183837
145,8,50,-491.760636876228,50,1004.38327749361,50,-1218.42246528413,50,1380.77376330692
145,8,55,-420.527759154956,55,844.898907071906,55,-1367.14849506724,55,1421.54702716224
145,8,60,-325.167344613579,60,686.045057330366,60,-1518.53008750853,60,1412.27891829885
145,8,65,-206.489324645336,65,538.651710099161,65,-1665.02174190465,65,1352.83611357522
145,8,70,-67.5240240461263,70,413.154211333824,70,-1799.1983256075,70,1246.08611053146
145,8,75,86.8211807580428,75,318.582954441163,75,-1914.39372682738,75,1097.71883639556
145,8,80,250.301238340228,80,261.731868650109,80,-2005.24463019004,80,915.812440175115
145,8,85,415.986990750572,85,246.627895454413,85,-2068.09288309191,85,710.174285143886
145,8,90,576.951137785881,90,274.360190142839,90,-2101.20759139202,90,491.529279393595
150,8,0,-931.588001996855,0,1413.78813978903,0,-542.781931253098,0,-352.620127289535
150,8,5,-881.850048531405,5,1483.96429773417,5,-594.818693703775,5,-189.587800179025
150,8,10,-840.6417882396,10,1536.81232183502,10,-642.633443777544,10,-12.2313779948897
150,8,15,-808.180829374957,15,1568.60046073732,15,-691.264618227455,15,176.510453429944
150,8,20,-783.350093893366,20,1575.91848435812,20,-745.653609978287,20,372.022050369777
150,8,25,-763.711163319185,25,1556.11781703972,25,-810.171043357205,25,568.172908649632
150,8,30,-745.660093163258,30,1507.73580326574,30,-888.158248159728,30,757.665810956116
150,8,35,-724.735294528392,35,1430.86534414326,35,-981.544210868537,35,932.534305028842
150,8,40,-696.058983980604,40,1327.42502605453,40,-1090.59316036836,40,1084.73664322143
150,8,45,-654.864915456116,45,1201.28275072154,45,-1213.82072859486,45,1206.78545763518
150,8,50,-597.043797277416,50,1058.1928613824,50,-1348.09144243502,50,1292.35300527059
150,8,55,-519.630251227419,55,905.525414694848,55,-1488.88376400751,55,1336.79850447731
150,8,60,-421.163384395956,60,751.795030828276,60,-1630.68734574956,60,1337.57345652393
150,8,65,-301.87416903614,65,606.030123837595,65,-1767.48420219676,65,1294.47041285846
150,8,70,-163.680685781366,70,477.053400829997,70,-1893.26113337984,70,1209.69042426326
150,8,75,-10.0000455676492,75,372.763578500546,75,-2002.50249015583,75,1087.7166823925
150,8,80,154.591636692316,80,299.511010894909,80,-2090.61741917426,80,934.999120699313
150,8,85,324.804780077151,85,261.645035876807,85,-2154.26262078752,85,759.477043123968
150,8,90,495.133266920186,90,261.281357303607,90,-2191.53072538168,90,569.990491645992
155,8,0,-1136.02008021676,0,1437.30774466048,0,-511.444089455074,0,-400.155408467518
155,8,5,-1091.02258516552,5,1503.43241185127,5,-590.908935552371,5,-235.730114399363
155,8,10,-1050.21937418505,10,1551.02864096727,10,-666.707951157949,10,-61.0854062100666
155,8,15,-1013.74219153169,15,1577.35612764488,15,-742.429310474396,15,120.715883302274
155,8,20,-980.702211834278,20,1580.04941372392,20,-821.534416918037,20,305.515478350593
155,8,25,-949.240627167722,25,1557.44913774031,25,-907.028983485006,25,488.181070392825
155,8,30,-916.674165112391,30,1508.90837130213,30,-1001.15531753547,30,662.850985654831
155,8,35,-879.732671440539,35,1435.04060324524,35,-1105.14054798911,35,823.279939171824
155,8,40,-834.871756153652,40,1337.87850273665,40,-1219.03170062716,40,963.253085349663
155,8,45,-778.630247605555,45,1220.91817755871,45,-1341.63914964204,45,1077.02924612131
155,8,50,-707.992977453236,50,1089.03287656835,50,-1470.59675817971,50,1159.77237027669
155,8,55,-620.716483205611,55,948.252898716795,55,-1602.53260269067,55,1207.93236110024
155,8,60,-515.579235014329,60,805.423788349523,60,-1733.33123898187,60,1219.54142059439
155,8,65,-392.527955503809,65,667.770666674028,65,-1858.45893089755,65,1194.39917573957
155,8,70,-252.705300216524,70,542.410108113215,70,-1973.31790438302,70,1134.12877516014
155,8,75,-98.3590083164867,75,435.859617276283,75,-2073.59432206314,75,1042.09698509603
155,8,80,67.3536311181024,80,353.596415027299,80,-2155.5666633212,80,923.20403574545
155,8,85,240.64104816558,85,299.711027192325,85,-2216.34597180768,85,783.562724563246
155,8,90,417.399792027265,90,276.687800166153,90,-2254.02668786901,90,630.099116394486
160,8,0,-1362.56502197721,0,1416.76222145778,0,-468.270302996158,0,-452.009445666553
160,8,5,-1322.5619170463,5,1477.4529245118,5,-575.653875107255,5,-293.777737515938
160,8,10,-1281.86597590942,10,1519.22541726473,10,-679.719851910959,10,-128.563553167036
160,8,15,-1240.60294026356,15,1540.36747111879,15,-782.645734515751,15,40.606609164404
160,8,20,-1198.20880773628,20,1539.57069672246,20,-886.498868144932,20,210.087551236202
160,8,25,-1153.48066785038,25,1516.13432490753,25,-993.027395698021,25,375.707673784561
160,8,30,-1104.68525214134,30,1470.14710185689,30,-1103.47005588702,30,532.933205979929
160,8,35,-1049.71962281057,35,1402.62547224343,35,-1218.40342630587,35,677.092281948513
160,8,40,-986.311919646109,40,1315.58962582379,40,-1337.6426523361,40,803.640282188431
160,8,45,-912.244440232251,45,1212.06427269567,45,-1460.2067933557,45,908.44347488198
160,8,50,-825.577631180417,50,1095.99784750368,50,-1584.35330306796,50,988.05601683869
160,8,55,-724.852571961603,55,972.101699187622,55,-1707.67881838872,55,1039.96580210825
160,8,60,-609.251479687135,60,845.618982662998,60,-1827.27643135187,60,1062.78726840823
160,8,65,-478.700354922074,65,722.040553901268,65,-1939.93388650827,65,1056.38377983464
160,8,70,-333.904403371246,70,606.791226246989,70,-2042.35331131446,70,1021.90825741384
160,8,75,-176.314357899832,75,504.913377142241,75,-2131.37144847627,75,961.757932852629
160,8,80,-8.02931397200777,80,420.775431476314,80,-2204.1599467417,80,879.446923562729
160,8,85,168.351685589538,85,357.829924577786,85,-2258.38792818226,85,779.408018789051
160,8,90,349.912013662623,90,318.439935686294,90,-2292.3335076173,90,666.741671619093
165,8,0,-1602.94408319925,0,1335.96147652891,0,-415.62794025977,0,-504.092406674347
165,8,5,-1567.49325247059,5,1391.37993781583,5,-549.98173182708,5,-360.067668600681
165,8,10,-1526.40855234416,10,1428.82241690554,10,-681.19204819709,10,-211.26355346626
165,8,15,-1479.8523497711,15,1447.41909998032,15,-810.167686505089,15,-60.4575436742756
165,8,20,-1427.59915478912,20,1446.69176954678,20,-937.747246040959,20,89.2991014024624
165,8,25,-1369.07064935823,25,1426.64997485294,25,-1064.58313467834,25,234.752983717069
165,8,30,-1303.40147883945,30,1387.87165817882,30,-1191.03838038491,30,372.554152069022
165,8,35,-1229.53154148012,35,1331.55734030689,35,-1317.10511937647,35,499.389758934636
165,8,40,-1146.31782881291,40,1259.54899431068,40,-1442.35212751127,40,612.136625189615
165,8,45,-1052.65670917808,45,1174.3077246246,45,-1565.90637904365,45,708.021183685279
165,8,50,-947.606236960778,50,1078.84802794906,50,-1686.47059214465,50,784.77404355656
165,8,55,-830.497835567013,55,976.630390491326,55,-1802.37539536228,55,840.766416546009
165,8,60,-701.027617907666,60,871.41788309292,60,-1911.6615149709,60,875.116849632129
165,8,65,-559.319588092459,65,767.105857825542,65,-2012.18461871341,65,887.75898680307
165,8,70,-405.955782493437,70,667.536462983483,70,-2101.73346900788,70,879.464220253003
165,8,75,-241.97172417198,75,576.311184504651,75,-2178.15104831595,75,851.816794700442
165,8,80,-68.8189953941583,80,496.614808761001,80,-2239.44841280714,80,807.142842160828
165,8,85,111.700111631974,85,431.063050890766,85,-2283.90218014469,85,748.398551778853
165,8,90,297.518376468961,90,381.583741330566,90,-2310.12862416344,90,679.025820955644
170,8,0,-1844.26728309665,0,1180.76843786204,0,-356.275411257434,0,-552.368960297493
170,8,5,-1812.33612261451,5,1232.48330058256,5,-515.231279994141,5,-430.548155872217
170,8,10,-1770.20270744715,10,1268.81430634883,10,-671.078192428624,10,-305.061794877433
170,8,15,-1718.08806051146,15,1289.41055325521,15,-823.673806923388,15,-178.182067729941
170,8,20,-1656.06786716946,20,1294.24981113378,20,-972.851068773586,20,-52.2518738027886
170,8,25,-1584.08933854003,25,1283.66570303889,25,-1118.36820808479,25,70.3687104561206
170,8,30,-1502.00114682586,30,1258.3650479913,30,-1259.86509293171,30,187.366422776721
170,8,35,-1409.59432239264,35,1219.43175608311,35,-1396.82935579478,35,296.546732470262
170,8,40,-1306.65109883266,40,1168.31446430633,40,-1528.57502708194,40,395.910006422964
170,8,45,-1192.99801445461,45,1106.79624019218,45,-1654.23546846407,45,483.727405490915
170,8,50,-1068.55920497692,50,1036.94605080723,50,-1772.77127967802,50,558.611546068639
170,8,55,-933.405801888298,55,961.053164095418,55,-1882.99265880745,55,619.576956939222
170,8,60,-787.797695713181,60,881.547075777129,60,-1983.59454395838,60,666.085803362432
170,8,65,-632.214604347717,65,800.906800556128,65,-2073.20186847436,65,698.075198971514
170,8,70,-467.374336560059,70,721.564312236536,70,-2150.42152175576,70,715.963602481469
170,8,75,-294.237261910199,75,645.807475083405,75,-2213.89719528342,75,720.635190463967
170,8,80,-113.997173876045,80,575.687929890787,80,-2262.36324455785,80,713.402579581475
170,8,85,71.9401592855946,85,512.939079649628,85,-2294.69400821048,85,695.94970523986
170,8,90,261.988534580339,90,458.90860411069,90,-2309.94565184485,90,670.257920325704
175,8,0,-2069.67458964169,0,941.645347502243,0,-292.919762904324,0,-593.269480307525
175,8,5,-2039.99032526679,5,992.146696423993,5,-472.812718621426,5,-501.123752767011
175,8,10,-1996.2367033732,10,1031.60076234224,10,-649.544117626688,10,-405.403318536251
175,8,15,-1938.70223759086,15,1059.81216740093,15,-822.178445090702,15,-307.601082740562
175,8,20,-1867.70067510213,20,1076.79691661537,20,-989.79344643544,20,-209.209095618823
175,8,25,-1783.5742174087,25,1082.78131838824,25,-1151.47088969031,25,-111.686368639407
175,8,30,-1686.69992284772,30,1078.19572523881,30,-1306.28899138799,30,-16.4262853369354
175,8,35,-1577.49874085674,35,1063.66275745266,35,-1453.31730835936,35,75.2754508612583
175,8,40,-1456.4464403657,40,1039.97987813509,40,-1591.61472936964,40,162.251245494899
175,8,45,-1324.0855581207,45,1008.09644312896,45,-1720.23098801732,45,243.489244755561
175,8,50,-1181.03741769316,50,969.08563541501,50,-1838.21187736637,50,318.156979801842
175,8,55,-1028.01326192543,55,924.111988981988,55,-1944.60809563903,55,385.619896861892
175,8,60,-865.823600543515,60,874.395487965448,60,-2038.48741015974,60,445.453790695768
175,8,65,-695.384994875394,65,821.173469838689,65,-2118.94961198104,65,497.450378578837
175,8,70,-517.723672107012,70,765.661746050937,70,-2185.14356204632,70,541.615534135956
175,8,75,-333.975567205771,75,709.016463824588,75,-2236.285513085,75,578.16002702908
175,8,80,-145.382613825171,80,652.298258954872,80,-2271.67783626474,80,607.48296385564
175,8,85,46.714672400328,85,596.440188308635,85,-2290.727288809,85,630.148474134462
175,8,90,240.888071320304,90,542.220786067856,90,-2292.9620235678,90,646.856509874606
180,8,0,-2259.65894192823,0,616.570355385044,0,-227.772548235484,0,-623.876846646496
180,8,5,-2231.20857182552,5,668.598568987667,5,-423.848058363178,5,-567.765159611665
180,8,10,-2185.77735725064,10,715.538343769439,10,-616.697828840273,10,-507.332436886213
180,8,15,-2123.71105717863,15,757.03243970126,15,-804.854156467564,15,-443.038607980357
180,8,20,-2045.4820336297,20,792.765061658271,20,-986.88505797991,20,-375.372987753744
180,8,25,-1951.68565670902,25,822.464262811431,25,-1161.40516830354,25,-304.850552433917
180,8,30,-1843.03577348077,30,845.904014307095,30,-1327.08628402076,30,-232.008020336273
180,8,35,-1720.35927516091,35,862.905925483073,35,-1482.66747179998,35,-157.399767113597
180,8,40,-1584.58980397573,40,873.340601529282,40,-1626.96466485971,40,-81.5936066226076
180,8,45,-1436.76064758082,45,877.128628260381,45,-1758.87967443172,45,-5.16646951765343
180,8,50,-1277.99687511802,50,874.241176505672,50,-1877.40854764073,50,71.299987539929
180,8,55,-1109.50677475996,55,864.700221516498,55,-1981.64920819192,55,147.223808640222
180,8,60,-932.572657907472,60,848.578375721316,60,-2070.80832171626,60,222.027167660598
180,8,65,-748.541100025538,65,825.998336101262,65,-2144.20733352409,65,295.140765871407
180,8,70,-558.812692390937,70,797.131950392046,70,-2201.28763281601,70,366.008164643069
180,8,75,-364.831382746911,75,762.198909218914,75,-2241.61480404839,75,434.090020280024
180,8,80,-168.07348598897,80,721.465074118343,80,-2264.88193309793,80,498.868188751927
180,8,85,29.963551482893,85,675.240454171208,85,-2270.9119430635,85,559.84966908258
180,8,90,227.772548235484,90,623.876846646496,90,-2259.65894192823,90,616.570355385043
185,8,0,2393.8605750849,0,-213.385928239008,0,162.257496965661,0,641.921477018432
185,8,5,2366.34520942806,5,-269.2822006115,5,368.950640107252,5,626.474532830176
185,8,10,2320.10721647869,10,-327.330264407153,10,572.419186993627,10,605.412296779043
185,8,15,2255.51181953452,15,-386.802733128258,15,770.895376486141,15,577.968302043565
185,8,20,2173.09522677441,20,-446.79992604159,20,962.65350598935,20,543.494081404685
185,8,25,2073.56014299457,25,-506.272498604242,25,1146.02730821936,25,501.492348187657
185,8,30,1957.76957504543,30,-564.050179163651,30,1319.42685240463,30,451.645554293739
185,8,35,1826.73896068329,35,-618.875663661215,35,1481.35481721501,35,393.838705284283
185,8,40,1681.62665428922,40,-669.442505843714,40,1630.4219882229,40,328.175506239483
185,8,45,1523.72280341607,45,-714.435663959477,45,1765.36183403537,45,254.987151638801
185,8,50,1354.43664993905,50,-752.573237571253,50,1885.04401002955,50,174.833350510241
185,8,55,1175.28229236366,55,-782.64786015502,55,1988.48662574671,55,88.4954839000345
185,8,60,987.862955777595,60,-803.566212371574,60,2074.86709201882,60,-3.03788848519121
185,8,65,793.853837016692,65,-814.385191615547,65,2143.5313392835,65,-98.5926381312456
185,8,70,594.983627861431,70,-814.343415603493,70,2194.00117355448,70,-196.836962394737
185,8,75,393.014869814362,75,-802.886946328672,75,2225.97951681514,75,-296.314473155404
185,8,80,189.723359338265,80,-779.688385526366,80,2239.35327057133,80,-395.481184231558
185,8,85,-13.1231009925489,85,-744.658798927075,85,2234.19355117908,85,-492.744966538672
185,8,90,-213.786227884292,90,-697.952255214172,90,2210.75307852966,90,-586.505982016079
190,8,0,2453.18954680031,0,249.409389733932,0,97.0353588438528,0,645.679857310407
190,8,5,2427.25164947428,5,188.172320848145,5,308.317798982889,5,673.25273279855
190,8,10,2382.19909748017,10,116.832432547648,10,516.480961761436,10,693.7295714965
190,8,15,2318.35474321797,15,36.5480379584056,15,719.63925579368,15,705.016570325308
190,8,20,2236.21485876531,20,-51.1121495621066,20,915.948817779621,20,705.236263538169
190,8,25,2136.44566212435,25,-144.211228420152,25,1103.62541313734,25,692.80487085119
190,8,30,2019.87857493328,30,-240.50095924103,30,1280.96106063955,30,666.501357597703
190,8,35,1887.50465891832,35,-337.491949930176,35,1446.3393266769,35,625.525139131061
190,8,40,1740.4686068087,40,-432.53516486451,40,1598.24949723614,40,569.539545478162
190,8,45,1580.06248325861,45,-522.912025174229,45,1735.30005379739,45,498.698543868853
190,8,50,1407.71914898877,50,-605.929688942971,50,1856.23200871716,50,413.654808774538
190,8,55,1225.00499824827,55,-679.017536044045,55,1959.93266408229,55,315.548024228923
190,8,60,1033.61134683941,60,-739.820504399606,60,2045.45023012724,60,205.97327156698
190,8,65,835.343579559426,65,-786.284799062611,65,2112.0094795593,65,86.9304438140012
190,8,70,632.107052004942,70,-816.731673820514,70,2159.0282478086,70,-39.2432397048357
190,8,75,425.888780365224,75,-829.915493515593,75,2186.13416084191,75,-169.954461233178
190,8,80,218.734163280396,80,-825.063117959808,80,2193.18054099305,80,-302.444684747941
190,8,85,12.718357261688,85,-801.89276200268,85,2180.26007369797,85,-433.885916831818
190,8,90,-190.087558955261,90,-760.611800706089,90,2147.71457795976,90,-561.476232768636
195,8,0,2422.22679438009,0,743.954543099338,0,32.4156420274688,0,633.881456774172
195,8,5,2399.38725407064,5,677.00005497117,5,242.208845431697,5,704.183803593587
195,8,10,2358.50524271618,10,592.059184375789,10,449.061723065843,10,766.106504132182
195,8,15,2299.79583827683,15,490.624508932188,15,651.092951570644,15,816.238545701378
195,8,20,2223.62068618052,20,374.828780850012,20,846.475425140879,20,851.448855566427
195,8,25,2130.48044234004,25,247.400516833562,25,1033.45518524325,25,869.011633652201
195,8,30,2021.00658637987,30,111.595670467076,30,1210.36385318973,30,866.724817826287
195,8,35,1895.95518850577,35,-28.8952384836647,35,1375.62460299968,35,843.015822781939
195,8,40,1756.20487958609,40,-170.06377430675,40,1527.75295575265,40,797.02826987544
195,8,45,1602.76049609824,45,-307.721504315214,45,1665.35473118512,45,728.683465686165
195,8,50,1436.76275543105,50,-437.654695877098,50,1787.12421413611,50,638.710983963463
195,8,55,1259.50300527203,55,-555.78927574824,55,1891.84587575643,55,528.643908248996
195,8,60,1072.44075430022,60,-658.357705909813,60,1978.40276382725,60,400.776098312314
195,8,65,877.220520906311,65,-742.058067330859,65,2045.79392150088,65,258.0811880687
195,8,70,675.683728255349,70,-804.19501711047,70,2093.16194977334,70,104.095767629078
195,8,75,469.871103703306,75,-842.792615679433,75,2119.83021415218,75,-57.2278719937637
195,8,80,262.011429553416,80,-856.67042965984,80,2125.34741029083,80,-221.691241861485
195,8,85,54.493570964464,85,-845.476780988206,85,2109.53551155099,85,-385.030865575367
195,8,90,-150.179608793797,90,-809.676350175372,90,2072.53581171526,90,-543.099115438149
200,8,0,2291.79369647222,0,1236.2765380792,0,-30.9484095348358,0,605.718349248855
200,8,5,2274.16960464413,5,1164.33390556703,5,171.69543216678,5,715.705754900181
200,8,10,2241.03886696926,10,1067.47107143689,10,371.550177017408,10,816.565855108924
200,8,15,2192.46725252826,15,947.287424288318,15,566.796305022741,15,903.694546765359
200,8,20,2128.61957450163,20,806.200181692642,20,755.719510907832,20,972.76466142933
200,8,25,2049.73438149689,25,647.427238601331,25,936.73530784393,25,1019.89792550561
200,8,30,1956.09918760191,30,474.939998170643,30,1108.39361631807,30,1041.83910988222
200,8,35,1848.03380646952,35,293.38004487345,35,1269.36389254098,35,1036.12323194316
200,8,40,1725.88826788266,40,107.935099515359,40,1418.4045330166,40,1001.22484651398
200,8,45,1590.05969677573,45,-75.8274822505631,45,1554.32285201342,45,936.677475333766
200,8,50,1441.02969631861,50,-252.167397858066,50,1675.93370224209,50,843.151278512805
200,8,55,1279.42048187413,55,-415.411096924102,55,1782.0256991834,55,722.478283181628
200,8,60,1106.06457578771,60,-560.212064917495,60,1871.34389533914,60,577.616922884254
200,8,65,922.079681948597,65,-681.814450609219,65,1942.59646765449,65,412.551336600555
200,8,70,728.937892569146,70,-776.299330226515,70,1994.49040155351,70,232.125770529759
200,8,75,528.517159407439,75,-840.791641242041,75,2025.79733258401,75,41.8202734757652
200,8,80,323.123434602411,80,-873.607352879988,80,2035.44600672069,80,-152.519844354079
200,8,85,115.474272326772,85,-874.324898684344,85,2022.63294647526,85,-344.982415411827
200,8,90,-91.3611507941347,90,-843.77186697747,90,1986.93878871459,90,-529.891755297869
205,8,0,2061.31161526806,0,1690.8563427492,0,-91.3500758027842,0,561.02805771769
205,8,5,2051.24551604334,5,1615.6139746858,5,99.3924521831234,5,705.101740869566
205,8,10,2029.52064936046,10,1510.26507858252,10,287.327529936648,10,840.061319162072
205,8,15,1996.05119895644,15,1376.22447494258,15,470.685725787422,15,960.335237646361
205,8,20,1950.78998657919,20,1215.80534624325,20,647.918328279414,20,1060.54523389656
205,8,25,1893.66461328622,25,1032.26038105013,25,817.734587913114,25,1135.71741732803
205,8,30,1824.51616295798,30,829.796877085216,30,979.093553320189,30,1181.51325104714
205,8,35,1743.05666633213,35,613.550416124249,35,1131.1531943647,35,1194.46793582498
205,8,40,1648.85903869287,40,389.501137643131,40,1273.18559925696,40,1172.21942531451
205,8,45,1541.38888319024,45,164.319116191552,45,1404.47122172999,45,1113.70863350191
205,8,50,1420.08193275759,50,-54.86844280294,50,1524.18772617142,50,1019.33059918552
205,8,55,1284.46442284966,55,-260.785675887683,55,1631.31043731905,55,891.017354912561
205,8,60,1134.30678470334,60,-446.377460334939,60,1724.54188716516,60,732.23588779311
205,8,65,969.794363494964,65,-605.212448312805,65,1802.28695256799,65,547.88902682178
205,8,70,791.693355444357,70,-731.882264618519,70,1862.68664663031,70,344.113749234881
205,8,75,601.487013652346,75,-822.35415307672,75,1903.71702416775,75,127.980530024007
205,8,80,401.457516909385,80,-874.235727346266,80,1923.35005055675,80,-92.8914473512576
205,8,85,194.693380298753,85,-886.918669392159,85,1919.76207896325,85,-310.776530559005
205,8,90,-14.9892408766216,90,-861.581859158625,90,1891.56521243917,90,-518.305232995484
210,8,0,1740.26095807627,0,2075.6198408021,0,-145.636942305773,0,500.654847774397
210,8,5,1739.96269581073,5,1999.47629753727,5,29.8033996141236,5,671.178277334734
210,8,10,1732.86392770228,10,1890.28936362695,10,202.110368157725,10,833.425947381668
210,8,15,1718.75382505789,15,1749.02905527497,15,369.477167871258,15,981.159451657091
210,8,20,1697.40007468907,20,1577.51709137714,20,530.519075386576,20,1108.17388833177
210,8,25,1668.42384632837,25,1378.54196331716,25,684.332475185097,25,1208.53400870176
210,8,30,1631.1777118054,30,1155.97173108566,30,830.467113908421,30,1276.85725743074
210,8,35,1584.65568508889,35,914.83870391615,35,968.820147873021,35,1308.62807210956
210,8,40,1527.46084106827,40,661.360859940247,40,1099.47098605827,40,1300.51899929257
210,8,45,1457.84879639125,45,402.861991293267,45,1222.48078902786,45,1250.68903773298
210,8,50,1373.85546136886,50,147.559658074225,50,1337.68159913115,50,1159.02864325388
210,8,55,1273.50563646277,55,-95.7920261892368,55,1444.48038881392,55,1027.32280428548
210,8,60,1155.08617405274,60,-318.39157477815,60,1541.70465020886,60,859.306899294176
210,8,65,1017.45499425412,65,-511.969460027385,65,1627.51769917941,65,660.59426232384
210,8,70,860.3472040177,70,-669.39223554741,70,1699.4304272167,70,438.46087145813
210,8,75,684.634081139231,75,-785.21431267925,75,1754.42818900412,75,201.483443596478
210,8,80,492.491507758186,80,-856.103701293281,80,1789.21536360071,80,-40.9565929251237
210,8,85,287.442381069311,85,-881.085551813343,85,1800.55803354891,85,-279.270885488378
210,8,90,74.252150774457,90,-861.573828075123,90,1785.68265637047,90,-504.311801943657
215,8,0,1347.98184645638,0,2366.4141192751,0,-189.381068972861,0,426.877918431124
215,8,5,1359.22324306786,5,2292.15899277451,5,-30.9926654651413,5,614.966056233462
215,8,10,1369.12596496161,10,2184.2405536677,10,123.530157462735,10,796.3399566469
215,8,15,1377.37638110734,15,2043.04903103708,15,272.177669207044,15,964.431624873353
215,8,20,1383.60117991097,20,1869.65345482105,20,413.663461879047,20,1112.49042582351
215,8,25,1387.16557700736,25,1665.97027407057,25,547.518093083661,25,1233.82361109003
215,8,30,1386.96549874283,30,1434.984463149,30,674.032494075119,30,1322.1211958569
215,8,35,1381.26050584536,35,1180.99284698835,35,794.072256353952,35,1371.84752484815
215,8,40,1367.5925330647,40,909.807118608714,40,908.802120929625,40,1378.663614226
215,8,45,1342.82645844269,45,628.833614847624,45,1019.36350914863,45,1339.83461118006
215,8,50,1303.33208018105,50,346.950303856872,50,1126.54160494923,50,1254.57757812192
215,8,55,1245.30472778243,55,74.1330490716448,55,1230.45178918015,55,1124.312281087
215,8,60,1165.1968662057,60,-179.162943129317,60,1330.27576021801,60,952.785172818564
215,8,65,1060.21054538753,65,-402.799958772103,65,1424.08566642597,65,746.040714757178
215,8,70,928.785242973146,70,-587.81860342763,70,1508.80213150621,70,512.216954048032
215,8,75,771.010581235805,75,-727.229355374371,75,1580.32808860444,75,261.150215101229
215,8,80,588.898965577142,80,-816.616555369606,80,1633.87791936603,80,3.79195774598748
215,8,85,386.467779968862,85,-854.477714119271,85,1664.48272311036,85,-248.531195870768
215,8,90,169.602212838763,90,-842.271892146988,90,1667.60864270088,90,-484.951920589238
220,8,0,911.418327074554,0,2550.1160607285,0,-217.639159911342,0,343.6822698393
220,8,5,935.293739098356,5,2480.56596434354,5,-76.336062092466,5,540.147279790895
220,8,10,963.463198710504,10,2378.6850428915,10,59.9173057777618,10,731.949891022562
220,8,15,995.490641660473,15,2244.33228123139,15,188.676814320661,15,912.521070528065
220,8,20,1030.88787157684,20,2077.78586668835,20,308.628045359522,20,1074.86711499185
220,8,25,1068.83850887609,25,1879.89225624598,25,419.732559852091,25,1211.78767165576
220,8,30,1107.88530780497,30,1652.36271617761,30,523.130268681352,30,1316.22707121313
220,8,35,1145.64772637293,35,1398.20204331083,35,620.840938475939,35,1381.74315453828
220,8,40,1178.64681140934,40,1122.17397817235,40,715.341837135643,40,1403.04050881482
220,8,45,1202.30926742937,45,831.145917253908,45,809.098759678741,45,1376.49497634659
220,8,50,1211.19695184149,50,534.144093490785,50,904.102800012862,50,1300.60148505636
220,8,55,1199.46410405795,55,242.003934051061,55,1001.43832899785,55,1176.29920482004
220,8,60,1161.4935483713,60,-33.3936568623738,60,1100.90108670011,60,1007.14886273868
220,8,65,1092.62123152651,65,-280.18821147411,65,1200.70477468465,65,799.343907703934
220,8,70,989.83898639143,70,-487.7069502359,70,1297.34408678816,70,561.532045570493
220,8,75,852.371325443572,75,-647.510428946612,75,1385.69453506216,75,304.420420133294
220,8,80,682.045437397559,80,-754.143025506566,80,1459.40459471713,80,40.1503953276885
220,8,85,483.402093651559,85,-805.508079111416,85,1511.57392893392,85,-218.539978292302
220,8,90,263.520926972754,90,-802.881004129749,90,1535.63353757733,90,-459.3045599275
225,8,0,461.099028358921,0,2625.77032408184,0,-226.075761708855,0,256.633435616996
225,8,5,497.881671409342,5,2563.40297911267,5,-100.383220537156,5,452.907195140977
225,8,10,544.393589106732,10,2471.33722424506,10,18.6267990025332,10,646.756064319909
225,8,15,599.993742733345,15,2349.13155275448,15,127.812460342515,15,831.885666081141
225,8,20,664.052810840141,20,2196.48867693019,20,225.666837998492,20,1001.34602533598
225,8,25,735.634341018477,25,2013.25646473256,25,312.539623124072,25,1147.69592791284
225,8,30,813.075347370132,30,1799.71305633289,30,390.483992911925,30,1263.35917002445
225,8,35,893.547678800267,35,1557.17386817045,35,462.803554147503,35,1341.16829792853
225,8,40,972.723692680999,40,1288.79486780796,40,533.438608405231,40,1375.02062105561
225,8,45,1044.68471072167,45,1000.30385030468,45,606.328433826861,45,1360.52918524445
225,8,50,1102.17614753957,50,700.34275445414,50,684.826930555885,50,1295.56120088935
225,8,55,1137.22849723156,55,400.188598860091,55,771.179254580873,55,1180.60542079191
225,8,60,1142.05772568907,60,112.816856884593,60,866.039849549984,60,1018.96003230736
225,8,65,1110.07812518715,65,-148.501544656459,65,968.048496322383,65,816.751064948021
225,8,70,1036.84034350795,70,-371.722788170822,70,1073.55268113924,70,582.775262048512
225,8,75,920.748134174793,75,-547.311649355854,75,1176.6141272351,75,328.135867643426
225,8,80,763.477013351522,80,-669.046566213643,80,1269.41812462862,80,65.63451049028
225,8,85,570.074844538936,85,-734.304681403877,85,1343.11166176859,85,-191.090344246437
225,8,90,348.746460768155,90,-743.943162379821,90,1388.96811038803,90,-428.636976052497
230,8,0,26.3283605016368,0,2603.59344033137,0,-212.053944316151,0,172.248225518047
230,8,5,75.4708463613978,5,2550.24700128281,5,-99.4220004401884,5,361.091911018094
230,8,10,139.346925083312,10,2470.41408142668,10,4.48925812433273,10,549.619291491307
230,8,15,216.969200000774,15,2363.70364076806,15,95.5972932240822,15,732.001394160087
230,8,20,307.464057915423,20,2229.66095365701,20,172.036323781485,20,901.572969632986
230,8,25,409.777614353968,25,2067.45491492049,25,234.47848025915,25,1050.91191075547
230,8,30,522.180369545201,30,1876.01572064796,30,285.91169953434,30,1172.17113103703
230,8,35,641.643226900921,35,1654.77096981668,35,330.987509672358,35,1257.6874756752
230,8,40,763.263928708696,40,1404.84354156989,40,375.167517415646,40,1300.77096271171
230,8,45,879.991999491525,45,1130.29722925597,45,423.897722164052,45,1296.49480616255
230,8,50,982.866641018419,50,838.891343766057,50,481.92822807224,50,1242.31564387754
230,8,55,1061.82995262077,55,541.925428306573,55,552.752458669204,55,1138.44205509741
230,8,60,1106.9694084781,60,253.091473098899,60,638.070587780103,60,987.970219350541
230,8,65,1109.88864873472,65,-13.35065201776,65,737.239274542805,65,796.85094709284
230,8,70,1064.8883603868,70,-244.501053531245,70,846.810142406874,70,573.726038258594
230,8,75,969.756491908637,75,-430.291041916422,75,960.37427941763,75,329.612324798158
230,8,80,826.132742401153,80,-564.199958049187,80,1068.92693894468,80,77.3722122667195
230,8,85,639.521417987079,85,-643.27166979839,85,1161.83266566341,85,-169.08188028429
230,8,90,419.029994450554,90,-667.735708033817,90,1228.27320375226,90,-395.851173827336
235,8,0,-369.129176387728,0,2502.21521534253,0,-175.301770329775,0,96.9747798960862
235,8,5,-308.823281477141,5,2458.92171253157,5,-72.6365553450658,5,272.850463917046
235,8,10,-229.282315822238,10,2392.34839834918,10,18.9430893537978,10,450.116312290066
235,8,15,-132.017671661794,15,2302.52516667536,15,94.2458666249207,15,623.503405472763
235,8,20,-18.3365805901522,20,2189.34424305404,20,150.914986814953,20,786.810975668628
235,8,25,110.491517718077,25,2051.77003270085,25,189.867709013673,25,932.875463770523
235,8,30,252.740185022264,30,1887.66692881444,30,214.99765591152,30,1053.84136480549
235,8,35,405.418079073529,35,1694.57314028722,35,232.289456962284,35,1141.8122463317
235,8,40,563.374968693567,40,1471.31478090901,40,248.685486951309,40,1189.77436330214
235,8,45,718.728615572025,45,1219.8809918779,45,271.059795229944,45,1192.53811914869
235,8,50,861.015290045253,50,946.722588633553,50,305.476547163365,50,1147.43719853809
235,8,55,978.218408167294,55,662.783566363169,55,356.659857144653,55,1054.66134140584
235,8,60,1058.44819753275,60,382.104659010238,60,427.464074475115,60,917.273142359403
235,8,65,1091.75764733924,65,119.48695400853,65,518.215007101855,65,741.05244222318
235,8,70,1071.56657207825,70,-111.891217905575,70,626.030731669029,70,534.28104573364
235,8,75,995.419882586998,75,-302.075802605545,75,744.441306712088,75,307.476617650546
235,8,80,865.141346078071,80,-444.801691386487,80,863.648546919525,80,72.9929686070029
235,8,85,686.640089194396,85,-537.046016890724,85,971.577362693832,85,-155.622721008235
235,8,90,469.588876345316,90,-578.25595584425,90,1055.58279882969,90,-364.584826399692
240,8,0,-709.80248603299,0,2344.95594560528,0,-117.935814068933,0,36.0803336519166
240,8,5,-639.868697648156,5,2311.94372890758,5,-22.0806319805873,5,195.17160697447
240,8,10,-546.635811253382,10,2258.51981636623,10,60.1096008945582,10,356.76220236433
240,8,15,-432.326150741682,15,2185.42107530811,15,122.278653947502,15,516.15344966577
240,8,20,-298.946473287932,20,2093.33583141697,20,161.502135144653,20,667.726215064438
240,8,25,-148.200220205874,25,1981.52070630761,25,178.852450561271,25,804.78621033371
240,8,30,18.142302233902,30,1847.16598210229,30,179.0320188379,30,919.734769533762
240,8,35,197.298723565202,35,1686.08450501752,35,169.248340328154,35,1004.72436477218
240,8,40,384.195701916533,40,1494.71388621106,40,157.787139953331,40,1052.70118838148
240,8,45,570.466398632858,45,1272.69766384748,45,152.786977884926,45,1058.50265163069
240,8,50,744.413564849939,50,1024.84805106325,50,161.470595701662,50,1019.63764888062
240,8,55,892.26087425891,55,761.438197183847,55,189.705652579451,55,936.560568585538
240,8,60,1000.37236318987,60,496.538790065696,60,241.537671133752,60,812.516727490097
240,8,65,1057.61656059898,65,245.095241985704,65,318.444440739581,65,653.199895590518
240,8,70,1057.03509306964,70,20.0459860279602,70,418.421480476325,70,466.436914410993
240,8,75,996.440429160751,75,-169.355475810546,75,535.338583687936,75,261.959785546707
240,8,80,878.165359350678,80,-317.60940857394,80,659.056451229545,80,51.1661345358021
240,8,85,708.51245775208,85,-421.896272989964,85,776.529920120625,85,-153.308130471608
240,8,90,497.343543406054,90,-480.804504392616,90,873.731901674129,90,-338.358151001944
245,8,0,-989.23262434576,0,2156.08359329727,0,-43.8746185311092,0,-7.21140399007166
245,8,5,-911.186008742988,5,2132.92867986276,5,48.0645023135795,5,132.75910277778
245,8,10,-806.07134850242,10,2091.81671423018,10,123.683021179663,10,275.644499122879
245,8,15,-676.998106315129,15,2034.32009378083,15,175.521124165352,15,417.269922974765
245,8,20,-526.986164094945,20,1962.19769155769,20,200.066055531851,20,552.659110799171
245,8,25,-358.495435963994,25,1875.38791107799,25,198.432926082172,25,675.759059084679
245,8,30,-173.515373885496,30,1770.80824907281,30,175.951604807948,30,779.479490167907
245,8,35,25.4454324327272,35,1642.82803390366,35,140.836319568485,35,856.307909420691
245,8,40,233.663938558736,40,1485.57586923082,40,102.493453805302,40,899.437499575864
245,8,45,442.641413658446,45,1296.23871372014,45,70.1182764620059,45,904.008607742151
245,8,50,639.756280582259,50,1077.7711577873,50,51.9227776896157,50,867.969626453222
245,8,55,809.720233101648,55,839.527880035396,55,54.8163560856892,55,792.284482179289
245,8,60,937.429850617287,60,595.352838866757,60,84.0280155780299,60,680.581242158598
245,8,65,1010.98637353932,65,360.037838919758,65,142.289015424434,65,538.584990006278
245,8,70,1023.61735207386,70,145.916981535676,70,228.687529298605,70,373.667614499037
245,8,75,973.985987778527,75,-38.8565106509346,75,337.763715958351,75,194.640285741191
245,8,80,865.336422125865,80,-189.899166316201,80,459.481942668433,80,11.6781429648795
245,8,85,704.424537488296,85,-304.805317538404,85,580.366643305113,85,-163.869249741749
245,8,90,500.974808025909,90,-381.317449315785,90,685.586946379337,90,-320.027223961074
250,8,0,-1208.85494794825,0,1957.82853504575,0,42.1154732488621,0,-32.1038183934416
250,8,5,-1123.88416731848,5,1943.68954732129,5,132.62565166066,5,87.5213564840245
250,8,10,-1008.22287660635,10,1913.74307933079,10,204.228485495912,10,209.789619102723
250,8,15,-866.02328418745,15,1870.34521403371,15,248.513533843446,15,330.979173968653
250,8,20,-701.635830305873,20,1816.36268965585,20,261.397878988819,20,446.769922122578
250,8,25,-518.650563826893,25,1752.60781072081,25,243.896094561823,25,551.868637629006
250,8,30,-319.54957597755,30,1676.04784742563,30,201.69790980807,30,639.906424379674
250,8,35,-106.618942607728,35,1579.95256437726,35,143.709269341154,35,703.97527056247
250,8,40,115.950004048778,40,1456.3795833767,40,80.1714720942959,40,737.794555199459
250,8,45,339.839658996397,45,1300.12195997517,45,21.1251681403614,45,737.060998448604
250,8,50,551.823945424531,50,1112.18111507852,50,-24.3589668954433,50,700.374846568568
250,8,55,735.384087781341,55,900.810452063118,55,-48.3973850117284,55,629.381636080949
250,8,60,874.252594259603,60,679.425523883209,60,-44.6001556253882,60,528.230093114729
250,8,65,956.179130327616,65,462.478015269651,65,-8.95747597890717,65,402.782259521366
250,8,70,975.120762756942,70,261.532466123526,70,58.8153150182673,70,260.02144782816
250,8,75,931.161464852174,75,83.4963371509136,75,154.160233834506,75,107.848666245473
250,8,80,828.884432930571,80,-68.4899849428348,80,267.542716177881,80,-44.8520565465264
250,8,85,675.639742524313,85,-192.545902416159,85,385.614358351299,85,-188.190506648172
250,8,90,480.813565505579,90,-285.662406417639,90,493.38975051662,90,-311.615989090239
255,8,0,-1375.70504510528,0,1768.56911468645,0,135.414711786815,0,-40.0967497271096
255,8,5,-1284.4909230217,5,1762.42749206679,5,226.569004562094,5,58.695761332388
255,8,10,-1159.01377258456,10,1742.50791394262,10,296.423254641997,10,159.265892669264
255,8,15,-1004.5999229975,15,1711.74332571435,15,335.815293342572,15,258.275757530521
255,8,20,-827.201519380074,20,1673.9130600482,20,340.125461323114,20,352.032814013166
255,8,25,-631.887579491786,25,1630.66497434584,25,310.096138257048,25,436.053487486555
255,8,30,-421.941616923256,30,1579.19998843283,30,251.44476875357,30,504.838905329232
255,8,35,-199.576631729286,35,1512.0377592125,35,173.38538679921,35,552.316869877945
255,8,40,31.6084102556022,40,1419.53312201282,40,86.6765557737109,40,572.996366016621
255,8,45,263.703160298566,45,1294.32187762428,45,2.01859407546924,45,563.364663917252
255,8,50,483.174177879916,50,1135.48883227094,50,-70.7245851124695,50,522.838373454031
255,8,55,672.57581365703,55,950.065329443796,55,-122.705921660359,55,453.8389812111
255,8,60,814.793045448014,60,750.8756212197,60,-146.393005628606,60,361.094499436241
255,8,65,897.59873850664,65,551.93949221293,65,-136.532371742949,65,250.671747359191
255,8,70,916.128125264021,70,364.080478320356,70,-91.6363653036502,70,129.268884249897
255,8,75,872.355913845721,75,193.075063535163,75,-15.2223509071159,75,4.00512695990148
255,8,80,772.594383802913,80,40.9292002119663,80,84.0141860057624,80,-117.421620530513
255,8,85,624.998213035271,85,-90.9972958211789,85,193.387331757477,85,-226.567881931227
255,8,90,438.585996588493,90,-199.092316933634,90,298.409805145102,90,-314.448344980134
260,8,0,-1499.73983222981,0,1602.20865712295,0,232.305968588695,0,-34.479559000765
260,8,5,-1402.41742192151,5,1603.05458604168,5,325.816613442846,5,43.4207661345064
260,8,10,-1267.29906534646,10,1592.20036608559,10,395.90923729303,10,121.789680807311
260,8,15,-1100.987647176,15,1572.84889796748,15,432.866141873638,15,197.618861589551
260,8,20,-911.215125718086,20,1549.32113061847,20,431.559126180103,20,267.778214242614
260,8,25,-704.775745736143,25,1523.85461994928,25,392.273955216256,25,328.56907891365
260,8,30,-486.023754605814,30,1493.90696648614,30,320.40172738576,30,375.432430782362
260,8,35,-257.310904600675,35,1451.55411043394,35,225.061319202376,35,403.31014714275
260,8,40,-21.7177299859731,40,1385.90278906813,40,117.214067684475,40,407.741123935932
260,8,45,213.351334582654,45,1287.82248876303,45,8.07177482272545,45,386.222062056463
260,8,50,434.297424526441,50,1154.64983418801,50,-91.7147556755233,50,339.11555449792
260,8,55,623.064238540426,55,992.135437730891,55,-172.297623492243,55,269.651043596878
260,8,60,762.016341569314,60,812.372619318149,60,-225.012809648665,60,183.124786481901
260,8,65,839.259883427074,65,628.918298551271,65,-243.435239502031,65,85.8345017314426
260,8,70,851.405754009465,70,452.032893801019,70,-224.929430528412,70,-15.6887717983531
260,8,75,802.61634269204,75,286.694112820471,75,-171.895008296193,75,-114.902579809832
260,8,80,701.224595028533,80,134.090470476802,80,-91.9028882019655,80,-205.069269123286
260,8,85,556.442737038204,85,-4.81509033393765,85,3.50794639959993,85,-279.044723344713
260,8,90,377.076451556867,90,-125.963234898161,90,100.943596885675,90,-329.430553957957
265,8,0,-1591.41372064099,0,1468.47625057414,0,330.344647514796,0,-19.6687481870109
265,8,5,-1487.65680123991,5,1475.41297863165,5,427.607693048847,5,37.4843687816796
265,8,10,-1342.69497427227,10,1472.87070377997,10,499.634443309954,10,93.5205274107042
265,8,15,-1164.46854776269,15,1463.97512739237,15,536.307789336918,15,145.721626111767
265,8,20,-962.538026542195,20,1453.1233328818,20,532.002565160176,20,191.426881980082
265,8,25,-745.508131091897,25,1442.75236521797,25,486.374704123326,25,227.634522957545
265,8,30,-518.971494519419,30,1430.45539558004,30,404.16430426399,30,250.722618234658
265,8,35,-285.652837139773,35,1408.09752742047,35,294.027259697178,35,256.769220508389
265,8,40,-48.318637468772,40,1364.02679592864,40,166.848535388948,40,242.551555121584
265,8,45,186.082498456085,45,1287.85106612952,45,34.2370195750169,45,206.774808472493
265,8,50,404.050997554968,50,1175.44525691583,50,-92.3473639581881,50,150.85119755686
265,8,55,587.241664817048,55,1031.28439301728,55,-202.002336125622,55,78.8108606119971
265,8,60,717.837649921691,60,866.60541958822,60,-284.943354779086,60,-3.53561325798863
265,8,65,784.513998489683,65,694.492790193684,65,-333.658280317818,65,-89.6616762414849
265,8,70,785.470719164189,70,524.903447296263,70,-344.436463467937,70,-173.08500555964
265,8,75,727.131624727074,75,362.493638355696,75,-318.505730610305,75,-247.603651518601
265,8,80,619.992311987959,80,208.114195370955,80,-262.06773640462,80,-307.159553789404
265,8,85,474.579476520867,85,62.5795045198303,85,-185.102668054593,85,-345.692185011009
265,8,90,299.803892261811,90,-69.7069733818297,90,-99.4202127005901,90,-357.336673099655
270,8,0,-1659.86116540532,0,1373.75374835733,0,428.335604912246,0,-0.594608982568055
270,8,5,-1549.05371809346,5,1386.01882248666,5,530.42653189137,5,36.0112833364961
270,8,10,-1393.92177698255,10,1391.17269499671,10,605.738178464626,10,69.785259560466
270,8,15,-1203.73882962378,15,1391.92310227507,15,643.851678522132,15,98.2666596350374
270,8,20,-989.79109895555,20,1392.26177723237,20,638.638160596646,20,119.157433737924
270,8,25,-762.392966360129,25,1394.37195802343,25,588.985165655437,25,130.031565116638
270,8,30,-528.410751343005,30,1395.76520887414,30,498.730894004845,30,128.156272718135
270,8,35,-291.166994121692,35,1388.24929367034,35,375.781903122598,35,110.820317797746
270,8,40,-53.4258912238536,40,1359.8889563083,40,230.72611795188,40,76.2047045455102
270,8,45,178.129038139694,45,1299.59390917818,45,75.4760266781969,45,24.3868232597614
270,8,50,390.181607863322,50,1202.15375613614,50,-77.6876854713113,50,-42.094716005112
270,8,55,564.420020807593,55,1070.83768092829,55,-216.776653666556,55,-118.434637377197
270,8,60,683.196826552397,60,915.914932014838,60,-330.908070329205,60,-198.372875592664
270,8,65,735.918931744463,65,749.974744543498,65,-411.557435705617,65,-275.163421801024
270,8,70,722.298889393571,70,582.937296716747,70,-453.989958364172,70,-342.262907664895
270,8,75,650.850448108,75,419.674504429634,75,-458.20008613648,75,-393.585638378242
270,8,80,534.185060661791,80,261.289431474769,80,-428.810490617901,80,-423.482740777882
270,8,85,384.35400860779,85,108.827776695601,85,-373.921415177532,85,-426.757811732952
270,8,90,210.801570972681,90,-32.9502565333532,90,-303.402342674474,90,-398.994479815663
275,8,0,-1711.76064365279,0,1322.04393896934,0,526.007644037001,0,17.7382596655241
275,8,5,-1593.2235228849,5,1338.95697364204,5,633.617809285446,5,33.9496918334292
275,8,10,-1427.74659894888,10,1351.19273734887,10,713.127443472885,10,45.5882512297071
275,8,15,-1225.83621852513,15,1360.73479916788,15,753.856674163166,15,50.4147721692698
275,8,20,-1000.24436871382,20,1370.73200703502,20,749.153556445909,20,46.3947463556479
275,8,25,-762.720927420818,25,1382.67638716161,25,697.048681252615,25,31.5655886881937
275,8,30,-521.316544278718,30,1393.74945462189,30,600.326692403779,30,4.02942080121563
275,8,35,-280.149885437721,35,1395.79286451597,35,465.965849085242,35,-37.6728302575708
275,8,40,-42.3623376337662,40,1377.01333523976,40,304.105326033043,40,-93.8462213126979
275,8,45,185.335230269793,45,1326.18609586726,45,126.874165570525,45,-162.934294977215
275,8,50,389.829846776502,50,1237.44342399759,50,-52.6573235574109,50,-241.23040148615
275,8,55,553.160504887163,55,1112.98125961318,55,-221.433940435579,55,-323.183772382909
275,8,60,658.205825866553,60,962.01391222615,60,-367.515597424432,60,-402.134296764523
275,8,65,695.20646965095,65,796.57993529899,65,-481.414611935072,65,-471.115633556301
275,8,70,665.14491448647,70,626.770803662454,70,-557.377652123834,70,-523.430291358643
275,8,75,578.219751777377,75,458.184668121882,75,-594.083056772149,75,-552.932816693231
275,8,80,448.89888894494,80,292.816389711572,80,-594.403517040486,80,-554.176246905226
275,8,85,290.858583404521,85,132.449816751837,85,-564.343547885193,85,-522.656486361527
275,8,90,114.530289164977,90,-17.6241051181392,90,-511.625216819913,90,-455.323065989389
280,8,0,-1750.78209524989,0,1315.79267739433,0,623.512816811185,0,30.4856033540474
280,8,5,-1624.02767797356,5,1336.64011046107,5,736.837666143806,5,26.3260425182873
280,8,10,-1448.44174014933,10,1355.16528147024,10,820.905083261306,10,15.8825274314352
280,8,15,-1235.5396711542,15,1372.37212762839,15,864.775549443528,15,-2.90486405075142
280,8,20,-999.136681100443,20,1390.2123741391,20,861.252410266398,20,-31.8752054449899
280,8,25,-752.016537150213,25,1409.12868824392,25,807.475415893405,25,-72.5911124345613
280,8,30,-503.239324623624,30,1425.75694477777,30,705.126288434214,30,-126.141432343622
280,8,35,-257.886741241299,35,1432.03198956512,35,560.185711685683,35,-192.712616161911
280,8,40,-19.8730682142612,40,1416.65741809544,40,382.258894308526,40,-271.051737156658
280,8,45,203.730756643326,45,1368.78627220115,45,183.600012981948,45,-358.091705802207
280,8,50,399.999642955535,50,1282.33152833696,50,-22.0209671052809,50,-448.960062791803
280,8,55,551.625801643747,55,1158.60661553856,55,-220.564544265047,55,-537.387608237948
280,8,60,642.361305550409,60,1005.72715703549,60,-399.095218174315,60,-616.334554803269
280,8,65,663.33957439502,65,835.096454135489,65,-547.18051665475,65,-678.596728020291
280,8,70,616.457787527073,70,657.085593066528,70,-658.005361666838,70,-717.256235115082
280,8,75,513.010653797969,75,478.426119462681,75,-728.833145011593,75,-726.006219790802
280,8,80,368.85112655986,80,302.618946152919,80,-760.665503449056,80,-699.49169303842
280,8,85,199.205543501799,85,132.780330218933,85,-757.309466012616,85,-633.808868644409
280,8,90,15.8610814241571,90,-24.9305830306206,90,-724.279862689526,90,-527.214985101877
285,8,0,-1777.46361216053,0,1356.39592184594,0,720.867477524695,0,33.0347934075151
285,8,5,-1642.44497296359,5,1380.26460775068,5,839.467940946196,5,8.31870476247892
285,8,10,-1457.59859311459,10,1403.89699785035,10,927.777800636696,10,-24.3372844478264
285,8,15,-1235.09391841071,15,1427.12823390582,15,974.58673002961,15,-66.8537317171476
285,8,20,-989.303139383654,20,1450.46814010605,20,972.142958458313,20,-120.89075534346
285,8,25,-733.582950148568,25,1473.07427497465,25,916.713318092252,25,-187.601955479477
285,8,30,-477.795773119613,30,1490.90310967605,30,808.915276582823,30,-267.24874187242
285,8,35,-228.120452726555,35,1496.04024443104,35,653.755337369928,35,-358.742353325852
285,8,40,10.4007097343779,40,1477.96368116223,40,460.273350801153,40,-459.30003006043
285,8,45,230.032568717171,45,1426.62759580402,45,240.747410450425,45,-564.395184351686
285,8,50,418.018019122725,50,1336.13597794865,50,9.49925212186255,50,-668.039060754267
285,8,55,557.972351416212,55,1207.16091941793,55,-218.58959662228,55,-763.268765667913
285,8,60,634.834011762416,60,1046.74428092106,60,-429.6704272796,60,-842.658136814665
285,8,65,640.6641811346,65,865.569252645454,65,-612.361295196997,65,-898.738598137129
285,8,70,577.881134584089,70,674.289666674001,70,-758.71017940981,70,-924.345184137281
285,8,75,458.190310739242,75,481.018319141409,75,-864.470735839534,75,-912.997103663725
285,8,80,298.183929490194,80,291.260917502812,80,-928.716205677216,80,-859.432445306369
285,8,85,114.342688052105,85,110.056945944701,85,-953.068177400895,85,-760.347174533064
285,8,90,-80.020686994239,90,-55.1282769351073,90,-940.906248934654,90,-615.28169092508
290,8,0,-1789.37875714287,0,1444.316249199,0,817.42247314388,0,20.9925887743405
290,8,5,-1646.68513314195,5,1469.89778246027,5,940.08328270978,5,-24.7511861516922
290,8,10,-1454.14057651857,10,1496.84040364649,10,1031.52984609309,10,-80.0092176332505
290,8,15,-1224.10969299826,15,1523.71036043662,15,1080.28663850944,15,-146.580353458909
290,8,20,-970.976245428732,20,1549.46205869716,20,1078.06386318793,20,-225.899985647011
290,8,25,-708.22509720348,25,1571.87925436026,25,1020.32123979565,25,-318.633012507113
290,8,30,-446.329133018018,30,1586.21367066459,30,906.717291082114,30,-424.160046850243
290,8,35,-192.657910977468,35,1584.77715419581,35,741.373410528308,35,-540.139572441751
290,8,40,46.3586117566822,40,1558.02324056763,40,532.768444217048,40,-662.358416084343
290,8,45,262.106088006123,45,1497.02073767017,45,293.092416795796,45,-784.958019787114
290,8,50,441.993513254482,50,1396.41858749304,50,37.0253945627863,50,-900.927027999321
290,8,55,570.773150595354,55,1256.52807230092,55,-219.898875464519,55,-1002.63819771677
290,8,60,634.816452641198,60,1083.43386079755,60,-463.023073286655,60,-1082.26185891894
290,8,65,627.135605930202,65,887.059437747967,65,-680.009298417357,65,-1132.04882934012
290,8,70,550.315487413255,70,678.26950301842,70,-861.694176833298,70,-1144.61374538328
290,8,75,415.801294415117,75,466.621703558658,75,-1002.25977512295,75,-1113.38188574017
290,8,80,240.186119926515,80,259.917213991687,80,-1098.86873526537,80,-1033.29138159178
290,8,85,40.6915900863812,85,65.5712207730372,85,-1151.07227472357,85,-901.721222559293
290,8,90,-167.952962327425,90,-107.234309776917,90,-1160.29063369393,90,-719.500178706039
295,8,0,-1781.4830574433,0,1578.79407868487,0,911.424919569913,0,-9.82050139948957
295,8,5,-1632.42535678605,5,1604.20012434273,5,1036.030696699,5,-77.3965882354986
295,8,10,-1434.42463421032,10,1631.84285066788,10,1128.61912512115,10,-155.916961643082
295,8,15,-1199.54517812891,15,1659.03664752797,15,1177.49805638669,15,-247.030918095479
295,8,20,-941.680782315707,20,1683.21821703082,20,1173.90275212241,20,-351.845389176816
295,8,25,-674.082698397793,25,1700.86547537773,25,1112.59988484078,25,-470.412996524607
295,8,30,-407.683734249811,30,1706.61336335411,30,992.442136443099,30,-601.174940626589
295,8,35,-151.078447480306,35,1693.09973609541,35,816.793458049178,35,-740.597552191984
295,8,40,87.7966231323453,40,1651.88413906063,40,593.593674051207,40,-883.199845384698
295,8,45,299.362979871085,45,1575.34973962354,45,334.823575301797,45,-1021.97891315986
295,8,50,471.223009982084,50,1458.97123537729,50,55.2985724480993,50,-1149.03284641777
295,8,55,589.402075587877,55,1303.00351768484,55,-229.020666676404,55,-1256.1178225425
295,8,60,641.854735837698,60,1112.79190766153,60,-502.804324294024,60,-1335.00049268612
295,8,65,622.556536813851,65,897.549036678296,65,-752.782865035764,65,-1377.67116086063
295,8,70,534.003130795748,70,668.254624595598,70,-968.549713693086,70,-1376.6154235149
295,8,75,386.833150210209,75,435.799906364679,75,-1142.71682880377,75,-1325.32974009266
295,8,80,196.926509247715,80,210.294433342308,80,-1270.63440115198,80,-1219.14411975269
295,8,85,-18.41565413649,85,1.70148880221758,85,-1349.98064805351,85,-1056.26359619191
295,8,90,-243.443651294484,90,-178.857749881227,90,-1380.45965288561,90,-838.823698124041
300,8,0,-1746.53812414893,0,1757.1898975819,0,999.723457096421,0,-63.284392869762
300,8,5,-1593.08577488693,5,1779.83600816164,5,1123.16872911297,5,-153.802073932843
300,8,10,-1392.38280687467,10,1804.64992960318,10,1213.94453103996,10,-256.426484816064
300,8,15,-1155.75588097286,15,1827.84962732619,15,1260.25326923522,15,-372.569680085555
300,8,20,-896.233727140076,20,1845.55433550134,20,1252.98256651962,20,-502.86851571714
300,8,25,-626.597364356714,25,1853.15633624916,25,1186.3735613654,25,-646.637250713074
300,8,30,-358.129019941407,30,1844.86413623625,30,1058.66211870369,30,-801.350263889182
300,8,35,-100.597116420709,35,1813.76346184895,35,872.600306738518,35,-962.391945598125
300,8,40,136.604904633638,40,1752.59096677051,40,635.614536145324,40,-1123.22625313344
300,8,45,342.996102430037,45,1655.14210557339,45,359.348625865495,45,-1275.93514628312
300,8,50,506.431527801347,50,1517.92051152078,50,58.5142278509465,50,-1411.89380356238
300,8,55,614.258207256382,55,1341.43207440869,55,-250.75571094848,55,-1522.32807036921
300,8,60,656.049942205776,60,1130.58762221291,60,-552.642854448896,60,-1598.64990559821
300,8,65,626.737993741974,65,894.043788842065,65,-833.038904286583,65,-1632.67105814712
300,8,70,528.597136122143,70,642.822027672168,70,-1080.34676270703,70,-1616.90908787791
300,8,75,371.116951638764,75,388.897945901444,75,-1285.69850757991,75,-1545.163653294
300,8,80,168.897865004576,80,144.404523909275,80,-1442.80808767602,80,-1413.39953547774
300,8,85,-61.3620441919126,85,-78.347658665589,85,-1547.73351529709,85,-1220.81382833915
300,8,90,-303.4966007825,90,-266.396341502499,90,-1598.73490145548,90,-970.853999052086
305,8,0,-1675.53004680025,0,1974.0644360915,0,1077.6676755112,0,-142.730502535385
305,8,5,-1520.11091904936,5,1990.68167894787,5,1195.81562436139,5,-257.445869092091
305,8,10,-1319.72964440776,10,2008.27992118448,10,1280.84128794044,10,-384.977208445204
305,8,15,-1084.68734844129,15,2022.27292220926,15,1321.02629063514,15,-526.357165800492
305,8,20,-826.953675034301,20,2027.81546114687,20,1307.11463569703,20,-681.604656579626
305,8,25,-558.733327692362,25,2019.56617338118,25,1233.04752031343,25,-849.207966393509
305,8,30,-291.562277056756,30,1991.57983544861,30,1096.66186122572,30,-1025.7065770081
305,8,35,-36.2223833095771,35,1937.53102573449,35,900.24816236331,35,-1205.56648023089
305,8,40,196.659213085321,40,1851.36429478234,40,650.740405218938,40,-1381.44550680218
305,8,45,395.901327666035,45,1728.30886304785,45,359.314006701247,45,-1544.76827585587
305,8,50,549.703310596762,50,1566.02846414478,50,40.3301731441262,50,-1686.39423307928
305,8,55,646.705026365252,55,1365.56366536367,55,-290.189402072201,55,-1797.16643508308
305,8,60,678.026583177549,60,1131.73988754862,60,-616.187417060155,60,-1868.2694346579
305,8,65,639.515787994342,65,872.89435590146,65,-922.910874756588,65,-1891.49806672793
305,8,70,533.206799589463,70,600.057139109605,70,-1197.74179802929,70,-1859.62726165765
305,8,75,367.326136230838,75,325.950178024335,75,-1430.52725788037,75,-1767.02997179344
305,8,80,154.865468149264,80,64.1900788324527,80,-1613.5916335894,80,-1610.55630126058
305,8,85,-88.6411792365797,85,-171.137050929217,85,-1741.65516505846,85,-1390.54030275495
305,8,90,-347.276730454054,90,-365.690088745493,90,-1811.80388549193,90,-1111.70299013726
310,8,0,-1558.0807085916,0,2220.19694500804,0,1139.24792220757,0,-250.482699614038
310,8,5,-1403.32278007346,5,2227.00718174488,5,1246.9594945428,5,-390.484077985703
310,8,10,-1206.3538939389,10,2232.41954220909,10,1321.36929414886,10,-543.334344450675
310,8,15,-976.360429994847,15,2231.43855414816,15,1351.09592711663,15,-709.517890063315
310,8,20,-724.24184891032,20,2218.72086654369,20,1327.01991366287,20,-888.316591768802
310,8,25,-461.61571817908,25,2188.63667508342,25,1243.06179612956,25,-1077.37165759784
310,8,30,-200.15210197355,30,2135.4168877286,30,1096.89783725221,30,-1272.38995782267
310,8,35,48.6347096907244,35,2053.48518364689,35,890.503625605666,35,-1467.13087269211
310,8,40,273.261265121161,40,1938.00994606523,40,630.333743536401,40,-1653.72049740597
310,8,45,462.165242290853,45,1785.63172758087,45,326.963286684721,45,-1823.20849882669
310,8,50,604.016337941452,50,1595.24427222695,50,-5.8458408464728,50,-1966.19422084883
310,8,55,688.671497287419,55,1368.6517871811,55,-352.495232327419,55,-2073.36503243468
310,8,60,708.644744882921,60,1110.92193550147,60,-697.0126904168,60,-2135.90031378802
310,8,65,660.625256455534,65,830.32585457619,65,-1024.3114218499,65,-2145.82208402627
310,8,70,546.458791849616,70,537.888009977115,70,-1321.053253974,70,-2096.43425336918
310,8,75,373.187475412226,75,246.694415830945,75,-1576.10407305103,75,-1982.95358447211
310,8,80,152.122991037565,80,-28.852869500975,80,-1780.70778175436,80,-1803.32601415639
310,8,85,-102.702865994645,85,-273.727523643344,85,-1928.54289745899,85,-1559.10226101224
310,8,90,-376.195101540352,90,-472.96107745337,90,-2015.77276359715,90,-1256.16790796965
315,8,0,-1383.01459335029,0,2481.82281427484,0,1177.50353567166,0,-387.188067957569
315,8,5,-1231.55284014148,5,2474.86814724941,5,1268.77218247369,5,-552.947687034831
315,8,10,-1041.10600428928,10,2463.01845562572,10,1326.94611554149,10,-730.698870417928
315,8,15,-819.836048591929,15,2441.30559599062,15,1341.29688803646,15,-920.224544200215
315,8,20,-577.685798103862,20,2404.4019580539,20,1303.17811146394,20,-1120.00873063096
315,8,25,-325.703399783333,25,2346.87320837006,25,1206.80284496895,25,-1326.90129731188
315,8,30,-75.5106420300343,30,2263.4830642402,30,1049.93031439544,30,-1535.94408850118
315,8,35,161.039987535642,35,2149.58315411327,35,834.356644436791,35,-1740.43994091809
315,8,40,372.100860132901,40,2001.58988533847,40,566.0617473116,40,-1932.27779008722
315,8,45,546.130156383484,45,1817.51749267078,45,254.892216409988,45,-2102.44177491529
315,8,50,672.431516553296,50,1597.50723387964,50,-86.2339717990229,50,-2241.58170923493
315,8,55,741.998119629437,55,1344.26968077162,55,-442.474491813161,55,-2340.53976816428
315,8,60,748.552923473726,60,1063.34875032724,60,-798.331717238604,60,-2390.80229987581
315,8,65,689.523316331833,65,763.134910029415,65,-1138.80271920838,65,-2384.92715338176
315,8,70,566.641654926832,70,454.602852516235,70,-1450.2510857877,70,-2317.03348620082
315,8,75,385.956446982844,75,150.806155720659,75,-1720.96636751089,75,-2183.41117171638
315,8,80,157.229937261423,80,-133.805002988775,80,-1941.47866849848,80,-1983.22877242661
315,8,85,-107.107331576474,85,-384.187790894643,85,-2104.73332558394,85,-1719.23308728349
315,8,90,-393.165868031912,90,-585.61967349722,90,-2206.2058510875,90,-1398.27740060408
320,8,0,-1139.40939424018,0,2740.3925630888,0,1185.19367069715,0,-551.013112985984
320,8,5,-993.864531697854,5,2715.96197229164,5,1253.4294122631,5,-741.882961418837
320,8,10,-813.222641327188,10,2682.27225799104,10,1289.32349907909,10,-942.849502176949
320,8,15,-604.806483353425,15,2634.79191167925,15,1283.14328373008,15,-1152.89882483439
320,8,20,-377.741101816789,20,2568.69486248306,20,1227.06929964723,20,-1369.73248743569
320,8,25,-142.476198360122,25,2479.20239589621,25,1115.91903577169,25,-1589.53757868104
320,8,30,89.6843161312004,30,2361.95699574187,30,947.761015374924,30,-1806.9103077588
320,8,35,307.030641150004,35,2213.42420863685,35,724.327551964489,35,-2014.97531271063
320,8,40,497.906227413132,40,2031.30780208744,40,451.121410657178,40,-2205.69722714763
320,8,45,651.234525112972,45,1814.95462571098,45,137.1423669912,45,-2370.33194255666
320,8,50,757.153803551905,50,1565.71880775402,50,-205.765000806181,50,-2499.93923049299
320,8,55,807.745940231001,55,1287.24771371104,55,-563.848597322819,55,-2585.89082724013
320,8,60,797.774212721563,60,985.645238048075,60,-922.510086849607,60,-2620.35016535896
320,8,65,725.291658509877,65,669.46728482023,65,-1267.31794141852,65,-2596.74431448736
320,8,70,591.974899474031,70,349.515356100533,70,-1584.84679545448,70,-2510.26688772836
320,8,75,403.087654010233,75,38.4156630512254,75,-1863.29461880388,75,-2358.43056492222
320,8,80,167.066086747352,80,-250.005808043529,80,-2092.89804008362,80,-2141.63929671289
320,8,85,-105.191361790409,85,-501.526289938902,85,-2266.20034188888,85,-1863.69704082391
320,8,90,-401.190337335348,90,-702.47353743987,90,-2378.22318502911,90,-1532.13633452208
325,8,0,-818.464020723169,0,2973.0935849342,0,1155.68107608009,0,-736.873427710255
325,8,5,-681.612103838841,5,2928.16681070815,5,1194.17321994884,5,-950.633659268276
325,8,10,-514.510657829814,10,2869.17683135571,10,1201.8153788634,10,-1171.53256542885
325,8,15,-323.808678855882,15,2792.35708048542,15,1170.19573832506,15,-1397.75073299248
325,8,20,-117.877688767011,20,2693.77625377185,20,1092.64163591878,20,-1626.30369872183
325,8,25,93.560714136077,25,2569.68843810472,25,964.842686115193,25,-1852.90565601626
325,8,30,299.875684681605,30,2416.90489718317,30,785.359803445658,30,-2071.96365147745
325,8,35,490.024686313399,35,2233.1674514249,35,555.94815303152,35,-2276.72155070189
325,8,40,653.104650211968,40,2017.50178943473,40,281.625357127233,40,-2459.54565575134
325,8,45,778.951111621157,45,1770.52969708531,45,-29.5560647854534,45,-2612.31794432824
325,8,50,858.764790983078,50,1494.72068798482,50,-367.023424396437,50,-2726.89019396559
325,8,55,885.722778129821,55,1194.56314494951,55,-718.421066503907,55,-2795.55813369537
325,8,60,855.511194747731,60,876.63189027236,60,-1070.46429362351,60,-2811.53409524639
325,8,65,766.707969823289,65,549.525580980544,65,-1409.79414864697,65,-2769.41632241465
325,8,70,620.954521314183,70,223.647939429098,70,-1723.73957013168,70,-2665.65986144751
325,8,75,422.883381958809,75,-89.1852352036133,75,-2000.93534965803,75,-2499.04210420208
325,8,80,179.807702527161,80,-376.31624298144,80,-2231.78641024259,80,-2271.0903918372
325,8,85,-98.7838528283776,85,-624.976317334419,85,-2408.79600089763,85,-1986.41182419822
325,8,90,-401.858742533988,90,-823.139523188875,90,-2526.78283313201,90,-1652.84980675357
330,8,0,-416.235165494212,0,3154.2542052177,0,1083.93410588844,0,-935.939177413832
330,8,5,-291.266937380668,5,3086.89967596709,5,1086.47679550321,5,-1168.4974318132
330,8,10,-142.112245860808,10,3000.80435822335,10,1060.5867054167,10,-1404.31075045296
330,8,15,25.200993498506,15,2893.18716857361,15,999.431551542376,15,-1640.84248413214
330,8,20,203.122463800569,20,2761.27214891299,20,897.72181867492,20,-1874.59367246056
330,8,25,382.897310874561,25,2602.59386197096,25,752.203836720867,25,-2101.04263580062
330,8,30,554.974908989683,30,2415.3177427476,30,562.048185487766,30,-2314.68628530381
330,8,35,709.493003533905,35,2198.55216734461,35,329.082588873563,35,-2509.1913060084
330,8,40,836.816087135158,40,1952.62983726867,40,57.8275241296215,40,-2677.64805818422
330,8,45,928.09874164192,45,1679.33879953515,45,-244.686145449892,45,-2812.90669869576
330,8,50,975.835930450345,50,1382.08672570122,50,-569.307810644328,50,-2907.96797544168
330,8,55,974.356077276071,55,1065.98425285918,55,-905.324391342342,55,-2956.40190832898
330,8,60,920.212276173139,60,737.833461426111,60,-1241.11889958026,60,-2952.77368964663
330,8,65,812.433688308743,65,406.006919077269,65,-1564.85663145893,65,-2893.0623774203
330,8,70,652.612531038303,70,80.203594442465,70,-1865.13357681173,70,-2775.0592048963
330,8,75,444.819622726155,75,-228.927100491255,75,-2131.54135288431,75,-2598.72650395453
330,8,80,195.359695628388,80,-510.291555181101,80,-2355.12572637418,80,-2366.48748901427
330,8,85,-87.6069898428819,85,-752.971819471315,85,-2528.7339795078,85,-2083.40680239984
330,8,90,-394.54056770219,90,-946.92474850263,90,-2647.25620192885,90,-1757.21775701169
335,8,0,63.2259630792449,0,3257.59962893811,0,967.513936090058,0,-1135.67110635609
335,8,5,172.541505214006,5,3167.30805872207,5,929.117205443609,5,-1380.97061473981
335,8,10,298.723329162048,10,3054.36538093339,10,865.754531552209,10,-1625.03478056788
335,8,15,436.455279895605,15,2917.08351210632,15,772.326247690411,15,-1864.78959399051
335,8,20,579.199037685058,20,2753.95335039028,20,645.044962501733,20,-2096.45485392748
335,8,25,719.470890688291,25,2563.87838268964,25,481.791477205752,25,-2315.54066110805
335,8,30,849.198273847152,30,2346.41610177484,30,282.384589647529,30,-2516.91720732169
335,8,35,960.138956102496,35,2102.00750800617,35,48.7327374246361,35,-2694.96106387735
335,8,40,1044.33850841855,40,1832.17561155668,40,-215.155982487358,40,-2843.77283382014
335,8,45,1094.59541501481,45,1539.67597287789,45,-503.314982063834,45,-2957.45379814899
335,8,50,1104.89938864744,50,1228.58518538666,50,-808.103803308027,50,-3030.4244557846
335,8,55,1070.80845604199,55,904.316011184396,55,-1120.61125637046,55,-3057.76601231296
335,8,60,989.734762049989,60,573.550220794963,60,-1431.13899458208,60,-3035.56607351877
335,8,65,861.117288139541,65,244.082359357761,65,-1729.72125877776,65,-2961.25042939856
335,8,70,686.470339795929,70,-75.4294112125378,70,-2006.63801517686,70,-2833.88237741173
335,8,75,469.307833266316,75,-375.80447318839,75,-2252.88627060613,75,-2654.40902832879
335,8,80,214.953352585982,80,-647.764734276765,80,-2460.58487759675,80,-2425.83132610307
335,8,85,-69.746532013903,85,-882.425731841107,85,-2623.29840712703,85,-2153.27299915942
335,8,90,-376.783549184463,90,-1071.82560145356,90,-2736.27346077092,90,-1843.92545704029
340,8,0,605.299807913983,0,3259.16486487751,0,807.39031867321,0,-1320.565471706
340,8,5,694.727691004493,5,3147.13700418872,5,724.953315901611,5,-1570.7162842095
340,8,10,792.728114563772,10,3009.94393576046,10,622.070228526206,10,-1815.02098274412
340,8,15,894.890337362816,15,2846.98537409399,15,495.401491413289,15,-2050.1251491318
340,8,20,995.934404234976,20,2657.9782677924,20,342.653569382671,20,-2272.24387134262
340,8,25,1089.93907425724,25,2443.11089903865,25,162.809959169275,25,-2477.19629542936
340,8,30,1170.62482627147,30,2203.19710298044,30,-43.7017352787546,30,-2660.48804428277
340,8,35,1231.67721015682,35,1939.81678923197,35,-274.924408323986,35,-2817.44219870357
340,8,40,1267.09102604732,40,1655.42915800737,40,-527.37962379846,40,-2943.37499347657
340,8,45,1271.51248189292,45,1353.446270238,45,-796.173262550772,45,-3033.80822556434
340,8,50,1240.55528326847,50,1038.25667822591,50,-1075.19349185286,50,-3084.70706627151
340,8,55,1171.06793736976,55,715.191350874292,55,-1357.38715380317,55,-3092.72969435087
340,8,60,1061.33334206684,60,390.426941136212,60,-1635.09368781796,60,-3055.47380624051
340,8,65,911.187439969682,65,70.8245343561869,65,-1900.41156145277,65,-2971.70432506083
340,8,70,722.050463797151,70,-236.29446123434,70,-2145.57127923784,70,-2841.54627224324
340,8,75,496.871099665518,75,-523.42947656528,75,-2363.29102018212,75,-2666.62676544272
340,8,80,239.989916675537,80,-783.228377436342,80,-2547.09491627197,80,-2450.15074780752
340,8,85,-43.06685835577,85,-1008.8456311583,85,-2691.57882031235,85,-2196.89683576467
340,8,90,-345.848852329934,90,-1194.31007766973,90,-2792.61317206763,90,-1913.12309441964
345,8,0,1183.89201622479,0,3140.49943388344,0,608.428949330631,0,-1473.63315922132
345,8,5,1249.20037652584,5,3009.89838836743,5,481.248048178724,5,-1719.25594375323
345,8,10,1314.41051636289,10,2853.53437198376,10,339.037259029617,10,-1954.90581554869
345,8,15,1376.22752113241,15,2671.7709121315,15,180.120384158386,15,-2177.2620757673
345,8,20,1430.83807757535,20,2465.35855175053,20,3.57534711445878,20,-2382.83177108193
345,8,25,1474.07741465936,25,2235.51507380533,25,-190.635660722506,25,-2568.00331943108
345,8,30,1501.6270342133,30,1983.9999133838,30,-401.578274704282,30,-2729.12653867824
345,8,35,1509.2330649506,35,1713.17481329917,35,-627.30866345241,35,-2862.6182951334
345,8,40,1492.93282543889,40,1426.04294339797,40,-864.891972414585,40,-2965.09062998345
345,8,45,1449.2758546661,45,1126.25950056725,45,-1110.47765829217,45,-3033.49597038032
345,8,50,1375.52548700868,50,818.108167285971,50,-1359.42858729587,50,-3065.28207729172
345,8,55,1269.82809070957,55,506.439633029223,55,-1606.49667309573,55,-3058.54785875878
345,8,60,1131.33926375779,60,196.570571979589,60,-1846.03439725871,60,-3012.19016261995
345,8,65,960.29933849091,65,-105.856069728925,65,-2072.22915836208,65,-2926.03119574219
345,8,70,758.054128445486,70,-395.045977049982,70,-2279.34623156633,70,-2800.91632511456
345,8,75,527.020565343572,75,-665.257319118612,75,-2461.96618501925,75,-2638.77273961313
345,8,80,270.600367394416,80,-911.02461080103,80,-2615.20372004874,80,-2442.62084576562
345,8,85,-6.95210790651119,85,-1127.39116815724,85,-2734.89680306864,85,-2216.53238828353
345,8,90,-300.699289024952,90,-1310.13674703162,90,-2817.75734030527,90,-1965.53213568979
350,8,0,1762.92782154172,0,2891.66869720106,0,379.423080376308,0,-1578.45480169618
350,8,5,1800.64807929327,5,2747.78694087382,5,209.446769077676,5,-1809.21914942129
350,8,10,1829.99961955908,10,2579.77889669255,10,30.4287531940663,10,-2027.00884908498
350,8,15,1848.94007014978,15,2388.71845585708,15,-157.847202188163,15,-2228.8825786703
350,8,20,1855.21191840942,20,2176.05006272111,20,-355.140061791571,20,-2411.92802979601
350,8,25,1846.44322053366,25,1943.61093546403,25,-560.694276416821,25,-2573.31570686682
350,8,30,1820.26149886631,30,1693.64544601908,30,-773.205947185289,30,-2710.36265627881
350,8,35,1774.41532369519,35,1428.80837914359,35,-990.815493660815,35,-2820.60478031589
350,8,40,1706.8973276462,40,1152.1540386023,40,-1211.12846073164,40,-2901.87541102986
350,8,45,1616.06204779055,45,867.108695536431,45,-1431.26444408029,45,-2952.38690103781
350,8,50,1500.73208477159,50,577.424661565238,50,-1647.9323953179,50,-2970.81120867618
350,8,55,1360.28661858332,55,287.115278869199,55,-1857.52892822925,55,-2956.35488422249
350,8,60,1194.72729074922,60,0.371297038272208,60,-2056.25482458983,60,-2908.8235595987
350,8,65,1004.71777529392,65,-278.539615530072,65,-2240.2438467317,65,-2828.67104898604
350,8,70,791.594908365784,70,-545.387177006445,70,-2405.69728382126,70,-2717.02850869584
350,8,75,557.350904823533,75,-796.102327303122,75,-2549.01742651069,75,-2575.70979031896
350,8,80,304.587834697577,80,-1026.90522121164,80,-2666.93337485589,80,-2407.19014071699
350,8,85,36.4470502574672,85,-1234.43116866936,85,-2756.61319601958,85,-2214.55672242954
350,8,90,-243.482446837587,90,-1415.84780628004,90,-2815.75739461767,90,-2001.43098999382
355,8,0,2300.24320439559,0,2513.54173232445,0,132.599960892779,0,-1621.49386755422
355,8,5,2308.52439951976,5,2363.75724885618,5,-75.5980371889286,5,-1826.82426033221
355,8,10,2301.33635514995,10,2193.76557358302,10,-286.74124996871,10,-2017.88477791415
355,8,15,2277.89158203307,15,2004.96545607256,15,-499.869703842148,15,-2192.45760389147
355,8,20,2237.41547753825,20,1799.02424588369,20,-713.839601508729,20,-2348.45941736806
355,8,25,2179.186686499,25,1577.86722988999,25,-927.31256402287,25,-2483.97837112426
355,8,30,2102.58054814543,30,1343.66138172015,30,-1138.75365769442,30,-2597.31122340418
355,8,35,2007.11369615256,35,1098.79307632092,35,-1346.43887059732,35,-2686.99966785844
355,8,40,1892.48774505138,40,845.839503700791,40,-1548.47226014778,40,-2751.86472720697
355,8,45,1758.62996825136,45,587.533754311641,45,-1742.81252332406,45,-2791.03793627229
355,8,50,1605.72895598158,50,326.723835046554,50,-1927.30827168805,50,-2803.98795601492
355,8,55,1434.26343354642,55,66.3261954957754,55,-2099.74085242244,55,-2790.54124655226
355,8,60,1245.02271199782,60,-190.725319188845,60,-2257.8731708821,60,-2750.89549465424
355,8,65,1039.11761841815,65,-441.533840952391,65,-2399.50266313084,65,-2685.62464588177
355,8,70,817.981189606733,70,-683.295625917873,70,-2522.51635694304,70,-2595.67463369856
355,8,75,583.358885187901,75,-913.356173295008,75,-2624.94585868929,75,-2482.34922168514
355,8,80,337.288556061581,80,-1129.26433591519,80,-2705.02011605708,80,-2347.28576822399
355,8,85,82.0708637175834,85,-1328.82235760301,85,-2761.21392995039,85,-2192.42116748094
355,8,90,-179.768740836013,90,-1510.12979547496,90,-2792.29041343901,90,-2019.94869267758
360,8,0,2753.12905308902,0,2018.97730338941,0,-117.391002542032,0,-1594.24888016913
360,8,5,2732.42126583119,5,1872.34653992833,5,-356.895301838178,5,-1764.14774833076
360,8,10,2690.91810285931,10,1711.46608874465,10,-593.683412388059,10,-1920.62038690606
360,8,15,2628.9354283039,15,1537.56034721415,15,-825.953233693822,15,-2062.4759446347
360,8,20,2546.94496774448,20,1351.95284303702,20,-1051.93705216698,20,-2188.63481506765
360,8,25,2445.57071809311,25,1156.05616139294,25,-1269.91499449618,25,-2298.1368530241
360,8,30,2325.58419860108,30,951.361194314861,30,-1478.22811692164,30,-2390.14868187607
360,8,35,2187.89857913155,35,739.42579410045,35,-1675.29103079877,35,-2463.97003604772
360,8,40,2033.56173038556,40,521.862917115434,40,-1859.60396836315,40,-2519.03909045927
360,8,45,1863.74824897319,45,300.328348221724,45,-2029.76419686871,45,-2554.93673635503
360,8,50,1679.75051802417,50,76.5080992548333,50,-2184.47669423096,50,-2571.38977097415
360,8,55,1482.96887137189,55,-147.894422544241,55,-2322.56400492702,55,-2568.27297678857
360,8,60,1274.90093616739,60,-371.17137848666,60,-2442.97520114311,60,-2545.61007448399
360,8,65,1057.13023503242,65,-591.623496119389,65,-2544.79388096973,65,-2503.57354243121
360,8,70,831.314134496163,70,-807.573001714615,70,-2627.24514277362,70,-2442.48330402149
360,8,75,599.171231435194,75,-1017.37638914088,75,-2689.70148266701,75,-2362.80429285642
360,8,80,362.468273513522,80,-1219.43692793713,80,-2731.68757019115,80,-2265.14291432248
360,8,85,123.006713166084,85,-1412.21681539563,85,-2752.88386586808,85,-2150.24243047986
360,8,90,-117.391002542032,90,-1594.24888016913,90,-2753.12905308902,90,-2018.97730338941
