"Theta [deg]","Freq [GHz]","Phi [deg]","re(rETheta) [mV]","Phi [deg]","im(rETheta) [mV]","Phi [deg]","re(rEPhi) [mV]","Phi [deg]","im(rEPhi) [mV]"
0,8,0,2311.4860140026,0,1790.1210729595,0,344.024155231563,0,2226.64791385161
0,8,5,2332.67379263495,5,1977.37427459383,5,141.255759055955,5,2062.155514574
0,8,10,2336.10851519841,10,2149.57846402726,10,-62.5876787386286,10,1881.96886666694
0,8,15,2321.76404138032,15,2305.42306339848,15,-265.954786506537,15,1687.45929932067
0,8,20,2289.74954128787,20,2443.72200120473,20,-467.297817761241,20,1480.10714779079
0,8,25,2240.30866459764,25,2563.42273902212,25,-665.084430460645,25,1261.49048715308
0,8,30,2173.81768623447,30,2663.61428195859,30,-857.809349055284,30,1033.27312219937
0,8,35,2090.78264269204,35,2743.53411187508,35,-1044.00582054417,35,797.191924878342
0,8,40,1991.83548078965,40,2802.57399060901,40,-1222.25677735076,40,555.043615651347
0,8,45,1877.72924817531,45,2840.28458903396,45,-1391.20562206289,45,308.671089364749
0,8,50,1749.33236217844,50,2856.37890672563,50,-1549.5665519582,50,59.9493897073851
0,8,55,1607.62200062962,55,2850.73445620839,55,-1696.13434473924,55,-189.228561004084
0,8,60,1453.67666494731,60,2823.39419515887,60,-1829.7935310029,60,-436.966368106982
0,8,65,1288.66797209079,65,2774.56619947217,65,-1949.52688363609,65,-681.378597301079
0,8,70,1113.85173784765,70,2704.6220796786,70,-2054.42315952828,70,-920.605123942069
0,8,75,930.558419317431,75,2614.09415276322,75,-2143.68403468185,75,-1152.82528971329
0,8,80,740.182989329667,80,2503.67139091211,80,-2216.63017993968,80,-1376.27175893485
0,8,85,544.174319858395,85,2374.19417801804,85,-2272.70643109027,85,-1589.2439690553
0,8,90,344.024155231563,90,2226.64791385161,90,-2311.4860140026,90,-1790.1210729595
5,8,0,1921.5120545059,0,2223.4979650964,0,-28.8411691583901,0,2298.90966931213
5,8,5,1909.0626330929,5,2414.70125592196,5,-200.303527254114,5,2100.36132003532
5,8,10,1885.20260088727,10,2584.94864087014,10,-367.319955046141,10,1886.19286662353
5,8,15,1850.76230776555,15,2733.06689435574,15,-529.564315011845,15,1658.76455929297
5,8,20,1806.46079904233,20,2858.15811570306,20,-686.842138235587,20,1420.49244507306
5,8,25,1752.8882415449,25,2959.59458443278,25,-839.053023300041,25,1173.81689593314
5,8,30,1690.49725623703,30,3037.01083246436,30,-986.15141157335,30,921.17374492352
5,8,35,1619.60306323649,35,3090.29356757606,35,-1128.10761890763,35,664.967976209506
5,8,40,1540.39197759032,40,3119.56994733943,40,-1264.87088945501,40,407.549789856371
5,8,45,1452.93747057076,45,3125.19454869411,45,-1396.33605897121,45,151.19279075416
5,8,50,1357.22273978502,50,3107.73522198567,50,-1522.31518580338,50,-101.925965243216
5,8,55,1253.16851703031,55,3067.95787588324,55,-1642.5152407056,55,-349.744299107982
5,8,60,1140.66468802273,60,3006.81012570524,60,-1756.52265378453,60,-590.331761078808
5,8,65,1019.60420358754,65,2925.40366410363,65,-1863.79520924943,65,-821.905044679086
5,8,70,889.917727218871,70,2824.99518783766,70,-1963.66146626501,70,-1042.84186627072
5,8,75,751.607487978829,75,2706.96574111286,75,-2055.32757652861,75,-1251.69307793981
5,8,80,604.778888716023,80,2572.79841347929,80,-2137.89107551887,80,-1447.19265862604
5,8,85,449.668554804802,85,2424.05445260649,85,-2210.36095420605,85,-1628.26513436577
5,8,90,286.667693851427,90,2262.34800905686,90,-2271.68308121208,90,-1794.02992664191
10,8,0,1462.96254702592,0,2561.6853711667,0,-407.316512097894,0,2270.46808174031
10,8,5,1416.79974227171,5,2746.28826528697,5,-540.515660441597,5,2047.61757803308
10,8,10,1367.44712582192,10,2906.11244606345,10,-663.668437407531,10,1811.3775147505
10,8,15,1316.53242843094,15,3040.51236422893,15,-778.061027298339,15,1564.65826462449
10,8,20,1265.23001145476,20,3149.1487060599,20,-885.206939397695,20,1310.2848117631
10,8,25,1214.24024466243,25,3231.95184752892,25,-986.738730047925,25,1050.97559727449
10,8,30,1163.79168656927,30,3289.08907981885,30,-1084.30174938912,30,789.330965025674
10,8,35,1113.66421866234,35,3320.9375419837,35,-1179.45419518067,35,527.828886434336
10,8,40,1063.23065984761,40,3328.06397063783,40,-1273.57700078954,40,268.825275158645
10,8,45,1011.51399187706,45,3311.21149984718,45,-1367.79631862983,45,14.5560741200976
10,8,50,957.257116680035,50,3271.29288115485,50,-1462.92064904554,50,-232.861583457638
10,8,55,899.001983974057,55,3209.38870959922,55,-1559.39404413659,55,-471.43147817301
10,8,60,835.174912159536,60,3126.74859985478,60,-1657.26629140099,60,-699.285439115429
10,8,65,764.174928567126,65,3024.79281296967,65,-1756.18053051644,65,-914.696529096636
10,8,70,684.461949694558,70,2905.11163146665,70,-1855.37833629415,70,-1116.09844306235
10,8,75,594.641608795313,75,2769.45984379098,75,-1953.72186362889,75,-1302.11038523913
10,8,80,493.543545071556,80,2619.74403142494,80,-2049.73215565817,80,-1471.56583346629
10,8,85,380.29004477436,85,2458.00093284808,85,-2141.64214417985,85,-1623.54286181983
10,8,90,254.352128265431,90,2286.3659438347,90,-2227.46223043619,90,-1757.39314730286
15,8,0,972.847546082491,0,2791.82043463179,0,-768.16348574066,0,2150.81609747852
15,8,5,895.281356763535,5,2961.1834593969,5,-858.936570347797,5,1913.83057052089
15,8,10,823.830054101223,10,3104.18564484927,10,-934.59468060363,10,1667.42942223102
15,8,15,760.735512270192,15,3220.98367162167,15,-998.248810909658,15,1414.66434859367
15,8,20,707.402669596191,20,3311.96089109229,20,-1053.26327507341,20,1158.29813798803
15,8,25,664.397919841791,25,3377.64973926441,25,-1103.07054298279,25,900.81737540054
15,8,30,631.483112610003,30,3418.6706533057,30,-1151.00016711739,30,644.463942162714
15,8,35,607.679156984352,35,3435.69093214014,35,-1200.12721184351,35,391.279574725931
15,8,40,591.353007339958,40,3429.40524716138,40,-1253.14330299605,40,143.157036822037
15,8,45,580.322271370101,45,3400.53765716464,45,-1312.25151165399,45,-98.1088471917844
15,8,50,571.972584367634,50,3349.86310480684,50,-1379.08499315496,50,-330.77689508447
15,8,55,563.38394332337,55,3278.24459093779,55,-1454.6487100127,55,-553.127938877895
15,8,60,551.463085421892,60,3186.68068077699,60,-1539.28361731669,60,-763.450615988303
15,8,65,533.079478950503,65,3076.35683978206,65,-1632.6531863096,65,-960.047671635166
15,8,70,505.202428917567,70,2948.69345826992,70,-1733.75279401308,70,-1141.26384205113
15,8,75,465.036183208239,75,2805.38339786055,75,-1840.9429857016,75,-1305.53416302352
15,8,80,410.148902065179,80,2648.41252576412,80,-1952.00762795489,80,-1451.449321069
15,8,85,338.590191335997,85,2480.05798307828,85,-2064.23731660351,85,-1577.8326503558
15,8,90,248.990940207599,90,2302.86078560986,90,-2174.53703552001,90,-1683.82178554316
20,8,0,486.855543647986,0,2911.21217881445,0,-1091.38888179714,0,1957.52137234569
20,8,5,381.818541990501,5,3059.36782977754,5,-1138.58819320604,5,1716.12705079897
20,8,10,292.390080600545,10,3181.7606844645,10,-1166.61012038274,10,1470.40143601091
20,8,15,221.182371291666,15,3279.47168620355,15,-1180.41858913688,15,1223.20577012664
20,8,20,169.599086761689,20,3353.64041107623,20,-1185.16454256545,20,976.88554691187
20,8,25,137.876222394382,25,3405.34720838799,25,-1185.93039740964,25,733.328784874735
20,8,30,125.167326637904,30,3435.52711480712,30,-1187.51111745314,30,494.051807173265
20,8,35,129.660168551355,35,3444.92014453094,35,-1194.23628623265,35,260.304158547721
20,8,40,148.71280394106,40,3434.0602866672,40,-1209.83235926501,40,33.1831688001909
20,8,45,178.999529758998,45,3403.30294774712,45,-1237.3203105401,45,-186.252303144731
20,8,50,216.66077898936,50,3352.88770284015,50,-1278.94178869852,50,-396.879928358755
20,8,55,257.454785105251,55,3283.03025732161,55,-1336.10693336278,55,-597.43445572665
20,8,60,296.91197544494,60,3194.03476855969,60,-1409.35899984862,60,-786.460071555293
20,8,65,330.494813188904,65,3086.41544105758,65,-1498.35431678952,65,-962.301425831793
20,8,70,353.765749782792,70,2961.01484175049,70,-1601.85997800353,70,-1123.13677671298
20,8,75,362.563983040456,75,2819.1058625769,75,-1717.77504876411,75,-1267.05268728519
20,8,80,353.188138903601,80,2662.46481483749,80,-1843.18301998319,80,-1392.15546889493
20,8,85,322.577476025278,85,2493.4048776781,85,-1974.44309628469,85,-1496.71051523816
20,8,90,268.479715883282,90,2314.76209550027,90,-2107.32538089178,90,-1579.2972258645
25,8,0,34.8402676787106,0,2925.7915708918,0,-1361.53650120663,0,1713.05184718066
25,8,5,-92.8226698512567,5,3049.61053410033,5,-1366.92183163503,5,1475.92694929584
25,8,10,-196.021876264195,10,3150.18531557128,10,-1350.36700915341,10,1239.9158075688
25,8,15,-272.015093227144,15,3229.49038868195,15,-1318.5472065024,15,1007.46171713674
25,8,20,-319.58952848555,20,3289.33438700557,20,-1278.1619333538,20,780.290472507048
25,8,25,-338.959721585684,25,3331.21216482027,25,-1235.62385003241,25,559.510843062286
25,8,30,-331.615757957181,30,3356.20206718946,30,-1196.81747601282,30,345.746811610945
25,8,35,-300.144896164842,35,3364.91381308908,35,-1166.92915202392,35,139.294397336594
25,8,40,-248.047328492244,40,3357.49040697824,40,-1150.33961817728,40,-59.7058302846367
25,8,45,-179.560922241418,45,3333.66450464773,45,-1150.56309345651,45,-251.092402279854
25,8,50,-99.5017470932018,50,3292.86575525933,50,-1170.21330844362,50,-434.517617780022
25,8,55,-13.1187917862997,55,3234.37140230742,55,-1210.97820247426,55,-609.309740437589
25,8,60,74.0457432313442,60,3157.48856025956,60,-1273.59056016909,60,-774.378658643212
25,8,65,156.303473097429,65,3061.75352591551,65,-1357.79045958416,65,-928.177992874539
25,8,70,227.987759605785,70,2947.13124871829,70,-1462.28520811921,70,-1068.73178890719
25,8,75,283.65282775803,75,2814.19649100461,75,-1584.72140467777,75,-1193.72790401907
25,8,80,318.307174079667,80,2664.27730946057,80,-1721.68989988659,80,-1300.67357730714
25,8,85,327.674133745997,85,2499.54186070657,85,-1868.78608228594,85,-1387.10192682158
25,8,90,308.460860064876,90,2323.01216435808,90,-2020.74412764964,90,-1450.81173351925
30,8,0,-362.008725863335,0,2848.29576017769,0,-1568.37547787896,0,1441.34114762482
30,8,5,-507.036886156485,5,2947.1599211106,5,-1536.17626106041,5,1215.75310781376
30,8,10,-619.964006595307,10,3026.78734136678,10,-1480.69024158501,10,996.354001496221
30,8,15,-698.119818647417,15,3089.90535320493,15,-1410.02889974021,15,785.050238257302
30,8,20,-740.621835229265,20,3138.83174959284,20,-1332.08015810515,20,582.902145427832
30,8,25,-748.19737506703,25,3175.30901081945,25,-1254.15982883335,25,390.248290980909
30,8,30,-722.950789559755,30,3200.39252859164,30,-1182.77589089143,30,206.856971375058
30,8,35,-668.114047600073,35,3214.4002530003,35,-1123.50270669077,35,32.1062961354364
30,8,40,-587.814320395924,40,3216.92951648244,40,-1080.94504636144,40,-134.808522384438
30,8,45,-486.880831210295,45,3206.94237426462,45,-1058.75898711238,45,-294.64964691467
30,8,50,-370.698440366602,50,3182.91470708928,50,-1059.69149841333,50,-447.910591556341
30,8,55,-245.100955762583,55,3143.03875695723,55,-1085.60379684548,55,-594.613483415034
30,8,60,-116.285553730158,60,3085.46549156692,60,-1137.45421739948,60,-734.154568991538
30,8,65,9.2779185898259,65,3008.57216420011,65,-1215.23198303009,65,-865.21945710361
30,8,70,124.972087317305,70,2911.23963769097,70,-1317.85106927962,70,-985.783264564487
30,8,75,224.218621546648,75,2793.1209882314,75,-1443.03051716692,75,-1093.20330182554
30,8,80,300.743979324221,80,2654.87682863125,80,-1587.20097556012,80,-1184.40364825836
30,8,85,348.925169925881,85,2498.3459448536,85,-1745.48359490134,85,-1256.14144484323
30,8,90,364.193229107387,90,2326.6168474524,90,-1911.78365818541,90,-1305.3338581501
35,8,0,-692.091165954752,0,2696.51787776614,0,-1707.14459273404,0,1164.72836801401
35,8,5,-849.118203851494,5,2771.69461541155,5,-1643.35536589457,5,956.354354808444
35,8,10,-967.849651584466,10,2832.57748945856,10,-1556.31951296914,10,758.298883980933
35,8,15,-1045.85399170765,15,2882.47159570843,15,-1455.2285594086,15,571.903997675858
35,8,20,-1082.70012289115,20,2924.04375510064,20,-1348.7364001877,20,397.644447986975
35,8,25,-1079.6851590013,25,2959.14051016449,25,-1244.59154352144,25,235.247899903362
35,8,30,-1039.49909250632,30,2988.66626775447,30,-1149.43336042325,30,83.8252226703109
35,8,35,-965.888718171985,35,3012.53586232107,35,-1068.74453861249,35,-57.9690680321701
35,8,40,-863.373322378282,40,3029.71136063071,40,-1006.92423088559,40,-191.730656229749
35,8,45,-737.042586551747,45,3038.3223278095,45,-967.426584456792,45,-319.054127181335
35,8,50,-592.442061087239,50,3035.85671598963,50,-952.902919150378,50,-441.256389052117
35,8,55,-435.531111437898,55,3019.40286258649,55,-965.293035785877,55,-559.10797555948
35,8,60,-272.68468147547,60,2985.9259601184,60,-1005.82819834919,60,-672.608294456527
35,8,65,-110.701015572915,65,2932.57214356707,65,-1074.93081359346,65,-780.835618764152
35,8,70,43.2301853997753,70,2857.00094174316,70,-1172.02107618114,70,-881.894819018922
35,8,75,181.649355800233,75,2757.7423729982,75,-1295.26740104553,75,-972.979177176045
35,8,80,297.083894838332,80,2634.55522837912,80,-1441.34238083466,80,-1050.55584865335
35,8,85,382.464658944857,85,2488.73539640887,85,-1605.26301250372,85,-1110.67332128265
35,8,90,431.687390425121,90,2323.3024212615,90,-1780.39479487306,90,-1149.37102978704
40,8,0,-952.615722199273,0,2491.53292689126,0,-1778.40572601516,0,901.711634009516
40,8,5,-1116.40891920363,5,2545.46490720179,5,-1689.94004818317,5,714.582410589492
40,8,10,-1237.04895297137,10,2590.38361477158,10,-1579.51207581186,10,540.632183804093
40,8,15,-1312.49789507682,15,2630.04342190826,15,-1457.01417940542,15,380.670221217569
40,8,20,-1342.92060277487,20,2667.36880340747,20,-1331.44143651172,20,234.732942696833
40,8,25,-1330.28622112112,25,2704.23491547625,25,-1210.51966696156,25,102.173526598365
40,8,30,-1277.89407633297,30,2741.32044992697,30,-1100.55636969091,30,-18.2702353819781
40,8,35,-1189.92602543333,35,2778.06324651263,35,-1006.50122723929,35,-128.381400033907
40,8,40,-1071.10437812528,40,2812.73354199596,40,-932.15992438682,40,-230.299531885292
40,8,45,-926.491298319736,45,2842.61256095541,45,-880.477042755681,45,-326.27243145435
40,8,50,-761.42405267541,50,2864.23859041128,50,-853.799627416466,50,-418.345709564375
40,8,55,-581.55630321314,55,2873.67590578273,55,-854.04894768627,55,-508.035404835166
40,8,60,-392.968344487395,60,2866.78282845269,60,-882.752786296,60,-596.031464585965
40,8,65,-202.305048545845,65,2839.49394721623,65,-940.916072260852,65,-681.969331573636
40,8,70,-16.8864863028543,70,2788.1614808882,70,-1028.73464660655,70,-764.29786660179
40,8,75,155.285623912719,75,2709.99474333633,75,-1145.19121656274,75,-840.271830397789
40,8,80,305.71481998953,80,2603.58697391229,80,-1287.61462476345,80,-906.099252241234
40,8,85,425.860729148311,85,2469.4455648715,85,-1451.32196276502,85,-957.263641715359
40,8,90,507.865357571661,90,2310.38316731713,90,-1629.47777875785,90,-989.009912069851
45,8,0,-1147.63173082715,0,2255.71961800447,0,-1787.45968456664,0,665.727328627654
45,8,5,-1313.34811365276,5,2291.40781900193,5,-1681.31840482639,5,502.271034371346
45,8,10,-1432.09343012572,10,2323.14917961204,10,-1555.50760246959,10,353.540223856931
45,8,15,-1502.38081622803,15,2355.11826643206,15,-1420.27404860018,15,219.864276913046
45,8,20,-1525.15384205254,20,2390.51040596288,20,-1284.58214802888,20,100.98825025367
45,8,25,-1503.21393052307,25,2431.23730653958,25,-1155.74558368937,25,-3.87931654953422
45,8,30,-1440.55659815943,30,2477.72592323176,30,-1039.34964692643,30,-96.0883841166577
45,8,35,-1341.7792999658,35,2528.87976505333,35,-939.444980446399,35,-177.556609736693
45,8,40,-1211.67644479271,40,2582.22165506472,40,-858.927551401466,40,-250.684410402304
45,8,45,-1055.05700215666,45,2634.17737894367,45,-799.982356478789,45,-318.1396431232
45,8,50,-876.752187214475,50,2680.40908860263,50,-764.473835357608,50,-382.535562591147
45,8,55,-681.75595431248,55,2716.10236201667,55,-754.200168672484,55,-446.062424756879
45,8,60,-475.453394143352,60,2736.16910082264,60,-770.96349171145,60,-510.130851707429
45,8,65,-263.905205016288,65,2735.42499449195,65,-816.428127153533,65,-575.062577451729
45,8,70,-54.1367552440874,70,2708.87333119144,70,-891.755143592946,70,-639.854578549246
45,8,75,145.670944238512,75,2652.21695026994,75,-997.038117443321,75,-702.059681703756
45,8,80,326.235839912104,80,2562.61420010368,80,-1130.63173637542,80,-757.850400731749
45,8,85,477.614440340058,85,2439.54059159785,85,-1288.54072557884,85,-802.326986754893
45,8,90,590.083633127993,90,2285.49631723938,90,-1464.07884718181,90,-830.076874072393
50,8,0,-1285.54650665699,0,2010.62576633665,0,-1743.28241318653,0,464.935062816139
50,8,5,-1449.01221583882,5,2031.2066858795,5,-1625.87587332606,5,326.126440475169
50,8,10,-1562.41740799715,10,2052.26530618994,10,-1491.78705181241,10,202.457090185377
50,8,15,-1624.97288506489,15,2078.46820040472,15,-1351.34813706368,15,93.819548259052
50,8,20,-1638.59080693596,20,2113.38647390516,20,-1213.2198647126,20,-0.239116707551779
50,8,25,-1607.08649469966,25,2159.04236543071,25,-1084.02187533152,25,-80.4972428290404
50,8,30,-1535.27055975064,30,2215.6193244724,30,-968.333153052063,30,-148.173752911915
50,8,35,-1428.1763571858,35,2281.435763367,35,-869.03860175066,35,-205.062487015047
50,8,40,-1290.58710385772,40,2353.20309617024,40,-787.896368281793,40,-253.555635991362
50,8,45,-1126.89317991729,45,2426.47821620075,45,-726.151176744327,45,-296.488561695319
50,8,50,-941.202159931607,50,2496.13044409218,50,-685.045141273802,50,-336.831371369336
50,8,55,-737.598903994937,55,2556.64210290606,55,-666.145396186426,55,-377.306826792761
50,8,60,-520.498651020927,60,2602.18278416103,60,-671.457365296426,60,-419.99987319269
50,8,65,-295.081010973042,65,2626.58843115487,65,-703.295045419668,65,-465.979386590154
50,8,70,-67.7703381923266,70,2623.51600179304,70,-763.866355761704,70,-514.943144527293
50,8,75,153.361785206885,75,2587.02235374398,75,-854.561822650772,75,-564.946280082922
50,8,80,358.484637676368,80,2512.61833575394,80,-975.035480508628,80,-612.336298590317
50,8,85,536.406099984967,85,2398.57460939376,85,-1122.29960798742,85,-652.020743189089
50,8,90,675.590976794763,90,2247.05091719014,90,-1290.13968792068,90,-678.10284306463
55,8,0,-1376.75157507568,0,1775.02280516289,0,-1657.05786696423,0,302.787389026613
55,8,5,-1534.70770203797,5,1783.55059137839,5,-1533.76536809223,5,188.403643494714
55,8,10,-1640.04560657523,10,1796.07838992341,10,-1397.10623399151,10,88.7385576631537
55,8,15,-1692.77141563123,15,1817.88905183431,15,-1257.33305174304,15,3.26708679610255
55,8,20,-1695.89834834753,20,1853.07236448223,20,-1122.65802871799,20,-68.6417773240702
55,8,25,-1654.39035471791,25,1903.86267040338,25,-998.859518935418,25,-127.693827978864
55,8,30,-1573.97162426697,30,1970.2301066366,30,-889.352520937378,30,-174.856799705224
55,8,35,-1460.14205057049,35,2049.87506591682,35,-795.699606790777,35,-211.622863072896
55,8,40,-1317.62599497205,40,2138.64616277061,40,-718.384007344224,40,-240.157506335596
55,8,45,-1150.2850924716,45,2231.22389515308,45,-657.598992377394,45,-263.224672528765
55,8,50,-961.363036043655,50,2321.76699652618,50,-613.866902926244,50,-283.915392795807
55,8,55,-753.896364057145,55,2404.22356165181,55,-588.422732065833,55,-305.284583393921
55,8,60,-531.208596417339,60,2472.21952282701,60,-583.369331219864,60,-329.965143045751
55,8,65,-297.492568628844,65,2518.75984598689,65,-601.583831884199,65,-359.747797445455
55,8,70,-58.4674215969937,70,2536.20236750147,70,-646.290676964863,70,-395.105347653229
55,8,75,178.030068405836,75,2516.91266230779,75,-720.230355395654,75,-434.739101465101
55,8,80,401.789460969796,80,2454.6794472694,80,-824.49638375976,80,-475.347472629553
55,8,85,600.5905820992,85,2346.5448209369,85,-957.320685893378,85,-511.83234428541
55,8,90,761.337187466897,90,2194.41337834077,90,-1113.22580716358,90,-538.014685264979
60,8,0,-1431.75376253207,0,1563.59688872529,0,-1540.53870795837,0,179.042489416407
60,8,5,-1582.0010766229,5,1562.97306155375,5,-1415.51843516893,5,87.9972650618214
60,8,10,-1677.55443935378,10,1568.87362759797,10,-1280.404841816,10,10.7117348618795
60,8,15,-1719.22309662762,15,1587.3017839215,15,-1145.31288015745,15,-53.753922332247
60,8,20,-1711.13259568191,20,1622.97898730026,20,-1017.99377089136,20,-106.244140133965
60,8,25,-1659.4184499805,25,1678.43989510056,25,-903.377287680975,25,-147.414975227983
60,8,30,-1570.74983456663,30,1753.48895315381,30,-803.686886381578,30,-177.956933979888
60,8,35,-1451.11335520587,35,1845.21989825662,35,-719.114714413847,35,-198.973151019903
60,8,40,-1305.16059653008,40,1948.61931694429,40,-648.815125469437,40,-212.256496850545
60,8,45,-1136.17180924795,45,2057.51898997941,45,-591.878804480619,45,-220.303206214778
60,8,50,-946.459668177677,50,2165.44841386236,50,-548.050744260961,50,-226.094125473157
60,8,55,-737.973858457315,55,2265.95143938158,55,-518.150766620949,55,-232.781643826352
60,8,60,-512.973443947472,60,2352.25371695046,60,-504.261947190483,60,-243.35340471061
60,8,65,-274.762910140887,65,2416.64911294563,65,-509.687190954084,65,-260.211140460785
60,8,70,-28.484820344794,70,2450.28664973109,70,-538.54153121452,70,-284.590807036488
60,8,75,218.181517739504,75,2443.93157258799,75,-594.835329370908,75,-315.915646951116
60,8,80,454.712143183703,80,2389.78037568005,80,-681.094815884694,80,-351.374574997474
60,8,85,668.124876576337,85,2283.82672043759,85,-796.858675723802,85,-386.050113439184
60,8,90,844.207495007524,90,2127.92577800479,90,-937.583603328774,90,-413.708829882319
65,8,0,-1459.91574228624,0,1386.54323736182,0,-1404.55486003378,0,90.8720951733804
65,8,5,-1601.32215372927,5,1379.51398762826,5,-1280.76110362451,5,21.5718968288134
65,8,10,-1686.48743436587,10,1380.56117624664,10,-1149.79026784706,10,-35.2556783683174
65,8,15,-1716.92152505709,15,1396.43056708302,15,-1021.64717460471,15,-80.9558919032669
65,8,20,-1697.72309511559,20,1432.50739991194,20,-903.717351972328,20,-116.633722381197
65,8,25,-1636.080142323,25,1491.67428517024,25,-800.194281936865,25,-142.957205682099
65,8,30,-1539.54916603543,30,1573.63606589355,30,-712.198595301938,30,-160.379187874745
65,8,35,-1414.60539261612,35,1674.96030940021,35,-638.601405872053,35,-169.607838443766
65,8,40,-1265.85188006023,40,1789.8600739265,40,-577.244710550885,40,-171.998212975333
65,8,45,-1095.99944745049,45,1911.40928383264,45,-526.112190129109,45,-169.646158805225
65,8,50,-906.434585384654,50,2032.59378396165,50,-484.14697789172,50,-165.224977699512
65,8,55,-698.067760439539,55,2146.6236881919,55,-451.696084225817,55,-161.746321707469
65,8,60,-472.243965035082,60,2246.37964220181,60,-430.716608967278,60,-162.318644654999
65,8,65,-231.649565924537,65,2323.51119845333,65,-424.779246130692,65,-169.776054497165
65,8,70,18.8213472213435,70,2368.09047227046,70,-438.69648291343,70,-186.030908050603
65,8,75,271.39478560581,75,2369.52771014378,75,-477.556677810433,75,-211.245830894852
65,8,80,515.208850840866,80,2318.78144677513,80,-545.18021046779,80,-243.214449846968
65,8,85,736.815698341568,85,2211.18166032869,85,-642.386620917503,85,-277.392857774392
65,8,90,921.479284739788,90,2048.83044476023,90,-765.70433223898,90,-307.739878134717
70,8,0,-1468.69129961366,0,1249.99297706345,0,-1257.95461811398,0,33.8127959793792
70,8,5,-1601.06906809021,5,1239.15260292055,5,-1137.29068932219,5,-15.5230145477791
70,8,10,-1676.24933523855,10,1237.05071050392,10,-1011.80252853737,10,-53.9017487312791
70,8,15,-1696.24066182516,15,1251.09089495631,15,-891.457747987261,15,-83.0328779144175
70,8,20,-1666.84403315698,20,1287.25904833836,20,-783.431229066092,20,-104.295175270635
70,8,25,-1596.0547609187,25,1348.78717001989,25,-691.370183588133,25,-118.422282782766
70,8,30,-1492.17623514533,30,1435.36648415783,30,-615.469099652598,30,-125.699222062797
70,8,35,-1362.15499787632,35,1543.19605139325,35,-553.408290073557,35,-126.495188210692
70,8,40,-1210.60686263969,40,1665.90415642984,40,-501.792770457039,40,-121.738294433587
70,8,45,-1039.75190610703,45,1795.97240078834,45,-457.530875875616,45,-113.063754804439
70,8,50,-850.127951489917,50,1925.93785574363,50,-418.764996396176,50,-102.694864495159
70,8,55,-641.728346302558,55,2048.68679215556,55,-385.338288491222,55,-93.2910497206165
70,8,60,-415.222158882226,60,2156.72077423466,60,-358.999692728192,60,-87.8402771718998
70,8,65,-173.055930930999,65,2241.0615803449,65,-343.432771055842,65,-89.3931640042269
70,8,70,79.6816648040748,70,2290.8789772818,70,-343.918593474093,70,-100.401730648545
70,8,75,334.777815119173,75,2294.6128445318,75,-366.356941534782,75,-121.745980683384
70,8,80,580.966385354427,80,2242.52110024457,80,-415.63190002213,80,-151.924467945114
70,8,85,804.646853895122,85,2129.79829804676,85,-493.740940123678,85,-186.965835490696
70,8,90,991.215681370451,90,1959.12089702392,90,-598.383257389112,90,-221.268446405596
75,8,0,-1463.16768785062,0,1156.91991285833,0,-1107.12258722152,0,2.44836658333779
75,8,5,-1587.05787632265,5,1144.69463284869,5,-990.655378160047,5,-28.64525907393
75,8,10,-1653.40706357623,10,1141.05891361602,10,-871.079505716383,10,-50.510053318343
75,8,15,-1664.45586596436,15,1153.89838154894,15,-758.397217869873,15,-65.1329147807012
75,8,20,-1626.36047268634,20,1189.66382289807,20,-659.730696578131,20,-74.1189858681636
75,8,25,-1547.60244196885,25,1251.90577492377,25,-578.396686266073,25,-78.2817323228498
75,8,30,-1437.03379682348,30,1340.4061091836,30,-513.891443824338,30,-77.8091584744311
75,8,35,-1302.03344892986,35,1451.21652226093,35,-462.895835160861,35,-72.8255801591816
75,8,40,-1147.31324498945,40,1577.65271906618,40,-420.90399395917,40,-63.9031283892295
75,8,45,-974.737712137858,45,1711.83346629495,45,-383.812546161957,45,-52.2237163427836
75,8,50,-784.144900488989,50,1845.9538025714,50,-348.985381770939,50,-39.4827325642226
75,8,55,-574.80101093082,55,1972.54509322831,55,-315.753243705021,55,-27.8271534711731
75,8,60,-346.990426581682,60,2083.6395219327,60,-285.599770242652,60,-19.9106538786546
75,8,65,-103.329942961879,65,2169.62821691945,65,-262.181842325696,65,-18.7843630064834
75,8,70,150.447205571447,70,2218.9988276427,70,-251.012876012281,70,-27.2841798723852
75,8,75,405.358859764427,75,2219.69918912991,75,-258.507333897187,75,-46.9642151406441
75,8,80,649.685303178595,80,2161.91550201001,80,-290.343700788126,80,-77.1156993885725
75,8,85,869.982790015342,85,2041.27425645613,85,-349.563461770362,85,-114.529214801829
75,8,90,1052.39992233129,90,1861.31536639858,90,-435.118010073022,90,-154.26147284907
80,8,0,-1445.78095622907,0,1108.08709454963,0,-956.048976351543,0,-9.1726620108652
80,8,5,-1562.19284174726,5,1096.70250307955,5,-844.224289847814,5,-23.5256496436277
80,8,10,-1621.31065726439,10,1092.98996229504,10,-730.417026973329,10,-30.6068623434098
80,8,15,-1625.31991969041,15,1105.09247966754,15,-624.696482888965,15,-32.5537551665237
80,8,20,-1580.3731884413,20,1139.76081890627,20,-534.244398227208,20,-31.0909906505062
80,8,25,-1495.09978421323,25,1200.82456880359,25,-462.239957544572,25,-27.0789232794797
80,8,30,-1378.67238390151,30,1288.27329299796,30,-407.721718692938,30,-20.6626165525597
80,8,35,-1238.83385950265,35,1398.26592674859,35,-366.601584901363,35,-11.8296061880992
80,8,40,-1080.47015084873,40,1524.12199791043,40,-333.433548747971,40,-0.903235790392559
80,8,45,-905.259627605942,45,1657.86265890369,45,-303.199963042934,45,11.3288330880278
80,8,50,-712.553938516107,50,1791.46001067547,50,-272.529332309923,50,23.713666483501
80,8,55,-501.144788813917,55,1917.05376398107,55,-240.247228569706,55,34.7093078443095
80,8,60,-271.245701225493,60,2026.11706014284,60,-207.53206931402,60,42.1517502356903
80,8,65,-26.0134992864544,65,2108.43491544623,65,-177.892692971838,65,43.1692641348718
80,8,70,227.81862665436,70,2152.07951403342,70,-156.854510512175,70,34.6880133601042
80,8,75,480.275458776437,75,2145.01523985292,75,-151.063342775159,75,14.5335907835286
80,8,80,719.193978692807,80,2077.96588529243,80,-166.73559012487,80,-17.4416513022906
80,8,85,931.562614891915,85,1947.48536665855,85,-207.831943832051,85,-58.9411772156836
80,8,90,1104.76996883043,90,1758.17202130535,90,-274.630117417485,90,-105.836628040003
85,8,0,-1416.17262646867,0,1102.69701742258,0,-806.805196287542,0,-7.32020211373837
85,8,5,-1526.32034825751,5,1094.14536097672,5,-699.621686843594,5,-6.12295630735609
85,8,10,-1579.983261142,10,1091.58872879158,10,-591.124933801318,10,0.162020124591856
85,8,15,-1579.0219391222,15,1103.19985249169,15,-491.424533654397,15,9.39136900080936
85,8,20,-1529.26272026789,20,1135.87686417572,20,-407.800163778914,20,19.8619300924631
85,8,25,-1439.16847731979,25,1193.70036977966,25,-343.428210901533,25,30.7335599545174
85,8,30,-1317.99301688248,30,1276.98786962043,30,-297.107958689247,30,41.872671062671
85,8,35,-1173.73389303262,35,1382.2575010764,35,-264.228282008325,35,53.3272469504641
85,8,40,-1011.49425029012,40,1503.14592091475,40,-238.611051837198,40,64.9052351405684
85,8,45,-832.942055906746,45,1631.84315472317,45,-214.459160408606,45,76.1232889213615
85,8,50,-637.20559049216,50,1760.23037943677,50,-187.732224151683,50,86.3303751905999
85,8,55,-422.906572216015,55,1880.05424759858,55,-156.767559634803,55,94.6066008911283
85,8,60,-190.496382574259,60,1982.20135369626,60,-122.405549464406,60,99.352506499819
85,8,65,56.0544864306097,65,2055.94678914741,65,-87.9031104228384,65,97.9919377105035
85,8,70,308.82319578584,70,2089.25397368037,70,-58.6121769606047,70,87.3291628554403
85,8,75,556.780310928526,75,2070.5790752452,75,-41.1763175673962,75,64.6327881284992
85,8,80,787.402664062751,80,1991.67861261858,80,-42.1450824711726,80,28.8796991649177
85,8,85,988.317203285507,85,1850.37753713844,85,-66.3057513873204,85,-18.625209750839
85,8,90,1148.44229753955,90,1652.40853133992,90,-115.323918913978,90,-74.6327677658714
90,8,0,-1371.23559614655,0,1138.60566271937,0,-660.247876331761,0,1.51091263464519
90,8,5,-1476.30081960572,5,1134.62972365871,5,-557.366039026707,5,17.4145741575812
90,8,10,-1526.27000420343,10,1134.22258753067,10,-453.554058329298,10,36.046532852603
90,8,15,-1522.45158059261,15,1145.38702798829,15,-358.877255985894,15,55.3900628706989
90,8,20,-1470.0788668289,20,1175.04918277188,20,-280.673392629929,20,73.9014318820909
90,8,25,-1377.17136417468,25,1227.52917003177,25,-222.17586290924,25,90.8365675048866
90,8,30,-1252.81609723969,30,1303.58134595541,30,-182.11525723983,30,106.060417197785
90,8,35,-1105.1049346149,35,1400.29920467735,35,-155.595569209959,35,119.575966646479
90,8,40,-939.344459993164,40,1511.90558656992,40,-135.940609022967,40,131.216089988299
90,8,45,-757.348171189484,45,1630.9982654687,45,-116.746080163906,45,140.699907831255
90,8,50,-558.309798373649,50,1749.51485018122,50,-93.394771651451,50,147.793220377481
90,8,55,-341.01503949389,55,1858.87837027003,55,-63.7591790973992,55,152.139710180849
90,8,60,-106.430102850671,60,1949.47031611682,60,-28.3101630480316,60,152.689522505712
90,8,65,140.515031522772,65,2010.24939716069,65,10.031929395739,65,147.201645703291
90,8,70,390.71099979494,70,2029.40232864501,70,46.2233900051189,70,132.437653017471
90,8,75,632.184722707551,75,1996.27185907465,75,73.7818023069296,75,105.189294291324
90,8,80,852.195783921364,80,1903.97707104587,80,85.9572361848562,80,63.6062415845468
90,8,85,1039.12163671765,85,1751.77881504858,85,77.1939443203989,85,8.02424109724844
90,8,90,1183.48140379511,90,1546.51060076929,90,44.4095727631353,90,-59.1389107980703
95,8,0,-1305.42366438068,0,1212.14192791826,0,-516.807748909329,0,10.6500625959804
95,8,5,-1406.35670981863,5,1214.24789684048,5,-417.587486012796,5,40.7527206782406
95,8,10,-1454.25395010264,10,1216.80612819589,10,-317.697786529933,10,71.1607195615089
95,8,15,-1449.70198744783,15,1227.48677418847,15,-227.034361247486,15,100.077432439212
95,8,20,-1397.12678727686,20,1253.1516429308,20,-152.890585748811,20,126.217077653816
95,8,25,-1303.85448361992,25,1298.3507969897,25,-98.5442455009692,25,148.987468982427
95,8,30,-1178.54143268088,30,1364.35285970171,30,-62.7678303446768,30,168.24605217586
95,8,35,-1029.15782113555,35,1448.98143628337,35,-40.5919092624731,35,183.895191089028
95,8,40,-861.133840747609,40,1547.24387679449,40,-25.0869293009216,40,195.709263832199
95,8,45,-676.54354282557,45,1652.34074879737,45,-9.44414563851519,45,203.508254657593
95,8,50,-474.928180081462,50,1756.43253610476,50,11.4135929824504,50,207.354861459142
95,8,55,-255.565887170645,55,1850.77930390017,55,40.047358610591,55,207.329563251058
95,8,60,-20.1583778455188,60,1925.46727407489,60,76.3832354342988,60,202.832807736581
95,8,65,225.390755980604,65,1969.43046874178,65,117.895894709705,65,191.926576743468
95,8,70,470.962963808072,70,1971.41781283032,70,159.922120852244,70,171.379251888946
95,8,75,703.89247194141,75,1921.95374751756,75,196.214061447301,75,137.615265109901
95,8,80,911.399050351072,80,1815.68557308018,80,219.881953613079,80,88.090610890269
95,8,85,1082.62802244795,85,1653.32163506333,85,224.641675482612,85,22.3129097401934
95,8,90,1209.58261106242,90,1442.68658660709,90,206.028004220358,90,-57.9663841072801
100,8,0,-1211.38134059384,0,1317.68231049377,0,-377.26757080851,0,13.3479264047446
100,8,5,-1308.7375243861,5,1327.1872196887,5,-280.744373572335,5,57.4205445982642
100,8,10,-1355.94443100235,10,1333.48101591536,10,-183.812279597559,10,99.4762587180059
100,8,15,-1352.76525644465,15,1343.7674940392,15,-96.0549153933583,15,137.976101234298
100,8,20,-1302.64715296343,20,1364.75260643528,20,-24.5843256514577,20,171.925776256683
100,8,25,-1211.98384321441,25,1401.17932113961,25,27.3424274018419,25,200.896429912362
100,8,30,-1088.71414645295,30,1454.85231699317,30,60.856017786934,30,224.723225328672
100,8,35,-940.419369030779,35,1524.4013305998,35,80.8249300944572,35,243.171165872483
100,8,40,-772.509953638439,40,1605.73507349332,40,94.1939600584384,40,255.895818845473
100,8,45,-587.378360654485,45,1692.80460778089,45,107.956986390466,45,262.720398440208
100,8,50,-385.150526402562,50,1778.18075214132,50,127.513324349791,50,263.857869032074
100,8,55,-165.877565152532,55,1853.21254733737,55,155.812322983592,55,259.645018006743
100,8,60,67.8578516109204,60,1908.01892010607,60,193.188844442773,60,249.769072506972
100,8,65,309.274580118185,65,1931.87921952357,65,237.534327791912,65,232.512661213153
100,8,70,547.54280246419,70,1914.43590689229,70,284.571775183422,70,204.689316533783
100,8,75,769.640547783815,75,1847.60151773362,75,328.282300109143,75,162.508766556452
100,8,80,962.939165544518,80,1727.59601913908,80,361.643905791276,80,102.960548522768
100,8,85,1117.30693836424,85,1556.49043609012,85,377.696280590749,85,24.9845813389663
100,8,90,1226.0022582089,90,1342.95143972582,90,370.71990424379,90,-70.0641312265158
105,8,0,-1080.9131979231,0,1447.16318135532,0,-243.445126593097,0,3.03243866209731
105,8,5,-1174.71090192237,5,1465.27020346837,5,-148.271631269728,5,61.0082978370533
105,8,10,-1222.23726501566,10,1476.18858760653,10,-53.0081483943285,10,114.939723039028
105,8,15,-1222.40901191829,15,1486.53754588288,15,33.2118239802026,15,163.522447071433
105,8,20,-1177.56662509427,20,1502.7473448694,20,103.596673474998,20,206.012757588121
105,8,25,-1092.94183451529,25,1529.65868409427,25,154.995515232431,25,242.099003619414
105,8,30,-975.453287376589,30,1569.55652217279,30,188.423195746117,30,271.556163133449
105,8,35,-831.991651529749,35,1621.86453296509,35,208.509427712614,35,293.980906605694
105,8,40,-667.752280642043,40,1683.42904439705,40,221.997247381897,40,308.863181506357
105,8,45,-485.434875748732,45,1749.05589005547,45,235.846139721753,45,315.933162701018
105,8,50,-285.904683657132,50,1811.93091292961,50,255.623755050656,50,315.3896464574
105,8,55,-70.1774242608211,55,1863.815604164,55,284.59824015088,55,307.614123188109
105,8,60,158.224033855107,60,1895.27450051036,60,323.493128139854,60,292.385383964155
105,8,65,391.810930214577,65,1896.35028006584,65,370.59308552419,65,268.107269547939
105,8,70,619.393383896573,70,1857.89750363464,70,421.955055714442,70,231.689387285302
105,8,75,827.959023959483,75,1773.36698893514,75,471.730495485139,75,179.33144623408
105,8,80,1005.23119010739,80,1640.53503240557,80,512.756418270645,80,107.871511898422
105,8,85,1141.75228608522,85,1462.71173961466,85,537.497042670924,85,16.0423906285028
105,8,90,1231.79216179067,90,1249.23749393098,90,539.224671870753,90,-94.8544110719837
110,8,0,-906.275087926134,0,1589.69979446405,0,-118.661605992248,0,-26.1759512983279
110,8,5,-995.864922803765,5,1617.57374012596,5,-23.0566283350011,5,45.6151002210023
110,8,10,-1044.15438893582,10,1634.25498006059,10,72.2720788815241,10,111.81931260487
110,8,15,-1049.27765562116,15,1645.66814697272,15,158.760347479528,15,171.289287194862
110,8,20,-1012.402044821,20,1657.8065977797,20,230.050055556641,20,223.424286008167
110,8,25,-937.401905016315,25,1675.44109742407,25,283.16720127649,25,267.928556976129
110,8,30,-829.888550588621,30,1701.19424367399,30,318.999363314144,30,304.449026575021
110,8,35,-695.75820578937,35,1735.18356306709,35,341.825635220425,35,332.374930609514
110,8,40,-539.764355375366,40,1775.15675345708,40,357.998323860768,40,350.983809493967
110,8,45,-364.829040831334,45,1816.84060620362,45,374.234770020864,45,359.81427041493
110,8,50,-172.600085272433,50,1854.24642359589,50,396.103564260809,50,358.881943971968
110,8,55,34.8709941156314,55,1879.90905474428,55,427.086920182689,55,348.400888964901
110,8,60,253.15340107986,60,1885.29102642511,60,468.231052958599,60,328.054808265331
110,8,65,474.260962749598,65,1861.63159361079,65,518.14518808225,65,296.288886854987
110,8,70,686.99324644665,70,1801.30368829629,70,573.134049006024,70,250.192547610378
110,8,75,878.704379052655,75,1699.42518206245,75,627.451443235595,75,186.209304825463
110,8,80,1037.68991355283,80,1555.29988488809,80,673.815849202037,80,101.403147239126
110,8,85,1155.17679688775,85,1373.34627744403,85,704.29787062383,85,-5.28153043682653
110,8,90,1226.27523030821,90,1163.38557516235,90,711.527464490296,90,-132.231176991565
115,8,0,-681.736887689318,0,1731.46231238004,0,-7.82890707562685,0,-78.6649971690422
115,8,5,-765.694135239042,5,1770.25230551434,5,90.4150109468518,5,6.58211056779654
115,8,10,-814.387877109369,10,1794.09958603147,10,188.036287963585,10,85.3346865439886
115,8,15,-825.320662821696,15,1808.13619826992,15,277.133810854959,15,156.481750871102
115,8,20,-798.509437996581,20,1817.73016612771,20,351.853086855311,20,219.412699481901
115,8,25,-736.357317477689,25,1827.3578970339,25,409.426995083653,25,273.709221958352
115,8,30,-642.951364598374,30,1839.76491355744,30,450.586149494366,30,318.797515634411
115,8,35,-522.936854389432,35,1855.5902547212,35,479.15750605142,35,353.805232355001
115,8,40,-380.399213657885,40,1873.38900847083,40,500.938661130627,40,377.742080932763
115,8,45,-218.332114472752,45,1889.84133050908,45,522.211463262974,45,389.856665727074
115,8,50,-39.0854222988388,50,1899.98238714052,50,548.36332424997,50,389.828389534642
115,8,55,154.320669114334,55,1897.47749439174,55,582.943562841515,55,377.5273202387
115,8,60,356.676913653061,60,1875.12939235474,60,627.205603101251,60,352.404667457729
115,8,65,559.736570607182,65,1825.78724624026,65,679.982999975564,65,312.917156699935
115,8,70,752.613617748986,70,1743.62886262181,70,737.745261888636,70,256.458195899616
115,8,75,923.365161439423,75,1625.55969560265,75,794.82298329034,75,179.99677930512
115,8,80,1061.11405601002,80,1472.38250350173,80,843.915223740499,80,81.2150316468575
115,8,85,1157.88091739633,85,1289.48097221711,85,876.978057112201,85,-40.3176590607364
115,8,90,1209.56333352174,90,1086.91626622796,90,886.457962538978,90,-182.350556148448
120,8,0,-405.320215798975,0,1855.96538552356,0,83.0008976945165,0,-156.367837424127
120,8,5,-481.413299189739,5,1906.70822683539,5,186.404956825503,5,-58.5897226926837
120,8,10,-529.159910252716,10,1939.2248610057,10,288.952686767422,10,32.4989333467624
120,8,15,-545.6545444353,15,1957.78036415047,15,383.472316305492,15,115.676775379026
120,8,20,-529.89765573148,20,1966.94050624054,20,464.63802962357,20,190.153546928932
120,8,25,-482.839885722134,25,1970.65368982667,25,529.871739546311,25,255.240548209881
120,8,30,-406.96084126812,30,1971.54588055293,30,579.687331171774,30,310.042539760011
120,8,35,-305.504198462488,35,1970.5693937548,35,617.35588266557,35,353.362031199445
120,8,40,-181.704467661008,40,1966.95945520984,40,647.971798172726,40,383.880976085984
120,8,45,-38.4344369767381,45,1958.35346463037,45,677.197229913348,45,400.473407738992
120,8,50,121.450380175898,50,1940.97651753149,50,710.039939119518,50,402.372846626704
120,8,55,294.169779819202,55,1909.93462434363,55,749.930021149134,55,388.999947705665
120,8,60,473.972316148109,60,1859.7507466205,60,798.174852313215,60,359.517040365117
120,8,65,652.626136451924,65,1785.23238213605,65,853.726364146749,65,312.427778087212
120,8,70,819.871320565334,70,1682.59721054934,70,913.178752313972,70,245.582988878842
120,8,75,964.79174843949,75,1550.6251741477,75,970.998786136286,75,156.745777221663
120,8,80,1077.62880754449,80,1391.56042497219,80,1020.06693303292,80,44.5580093344311
120,8,85,1151.39764711813,85,1211.56368604682,85,1052.5890671929,85,-90.4529806553179
120,8,90,1182.83533676228,90,1020.6273271764,90,1061.32506191611,90,-245.177507696085
125,8,0,-80.5213273289816,0,1944.95783463109,0,147.659227741802,0,-257.921890068455
125,8,5,-145.847537966113,5,2008.31762850768,5,258.817578054938,5,-149.398751006031
125,8,10,-190.297755189188,10,2050.75167486899,10,369.078989152109,10,-47.0556073079528
125,8,15,-210.825457251319,15,2075.61991231285,15,472.038121597168,15,47.6232112312429
125,8,20,-205.659245453614,20,2086.56773691992,20,562.88734499508,20,133.509172566781
125,8,25,-174.477343165918,25,2086.83736764288,25,639.18474096623,25,209.51434292623
125,8,30,-118.248060666272,30,2078.7304119439,30,701.145233785102,30,274.336100836686
125,8,35,-38.8170903359574,35,2063.3227348015,35,751.376920177863,35,326.396767644251
125,8,40,61.5283539192324,40,2040.40391909391,40,794.131615671438,40,364.005036463183
125,8,45,180.234591821463,45,2008.55253406454,45,834.272817975684,45,385.614332188872
125,8,50,314.225311691429,50,1965.29771431898,50,876.219300129998,50,389.975001513816
125,8,55,459.297199056703,55,1907.40663622105,55,923.073277299987,55,376.049887404325
125,8,60,609.505850598541,60,1831.38404605276,60,976.031089664499,60,342.750727218829
125,8,65,756.97140126354,65,1734.21866306149,65,1034.08127261584,65,288.722763630999
125,8,70,892.38351216328,70,1614.2903009558,70,1093.97221751772,70,212.427364779702
125,8,75,1006.17011656386,75,1472.24580279605,75,1150.46475589235,75,112.624467934021
125,8,80,1089.99162595058,80,1311.62932430806,80,1196.91172913204,80,-10.8621032927213
125,8,85,1138.09397649519,85,1139.11182843698,85,1226.17391700317,85,-156.363201216918
125,8,90,1148.14798238796,90,964.247279814036,90,1231.78732535228,90,-319.838604321565
130,8,0,282.329496778241,0,1980.0973139375,0,181.266505750462,0,-378.324033753083
130,8,5,230.950094780483,5,2055.96939824809,5,302.494189517495,5,-261.931494289819
130,8,10,192.834394831579,10,2108.84848624007,10,423.014757629462,10,-150.596706482317
130,8,15,170.89757808579,15,2141.19660750341,15,537.193351293301,15,-46.1984886470436
130,8,20,167.35728047786,20,2155.71492419635,20,640.707757212688,20,49.6739446558393
130,8,25,183.480443457058,25,2154.87197081418,25,731.188153323332,25,135.445978432431
130,8,30,219.533467394717,30,2140.54029069719,30,808.468524575422,30,209.357892523038
130,8,35,274.897502118113,35,2113.80338241182,35,874.397453607827,35,269.428674936352
130,8,40,348.217670004299,40,2074.91659339733,40,932.260911668716,40,313.589080704506
130,8,45,437.426948511751,45,2023.37245696795,45,985.959535501779,45,339.89075953784
130,8,50,539.559221816552,50,1958.04780013817,50,1039.12335823214,50,346.655586915902
130,8,55,650.417784706414,55,1877.46072246354,55,1094.32721903451,55,332.483504511796
130,8,60,764.311393683896,60,1780.18373672576,60,1152.51291101175,60,296.158308853214
130,8,65,874.114146948833,65,1665.4160233756,65,1212.66962479923,65,236.594443304167
130,8,70,971.806066756713,70,1533.63564401146,70,1271.79852526799,70,152.976998972326
130,8,75,1049.45263255327,75,1387.18582326408,75,1325.18353226455,75,45.1507606347255
130,8,80,1100.38797032746,80,1230.6387017292,80,1366.97843801192,80,-85.8263803432871
130,8,85,1120.27664864759,85,1070.82343489452,85,1391.07544707857,85,-237.149364305922
130,8,90,1107.77940008325,90,916.468389598126,90,1392.14488217189,90,-403.942803121117
135,8,0,665.598678496077,0,1945.46248725359,0,181.589644675604,0,-509.379551673214
135,8,5,630.954380422821,5,2032.57666950037,5,314.522669787507,5,-389.168405412506
135,8,10,602.245520733141,10,2095.30782265118,10,447.150226391624,10,-272.43858017753
135,8,15,582.017923402774,15,2135.27877055484,15,574.575380485179,15,-161.540929368114
135,8,20,572.583717277583,20,2154.32637938526,20,692.916138161575,20,-58.5880313459722
135,8,25,575.740899187486,25,2154.20862603204,25,799.821272964126,25,34.3292919192769
135,8,30,592.588263760899,30,2136.39316454346,30,894.688449595547,30,114.996681986738
135,8,35,623.432370445853,35,2101.95750560217,35,978.545567723339,35,181.057883561038
135,8,40,667.733404899553,40,2051.58854498124,40,1053.62932727459,40,230.122028360055
135,8,45,724.02372052545,45,1985.65369404799,45,1122.75625644916,45,259.935733005409
135,8,50,789.77291274004,50,1904.33192000916,50,1188.61394278135,50,268.53691386868
135,8,55,861.250137279694,55,1807.81843602553,55,1253.09939279351,55,254.340616453686
135,8,60,933.502664913215,60,1696.62105525097,60,1316.80736696215,60,216.175694345329
135,8,65,1000.5808681477,65,1571.93602642506,65,1378.74091409093,65,153.34713742486
135,8,70,1056.07452645198,70,1436.0415809402,70,1436.28979730589,70,65.8011683744163
135,8,75,1093.90855884907,75,1292.60958390931,75,1485.49769778618,75,-45.5857725289079
135,8,80,1109.2343503306,80,1146.8325538789,80,1521.60552563752,80,-178.653200734155
135,8,85,1099.20054524091,85,1005.29447544304,85,1539.80968087644,85,-329.653672650477
135,8,90,1063.41774722938,90,875.560558310777,90,1536.11843030212,90,-493.120419404282
140,8,0,1045.35318068056,0,1830.62346087887,0,149.818433271562,0,-640.980821554958
140,8,5,1029.02753833394,5,1926.3656743517,5,295.063224229032,5,-522.054669320838
140,8,10,1011.97276050361,10,1997.1168081512,10,440.546863113592,10,-404.780880183479
140,8,15,996.197478502925,15,2043.77367078616,15,582.043440964209,15,-291.974239619174
140,8,20,983.79721736218,20,2067.47381124542,20,716.059228405307,20,-186.251248991678
140,8,25,976.690167130111,25,2069.43237279114,25,840.230797097145,25,-90.1765478209208
140,8,30,976.375477715205,30,2050.8414225491,30,953.50965781646,30,-6.35411080833581
140,8,35,983.732576649321,35,2012.84122463165,35,1056.10243262932,35,62.5724148505367
140,8,40,998.858538453847,40,1956.55154657396,40,1149.18466271038,40,114.010004216337
140,8,45,1020.93492153136,45,1883.14451236086,45,1234.44880467578,45,145.562929009333
140,8,50,1048.13169397018,50,1793.9488978435,50,1313.5739656533,50,155.188845055676
140,8,55,1077.58487126679,55,1690.58715363936,55,1387.71347189072,55,141.333127816286
140,8,60,1105.50541414601,60,1575.14632744833,60,1457.08915968998,60,103.04298044138
140,8,65,1127.46921988995,65,1450.36718785244,65,1520.76347474581,65,40.0888617972203
140,8,70,1138.89532492147,70,1319.81070949326,70,1576.63561071174,70,-46.8792052671493
140,8,75,1135.65568472349,75,1187.94356079292,75,1621.67640780738,75,-156.140580233697
140,8,80,1114.70310278783,80,1060.08607812057,80,1652.37819469486,80,-284.717009291987
140,8,85,1074.58110294643,85,942.187642217214,85,1665.35336870445,85,-428.254773156862
140,8,90,1015.70250735485,90,840.426074553911,90,1657.97848839294,90,-581.039985745475
145,8,0,1394.17674286114,0,1633.53317817213,0,90.373463103542,0,-762.902208127867
145,8,5,1395.87966160935,5,1734.18856619604,5,247.30496516758,5,-651.065085616786
145,8,10,1391.14950571486,10,1810.20548937923,10,405.061076485126,10,-539.011964419746
145,8,15,1381.38721818522,15,1861.91667243765,15,559.997207044681,15,-429.910435805002
145,8,20,1368.26199754163,20,1889.96994490191,20,708.955211064787,20,-326.764642162472
145,8,25,1353.49425615986,25,1895.2479709805,25,849.55541063928,25,-232.488749326222
145,8,30,1338.62327608894,30,1878.83257981262,30,980.346187231965,30,-149.944419196734
145,8,35,1324.78656360398,35,1842.0129228727,35,1100.78760940643,35,-81.9193131939452
145,8,40,1312.53148116597,40,1786.32581442256,40,1211.07688978454,40,-31.044094425882
145,8,45,1301.67700464349,45,1713.61342929383,45,1311.85225660222,45,0.335707479434899
145,8,50,1291.24594895894,50,1626.08720317213,50,1403.83289433794,50,10.3079138228811
145,8,55,1279.49188987397,55,1526.39172595598,55,1487.46313135416,55,-2.45881540827664
145,8,60,1264.04282065857,60,1417.66258621871,60,1562.62839686803,60,-38.5770596939103
145,8,65,1242.16902536936,65,1303.56567413089,65,1628.49930116425,65,-97.8112210285025
145,8,70,1211.15556453767,70,1188.29627556463,70,1683.53970904497,70,-178.955553880961
145,8,75,1168.72788419893,75,1076.51126370845,75,1725.68668234977,75,-279.72907204537
145,8,80,1113.45502765442,80,973.171883847952,80,1752.67796947153,80,-396.710862266997
145,8,85,1045.05009952385,85,883.288149247972,85,1762.47194175684,85,-525.347450041135
145,8,90,964.506053153668,90,811.574443399653,90,1753.68304930484,90,-660.059812120733
150,8,0,1685.53029230599,0,1362.17940047457,0,9.73834572403361,0,-866.539421277168
150,8,5,1702.91704097272,5,1463.64274241624,5,176.50748929222,5,-767.75821044129
150,8,10,1709.32868842253,10,1541.97895139627,10,344.623198397058,10,-667.037719247874
150,8,15,1705.59522499585,15,1597.14446128083,15,510.927606949847,15,-567.692280182029
150,8,20,1692.88599899262,20,1629.50005448798,20,672.554023133862,20,-472.905205314365
150,8,25,1672.55541243855,25,1639.77573920566,25,827.13024705252,25,-385.737414737496
150,8,30,1645.9615860094,30,1629.06175135788,30,972.894551146434,30,-309.11631037986
150,8,35,1614.28320692734,35,1598.82163190774,35,1108.7082986334,35,-245.7911356597
150,8,40,1578.35929481254,40,1550.91755521173,40,1233.96784290026,40,-198.251516469609
150,8,45,1538.57469924845,45,1487.63609785379,45,1348.43647229672,45,-168.616042789583
150,8,50,1494.81097841473,50,1411.70396590814,50,1452.03155410073,50,-158.504037317099
150,8,55,1446.47690508001,55,1326.28569430578,55,1544.61031951527,55,-168.90480308794
150,8,60,1392.6237234441,60,1234.95677451708,60,1625.79851583755,60,-200.056232295087
150,8,65,1332.13692087716,65,1141.64534635113,65,1694.89902441785,65,-251.341893176276
150,8,70,1263.98039778159,70,1050.53475901917,70,1750.90319153062,70,-321.215182428723
150,8,75,1187.45458346352,75,965.920215979356,75,1792.60803374311,75,-407.161106279418
150,8,80,1102.42230216446,80,892.016986440309,80,1818.82106191829,80,-505.708609087411
150,8,85,1009.45877283218,85,832.725172436005,85,1828.61571931088,85,-612.506123993689
150,8,90,909.895420045171,90,791.365018112441,90,1821.58899494866,90,-722.468370841588
155,8,0,1898.61673378372,0,1034.0720419031,0,-85.2454545399482,0,-946.014819350984
155,8,5,1927.79965748464,5,1132.82624882181,5,88.4983784326814,5,-865.805873120931
155,8,10,1942.73535928302,10,1211.24010194538,10,263.973526046597,10,-782.195838879339
155,8,15,1943.80908994925,15,1269.06769133777,15,438.42609102536,15,-698.378814239374
155,8,20,1931.745867405,20,1306.52915091037,20,609.254298951367,20,-617.447248464578
155,8,25,1907.51808128432,25,1324.29431767825,25,774.14339411376,25,-542.353625166871
155,8,30,1872.22874697875,30,1323.47576241424,30,931.152731223979,30,-475.863582405782
155,8,35,1826.98825552995,35,1305.62739604078,35,1078.74544403284,35,-420.493784560054
155,8,40,1772.80334362637,40,1272.74193394234,40,1215.76116896453,40,-378.432646651505
155,8,45,1710.49551405648,45,1227.23934591437,45,1341.34237441602,45,-351.447101421497
155,8,50,1640.66231080114,50,1171.93896687154,50,1454.83310314445,50,-340.782607224413
155,8,55,1563.68881667019,55,1110.00955980404,55,1555.67385795754,55,-347.065808782993
155,8,60,1479.80888191494,60,1044.89357802377,60,1643.31693397748,60,-370.219814127564
155,8,65,1389.20681037253,65,980.203788200557,65,1717.18240289024,65,-409.40160595487
155,8,70,1292.14204072104,70,919.592398590527,70,1776.66670902303,70,-462.970302181981
155,8,75,1189.07366221115,75,866.595259193666,75,1821.20486120884,75,-528.493986049727
155,8,80,1080.76010365317,80,824.45678945389,80,1850.37566656456,80,-602.801295191986
155,8,85,968.312845155796,85,795.944842883134,85,1864.02986915662,85,-682.081385761921
155,8,90,853.190959068658,90,783.168127928766,90,1862.41566240464,90,-762.032083176272
160,8,0,2022.2141423976,0,673.35148391738,0,-188.914055758017,0,-998.345389590465
160,8,5,2058.85997202244,5,767.325994371546,5,-11.7305270151582,5,-941.221131319046
160,8,10,2079.27844697884,10,844.96187201206,10,167.425155891958,10,-879.524718296353
160,8,15,2083.57853068868,15,905.930255496374,15,346.141755164458,15,-816.051008803421
160,8,20,2072.17456455534,20,950.37018118068,20,522.075875403638,20,-753.519788148269
160,8,25,2045.74161350782,25,978.876267062476,25,693.037898020394,25,-694.513408609572
160,8,30,2005.15395905384,30,992.483843287135,30,857.055816880827,30,-641.412695055571
160,8,35,1951.41636511113,35,992.649309929889,35,1012.41180844632,35,-596.329216359869
160,8,40,1885.59846821312,40,981.222342328833,40,1157.65106191982,40,-561.033958403364
160,8,45,1808.78176889307,45,960.406178515539,45,1291.56708891174,45,-536.884636933873
160,8,50,1722.02630358028,50,932.70266271529,50,1413.17159128341,50,-524.755869717931
160,8,55,1626.36045435663,55,900.839845208736,55,1521.65926791477,55,-524.977824395456
160,8,60,1522.79302704588,60,867.681520726049,60,1616.3782161846,60,-537.289604330312
160,8,65,1412.34240406895,65,836.119902128409,65,1696.81472393476,65,-560.81353240279
160,8,70,1296.07405961651,70,808.954511047761,70,1762.59756364109,70,-594.05572893659
160,8,75,1175.13574850584,75,788.762207207189,75,1813.52209971087,75,-634.937045411502
160,8,80,1050.77972517624,80,777.764955790982,80,1849.58958498484,80,-680.856580000173
160,8,85,924.363472035877,85,777.703290786543,85,1871.05300024353,85,-728.787747474789
160,8,90,797.324193972468,90,789.7242841804,90,1878.45853256949,90,-775.404354387196
165,8,0,2056.13299571142,0,306.305846618718,0,-297.515070488365,0,-1022.79387874205
165,8,5,2096.71970780147,5,395.239666085849,5,-120.722805686414,5,-991.874930349436
165,8,10,2120.33071907647,10,472.772230219203,10,58.2134660784375,10,-955.46074462773
165,8,15,2126.9476853813,15,538.537223015374,15,237.187665248913,15,-915.705023028923
165,8,20,2116.81145243392,20,592.567610339132,20,414.122170565077,20,-874.713532563541
165,8,25,2090.405173935,25,635.283058405086,25,587.020966421154,25,-834.479943561497
165,8,30,2048.42747003907,30,667.469176989799,30,754.014879406725,30,-796.823485672161
165,8,35,1991.75933143424,35,690.247992066827,35,913.396363401848,35,-763.328984297114
165,8,40,1921.42887870687,40,705.038842033958,40,1063.64298326284,40,-735.290446342773
165,8,45,1838.57781623801,45,713.50897174288,45,1203.43044103206,45,-713.660054750156
165,8,50,1744.43252883437,50,717.513494469374,50,1331.63739003997,50,-699.005055990791
165,8,55,1640.28141649007,55,719.0250713059,55,1447.34514414116,55,-691.475446394009
165,8,60,1527.45849122347,60,720.054541854669,60,1549.83556102587,60,-690.785481606508
165,8,65,1407.33175959339,65,722.564724092352,65,1638.58983909062,65,-696.211796951245
165,8,70,1281.29377044408,70,728.380570373252,70,1713.28983508317,70,-706.610331146623
165,8,75,1150.75114387174,75,739.099710179252,75,1773.82202335437,75,-720.453328735565
165,8,80,1017.11002882378,80,756.008029803299,80,1820.28268921886,80,-735.886526986493
165,8,85,881.755240591029,85,780.005253790605,85,1852.98169799486,85,-750.805305236819
165,8,90,746.022150518139,90,811.5454452987,90,1872.44146417628,90,-762.947200243611
170,8,0,2009.86922653869,0,-43.1984689056521,0,-408.905021536579,0,-1019.8726647067
170,8,5,2052.5701427477,5,41.9734476650641,5,-236.296349605592,5,-1016.70332020905
170,8,10,2078.63492068797,10,121.154796692738,10,-61.3041582550513,10,-1007.28827352465
170,8,15,2087.99732657218,15,193.925512516282,15,114.255736332393,15,-992.975062657186
170,8,20,2080.80136401579,20,260.13825218853,20,288.583307686668,20,-975.094758843536
170,8,25,2057.39527884691,25,319.908172013001,25,459.926607491969,25,-954.913389200495
170,8,30,2018.32023196142,30,373.594628497149,30,626.611969893967,30,-933.586023978358
170,8,35,1964.29452089429,35,421.775120500403,35,787.070997737747,35,-912.114741327228
170,8,40,1896.19442831537,40,465.211926348994,40,939.863581681178,40,-891.311732686791
170,8,45,1815.03281112015,45,504.812088128082,45,1083.69660738651,45,-871.768851773606
170,8,50,1721.93642955423,50,541.581655796857,50,1217.43836359205,50,-853.834906975675
170,8,55,1618.1227893071,55,576.575413218539,55,1340.12892065072,55,-837.601919712697
170,8,60,1504.87698638913,60,610.843641485426,60,1450.98687236855,60,-822.901395980193
170,8,65,1383.52876855757,65,645.377797943427,65,1549.41281813189,65,-809.311372127277
170,8,70,1255.42981801204,70,681.057263482767,70,1634.98982967663,70,-796.174599840956
170,8,75,1121.93116298051,75,718.599497736572,75,1707.48094291495,75,-782.627744330612
170,8,80,984.360662234224,80,758.516008562375,80,1766.82349947393,80,-767.640911552715
170,8,85,844.000670884136,85,801.076464120798,85,1813.11999664363,85,-750.066232657845
170,8,90,702.066256736976,90,846.283040107798,90,1846.62504006675,90,-728.693660567884
175,8,0,1899.20418380168,0,-356.907289630276,0,-521.484527603054,0,-990.566475791635
175,8,5,1944.07484753199,5,-273.399189386391,5,-356.550819956073,5,-1015.10954052852
175,8,10,1973.51480985812,10,-190.543512798781,10,-188.774810758033,10,-1032.7559408933
175,8,15,1987.40092435936,15,-108.860598020802,15,-19.6764909080568,15,-1043.98634106414
175,8,20,1985.76937056825,20,-28.7526198451797,20,149.231397336316,20,-1049.30135033346
175,8,25,1968.81248083301,25,49.4928493485862,25,316.462340733552,25,-1049.19833428939
175,8,30,1936.87300534727,30,125.694987789686,30,480.574341691446,30,-1044.14971206399
175,8,35,1890.43596318749,35,199.767932786825,35,640.187092603009,35,-1034.58349877548
175,8,40,1830.11830057757,40,271.705530288022,40,793.997659230177,40,-1020.86678385323
175,8,45,1756.65663730136,45,341.563226828671,45,940.794347457069,45,-1003.29274601745
175,8,50,1670.89342683505,50,409.437812918414,50,1079.46848858276,50,-982.071694099893
175,8,55,1573.76188596397,55,475.445817541231,55,1209.02394226378,55,-957.326490164624
175,8,60,1466.27006748148,60,539.701421912596,60,1328.58417959509,60,-929.092559216562
175,8,65,1349.48445796435,65,602.294801690953,65,1437.39686954261,65,-897.322521388392
175,8,70,1224.51348453304,70,663.27181551749,70,1534.83594957979,70,-861.895302807528
175,8,75,1092.49131217852,75,722.615930004916,75,1620.40121692413,75,-822.629397000788
175,8,80,954.562307643239,80,780.233204569661,80,1693.71553209456,80,-779.299767810253
175,8,85,811.866536406346,85,835.941053296171,85,1754.51978367317,85,-731.657716530197
175,8,90,665.526643978235,90,889.461357250253,90,1802.66582362385,90,-679.452889938098
180,8,0,1742.25856377553,0,-623.300739230274,0,-632.995172035914,0,-936.151706783581
180,8,5,1790.79790831259,5,-539.337894408653,5,-478.738595115526,5,-986.913605790121
180,8,10,1825.70819945406,10,-451.270362549458,10,-320.838528416042,10,-1030.16449634187
180,8,15,1846.72374880492,15,-359.768390746767,15,-160.496686787711,15,-1065.57521304613
180,8,20,1853.6846153451,20,-265.5283642564,20,1.06663153762343,20,-1092.8762589672
180,8,25,1846.53782267712,25,-169.26750658363,25,162.621832152907,25,-1111.8598566608
180,8,30,1825.33776220856,30,-71.718420979246,30,322.939382431761,30,-1122.38152948588
180,8,35,1790.2457792005,35,26.3764851135579,35,480.799169014177,35,-1124.36120115907
180,8,40,1741.52894483278,40,124.270650228091,40,634.99978360592,40,-1117.78380518359
180,8,45,1679.55802363095,45,221.219040657717,45,784.36766642107,45,-1102.69939951434
180,8,50,1604.80465172443,50,316.483820612229,50,927.766037680609,50,-1079.22278558669
180,8,55,1517.83774741074,55,409.339967593727,55,1064.10354919295,55,-1047.53263460819
180,8,60,1419.31918134377,60,499.080790255606,60,1192.34259017264,60,-1007.87012776283
180,8,65,1309.99873929841,65,585.023306750419,65,1311.50718408498,65,-960.537120676562
180,8,70,1190.70841584814,70,666.513442634131,70,1420.69041641674,70,-905.89384611378
180,8,75,1062.35608238385,75,742.931008767578,75,1519.06133684324,75,-844.356172388411
180,8,80,925.91857766449,80,813.694421330295,80,1605.87128326205,80,-776.392438354969
180,8,85,782.434273484176,85,878.265128024563,85,1680.45957956365,85,-702.519889067075
180,8,90,632.995172035916,90,936.151706783582,90,1742.25856377553,90,-623.300739230274
185,8,0,-1556.41863997756,0,836.962657265804,0,739.817133425645,0,858.63413412224
185,8,5,-1610.88228049986,5,750.962277618997,5,598.639752723435,5,932.87723497366
185,8,10,-1653.85466786301,10,657.05949837113,10,452.593107764775,10,998.963954385608
185,8,15,-1684.79005341687,15,556.119817269005,15,302.528101517108,15,1055.92662192243
185,8,20,-1703.19279502644,20,449.131386776772,20,149.374779974224,20,1102.90165096087
185,8,25,-1708.63201729417,25,337.190653908325,25,-5.85842718170093,25,1139.14474783778
185,8,30,-1700.75656185432,30,221.486571579537,30,-162.088556584909,30,1164.04402161835
185,8,35,-1679.30953519164,35,103.283639124528,35,-318.165056834444,35,1177.13104757832
185,8,40,-1644.14179248955,40,-16.0960591305728,40,-472.879675677001,40,1178.08994211319
185,8,45,-1595.22376309708,45,-135.291721424505,45,-624.97899329579,45,1166.764473157
185,8,50,-1532.65511919298,50,-252.923550773026,50,-773.179190277547,50,1143.16316734533
185,8,55,-1456.67190577537,55,-367.613286874688,55,-916.182553183019,55,1107.4622963127
185,8,60,-1367.65087842091,60,-478.00546764369,60,-1052.69516787657,60,1060.00654547122
185,8,65,-1266.11092671056,65,-582.789265712021,65,-1181.44523110025,65,1001.30710573787
185,8,70,-1152.71158781244,70,-680.720639116061,70,-1301.20142242842,70,932.036896738156
185,8,75,-1028.24876939145,75,-770.64441060212,75,-1410.79081825329,75,853.022640191727
185,8,80,-893.647897907985,80,-851.515762796389,80,-1509.1158919935,80,765.233560482165
185,8,85,-749.954782985324,85,-922.420524446146,85,-1595.17022435163,85,669.766595734047
185,8,90,-598.32453796664,90,-982.593542670474,90,-1668.05263742595,90,567.828150769433
190,8,0,-1356.76791684483,0,997.138588809396,0,837.103199659596,0,761.489976590969
190,8,5,-1419.61868379483,5,908.268292257586,5,710.784840251406,5,855.499431918352
190,8,10,-1473.25615560923,10,808.868299400727,10,577.886602387918,10,940.588935771991
190,8,15,-1516.68354443677,15,700.047626057513,15,438.876950425556,15,1015.41522802562
190,8,20,-1548.89875443124,20,583.056848436596,20,294.413817990944,20,1078.79696031666
190,8,25,-1568.93691736637,25,459.26352223529,25,145.350449475667,25,1129.7189856796
190,8,30,-1575.91296432,30,330.132298592348,30,-7.26903172677373,30,1167.33307240364
190,8,35,-1569.06177798967,35,197.209854495129,35,-162.223661757021,35,1190.95757810211
190,8,40,-1547.7738468213,40,62.1137997979977,40,-318.138059030638,40,1200.07844417431
190,8,45,-1511.62480993364,45,-73.4761092632857,45,-473.511622509243,45,1194.35335284638
190,8,50,-1460.39777891952,50,-207.826712711144,50,-626.75267679652,50,1173.62008443325
190,8,55,-1394.09780400644,55,-339.162668605113,55,-776.21565743634,55,1137.90911921384
190,8,60,-1312.9582935319,60,-465.682552262817,60,-920.239461574462,60,1087.45947671216
190,8,65,-1217.4395910806,65,-585.581719772276,65,-1057.18520076237,65,1022.73582190282
190,8,70,-1108.22026833986,70,-697.082978186883,70,-1185.47176416253,70,944.444135086565
190,8,75,-986.182009244303,75,-798.475032214478,75,-1303.60782373376,75,853.542855362868
190,8,80,-852.389240725824,80,-888.157519020825,80,-1410.21918884448,80,751.246435988107
190,8,85,-708.064894443027,85,-964.690358270309,85,-1504.07074880311,85,639.018703651661
190,8,90,-554.563838780254,90,-1026.84428514304,90,-1584.08262468942,90,518.554240883714
195,8,0,-1155.75415036043,0,1106.39935495172,0,919.646285804126,0,650.233092021538
195,8,5,-1229.37590003318,5,1014.56210143256,5,809.405723120691,5,759.605631412836
195,8,10,-1296.08090942183,10,910.789460938072,10,690.326648414633,10,859.073774531843
195,8,15,-1354.22436914903,15,796.488740685982,15,562.478921093583,15,947.234097300457
195,8,20,-1402.1079726684,20,673.133255334708,20,426.29764910204,20,1022.93129369734
195,8,25,-1438.06888678513,25,542.223159432398,25,282.587988682097,25,1085.21880760007
195,8,30,-1460.56416508635,30,405.267739994258,30,132.507034332298,30,1133.31273806985
195,8,35,-1468.24548146915,35,263.789227643589,35,-22.4734798284721,35,1166.54790094248
195,8,40,-1460.02084436416,40,119.34504514554,40,-180.619028628776,40,1184.34465359041
195,8,45,-1435.10159877435,45,-26.4375047057296,45,-339.993910440691,45,1186.19364933596
195,8,50,-1393.03426356493,50,-171.822383542609,50,-498.528259042348,50,1171.66316003395
195,8,55,-1333.71748685711,55,-314.931304349115,55,-654.086767705735,55,1140.43024038337
195,8,60,-1257.40470725346,60,-453.724988219358,60,-804.536114565044,60,1092.3332244855
195,8,65,-1164.69318243315,65,-586.007108944423,65,-947.808557901682,65,1027.43938629695
195,8,70,-1056.50013281207,70,-709.456032042521,70,-1081.95940657462,70,946.118642663055
195,8,75,-934.02704599006,75,-821.685701400248,75,-1205.21614857677,75,849.112443162578
195,8,80,-798.713785965123,80,-920.332879110793,80,-1316.01711065757,80,737.586810400823
195,8,85,-652.184998980722,85,-1003.16404458673,85,-1413.03781222236,85,613.159947044682
195,8,90,-496.19223260935,90,-1068.19222439114,90,-1495.2038022521,90,477.897708632151
200,8,0,-963.357342770759,0,1169.84245293262,0,983.041344970424,0,532.403738352456
200,8,5,-1049.87210976482,5,1075.60664441909,5,889.635497003096,5,652.325840416049
200,8,10,-1131.69405703285,10,969.159385766328,10,784.516102768625,10,761.041825910402
200,8,15,-1206.31746615093,15,852.254664665569,15,667.369366583643,15,857.409768580116
200,8,20,-1271.15968688513,20,726.543922888592,20,538.504472395721,20,940.665652630303
200,8,25,-1323.71684898774,25,593.51539739095,25,398.838786896685,25,1010.30541407613
200,8,30,-1361.6998755677,30,454.482607009669,30,249.841245450977,30,1065.95266663674
200,8,35,-1383.14340396763,35,310.623069463619,35,93.4461051343792,35,1107.23164980454
200,8,40,-1386.48588893611,40,163.061584658062,40,-68.0502388639712,40,1133.66533333593
200,8,45,-1370.62342445492,45,12.9855800563024,45,-232.098596347296,45,1144.6164129334
200,8,50,-1334.94185243261,50,-138.225884213969,50,-396.005043329363,50,1139.28396309739
200,8,55,-1279.33143851251,55,-288.881658624532,55,-557.033756986176,55,1116.76105101232
200,8,60,-1204.1864128287,60,-436.889509983784,60,-712.503232080216,60,1076.14949608884
200,8,65,-1110.38910128699,65,-579.718543218319,65,-859.875462078251,65,1016.71854895662
200,8,70,-999.276415840125,70,-714.426478966015,70,-996.837066079382,70,938.086239395785
200,8,75,-872.586042745336,75,-837.756034780464,75,-1121.36973497397,75,840.397122694592
200,8,80,-732.381111038543,80,-946.294295186858,80,-1231.80566103601,80,724.469274235168
200,8,85,-580.95514443812,85,-1036.67924534603,85,-1326.86271117421,85,591.886971927664
200,8,90,-420.722898079336,90,-1105.8303125671,90,-1405.65461612684,90,445.022976096669
205,8,0,-787.156670549597,0,1194.7270209454,0,1024.62681993409,0,416.834498177999
205,8,5,-888.107117761717,5,1099.29245068438,5,948.417324294109,5,542.332203325353
205,8,10,-986.397186056334,10,992.265092208094,10,856.95838439974,10,654.93977157263
205,8,15,-1078.46459984966,15,875.764321983958,15,749.610734821926,15,754.063261679839
205,8,20,-1160.69997322136,20,751.570383885436,20,626.710735144627,20,839.668624168803
205,8,25,-1229.68560372382,25,621.034353476768,25,489.5040654265,25,912.055273552208
205,8,30,-1282.38096137683,30,485.072021147819,30,340.01204264157,30,971.601120847963
205,8,35,-1316.24806149194,35,344.246717583507,35,180.860382683663,35,1018.51249579196
205,8,40,-1329.32365201423,40,198.934616260875,40,15.0986622497642,40,1052.61501062945
205,8,45,-1320.25418436948,45,49.5530011107566,45,-153.968877954288,45,1073.21976750793
205,8,50,-1288.31178162159,50,-103.180485434917,50,-322.931251875793,50,1079.09229543806
205,8,55,-1233.40488860875,55,-257.998757336556,55,-488.397601278937,55,1068.5388581879
205,8,60,-1156.08813987075,60,-412.890658936906,60,-647.10975521658,60,1039.6072883896
205,8,65,-1057.56578492374,65,-565.000462437067,65,-796.04839325462,65,990.379912009297
205,8,70,-939.675526417292,70,-710.648638720009,70,-932.536915329425,70,919.318370017262
205,8,75,-804.837519744731,75,-845.482548217778,75,-1054.34033973823,75,825.608432093181
205,8,80,-655.957284811329,80,-964.744730989237,80,-1159.7497260839,80,709.450358826117
205,8,85,-496.280100483749,85,-1063.62725041349,85,-1247.63848110233,85,572.24795750747
205,8,90,-329.205405688173,90,-1137.66679760774,90,-1317.47707366664,90,416.665635327246
210,8,0,-632.158637011137,0,1190.15528721192,0,1043.87606922414,0,312.371694062797
210,8,5,-747.985686631719,5,1095.32079481235,5,984.813844607324,5,438.53968216732
210,8,10,-862.834860419025,10,990.022631665272,10,906.330722638222,10,549.733553714183
210,8,15,-971.972766995789,15,876.722281760168,15,807.566154743231,15,646.131165912324
210,8,20,-1070.72829240404,20,757.287098153825,20,689.085519136013,20,728.702389064516
210,8,25,-1154.81880663952,25,632.859611068914,25,552.72023569545,25,798.854317880472
210,8,30,-1220.56641864664,30,503.846136293752,30,401.307849113533,30,858.027285083774
210,8,35,-1265.00292810966,35,370.039885546994,35,238.39185063921,35,907.289899488543
210,8,40,-1285.88944109957,40,230.876108712126,40,67.9353631850222,40,946.98768232292
210,8,45,-1281.69358875204,45,85.7941798090181,45,-105.915641658404,45,976.501206987934
210,8,50,-1251.56888628705,50,-65.3418524109864,50,-279.008695577277,50,994.163012751041
210,8,55,-1195.366786368,55,-221.831222870055,55,-447.312614485536,55,997.365296281556
210,8,60,-1113.68757725558,60,-381.807660749246,60,-607.02204604959,60,982.862187608232
210,8,65,-1007.95032963509,65,-542.061617897147,65,-754.66465375438,65,947.235122251739
210,8,70,-880.443912055174,70,-698.059217759858,70,-887.225529094853,70,887.455369851743
210,8,75,-734.316894607534,75,-844.170573902538,75,-1002.28562124033,75,801.45383580498
210,8,80,-573.474894252974,80,-974.083574502282,80,-1098.15389640097,80,688.602409520768
210,8,85,-402.3753313508,85,-1081.34754959601,85,-1173.96298675392,85,550.02570138105
210,8,90,-225.734374279176,90,-1159.97089309492,90,-1229.69855032549,90,388.693129723656
215,8,0,-500.637587152062,0,1166.44704831652,0,1042.21415903303,0,226.469017334809
215,8,5,-630.131087608174,5,1074.48940652153,5,999.749403388859,5,348.700077492338
215,8,10,-759.837521351744,10,973.197744840822,10,933.188018826729,10,453.507218039646
215,8,15,-883.895837495096,15,865.327545941807,15,841.588333698756,15,541.9893389112
215,8,20,-996.696906720356,20,752.833092252286,20,725.969927881455,20,616.30690499733
215,8,25,-1093.28402148445,25,636.672297921836,25,589.017174957806,25,679.189818047164
215,8,30,-1169.56847480153,30,516.762010395262,30,434.641664157229,30,733.37294075455
215,8,35,-1222.36753732076,35,392.120680857104,35,267.506627742972,35,781.020532008036
215,8,40,-1249.31939463895,40,261.207515452316,40,92.6058698132473,40,823.210422553045
215,8,45,-1248.75992747871,45,122.428900906638,45,-85.0452101329154,45,859.55562756097
215,8,50,-1219.64765924059,50,-25.2577691903645,50,-260.596132208781,50,888.039965575507
215,8,55,-1161.59348269409,55,-181.745135787341,55,-429.458172018078,55,905.127123224343
215,8,60,-1075.0008764216,60,-345.297485562309,60,-587.368754715162,60,906.164080593187
215,8,65,-961.269136416634,65,-512.29614600144,65,-730.479191504682,65,886.043182028801
215,8,70,-822.976721669077,70,-677.273906346821,70,-855.496915836381,70,840.02638745604
215,8,75,-663.956826565864,75,-833.249213943503,75,-959.876766845354,75,764.590398166194
215,8,80,-489.203025795475,80,-972.314532985538,80,-1042.02214771782,80,658.139196388802
215,8,85,-304.587938863229,85,-1086.38955580528,85,-1101.43861384866,85,521.456267793419
215,8,90,-116.425323335306,90,-1168.02768193885,90,-1138.78519874221,90,357.823773123326
220,8,0,-392.3118825213,0,1134.09206690697,0,1022.47477526525,0,164.120634022198
220,8,5,-532.330456664266,5,1047.510936974,5,995.448833666405,5,278.341631182648
220,8,10,-673.221540464756,10,952.173823359795,10,939.387299384583,10,372.405454119311
220,8,15,-808.251695170499,15,851.101331191283,15,853.423719891105,15,448.404863009576
220,8,20,-931.166687293275,20,746.418882479787,20,739.244282046859,20,509.781296726676
220,8,25,-1036.63811642782,25,639.048517918199,25,600.623001637429,25,560.695386467625
220,8,30,-1120.44776485351,30,528.57946347413,30,442.763784829345,30,605.306634616106
220,8,35,-1179.42069338057,35,413.394185953638,35,271.607619038853,35,647.033031743822
220,8,40,-1211.19299632347,40,291.079585739677,40,93.2492227900165,40,687.869414817015
220,8,45,-1213.95398611059,45,159.087814925408,45,-86.4485624520565,45,727.856576578594
220,8,50,-1186.30823262041,50,15.5439116245891,50,-262.0330322809,50,764.805094468993
220,8,55,-1127.35136217843,55,-139.953023922873,55,-428.495261234264,55,794.371063418254
220,8,60,-1036.96173553081,60,-305.70455702994,60,-581.26171077187,60,810.537729450124
220,8,65,-916.214590617976,65,-477.605835273765,65,-716.241296265997,65,806.475244232889
220,8,70,-767.765114136751,70,-649.233615902144,70,-829.980999703674,70,775.651865301911
220,8,75,-596.045538093832,75,-812.322062555691,75,-919.919761635984,75,712.991489606306
220,8,80,-407.176031148279,80,-957.541914431852,80,-984.674128949567,80,615.848250673026
220,8,85,-208.574061032038,85,-1075.4502367092,85,-1024.26097120141,85,484.610183368704
220,8,90,-8.32714367645467,90,-1157.4659522529,90,-1040.17055613688,90,322.833899077397
225,8,0,-304.971409780616,0,1102.44843525692,0,988.27333816569,0,127.451770205834
225,8,5,-450.632888692481,5,1023.63069285767,5,974.857170538931,5,230.337027367054
225,8,10,-597.405120662611,10,935.623433914888,10,927.517333695638,10,310.169519705336
225,8,15,-738.148277849702,15,841.74745554449,15,845.615582720737,15,370.032466005605
225,8,20,-866.384906052072,20,744.489543003741,20,731.671922484648,20,414.641165117602
225,8,25,-976.760100129533,25,645.00224188725,25,590.720500219129,25,449.583538275372
225,8,30,-1065.18194273031,30,542.815938768306,30,429.407211147808,30,480.46306242327
225,8,35,-1128.63782273244,35,435.903930939518,35,255.049862010485,35,512.020844913184
225,8,40,-1164.79563473517,40,321.159741955755,40,74.8694629416513,40,547.310476290521
225,8,45,-1171.59383333678,45,195.236193824131,45,-104.478693506854,45,587.015989954829
225,8,50,-1147.04433653735,50,55.5876902530618,50,-277.063799520896,50,629.036454485304
225,8,55,-1089.39351341873,55,-98.515032331273,55,-437.627383111948,55,668.479749146227
225,8,60,-997.635796632374,60,-265.237348751941,60,-581.478086409626,60,698.172848450894
225,8,65,-872.217649695437,65,-439.878525463035,65,-704.480219028077,65,709.689642117652
225,8,70,-715.677305469036,70,-615.080854191402,70,-803.213434666946,70,694.74814198328
225,8,75,-532.976907048612,75,-781.493464730547,75,-875.285959140426,75,646.700427697121
225,8,80,-331.387728739618,80,-928.74292410562,80,-919.702847630391,80,561.792677281356
225,8,85,-119.934402898086,85,-1046.52765925985,85,-937.153322598742,85,439.931567310193
225,8,90,91.4730595515597,90,-1125.67213458529,90,-930.096680496393,90,284.829115265519
230,8,0,-235.394980006516,0,1078.54790269842,0,943.473181619519,0,116.018082571779
230,8,5,-380.715262389619,5,1009.47676442601,5,941.18993864161,5,205.123944360037
230,8,10,-527.192792401537,10,929.539088092276,10,900.466228116619,10,268.261847102593
230,8,15,-667.896149848529,15,842.466601388728,15,821.034195155005,15,309.424342317998
230,8,20,-796.602271605537,20,751.376534061652,20,706.355680063938,20,334.499231008485
230,8,25,-908.246169765706,25,657.979818222523,25,562.811090778962,25,350.396637823531
230,8,30,-999.032601924634,30,562.050102407985,30,398.552504111542,30,364.085321799111
230,8,35,-1066.15563961485,35,461.385192378815,35,222.305428455952,35,381.619045370085
230,8,40,-1107.23956932746,40,352.359931997343,40,42.4006090222646,40,407.207871706089
230,8,45,-1119.77619411288,45,230.991322074759,45,-133.786767698895,45,442.402349598077
230,8,50,-1100.88357766604,50,94.2660531676625,50,-299.976948723537,50,485.518214683649
230,8,55,-1047.5995383297,55,-58.6187518248651,55,-450.843141862748,55,531.491154971192
230,8,60,-957.691222582013,60,-225.433836349297,60,-581.802631808999,60,572.342544985905
230,8,65,-830.721785074963,65,-400.716897093642,65,-688.936591990627,65,598.313604245072
230,8,70,-668.984966929985,70,-576.205180403849,70,-769.136409107616,70,599.517338993399
230,8,75,-477.957267722175,75,-741.74598292804,75,-820.450041570162,75,567.761330280428
230,8,80,-266.097202019018,80,-886.442944333597,80,-842.50204893708,80,498.112048434285
230,8,85,-44.0487672698557,85,-999.806286349339,85,-836.818696115375,85,389.844550392827
230,8,90,176.521758412716,90,-1072.75232601928,90,-806.91164467516,90,246.60983136247
235,8,0,-180.248357343616,0,1066.38974025087,0,891.772146644344,0,127.609532641194
235,8,5,-319.012652333231,5,1008.518967308,5,897.608121489899,5,201.379114972891
235,8,10,-459.049856620685,10,936.931630694827,10,861.112413804878,10,246.384062585093
235,8,15,-594.300637947733,15,855.917951926019,15,782.529091360787,15,267.368112020152
235,8,20,-719.255028297214,20,769.494259027568,20,666.321880237772,20,271.205658758762
235,8,25,-829.383684239901,25,680.226115351302,25,520.225093223752,25,265.945819625332
235,8,30,-921.259866049511,30,588.378766304486,30,353.875426075347,30,259.779381539768
235,8,35,-992.225103712636,35,491.742083413963,35,177.366065865658,35,260.013511356898
235,8,40,-1039.69309647139,40,386.283678834625,40,0.0791567927022063,40,272.082519577194
235,8,45,-1060.44522495593,45,267.510460980358,45,-169.97337349362,45,298.623108377495
235,8,50,-1050.36887819581,50,132.153101865827,50,-326.282765607249,50,338.727294501556
235,8,55,-1004.93720736917,55,-20.3508467077579,55,-463.6275057891,55,387.603083693265
235,8,60,-920.388999352423,60,-187.030944592133,60,-577.776430330094,60,436.910900181128
235,8,65,-795.220073437945,65,-361.419333710458,65,-665.340942277303,65,475.917822817713
235,8,70,-631.428328322231,70,-534.343007711975,70,-723.881824533554,70,493.344141114393
235,8,75,-435.043755637336,75,-695.149969252778,75,-752.234518755138,75,479.49845045708
235,8,80,-215.760462775367,80,-832.999728547235,80,-750.914953880137,80,428.161000233047
235,8,85,14.1836919207525,85,-937.951772061124,85,-722.430612127272,85,337.75099537258
235,8,90,241.514244160911,90,-1001.75137753078,90,-671.344700988286,90,211.553132114109
240,8,0,-136.70149590518,0,1066.94693377666,0,836.347313303845,0,159.214963111527
240,8,5,-263.294835000931,5,1021.28436667806,5,846.937879359517,5,216.840646804724
240,8,10,-391.54599087017,10,958.229597804597,10,812.0688325854,10,243.125319490158
240,8,15,-516.878350679291,15,882.738032626839,15,732.659058392025,15,243.340625190636
240,8,20,-634.883340627832,20,799.888942658151,20,614.217276446445,20,225.098521730193
240,8,25,-741.739074363672,25,713.269411607396,25,465.787928037826,25,197.36112891363
240,8,30,-834.38954738372,30,623.761233923817,30,298.401041913994,30,169.379356594081
240,8,35,-910.203317863352,35,529.2100893894,35,123.410978694426,35,149.649171169983
240,8,40,-966.167563466571,40,425.208821296703,40,-48.8518327528067,40,144.890001170639
240,8,45,-998.058764818564,45,306.834228972658,45,-209.836536156329,45,159.030026401703
240,8,50,-1000.19211999244,50,170.771726535102,50,-352.915225145439,50,192.283422233425
240,8,55,-966.146817888175,55,17.0601390675327,55,-473.128140203857,55,240.576404026373
240,8,60,-890.387503660124,60,-150.163336199237,60,-566.836267639007,60,295.677275842013
240,8,65,-770.227042187036,65,-323.098753454419,65,-631.520551456699,65,346.276658781591
240,8,70,-607.373925136419,70,-491.59542494155,70,-665.818033640555,70,379.948127791346
240,8,75,-408.477162924049,75,-644.766893771348,75,-669.748288081327,75,385.554269933626
240,8,80,-184.503328277884,80,-772.380354417124,80,-645.008351096861,80,355.45537102122
240,8,85,50.7806045867229,85,-865.749487802199,85,-595.19657224302,85,286.937557445053
240,8,90,282.689247011723,90,-918.14279011082,90,-525.839625582818,90,182.556231105869
245,8,0,-102.678543046679,0,1078.85134300097,0,779.50401223176,0,207.814010901261
245,8,5,-212.680742694685,5,1046.1992131557,5,791.37766180039,5,248.995225568516
245,8,10,-325.085355491074,10,992.161332447106,10,755.437073302073,10,256.516789747321
245,8,15,-437.281063547506,15,922.342156090655,15,673.479470551032,15,235.919819084919
245,8,20,-546.256374409016,20,842.857002575571,20,552.120334413629,20,195.278183843251
245,8,25,-649.015669306871,25,758.286151143664,25,401.656321236278,25,144.240413221429
245,8,30,-742.85041074176,30,670.098441478529,30,234.377100472775,30,92.982056559641
245,8,35,-825.023462088836,35,576.159990733966,35,62.7368995806062,35,51.1576374300403
245,8,40,-891.874614768464,40,471.669556943033,40,-102.136584626117,40,26.8465619188075
245,8,45,-937.887949498281,45,351.336070664522,45,-251.277825010612,45,25.4489503435106
245,8,50,-955.492680920114,50,212.019119920808,50,-378.050569249425,50,48.5879203665315
245,8,55,-936.096564962812,55,54.7512509733379,55,-477.896350871606,55,93.2851895213437
245,8,60,-872.210735290433,60,-114.689305440716,60,-547.988602295643,60,151.835680916819
245,8,65,-759.908718096364,65,-286.786706263845,65,-587.005901753266,65,212.733433353841
245,8,70,-600.644249690965,70,-450.283376412088,70,-595.068851335724,70,262.659484071076
245,8,75,-401.736632210764,75,-594.25148760767,75,-573.781194690206,75,289.099081815202
245,8,80,-175.414796273377,80,-709.526379247919,80,-526.302925282139,80,282.865219281647
245,8,85,63.1428467917145,85,-789.268591521031,85,-457.402605653098,85,239.825613301601
245,8,90,298.067634141397,90,-828.845496933532,90,-373.427569230069,90,161.428180976557
250,8,0,-76.8321884605069,0,1099.4938144632,0,722.343822130703,0,270.785689762068
250,8,5,-167.318577517542,5,1080.73036301481,5,732.204656494556,5,295.453700378697
250,8,10,-261.298197688671,10,1036.7800081284,10,692.581655254624,10,284.360813922264
250,8,15,-358.442751369797,15,973.707847029959,15,606.396025136859,15,243.070453573486
250,8,20,-457.339482314739,20,898.415956845003,20,481.473148988189,20,179.864801625735
250,8,25,-555.907022492287,25,816.242732431569,25,329.322780094242,25,104.893557254851
250,8,30,-651.766660748543,30,729.071230353843,30,163.348338768175,30,29.1798370351685
250,8,35,-741.96107139241,35,634.688641927397,35,-3.09450438691959,35,-36.4378099850307
250,8,40,-821.985540212895,40,527.879769650555,40,-158.278272593296,40,-82.4232837369326
250,8,45,-884.781872940836,45,403.076922728417,45,-292.985323692181,45,-101.760358720261
250,8,50,-920.641397506927,50,257.559751603214,50,-400.698906750908,50,-91.2240668884264
250,8,55,-918.606490435932,55,93.7554221803495,55,-477.391761386607,55,-52.4425866143353
250,8,60,-869.139445176892,60,-80.4469978074324,60,-521.235933575907,60,7.71490426517977
250,8,65,-767.071762220776,65,-253.429552986738,65,-532.3849092021,65,77.8625160783452
250,8,70,-613.637564671727,70,-412.665300709168,70,-512.793845942167,70,144.035314513882
250,8,75,-416.825061102687,75,-547.296729524159,75,-466.001231160029,75,192.443993044962
250,8,80,-190.0347314416,80,-649.555998277054,80,-396.879376688721,80,212.27714907472
250,8,85,50.3315421434474,85,-714.876666915553,85,-311.434342469877,85,197.741792683123
250,8,90,287.475283541284,90,-741.129222118553,90,-216.69352090545,90,148.824789259736
255,8,0,-58.4226616178985,0,1126.17109757327,0,664.529539570079,0,345.885258297161
255,8,5,-128.023386837096,5,1122.45414284139,5,669.549425833139,5,353.970194635183
255,8,10,-202.475964414557,10,1090.31879218037,10,623.970603600084,10,324.300607397882
255,8,15,-283.884719989883,15,1035.93180755682,15,532.102928066678,15,262.278048284912
255,8,20,-372.550379808057,20,966.542663769768,20,403.12426798937,20,176.212536973821
255,8,25,-467.371220530243,25,887.84843287258,25,249.752987667797,25,76.645598101991
255,8,30,-566.291098687998,30,801.872966576014,30,86.3718336697817,30,-24.5580006019491
255,8,35,-666.039688961512,35,706.207218147706,35,-72.9771018621431,35,-115.29807606148
255,8,40,-761.103959261179,40,595.252816366477,40,-216.200929210681,40,-184.474044672166
255,8,45,-842.693895978425,45,463.329537107713,45,-334.034360498107,45,-223.358979113038
255,8,50,-898.808324551454,50,308.422470443381,50,-420.23721113835,50,-227.044460092497
255,8,55,-916.051096136378,55,134.729887733547,55,-471.443113902993,55,-195.701228413337
255,8,60,-882.847818958199,60,-47.3518237212172,60,-486.967781494434,60,-135.191987838923
255,8,65,-792.838697529345,65,-223.787093825171,65,-468.635228817485,65,-56.553347025617
255,8,70,-647.052876112552,70,-380.62910542712,70,-420.481317649326,70,25.8353262685998
255,8,75,-454.064718981964,75,-507.126244469726,75,-348.233787865324,75,97.0623858471656
255,8,80,-228.251465929807,80,-597.080196644672,80,-258.67321561525,80,144.698510083648
255,8,85,13.0317411483053,85,-648.422304498355,85,-159.117554463686,85,161.128496768167
255,8,90,252.336582789455,90,-661.725556856302,90,-57.1916035327438,90,144.576010134442
260,8,0,-47.2617826685445,0,1156.9557082008,0,604.240730337977,0,430.878391544349
260,8,5,-96.080192187716,5,1169.77140650136,5,602.322408769029,5,422.169804715183
260,8,10,-151.275306150946,10,1151.68311886061,10,549.135529006657,10,373.67228071708
260,8,15,-217.382780481273,15,1108.47593491332,15,450.619260375055,15,290.545440922086
260,8,20,-296.452027923986,20,1047.19495746841,20,317.457695383541,20,181.059892796448
260,8,25,-388.39641578842,25,973.408700967624,25,163.600034691958,25,56.1364674006582
260,8,30,-491.468154311665,30,888.965878591127,30,4.29490798800328,30,-71.4590894895232
260,8,35,-601.99675266189,35,791.167891166169,35,-145.942058928987,35,-188.26044832059
260,8,40,-713.327724796317,40,674.148852541382,40,-274.905706729151,40,-281.511048685786
260,8,45,-814.827077887271,45,532.376897936789,45,-373.519900509169,45,-340.743062221518
260,8,50,-892.176199797345,50,364.865542691781,50,-436.008423132224,50,-359.393671464468
260,8,55,-929.621967695078,55,177.89589690395,55,-459.801478813611,55,-336.207884809399
260,8,60,-913.693197283416,60,-15.376018590751,60,-445.462994584127,60,-276.004116468385
260,8,65,-836.943126080204,65,-198.325283025779,65,-396.588074307819,65,-189.327866813388
260,8,70,-700.17611018188,70,-355.492554009765,70,-319.408066378132,70,-90.7585156013349
260,8,75,-512.372950370838,75,-476.19987976546,75,-221.969736142258,75,3.87335451470568
260,8,80,-288.580742230798,80,-555.817224372387,80,-113.088282981392,80,80.6188593417377
260,8,85,-46.7557800678083,85,-594.771814673717,85,-1.48129384095943,85,129.972334188526
260,8,90,195.305125088687,90,-596.313078554259,90,104.624657519341,90,148.154741448339
265,8,0,-43.794702410189,0,1191.10694239361,0,538.379127241857,0,523.002049171678
265,8,5,-73.275699313787,5,1222.14296295332,5,528.351776157433,5,497.117481728984
265,8,10,-110.725936606469,10,1220.52201483264,10,466.791275429878,10,429.229122438924
265,8,15,-162.983377029648,15,1191.10674289265,15,361.432966920363,15,324.296120609064
265,8,20,-233.805681090139,20,1140.16272901233,20,224.585360720323,20,190.612619408953
265,8,25,-324.111322617695,25,1072.63772712267,25,71.4472573264262,25,39.5654780948487
265,8,30,-432.415101770701,30,989.905434806373,30,-81.9669373069367,30,-115.074302706058
265,8,35,-554.545529767794,35,888.940096876178,35,-220.866408239809,35,-258.379884127152
265,8,40,-682.600759692261,40,763.820460773857,40,-333.182486480368,40,-375.898710110928
265,8,45,-804.081525274973,45,609.517041736157,45,-410.275285981825,45,-455.469999790606
265,8,50,-902.478213233734,50,426.411105052092,50,-447.038261928954,50,-489.001470991948
265,8,55,-959.93429727983,55,223.071546828218,55,-441.839695590115,55,-473.949367037243
265,8,60,-961.354561518701,60,15.4655978311455,60,-396.562616865331,60,-414.148468253585
265,8,65,-898.358052342379,65,-177.218229646059,65,-316.585210588292,65,-319.57927584809
265,8,70,-771.463713449108,70,-338.005824020706,70,-210.318581651472,70,-204.824118979938
265,8,75,-589.783204652833,75,-456.197423724353,75,-88.1272394266926,75,-86.3925406199659
265,8,80,-368.625649259623,80,-528.540686859567,80,39.0943131516283,80,20.4188544766075
265,8,85,-126.132340593394,85,-557.710298326321,85,161.141915338405,85,104.227193801451
265,8,90,119.855362254422,90,-549.369497626416,90,269.105654548298,90,159.074709283241
270,8,0,-49.2969041028531,0,1229.00418181905,0,463.021650278496,0,618.443689757525
270,8,5,-62.096084915909,5,1279.86743538231,5,444.746753563058,5,574.88641397667
270,8,10,-84.4394904443239,10,1296.92154349419,10,375.131798512017,10,486.852520516117
270,8,15,-125.227601758925,15,1283.57138568905,15,263.759744418891,15,359.252424049268
270,8,20,-189.808471571656,20,1244.77416496054,20,124.595011977797,20,200.584190111398
270,8,25,-280.035066430868,25,1184.42482281501,25,-25.9418473922255,25,22.8675161332097
270,8,30,-394.590799792393,30,1103.18619845884,30,-171.179159972244,30,-159.002246901712
270,8,35,-528.681664542863,35,997.744116461144,35,-296.231281700672,35,-328.591158562889
270,8,40,-673.085148356595,40,862.421876047403,40,-389.388291338805,40,-469.793353466052
270,8,45,-813.516482495972,45,693.109521211571,45,-442.675728949667,45,-568.88910738354
270,8,50,-931.555999054672,50,491.873757780312,50,-451.859130301637,50,-616.454397309745
270,8,55,-1007.65924458205,55,269.634439277341,55,-416.385486487591,55,-608.853501629268
270,8,60,-1025.49454843835,60,44.9934741983514,60,-339.504159300177,60,-549.049743301014
270,8,65,-975.935187914494,65,-160.539811848864,65,-228.321696745329,65,-446.42506558877
270,8,70,-859.116965694686,70,-328.576328884786,70,-93.3060951653245,70,-315.386606196447
270,8,75,-683.93335031022,75,-448.238299254318,75,52.9807837255418,75,-172.872076992635
270,8,80,-465.481713032244,80,-517.265195521556,80,197.611854623354,80,-35.3144819856483
270,8,85,-221.646912831859,85,-540.076386544487,85,328.842594485288,85,84.0973828985932
270,8,90,29.9576380299184,90,-524.252228068416,90,436.964157631736,90,177.114167709106
275,8,0,-66.1062307458984,0,1271.70743903173,0,374.055428216545,0,712.00821615643
275,8,5,-65.9636832374428,5,1343.52452911655,5,348.449342514931,5,650.277260748682
275,8,10,-76.8557278274427,10,1380.82300043872,10,272.288164502728,10,541.369509080333
275,8,15,-109.39872350919,15,1385.06709664497,15,156.915773038925,15,390.37340954086
275,8,20,-170.32607552946,20,1359.46012014537,20,17.8566449581039,20,206.247650444934
275,8,25,-262.282863853316,25,1306.50780382124,25,-127.363393465671,25,1.85144194932925
275,8,30,-383.978134187103,30,1226.02013042475,30,-261.559797579152,30,-206.697841540032
275,8,35,-529.866166779128,35,1114.51765252841,35,-369.919742672976,35,-401.489965963417
275,8,40,-689.380880723925,40,966.930972814355,40,-441.273228514353,40,-564.908515572715
275,8,45,-846.638374178625,45,780.501253019081,45,-468.497271651882,45,-681.892364271263
275,8,50,-981.725227561159,50,559.231369507623,50,-448.404678524581,50,-741.93043084645
275,8,55,-1073.94652487253,55,316.295738088313,55,-381.64964651059,55,-740.509507836688
275,8,60,-1106.19608297691,60,72.5378709673283,60,-272.880106963419,60,-679.843521151534
275,8,65,-1068.80799471197,65,-148.650563966617,65,-130.836867354265,65,-568.699720065024
275,8,70,-961.41712547589,70,-327.657828210499,70,32.151344012564,70,-421.155618110723
275,8,75,-792.322458352225,75,-453.219633856467,75,201.543643990155,75,-254.342483574292
275,8,80,-575.930112984053,80,-523.504241299525,80,362.526323619634,80,-85.6113402273824
275,8,85,-329.460334891003,85,-543.93919156477,85,501.833759068423,85,70.1536944857384
275,8,90,-70.1006424845828,90,-523.31848786901,90,608.866579164964,90,202.368792554455
280,8,0,-97.8010604102298,0,1320.30619096703,0,267.880863909881,0,797.08740366548
280,8,5,-89.3837385435273,5,1413.25209737804,5,236.888925327497,5,716.805766189293
280,8,10,-93.365512147579,10,1471.3002001503,10,156.895229632598,10,586.583558713666
280,8,15,-121.617700455146,15,1493.58011734539,15,40.7790265539703,15,411.941094700418
280,8,20,-181.949119122667,20,1481.19186630951,20,-94.6173380576568,20,202.570514636621
280,8,25,-277.574956137913,25,1435.02018982364,25,-230.894794709564,25,-27.6381921851237
280,8,30,-407.051330627443,30,1353.98214226408,30,-350.559088663305,30,-261.307548409459
280,8,35,-563.973813195515,35,1234.6319212037,35,-439.036256906847,35,-479.176568340367
280,8,40,-736.486372939454,40,1072.89426850459,40,-485.833615829482,40,-662.360366528698
280,8,45,-907.397663989281,45,867.750450272006,45,-484.808514499666,45,-794.743187509875
280,8,50,-1055.81385054405,50,625.28331334699,50,-433.949989991267,50,-864.994736169663
280,8,55,-1160.48799364688,55,360.673350125014,55,-335.222090967514,55,-867.928596141717
280,8,60,-1204.02329160375,60,96.4475163925949,60,-194.690579458342,60,-805.11791096766
280,8,65,-1176.42420027019,65,-142.695928167823,65,-22.6180107338952,65,-684.706888946966
280,8,70,-1076.71819232287,70,-336.182874702399,70,167.044889711637,70,-520.320191389608
280,8,75,-912.272616695907,75,-472.125478989811,75,358.072419554182,75,-329.082771849054
280,8,80,-696.396068952526,80,-548.437728267383,80,534.012606435759,80,-129.05502375525
280,8,85,-445.337914186373,85,-570.652154402631,85,680.203650661798,85,63.3307999252165
280,8,90,-175.774813188996,90,-547.93051916242,90,785.139542703613,90,235.199863065522
285,8,0,-149.25688885055,0,1375.2032191107,0,142.047705546416,0,865.965314718351
285,8,5,-137.910797114494,5,1488.01919313614,5,108.617035889536,5,767.014373676324
285,8,10,-140.19345223816,10,1565.84319411808,10,28.6692262700884,10,615.585802114369
285,8,15,-168.649760014448,15,1605.2064115239,15,-83.7283077045982,15,417.864906496775
285,8,20,-231.730912718915,20,1604.86414554379,20,-210.797380401635,20,184.50160183766
285,8,25,-332.915589986777,25,1563.95100537287,25,-333.616807738812,25,-69.4661207506776
285,8,30,-470.412491767265,30,1480.54204653754,30,-434.65488531406,30,-325.456270171209
285,8,35,-636.908097376809,35,1351.47128879985,35,-499.753667020606,35,-563.081802006647
285,8,40,-819.410482438002,40,1174.01773024247,40,-519.200820884428,40,-762.514385313387
285,8,45,-999.807734949656,45,949.193626440581,45,-487.906082986999,45,-906.917076717748
285,8,50,-1156.78791685018,50,685.174594221038,50,-405.107092207265,50,-984.413468999373
285,8,55,-1269.14652480146,55,398.780507167832,55,-274.139225902029,55,-989.328439283274
285,8,60,-1319.65375185655,60,113.579606208688,60,-102.483235549401,60,-922.68759081592
285,8,65,-1298.19126586217,65,-145.054965629093,65,98.2020834081961,65,-792.015469622123
285,8,70,-1203.12576327088,70,-355.885179838497,70,312.607251239477,70,-610.398796320516
285,8,75,-1040.66880187006,75,-506.178007112922,75,523.172742761501,75,-394.79599311057
285,8,80,-822.778639877206,80,-592.891233375394,80,712.152376407907,80,-163.775125582787
285,8,85,-564.588941582728,85,-620.713424560149,85,863.731321550926,85,64.8803579056309
285,8,90,-282.309557180063,90,-598.291081223347,90,965.586200660501,90,276.155834395926
290,8,0,-226.527973762482,0,1435.41352781302,0,-4.29120482539622,0,910.393326234144
290,8,5,-217.888454360959,5,1565.00671107089,5,-36.2101678382265,5,793.073058196187
290,8,10,-223.984549515704,10,1659.7850181804,10,-111.134644065285,10,621.340645003333
290,8,15,-257.348961769964,15,1713.604633281,15,-214.251158351686,15,402.220910490176
290,8,20,-326.518158755601,20,1722.77626630704,20,-327.339967051732,20,147.44343500019
290,8,25,-434.847024123519,25,1684.66498812642,25,-431.408803430562,25,-126.810385118593
290,8,30,-580.005002971033,30,1596.62609988233,30,-509.225470428107,30,-400.926052544219
290,8,35,-753.799671307556,35,1456.02257221191,35,-547.246655219379,35,-653.707446777536
290,8,40,-942.36675727623,40,1261.7634704107,40,-536.626255638496,40,-864.765905699482
290,8,45,-1127.13544173601,45,1017.03879116965,45,-473.353475978142,45,-1016.89939328869
290,8,50,-1286.94092177212,50,731.994016904109,50,-357.927664706301,50,-1097.95384891163
290,8,55,-1401.1611196263,55,424.654719361616,55,-195.05899879509,55,-1101.93546027534
290,8,60,-1453.13514872543,60,118.994197148892,60,6.40282474978196,60,-1029.41255633323
290,8,65,-1432.83294140132,65,-159.544616976574,65,233.553902372402,65,-887.315078195513
290,8,70,-1338.00176651974,70,-389.372044342177,70,470.010786881703,70,-688.146585612606
290,8,75,-1173.64683688212,75,-556.76400420903,75,697.271728938065,75,-448.570620325198
290,8,80,-950.3326161456,80,-657.133847722014,80,896.716141350876,80,-187.452895304605
290,8,85,-682.120099618597,85,-693.492064581171,85,1051.72520051292,85,76.3371268150511
290,8,90,-384.904340449652,90,-673.183391637074,90,1149.35697181891,90,325.920739736674
295,8,0,-336.479181026246,0,1497.88077013806,0,-170.153137436744,0,922.274955556213
295,8,5,-335.934440633889,5,1639.13080585357,5,-195.595458096748,5,787.532060591335
295,8,10,-351.097295834693,10,1745.96476506502,10,-259.509246982717,10,597.439271787264
295,8,15,-393.755538913736,15,1809.73935608706,15,-346.84371573802,15,359.952361798862
295,8,20,-471.888607941942,20,1824.42210122396,20,-439.505179568209,20,87.8673514891312
295,8,25,-588.286289527892,25,1785.72660112466,25,-518.947646346228,25,-201.642926533542
295,8,30,-739.90726740316,30,1690.46748157836,30,-568.62448646474,30,-488.225681165706
295,8,35,-917.795479487628,35,1536.74255381703,35,-575.832386029367,35,-750.269578123617
295,8,40,-1107.57316048525,40,1325.23014420155,40,-532.678075678687,40,-967.241399632923
295,8,45,-1290.71622654102,45,1061.27050657983,45,-436.228227592979,45,-1121.93361197302
295,8,50,-1446.73970989385,50,756.730740438168,50,-288.199064217733,50,-1202.17560684333
295,8,55,-1556.0646264353,55,430.392557999806,55,-94.6041175209032,55,-1201.82184621883
295,8,60,-1602.94058354917,60,106.076851855063,60,134.455143935499,60,-1121.08475534026
295,8,65,-1577.65628153817,65,-191.221314024024,65,385.03122484283,65,-966.351844467524
295,8,70,-1477.50229110286,70,-439.875396135975,70,639.981128215718,70,-749.531235441802
295,8,75,-1306.42513840679,75,-625.16297998109,75,880.279058955058,75,-486.880118227902
295,8,80,-1073.76815877222,80,-740.610696223847,80,1086.8953322305,80,-197.32809042457
295,8,85,-792.725425616068,85,-786.994040423093,85,1242.83034573,85,99.512608038455
295,8,90,-479.075817534875,90,-769.797608103202,90,1334.81546620052,90,385.301627538954
300,8,0,-486.042404312146,0,1556.78571810137,0,-352.660348793514,0,894.261018837528
300,8,5,-498.125097098652,5,1702.68263408339,5,-365.709407947512,5,744.01837543333
300,8,10,-526.640993511833,10,1814.6514546474,10,-411.781908318156,10,538.822948808054
300,8,15,-581.954646509166,15,1882.01968339566,15,-476.138906675986,15,287.556398677309
300,8,20,-670.852355759703,20,1896.77558356753,20,-541.412974985736,20,3.92420643957786
300,8,25,-795.126346854648,25,1853.27622117514,25,-590.050440997352,25,-294.20798677329
300,8,30,-950.898282652932,30,1748.03044854544,30,-606.604342649269,30,-586.153152229738
300,8,35,-1128.63705970482,35,1580.00390486987,35,-579.462320414414,35,-850.334735407526
300,8,40,-1313.87010507226,40,1351.61678642821,40,-501.783154845495,40,-1066.50269560006
300,8,45,-1488.63131578691,45,1070.14999903779,45,-371.69275020451,45,-1217.79547257722
300,8,50,-1633.59314466311,50,748.836587300549,50,-192.024228639704,50,-1292.28052843333
300,8,55,-1730.6007154241,55,406.782010986725,55,30.064173032594,55,-1283.83255753089
300,8,60,-1765.10928397075,60,67.2103398721574,60,283.431600131574,60,-1192.42525507065
300,8,65,-1727.98895503562,65,-245.738600273812,65,553.363753837171,65,-1023.97670826549
300,8,70,-1616.35500402899,70,-510.721907885992,70,822.313844789513,70,-789.804415661661
300,8,75,-1433.41440527738,75,-712.19479531058,75,1071.16605782144,75,-505.648532387231
300,8,80,-1187.62412058607,80,-841.790521816661,80,1280.9611453998,80,-190.238798831125
300,8,85,-891.601647965625,85,-897.882334068478,85,1434.77754049266,85,136.483489588888
300,8,90,-561.166773246593,90,-883.854083248745,90,1519.37665095202,90,455.227801649764
305,8,0,-680.948420405313,0,1602.89599611256,0,-546.973913475903,0,820.118938545585
305,8,5,-708.806432996014,5,1745.06553178611,5,-541.025099973451,5,657.687525980917
305,8,10,-753.298742453933,10,1853.69447760477,10,-561.929425597603,10,442.257697583005
305,8,15,-822.862670659503,15,1916.82794364661,15,-595.822434500194,15,183.528300726594
305,8,20,-922.591048753831,20,1925.11833359327,20,-626.657013149586,20,-104.175108615049
305,8,25,-1052.95179927008,25,1872.05801043969,25,-638.410473090663,25,-402.716155111375
305,8,30,-1209.18844860423,30,1754.14650535708,30,-617.154187497454,30,-691.560675232785
305,8,35,-1381.44225864169,35,1571.27519673804,35,-552.63461180664,35,-949.650125140239
305,8,40,-1555.58114647142,40,1327.41827245219,40,-439.176614982648,40,-1157.44293222465
305,8,45,-1714.67528649245,45,1031.42515944756,45,-275.93770323501,45,-1298.76155917992
305,8,50,-1840.9647545147,50,697.452871441661,50,-66.7182448147995,50,-1362.15993813927
305,8,55,-1918.0328596005,55,344.522027882508,55,180.425180520272,55,-1341.70915585234
305,8,60,-1932.80666430749,60,-5.08251132369616,60,453.627989923399,60,-1237.26868996284
305,8,65,-1877.02970535693,65,-328.390493571172,65,737.773240246218,65,-1054.36303620569
305,8,70,-1748.00314965364,70,-604.68055959452,70,1015.31505997696,70,-803.719348951478
305,8,75,-1548.60813660032,75,-817.95144727665,75,1267.49155353609,75,-500.43712624805
305,8,80,-1286.80815140395,80,-958.283198750121,80,1475.88507524865,80,-162.75675025381
305,8,85,-974.909367617983,85,-1021.8879036638,85,1624.11315925283,85,189.511534568285
305,8,90,-628.80176114632,90,-1010.14052448544,90,1699.35670921461,90,536.710729813547
310,8,0,-923.871231704027,0,1623.18140080935,0,-746.060533190737,0,694.912067742797
310,8,5,-968.98431257934,5,1752.72050545035,5,-714.391805103884,5,525.383892505626
310,8,10,-1029.96508372666,10,1848.8730943223,10,-702.931462620958,10,306.446434946425
310,8,15,-1113.08568183357,15,1899.32531434479,15,-699.231459878849,15,48.3999408637136
310,8,20,-1221.5027802986,20,1894.24940830216,20,-689.113503788662,20,-234.207113058422
310,8,25,-1354.24088937156,25,1826.92532757734,25,-658.581028522976,25,-523.475381897397
310,8,30,-1505.75851087034,30,1694.19239747725,30,-595.61920731535,30,-799.558549639386
310,8,35,-1666.17069992772,35,1496.86930427443,35,-491.600073242983,35,-1042.40973268252
310,8,40,-1822.10495410424,40,1240.17754521866,40,-342.135260084176,40,-1233.60916357351
310,8,45,-1958.08499000895,45,934.04715310249,45,-147.378773247007,45,-1357.98597086615
310,8,50,-2058.25614766747,50,593.056233770192,50,88.0897540182194,50,-1404.82045120841
310,8,55,-2108.19885030649,55,235.742776430069,55,355.632532423995,55,-1368.5519228859
310,8,60,-2096.55458613717,60,-116.83135660413,60,643.064298500288,60,-1249.04059759719
310,8,65,-2016.2361578889,65,-443.129635423994,65,935.307588078982,65,-1051.47318848997
310,8,70,-1865.10284026113,70,-723.415838310953,70,1215.26792597241,70,-785.960629163204
310,8,75,-1646.11246955977,75,-941.74702813941,75,1464.98789724139,75,-466.815021670052
310,8,80,-1367.06586750691,80,-1087.25832583027,80,1667.0429189687,80,-111.482230118998
310,8,85,-1040.09602243817,85,-1154.56198906622,85,1806.02976274668,85,260.832315418516
310,8,90,-681.014067607372,90,-1143.37981213454,90,1869.93908940105,90,630.712065476975
315,8,0,-1212.16202384487,0,1601.10558236084,0,-940.275118805626,0,515.229733418322
315,8,5,-1274.38370789904,5,1709.51063103609,5,-876.927191971776,5,345.680999034503
315,8,10,-1350.24606690415,10,1784.52680437447,10,-826.956691476465,10,131.881475807507
315,8,15,-1443.90357175355,15,1814.41823402286,15,-779.807321677809,15,-115.587104818016
315,8,20,-1556.64762939041,20,1789.79221763662,20,-723.627933434655,20,-382.42529646347
315,8,25,-1686.20593414537,25,1704.42094435301,25,-646.85853698167,25,-651.519387982929
315,8,30,-1826.5123917376,30,1555.84059650104,30,-539.734106309329,30,-904.255163970989
315,8,35,-1968.01417548128,35,1345.76002998021,35,-395.488599990784,35,-1122.0787853356
315,8,40,-2098.48809710183,40,1080.28091268397,40,-211.129543868879,40,-1288.08557230926
315,8,45,-2204.25711934191,45,769.873185618774,45,12.236773534023,45,-1388.41668333255
315,8,50,-2271.63691690432,50,429.004468999002,50,269.459974622894,50,-1413.30604448758
315,8,55,-2288.41118934136,55,75.3281529273315,55,551.67532397278,55,-1357.71841595524
315,8,60,-2245.14183173026,60,-271.590410857152,60,846.82810212104,60,-1221.60453613166
315,8,65,-2136.16637134774,65,-591.904913514214,65,1140.36777145366,65,-1009.83184810151
315,8,70,-1960.20711119135,70,-867.246114483511,70,1416.1283406819,70,-731.829079394414
315,8,75,-1720.59104497485,75,-1082.31132407151,75,1657.40587923036,75,-400.946774731755
315,8,80,-1425.13288084453,80,-1226.02195323774,80,1848.19350499938,80,-33.5275879779719
315,8,85,-1085.74986471681,85,-1292.10696720905,85,1974.46984822851,85,352.282596856045
315,8,90,-717.855491623335,90,-1279.12798500881,90,2025.39625119204,90,737.88693937413
320,8,0,-1535.68555962049,0,1518.0516924019,0,-1117.00563982075,0,279.803510932311
320,8,5,-1613.52212168314,5,1597.97084517612,5,-1017.82334158709,5,119.134961493294
320,8,10,-1700.98308531413,10,1644.72437432582,10,-925.330974430052,10,-79.24450061858
320,8,15,-1800.37445924063,15,1647.93454888053,15,-831.218780151363,15,-304.879759627485
320,8,20,-1911.46277541982,20,1599.42915171807,20,-726.281715838347,20,-544.227810341164
320,8,25,-2031.064842599,25,1494.07691915192,25,-601.67518840969,25,-781.502840531309
320,8,30,-2153.00202965014,30,1330.39548380503,30,-450.115255219941,30,-999.836499454872
320,8,35,-2268.45970094308,35,1110.90396128437,35,-266.863651820556,35,-1182.61234384165
320,8,40,-2366.7213139188,40,842.204041074974,40,-50.3938435225009,40,-1314.80243999228
320,8,45,-2436.18523420812,45,534.771766124831,45,197.295568404044,45,-1384.14270650987
320,8,50,-2465.53163433072,50,202.441199541243,50,470.693693537821,50,-1382.03023423756
320,8,55,-2444.89299240709,55,-138.424899321561,55,761.058981324699,55,-1304.09151621535
320,8,60,-2366.89490149747,60,-470.046198552513,60,1056.9138160486,60,-1150.42698910483
320,8,65,-2227.46790132939,65,-774.533227494838,65,1344.71719173897,65,-925.563670610281
320,8,70,-2026.37462198634,70,-1035.25542479176,70,1609.69845234495,70,-638.143679766718
320,8,75,-1767.43704198548,75,-1238.10110417872,75,1836.83272318386,75,-300.361290962867
320,8,80,-1458.4761145642,80,-1372.47206299519,80,2011.91428928219,80,72.8410618668985
320,8,85,-1110.98601913638,85,-1431.90715860694,85,2122.65088216454,85,464.784902243048
320,8,90,-739.560601730251,90,-1414.30393273551,90,2159.67763147491,90,858.202903531526
325,8,0,-1875.540012428,0,1356.1205730381,0,-1260.85082286461,0,-9.293684217582
325,8,5,-1966.43198647814,5,1401.76523307245,5,-1124.41997031047,5,-150.963575522553
325,8,10,-2061.19885747298,10,1415.3291199373,10,-988.51186138453,10,-322.711506485654
325,8,15,-2160.67614864348,15,1388.30214182124,15,-847.247426637813,15,-514.671352008635
325,8,20,-2263.58920167294,20,1314.23897284673,20,-694.202418285354,20,-714.554908422815
325,8,25,-2366.35814486782,25,1189.47344339023,25,-523.349779399911,25,-908.393902167097
325,8,30,-2463.17652950277,30,1013.63148174073,30,-329.966372043899,30,-1081.50940426847
325,8,35,-2546.37832613236,35,789.894551590697,35,-111.392434857199,35,-1219.60048163409
325,8,40,-2607.06265618173,40,524.991435826285,40,132.435642564886,40,-1309.82638683516
325,8,45,-2635.90681859683,45,228.916916176643,45,398.716898159829,45,-1341.76498385591
325,8,50,-2624.07382018814,50,-85.6072936238504,50,681.78089663653,50,-1308.16063188699
325,8,55,-2564.11406343013,55,-403.89796669823,55,973.320212470962,55,-1205.41566392558
325,8,60,-2450.77051731866,60,-710.252743684446,60,1262.82490131879,60,-1033.81606138926
325,8,65,-2281.61723047266,65,-988.999953228868,65,1538.18530914304,65,-797.503515220395
325,8,70,-2057.48545830268,70,-1225.56769785605,70,1786.43287680024,70,-504.212163730624
325,8,75,-1782.65379160842,75,-1407.4734411612,75,1994.5854598959,75,-164.787456712925
325,8,80,-1464.7948704778,80,-1525.13922063341,80,2150.5520429221,80,207.491860816103
325,8,85,-1114.6811511307,85,-1572.45826223949,85,2244.0359844819,85,597.753289644071
325,8,90,-745.658388341336,90,-1547.07216559307,90,2267.36359601798,90,990.473410603298
330,8,0,-2204.4565099048,0,1102.05155766734,0,-1354.79176665263,0,-345.037703434583
330,8,5,-2304.83080286725,5,1109.32178680963,5,-1183.00203810516,5,-457.364800102751
330,8,10,-2402.14485711797,10,1087.13901875425,10,-1006.50278723522,10,-591.418107131306
330,8,15,-2496.1478755186,15,1029.0754005513,15,-821.827401790712,15,-738.386762836726
330,8,20,-2585.00625599143,20,930.588492991876,20,-625.25488437267,20,-887.680041327223
330,8,25,-2665.23890676541,25,789.55241188369,25,-413.470932812842,25,-1027.54235812608
330,8,30,-2731.85009409011,30,606.6262991957,30,-184.206201017936,30,-1145.82050863221
330,8,35,-2778.65859455182,35,385.416927236284,35,63.2224146365594,35,-1230.80824704807
330,8,40,-2798.7958306573,40,132.415794690947,40,327.524596884192,40,-1272.08287124238
330,8,45,-2785.32380545065,45,-143.286340607825,45,605.23745980103,45,-1261.25327229661
330,8,50,-2731.91009905537,50,-430.485482325693,50,890.724921892421,50,-1192.55618260548
330,8,55,-2633.49346413557,55,-716.514218346147,55,1176.36732051157,55,-1063.26095376047
330,8,60,-2486.8785465672,60,-988.007657040357,60,1452.92094201703,60,-873.866012269378
330,8,65,-2291.20905386578,65,-1231.72973807573,65,1710.0206822165,65,-628.087177790089
330,8,70,-2048.28190776963,70,-1435.39873928805,70,1936.79503726714,70,-332.648363514417
330,8,75,-1762.67790342211,75,-1588.4488812135,75,2122.55799286336,75,3.10833051273796
330,8,80,-1441.69594139856,80,-1682.66823265747,80,2257.53591242469,80,367.769227204011
330,8,85,-1095.08824645146,85,-1712.66298499613,85,2333.58036649576,85,748.518526618295
330,8,90,-734.604381976829,90,-1676.1144018758,90,2344.81265711371,90,1131.88441699788
335,8,0,-2489.34497800393,0,751.418286239417,0,-1382.48866595022,0,-714.029816031634
335,8,5,-2594.40135794576,5,717.984721869028,5,-1180.57498990037,5,-787.631076433514
335,8,10,-2689.2330814601,10,659.717497535768,10,-970.069749739622,10,-874.338131384782
335,8,15,-2772.84644303245,15,572.241138434106,15,-749.693704555826,15,-966.807212529683
335,8,20,-2843.23505607417,20,452.811886330929,20,-518.137053541654,20,-1056.48822634036
335,8,25,-2897.38009231045,25,300.665672323087,25,-274.481222897357,25,-1134.1051808935
335,8,30,-2931.38345831653,30,117.243191209908,30,-18.6052202324198,30,-1190.22966895087
335,8,35,-2940.72729187884,35,-93.7367205327276,35,248.469734537813,35,-1215.89978355559
335,8,40,-2920.63872717302,40,-326.368419704642,40,524.335251054196,40,-1203.23063389319
335,8,45,-2866.52707535692,45,-572.812158398293,45,805.076278749377,45,-1145.96435466844
335,8,50,-2774.45308376409,50,-823.690229059519,50,1085.28939219481,50,-1039.91593910298
335,8,55,-2641.58739276802,55,-1068.59725269908,55,1358.23854189923,55,-883.283743992157
335,8,60,-2466.61725967279,60,-1296.68753817384,60,1616.13753001777,60,-676.807095343254
335,8,65,-2250.0659149447,65,-1497.29796006463,65,1850.54044871209,65,-423.765747342776
335,8,70,-1994.49623686373,70,-1660.56310297759,70,2052.81513698,70,-129.826071326286
335,8,75,-1704.57874869062,75,-1777.98024201876,75,2214.66960899988,75,197.252855863812
335,8,80,-1387.01275074926,80,-1842.88521188183,80,2328.69700977008,80,548.032663007803
335,8,85,-1050.29865975059,85,-1850.80667771664,85,2388.90124687402,85,911.900783602247
335,8,90,-704.369512718378,90,-1799.67582855544,90,2391.16385199069,90,1277.63275479557
340,8,0,-2695.84427628366,0,311.82266752897,0,-1331.30517958608,0,-1096.07829448655
340,8,5,-2799.31757037129,5,237.402979867929,5,-1107.39624315058,5,-1123.67327028786
340,8,10,-2886.2939992729,10,144.768191859631,10,-872.718284490436,10,-1155.99914547222
340,8,15,-2955.35071412373,15,31.3994089003614,15,-627.770113912473,15,-1187.4818702123
340,8,20,-3004.58266104196,20,-103.928074968159,20,-373.17050137603,20,-1211.81926361047
340,8,25,-3031.62968710486,25,-260.944852062825,25,-109.888945110963,25,-1222.32994215118
340,8,30,-3033.78260064763,30,-437.774189817255,30,160.53495688413,30,-1212.35290404622
340,8,35,-3008.16222467665,35,-630.920724225051,35,435.80986573115,35,-1175.6695490401
340,8,40,-2951.95768292308,40,-835.367402713483,40,712.771285715926,40,-1106.91661588802
340,8,45,-2862.70382168411,45,-1044.7775007167,45,987.336852384686,45,-1001.95886795954
340,8,50,-2738.57346257034,50,-1251.78961610538,50,1254.54753101146,50,-858.194030944524
340,8,55,-2578.65839544834,55,-1448.38618386692,55,1508.69632421945,55,-674.768618067289
340,8,60,-2383.21358735609,60,-1626.31077845169,60,1743.53887457134,60,-452.690767252434
340,8,65,-2153.84167503046,65,-1777.50642210139,65,1952.57397660646,65,-194.834056008283
340,8,70,-1893.59899348357,70,-1894.54619062818,70,2129.37667983846,70,94.1662404956943
340,8,75,-1607.00976396973,75,-1971.02842442131,75,2267.96243549041,75,408.116172586796
340,8,80,-1299.98130361812,80,-2001.9116609849,80,2363.15768719587,80,739.551156023794
340,8,85,-979.619979942604,85,-1983.7688816491,85,2410.95059380305,85,1080.08970987014
340,8,90,-653.954868723826,90,-1914.94662390021,90,2408.79545759334,90,1420.82969492867
345,8,0,-2794.04896748677,0,-196.17503988469,0,-1195.21895904839,0,-1465.43330913157
345,8,5,-2888.33266645394,5,-309.331868478437,5,-959.548687920768,5,-1442.73416519662
345,8,10,-2961.74012996679,10,-432.556266967452,10,-712.858740975529,10,-1417.18965399671
345,8,15,-3012.73625708844,15,-566.808982172852,15,-456.875425944811,15,-1385.14788702784
345,8,20,-3039.7169778833,20,-712.152010476458,20,-193.517756929845,20,-1342.60050323231
345,8,25,-3041.04432229721,25,-867.652416023001,25,75.0105970388546,25,-1285.41025785596
345,8,30,-3015.11885548737,30,-1031.3412869712,30,346.138241756197,30,-1209.5618924272
345,8,35,-2960.48578611939,35,-1200.23412186881,35,616.864523154216,35,-1111.4208359
345,8,40,-2875.96724605457,40,-1370.41455192345,40,883.730527739657,40,-987.982906217619
345,8,45,-2760.8101085117,45,-1537.17858664107,45,1142.83086818616,45,-837.098288308206
345,8,50,-2614.83654523335,50,-1695.23202450788,50,1389.87097378545,50,-657.654629181056
345,8,55,-2438.58349141786,55,-1838.92974157732,55,1620.27065135678,55,-449.706898157055
345,8,60,-2233.41733939625,60,-1962.54258764463,60,1829.31065587093,60,-214.545373346667
345,8,65,-2001.6114643678,65,-2060.53577560874,65,2012.31522198452,65,45.3026496719338
345,8,70,-1746.37646935095,70,-2127.84201461453,70,2164.86021289657,70,326.137443244047
345,8,75,-1471.83614581541,75,-2160.11318612754,75,2282.99394419329,75,623.21352158337
345,8,80,-1182.94587537937,80,-2153.93600068868,80,2363.45599971149,80,930.920404318026
345,8,85,-885.354316216312,85,-2106.99965596236,85,2403.878604041,85,1243.00632127692
345,8,90,-585.21346779994,90,-2018.20684870317,90,2402.9554483987,90,1552.83138374368
350,8,0,-2764.08090001724,0,-741.071927323281,0,-976.683774896598,0,-1793.78250649531
350,8,5,-2840.9594136448,5,-887.767133155124,5,-740.646289285664,5,-1719.99908830447
350,8,10,-2895.15405027007,10,-1035.66497118984,10,-495.293106999316,10,-1637.14205085136
350,8,15,-2925.34783728114,15,-1184.53602110266,15,-242.941486158422,15,-1543.46372614814
350,8,20,-2930.40137474783,20,-1333.65496304307,20,13.90347812885,20,-1437.12276610442
350,8,25,-2909.38441985243,25,-1481.76884778445,25,272.541837649047,25,-1316.30689382725
350,8,30,-2861.6177746665,30,-1627.09434832442,30,530.078204170914,30,-1179.36332952726
350,8,35,-2786.72360372314,35,-1767.34580921077,35,783.431775101466,35,-1024.92963163145
350,8,40,-2684.68094089771,40,-1899.79404365201,40,1029.36051005247,40,-852.057321902132
350,8,45,-2555.88202094405,45,-2021.35388341641,45,1264.50194273455,45,-660.320818801145
350,8,50,-2401.18430139504,50,-2128.69661877461,50,1485.43174160805,50,-449.904888560808
350,8,55,-2221.95270388144,55,-2218.38182519143,55,1688.73956351827,55,-221.664991200535
350,8,60,-2020.08674028002,60,-2287.00178791589,60,1871.12011089061,60,22.8435406600697
350,8,65,-1798.0277989651,65,-2331.33089933935,65,2029.47574183294,65,281.369719338911
350,8,70,-1558.74291288849,70,-2348.47207158809,70,2161.02562335743,70,551.004777283077
350,8,75,-1305.68274420426,75,-2335.99239181222,75,2263.41537497397,75,828.252000036332
350,8,80,-1042.71320201742,80,-2292.04092471344,80,2334.82051502254,80,1109.12499677281
350,8,85,-774.021941516766,85,-2215.44267648871,85,2374.03685973271,85,1389.26932661007
350,8,90,-504.002840724806,90,-2105.7641889315,90,2380.5513676963,90,1664.10119083997
355,8,0,-2600.06981773375,0,-1285.07638247662,0,-686.836740709397,0,-2054.43723792292
355,8,5,-2651.94787984812,5,-1457.1996337618,5,-462.014087819824,5,-1932.33427435948
355,8,10,-2682.20084939287,10,-1621.87228160975,10,-231.332289908127,10,-1796.7609071932
355,8,15,-2690.04145352425,15,-1778.09662712491,15,2.96199136370745,15,-1647.6896437932
355,8,20,-2674.9242184281,20,-1924.73443253432,20,238.507296181078,20,-1485.15389752537
355,8,25,-2636.5638877173,25,-2060.50834598085,25,472.852931386396,25,-1309.28913197746
355,8,30,-2574.95198948957,30,-2184.01309355942,30,703.48780482317,30,-1120.37448735727
355,8,35,-2490.37085544427,35,-2293.73656923341,35,927.872744989846,35,-918.872635062652
355,8,40,-2383.40422540592,40,-2388.09042718021,40,1143.47634216431,40,-705.465590521516
355,8,45,-2254.94345470496,45,-2465.44925679598,45,1347.814103648,45,-481.084326328183
355,8,50,-2106.18830001326,50,-2524.19693027089,50,1538.49042586795,50,-246.930264818035
355,8,55,-1938.64130549276,55,-2562.77828718704,55,1713.2425728887,55,-4.48708037224632
355,8,60,-1754.09495229622,60,-2579.75398714987,60,1869.98554124927,60,244.478312082926
355,8,65,-1554.6109692651,65,-2573.85614143701,65,2006.85641322892,65,497.92619027477
355,8,70,-1342.4915215647,70,-2544.04224210336,70,2122.25658200004,70,753.565932510482
355,8,75,-1120.24237972195,75,-2489.54494767802,75,2214.89009671859,75,1008.88889203664
355,8,80,-890.528600266682,80,-2409.91545567224,80,2283.79634214199,80,1261.21119467731
355,8,85,-656.123692236165,85,-2305.05848247245,85,2328.37534749105,85,1507.7249390114
355,8,90,-419.853669748855,90,-2175.25726239013,90,2348.40421636815,90,1745.55588468281
360,8,0,-2311.4860140026,0,-1790.1210729595,0,-344.024155231563,0,-2226.64791385161
360,8,5,-2332.67379263495,5,-1977.37427459383,5,-141.255759055955,5,-2062.155514574
360,8,10,-2336.10851519841,10,-2149.57846402726,10,62.5876787386284,10,-1881.96886666694
360,8,15,-2321.76404138032,15,-2305.42306339848,15,265.954786506537,15,-1687.45929932067
360,8,20,-2289.74954128787,20,-2443.72200120473,20,467.297817761241,20,-1480.10714779079
360,8,25,-2240.30866459764,25,-2563.42273902212,25,665.084430460645,25,-1261.49048715308
360,8,30,-2173.81768623446,30,-2663.61428195859,30,857.809349055284,30,-1033.27312219937
360,8,35,-2090.78264269204,35,-2743.53411187508,35,1044.00582054417,35,-797.191924878341
360,8,40,-1991.83548078965,40,-2802.57399060901,40,1222.25677735076,40,-555.043615651348
360,8,45,-1877.72924817531,45,-2840.28458903396,45,1391.20562206289,45,-308.67108936475
360,8,50,-1749.33236217844,50,-2856.37890672563,50,1549.5665519582,50,-59.9493897073848
360,8,55,-1607.62200062962,55,-2850.73445620839,55,1696.13434473924,55,189.228561004084
360,8,60,-1453.67666494731,60,-2823.39419515887,60,1829.7935310029,60,436.966368106982
360,8,65,-1288.66797209079,65,-2774.56619947217,65,1949.52688363609,65,681.37859730108
360,8,70,-1113.85173784765,70,-2704.6220796786,70,2054.42315952828,70,920.605123942069
360,8,75,-930.558419317431,75,-2614.09415276322,75,2143.68403468185,75,1152.82528971329
360,8,80,-740.182989329667,80,-2503.67139091211,80,2216.63017993968,80,1376.27175893485
360,8,85,-544.174319858395,85,-2374.19417801804,85,2272.70643109027,85,1589.2439690553
360,8,90,-344.024155231563,90,-2226.64791385161,90,2311.4860140026,90,1790.1210729595
