"Theta [deg]","Freq [GHz]","Phi [deg]","re(rETheta) [mV]","Phi [deg]","im(rETheta) [mV]","Phi [deg]","re(rEPhi) [mV]","Phi [deg]","im(rEPhi) [mV]"
0,8,0,268.328930164399,0,2105.90982351653,0,2404.40758134591,0,1427.12278894248
0,8,5,476.865786194707,5,2222.27814750888,5,2371.87167737923,5,1238.15002104223
0,8,10,681.77340565264,10,2321.73359295046,10,2321.28439777242,10,1039.75418386643
0,8,15,881.492317827519,15,2403.51924384861,15,2253.03074226872,15,833.445189530661
0,8,20,1074.50254120412,20,2467.01266201647,20,2167.6301623992,20,620.793174054599
0,8,25,1259.33515143978,25,2511.73062420342,25,2065.73260814294,25,403.416547678816
0,8,30,1434.58346076563,30,2537.33279971576,30,1948.11358141526,30,182.969677785624
0,8,35,1598.91372372987,35,2543.62434053883,35,1815.66823402987,35,-38.8697018356283
0,8,40,1751.07528780603,40,2530.55736424803,40,1669.40455505306,40,-260.413259555744
0,8,45,1889.91011161382,45,2498.23131842299,45,1510.43569939826,45,-479.974915128814
0,8,50,2014.3615783133,50,2446.89222379144,50,1339.97151604503,50,-695.883671780977
0,8,55,2123.48253709704,55,2376.93080186291,55,1159.30934035778,55,-906.496333504838
0,8,60,2216.44251157966,60,2288.87950130215,60,969.824120580287,60,-1110.21001077327
0,8,65,2292.53402022458,65,2183.40844567325,65,772.957953649361,65,-1305.47431949659
0,8,70,2351.1779607057,70,2061.32033339471,70,570.209109966392,70,-1490.8031803816
0,8,75,2391.92801722578,75,1923.54432871979,75,363.120630654903,75,-1664.78612889233
0,8,80,2414.47405724915,80,1771.12899023549,80,153.268584085899,80,-1826.09904973684
0,8,85,2418.64449179756,85,1605.23429069858,85,-57.7499289541004,85,-1973.5142541841
0,8,90,2404.40758134591,90,1427.12278894248,90,-268.328930164398,90,-2105.90982351653
5,8,0,-165.971642376913,0,2130.30867353304,0,2210.92595999514,0,1897.93221400209
5,8,5,25.8594229910243,5,2292.12816651594,5,2210.77985427659,5,1706.8043598782
5,8,10,220.089067930351,10,2436.16575708107,10,2195.36618599371,10,1498.31129437064
5,8,15,415.613230501732,15,2560.28901330357,15,2163.94348293717,15,1274.216757137
5,8,20,611.151435874824,20,2662.54911247719,20,2115.81936336465,20,1036.58107216802
5,8,25,805.241790330075,25,2741.22659086559,25,2050.38971090925,25,787.740994042629
5,8,30,996.244496807077,30,2794.87514819758,30,1967.18022422736,30,530.281932083461
5,8,35,1182.35448559782,35,2822.36213513003,35,1865.88845813353,35,267.00259392589
5,8,40,1361.62333779912,40,2822.90428180009,40,1746.42435001283,40,0.872360509262426
5,8,45,1531.99024084401,45,2796.09721541413,45,1608.94719340552,45,-265.017990491861
5,8,50,1691.32127355978,50,2741.93737722059,50,1453.89708314933,50,-527.511271525601
5,8,55,1837.45589192224,55,2660.83509244917,55,1282.01901334967,55,-783.443316980974
5,8,60,1968.25909527252,60,2553.61777344312,60,1094.37805732246,60,-1029.70529297533
5,8,65,2081.67741521434,65,2421.52254231219,65,892.364390510807,65,-1263.30706201942
5,8,70,2175.79660383259,70,2266.17793426609,70,677.687322369025,70,-1481.43959104339
5,8,75,2248.89872074148,75,2089.57476924776,75,452.357966474733,75,-1681.53428953666
5,8,80,2299.51624361433,80,1894.02673511255,80,218.660680791463,80,-1861.31716358606
5,8,85,2326.48086430596,85,1682.121684147,85,-20.8860705489226,85,-2018.85577902693
5,8,90,2328.9647874929,90,1456.66507813346,90,-263.578271995117,90,-2152.59724301223
10,8,0,-573.061232002568,0,2068.72285347457,0,1921.46968097885,0,2289.83352484264
10,8,5,-409.32893381264,5,2268.14430516598,5,1952.08793451166,5,2104.48153491025
10,8,10,-237.092026607348,10,2450.82039257081,10,1972.85281764935,10,1895.01717346366
10,8,15,-56.4728769945333,15,2613.42755293341,15,1981.75769139288,15,1663.06915552675
10,8,20,131.96459400636,20,2752.76867086271,20,1976.64015719872,20,1410.76618501769
10,8,25,327.168646773541,25,2865.85444849506,25,1955.28150228556,25,1140.73750102598
10,8,30,527.575217794659,30,2949.99024418515,30,1915.51645923391,30,856.099293205129
10,8,35,731.107128510853,35,3002.8656987675,35,1855.34847670228,35,560.424497006265
10,8,40,935.19800244374,40,3022.643574099,40,1773.06542308539,40,257.694086646445
10,8,45,1136.84090803446,45,3008.04348870008,45,1667.35052720756,45,-47.7711059107435
10,8,50,1332.6607567787,50,2958.41574750322,50,1537.38339022013,50,-351.39785604294
10,8,55,1519.00848728446,55,2873.80030908112,55,1382.92608373255,55,-648.465775975599
10,8,60,1692.07406040927,60,2754.96617044763,60,1204.38969689669,60,-934.227399565543
10,8,65,1848.01429653333,65,2603.42709803605,65,1002.87723495896,65,-1204.03888780722
10,8,70,1983.09064049652,70,2421.43067478673,70,780.199530520761,70,-1453.49598598315
10,8,75,2093.81110093219,75,2211.91900703998,75,538.861824780063,75,-1678.56903552894
10,8,80,2177.06995422039,80,1978.4610437416,80,282.01990905298,80,-1875.73041387861
10,8,85,2230.27841353379,85,1725.15817940123,85,13.4061596096959,85,-2042.06780010368
10,8,90,2251.47942181557,90,1456.52650202998,90,-262.772607434083,90,-2175.37715802503
15,8,0,-931.814771257138,0,1935.72145962112,0,1560.28699568329,0,2584.56113634505
15,8,5,-804.014900882914,5,2163.1107046534,5,1619.02506928746,5,2411.87929818065
15,8,10,-661.928636171291,10,2376.49178627178,10,1675.09554900407,10,2210.05267230904
15,8,15,-504.392041697522,15,2571.65276543097,15,1725.16368824751,15,1980.20384914631
15,8,20,-330.96547302611,20,2744.34675785982,20,1765.48040291109,20,1724.09400818858
15,8,25,-142.02718742627,25,2890.39451578116,25,1792.04959215599,25,1444.1758640632
15,8,30,61.1685312691502,30,3005.80903423168,30,1800.81230554421,30,1143.62886727215
15,8,35,276.47090300077,35,3086.93902976192,35,1787.84048820592,35,826.368543342557
15,8,40,500.850939741794,40,3130.62556899344,40,1749.53318265042,40,497.022726028746
15,8,45,730.458781861527,45,3134.36370458399,45,1682.80817258207,45,160.869177369283
15,8,50,960.71966036702,50,3096.45896546391,50,1585.28201245383,50,-176.268380208522
15,8,55,1186.46724331915,55,3016.16722396124,55,1455.43118486125,55,-508.16562921659
15,8,60,1402.11199935308,60,2893.80608109433,60,1292.72686147478,60,-828.380692931195
15,8,65,1601.84065342211,65,2730.82665457832,65,1097.73559696401,65,-1130.4675534004
15,8,70,1779.84081337251,70,2529.83657688647,70,872.178493058102,70,-1408.20936635872
15,8,75,1930.54254390798,75,2294.56800987879,75,618.942159832362,75,-1655.85872877292
15,8,80,2048.86631561035,80,2029.78829860604,80,342.036341739932,80,-1868.3705297509
15,8,85,2130.46470322311,85,1741.15514005202,85,46.4954315399197,85,-2041.61279582913
15,8,90,2171.94381597948,90,1435.02239250009,90,-261.775797432633,90,-2172.54195225464
20,8,0,-1228.38625978674,0,1748.84592345066,0,1155.49058993465,0,2774.01452951158
20,8,5,-1140.76634396767,5,1994.25459898046,5,1238.8541929512,5,2619.55073393456
20,8,10,-1033.74307044187,10,2229.70309386014,10,1327.54668079333,10,2432.86782418952
20,8,15,-904.771670486052,15,2450.44394596996,15,1416.92881735488,15,2214.26360991019
20,8,20,-752.303655674684,20,2651.45287545921,20,1501.69972423875,20,1964.73570818913
20,8,25,-575.917306957273,25,2827.53395829963,25,1576.12984176648,25,1686.11559303985
20,8,30,-376.400842226959,30,2973.46904276887,30,1634.31047793605,30,1381.18464017725
20,8,35,-155.789191309331,35,3084.20953162976,35,1670.41185028266,35,1053.75606712256
20,8,40,82.6442294476621,40,3155.10446845743,40,1678.94331928031,40,708.707468811253
20,8,45,334.44023633084,45,3182.15422098895,45,1655.01060603481,45,351.95093067305
20,8,50,594.05220010431,50,3162.27426070069,50,1594.56474232396,50,-9.66835999406457
20,8,55,854.992502558392,55,3093.54926487681,55,1494.63621402243,55,-368.54851124794
20,8,60,1110.02993713319,60,2975.4549244912,60,1353.54551932802,60,-716.579005602896
20,8,65,1351.43930890353,65,2809.02431792327,65,1171.07879286054,65,-1045.44978707319
20,8,70,1571.3009009725,70,2596.93807404404,70,948.615041781979,70,-1347.00381907106
20,8,75,1761.84219404798,75,2343.52282385792,75,689.190674644955,75,-1613.61020998135
20,8,80,1915.80804545533,80,2054.65006364567,80,397.487958669688,80,-1838.53191422775
20,8,85,2026.83949865355,85,1737.53650519237,85,79.7370974699762,85,-2016.26158503033
20,8,90,2089.83658526855,90,1400.45604527923,90,-256.473279953399,90,-2142.80132454309
25,8,0,-1455.89887048594,0,1525.65259563138,0,735.989385728867,0,2859.55238491109
25,8,5,-1409.58355563092,5,1779.98282938446,5,839.767440596199,5,2727.36057820016
25,8,10,-1339.63345273892,10,2029.20643481011,10,956.754348764255,10,2561.78472172316
25,8,15,-1242.19111699349,15,2268.36670011482,15,1081.12324590575,15,2362.06391156644
25,8,20,-1114.64275296126,20,2491.95386205035,20,1206.20235244487,20,2128.13107130285
25,8,25,-955.762669707299,25,2693.99728492035,25,1324.762423177,25,1860.84593070276
25,8,30,-765.799062006397,30,2868.22012976173,30,1429.3100355025,30,1562.21181293754
25,8,35,-546.511574995774,35,3008.25854565238,35,1512.37999138534,35,1235.55267700005
25,8,40,-301.170645023979,40,3107.94432012461,40,1566.82550757848,40,885.626522008543
25,8,45,-34.5235314688465,45,3161.64409974343,45,1586.10832945154,45,518.65239792433
25,8,50,247.276052870287,50,3164.63936757962,50,1564.5911094521,50,142.232221038753
25,8,55,536.785828505302,55,3113.52060393977,55,1497.8309372917,55,-234.843699888864
25,8,60,825.456348044933,60,3006.55915428186,60,1382.8665245039,60,-602.90722972061
25,8,65,1103.89136670362,65,2844.01449578527,65,1218.48388815898,65,-951.825496989282
25,8,70,1362.19610170682,70,2628.33531823349,70,1005.43849387199,70,-1271.48992440767
25,8,75,1590.41093197736,75,2364.22089028719,75,746.607533355345,75,-1552.34448856325
25,8,80,1779.0142970287,80,2058.5233601788,80,447.045519832909,80,-1785.9110425572
25,8,85,1919.46508059019,85,1719.98925985977,85,113.920137378,85,-1965.26934746805
25,8,90,2004.74399355411,90,1358.85634824651,90,-243.686910437387,90,-2085.4540275068
30,8,0,-1613.71605126975,0,1282.0585838605,0,328.777879503898,0,2850.30324827367
30,8,5,-1607.29725079629,5,1537.73546878764,5,448.206750400823,5,2742.91316722118
30,8,10,-1573.95488603819,10,1793.45422091193,10,587.824625298923,10,2602.58873847618
30,8,15,-1508.69216890985,15,2044.28379408052,15,740.82189437446,15,2427.38583692145
30,8,20,-1407.98675208308,20,2284.48643758085,20,899.459048728944,20,2216.00979211887
30,8,25,-1269.91739152915,25,2507.59245763732,25,1055.39095679887,25,1968.14697535113
30,8,30,-1094.214905759,30,2706.53786988432,30,1199.97388578079,30,1684.78188776238
30,8,35,-882.268514530503,35,2873.8732750285,35,1324.55188830663,35,1368.47402346077
30,8,40,-637.118038549917,40,3002.05733082467,40,1420.731083611,40,1023.56494068583
30,8,45,-363.449341117514,45,3083.84561256832,45,1480.658452415,45,656.281958954415
30,8,50,-67.588565867217,50,3112.77206426079,50,1497.32273054766,50,274.705163425886
30,8,55,242.532155275539,55,3083.69708280936,55,1464.88767441829,55,-111.427325112102
30,8,60,557.480048394707,60,2993.37008802688,60,1379.05406591511,60,-491.083779792428
30,8,65,866.541984919372,65,2840.93447993205,65,1237.43026681849,65,-852.458096697319
30,8,70,1158.09012667419,70,2628.29713424728,70,1039.87653653034,70,-1183.60593693029
30,8,75,1420.09927761188,75,2360.2961457057,75,788.779266790838,75,-1473.14258418632
30,8,80,1640.79468933062,80,2044.62654752131,80,489.209409088118,80,-1710.93918800866
30,8,85,1809.38452255727,85,1691.51718576059,85,148.924642627801,85,-1888.755393362
30,8,90,1916.81361323502,90,1313.18493270082,90,-221.813588207953,90,-2000.7550851576
35,8,0,-1706.66805130167,0,1031.7841859108,0,-43.2626395174653,0,2760.98296019041
35,8,5,-1736.70592804927,5,1282.95796382875,5,86.7394370723485,5,2679.45210918867
35,8,10,-1737.36892534101,10,1539.20958930214,10,242.442955093657,10,2566.60554984021
35,8,15,-1702.75582702529,15,1795.74624047285,15,416.326759290458,15,2419.31099131954
35,8,20,-1628.67976461711,20,2046.78319312427,20,599.968635875848,20,2235.03877284467
35,8,25,-1512.73788725025,25,2285.61399515606,25,784.385906212138,25,2012.27120833738
35,8,30,-1354.27417931829,30,2504.71445124025,30,960.322584489231,30,1750.89701465455
35,8,35,-1154.30392483088,35,2695.89382110998,35,1118.48426949064,35,1452.57297969384
35,8,40,-915.469806105248,40,2850.53185904116,40,1249.74447354254,40,1121.02417970593
35,8,45,-642.072958735792,45,2959.95124979784,45,1345.36217493408,45,762.23853703556
35,8,50,-340.174530189312,50,3015.95942770295,50,1397.25287480646,50,384.501796106045
35,8,55,-17.7116883045956,55,3011.55043574543,55,1398.34164988923,55,-1.77521677365067
35,8,60,315.462438676921,60,2941.69943759597,60,1343.00014419697,60,-384.460637242465
35,8,65,647.707968751784,65,2804.13242467925,65,1227.53863270483,65,-750.322963167293
35,8,70,965.959387879668,70,2599.93284275868,70,1050.69877703126,70,-1085.81752694374
35,8,75,1256.3311711859,75,2333.86426802794,75,814.078803572668,75,-1377.95872517905
35,8,80,1504.92959838147,80,2014.33672378657,80,522.421748242907,80,-1615.18889913276
35,8,85,1698.7956585006,85,1653.00580888481,85,183.706675629279,85,-1788.16031749286
35,8,90,1826.88545038414,90,1264.05011234505,90,-191.00043475708,90,-1890.36141002072
40,8,0,-1744.11387478231,0,786.343440393613,0,-362.937875218879,0,2609.58616568066
40,8,5,-1805.54438537969,5,1028.78151773365,5,-227.452163479522,5,2553.62373777072
40,8,10,-1835.76965929339,10,1280.97546284298,10,-62.5382731973948,10,2468.6522459133
40,8,15,-1828.2607389921,15,1538.2739551267,15,123.872336531525,15,2350.45623056981
40,8,20,-1778.47989785873,20,1794.93097040837,20,323.089867055376,20,2195.40213337576
40,8,25,-1683.84623339982,25,2044.20272374692,25,526.004168764933,25,2000.88968991449
40,8,30,-1543.54374494517,30,2278.41823242247,30,723.319321775106,30,1765.78460663026
40,8,35,-1358.29937024324,35,2489.03171452953,35,905.69097160446,35,1490.83470181489
40,8,40,-1130.26521886442,40,2666.72657035128,40,1063.81119455265,40,1179.05082448592
40,8,45,-863.091869120766,45,2801.68399335145,45,1188.5140791319,45,835.999691833141
40,8,50,-562.188791353109,50,2884.12149380781,50,1270.98008489364,50,469.927837503371
40,8,55,-235.067360550628,55,2905.13533961914,55,1303.09323010369,55,91.6344626996336
40,8,60,108.40413766307,60,2857.76784671233,60,1277.95878315062,60,-285.955186061277
40,8,65,456.003554355605,65,2738.1145718107,65,1190.53683211111,65,-648.505195689312
40,8,70,793.518894392278,70,2546.23765451948,70,1038.30723395063,70,-981.201872733708
40,8,75,1105.47586815186,75,2286.68158566417,75,821.86469820979,75,-1269.79417261489
40,8,80,1376.14416859776,80,1968.47891670278,80,545.347932675656,80,-1501.62374336053
40,8,85,1590.69405188545,85,1604.64292465458,85,216.625060610198,85,-1666.54130563935
40,8,90,1736.37477714694,90,1211.23165614601,90,-152.818625650503,90,-1757.62801013647
45,8,0,-1738.57555929162,0,555.109924919121,0,-619.561131476011,0,2415.2035431795
45,8,5,-1825.14570051748,5,785.971074880729,5,-483.386298304095,5,2383.37291584382
45,8,10,-1879.05119469724,10,1030.81268252575,10,-315.906612431195,10,2325.1118069886
45,8,15,-1893.44849373915,15,1285.06609002188,15,-125.175300318839,15,2235.30800523348
45,8,20,-1863.81234606218,20,1543.02324152212,20,80.2405506438126,20,2109.44662442439
45,8,25,-1787.74213424862,25,1798.00572238635,25,291.582809076436,25,1944.06587534404
45,8,30,-1664.54277936626,30,2042.42792256776,30,500.05650156619,30,1737.18613177441
45,8,35,-1494.79006384382,35,2267.7331976308,35,696.826790871686,35,1488.7439893456
45,8,40,-1280.10502099649,40,2464.29782745807,40,872.931551166765,40,1201.03252697128
45,8,45,-1023.28570361602,45,2621.50243313596,45,1019.22772884672,45,879.091034006025
45,8,50,-728.790081859552,50,2728.19088453851,50,1126.49735500915,50,530.932405085013
45,8,55,-403.388675793777,55,2773.6318260763,55,1185.80004653778,55,167.481291053519
45,8,60,-56.6933506042942,60,2748.89850854116,60,1189.08371470374,60,-197.859684745431
45,8,65,298.717582482702,65,2648.38404061249,65,1129.9824332324,65,-550.009759031121
45,8,70,647.720835333983,70,2471.07578298697,70,1004.6724962085,70,-873.279409776942
45,8,75,973.57196743576,75,2221.27046570156,75,812.642336715598,75,-1152.56152033092
45,8,80,1259.14796181065,80,1908.58059426842,80,557.252789668098,80,-1374.49712083858
45,8,85,1488.29127089734,85,1547.26903333546,85,245.999666111889,85,-1528.49973805223
45,8,90,1647.0949238691,90,1155.07068068024,90,-109.576080923113,90,-1607.55185109974
50,8,0,-1703.93904631483,0,345.27729918733,0,-808.926079779172,0,2196.13774910146
50,8,5,-1808.76695867439,5,562.904318562692,5,-676.320726738524,5,2186.1393115695
50,8,10,-1879.63018419879,10,798.272914210212,10,-512.22003611744,10,2152.26479888462
50,8,15,-1909.70937292906,15,1046.83162784224,15,-324.561115272421,15,2088.73407247597
50,8,20,-1894.87227370016,20,1302.85436316496,20,-121.471069796134,20,1990.40486450263
50,8,25,-1833.2599313514,25,1559.73181093378,25,89.0389038402856,25,1853.20792156441
50,8,30,-1724.57219827448,30,1810.07891502068,30,299.128138416003,30,1674.54276291952
50,8,35,-1569.36710902801,35,2045.56950919397,35,500.947179574014,35,1453.69737995519
50,8,40,-1368.71177657472,40,2256.59740667273,40,686.334063681572,40,1192.32144960472
50,8,45,-1124.40741863672,45,2432.06784555354,45,846.561887876844,45,894.900701641131
50,8,50,-839.770346208994,50,2559.70237037934,50,972.322922344671,50,569.090257828466
50,8,55,-520.673822806635,55,2627.09856940145,55,1054.07479722884,55,225.727834144395
50,8,60,-176.384399601714,60,2623.46155983223,60,1082.76092052261,60,-121.59823184245
50,8,65,180.228742858251,65,2541.58639961473,65,1050.79443989087,65,-457.425370433865
50,8,70,533.280450219195,70,2379.51549904115,70,953.115543807645,70,-765.608082234648
50,8,75,865.10177247641,75,2141.4083036587,75,788.124159325488,75,-1030.6314655968
50,8,80,1157.76291975391,80,1837.4590814073,80,558.339332305687,80,-1238.87327854716
50,8,85,1394.5400303919,85,1482.99828971237,85,270.700184015028,85,-1379.69858261899
50,8,90,1561.14938244587,90,1097.06390220457,90,-63.5311657568824,90,-1446.30728707281
55,8,0,-1653.57995261085,0,161.795117864574,0,-932.467553052266,0,1968.43365493272
55,8,5,-1769.8144351534,5,365.570599193704,5,-807.025132777923,5,1977.44763449594
55,8,10,-1850.81336194725,10,590.385369333316,10,-651.246945552037,10,1964.94112556349
55,8,15,-1890.11540979965,15,831.670506008208,15,-472.789388776627,15,1924.70035124833
55,8,20,-1884.33277200553,20,1083.61082457757,20,-279.12672186597,20,1851.18958661334
55,8,25,-1832.45680279939,25,1339.60336134854,25,-77.2501888109798,25,1739.96222022865
55,8,30,-1734.79275970106,30,1592.47414697243,30,126.279465556158,30,1588.01575979228
55,8,35,-1591.96358736058,35,1834.25080349587,35,324.950896062356,35,1394.17798491263
55,8,40,-1404.44992713296,40,2055.56512616419,40,511.749245231539,40,1159.58672241848
55,8,45,-1172.96604314666,45,2245.10571994066,45,678.67727473737,45,888.225809944764
55,8,50,-899.620985295155,50,2389.71345182857,50,816.604486865759,50,587.35091908526
55,8,55,-589.412213429408,55,2475.53090917265,55,915.611262288161,55,267.572031126175
55,8,60,-251.363930325037,60,2490.12442659999,60,965.834863129538,60,-57.5788667845867
55,8,65,101.27292561346,65,2424.97136121704,65,958.653229430947,65,-372.597010882913
55,8,70,451.921197585096,70,2277.47720033889,70,887.939299651556,70,-661.299659456322
55,8,75,782.344877100826,75,2051.89692354901,75,751.126101496357,75,-908.222941772148
55,8,80,1074.47928718343,80,1759.02740914456,80,549.914555272667,80,-1099.92734623954
55,8,85,1311.91572775166,85,1414.98775876884,85,290.559155492627,85,-1226.11386782081
55,8,90,1480.8819303669,90,1039.5651139635,90,-16.2733555604037,90,-1280.49372979216
60,8,0,-1598.91168469219,0,7.45503474835701,0,-995.827812867396,0,1744.88469605824
60,8,5,-1720.35326872786,5,197.691709128625,5,-880.460210621113,5,1769.9315022913
60,8,10,-1805.27690040589,10,411.762939915512,10,-736.840023938563,10,1775.52489622203
60,8,15,-1847.86106341578,15,645.085600886489,15,-572.252968751871,15,1755.23235810012
60,8,20,-1845.73421849768,20,891.704978944238,20,-393.419213536204,20,1703.31143526181
60,8,25,-1798.94928667914,25,1144.95000490804,25,-206.172882734194,25,1615.11322813387
60,8,30,-1708.53011153509,30,1397.81584848194,30,-15.6159767344256,30,1487.41264575531
60,8,35,-1575.17625587504,35,1642.71746340451,35,173.287212720864,35,1318.75995586919
60,8,40,-1398.73436018593,40,1870.63712488066,40,354.890517696184,40,1109.94704937342
60,8,45,-1178.80266634616,45,2070.21163582344,45,522.148718445379,45,864.574938702026
60,8,50,-916.350143471748,50,2227.59810021683,50,666.330768686263,50,589.541950494156
60,8,55,-615.690917092868,55,2327.72753679194,55,777.369725190947,55,295.170210571823
60,8,60,-285.868802017625,60,2356.85368412499,60,844.842538740657,60,-5.24442546144499
60,8,65,59.2876615309951,65,2305.55122296996,65,859.350480190039,65,-296.456960071129
60,8,70,402.539736358249,70,2171.01954879863,70,813.945883106502,70,-562.649179561576
60,8,75,725.444531070766,75,1957.9063291173,75,705.28201372471,75,-788.859564839628
60,8,80,1010.47847568466,80,1677.61472530781,80,534.308624223375,80,-962.266036527919
60,8,85,1242.40393117897,85,1346.68436930103,85,306.486617582503,85,-1073.2640041718
60,8,90,1408.7895986593,90,984.973606161869,90,31.5701230786774,90,-1116.32313141925
65,8,0,-1548.67040855616,0,-116.759458145453,0,-1007.18099812469,0,1534.52368876861
65,8,5,-1670.19491137284,5,61.0505002964434,5,-904.179955272276,5,1572.79226503017
65,8,10,-1753.93767758133,10,264.900173532457,10,-775.507625027587,10,1593.33523681982
65,8,15,-1794.90184218528,15,490.216698708726,15,-628.044697734573,15,1589.68635714549
65,8,20,-1791.88446662023,20,730.898879527689,20,-467.749820162342,20,1556.03523217324
65,8,25,-1746.08932745975,25,980.177153470683,25,-299.28763592082,25,1487.64866780919
65,8,30,-1659.26834800452,30,1231.18686902943,30,-126.265541931726,30,1381.20794347326
65,8,35,-1532.14711975855,35,1476.7242262047,35,47.9641066030472,35,1235.14287750478
65,8,40,-1363.89265357389,40,1708.14869560912,40,219.219480287905,40,1050.07698979755
65,8,45,-1153.03387130237,45,1914.11388583612,45,381.540355953922,45,829.396464105063
65,8,50,-899.597780977178,50,2080.22892543657,50,526.777180885837,50,579.757283367738
65,8,55,-607.546333286213,55,2190.45720750085,55,644.955310429588,55,311.20998766454
65,8,60,-286.298799213398,60,2230.11771510282,60,725.382426972313,60,36.6965402069278
65,8,65,49.516444212767,65,2189.35965903975,65,758.197377079064,65,-229.059568431895
65,8,70,382.043806366851,70,2065.6369969485,70,735.920149214966,70,-470.983445479504
65,8,75,692.986653274061,75,1864.26797475749,75,654.625828698734,75,-675.049700088386
65,8,80,965.953899745381,80,1597.21512489774,80,514.569662150145,80,-829.463814833234
65,8,85,1187.56191116649,85,1281.02501490259,85,320.288637733282,85,-925.632907657464
65,8,90,1347.33427502528,90,934.939130691845,90,80.2921964339246,90,-958.967675660559
70,8,0,-1508.90731890009,0,-211.074276731367,0,-975.686012485408,0,1342.55590562428
70,8,5,-1626.60690295499,5,-43.9718956016195,5,-886.814635844411,5,1391.66174300705
70,8,10,-1705.34920623311,10,150.669848400612,10,-775.003687643824,10,1424.38735533167
70,8,15,-1741.02772624326,15,368.311486091674,15,-646.718898384388,15,1434.38659306625
70,8,20,-1733.62356476828,20,602.75104571098,20,-507.208108241268,20,1415.88802132488
70,8,25,-1685.45443075751,25,847.171047028605,25,-360.047900311429,25,1364.1539331712
70,8,30,-1598.91917655767,30,1094.88024670032,30,-207.43444983731,30,1275.85904513387
70,8,35,-1474.68350881742,35,1339.05553898078,35,-51.1690847803155,35,1149.43695440143
70,8,40,-1311.22038555219,40,1571.4071678611,40,106.015625164545,40,985.51220889849
70,8,45,-1106.12646324508,45,1780.59782276958,45,259.300781205566,45,787.448235341603
70,8,50,-858.799483940969,50,1951.77043264847,50,401.268990521336,50,561.823478805009
70,8,55,-573.265252868645,55,2068.15181242496,55,522.288898839518,55,318.49172163375
70,8,60,-259.688049810861,60,2114.50872371407,60,611.72509384462,60,69.9738820967127
70,8,65,66.3328273860406,65,2081.01949988113,65,659.597961564111,65,-169.753894269381
70,8,70,386.423726095624,70,1965.77904924809,70,658.183088777601,70,-386.712801650826
70,8,75,682.759945454029,75,1774.95208996249,75,603.142395732364,75,-568.220813346042
70,8,80,940.512839527074,80,1520.94523886166,80,494.035615410445,80,-703.884871056822
70,8,85,1148.55815047066,85,1219.92082854294,85,334.294325932522,85,-786.38877972096
70,8,90,1298.67942516537,90,889.941736364009,90,130.834167806675,90,-812.1926842104
75,8,0,-1483.39073052759,0,-276.19521846764,0,-910.340430337128,0,1170.6471656747
75,8,5,-1594.45902305535,5,-117.732139141673,5,-836.915587506023,5,1228.80260814842
75,8,10,-1665.56140803377,10,68.9534093056077,10,-743.20735594366,10,1271.49769463834
75,8,15,-1693.43709050407,15,279.365897111803,15,-635.249442669484,15,1292.62923258089
75,8,20,-1679.13743295613,20,507.299974221504,20,-517.646495576523,20,1286.55884722577
75,8,25,-1625.94182879388,25,746.029481288225,25,-393.020688923261,25,1248.6125614576
75,8,30,-1536.74530067789,30,989.146583563995,30,-262.322296241363,30,1175.52419831568
75,8,35,-1412.06406494759,35,1230.23578274211,35,-125.956060414064,35,1065.82687643474
75,8,40,-1249.7234825958,40,1461.30896474405,40,14.6958635628054,40,920.293180881822
75,8,45,-1046.62186126132,45,1670.98934309504,45,155.955320522587,45,742.451854083735
75,8,50,-801.922691692466,50,1844.00945884922,50,291.265503365807,50,538.984940652817
75,8,55,-520.149401213848,55,1963.07913843336,55,411.596117641786,55,319.65269141987
75,8,60,-212.517960926107,60,2012.76069458876,60,506.710559913289,60,96.5185029633917
75,8,65,104.333786882539,65,1983.61758544625,65,566.852320294936,65,-117.384755681483
75,8,70,411.673543032884,70,1874.61263279175,70,584.300938260329,70,-309.493991988995
75,8,75,692.411619563245,75,1692.77563796702,75,554.395382427956,75,-468.836386430799
75,8,80,933.499322562214,80,1450.77852903187,80,475.912911004709,80,-586.742840848048
75,8,85,1126.16268642806,85,1164.10109519839,85,350.93623758725,85,-657.376939434676
75,8,90,1264.43572212046,90,849.305598311087,90,184.432246419054,90,-678.281111344627
80,8,0,-1474.05591685831,0,-312.604400347592,0,-819.358920266717,0,1017.44851935652
80,8,5,-1576.52484729771,5,-160.655606935222,5,-762.30283215096,5,1083.54684841762
80,8,10,-1638.25358630084,10,19.3029527972377,10,-687.44618376992,10,1134.64810384365
80,8,15,-1656.70351434742,15,222.824417313169,15,-600.345125002377,15,1164.98101699099
80,8,20,-1633.77926741139,20,443.841649562997,20,-505.010541136667,20,1169.13320993822
80,8,25,-1573.47470775842,25,675.927113912207,25,-403.253777175905,25,1142.57344500159
80,8,30,-1478.98273618305,30,913.121932843929,30,-294.983005400645,30,1082.16192892033
80,8,35,-1350.6036723669,35,1149.46807322459,35,-179.414338606495,35,986.610418755632
80,8,40,-1185.6430431696,40,1377.22944130958,40,-56.7291922184037,40,856.956743870591
80,8,45,-980.624933175325,45,1584.94237985578,45,70.4992606476297,45,697.051823888066
80,8,50,-734.911283908509,50,1756.99779122755,50,196.686863222026,50,513.839353712034
80,8,55,-453.906438135053,55,1875.80745167095,55,313.656465108033,55,317.078953599311
80,8,60,-150.064685301375,60,1926.01565290686,60,411.900127007459,60,118.345594137067
80,8,65,158.989223211334,65,1898.77890455744,65,482.189422260165,65,-70.4415556512459
80,8,70,454.35656232533,70,1793.95243957789,70,516.986900463925,70,-238.407367594509
80,8,75,719.840582400325,75,1619.2809155872,75,511.306476845711,75,-376.589351805054
80,8,80,944.159870064179,80,1387.48560558258,80,462.967083336102,80,-478.292540681002
80,8,85,1120.69721761091,85,1113.21007789325,85,372.407659332904,85,-539.291408906353
80,8,90,1245.48331664791,90,811.490081770148,90,242.307526251528,90,-558.172937419049
85,8,0,-1481.2487724841,0,-320.021377678495,0,-710.070497534971,0,879.238995456525
85,8,5,-1573.70101446857,5,-172.680736674097,5,-669.924992949724,5,952.862936417117
85,8,10,-1624.92227614397,10,1.52951074709138,10,-614.29522949523,10,1011.49930401432
85,8,15,-1632.93029973158,15,198.229185776771,15,-548.17985509733,15,1049.75801426684
85,8,20,-1600.19612319641,20,411.662062426876,20,-475.005315957592,20,1062.54434088312
85,8,25,-1531.11251587497,25,635.934614308621,25,-395.889998705405,25,1045.56915446666
85,8,30,-1428.94694326295,30,865.713914199276,30,-309.899908375038,30,995.904051448879
85,8,35,-1293.75916662848,35,1095.55082579818,35,-215.283120915214,35,912.514776194531
85,8,40,-1122.54903033596,40,1317.92522767562,40,-111.188094368316,40,796.790001979504
85,8,45,-911.858862644378,45,1521.27874089713,45,0.865055839727874,45,653.006024896691
85,8,50,-661.669867944511,50,1689.77814831425,50,116.360905570826,50,488.464577504937
85,8,55,-378.544962733149,55,1805.76732852146,55,228.202239213224,55,312.966764488239
85,8,60,-76.2159088792081,60,1854.18672879441,60,327.894621046407,60,137.548014101307
85,8,65,226.858708971732,65,1826.83370582439,65,406.97393829406,65,-27.1329200372116
85,8,70,511.792095098774,70,1724.28692596721,70,458.178467182812,70,-172.09431470824
85,8,75,763.29933963363,75,1554.71998940586,75,476.106772687026,75,-290.59145070889
85,8,80,971.640610160745,80,1330.68927516022,80,457.375876034112,80,-378.056196430701
85,8,85,1131.9546594759,85,1066.01307468514,85,400.463753506617,85,-431.921614867963
85,8,90,1241.88248779203,90,774.458814747668,90,305.468846478511,90,-451.719169121147
90,8,0,-1503.67934140248,0,-297.126303929452,0,-589.24943575084,0,750.612892611087
90,8,5,-1585.01989634416,5,-152.913592892625,5,-566.155440899562,5,831.977688077645
90,8,10,-1624.95649550303,10,16.1221358512039,10,-529.796647398612,10,897.97042126679
90,8,15,-1621.88205681448,15,205.717075332526,15,-484.508682536877,15,943.58687405482
90,8,20,-1578.50933607902,20,410.60969104128,20,-433.096164940543,20,964.129467193649
90,8,25,-1499.27807870626,25,625.656517151113,25,-376.052926395043,25,955.664085141137
90,8,30,-1387.30696958335,30,846.290799702891,30,-311.764514528855,30,915.578441350249
90,8,35,-1242.44189363895,35,1067.60185306308,35,-237.709071180055,35,843.170367096543
90,8,40,-1061.66428979061,40,1282.27165176743,40,-152.160583794715,40,740.233582814976
90,8,45,-841.959254441111,45,1478.70460980148,45,-55.6409317584072,45,611.503920819497
90,8,50,-584.290528680055,50,1641.03030697644,50,48.4778597540234,50,464.645497764215
90,8,55,-296.521469620777,55,1751.77286604113,55,154.356045025057,55,309.458754216593
90,8,60,6.441356537079,60,1796.31724161887,60,254.718971571663,60,156.347351295356
90,8,65,305.521266041654,65,1767.01743630898,65,342.007522141638,65,14.587293435361
90,8,70,581.965229416035,70,1664.86991099558,70,409.236950539883,70,-108.851978103985
90,8,75,821.272045853357,75,1498.12135343875,75,450.432792336187,75,-209.528942387451
90,8,80,1014.85390091807,80,1278.98990217228,80,460.737609070285,80,-285.03255533223
90,8,85,1159.09617159836,85,1020.62912783787,85,436.371787371627,85,-334.406814316624
90,8,90,1252.84597850483,90,736.009016109504,90,374.639256335504,90,-357.973759965495
95,8,0,-1538.14085835167,0,-241.607127820924,0,-463.743939193946,0,625.218725492014
95,8,5,-1607.44756719896,5,-99.5718145612871,5,-457.394513181064,5,715.056099996197
95,8,10,-1635.52176587094,10,64.4049350832382,10,-439.984233791393,10,788.875945419651
95,8,15,-1620.94876345723,15,246.262469159731,15,-415.073853449672,15,842.020972632924
95,8,20,-1566.34955637262,20,441.40117553907,20,-384.770489078383,20,870.241209508371
95,8,25,-1475.85958301593,25,645.580576357362,25,-348.954717597445,25,870.062252537998
95,8,30,-1352.25280067191,30,855.067297042022,30,-305.435056125935,30,839.297306666614
95,8,35,-1195.23932324903,35,1065.48291208161,35,-251.071435965951,35,777.651478431987
95,8,40,-1002.11135811003,40,1269.72477484602,40,-183.39390750604,40,687.343635365682
95,8,45,-770.706802661669,45,1456.29074545339,45,-101.977621739456,45,573.525856509359
95,8,50,-503.243639284893,50,1609.52939036072,50,-9.00808999949894,50,444.120481335976
95,8,55,-208.891883356249,55,1712.41175685688,55,91.0361705354518,55,308.782718942773
95,8,60,96.4776107061869,60,1750.8737945335,60,192.198873657056,60,177.14094838888
95,8,65,393.404934164286,65,1717.67254515556,65,287.852286900434,65,56.9937517651075
95,8,70,663.317107934766,70,1613.86972659066,70,371.202791529301,70,-46.7187928840019
95,8,75,892.250010138578,75,1447.43921025028,75,435.508337524177,75,-131.800680703373
95,8,80,1072.28976036779,80,1230.15668687672,80,474.183892247154,80,-197.886281368955
95,8,85,1200.54982367141,85,974.775316257818,85,480.967194996382,85,-245.477594279755
95,8,90,1276.75132055906,90,694.039684943705,90,450.270795919109,90,-275.487029994496
100,8,0,-1579.12985626367,0,-150.573015462907,0,-341.204569313052,0,496.630426502616
100,8,5,-1635.55018007763,5,-10.2895738138299,5,-350.785272130051,5,596.020768999982
100,8,10,-1651.27644808754,10,148.333103559891,10,-351.532881115301,10,678.693090665606
100,8,15,-1624.91034438464,15,321.549025648718,15,-346.138608404445,15,740.265034064141
100,8,20,-1558.66913100189,20,505.539231494827,20,-335.920003461103,20,776.940389936244
100,8,25,-1456.07423665342,25,697.024359320742,25,-320.109968700725,25,785.771449866223
100,8,30,-1319.41269502045,30,893.082624392599,30,-295.98414507384,30,765.081765267244
100,8,35,-1148.37831658038,35,1089.8255025981,35,-259.881097143681,35,715.036128338572
100,8,40,-940.90085048309,40,1280.40723639149,40,-208.682138972209,40,638.25479576687
100,8,45,-696.017466796983,45,1453.61234847397,45,-141.06549909622,45,540.182135015953
100,8,50,-417.362469869123,50,1594.31573089438,50,-58.0320823115793,50,428.786355024199
100,8,55,-115.309398442216,55,1686.21811914501,55,37.3094149465216,55,313.333408909409
100,8,60,193.575138505565,60,1715.9094876825,60,140.29191715719,60,202.486883841128
100,8,65,489.66869958232,65,1676.41024778905,65,245.123346206731,65,102.507743876131
100,8,70,754.563481388199,70,1568.54974673544,70,345.040848892661,70,16.3991849359305
100,8,75,974.532823317782,75,1399.76862972224,75,432.338367492113,75,-55.6787736160361
100,8,80,1141.86372085585,80,1181.37550669103,80,498.52082388282,80,-115.143797624863
100,8,85,1253.95738492408,85,926.022747631105,85,534.743272585835,85,-163.693875932148
100,8,90,1311.20030658789,90,646.772112196149,90,532.583402487766,90,-202.592832006301
105,8,0,-1618.54108556985,0,-21.3601799353381,0,-230.628183059906,0,359.436132963579
105,8,5,-1661.18380959816,5,117.156359862607,5,-254.762375341061,5,469.606093900788
105,8,10,-1664.05337325703,10,269.83371586931,10,-272.266993243613,10,562.555593050426
105,8,15,-1625.6128054445,15,433.351085229286,15,-284.906967138695,15,634.092616090566
105,8,20,-1547.42198022174,20,604.712462616537,20,-293.132682818756,20,680.831308120091
105,8,25,-1432.16245914174,25,781.549429793442,25,-295.478420099675,25,700.354180830341
105,8,30,-1281.56669744439,30,961.645754223837,30,-288.691239496155,30,691.521284040667
105,8,35,-1095.45472542485,35,1141.53414651925,35,-268.639894831191,35,654.956559417665
105,8,40,-872.670734933067,40,1314.69158902444,40,-231.623470244604,40,593.597127002737
105,8,45,-613.692448063076,45,1470.4213317173,45,-175.482190973637,45,512.975994049094
105,8,50,-323.620554490617,50,1594.45586520924,50,-100.095143833719,50,420.804179682487
105,8,55,-13.8589649280761,55,1671.52308578318,55,-7.30281018582483,55,325.640877120733
105,8,60,298.608651577383,60,1689.01111219614,60,99.3534729953228,60,234.972286952569
105,8,65,594.191702645015,65,1640.1618097499,65,214.706273448542,65,153.507355661671
105,8,70,854.618017089874,70,1525.41982159246,70,331.810888787017,70,82.5135764435027
105,8,75,1066.13815648871,75,1351.57293995476,75,441.836593593219,75,20.4691223849575
105,8,80,1220.87247418938,80,1129.50794070832,80,534.315469597797,80,-35.4222607045279
105,8,85,1316.21609881911,85,872.031438711629,85,597.893607234322,85,-87.6910688980672
105,8,90,1353.14641661415,90,592.906972863438,90,621.553465148174,90,-137.684925672704
110,8,0,-1645.63419023693,0,147.281547200153,0,-142.366618870885,0,210.521605027428
110,8,5,-1673.42674991237,5,283.682966930655,5,-179.08012793461,5,332.637985801645
110,8,10,-1662.75057605191,10,429.646407446578,10,-211.187447635303,10,437.477390798292
110,8,15,-1611.82155235126,15,582.357102758131,15,-239.519379679156,15,520.965869525821
110,8,20,-1521.38975152044,20,739.594834633702,20,-263.626666009331,20,580.044301689916
110,8,25,-1393.19376575412,25,899.752460521031,25,-281.316403909266,25,612.754899886618
110,8,30,-1228.43129361352,30,1061.15091557879,30,-288.807058846238,30,618.435498206651
110,8,35,-1027.19387472396,35,1220.66418130258,35,-281.531538165361,35,598.086048159249
110,8,40,-789.429436647586,40,1372.17440224527,40,-255.267283509563,40,554.798021038792
110,8,45,-517.167114151877,45,1505.74668145013,45,-207.1057598609,45,493.917495223254
110,8,50,-216.920294004692,50,1608.30012467435,50,-135.944889680985,50,422.538305256626
110,8,55,99.0854607120653,55,1665.9023604566,55,-42.5741683366284,55,348.168372898126
110,8,60,413.71074555158,60,1666.96156285568,60,70.3040266099758,60,276.919324422559
110,8,65,707.579337352393,65,1605.05698825749,65,197.846303407365,65,211.994542371969
110,8,70,962.578051815093,70,1480.29687885686,70,332.696164850849,70,153.225443295306
110,8,75,1164.8133384453,75,1298.85915925364,75,464.813175349435,75,97.8812290221151
110,8,80,1306.06743302293,80,1071.29548738363,80,581.854498590432,80,42.3052784280088
110,8,85,1383.62446137408,85,810.700713887623,85,670.238884368957,85,-16.4244999922426
110,8,90,1399.08715711968,90,531.664636762355,90,716.789737150273,90,-79.4583807705944
115,8,0,-1647.48277351675,0,353.719784956505,0,-87.2920371499968,0,50.3192442700696
115,8,5,-1659.01968745559,5,487.388079765884,5,-133.99887355979,5,185.31363210399
115,8,10,-1633.75904966152,10,625.745919099678,10,-177.699653639582,10,303.598119862986
115,8,15,-1569.63961165992,15,766.514294344156,15,-218.329628609236,15,401.174999162378
115,8,20,-1466.58994936261,20,908.121761892041,20,-254.571525500536,20,475.20810267257
115,8,25,-1325.45319379592,25,1049.50569565013,25,-283.533866091419,25,524.06425072566
115,8,30,-1147.00448208208,30,1189.32891033807,30,-300.943207239218,30,547.409457070365
115,8,35,-931.740868775721,35,1324.73353158134,35,-301.853356366345,35,546.440228730676
115,8,40,-680.798561887705,40,1450.09888485723,40,-281.61141775892,40,524.15783690368
115,8,45,-397.733959674074,45,1556.48369117211,45,-236.708893268962,45,485.395258487348
115,8,50,-90.3268626561875,50,1632.30125793578,50,-165.295496403225,50,436.260768973785
115,8,55,228.605845067533,55,1665.28357592663,55,-67.4344757174969,55,382.899601983271
115,8,60,542.017501449821,60,1645.17006875401,60,54.6323619378579,60,329.913979504328
115,8,65,830.955149952221,65,1566.16434093153,65,196.04215990929,65,279.12377810168
115,8,70,1077.61044910955,70,1428.28763787136,70,348.82772351551,70,229.301426676573
115,8,75,1268.0427122457,75,1237.292959472,75,501.768936044758,75,177.05324466086
115,8,80,1393.77796064279,80,1003.48325807194,80,640.931870935727,80,118.441720898114
115,8,85,1452.08111453877,85,740.20051203476,85,751.005257850794,85,50.6290055752733
115,8,90,1445.27297707672,90,462.676279721278,90,817.273624986301,90,-27.0642417410077
120,8,0,-1610.09485575448,0,591.932443249301,0,-75.0417578699521,0,-116.413240493947
120,8,5,-1603.56711561801,5,721.951787655699,5,-128.537844291276,5,32.0252672340703
120,8,10,-1562.25263167779,10,851.638796649139,10,-179.938970905342,10,165.00026100717
120,8,15,-1483.88708474372,15,979.220594457325,15,-228.357496249898,15,278.578884733648
120,8,20,-1367.72672938427,20,1103.59949773659,20,-271.704574285978,20,370.04290551904
120,8,25,-1213.92367125683,25,1224.02521972566,25,-306.493392543349,25,437.908430450999
120,8,30,-1023.0302305503,30,1339.32575266693,30,-328.064011365028,30,481.948397465803
120,8,35,-796.067521823615,35,1446.8676980099,35,-331.211003087276,35,503.295501418601
120,8,40,-535.345702446767,40,1541.6289572473,40,-311.012712370751,40,504.5573201032
120,8,45,-245.802491906695,45,1615.87066771678,45,-263.596415178373,45,489.718825817004
120,8,50,63.7475071381884,50,1659.77326910136,50,-186.692680170414,50,463.586015379759
120,8,55,380.159851020446,55,1663.05375900813,55,-80.044562728853,55,430.726159724009
120,8,60,686.750327867137,60,1617.15481195629,60,54.1492212076977,60,394.203464788294
120,8,65,965.272419573141,65,1517.31444909888,65,210.684238978419,65,354.659365308221
120,8,70,1198.53765960727,70,1363.85445210242,70,380.870903127694,70,310.229021564131
120,8,75,1372.90324192782,75,1162.3668385675,75,552.4859828947,75,257.412981666625
120,8,80,1479.97475777057,80,922.947192626942,80,710.474037044779,80,192.562540116283
120,8,85,1517.25277720723,85,658.955789041958,85,838.478757594603,85,113.377579623923
120,8,90,1487.86655525281,90,385.798123849135,90,921.006035202213,90,19.8896522870049
125,8,0,-1520.29053072567,0,850.381568730113,0,-111.673283641747,0,-280.775148590194
125,8,5,-1493.62304508654,5,975.423476839402,5,-168.125771820951,5,-118.804141841823
125,8,10,-1434.50090923576,10,1095.0688202579,10,-222.506680022117,10,29.5484350889899
125,8,15,-1340.64006474871,15,1207.96865274327,15,-273.200726968092,15,160.413178183506
125,8,20,-1210.92096103511,20,1313.32044495201,20,-317.495293440464,20,271.090224288453
125,8,25,-1045.14081687874,25,1410.49725784608,25,-351.481919475932,25,360.057030909245
125,8,30,-843.895975147462,30,1498.38216808242,30,-370.299358921297,30,426.939969842224
125,8,35,-608.834112819304,35,1574.57812016038,35,-368.689011413978,35,472.513338010965
125,8,40,-343.345701099576,40,1634.78013687741,40,-341.715602944734,40,498.683008188008
125,8,45,-53.5041156434191,45,1672.63477624639,45,-285.473071774886,45,508.304263883533
125,8,50,251.156398294038,50,1680.31369805979,50,-197.679468998619,50,504.679081251936
125,8,55,557.488527471505,55,1649.79854724471,55,-78.1972304282267,55,490.730037900599
125,8,60,849.504832209387,60,1574.59639870234,60,70.4297666786345,60,468.08846596776
125,8,65,1110.05495171866,65,1451.40861470082,65,242.425425308781,65,436.498275180438
125,8,70,1323.05288110829,70,1281.26834193635,70,428.403789728719,70,393.880613510672
125,8,75,1475.70545890684,75,1069.85915302004,75,615.473599254682,75,337.128767770123
125,8,80,1560.2187160339,80,827.032091025647,80,788.080863195278,80,263.365457360943
125,8,85,1574.67329474133,85,565.78798221592,85,929.631551347515,85,171.197351503276
125,8,90,1523.04155602163,90,301.056660996603,90,1024.68051471615,90,61.5444143773119
130,8,0,-1368.20325136361,0,1111.8071687804,0,-197.490588331984,0,-431.134297959961
130,8,5,-1319.49785495808,5,1230.00458267166,5,-252.439459021279,5,-256.176991708023
130,8,10,-1241.00372355794,10,1337.81654256249,10,-304.401432468178,10,-92.5825838172973
130,8,15,-1130.68543118525,15,1434.20464965238,15,-351.151671561181,15,55.8234241271275
130,8,20,-987.439207881769,20,1518.52208987109,20,-389.537764973748,20,186.260496469122
130,8,25,-811.114783160171,25,1590.16644818658,25,-415.454856365074,25,296.989417345661
130,8,30,-602.643294987059,30,1648.06804015303,30,-424.092061613969,30,387.251760643785
130,8,35,-364.374977369554,35,1690.15304425336,35,-410.422020421004,35,457.199934132318
130,8,40,-100.624378786766,40,1712.97629039588,40,-369.832541631705,40,507.798270398954
130,8,45,181.723995929396,45,1711.72310387614,45,-298.782027337829,45,540.611597453295
130,8,50,472.812806597008,50,1680.70876444099,50,-195.409752193695,50,557.402240295497
130,8,55,759.897473888717,55,1614.3616392573,55,-60.1022759585549,55,559.556889877515
130,8,60,1028.10699426168,60,1508.50450523234,60,103.965380409558,60,547.513255075498
130,8,65,1261.87209003099,65,1361.61841075174,65,290.36700094606,65,520.44933796881
130,8,70,1446.79439346173,70,1175.74992078623,70,489.211569358908,70,476.449861772685
130,8,75,1571.5760138442,75,956.826267503517,75,687.415546419464,75,413.178318797631
130,8,80,1629.60114449321,80,714.329110342166,80,869.638780790221,80,328.858645202321
130,8,85,1619.86531814795,85,460.455308545211,85,1019.8861526463,85,223.235298254329
130,8,90,1547.12888624382,90,208.978085866268,90,1123.5659229016,90,98.2028652678478
135,8,0,-1149.95934264135,0,1354.42194440967,0,-325.995481958509,0,-555.550702392037
135,8,5,-1078.22453271481,5,1463.36388036502,5,-374.431378641144,5,-369.041506346334
135,8,10,-979.7557172282,10,1557.17578150049,10,-418.162773639801,10,-191.469966667457
135,8,15,-853.064089373223,15,1635.01835061496,15,-454.50931321078,15,-26.6692220943073
135,8,20,-697.464303638685,20,1696.32899687905,20,-480.091688251812,20,122.398961156135
135,8,25,-513.249049469178,25,1740.53900534203,25,-490.86306139345,25,253.630092541346
135,8,30,-301.933076851069,30,1766.72517641151,30,-482.349151066383,30,365.702214806879
135,8,35,-66.5891617788398,35,1773.2940259019,35,-450.07586041813,35,457.97553992048
135,8,40,187.760927390891,40,1757.81667482836,40,-390.11878501265,40,530.365313762343
135,8,45,453.809162378781,45,1717.12351386446,45,-299.696364590258,45,583.153777630192
135,8,50,721.838915279285,50,1647.72054175432,50,-177.749692810935,50,616.713041302315
135,8,55,979.982168244753,55,1546.50611304225,55,-25.4804178592966,55,631.167525677351
135,8,60,1214.96017039579,60,1411.66762192579,60,153.183408540175,60,626.103149346082
135,8,65,1413.29528633655,65,1243.55798344255,65,351.269551507069,65,600.473619873068
135,8,70,1562.84339732211,70,1045.32867738247,70,558.729718977455,70,552.817086087222
135,8,75,1654.38364583289,75,823.146890519848,75,762.853684165764,75,481.783002152692
135,8,80,1682.95893052084,80,585.931904241652,80,949.230962409689,80,386.835275452823
135,8,85,1648.70388389745,85,344.664115073009,85,1103.22847099826,85,268.915850166525
135,8,90,1557.00923448708,90,111.39903542431,90,1211.79635183682,90,130.864005952671
140,8,0,-869.802350956176,0,1554.65994992633,0,-484.654664083143,0,-644.457492231991
140,8,5,-775.774691942488,5,1651.63419041585,5,-521.26401543356,5,-449.047533736636
140,8,10,-658.544829390053,10,1729.23019730094,10,-550.958659086061,10,-260.217402140165
140,8,15,-517.419032301936,15,1786.73363631982,15,-570.807017640804,15,-81.8753465130858
140,8,20,-352.445369020239,20,1823.66996417418,20,-577.442341073428,20,82.7507702059953
140,8,25,-164.635854204473,25,1839.60207550469,25,-567.137966233015,25,231.09684105733
140,8,30,43.7793881936253,30,1833.92318200712,30,-536.035360702202,30,361.193419029539
140,8,35,269.082912861197,35,1805.70548371105,35,-480.510863426779,35,471.570949924075
140,8,40,505.832026564787,40,1753.66696259795,40,-397.639125092618,40,561.149755811012
140,8,45,746.728588995356,45,1676.30606765752,45,-285.699053435179,45,629.110092889227
140,8,50,982.690492889314,50,1572.22449902291,50,-144.671093455533,50,674.740698882479
140,8,55,1203.21107978709,55,1440.61290562709,55,23.3196921985069,55,697.289923516609
140,8,60,1397.05264777493,60,1281.82175593546,60,213.667317105865,60,695.876810097428
140,8,65,1553.25035653299,65,1097.89654720056,65,419.130863582026,65,669.533459269316
140,8,70,1662.31828811537,70,892.941866047026,70,629.960856542903,70,617.424541574442
140,8,75,1717.47544345155,75,673.203748767102,75,834.398797230135,75,539.228214292462
140,8,80,1715.67295565643,80,446.819138036689,80,1019.59056202062,80,435.59268989537
140,8,85,1658.22123724689,85,223.253773086556,85,1172.86128376107,85,308.540041963901
140,8,90,1550.88444756536,90,12.5090466375704,90,1283.19548377719,90,161.69488796859
145,8,0,-540.851120822045,0,1691.0705940145,0,-657.464226495182,0,-692.58202186952
145,8,5,-427.56125722158,5,1773.58906035501,5,-677.099155274331,5,-492.417103885506
145,8,10,-295.166590479352,10,1833.31432661793,10,-687.538171734367,10,-296.733928541445
145,8,15,-143.884301499141,15,1869.64076974855,15,-685.852023386557,15,-109.557206368189
145,8,20,25.3656489262504,20,1882.24354796649,20,-668.94201506628,20,65.5875380785782
145,8,25,210.769415750972,25,1870.95281086862,25,-633.646064717855,25,225.668081163841
145,8,30,409.42586095878,30,1835.64880688028,30,-576.948257179032,30,368.10134835994
145,8,35,617.180064530074,35,1776.21054407777,35,-496.281871722021,35,490.691394422907
145,8,40,828.524780890562,40,1692.54521734447,40,-389.897720453253,40,591.564023689313
145,8,45,1036.61957166805,45,1584.71418417978,45,-257.258061331532,45,669.105903335531
145,8,50,1233.47781763604,50,1453.15371864842,50,-99.4112115740434,50,721.915589101562
145,8,55,1410.35933282939,55,1298.96593825794,55,80.7010001178022,55,748.781253061194
145,8,60,1558.37821210271,60,1124.23077598335,60,278.056046938576,60,748.708982478578
145,8,65,1669.29334233335,65,932.270645304986,65,485.543607394311,65,721.025920750457
145,8,70,1736.40008171262,70,727.793911257082,70,694.19860304605,70,665.56698376058
145,8,75,1755.39886684908,75,516.85696669074,75,893.71699658862,75,582.924576404056
145,8,80,1725.09471761882,80,306.616289428025,80,1073.2557297446,80,474.709509764159
145,8,85,1647.79137157087,85,104.882502507163,85,1222.45833188452,85,343.753215392121
145,8,90,1529.28617191395,90,-80.4742425296673,90,1332.58576913393,90,194.185641838039
150,8,0,-183.965396356771,0,1748.37346265843,0,-828.455267958595,0,-699.342497454412
150,8,5,-56.6859848676977,5,1814.85386169405,5,-826.790233142786,5,-500.107817978608
150,8,10,85.0008153138378,10,1856.34305331719,10,-814.01680222098,10,-303.639287300642
150,8,15,240.039045963732,15,1872.37592694144,15,-787.485978620243,15,-114.047004142318
150,8,20,406.72401073473,20,1862.85567546219,20,-744.610459673428,20,64.9066985365986
150,8,25,582.585685984065,25,1827.98647888751,25,-682.984945473383,25,229.823733668713
150,8,30,764.288009318744,30,1768.22844477991,30,-600.567586901299,30,377.663199696477
150,8,35,947.570278335661,35,1684.28953931474,35,-495.914128906513,35,505.724866296255
150,8,40,1127.25967926891,40,1577.16302323788,40,-368.444513810941,40,611.635731525438
150,8,45,1297.38320289778,45,1448.21063305317,45,-218.712499499983,45,693.348949394593
150,8,50,1451.4012415336,50,1299.28211209751,50,-48.6427351891919,50,749.162063028244
150,8,55,1582.57270402675,55,1132.85144332541,55,138.303828959025,55,777.760757115144
150,8,60,1684.44222200118,60,952.140733424843,60,337.076676898152,60,778.293619408302
150,8,65,1751.41545787312,65,761.196663373898,65,541.132949800711,65,750.479763832213
150,8,70,1779.36266907516,70,564.884719554173,70,742.71480438164,70,694.74279834709
150,8,75,1766.16983743773,75,368.775009783138,75,933.318106213583,75,612.352721226634
150,8,80,1712.14787690162,80,178.909831921041,80,1104.33489666339,80,505.546137426297
150,8,85,1620.21884856846,85,1.4639176066971,85,1247.81704957158,85,377.589878306315
150,8,90,1495.82454831659,90,-157.671639333243,90,1357.27555844729,90,232.756906997644
155,8,0,175.184335523466,0,1720.42988312612,0,-984.796118250401,0,-667.664522418014
155,8,5,309.781350677012,5,1770.76024179763,5,-959.029077011962,5,-476.261912797498
155,8,10,453.575704615963,10,1795.47575082167,10,-920.958455309871,10,-286.335576306022
155,8,15,604.928476660716,15,1794.29243670093,15,-868.473830694129,15,-101.95170293032
155,8,20,761.645038024723,20,1767.38286380429,20,-799.689454835647,20,73.0592337965298
155,8,25,920.939799929875,25,1715.34307093171,25,-713.060123857474,25,235.145004640061
155,8,30,1079.42392308491,30,1639.17176616124,30,-607.524181801644,30,381.061734109407
155,8,35,1233.13272479454,35,1540.2666987193,35,-482.666119423609,35,507.899615264855
155,8,40,1377.60865796167,40,1420.43888203438,40,-338.884237943368,40,613.111850943691
155,8,45,1508.0521704894,45,1281.94060988407,45,-177.543102014248,45,694.552618786507
155,8,50,1619.54622653504,50,1127.49866355028,50,-1.08670807901279,50,750.527413796896
155,8,55,1707.35083170325,55,960.340310722708,55,186.913086667059,55,779.856544215558
155,8,60,1767.25211395376,60,784.197239623247,60,381.796811165008,60,781.949798440221
155,8,65,1795.93767699707,65,603.272175764502,65,577.965148652368,65,756.887029872042
155,8,70,1791.35822803116,70,422.155306617502,70,769.14369576362,70,705.49553633167
155,8,75,1753.02769906974,75,245.683132404897,75,948.760323999897,75,629.411229202013
155,8,80,1682.21304304698,80,78.7405600968184,80,1110.41342502873,80,531.107936091315
155,8,85,1581.97245223559,85,-73.9833086974306,85,1248.39110493374,85,413.879138434344
155,8,90,1457.01694760202,90,-208.266011284978,90,1358.18611212279,90,281.759822105172
160,8,0,510.052929029495,0,1611.18063867648,0,-1118.33913207279,0,-601.948608277483
160,8,5,645.354401060925,5,1646.86895240466,5,-1067.75299447014,5,-425.811823640356
160,8,10,784.399396450946,10,1658.12895091203,10,-1004.54338439295,10,-250.260534342054
160,8,15,925.330628252042,15,1644.86212850216,15,-927.326985146827,15,-79.0975141519638
160,8,20,1065.87278100661,20,1607.47248726126,20,-835.01854883681,20,84.0344702194523
160,8,25,1203.35631153578,25,1546.84689445191,25,-726.925415659517,25,235.71517277324
160,8,30,1334.76290309557,30,1464.33636962884,30,-602.845848183832,30,372.802892701093
160,8,35,1456.7995350454,35,1361.73917438104,35,-463.165078416202,35,492.487237653268
160,8,40,1566.00651564686,40,1241.28455313837,40,-308.939720564263,40,592.341559138862
160,8,45,1658.90170682264,45,1105.61398404227,45,-141.958729457724,45,670.376940584366
160,8,50,1732.15870443818,50,957.755212680263,50,35.2321155784224,50,725.098043322649
160,8,55,1782.81128718327,55,801.083449709897,55,219.354747236215,55,755.559284475775
160,8,60,1808.47060326324,60,639.264126273772,60,406.482476103227,60,761.41795766758
160,8,65,1807.53615581936,65,476.172653163638,65,592.188359198293,65,742.979197483528
160,8,70,1779.37769135959,70,315.788759428354,70,771.757311932918,70,701.226331018515
160,8,75,1724.46365239349,75,162.066085225521,75,940.45293563012,75,637.829413976215
160,8,80,1644.4137977663,80,18.7814674126484,80,1093.82133665327,80,555.124914708287
160,8,85,1541.95932356515,85,-110.627718774294,85,1228.00621859843,85,456.060836506959
160,8,90,1420.80303888646,90,-223.226343708171,90,1340.04378711137,90,344.104135364932
165,8,0,797.004248408879,0,1433.37543393149,0,-1225.25877126737,0,-506.308969545469
165,8,5,928.024606410828,5,1457.14081218941,5,-1151.50510896727,5,-352.508199432449
165,8,10,1057.55500517577,10,1459.49328563118,10,-1065.59734657676,10,-198.736944055373
165,8,15,1183.87169284715,15,1440.46846886859,15,-966.954903559197,15,-48.2649196303483
165,8,20,1305.00013013769,20,1400.58040288419,20,-855.279813823008,20,95.7463293754745
165,8,25,1418.76214993712,25,1340.80469600264,25,-730.618996360972,25,230.312379509916
165,8,30,1522.83844131574,30,1262.55523807609,30,-593.419106861,30,352.690440915887
165,8,35,1614.84697815867,35,1167.65461573921,35,-444.56993952841,35,460.439697197263
165,8,40,1692.43683070867,40,1058.29775375419,40,-285.43154702635,40,551.477532886588
165,8,45,1753.39509776024,45,937.007824455417,45,-117.839885060865,45,624.131246301567
165,8,50,1795.76263471747,50,806.583226960684,50,55.9139236883286,50,677.184203202693
165,8,55,1817.95207418806,55,670.034530780402,55,233.134529190362,55,709.914678338077
165,8,60,1818.85965895323,60,530.510749184822,60,410.805391327586,60,722.124986142189
165,8,65,1797.96099105958,65,391.215148229609,65,585.703097825049,65,714.158044935542
165,8,70,1755.38030021342,70,255.311945788043,70,754.538850266197,70,686.898363553839
165,8,75,1691.92354029793,75,125.82659706694,75,914.119460392762,75,641.754674378107
165,8,80,1609.06769414696,80,5.5437384806492,80,1061.51685673482,80,580.622115980489
165,8,85,1508.90207187694,85,-103.091922677539,85,1194.2324831731,85,505.822996709986
165,8,90,1394.02186943338,90,-198.065633072401,90,1310.34158522745,90,420.026690622857
170,8,0,1017.99068932972,0,1205.77352174094,0,-1304.37221786069,0,-383.955582760378
170,8,5,1142.44600220376,5,1220.70503400478,5,-1211.43197417157,5,-258.306236211548
170,8,10,1260.990046633,10,1218.80745858134,10,-1107.28795871719,10,-132.404815258006
170,8,15,1372.25343599627,15,1200.1645748727,15,-992.099492358017,15,-8.7284212826495
170,8,20,1474.7799856153,20,1165.23868099778,20,-866.231372467221,20,110.312887406232
170,8,25,1567.06614012146,25,1114.85614859173,25,-730.282158809296,25,222.434864276177
170,8,30,1647.60790434637,30,1050.1846951025,30,-585.104227411719,30,325.534311220078
170,8,35,1714.95382053488,35,972.702791381705,35,-431.81369751378,35,417.739819847892
170,8,40,1767.76200329531,40,884.161635268772,40,-271.78853338916,40,497.457047330841
170,8,45,1804.85868150099,45,786.54018195028,45,-106.653491549472,45,563.407512160976
170,8,50,1825.29516647395,50,681.993850242565,50,61.7488444517456,50,614.659838328949
170,8,55,1828.3997488899,55,572.797730842458,55,231.400918783846,55,650.652340101559
170,8,60,1813.82081120344,60,461.285404358567,60,400.165961570637,60,671.205859424753
170,8,65,1781.55751098023,65,349.784814835632,65,565.854580115375,65,676.525877034572
170,8,70,1731.97480657528,70,240.553005617956,70,726.29900231974,70,667.193141777418
170,8,75,1665.80038947946,75,135.711864621272,75,879.430776613446,75,644.142413029468
170,8,80,1584.10224139502,80,37.1872946795639,80,1023.35694798486,80,608.629385062999
170,8,85,1488.24698105026,85,-53.3456296428445,85,1156.42930559425,85,562.186438463045
170,8,90,1379.84078755672,90,-134.508979431542,90,1277.30134003323,90,506.56850321379
175,8,0,1161.83615713002,0,949.929648032485,0,-1355.28134967372,0,-237.87523884574
175,8,5,1280.33586106175,5,958.561673257615,5,-1249.13085100891,5,-144.228714274516
175,8,10,1389.89010548143,10,955.985452223681,10,-1132.76881777074,10,-50.2919575346988
175,8,15,1489.50467184414,15,942.259198061307,15,-1006.89310341793,15,42.436206978741
175,8,20,1578.22003654903,20,917.661494021012,20,-872.316148804964,20,132.487809458636
175,8,25,1655.12957221717,25,882.683206694962,25,-729.967538941674,25,218.460070334569
175,8,30,1719.39925055273,30,838.013958953792,30,-580.892898360553,30,299.047762419281
175,8,35,1770.28802046785,35,784.523561471072,35,-426.248715202597,35,373.072750961715
175,8,40,1807.16793090187,40,723.238925567378,40,-267.292875399878,40,439.509935724806
175,8,45,1829.54300569684,45,655.317095880551,45,-105.370907497774,45,497.508907652569
175,8,50,1837.06586671781,50,582.015147707326,50,58.1018230680554,50,546.410737722555
175,8,55,1829.55114831513,55,504.657788275357,55,221.661485938579,55,585.759438072648
175,8,60,1806.98485565552,60,424.60358001757,60,383.82000184063,60,615.307775797517
175,8,65,1769.52899186027,65,343.210762443039,65,543.091167141183,65,635.017277195517
175,8,70,1717.52100973441,70,261.803682125643,70,698.017580798316,70,645.05243240468
175,8,75,1651.46792294824,75,181.640842336954,75,847.197156980778,75,645.76929308659
175,8,80,1572.03522293697,80,103.885550312199,80,989.307971004935,80,637.698842880828
175,8,85,1480.03107054408,85,29.5800679205158,85,1123.13023591832,85,621.525703699538
175,8,90,1376.3865409036,90,-40.375940312172,90,1247.56434605007,90,598.062911110699
180,8,0,1224.48809958022,0,687.470573366319,0,-1377.35860746042,0,-72.2361184230624
180,8,5,1339.87326514134,5,691.150332835988,5,-1265.39617231852,5,-12.0442297448823
180,8,10,1445.06118611714,10,689.570020944796,10,-1143.80330823817,10,48.239322794161
180,8,15,1539.25131891479,15,682.741664820451,15,-1013.50541033481,15,108.155744959041
180,8,20,1621.72681975015,20,670.717232376133,20,-875.494124287509,20,167.249036598559
180,8,25,1691.86000026177,25,653.588236803295,25,-730.819799316571,25,225.069462081833
180,8,30,1749.11710459841,30,631.485040101017,30,-580.583494391773,30,281.176973058006
180,8,35,1793.06237162326,35,604.575860942478,35,-425.928598508756,35,335.14455748991
180,8,40,1823.3613513194,40,573.06549442928,40,-268.032128808368,40,386.561489473499
180,8,45,1839.78345015632,45,537.19375347707,45,-108.095772765523,45,435.036455109986
180,8,50,1842.20368604593,50,497.233643694443,50,52.6632573780796,50,480.200530640892
180,8,55,1830.60363953173,55,453.489285645417,55,213.02148833409,55,521.709990180613
180,8,60,1805.07159397199,60,406.293600308313,60,371.758497137986,60,559.248921677954
180,8,65,1765.8018636501,65,356.005775346079,65,527.666199304745,65,592.531631197595
180,8,70,1713.09331492551,70,303.008531471297,70,679.558043081233,70,621.304817223441
180,8,75,1647.34709168032,75,247.705209710464,75,826.278039821508,75,645.349498436111
180,8,80,1569.06356237207,80,190.516701735241,80,966.709561758419,80,664.482680293001
180,8,85,1478.83851192768,85,131.878246622682,85,1099.78384021516,85,678.558747727249
180,8,90,1377.35860746042,90,72.2361184230621,90,1224.48809958022,90,687.470573366319
185,8,0,-1208.81167446749,0,-438.145004952527,0,1369.96818446989,0,-106.391111630877
185,8,5,-1325.02591744794,5,-436.886161580686,5,1260.26213927297,5,-134.215141774762
185,8,10,-1431.68755322539,10,-435.902864722916,10,1140.71741643591,10,-161.702136446922
185,8,15,-1527.8556071847,15,-435.205452501847,15,1012.1197617803,15,-189.348848792455
185,8,20,-1612.63964730853,20,-434.685131082903,20,875.367903242198,20,-217.642947477341
185,8,25,-1685.2201840087,25,-434.11662973715,25,731.473055881967,25,-247.040540938327
185,8,30,-1744.86962429706,30,-433.164579435198,30,581.553463445785,30,-277.944157156468
185,8,35,-1790.97244533003,35,-431.393630299908,35,426.823924440832,35,-310.681735386243
185,8,40,-1823.04329707251,40,-428.282250550062,40,268.580617759322,40,-345.487231980521
185,8,45,-1840.74188589659,45,-423.240052575151,45,108.181876744941,45,-382.483480027551
185,8,50,-1843.88371491792,50,-415.628371571697,50,-52.9741634207603,50,-421.667962181735
185,8,55,-1832.44604166712,55,-404.783683223879,55,-213.473920546314,55,-462.902148489345
185,8,60,-1806.56873470312,60,-390.04329685829,60,-371.913486124556,60,-505.905008360338
185,8,65,-1766.55004221391,65,-370.772609588487,65,-526.923255121759,65,-550.25122276872
185,8,70,-1712.83760270557,70,-346.393067242945,70,-677.190875653838,70,-595.374497186207
185,8,75,-1646.01530857171,75,-316.409862177646,75,-821.481475095178,75,-640.576209379489
185,8,80,-1566.78685994267,80,-280.438318844204,80,-958.654328303705,80,-685.039424773888
185,8,85,-1475.95700621184,85,-238.227885975168,85,-1087.67538792275,85,-727.848085236426
185,8,90,-1374.41155910996,90,-189.682677317228,90,-1207.62537609793,90,-768.010937815984
190,8,0,-1124.18246181178,0,-218.396641114077,0,1333.58111029496,0,-288.715386052362
190,8,5,-1245.15395908428,5,-211.158077846007,5,1234.01871221775,5,-287.644468577523
190,8,10,-1358.94516469488,10,-208.693305387734,10,1123.35418228875,10,-285.600974409233
190,8,15,-1464.06084873526,15,-211.105576905918,15,1001.8757465076,15,-283.817577678211
190,8,20,-1558.95234920506,20,-218.279675782533,20,870.167141706396,20,-283.531185198422
190,8,25,-1642.09349113324,25,-229.877393563634,25,729.125936393296,25,-285.950109182046
190,8,30,-1712.05893172307,30,-245.336623727404,30,579.959881858076,30,-292.218593083963
190,8,35,-1767.59881304665,35,-263.875393863433,35,424.161873932596,35,-303.37879903608
190,8,40,-1807.70416765982,40,-284.502227080649,40,263.465795550313,40,-320.330904369391
190,8,45,-1831.65851353767,45,-306.034106799644,45,99.7869030676936,45,-343.792505236266
190,8,50,-1839.07237221005,50,-327.12302686149,50,-64.8485804453788,50,-374.259033236769
190,8,55,-1829.89891130764,55,-346.291659765657,55,-228.379444628549,55,-411.967308651553
190,8,60,-1804.43041236064,60,-361.97809523577,60,-388.785715694,60,-456.864638773374
190,8,65,-1763.27667117593,65,-372.588922127864,65,-544.160104053407,65,-508.585982982789
190,8,70,-1707.32764826082,70,-376.559192390929,70,-692.770313039062,70,-566.441613655078
190,8,75,-1637.70362627714,75,-372.4170731318,75,-833.108767786626,75,-629.417379438118
190,8,80,-1555.69675793204,80,-358.850331797959,80,-963.927411356845,80,-696.189117819742
190,8,85,-1462.70818964056,85,-334.771288335204,85,-1084.25637160534,85,-765.151985286618
190,8,90,-1360.18493936686,90,-299.376583468543,90,-1193.40643785844,90,-834.464524408197
195,8,0,-985.658613703479,0,-40.1322477613035,0,1270.99968314066,0,-463.517680046593
195,8,5,-1114.49475230673,5,-25.3041694045246,5,1188.44955916673,5,-438.982232135099
195,8,10,-1239.87000512135,10,-18.2954626326452,10,1092.32690100058,10,-412.667202521125
195,8,15,-1359.31600664959,15,-19.4252843946764,15,982.135964289433,15,-386.22691306202
195,8,20,-1470.16135183569,20,-28.7768924743085,20,858.01911689693,20,-361.368058598905
195,8,25,-1569.70892253195,25,-46.171001612133,25,720.795027630781,25,-339.827165478531
195,8,30,-1655.41425008184,30,-71.1381878229253,30,571.942797337965,30,-323.336653761737
195,8,35,-1725.05004057294,35,-102.89490701212,35,413.535849190672,35,-313.57852561939
195,8,40,-1776.84419371157,40,-140.327647947117,40,248.133421680084,40,-312.126266980858
195,8,45,-1809.58179672184,45,-181.989310908876,45,78.6404723292243,45,-320.376935146341
195,8,50,-1822.66527595518,50,-226.111254084002,50,-91.8514551434785,50,-339.476594958379
195,8,55,-1816.13074134083,55,-270.633661804816,55,-260.229337854319,55,-370.243302323734
195,8,60,-1790.62219901246,60,-313.255945118758,60,-423.517316260465,60,-413.092749031976
195,8,65,-1747.32843652747,65,-351.507701562081,65,-579.018002925733,65,-467.972440930879
195,8,70,-1687.88978620423,70,-382.839253645101,70,-724.427860339273,70,-534.310753814228
195,8,75,-1614.28352081836,75,-404.728947379653,75,-857.920750638969,75,-610.987199217791
195,8,80,-1528.69730536034,80,-414.802346241378,80,-978.196605603697,80,-696.32953054471
195,8,85,-1433.39998719206,85,-410.95646343581,85,-1084.49489121171,85,-788.141798504278
195,8,90,-1330.61820394688,90,-391.480592281911,90,-1176.57492942932,90,-883.765139983625
200,8,0,-812.356764620922,0,90.3162033259844,0,1187.92143575203,0,-619.246237123352
200,8,5,-950.883298080813,5,114.424762754678,5,1127.54095366176,5,-577.969615294877
200,8,10,-1090.50641577348,10,129.293237560181,10,1049.86858392633,10,-533.96631234095
200,8,15,-1227.43184197553,15,134.246306941396,15,953.455138431515,15,-488.961941711408
200,8,20,-1357.49755084856,20,128.780272200419,20,837.996993367932,20,-444.828491379745
200,8,25,-1476.49494792852,25,112.632632619383,25,704.382339727458,25,-403.589035051406
200,8,30,-1580.48309819206,30,85.8572762157172,30,554.635983389591,30,-367.394910226687
200,8,35,-1666.06887635057,35,48.895081909179,35,391.774262320114,35,-338.474971745225
200,8,40,-1730.63128059842,40,2.63184138453394,40,219.588757581531,40,-319.059295009958
200,8,45,-1772.47503682734,45,-51.5622950685528,45,42.3819486936443,45,-311.28120785741
200,8,50,-1790.90615888583,50,-111.816046446932,50,-135.320242972122,50,-317.062254044453
200,8,55,-1786.22952690207,55,-175.766528130873,55,-309.054679055739,55,-337.985385001709
200,8,60,-1759.67514843028,60,-240.598826109522,60,-474.684188927345,60,-375.16297689799
200,8,65,-1713.26508193608,65,-303.119361738763,65,-628.619891773805,65,-429.108367345222
200,8,70,-1649.63667618993,70,-359.865722374188,70,-767.989819617671,70,-499.622103653495
200,8,75,-1571.83959898546,75,-407.252876900778,75,-890.746547471681,75,-585.706121455253
200,8,80,-1483.12405715491,80,-441.751241953183,80,-995.71213813174,80,-685.51959623019
200,8,85,-1386.73584768336,85,-460.086591957348,85,-1082.56380173261,85,-796.388418874898
200,8,90,-1285.73089586412,90,-459.446504781703,90,-1151.76769900904,90,-914.875857379782
205,8,0,-624.983190489655,0,172.680226902177,0,1092.46341181547,0,-745.831493635497
205,8,5,-773.496286426771,5,207.441744742447,5,1057.26355051453,5,-695.017512694626
205,8,10,-927.924474645252,10,233.105450088452,10,999.876044796195,10,-640.409741728637
205,8,15,-1082.93279073609,15,248.485752266842,15,917.866732166843,15,-583.48037355973
205,8,20,-1232.6681469306,20,252.444744134868,20,810.603618157581,20,-525.997979374206
205,8,25,-1371.25248865554,25,244.033088382772,25,679.287707034828,25,-470.064907990164
205,8,30,-1493.25360178944,30,222.632627937987,30,526.821409735898,30,-418.102580614718
205,8,35,-1594.09225846389,35,188.08190065353,35,357.540196037282,35,-372.790367020853
205,8,40,-1670.35407328028,40,140.774696887161,40,176.843642651947,40,-336.967159875784
205,8,45,-1719.98621229581,45,81.7298472818852,45,-9.23309902817049,45,-313.503838185882
205,8,50,-1742.37148196843,50,12.6345133728458,50,-194.466504245886,50,-305.151585604531
205,8,55,-1738.28407206569,55,-64.137821483645,55,-372.873305368021,55,-314.368481284312
205,8,60,-1709.74143060535,60,-145.538498867627,60,-539.089058548237,60,-343.127445669466
205,8,65,-1659.77477616887,65,-227.893704892731,65,-688.672047740917,65,-392.713389310736
205,8,70,-1592.14605656687,70,-307.006216822496,70,-818.315729663537,70,-463.525065326908
205,8,75,-1511.04119528041,75,-378.319463796916,75,-925.96168116001,75,-554.904855820673
205,8,80,-1420.76784178801,80,-437.146313021631,80,-1010.81441975262,80,-665.024294523206
205,8,85,-1325.48070549745,85,-478.952600636161,85,-1073.26847874903,85,-790.852119620638
205,8,90,-1228.94991923962,90,-499.672027690765,90,-1114.76511420453,90,-928.224234937021
210,8,0,-443.005159941379,0,212.301430345853,0,993.797778718942,0,-836.159423340989
210,8,5,-600.11996033133,5,258.446769661849,5,984.525373244174,5,-782.668855104068
210,8,10,-767.631521942633,10,296.937699828954,10,947.187949510616,10,-724.216737816905
210,8,15,-938.65963654503,15,325.927252946825,15,878.466674705263,15,-661.772502228715
210,8,20,-1105.69268073337,20,343.467176210224,20,777.616806359702,20,-596.811331493333
210,8,25,-1261.25353684253,25,347.753829480409,25,646.451989552083,25,-531.375235784243
210,8,30,-1398.52462807769,30,337.355143006385,30,489.093966873454,30,-468.049070747585
210,8,35,-1511.87725665578,35,311.386769383624,35,311.53573184432,35,-409.872509613428
210,8,40,-1597.26356331847,40,269.628813596918,40,121.080091988457,40,-360.212061534318
210,8,45,-1652.4456281737,45,212.595476265653,45,-74.2818110670561,45,-322.609332439721
210,8,50,-1677.05359277278,50,141.58022495786,50,-266.493709493768,50,-300.608223363232
210,8,55,-1672.48144374587,55,58.694602549295,55,-448.011185946044,55,-297.552762512037
210,8,60,-1641.6440106482,60,-33.0979624539346,60,-612.294659339444,60,-316.345741186978
210,8,65,-1588.63089961449,65,-129.972636154112,65,-754.189019384345,65,-359.168544814871
210,8,70,-1518.30144823902,70,-227.291636473059,70,-870.168568756404,70,-427.180981775378
210,8,75,-1435.86780886645,75,-319.745215225628,75,-958.436340813419,75,-520.239027363046
210,8,80,-1346.50938655663,80,-401.605643545413,80,-1018.88106092191,80,-636.680445939871
210,8,85,-1255.0506779311,85,-467.090024642583,85,-1052.91122410587,85,-773.228365838317
210,8,90,-1165.71802821297,90,-510.800087292373,90,-1063.19941005674,90,-925.050320642848
215,8,0,-282.240613398232,0,218.662198376316,0,900.457494759514,0,-886.864134381644
215,8,5,-444.83778227124,5,276.010449621321,5,915.789797575862,5,-836.534126402426
215,8,10,-621.418439724269,10,328.044137895682,10,896.51007538989,10,-780.010766160362
215,8,15,-803.820923079064,15,372.155853291264,15,838.617055086889,15,-717.613008378957
215,8,20,-983.186214841361,20,405.49228924904,20,741.523875754953,20,-650.425624608077
215,8,25,-1150.75738464381,25,425.334853655126,25,607.963526452165,25,-580.364397340677
215,8,30,-1298.62804570325,30,429.424736342346,30,443.577962114117,30,-510.115754411865
215,8,35,-1420.37581841085,35,416.179126507832,35,256.271324981081,35,-442.998281127117
215,8,40,-1511.52767626183,40,384.790493219043,40,55.4257897376722,40,-382.796042544336
215,8,45,-1569.820717648,45,335.246023786664,45,-148.925589403856,45,-333.59298139101
215,8,50,-1595.24318500978,50,268.329443867001,50,-346.894545092342,50,-299.604690230448
215,8,55,-1589.86410986864,55,185.659659224174,55,-529.450677926488,55,-284.976807609774
215,8,60,-1557.48324963615,60,89.7829086249669,60,-689.016766598775,60,-293.514071711565
215,8,65,-1503.15353197449,65,-15.7142381983025,65,-819.916527365978,65,-328.325111700346
215,8,70,-1432.64309494923,70,-126.140647737906,70,-918.646272985919,70,-391.405953326166
215,8,75,-1351.90936613586,75,-235.762325010992,75,-983.949483701586,75,-483.222643482932
215,8,80,-1266.64972983227,80,-338.04300892086,80,-1016.69353863112,80,-602.374848527841
215,8,85,-1181.97114882558,85,-426.071491153754,85,-1019.5774490423,85,-745.42089791839
215,8,90,-1102.18881946532,90,-493.133949406793,90,-996.726766361255,90,-906.922787965126
220,8,0,-153.476614829921,0,203.254527641174,0,818.978415623431,0,-898.368009315026
220,8,5,-316.837231510848,5,270.529417528231,5,855.967359665102,5,-855.594637486132
220,8,10,-496.434576655894,10,335.260605306093,10,851.527900630603,10,-805.391706937711
220,8,15,-683.376539467685,15,394.108769281405,15,801.235619260734,15,-747.381439314424
220,8,20,-868.049832852515,20,443.352253452545,20,704.934624294169,20,-682.241965718278
220,8,25,-1040.96593976596,25,479.413898467916,25,566.538729762616,25,-611.755270230045
220,8,30,-1193.57264544116,30,499.298044412145,30,393.425591116821,30,-538.682091918473
220,8,35,-1318.9672688693,35,500.845903421691,35,195.547034050315,35,-466.547789353909
220,8,40,-1412.44252681964,40,482.788055388835,40,-15.5962642613606,40,-399.427590739914
220,8,45,-1471.80270528985,45,444.658922347735,45,-227.983788857625,45,-341.780436980568
220,8,50,-1497.41006411111,50,386.696526565869,50,-430.020557659866,50,-298.316386399187
220,8,55,-1491.9568154007,55,309.846474846953,55,-611.357668357985,55,-273.829544825654
220,8,60,-1459.99977323727,60,215.920142622248,60,-763.569853833481,60,-272.918901284971
220,8,65,-1407.33408822163,65,107.858662783723,65,-880.665931028445,65,-299.560339115925
220,8,70,-1340.31023554557,70,-10.0225674648765,70,-959.39030762422,70,-356.562349971364
220,8,75,-1265.20609392463,75,-131.95333123077,75,-999.271426487909,75,-445.000114588677
220,8,80,-1187.74775364381,80,-250.894274167357,80,-1002.40241546305,80,-563.751158583959
220,8,85,-1112.82944664308,85,-359.012303787939,85,-972.992629938981,85,-709.245466766325
220,8,90,-1044.42511980741,90,-448.387850757332,90,-916.779631412071,90,-875.505381840096
225,8,0,-62.2540117991607,0,177.389082470655,0,753.330141848727,0,-874.292427860633
225,8,5,-220.456063971228,5,252.20822924603,5,807.994089538177,5,-841.921544824128
225,8,10,-395.570581192827,10,327.254728162971,10,814.577978370922,10,-800.945379868848
225,8,15,-578.771649841948,15,398.681177536096,15,768.503472504125,15,-750.325767747979
225,8,20,-760.513626097565,20,462.09647777902,20,670.270710550723,20,-690.374363196116
225,8,25,-931.290996190983,25,513.220287695498,25,525.145142947541,25,-622.768271107114
225,8,30,-1082.42619217001,30,548.453078042119,30,342.33860209264,30,-550.338032860183
225,8,35,-1206.83857084749,35,565.200348679004,35,133.858009351716,35,-476.755472687397
225,8,40,-1299.7024301955,40,561.879332015636,40,-86.7670320813006,40,-406.261895259889
225,8,45,-1358.87805589193,45,537.686579370485,45,-305.698856866821,45,-343.514653055041
225,8,50,-1385.01599927353,50,492.330668651873,50,-509.852043158923,50,-293.520675933469
225,8,55,-1381.29226427981,55,425.952783101693,55,-687.784412978072,55,-261.534955325735
225,8,60,-1352.81382749544,60,339.349208332878,60,-830.435261205606,60,-252.789142004416
225,8,65,-1305.81308036797,65,234.433943082956,65,-931.697913049085,65,-271.989351711585
225,8,70,-1246.8003523184,70,114.735578934113,70,-988.760717199725,70,-322.636783521
225,8,75,-1181.84830232382,75,-14.3166876667362,75,-1002.13144102563,75,-406.314770671579
225,8,80,-1116.13673414414,80,-145.490456958599,80,-975.306496057609,80,-522.112658751935
225,8,85,-1053.80328705254,85,-270.269305044014,85,-914.139265999399,85,-666.325405364591
225,8,90,-998.050614067264,90,-379.703294557872,90,-826.046138441225,90,-832.508778387171
230,8,0,-9.52230147723724,0,150.501137389521,0,705.189383047829,0,-820.448463582212
230,8,5,-156.068800699224,5,229.611803237029,5,773.134762096466,5,-799.936244427327
230,8,10,-318.615218639156,10,311.406143552831,10,786.908455321921,10,-769.739394520998
230,8,15,-489.340610119695,15,391.964050118312,15,742.02099399651,15,-728.254881317249
230,8,20,-659.713009365247,20,466.572728101035,20,639.770168865624,20,-675.504916104692
230,8,25,-820.999830693464,25,530.457901690175,25,486.824772968015,25,-613.113197188067
230,8,30,-964.924692282937,30,579.523179251222,30,294.199502726328,30,-543.992272626383
230,8,35,-1084.46942575665,35,610.818978576642,35,75.8439897406945,35,-471.916228331048
230,8,40,-1174.70126871757,40,622.552018785286,40,-152.869973873607,40,-401.184320989502
230,8,45,-1233.41592184777,45,613.688999185246,45,-376.527099092996,45,-336.491919323291
230,8,50,-1261.38200143259,50,583.454454398388,50,-580.809026540966,50,-282.95563757385
230,8,55,-1262.06723425877,55,531.10187674329,55,-753.422776453833,55,-246.099659045003
230,8,60,-1240.88579659769,60,456.185213061158,60,-884.884717580743,60,-231.598290005658
230,8,65,-1204.16151833235,65,359.266484055221,65,-969.16013619618,65,-244.693704146384
230,8,70,-1158.08846243153,70,242.742539896359,70,-1004.05273286214,70,-289.381070637895
230,8,75,-1107.95583966246,75,111.398788693093,75,-991.199223492153,75,-367.568242994237
230,8,80,-1057.79808867523,80,-27.5820723005549,80,-935.603183902038,80,-478.42611858011
230,8,85,-1010.4781049673,85,-165.20450826086,85,-844.794528509592,85,-618.07867973866
230,8,90,-968.071295702254,90,-291.683121998569,90,-727.824376261811,90,-779.69955074162
235,8,0,7.28958105631421,0,129.257483519091,0,674.743363892147,0,-743.626668392345
235,8,5,-121.250014336791,5,209.011576126028,5,751.711602428514,5,-735.373631531646
235,8,10,-263.499589967362,10,293.43144679348,10,769.257584068692,10,-716.431155946521
235,8,15,-413.582493622933,15,379.112285631246,15,723.180483201706,15,-684.769049953965
235,8,20,-564.918239209732,20,461.453232620399,20,615.624753024667,20,-640.228409310304
235,8,25,-710.315150819309,25,535.392233473009,25,454.593653221017,25,-584.452495279651
235,8,30,-842.37694246179,30,596.368576644323,30,252.754460890596,30,-520.464619897972
235,8,35,-954.310347753416,35,641.058148970442,35,25.7950471351884,35,-452.114743151309
235,8,40,-1040.99178925002,40,667.482823516232,40,-209.310195592143,40,-383.675495828923
235,8,45,-1099.9460319444,45,674.460236711224,45,-435.823511163065,45,-319.749017648154
235,8,50,-1131.8347278797,50,660.796765330621,50,-638.441627855991,50,-265.4028290492
235,8,55,-1140.20240697084,55,624.823906802277,55,-804.244335651184,55,-226.255003453119
235,8,60,-1130.51813502714,60,564.687576344336,60,-923.521669188522,60,-208.226041714406
235,8,65,-1108.83603170983,65,479.345943237891,65,-990.488383469481,65,-216.867687004004
235,8,70,-1080.53617537307,70,369.811408786193,70,-1003.72178248359,70,-256.420858669975
235,8,75,-1049.5416848303,75,240.035179034176,75,-966.103815779892,75,-328.884341646388
235,8,80,-1018.18588102301,80,97.0222966380585,80,-884.182542712494,80,-433.345530876345
235,8,85,-987.641892264483,85,-49.8723090432651,85,-767.100310527134,85,-565.709288557396
235,8,90,-958.64325412779,90,-190.19864400865,90,-625.394943997916,90,-718.860949663841
240,8,0,-6.86465564224063,0,117.473693389471,0,661.548414356138,0,-650.387288369292
240,8,5,-111.823061569343,5,194.436240340118,5,743.821998198368,5,-654.13440516859
240,8,10,-227.204080105652,10,277.555197164897,10,762.37295688532,10,-646.181341026935
240,8,15,-349.8761708902,15,364.560980486012,15,713.450740780385,15,-624.240570468669
240,8,20,-476.012117598352,20,451.391214129259,20,600.024011611325,20,-588.115314898156
240,8,25,-600.621813020583,25,532.852256113324,25,431.270846189244,25,-539.568442648053
240,8,30,-717.589966461566,30,603.869191554475,30,221.276752713842,30,-481.779993514921
240,8,35,-820.449326871477,35,660.634435307304,35,-12.7891860636143,35,-418.663303522856
240,8,40,-903.749064065114,40,700.944944764813,40,-252.599265130986,40,-354.399231180282
240,8,45,-964.495544542741,45,723.528290195108,45,-480.321712153255,45,-293.394112438907
240,8,50,-1002.99421862785,50,726.860690190427,50,-679.872436673323,50,-240.540684778315
240,8,55,-1022.64072024497,55,708.368818897985,55,-837.88747934586,55,-201.402716457974
240,8,60,-1028.69823810065,60,664.692124844144,60,-944.602972060439,60,-181.962739693485
240,8,65,-1026.57955999756,65,593.01384549149,65,-994.649761854547,65,-187.852010922604
240,8,70,-1020.35559166152,70,492.808666675509,70,-987.524481110355,70,-223.296642213515
240,8,75,-1012.04573824364,75,367.120429573425,75,-927.439466040036,75,-290.141126886811
240,8,80,-1001.83563484959,80,222.767627757532,80,-822.468284936917,80,-387.218398533296
240,8,85,-988.958085160152,85,69.4385209377038,85,-683.230342460504,85,-510.164675880652
240,8,90,-972.766398604921,90,-81.8785717307365,90,-521.537924130458,90,-651.670837501445
245,8,0,-45.7037344319897,0,116.636075514252,0,665.048024010894,0,-546.0318100632
245,8,5,-122.688054435086,5,188.167748165421,5,749.699228163342,5,-561.226948382839
245,8,10,-206.286379050509,10,266.924888114483,10,767.194835291442,10,-563.600680924134
245,8,15,-296.677573987657,15,352.28580482735,15,714.377364383092,15,-550.797763577764
245,8,20,-393.358685529816,20,441.056802797345,20,594.990358899174,20,-522.759886476618
245,8,25,-494.029953445162,25,527.998528095587,25,419.191413793104,25,-481.496596334939
245,8,30,-594.163951446584,30,607.422480700807,30,202.218420593218,30,-430.403913038188
245,8,35,-687.690446873185,35,674.890673123178,35,-37.5453233083598,35,-373.451835296314
245,8,40,-768.699246281444,40,727.908731293209,40,-280.647339846948,40,-314.674336209203
245,8,45,-833.442116250524,45,765.167347559013,45,-508.344967272841,45,-258.200310439726
245,8,50,-881.619820316093,50,784.923164818192,50,-703.925208204706,50,-208.651436252866
245,8,55,-916.237389634227,55,783.766454383782,55,-853.721921607029,55,-171.41982937173
245,8,60,-942.065191325131,60,756.805992065327,60,-948.063022158011,60,-152.393622509753
245,8,65,-963.488518872011,65,699.368831045359,65,-982.141047150347,65,-157.07863950293
245,8,70,-982.802914491019,70,609.33577676524,70,-956.488051513163,70,-189.45000732421
245,8,75,-999.683684449409,75,488.863734486404,75,-876.688374311117,75,-250.974646117956
245,8,80,-1011.88460965161,80,344.65415531636,80,-752.275288054875,80,-340.07379649706
245,8,85,-1016.63737264802,85,186.758791412592,85,-595.179680389484,85,-452.06598840452
245,8,90,-1012.0368417059,90,26.6140894110716,90,-418.276292363738,90,-579.529515776308
250,8,0,-102.576312286627,0,126.726058823062,0,684.583191116635,0,-433.908424923019
250,8,5,-148.512145579778,5,191.401236261471,5,769.590048058479,5,-459.985210893768
250,8,10,-197.229678140112,10,264.034328948217,10,784.628269867291,10,-471.938115941957
250,8,15,-252.514768092838,15,345.947780129774,15,727.27804142602,15,-467.528899519128
250,8,20,-317.483248178159,20,434.99441257688,20,602.032844663282,20,-447.026313724534
250,8,25,-392.801341158602,25,525.914720398636,25,419.863258448655,25,-412.824961533352
250,8,30,-475.728098989412,30,612.31547723952,30,196.919933159606,30,-368.598369381112
250,8,35,-560.65511809936,35,689.011551880811,35,-47.4393211267175,35,-318.364644454804
250,8,40,-641.135110790579,40,753.169372907731,40,-292.832029698803,40,-265.95981233188
250,8,45,-712.487380521368,45,803.500738440057,45,-519.748874183808,45,-215.168799546215
250,8,50,-773.579122178798,50,838.16631891232,50,-710.96360728492,50,-170.270228224533
250,8,55,-826.755789844071,55,853.033472827616,55,-852.620801746872,55,-136.397601591099
250,8,60,-875.963402016514,60,841.739176431337,60,-935.258545890759,60,-119.22563948545
250,8,65,-924.162470138566,65,797.776324810406,65,-954.736874371997,65,-123.97633432499
250,8,70,-971.471521269035,70,717.467061052259,70,-912.68060188506,70,-154.18920516465
250,8,75,-1014.92730342971,75,602.15407679524,75,-816.024070114632,75,-210.774465330105
250,8,80,-1049.75606376622,80,458.500505701331,80,-675.657032299599,80,-291.607948803793
250,8,85,-1071.29496119592,85,296.942472570156,85,-504.671694187913,85,-391.640363911989
250,8,90,-1076.59633381745,90,129.285777107686,90,-316.860631168793,90,-503.401007798784
255,8,0,-171.331388170402,0,147.048962934003,0,718.965255464823,0,-315.154618403073
255,8,5,-184.392125709455,5,204.846921938298,5,803.236861714838,5,-351.696255018134
255,8,10,-196.830361024076,10,271.035777883667,10,815.004344103213,10,-372.649475301352
255,8,15,-216.094197694023,15,348.91194115102,15,752.740435147424,15,-376.034236715427
255,8,20,-248.941007218076,20,437.389786201844,20,621.725678390179,20,-362.604636344925
255,8,25,-299.048837618227,25,531.187565759681,25,433.659029895303,25,-335.256772606839
255,8,30,-365.536672668038,30,623.185643457597,30,205.438527169543,30,-297.987982652234
255,8,35,-443.320987091266,35,707.42621636319,35,-42.7899799755746,35,-254.850586626736
255,8,40,-525.421836322835,40,780.740645008507,40,-289.876705788687,40,-209.43907643033
255,8,45,-606.138586526206,45,841.92278759589,45,-515.673259933708,45,-165.145836510288
255,8,50,-683.310922798507,50,889.153766732299,50,-702.547525379169,50,-125.857496989395
255,8,55,-758.325675032164,55,917.724021883404,55,-836.557078865887,55,-96.3893113553138
255,8,60,-833.927317388726,60,919.947214647241,60,-908.539641922406,60,-82.1213367117441
255,8,65,-911.264149168932,65,887.619314253905,65,-915.068409519,65,-87.8866620929793
255,8,70,-987.980863223092,70,815.621154355691,70,-858.833126465543,70,-116.667060493127
255,8,75,-1058.3577197785,75,704.560796307058,75,-748.018571938851,75,-168.690983582415
255,8,80,-1115.17367073792,80,561.081502521472,80,-594.742028583491,80,-241.184929026837
255,8,85,-1152.08018415433,85,395.955232947881,85,-413.157992790459,85,-328.6850074283
255,8,90,-1165.30563083444,90,221.271518414555,90,-217.94307337657,90,-423.721865822358
260,8,0,-247.071916925748,0,176.838005920513,0,765.82752356925,0,-188.909285217377
260,8,5,-226.521233878668,5,229.126532952881,5,849.173440962326,5,-235.690920626049
260,8,10,-202.722292749874,10,289.893450810562,10,857.414522254981,10,-265.396810985129
260,8,15,-186.663106762411,15,364.182268973415,15,790.069949707537,15,-276.360118249298
260,8,20,-188.537389067306,20,451.849471474488,20,653.315313136314,20,-269.894853977451
260,8,25,-214.861409177757,25,547.603323089122,25,459.599553792577,25,-249.449776043717
260,8,30,-266.550262488083,30,643.693394261735,30,226.502293396297,30,-219.355897485862
260,8,35,-339.094246633037,35,733.494250526631,35,-25.1646313726074,35,-183.680903539132
260,8,40,-425.068400774155,40,813.574035953209,40,-273.623954871331,40,-145.753884174675
260,8,45,-517.766801321804,45,882.861472086148,45,-498.222786957392,45,-108.556259486581
260,8,50,-613.856359182375,50,939.643364608082,50,-681.046475764244,50,-75.5611151030597
260,8,55,-713.451520531792,55,978.794685193629,55,-808.16957836691,55,-51.2281760273042
260,8,60,-817.697489904186,60,991.541183947467,60,-870.786663066482,60,-40.5886130771418
260,8,65,-925.589399142818,65,968.234424779289,65,-866.157582072463,65,-48.0236836105363
260,8,70,-1032.13735410624,70,902.498460131765,70,-797.915547500668,70,-75.890980448303
260,8,75,-1128.92173860955,75,794.258204035276,75,-675.322337370741,75,-123.667294909484
260,8,80,-1206.47967342577,80,650.054675366822,80,-511.582196917286,80,-187.865821369399
260,8,85,-1257.00331161122,85,480.853718521762,85,-321.87762751946,85,-262.581412561056
260,8,90,-1276.03953973382,90,298.940099713479,90,-121.84804898711,90,-340.399341671998
265,8,0,-326.720843557216,0,215.503917676609,0,821.005090327303,0,-52.9485088039474
265,8,5,-272.799096307856,5,264.877289938356,5,904.062575721555,5,-109.866935408753
265,8,10,-213.988471282577,10,322.341830054184,10,909.102136693533,10,-148.44977832154
265,8,15,-164.583994839963,15,394.254096577654,15,836.813231048225,15,-167.282012407141
265,8,20,-137.847062346429,20,481.207508476415,20,694.420644082879,20,-168.183285718987
265,8,25,-142.777791102353,25,577.964451985549,25,495.237457726533,25,-155.101148290012
265,8,30,-181.892838897525,30,676.38136062706,30,257.553134123875,30,-132.653265790647
265,8,35,-251.275695111961,35,769.41336583325,35,2.78275077416925,35,-104.899823449698
265,8,40,-343.207244312829,40,853.504810795777,40,-246.795668443862,40,-74.9145688180845
265,8,45,-450.084119976209,45,927.752066492256,45,-470.178575687062,45,-45.2952126372477
265,8,50,-567.315407095969,50,990.583388438391,50,-649.316308313652,50,-19.1141267395003
265,8,55,-693.448459037057,55,1036.61672118728,55,-770.406578168132,55,-0.454125602852913
265,8,60,-827.658286072414,60,1056.29511448916,60,-825.023073047999,60,6.04892211147172
265,8,65,-966.532680157861,65,1038.87527662239,65,-811.017807698974,65,-3.48836086629478
265,8,70,-1102.43045509266,70,976.957500735463,70,-732.76949737785,70,-30.7688392272216
265,8,75,-1224.42541229036,75,869.796270601881,75,-600.393399293239,75,-74.4996484576277
265,8,80,-1321.07207733361,80,723.654455597061,80,-428.041704156982,80,-130.473113609199
265,8,85,-1383.27733086016,85,549.480709623857,85,-231.941765476514,85,-192.363452262793
265,8,90,-1405.94170544206,90,359.687626301022,90,-28.8458108392705,90,-252.887965695103
270,8,0,-409.321261224005,0,262.503795124589,0,878.14769754786,0,95.3705313638175
270,8,5,-323.269866061267,5,312.526770584297,5,962.262032464075,5,28.4564039230745
270,8,10,-231.712203519005,10,369.600317542352,10,965.057055357763,10,-19.4043564295133
270,8,15,-151.94893963938,15,440.818877275103,15,888.449553942378,15,-46.8671685342826
270,8,20,-99.8426150830095,20,527.271593884357,20,740.862562776718,20,-56.0558205162096
270,8,25,-86.4052538926055,25,623.912023521308,25,536.630236351006,25,-51.236576835789
270,8,30,-115.464953474717,30,722.579250574843,30,294.836879705748,30,-37.1963953506899
270,8,35,-183.684752498691,35,816.185565944994,35,37.4762382555478,35,-17.9592562585878
270,8,40,-283.236367699,40,901.246686335658,40,-212.792987411821,40,3.6057802208468
270,8,45,-405.795256333533,45,977.034663009564,45,-434.784953480473,45,25.2033329062967
270,8,50,-545.494744478656,50,1042.10062642421,50,-610.475267579475,50,44.1112784707333
270,8,55,-699.082456879227,55,1090.94484695743,55,-726.282699718603,55,56.6368013001485
270,8,60,-863.474120559971,60,1113.57209068793,60,-774.148985863022,60,58.5985411446952
270,8,65,-1032.71250130552,65,1098.55713789701,65,-752.3780977269,65,46.6686803304
270,8,70,-1196.61304612785,70,1037.74335414793,70,-665.859092851466,70,19.8171866765237
270,8,75,-1342.0131465906,75,929.710613544415,75,-525.323609833861,75,-19.9227551661428
270,8,80,-1455.735084742,80,780.229545686286,80,-345.741535733517,80,-67.6889887204786
270,8,85,-1527.49810030004,85,600.011737407265,85,-144.41638584407,85,-116.830378553032
270,8,90,-1551.51516264655,90,401.575724415095,90,60.6355676133454,90,-160.315135111849
275,8,0,-496.017145238057,0,316.890494845861,0,928.695081784701,0,258.025017201153
275,8,5,-380.265858429467,5,371.757373549379,5,1015.74469929409,5,181.504848793273
275,8,10,-259.281375298689,10,431.811534718442,10,1017.91966074533,10,123.905760921448
275,8,15,-153.004363021936,15,504.238632314228,15,938.323557179982,15,86.7752639262824
275,8,20,-79.3853644822056,20,590.384227956586,20,786.65890302113,20,68.0153841346965
275,8,25,-50.934976606922,25,685.598679951027,25,578.407124008184,25,63.3388383545808
275,8,30,-72.4683052067834,30,782.180909575163,30,333.527696779385,30,67.9767604093364
275,8,35,-141.197330142692,35,873.463230749936,35,74.5727248189173,35,77.9813125395886
275,8,40,-249.378033786931,40,956.262672245657,40,-175.535416762172,40,90.6053705048365
275,8,45,-388.177672368753,45,1030.01577036297,45,-395.593276551265,45,103.729215404883
275,8,50,-550.503107004108,50,1093.33538784323,50,-567.749955933079,50,114.900523982728
275,8,55,-731.16997790997,55,1140.71558145306,55,-678.720157986326,55,120.829586211543
275,8,60,-924.67265291713,60,1162.07100879333,60,-720.777830418129,60,117.874437275076
275,8,65,-1122.49878037301,65,1145.73334739601,65,-692.528096956328,65,103.350036431864
275,8,70,-1312.11699337372,70,1083.08725453678,70,-599.146891579771,70,76.9210217811796
275,8,75,-1478.4206535668,75,972.067479486035,75,-451.76789293008,75,41.289160431479
275,8,80,-1606.71617854286,80,817.783449955758,80,-266.055099689499,80,1.82182889483884
275,8,85,-1685.59067462197,85,630.547387821509,85,-60.3858331390801,85,-34.6883816535826
275,8,90,-1708.53245904871,90,423.007958484405,90,145.883038387749,90,-61.6266542481407
280,8,0,-589.699440619175,0,376.664612808713,0,962.264654618962,0,435.297671129675
280,8,5,-448.157292345736,5,440.747779363474,5,1054.43638526889,5,350.024690431223
280,8,10,-302.266896187703,10,507.240748932298,10,1058.26272443961,10,282.463030434649
280,8,15,-174.152175454809,15,582.775279848427,15,977.881748109497,15,234.675065604086
280,8,20,-83.3211875381907,20,668.738989529014,20,824.232733099311,20,204.992560588354
280,8,25,-43.2993692196175,25,761.119826256153,25,613.962736248841,25,189.481345312752
280,8,30,-59.6004429921129,30,853.184487732931,30,367.912509665974,30,183.630065943599
280,8,35,-129.968273197817,35,939.166144090972,35,109.136739296782,35,183.62560880537
280,8,40,-246.930595702656,40,1016.41780295924,40,-139.296570318642,40,186.753822035845
280,8,45,-401.367702284821,45,1084.5233326442,45,-356.307044134919,45,190.929434943911
280,8,50,-585.069962587216,50,1142.08043669254,50,-524.3288626412,50,193.881720006768
280,8,55,-790.911048058217,55,1183.66428718351,55,-630.414843397598,55,192.745289917618
280,8,60,-1010.9524158528,60,1199.42431408938,60,-667.126019990634,60,184.526183489577
280,8,65,-1234.23957149806,65,1177.88573340967,65,-633.244531412768,65,167.295380949044
280,8,70,-1446.14830923357,70,1110.31457630389,70,-534.063580505081,70,141.438402609741
280,8,75,-1629.92022357208,75,994.123592759196,75,-380.951085224591,75,110.216695421694
280,8,80,-1769.5537227371,80,833.714398858466,80,-190.136996120537,80,79.2786957427101
280,8,85,-1852.5960176244,85,638.93497337976,85,19.008909888336,85,55.2955923000606
280,8,90,-1871.871680291,90,422.598145073145,90,225.848122175613,90,44.2621538532967
285,8,0,-694.335959655435,0,438.082733699609,0,967.422328052057,0,624.995074291042
285,8,5,-532.651662587264,5,515.354495402961,5,1066.96367315656,5,532.463383436045
285,8,10,-367.743473411694,10,591.38889720731,10,1075.26607545282,10,455.263463899959
285,8,15,-223.336800665839,15,671.701044998474,15,997.244475983117,15,396.258058086065
285,8,20,-119.958293864533,20,757.543800347465,20,844.874676870308,20,354.609220146674
285,8,25,-71.740695027844,25,845.761726803908,25,635.821816968699,25,327.121134652025
285,8,30,-84.6976664288971,30,931.03131803552,30,391.682300410575,30,309.798602442927
285,8,35,-157.130644928932,35,1008.89795922547,35,135.885884241794,35,299.047912181836
285,8,40,-282.017480171359,40,1077.4515872283,40,-108.482060846788,40,292.131254611092
285,8,45,-450.163327034111,45,1136.41486814642,45,-320.572481909416,45,286.889741229062
285,8,50,-652.402810974997,50,1184.31342125346,50,-483.170252725931,50,281.171619961439
285,8,55,-879.782239307848,55,1215.88564214378,55,-583.679038944609,55,272.57101556052
285,8,60,-1122.07062306341,60,1221.80905445376,60,-614.911678963106,60,258.855661856529
285,8,65,-1366.09875250618,65,1191.22423231617,65,-575.757130795181,65,238.964510035361
285,8,70,-1595.45436398405,70,1115.67249600791,70,-471.531573383191,70,214.01757137262
285,8,75,-1792.04122044326,75,992.300718985338,75,-313.719532877175,75,187.695161384455
285,8,80,-1938.81321789349,80,824.91488546194,80,-118.966889675334,80,165.654185003985
285,8,85,-2022.49381435399,85,622.925337760607,85,92.5555544478005,85,154.137574995928
285,8,90,-2035.46592991124,90,399.289032614628,90,299.155069277119,90,158.306015977939
290,8,0,-814.023568478904,0,495.085185794337,0,932.731600044357,0,822.049090382648
290,8,5,-639.647940126251,5,588.459884625165,5,1041.71954608214,5,724.511871297095
290,8,10,-463.01541945182,10,676.289059737764,10,1057.71647147675,10,638.816910060465
290,8,15,-308.736441071417,15,762.574780056433,15,986.075758033355,15,568.826092298935
290,8,20,-197.807738280197,20,848.304686576235,20,839.450599001282,20,514.84945130725
290,8,25,-144.648303610866,25,931.313486649112,25,636.189361296924,25,474.755105052314
290,8,30,-155.677007372688,30,1007.96253926144,30,398.358139586398,30,445.304651836519
290,8,35,-229.830214654686,35,1075.36216754742,35,149.537734265207,35,423.240902903165
290,8,40,-360.705655080257,40,1132.4647308214,40,-87.3249514600724,40,405.818318675401
290,8,45,-539.230669125627,45,1179.14072223752,45,-291.701424791139,45,390.779458291543
290,8,50,-755.487730924445,50,1213.84122288205,50,-446.761984952378,50,376.087884198108
290,8,55,-998.924541872395,55,1231.57411307105,55,-540.262974123488,55,359.847036077607
290,8,60,-1257.29957288028,60,1223.81690309393,60,-565.260990714853,60,340.674596034983
290,8,65,-1515.56984727259,65,1180.72928097706,65,-520.743623151804,65,318.445199188129
290,8,70,-1755.91356305273,70,1094.56977568289,70,-412.024665436782,70,294.985603124972
290,8,75,-1959.28521034217,75,962.599645232096,75,-250.619965303717,75,274.227277120406
290,8,80,-2107.98227063735,80,788.276081086042,80,-53.4000375418299,80,261.553491466137
290,8,85,-2188.29629538796,85,580.641598459078,85,158.976316401955,85,262.480727473487
290,8,90,-2192.55166733268,90,352.660841796162,90,364.159836218962,90,281.148649286017
295,8,0,-951.811488583974,0,539.006990009677,0,847.92310225179,0,1018.52566871218
295,8,5,-773.732931046761,5,649.738131955649,5,968.07743541755,5,919.059773573705
295,8,10,-593.85605626227,10,750.314602194121,10,995.173767361719,10,827.024085694225
295,8,15,-436.86314078918,15,843.06173491106,15,934.620434768546,15,747.349493027755
295,8,20,-323.666422091723,20,928.625277733852,20,799.261432468438,20,681.669166887997
295,8,25,-268.712981795758,25,1005.83102531064,25,607.627081423318,25,629.127137158365
295,8,30,-278.803691289974,30,1072.76060279807,30,381.813288156354,30,587.436022449099
295,8,35,-353.616235338838,35,1128.11945699113,35,145.221453426286,35,553.828506069664
295,8,40,-487.523786513548,40,1171.73893116228,40,-79.5485016164948,40,525.667180026351
295,8,45,-671.762122325621,45,1203.66335584079,45,-272.394364760399,45,500.686913744811
295,8,50,-895.906383289367,50,1222.34221698208,50,-416.913253682211,50,477.040710955254
295,8,55,-1148.13691963149,55,1223.20914028342,55,-501.234014802123,55,453.398731552802
295,8,60,-1414.61453752299,60,1198.80682496467,60,-518.686092744512,60,429.259333350005
295,8,65,-1678.8861818742,65,1140.69079892245,65,-468.395438666142,65,405.414375551027
295,8,70,-1922.20955371061,70,1042.28758416533,70,-355.684640600999,70,384.300537695631
295,8,75,-2125.1031872316,75,901.410898139438,75,-192.013523675748,75,369.911850179773
295,8,80,-2269.75314281655,80,721.47183706054,80,5.77312324540374,80,367.107470279395
295,8,85,-2342.57170224725,85,511.191857075801,85,216.955312304099,85,380.444308979645
295,8,90,-2336.29936403876,90,283.265125525964,90,419.068787304756,90,412.923518293189
300,8,0,-1108.36367986057,0,558.736333852361,0,705.02913952802,0,1203.92917940216
300,8,5,-936.502719166856,5,686.055058707391,5,837.561623314164,5,1106.4652629864
300,8,10,-762.540680611735,10,798.771146319166,10,879.098973354973,10,1011.36140543254
300,8,15,-610.407521505716,15,897.619426597903,15,834.715692119015,15,924.541673098773
300,8,20,-500.389687048527,20,982.881872286367,20,716.888377097802,20,848.970136857838
300,8,25,-446.72686622464,25,1054.23266337049,25,543.716178530663,25,785.143154696506
300,8,30,-456.585951926332,30,1111.25565790357,30,336.765987216452,30,731.859912486013
300,8,35,-530.472335084167,35,1154.04752419836,35,118.826546260391,35,687.029487614101
300,8,40,-663.659614513466,40,1183.21591037618,40,-88.1378570705038,40,648.339186233293
300,8,45,-847.872412933988,45,1199.01293779885,45,-264.61986525592,45,613.721817988031
300,8,50,-1072.46909635734,50,1200.03148439155,50,-394.738082821362,50,581.665164320257
300,8,55,-1324.79047547374,55,1182.34079412386,55,-467.060176353278,55,551.457041792653
300,8,60,-1589.93732102241,60,1139.80600506754,60,-475.253183449388,60,523.428821511788
300,8,65,-1850.64124178496,65,1065.69949193789,65,-418.637551121042,65,499.163280242507
300,8,70,-2087.8598368757,70,955.00352767377,70,-302.544706612191,70,481.530131422851
300,8,75,-2282.32274935673,75,806.47451107623,75,-138.248710454611,75,474.387254726108
300,8,80,-2416.77365355803,80,623.733758874844,80,57.7522392150168,80,481.88474515312
300,8,85,-2478.37392746807,85,415.154638475788,85,265.192877821701,85,507.496510681337
300,8,90,-2460.7321218308,90,192.775042960263,90,462.130042849085,90,553.072088984652
305,8,0,-1280.58286703835,0,541.477838579361,0,499.399714494671,0,1365.60800303614
305,8,5,-1124.98113894909,5,682.614663314484,5,644.85007643452,5,1274.92861207444
305,8,10,-966.086686771289,10,805.35985014682,10,703.793842292599,10,1181.17678784842
305,8,15,-826.346790903109,15,909.140120960294,15,680.616181950752,15,1091.05721332523
305,8,20,-724.928266426298,20,993.89203114179,20,586.862950001063,20,1008.71671484249
305,8,25,-675.61693706092,25,1059.88067475114,25,439.548008123901,25,935.954230730522
305,8,30,-685.872036037165,30,1107.77663009569,30,259.081812818288,30,872.731673609794
305,8,35,-757.039568735978,35,1138.6823279073,35,67.1193115670385,35,817.836674878432
305,8,40,-885.366499108795,40,1153.78229821332,40,-115.398908877987,40,769.564850303728
305,8,45,-1063.24286814034,45,1153.56568890737,45,-269.830150842894,45,726.327198851311
305,8,50,-1280.15113336981,50,1136.95454581276,50,-380.998902105986,50,687.129922331229
305,8,55,-1523.11233755518,55,1100.8860495119,55,-438.040819259846,55,651.90674602851
305,8,60,-1776.81884126881,60,1040.76599852649,60,-435.048468472704,60,621.697126524408
305,8,65,-2023.90038780243,65,951.7991107262,65,-371.572177826883,65,598.653210278049
305,8,70,-2245.74366549387,70,830.764531548254,70,-252.895772963752,70,585.838502873894
305,8,75,-2424.01705178771,75,677.599128300521,75,-89.904557190622,75,586.785656880083
305,8,80,-2542.71789280032,80,496.262208403638,80,101.639072945414,80,604.837230090645
305,8,85,-2590.33372619263,85,294.669007464375,85,302.489714279092,85,642.390289972587
305,8,90,-2561.65644692631,90,83.7965154628819,90,491.890301909031,90,700.247802912504
310,8,0,-1460.42343169591,0,474.232201061759,0,230.619299741405,0,1489.12511245977
310,8,5,-1330.4626448269,5,624.812558577107,5,388.620779085989,5,1410.7887535741
310,8,10,-1195.13611848414,10,754.342156220514,10,467.150028558237,10,1323.89970836865
310,8,15,-1074.84989676565,15,861.303160922802,15,469.615448073613,15,1235.6232715907
310,8,20,-987.238216882423,20,945.312354341581,20,406.127703634923,20,1151.020870853
310,8,25,-945.363660531727,25,1006.90805726949,25,291.991408010529,25,1073.04320695533
310,8,30,-956.811761677259,30,1047.34071366355,30,145.820422780444,30,1002.82869900857
310,8,35,-1023.67825525174,35,1068.25246348847,35,-12.444798500602,35,940.222732197172
310,8,40,-1143.19098829229,40,1071.15876562505,40,-163.372301410609,40,884.41413542651
310,8,45,-1308.57577549906,45,1056.79857361754,45,-289.566224142963,45,834.57652722405
310,8,50,-1509.82515834809,50,1024.59754412783,50,-376.840932642684,50,790.407264674706
310,8,55,-1734.23486566226,55,972.553865406374,55,-415.089719704489,55,752.480336166931
310,8,60,-1966.82255937312,60,897.73738140558,60,-398.924246320569,60,722.367554947691
310,8,65,-2190.89918191899,65,797.340465881037,65,-328.112648252205,65,702.52167128436
310,8,70,-2389.04471802008,70,669.972012584274,70,-207.755182658397,70,695.945468743117
310,8,75,-2544.56973626232,75,516.775362140356,75,-48.0674878124731,75,705.695829604383
310,8,80,-2643.32078530562,80,342.019958869952,80,136.357373708748,80,734.301475466723
310,8,85,-2675.51740331099,85,153.007428151058,85,327.854690747481,85,783.207105582405
310,8,90,-2637.24581948998,90,-40.6587839104886,90,507.474475488122,90,852.374786290119
315,8,0,-1634.25082523127,0,345.980458086076,0,-96.6120320458476,0,1558.67256016307
315,8,5,-1538.10791408026,5,500.594742005853,5,72.3547163415664,5,1498.78078231962
315,8,10,-1433.79502312587,10,633.023365908807,10,171.35237052913,10,1425.16570496701
315,8,15,-1339.30581072629,15,741.120065702321,15,202.622573543613,15,1345.06739424814
315,8,20,-1270.42196541472,20,824.176421264042,20,174.449244027917,20,1264.11635314747
315,8,25,-1239.19907015046,25,882.683985628782,25,99.8981464838512,25,1186.18476418749
315,8,30,-1253.09831322145,30,917.989044878714,30,-4.80612345214648,30,1113.52241784142
315,8,35,-1314.77857689669,35,931.836175000812,35,-122.029381973916,35,1047.13148158194
315,8,40,-1422.3951747122,40,925.835614266274,40,-234.393728009306,40,987.297561671121
315,8,45,-1570.16734166007,45,900.962236385142,45,-326.216604704813,45,934.165043556217
315,8,50,-1749.00507486478,50,857.251615373225,50,-384.662391864985,50,888.234494998068
315,8,55,-1947.10412013359,55,793.847324601272,55,-400.612551427946,55,850.678567650487
315,8,60,-2150.55864530247,60,709.456134387936,60,-369.283993236652,60,823.41824734361
315,8,65,-2344.12751630094,65,603.120957065877,65,-290.601375554152,65,808.958533362978
315,8,70,-2512.2774220104,70,475.094811812997,70,-169.279983330602,70,810.033203437603
315,8,75,-2640.52388367885,75,327.552420145521,75,-14.53925478192,75,829.141443391526
315,8,80,-2716.95182122483,80,164.925831677313,80,160.625338516913,80,868.074135069193
315,8,85,-2733.68291223083,85,-6.23302730849033,85,340.623725206503,85,927.527001636924
315,8,90,-2688.00887022312,90,-177.829108767923,90,508.821921832207,90,1006.88028735753
320,8,0,-1783.18757430266,0,150.346417081501,0,-471.660994681989,0,1557.86707597609
320,8,5,-1727.56291953261,5,302.992814968089,5,-294.83908993289,5,1522.59804445959
320,8,10,-1660.535965244,10,434.115236803594,10,-176.317505004623,10,1469.17581652235
320,8,15,-1597.45860076645,15,541.129680657623,15,-115.092382844692,15,1404.50980763697
320,8,20,-1552.01587236878,20,622.948993397788,20,-104.943943471405,20,1334.41368175317
320,8,25,-1534.9742946114,25,679.742351390115,25,-135.423361017616,25,1263.3812985675
320,8,30,-1553.37290806969,30,712.572354757881,30,-193.172691469515,30,1194.60307880439
320,8,35,-1610.18925096744,35,722.952313410381,35,-263.393523767227,35,1130.19767563225
320,8,40,-1704.40974409657,40,712.396942177437,40,-331.294405700156,40,1071.59517631239
320,8,45,-1831.3786968085,45,682.065715248863,45,-383.389855993324,45,1019.97631117505
320,8,50,-1983.3065350916,50,632.599913645153,50,-408.578141598281,50,976.65950384927
320,8,55,-2149.87236968981,55,564.217718587382,55,-398.970586257144,55,943.342400065962
320,8,60,-2318.9233831098,60,477.060845814182,60,-350.466754223481,60,922.144962829156
320,8,65,-2477.31433975849,65,371.705611429501,65,-263.065237626573,65,915.454648471819
320,8,70,-2611.92123348971,70,249.693651700477,70,-140.881434483688,70,925.623184045763
320,8,75,-2710.80667897829,75,113.926346052499,75,8.16772653898767,75,954.59545082962
320,8,80,-2764.43686506349,80,-31.1946966883818,80,173.039027679399,80,1003.55885263349
320,8,85,-2766.78475056451,85,-179.927820441736,85,340.582248167403,85,1072.68850756382
320,8,90,-2716.12863018339,90,-325.621749271854,90,496.825268320304,90,1161.03519334517
325,8,0,-1884.82183767003,0,-111.755289358116,0,-877.444502397583,0,1471.35440262354
325,8,5,-1874.7632840537,5,32.4293007129273,5,-697.535586506905,5,1466.26186732517
325,8,10,-1850.09378359051,10,157.645191776154,10,-562.647991007025,10,1439.82567982798
325,8,15,-1823.37080110535,15,260.949017202618,15,-472.958248821997,15,1398.24467693234
325,8,20,-1805.98500739403,20,340.800323360769,20,-424.367370860546,20,1347.11940352621
325,8,25,-1807.14779769711,25,396.850832482028,25,-409.221403734744,25,1291.20260720092
325,8,30,-1833.17341920433,30,429.638642756163,30,-417.319144188741,30,1234.3312208887
325,8,35,-1887.09706781597,35,440.237182802078,35,-437.074256120096,35,1179.52592659908
325,8,40,-1968.6112579492,40,429.92537403859,40,-456.70191904849,40,1129.21326116515
325,8,45,-2074.26544014691,45,399.948932518462,45,-465.32248329819,45,1085.50047191229
325,8,50,-2197.86574937843,50,351.427195883087,50,-453.906351416226,50,1050.42367136645
325,8,55,-2331.02724664286,55,285.425436451749,55,-416.013987442425,55,1026.10050291759
325,8,60,-2463.85443822251,60,203.167741982902,60,-348.304289827884,60,1014.74781273927
325,8,65,-2585.7395040995,65,106.324636502226,65,-250.79197406835,65,1018.56390009717
325,8,70,-2686.2604254566,70,-2.71301434446155,70,-126.835674063118,70,1039.5113975503
325,8,75,-2756.13364144097,75,-120.658888559842,75,17.1572823266549,75,1079.06001312152
325,8,80,-2788.13939811106,80,-243.312561290806,80,172.307860831267,80,1137.95310657709
325,8,85,-2777.90910232364,85,-365.713716867831,85,328.093361956627,85,1216.04955781048
325,8,90,-2724.45717385994,90,-482.443861209192,90,473.358540873106,90,1312.26839588725
330,8,0,-1916.37462463607,0,-430.20206476442,0,-1290.64331487004,0,1287.40679003104
330,8,5,-1954.92035265021,5,-301.664085893361,5,-1113.87656958722,5,1316.5990916974
330,8,10,-1976.22134591161,10,-187.779971631256,10,-968.044159147848,10,1322.99626797129
330,8,15,-1989.93587756929,15,-91.7957212887893,15,-854.323745472537,15,1311.77176521235
330,8,20,-2005.00019930186,20,-15.732585783797,20,-770.605456958551,20,1287.93559283865
330,8,25,-2028.8382878051,25,39.4623410917463,25,-711.976487886967,25,1256.09273428357
330,8,30,-2066.76397026568,30,73.7019980933423,30,-671.434777057803,30,1220.32190720056
330,8,35,-2121.61645298181,35,87.5211134073865,35,-640.743416517175,35,1184.16797455416
330,8,40,-2193.63728464339,40,81.8589439958073,40,-611.333347443648,40,1150.7206988778
330,8,45,-2280.57137635477,45,57.9037673844795,45,-575.170279005775,45,1122.73682658697
330,8,50,-2377.96090084832,50,17.0248698999371,50,-525.517765705212,50,1102.75656574836
330,8,55,-2479.59745266468,55,-39.2049978624393,55,-457.546377928487,55,1093.17191466289
330,8,60,-2578.09942688367,60,-108.918118577503,60,-368.75463082978,60,1096.22168275418
330,8,65,-2665.58168747354,65,-189.831388547468,65,-259.179379215316,65,1113.91129955972
330,8,70,-2734.3789567463,70,-279.144451490886,70,-131.383318202065,70,1147.87752475036
330,8,75,-2777.77298260043,75,-373.497957990648,75,9.78169258341599,75,1199.23254926126
330,8,80,-2790.66074161281,80,-469.016897016302,80,157.621754149529,80,1268.42528034794
330,8,85,-2770.0933212053,85,-561.442255918688,85,304.225421425882,85,1355.15024654519
330,8,90,-2715.61866763302,90,-646.334035139605,90,441.211439907841,90,1458.32018756492
335,8,0,-1858.94274521836,0,-785.256006031371,0,-1683.07528077304,0,1001.15779412009
335,8,5,-1946.43154702161,5,-680.416186155658,5,-1516.56374906196,5,1066.55957511662
335,8,10,-2015.16113219773,10,-584.548215881578,10,-1367.07882796861,10,1109.8429863132
335,8,15,-2071.86942668643,15,-501.059182719341,15,-1236.52136880871,15,1134.93718197606
335,8,20,-2122.95163868731,20,-432.357076554124,20,-1124.46620514207,20,1145.93631896114
335,8,25,-2173.88031644188,25,-379.926383376964,25,-1028.45391022061,25,1146.88738298475
335,8,30,-2228.74636256368,30,-344.446600536376,30,-944.449068174351,30,1141.64579122721
335,8,35,-2289.95507182277,35,-325.928714829707,35,-867.41105884224,35,1133.79738750945
335,8,40,-2358.09292088138,40,-323.844167867762,40,-791.917062904911,40,1126.63396327342
335,8,45,-2431.9639775059,45,-337.225548243321,45,-712.778023936619,45,1123.16095632501
335,8,50,-2508.78157038085,50,-364.727586174497,50,-625.594896474522,50,1126.11268134422
335,8,55,-2584.49170767604,55,-404.648858733244,55,-527.212364269276,55,1137.95328773151
335,8,60,-2654.1986519883,60,-454.92585565199,60,-416.038319898966,60,1160.84983110661
335,8,65,-2712.65847044523,65,-513.118657362447,65,-292.20861665802,65,1196.61496440381
335,8,70,-2754.8021461542,70,-576.409479869919,70,-157.587773567961,70,1246.62752521599
335,8,75,-2776.24598153896,75,-641.63153736148,75,-15.6078583977137,75,1311.74670702987
335,8,80,-2773.74480225174,80,-705.337596372004,80,129.039969756602,80,1392.2378125315
335,8,85,-2745.54481056408,85,-763.907876791251,85,270.834158695955,85,1487.72481001956
335,8,90,-2691.59950706725,90,-813.688354012278,90,403.93288962784,90,1597.17863708124
340,8,0,-1701.89240992192,0,-1149.23864136573,0,-2024.38683357524,0,617.553018320317
340,8,5,-1835.0968792164,5,-1076.75379219062,5,-1875.28389062749,5,718.454041502377
340,8,10,-1949.5512183783,10,-1006.80636068642,10,-1730.53496095483,10,800.21089894964
340,8,15,-2049.21431962772,15,-942.684689993197,15,-1592.4227744026,15,865.405068162373
340,8,20,-2137.99764675959,20,-886.933227501812,20,-1461.76743292826,20,916.976694805663
340,8,25,-2219.3806385658,25,-841.360130315269,25,-1338.07298908448,25,958.055743175626
340,8,30,-2296.09522426658,30,-807.076629096456,30,-1219.78185141102,30,991.822757837601
340,8,35,-2369.90354312348,35,-784.555323452811,35,-1104.60732786618,35,1021.4013088332
340,8,40,-2441.48303116511,40,-773.695041382408,40,-989.909233277481,40,1049.7787974188
340,8,45,-2510.42271684359,45,-773.882499879054,45,-873.075957896116,45,1079.74829054216
340,8,50,-2575.32498066973,50,-784.045221296466,50,-751.878332615099,50,1113.8622157009
340,8,55,-2633.99888316722,55,-802.695013894642,55,-624.765299213738,55,1154.38937323709
340,8,60,-2683.72473104926,60,-827.96564392494,60,-491.077975163001,60,1203.26947780648
340,8,65,-2721.56484736877,65,-857.651085871168,65,-351.166469952866,65,1262.06344076473
340,8,70,-2744.69250192001,70,-889.251366693608,70,-206.40222398964,70,1331.90167720047
340,8,75,-2750.70972513581,75,-920.031560515089,75,-59.0872973955178,75,1413.43576592342
340,8,80,-2737.92550823609,80,-947.096543859063,80,87.7294587108813,80,1506.80011277528
340,8,85,-2705.56896680554,85,-967.480616681045,85,230.511561760257,85,1611.58975296021
340,8,90,-2653.91754409014,90,-978.24796676611,90,365.54504271052,90,1726.85850972168
345,8,0,-1446.11840961194,0,-1490.34117901246,0,-2285.76704896411,0,152.863466358606
345,8,5,-1617.64568825627,5,-1458.55272585475,5,-2160.39111528193,5,285.871295139493
345,8,10,-1772.12005463167,10,-1422.84788022265,10,-2028.91343512158,10,404.890500635189
345,8,15,-1911.09114511322,15,-1386.00805157021,15,-1893.63325114146,15,511.174500478788
345,8,20,-2036.25182136948,20,-1350.33838735565,20,-1756.09318292023,20,606.387817689838
345,8,25,-2149.22212871977,25,-1317.63218109357,25,-1617.127679478,25,692.488497132353
345,8,30,-2251.36536030046,30,-1289.15882776133,30,-1476.97097478954,30,771.617132865898
345,8,35,-2343.65033026483,35,-1265.67046754657,35,-1335.41068109248,35,845.995866530463
345,8,40,-2426.56915903313,40,-1247.42241472268,40,-1191.96981616347,40,917.838655350539
345,8,45,-2500.11450511612,45,-1234.20315674081,45,-1046.09847158877,45,989.272459070466
345,8,50,-2563.81477261265,50,-1225.37090703087,50,-897.356504189896,50,1062.26799354504
345,8,55,-2616.82084657253,55,-1219.89508879113,55,-745.570414170337,55,1138.57843336393
345,8,60,-2658.03372527033,60,-1216.40238075772,60,-590.95068311785,60,1219.68483879655
345,8,65,-2686.25928924346,65,-1213.22779411349,65,-434.159937786804,65,1306.74791312178
345,8,70,-2700.37454040518,70,-1208.47152177113,70,-276.327009941253,70,1400.5666654283
345,8,75,-2699.48905422651,75,-1200.06200994189,75,-119.006902213521,75,1501.5453655408
345,8,80,-2683.08613878228,80,-1185.82498665669,80,35.9085272035005,80,1609.67061667087
345,8,85,-2651.13023468678,85,-1163.55726536727,85,186.320044438055,85,1724.50034898945
345,8,90,-2604.13027468629,90,-1131.10325915699,90,330.078102431272,90,1845.16609404512
350,8,0,-1104.97437386512,0,-1777.88696293264,0,-2443.95862986431,0,-366.082605431467
350,8,5,-1303.42611801527,5,-1793.39980961406,5,-2347.12791873664,5,-206.693946806113
350,8,10,-1488.11832677771,10,-1799.2400147601,10,-2236.72971505317,10,-54.3619174489094
350,8,15,-1658.79244840833,15,-1797.27689541483,15,-2114.72546326136,15,90.9771441162684
350,8,20,-1815.40752368204,20,-1789.15879331132,20,-1982.8286438573,20,229.72366298897
350,8,25,-1958.05121854396,25,-1776.26610070115,25,-1842.49883022499,25,362.549813349225
350,8,30,-2086.85976498448,30,-1759.67889323421,30,-1694.96083846798,30,490.330892452709
350,8,35,-2201.95301228734,35,-1740.15841834398,35,-1541.24431689147,35,614.075858876078
350,8,40,-2303.38904781951,40,-1718.14131083241,40,-1382.2376427979,40,734.859283882466
350,8,45,-2391.14079830273,45,-1693.74522804894,45,-1218.74912523432,45,853.756456973674
350,8,50,-2465.09486181128,50,-1666.78457281948,50,-1051.56830303714,50,971.782958227847
350,8,55,-2525.0707402135,55,-1636.79504410134,55,-881.520566017926,55,1089.83969437245
350,8,60,-2570.85681679052,60,-1603.06586027646,60,-709.5093456873,60,1208.66419664935
350,8,65,-2602.25799907754,65,-1564.67858384102,65,-536.541607256921,65,1328.78887419551
350,8,70,-2619.14902751736,70,-1520.55150334979,70,-363.734180641303,70,1450.50686713866
350,8,75,-2621.52709603793,75,-1469.48848655983,75,-192.300429269002,75,1573.8461030199
350,8,80,-2609.55765355448,80,-1410.23111804033,80,-23.5187001755455,80,1698.552087812
350,8,85,-2583.6080212991,85,-1341.51280210853,85,141.314237586773,85,1824.07983163786
350,8,90,-2544.26469198443,90,-1262.11338315845,90,300.940122464663,90,1949.59510981602
355,8,0,-702.340535551325,0,-1987.68825824146,0,-2484.64261206321,0,-905.041158983641
355,8,5,-913.452521573075,5,-2053.93793213484,5,-2419.35773143353,5,-726.692678570857
355,8,10,-1115.40876430832,10,-2106.04698679392,10,-2336.49172471313,10,-547.334340286869
355,8,15,-1306.90202561012,15,-2144.65300652974,15,-2237.35062577904,15,-367.850235903647
355,8,20,-1486.80327374392,20,-2170.38568023347,20,-2123.28687090966,20,-188.958404528534
355,8,25,-1654.14857585481,25,-2183.83661062433,25,-1995.67788643784,25,-11.2298719228153
355,8,30,-1808.12472434002,30,-2185.53461466874,30,-1855.91008956041,30,164.887792738769
355,8,35,-1948.05506812618,35,-2175.92701616338,35,-1705.36784530548,35,339.043639841183
355,8,40,-2073.3867440519,40,-2155.36718770561,40,-1545.42656803994,40,510.954464319705
355,8,45,-2183.68014996168,45,-2124.10837606077,45,-1377.44890701345,45,680.37509931718
355,8,50,-2278.60110484912,50,-2082.30364646671,50,-1202.78282756884,50,847.069017530837
355,8,55,-2357.91573980864,55,-2030.01160926447,55,-1022.76039704872,55,1010.78028766072
355,8,60,-2421.48779297831,60,-1967.20744611365,60,-838.696200314117,60,1171.2078244298
355,8,65,-2469.27767424887,65,-1893.79863158906,65,-651.884527326409,65,1327.98274943539
355,8,70,-2501.34244668766,70,-1809.64464751594,70,-463.594769336575,70,1480.6495501839
355,8,75,-2517.83575808628,75,-1714.57991061123,75,-275.064799968043,75,1628.65158849285
355,8,80,-2519.00675464786,80,-1608.43907807192,80,-87.4924689862844,80,1771.32136881804
355,8,85,-2505.19711632627,85,-1491.08386053462,85,97.9743340477517,85,1907.87583366515
355,8,90,-2476.83555691996,90,-1362.43045761549,90,280.2483127029,90,2037.41680906755
360,8,0,-268.328930164399,0,-2105.90982351653,0,-2404.40758134591,0,-1427.12278894248
360,8,5,-476.865786194707,5,-2222.27814750888,5,-2371.87167737923,5,-1238.15002104223
360,8,10,-681.77340565264,10,-2321.73359295046,10,-2321.28439777242,10,-1039.75418386643
360,8,15,-881.492317827519,15,-2403.51924384861,15,-2253.03074226872,15,-833.445189530661
360,8,20,-1074.50254120412,20,-2467.01266201647,20,-2167.6301623992,20,-620.7931740546
360,8,25,-1259.33515143978,25,-2511.73062420342,25,-2065.73260814294,25,-403.416547678815
360,8,30,-1434.58346076563,30,-2537.33279971576,30,-1948.11358141526,30,-182.969677785624
360,8,35,-1598.91372372987,35,-2543.62434053883,35,-1815.66823402987,35,38.8697018356283
360,8,40,-1751.07528780603,40,-2530.55736424803,40,-1669.40455505306,40,260.413259555744
360,8,45,-1889.91011161382,45,-2498.23131842299,45,-1510.43569939826,45,479.974915128814
360,8,50,-2014.3615783133,50,-2446.89222379144,50,-1339.97151604503,50,695.883671780977
360,8,55,-2123.48253709704,55,-2376.93080186291,55,-1159.30934035778,55,906.496333504839
360,8,60,-2216.44251157966,60,-2288.87950130215,60,-969.824120580287,60,1110.21001077328
360,8,65,-2292.53402022458,65,-2183.40844567325,65,-772.957953649361,65,1305.47431949659
360,8,70,-2351.1779607057,70,-2061.32033339471,70,-570.209109966391,70,1490.8031803816
360,8,75,-2391.92801722578,75,-1923.54432871979,75,-363.120630654902,75,1664.78612889233
360,8,80,-2414.47405724915,80,-1771.12899023549,80,-153.268584085898,80,1826.09904973684
360,8,85,-2418.64449179756,85,-1605.23429069858,85,57.7499289541009,85,1973.5142541841
360,8,90,-2404.40758134591,90,-1427.12278894248,90,268.328930164398,90,2105.90982351653
