freq_ghz,phi_deg,linear_pol_deg,strategy,baseline,valid_percent,pdoa_span_deg,pdoa_start_deg,pdoa_end_deg,monotonic_segment_percent,min_pair_mag_rel_db,rms_bias_vs_pol0_deg,mean_abs_bias_vs_pol0_deg,max_abs_bias_vs_pol0_deg
7.738000,45.000000,0.000000,x_only_a_port,E1-E3,100.000000,461.234772,-0.239117,-0.239117,63.888889,-29.920798,0.000000,0.000000,0.000000
7.738000,45.000000,45.000000,x_only_a_port,E1-E3,98.630137,1354.318183,7.196377,-1072.803623,67.605634,-37.471609,76.334313,56.969971,178.676969
7.738000,45.000000,90.000000,x_only_a_port,E1-E3,100.000000,377.177374,6.447297,366.447297,70.833333,-34.127987,87.142691,62.124222,176.332500
7.738000,45.000000,135.000000,x_only_a_port,E1-E3,98.630137,360.000000,2.998976,362.998976,80.281690,-47.769634,30.588723,20.462426,139.252370
7.738000,45.000000,0.000000,x_only_a_port,E2-E4,97.260274,321.372709,2.371881,2.371881,54.285714,-39.056349,0.000000,0.000000,0.000000
7.738000,45.000000,45.000000,x_only_a_port,E2-E4,100.000000,273.120874,-40.525832,-40.525832,66.666667,-14.779868,123.704865,112.281038,179.778048
7.738000,45.000000,90.000000,x_only_a_port,E2-E4,100.000000,211.260663,-10.165196,-10.165196,50.000000,-20.452068,76.791833,62.763673,142.174836
7.738000,45.000000,135.000000,x_only_a_port,E2-E4,98.630137,620.458347,-3.967396,-363.967396,57.746479,-38.713688,55.167520,41.424187,161.311828
7.738000,45.000000,0.000000,x_only_a_port,E1-E2,98.630137,347.803339,15.416998,15.416998,53.521127,-40.282709,0.000000,0.000000,0.000000
7.738000,45.000000,45.000000,x_only_a_port,E1-E2,100.000000,608.765773,9.636834,-350.363166,63.888889,-19.402496,91.963584,76.603682,179.929660
7.738000,45.000000,90.000000,x_only_a_port,E1-E2,100.000000,227.407662,24.786138,24.786138,58.333333,-24.330350,49.661698,39.456255,126.748410
7.738000,45.000000,135.000000,x_only_a_port,E1-E2,100.000000,258.338372,20.253456,20.253456,70.833333,-31.727425,42.631174,25.256177,179.627098
7.738000,45.000000,0.000000,x_only_a_port,E2-E3,98.630137,505.844917,-15.656116,-15.656116,61.971831,-40.858722,0.000000,0.000000,0.000000
7.738000,45.000000,45.000000,x_only_a_port,E2-E3,98.630137,693.449363,-2.440457,-362.440457,54.929577,-37.471609,83.450841,67.540721,179.746943
7.738000,45.000000,90.000000,x_only_a_port,E2-E3,98.630137,360.000000,-18.338841,341.661159,63.380282,-35.184260,62.879891,42.023686,177.077602
7.738000,45.000000,135.000000,x_only_a_port,E2-E3,98.630137,323.386747,-17.254479,-17.254479,60.563380,-47.959053,42.274719,25.589208,166.657597
7.738000,45.000000,0.000000,x_only_a_port,E3-E4,98.630137,350.912342,18.027996,18.027996,54.929577,-39.855859,0.000000,0.000000,0.000000
7.738000,45.000000,45.000000,x_only_a_port,E3-E4,98.630137,407.146310,-38.085375,-38.085375,60.563380,-37.471609,108.815203,94.088596,178.979025
7.738000,45.000000,90.000000,x_only_a_port,E3-E4,100.000000,360.422326,8.173645,-351.826355,81.944444,-34.972414,66.493465,51.255676,171.924805
7.738000,45.000000,135.000000,x_only_a_port,E3-E4,97.260274,393.072723,13.287083,-346.712917,77.142857,-47.769634,34.676051,23.865981,158.469813
7.738000,45.000000,0.000000,x_only_a_port,E4-E1,98.630137,495.343237,-17.788879,-17.788879,61.971831,-39.279846,0.000000,0.000000,0.000000
7.738000,45.000000,45.000000,x_only_a_port,E4-E1,100.000000,519.465425,30.888998,390.888998,66.666667,-19.402496,100.124825,88.054003,176.736961
7.738000,45.000000,90.000000,x_only_a_port,E4-E1,100.000000,345.913484,-14.620942,-14.620942,54.166667,-24.118503,81.104823,57.393243,176.799352
7.738000,45.000000,135.000000,x_only_a_port,E4-E1,98.630137,441.699246,-16.286059,-16.286059,53.521127,-38.480756,40.090103,26.709887,157.840613
7.738000,60.000000,0.000000,x_only_a_port,E1-E3,98.630137,381.174756,-2.394068,-2.394068,66.197183,-36.678362,0.000000,0.000000,0.000000
7.738000,60.000000,45.000000,x_only_a_port,E1-E3,100.000000,997.298888,15.512493,-704.487507,66.666667,-26.697927,64.692548,48.752367,165.456065
7.738000,60.000000,90.000000,x_only_a_port,E1-E3,100.000000,208.376344,4.975029,4.975029,52.777778,-24.523421,87.842651,61.098595,174.184142
7.738000,60.000000,135.000000,x_only_a_port,E1-E3,98.630137,360.000000,2.104065,362.104065,88.732394,-42.610612,27.324199,19.599267,81.882033
7.738000,60.000000,0.000000,x_only_a_port,E2-E4,100.000000,422.567780,6.895495,6.895495,52.777778,-31.262444,0.000000,0.000000,0.000000
7.738000,60.000000,45.000000,x_only_a_port,E2-E4,98.630137,416.431387,-24.389709,335.610291,71.830986,-38.909568,77.542238,61.296896,179.764214
7.738000,60.000000,90.000000,x_only_a_port,E2-E4,98.630137,406.644664,-7.584165,352.415835,83.098592,-37.470726,60.227720,41.010082,173.737502
7.738000,60.000000,135.000000,x_only_a_port,E2-E4,98.630137,393.609158,-2.268333,-2.268333,50.704225,-36.305749,31.889991,22.587247,114.321054
7.738000,60.000000,0.000000,x_only_a_port,E1-E2,100.000000,396.636073,11.870664,11.870664,55.555556,-32.452944,0.000000,0.000000,0.000000
7.738000,60.000000,45.000000,x_only_a_port,E1-E2,100.000000,409.779673,33.924325,-326.075675,73.611111,-22.635069,53.826682,41.290873,149.877946
7.738000,60.000000,90.000000,x_only_a_port,E1-E2,98.630137,238.619935,22.926375,22.926375,70.422535,-37.470726,55.112435,35.856720,174.540224
7.738000,60.000000,135.000000,x_only_a_port,E1-E2,100.000000,259.096784,18.974458,18.974458,65.277778,-32.060678,37.564754,23.744954,127.187912
7.738000,60.000000,0.000000,x_only_a_port,E2-E3,98.630137,440.878617,-14.264732,-14.264732,56.338028,-36.678362,0.000000,0.000000,0.000000
7.738000,60.000000,45.000000,x_only_a_port,E2-E3,100.000000,720.302726,-18.411832,-378.411832,50.000000,-29.058116,65.794362,48.092729,169.894852
7.738000,60.000000,90.000000,x_only_a_port,E2-E3,98.630137,341.583245,-17.951346,-17.951346,61.971831,-37.470726,60.697784,41.682395,124.434722
7.738000,60.000000,135.000000,x_only_a_port,E2-E3,98.630137,436.753700,-16.870394,343.129606,71.830986,-42.610612,39.524919,24.762480,158.225640
7.738000,60.000000,0.000000,x_only_a_port,E3-E4,98.630137,386.157805,21.160227,21.160227,54.929577,-36.678362,0.000000,0.000000,0.000000
7.738000,60.000000,45.000000,x_only_a_port,E3-E4,98.630137,779.983755,-5.977877,714.022123,74.647887,-37.549148,71.358219,55.266051,155.067522
7.738000,60.000000,90.000000,x_only_a_port,E3-E4,100.000000,360.000000,10.367181,370.367181,95.833333,-25.022165,52.718309,36.937740,163.628535
7.738000,60.000000,135.000000,x_only_a_port,E3-E4,98.630137,463.709281,14.602060,-345.397940,50.704225,-42.610612,40.370254,22.273945,179.276225
7.738000,60.000000,0.000000,x_only_a_port,E4-E1,100.000000,490.490226,-18.766159,-18.766159,59.722222,-30.455216,0.000000,0.000000,0.000000
7.738000,60.000000,45.000000,x_only_a_port,E4-E1,98.630137,359.383493,-9.534616,-9.534616,52.112676,-37.549148,66.699322,53.557959,178.664725
7.738000,60.000000,90.000000,x_only_a_port,E4-E1,100.000000,360.000000,-15.342210,-375.342210,79.166667,-22.719087,67.450538,46.236763,173.074445
7.738000,60.000000,135.000000,x_only_a_port,E4-E1,98.630137,403.708776,-16.706125,-16.706125,59.154930,-36.069034,36.253395,21.645228,166.110975
7.738000,75.000000,0.000000,x_only_a_port,E1-E3,100.000000,612.920999,-7.091558,-367.091558,58.333333,-29.571801,0.000000,0.000000,0.000000
7.738000,75.000000,45.000000,x_only_a_port,E1-E3,98.630137,595.849916,9.003305,-350.996695,63.380282,-47.043910,59.314766,45.245992,147.572157
7.738000,75.000000,90.000000,x_only_a_port,E1-E3,100.000000,125.332248,3.909206,3.909206,54.166667,-30.164940,95.610508,74.349635,174.467840
7.738000,75.000000,135.000000,x_only_a_port,E1-E3,98.630137,360.000000,1.093745,361.093745,63.380282,-42.620366,51.838639,34.321137,176.712281
7.738000,75.000000,0.000000,x_only_a_port,E2-E4,95.890411,484.702697,17.636364,377.636364,57.971014,-38.567531,0.000000,0.000000,0.000000
7.738000,75.000000,45.000000,x_only_a_port,E2-E4,100.000000,493.701612,-14.437759,-14.437759,62.500000,-22.174794,60.183395,46.098449,174.632971
7.738000,75.000000,90.000000,x_only_a_port,E2-E4,100.000000,483.457677,-5.655926,-5.655926,61.111111,-27.979967,63.297899,45.852191,173.835941
7.738000,75.000000,135.000000,x_only_a_port,E2-E4,100.000000,476.728965,-0.302222,-0.302222,56.944444,-31.147285,60.785694,40.706869,174.858861
7.738000,75.000000,0.000000,x_only_a_port,E1-E2,95.890411,380.941752,3.165992,-356.834008,63.768116,-39.402112,0.000000,0.000000,0.000000
7.738000,75.000000,45.000000,x_only_a_port,E1-E2,100.000000,360.000000,27.757685,-332.242315,80.555556,-26.162812,49.275168,36.570310,166.810522
7.738000,75.000000,90.000000,x_only_a_port,E1-E2,100.000000,306.774067,21.510258,21.510258,68.055556,-26.999741,56.636013,38.317597,171.174427
7.738000,75.000000,135.000000,x_only_a_port,E1-E2,100.000000,294.836502,17.478000,17.478000,61.111111,-31.884406,59.021925,38.345743,172.583614
7.738000,75.000000,0.000000,x_only_a_port,E2-E3,95.890411,495.589804,-10.257549,349.742451,59.420290,-41.786026,0.000000,0.000000,0.000000
7.738000,75.000000,45.000000,x_only_a_port,E2-E3,98.630137,440.138294,-18.754380,-18.754380,53.521127,-48.511716,62.859267,44.508193,160.664229
7.738000,75.000000,90.000000,x_only_a_port,E2-E3,100.000000,335.599064,-17.601052,-17.601052,56.944444,-30.984904,82.868869,59.014492,179.113068
7.738000,75.000000,135.000000,x_only_a_port,E2-E3,98.630137,381.080947,-16.384255,343.615745,61.971831,-42.620366,68.153686,46.660227,176.950594
7.738000,75.000000,0.000000,x_only_a_port,E3-E4,100.000000,360.000000,27.893913,387.893913,68.055556,-26.111617,0.000000,0.000000,0.000000
7.738000,75.000000,45.000000,x_only_a_port,E3-E4,98.630137,360.000000,4.316621,364.316621,74.647887,-47.318967,48.262861,32.225223,170.567876
7.738000,75.000000,90.000000,x_only_a_port,E3-E4,100.000000,323.613478,11.945125,11.945125,72.222222,-30.560709,51.202497,36.174615,149.055978
7.738000,75.000000,135.000000,x_only_a_port,E3-E4,98.630137,569.442310,16.082033,-343.917967,56.338028,-42.620366,57.296125,37.805200,159.608536
7.738000,75.000000,0.000000,x_only_a_port,E4-E1,100.000000,488.029849,-20.802356,-20.802356,51.388889,-27.187887,0.000000,0.000000,0.000000
7.738000,75.000000,45.000000,x_only_a_port,E4-E1,100.000000,633.368960,-13.319927,346.680073,50.000000,-24.970063,54.809710,39.724376,176.138914
7.738000,75.000000,90.000000,x_only_a_port,E4-E1,100.000000,344.489658,-15.854331,-15.854331,65.277778,-27.555771,55.184870,40.922200,150.308781
7.738000,75.000000,135.000000,x_only_a_port,E4-E1,100.000000,372.276109,-17.175778,-17.175778,61.111111,-31.651748,51.037713,35.370896,150.332977
7.738000,90.000000,0.000000,x_only_a_port,E1-E3,98.630137,339.214585,7.196377,7.196377,52.112676,-36.357267,0.000000,0.000000,0.000000
7.738000,90.000000,45.000000,x_only_a_port,E1-E3,100.000000,738.251495,6.447297,-713.552703,76.388889,-31.397441,71.703987,54.433398,172.895741
7.738000,90.000000,90.000000,x_only_a_port,E1-E3,97.260274,142.165562,2.998976,2.998976,64.285714,-36.769984,105.535451,88.897135,179.656067
7.738000,90.000000,135.000000,x_only_a_port,E1-E3,98.630137,375.704978,-0.239117,-0.239117,63.380282,-39.946171,72.648272,52.920971,174.758102
7.738000,90.000000,0.000000,x_only_a_port,E2-E4,100.000000,369.266275,-40.525832,319.474168,56.944444,-30.003474,0.000000,0.000000,0.000000
7.738000,90.000000,45.000000,x_only_a_port,E2-E4,100.000000,497.714845,-10.165196,-10.165196,59.722222,-25.908578,72.574173,49.102424,171.445982
7.738000,90.000000,90.000000,x_only_a_port,E2-E4,100.000000,496.108963,-3.967396,-3.967396,58.333333,-20.627109,74.943248,52.219614,178.756932
7.738000,90.000000,135.000000,x_only_a_port,E2-E4,100.000000,494.859048,2.371881,2.371881,54.166667,-24.128533,74.209030,52.835260,176.447348
7.738000,90.000000,0.000000,x_only_a_port,E1-E2,100.000000,360.000000,9.636834,-350.363166,61.111111,-33.143540,0.000000,0.000000,0.000000
7.738000,90.000000,45.000000,x_only_a_port,E1-E2,100.000000,387.182016,24.786138,-335.213862,70.833333,-30.410238,68.700230,49.175668,172.854397
7.738000,90.000000,90.000000,x_only_a_port,E1-E2,98.630137,339.037246,20.253456,20.253456,69.014085,-36.044904,57.301030,43.156423,163.101788
7.738000,90.000000,135.000000,x_only_a_port,E1-E2,98.630137,360.000000,15.416998,-344.583002,61.971831,-39.442637,61.655265,49.126624,147.942062
7.738000,90.000000,0.000000,x_only_a_port,E2-E3,100.000000,390.928908,-2.440457,-2.440457,50.000000,-34.565361,0.000000,0.000000,0.000000
7.738000,90.000000,45.000000,x_only_a_port,E2-E3,100.000000,607.700757,-18.338841,-378.338841,55.555556,-32.408235,68.451182,53.019342,161.979847
7.738000,90.000000,90.000000,x_only_a_port,E2-E3,98.630137,325.758995,-17.254479,-17.254479,59.154930,-37.239515,72.925359,56.299950,162.814010
7.738000,90.000000,135.000000,x_only_a_port,E2-E3,100.000000,282.532211,-15.656116,-15.656116,54.166667,-33.171623,59.376700,45.260872,144.214099
7.738000,90.000000,0.000000,x_only_a_port,E3-E4,100.000000,541.251862,-38.085375,-38.085375,63.888889,-34.565361,0.000000,0.000000,0.000000
7.738000,90.000000,45.000000,x_only_a_port,E3-E4,100.000000,360.000000,8.173645,368.173645,62.500000,-31.525137,66.004509,54.091690,166.772071
7.738000,90.000000,90.000000,x_only_a_port,E3-E4,98.630137,360.000000,13.287083,373.287083,67.605634,-36.927602,74.201944,61.020074,178.074139
7.738000,90.000000,135.000000,x_only_a_port,E3-E4,100.000000,392.396415,18.027996,18.027996,65.277778,-33.171623,77.167794,62.756321,179.566865
7.738000,90.000000,0.000000,x_only_a_port,E4-E1,100.000000,365.465746,30.888998,30.888998,62.500000,-31.347283,0.000000,0.000000,0.000000
7.738000,90.000000,45.000000,x_only_a_port,E4-E1,100.000000,602.144346,-14.620942,345.379058,50.000000,-29.527140,54.101252,39.467714,159.648963
7.738000,90.000000,90.000000,x_only_a_port,E4-E1,98.630137,325.460462,-16.286059,-16.286059,59.154930,-35.732991,69.456974,49.738489,176.633820
7.738000,90.000000,135.000000,x_only_a_port,E4-E1,98.630137,401.280306,-17.788879,-17.788879,54.929577,-39.379541,70.046524,50.576973,178.811415
7.738000,45.000000,0.000000,y_only_b_port,E1-E3,100.000000,326.082129,1.397187,1.397187,51.388889,-33.939862,0.000000,0.000000,0.000000
7.738000,45.000000,45.000000,y_only_b_port,E1-E3,98.630137,622.502394,-3.913908,-363.913908,57.746479,-41.691733,56.170404,43.328713,158.713169
7.738000,45.000000,90.000000,y_only_b_port,E1-E3,100.000000,210.112039,-9.163514,-9.163514,51.388889,-20.788644,77.044412,63.555136,146.179080
7.738000,45.000000,135.000000,y_only_b_port,E1-E3,100.000000,262.715125,-30.602739,-30.602739,65.277778,-12.642507,122.429003,110.072730,179.894844
7.738000,45.000000,0.000000,y_only_b_port,E2-E4,100.000000,454.018328,-0.107174,-0.107174,63.888889,-28.907079,0.000000,0.000000,0.000000
7.738000,45.000000,45.000000,y_only_b_port,E2-E4,98.630137,360.000000,2.901530,362.901530,80.281690,-41.725889,29.814213,20.858895,122.759872
7.738000,45.000000,90.000000,y_only_b_port,E2-E4,98.630137,386.439866,6.146124,6.146124,63.380282,-38.486864,92.975899,66.728628,177.860305
7.738000,45.000000,135.000000,y_only_b_port,E2-E4,100.000000,1157.413638,13.428229,-706.571771,65.277778,-34.016602,79.162170,59.994531,176.999433
7.738000,45.000000,0.000000,y_only_b_port,E1-E2,100.000000,346.767158,-17.357271,-17.357271,50.000000,-32.888532,0.000000,0.000000,0.000000
7.738000,45.000000,45.000000,y_only_b_port,E1-E2,100.000000,261.131158,-22.110564,-22.110564,72.222222,-30.975016,43.923788,27.700252,172.907353
7.738000,45.000000,90.000000,y_only_b_port,E1-E2,100.000000,225.379887,-26.636516,-26.636516,56.944444,-26.518125,50.554848,40.286625,128.135618
7.738000,45.000000,135.000000,y_only_b_port,E1-E2,100.000000,615.636551,-18.422577,341.577423,62.500000,-21.252944,91.538011,76.221985,177.428988
7.738000,45.000000,0.000000,y_only_b_port,E2-E3,98.630137,497.495511,18.754457,18.754457,61.971831,-35.225886,0.000000,0.000000,0.000000
7.738000,45.000000,45.000000,y_only_b_port,E2-E3,98.630137,439.335703,18.196656,18.196656,53.521127,-41.561884,36.889826,24.288020,153.632280
7.738000,45.000000,90.000000,y_only_b_port,E2-E3,100.000000,350.196167,17.473002,17.473002,55.555556,-26.447562,78.883810,55.413427,176.154210
7.738000,45.000000,135.000000,y_only_b_port,E2-E3,100.000000,532.718730,-12.180161,-372.180161,68.055556,-21.252944,98.215900,83.511165,179.636618
7.738000,45.000000,0.000000,y_only_b_port,E3-E4,98.630137,331.348294,-18.861632,-18.861632,54.929577,-35.690594,0.000000,0.000000,0.000000
7.738000,45.000000,45.000000,y_only_b_port,E3-E4,97.260274,398.477353,-15.295126,344.704874,75.714286,-41.773158,31.851306,21.437019,157.134877
7.738000,45.000000,90.000000,y_only_b_port,E3-E4,98.630137,256.038457,-11.326879,-11.326879,71.830986,-39.321422,61.872488,47.878239,122.648272
7.738000,45.000000,135.000000,y_only_b_port,E3-E4,100.000000,766.342834,25.608390,-334.391610,61.111111,-34.016602,108.068669,91.437887,178.468688
7.738000,45.000000,0.000000,y_only_b_port,E4-E1,100.000000,479.228458,17.464445,17.464445,63.888889,-33.353240,0.000000,0.000000,0.000000
7.738000,45.000000,45.000000,y_only_b_port,E4-E1,98.630137,318.891176,19.209034,19.209034,59.154930,-41.903007,46.694923,29.371832,174.627487
7.738000,45.000000,90.000000,y_only_b_port,E4-E1,98.630137,337.079649,20.490393,20.490393,59.154930,-39.391984,69.689888,47.699927,176.695442
7.738000,45.000000,135.000000,y_only_b_port,E4-E1,100.000000,677.322325,4.994349,364.994349,51.388889,-34.016602,81.586609,66.764734,179.757867
7.738000,60.000000,0.000000,y_only_b_port,E1-E3,97.260274,377.654006,-0.833837,359.166163,58.571429,-38.450649,0.000000,0.000000,0.000000
7.738000,60.000000,45.000000,y_only_b_port,E1-E3,98.630137,516.012544,-5.339821,-365.339821,60.563380,-44.792253,73.411741,53.064698,177.800747
7.738000,60.000000,90.000000,y_only_b_port,E1-E3,100.000000,205.910015,-12.799918,-12.799918,58.333333,-23.343570,96.072241,79.584934,177.554829
7.738000,60.000000,135.000000,y_only_b_port,E1-E3,100.000000,720.000000,13.641023,733.641023,91.666667,-11.572869,100.499320,86.641634,172.992514
7.738000,60.000000,0.000000,y_only_b_port,E2-E4,100.000000,513.553182,1.126943,1.126943,63.888889,-28.779623,0.000000,0.000000,0.000000
7.738000,60.000000,45.000000,y_only_b_port,E2-E4,98.630137,514.308558,3.753744,3.753744,70.422535,-39.391324,19.786021,15.462695,62.238366
7.738000,60.000000,90.000000,y_only_b_port,E2-E4,100.000000,720.000000,8.582487,728.582487,87.500000,-26.687172,84.599030,62.526152,178.796072
7.738000,60.000000,135.000000,y_only_b_port,E2-E4,98.630137,321.194385,-6.323341,-6.323341,53.521127,-40.491734,53.496209,42.028548,162.521758
7.738000,60.000000,0.000000,y_only_b_port,E1-E2,98.630137,545.713269,-19.374645,340.625355,63.380282,-39.613839,0.000000,0.000000,0.000000
7.738000,60.000000,45.000000,y_only_b_port,E1-E2,98.630137,398.171229,-23.357611,-383.357611,88.732394,-44.754203,52.444048,34.523988,174.000351
7.738000,60.000000,90.000000,y_only_b_port,E1-E2,100.000000,360.000000,-29.655494,-389.655494,79.166667,-27.679325,71.852011,59.153343,178.323213
7.738000,60.000000,135.000000,y_only_b_port,E1-E2,100.000000,392.579238,-5.584741,354.415259,83.333333,-29.348224,63.338419,52.572782,121.920133
7.738000,60.000000,0.000000,y_only_b_port,E2-E3,98.630137,401.416108,18.540808,18.540808,66.197183,-39.682214,0.000000,0.000000,0.000000
7.738000,60.000000,45.000000,y_only_b_port,E2-E3,100.000000,673.234398,18.017790,-341.982210,56.944444,-30.061537,40.741820,24.237628,141.665966
7.738000,60.000000,90.000000,y_only_b_port,E2-E3,100.000000,360.000000,16.855576,376.855576,58.333333,-28.436538,54.242277,39.225450,165.217279
7.738000,60.000000,135.000000,y_only_b_port,E2-E3,100.000000,371.877655,19.225764,19.225764,69.444444,-29.348224,71.456429,46.819461,173.663611
7.738000,60.000000,0.000000,y_only_b_port,E3-E4,98.630137,325.916008,-17.413864,-17.413864,74.647887,-39.493342,0.000000,0.000000,0.000000
7.738000,60.000000,45.000000,y_only_b_port,E3-E4,98.630137,361.161644,-14.264046,345.735954,90.140845,-39.429374,39.093907,28.118220,135.220967
7.738000,60.000000,90.000000,y_only_b_port,E3-E4,100.000000,360.000000,-8.273090,351.726910,90.277778,-23.770050,73.427803,59.755950,173.884442
7.738000,60.000000,135.000000,y_only_b_port,E3-E4,98.630137,370.538617,-25.549105,-385.549105,81.690141,-40.491734,81.103376,64.788261,171.137139
7.738000,60.000000,0.000000,y_only_b_port,E4-E1,98.630137,370.842405,18.247702,-341.752298,76.056338,-39.424968,0.000000,0.000000,0.000000
7.738000,60.000000,45.000000,y_only_b_port,E4-E1,97.260274,313.034342,19.603867,19.603867,57.142857,-44.736805,50.069810,30.277695,162.637080
7.738000,60.000000,90.000000,y_only_b_port,E4-E1,100.000000,360.000000,21.073008,-338.926992,63.888889,-23.012837,51.583468,36.541305,158.855415
7.738000,60.000000,135.000000,y_only_b_port,E4-E1,98.630137,368.228039,11.908082,11.908082,67.605634,-40.491734,56.743209,34.649405,176.577522
7.738000,75.000000,0.000000,y_only_b_port,E1-E3,98.630137,135.565470,-2.483268,-2.483268,78.873239,-39.686653,0.000000,0.000000,0.000000
7.738000,75.000000,45.000000,y_only_b_port,E1-E3,100.000000,792.886592,-6.972447,-726.972447,54.166667,-29.365416,71.298492,46.710998,179.572441
7.738000,75.000000,90.000000,y_only_b_port,E1-E3,100.000000,268.060692,-21.262598,-21.262598,66.666667,-28.934959,105.119577,89.303695,178.425372
7.738000,75.000000,135.000000,y_only_b_port,E1-E3,100.000000,720.000000,5.130084,725.130084,100.000000,-22.584855,84.646710,65.669089,174.707965
7.738000,75.000000,0.000000,y_only_b_port,E2-E4,100.000000,548.269068,2.066450,2.066450,63.888889,-33.043977,0.000000,0.000000,0.000000
7.738000,75.000000,45.000000,y_only_b_port,E2-E4,100.000000,552.317317,4.755400,4.755400,63.888889,-33.116666,13.123718,10.849829,27.897253
7.738000,75.000000,90.000000,y_only_b_port,E2-E4,100.000000,720.000000,14.960354,734.960354,83.333333,-24.074875,80.339968,61.081504,174.175397
7.738000,75.000000,135.000000,y_only_b_port,E2-E4,95.890411,720.000000,-2.088817,717.911183,63.768116,-36.763740,27.288461,20.906691,88.402535
7.738000,75.000000,0.000000,y_only_b_port,E1-E2,98.630137,303.831282,-20.846870,-20.846870,71.830986,-40.907353,0.000000,0.000000,0.000000
7.738000,75.000000,45.000000,y_only_b_port,E1-E2,100.000000,360.228293,-24.769622,-384.769622,86.111111,-29.228126,48.146794,28.793320,168.334560
7.738000,75.000000,90.000000,y_only_b_port,E1-E2,100.000000,360.000000,-36.157572,-396.157572,70.833333,-23.043083,82.884001,68.743410,177.217497
7.738000,75.000000,135.000000,y_only_b_port,E1-E2,98.630137,240.332368,-13.911313,-13.911313,53.521127,-36.514124,55.399480,38.091488,153.156371
7.738000,75.000000,0.000000,y_only_b_port,E2-E3,100.000000,367.316688,18.363602,18.363602,72.222222,-33.058345,0.000000,0.000000,0.000000
7.738000,75.000000,45.000000,y_only_b_port,E2-E3,100.000000,675.414009,17.797176,-342.202824,62.500000,-26.756220,40.793308,20.375589,168.472309
7.738000,75.000000,90.000000,y_only_b_port,E2-E3,100.000000,360.000000,14.894974,374.894974,59.722222,-28.934959,43.125261,31.291501,150.041887
7.738000,75.000000,135.000000,y_only_b_port,E2-E3,98.630137,720.000000,19.041396,739.041396,83.098592,-36.514124,57.105802,30.297924,179.202862
7.738000,75.000000,0.000000,y_only_b_port,E3-E4,100.000000,312.101208,-16.297152,-16.297152,76.388889,-32.486020,0.000000,0.000000,0.000000
7.738000,75.000000,45.000000,y_only_b_port,E3-E4,100.000000,360.000000,-13.041776,346.958224,87.500000,-33.253956,42.971162,26.010993,179.935202
7.738000,75.000000,90.000000,y_only_b_port,E3-E4,100.000000,360.000000,0.065381,360.065381,90.277778,-28.934959,81.584227,65.934555,175.613805
7.738000,75.000000,135.000000,y_only_b_port,E3-E4,97.260274,269.888003,-21.130214,-21.130214,54.285714,-36.233912,62.376220,43.972887,169.627870
7.738000,75.000000,0.000000,y_only_b_port,E4-E1,98.630137,373.538153,18.780420,18.780420,77.464789,-40.335027,0.000000,0.000000,0.000000
7.738000,75.000000,45.000000,y_only_b_port,E4-E1,100.000000,383.238146,20.014222,20.014222,63.888889,-32.820177,46.110260,25.375117,169.980319
7.738000,75.000000,90.000000,y_only_b_port,E4-E1,100.000000,360.000000,21.197217,-338.802783,65.277778,-24.646422,53.833273,37.583037,137.485641
7.738000,75.000000,135.000000,y_only_b_port,E4-E1,97.260274,720.000000,16.000130,-703.999870,81.428571,-36.233912,56.381932,26.182483,177.539269
7.738000,90.000000,0.000000,y_only_b_port,E1-E3,100.000000,78.858473,-3.913908,-3.913908,76.388889,-28.913558,0.000000,0.000000,0.000000
7.738000,90.000000,45.000000,y_only_b_port,E1-E3,97.260274,316.172633,-9.163514,-9.163514,50.000000,-41.269193,64.692675,36.944826,179.028094
7.738000,90.000000,90.000000,y_only_b_port,E1-E3,100.000000,532.766224,-30.602739,329.397261,80.555556,-29.596224,130.520537,123.306347,178.465257
7.738000,90.000000,135.000000,y_only_b_port,E1-E3,100.000000,720.000000,1.397187,721.397187,100.000000,-31.187220,67.087020,45.288668,176.863105
7.738000,90.000000,0.000000,y_only_b_port,E2-E4,98.630137,360.000000,2.901530,362.901530,66.197183,-37.022196,0.000000,0.000000,0.000000
7.738000,90.000000,45.000000,y_only_b_port,E2-E4,100.000000,360.000000,6.146124,366.146124,63.888889,-32.735091,4.596195,3.876354,14.467168
7.738000,90.000000,90.000000,y_only_b_port,E2-E4,100.000000,360.000000,13.428229,373.428229,61.111111,-34.564854,39.088091,28.730794,91.232245
7.738000,90.000000,135.000000,y_only_b_port,E2-E4,100.000000,720.000000,-0.107174,719.892826,70.833333,-33.761013,5.287394,4.234800,18.802469
7.738000,90.000000,0.000000,y_only_b_port,E1-E2,98.630137,360.000000,-22.110564,-382.110564,74.647887,-37.022196,0.000000,0.000000,0.000000
7.738000,90.000000,45.000000,y_only_b_port,E1-E2,97.260274,318.765405,-26.636516,-26.636516,74.285714,-40.833633,40.104643,20.578539,149.597536
7.738000,90.000000,90.000000,y_only_b_port,E1-E2,100.000000,589.537823,-18.422577,341.577423,54.166667,-29.596224,93.243214,77.915164,177.934977
7.738000,90.000000,135.000000,y_only_b_port,E1-E2,100.000000,304.897157,-17.357271,-17.357271,63.888889,-33.761013,45.556413,25.071705,179.289197
7.738000,90.000000,0.000000,y_only_b_port,E2-E3,98.630137,331.761133,18.196656,18.196656,78.873239,-37.022196,0.000000,0.000000,0.000000
7.738000,90.000000,45.000000,y_only_b_port,E2-E3,100.000000,376.599408,17.473002,17.473002,72.222222,-33.199291,35.779875,16.756654,129.881661
7.738000,90.000000,90.000000,y_only_b_port,E2-E3,100.000000,423.179153,-12.180161,-12.180161,55.555556,-28.497937,59.974313,50.970864,95.148635
7.738000,90.000000,135.000000,y_only_b_port,E2-E3,100.000000,720.000000,18.754457,738.754457,88.888889,-33.761013,43.150024,21.020341,173.315928
7.738000,90.000000,0.000000,y_only_b_port,E3-E4,100.000000,360.000000,-15.295126,344.704874,73.611111,-31.487542,0.000000,0.000000,0.000000
7.738000,90.000000,45.000000,y_only_b_port,E3-E4,100.000000,363.508004,-11.326879,348.673121,77.777778,-33.199291,37.264321,19.398321,133.321332
7.738000,90.000000,90.000000,y_only_b_port,E3-E4,97.260274,410.820006,25.608390,385.608390,54.285714,-36.757649,79.482887,67.880514,155.885582
7.738000,90.000000,135.000000,y_only_b_port,E3-E4,100.000000,355.898413,-18.861632,-18.861632,68.055556,-31.502385,43.835017,24.116168,171.567120
7.738000,90.000000,0.000000,y_only_b_port,E4-E1,100.000000,360.000000,19.209034,-340.790966,81.944444,-31.487542,0.000000,0.000000,0.000000
7.738000,90.000000,45.000000,y_only_b_port,E4-E1,97.260274,360.000000,20.490393,-339.509607,71.428571,-40.900053,38.480331,18.114906,148.024065
7.738000,90.000000,90.000000,y_only_b_port,E4-E1,97.260274,720.000000,4.994349,-715.005651,71.428571,-36.803531,82.244196,64.778586,172.498626
7.738000,90.000000,135.000000,y_only_b_port,E4-E1,100.000000,366.188585,17.464445,-342.535555,88.888889,-30.657618,44.001610,21.862868,177.872331
7.738000,45.000000,0.000000,dualpol_vector_correlation,E1-E3,100.000000,348.772570,0.567133,0.567133,69.444444,-19.754898,0.000000,0.000000,0.000000
7.738000,45.000000,45.000000,dualpol_vector_correlation,E1-E3,100.000000,623.249342,-3.832612,-363.832612,55.555556,-23.713920,67.012283,47.104078,164.270947
7.738000,45.000000,90.000000,dualpol_vector_correlation,E1-E3,100.000000,279.839036,-1.784456,-1.784456,58.333333,-18.996084,95.037742,66.145922,179.883744
7.738000,45.000000,135.000000,dualpol_vector_correlation,E1-E3,100.000000,365.133619,2.719523,362.719523,76.388889,-21.477271,41.309583,25.821559,140.638766
7.738000,45.000000,0.000000,dualpol_vector_correlation,E2-E4,100.000000,348.847497,1.123901,1.123901,69.444444,-20.030060,0.000000,0.000000,0.000000
7.738000,45.000000,45.000000,dualpol_vector_correlation,E2-E4,100.000000,361.944988,2.614623,362.614623,76.388889,-21.210568,39.113351,25.406133,126.323832
7.738000,45.000000,90.000000,dualpol_vector_correlation,E2-E4,100.000000,281.856321,-2.468326,-2.468326,58.333333,-19.071018,95.770874,66.585151,177.620625
7.738000,45.000000,135.000000,dualpol_vector_correlation,E2-E4,100.000000,620.857485,-3.850654,-363.850654,58.333333,-23.654471,67.393330,47.399683,168.229413
7.738000,45.000000,0.000000,dualpol_vector_correlation,E1-E2,100.000000,361.236190,-0.739907,359.260093,76.388889,-19.974874,0.000000,0.000000,0.000000
7.738000,45.000000,45.000000,dualpol_vector_correlation,E1-E2,100.000000,388.017907,-21.830049,-381.830049,75.000000,-23.713920,45.304954,30.630155,171.304802
7.738000,45.000000,90.000000,dualpol_vector_correlation,E1-E2,100.000000,360.490094,-0.703504,-360.703504,73.611111,-16.098980,76.138290,36.209255,179.726728
7.738000,45.000000,135.000000,dualpol_vector_correlation,E1-E2,100.000000,393.602624,19.946602,379.946602,76.388889,-23.654471,45.312687,30.152574,176.353971
7.738000,45.000000,0.000000,dualpol_vector_correlation,E2-E3,100.000000,360.000000,0.679177,360.679177,83.333333,-20.132856,0.000000,0.000000,0.000000
7.738000,45.000000,45.000000,dualpol_vector_correlation,E2-E3,100.000000,326.398684,17.823181,17.823181,59.722222,-19.467520,44.326480,26.988920,159.779392
7.738000,45.000000,90.000000,dualpol_vector_correlation,E2-E3,100.000000,360.000000,-0.680326,359.319674,69.444444,-19.062799,44.212855,26.781879,119.307332
7.738000,45.000000,135.000000,dualpol_vector_correlation,E2-E3,100.000000,329.766510,-17.236952,-17.236952,59.722222,-23.654471,57.558768,36.340100,171.516170
7.738000,45.000000,0.000000,dualpol_vector_correlation,E3-E4,100.000000,364.954099,-0.530251,359.469749,51.388889,-17.483070,0.000000,0.000000,0.000000
7.738000,45.000000,45.000000,dualpol_vector_correlation,E3-E4,100.000000,374.891123,-15.422969,344.577031,75.000000,-21.308904,35.874575,25.409156,101.678863
7.738000,45.000000,90.000000,dualpol_vector_correlation,E3-E4,100.000000,181.410655,-1.640027,-1.640027,63.888889,-18.953358,82.228958,42.244231,179.879909
7.738000,45.000000,135.000000,dualpol_vector_correlation,E3-E4,100.000000,372.246232,13.372800,-346.627200,79.166667,-21.479371,48.579505,32.781137,176.135430
7.738000,45.000000,0.000000,dualpol_vector_correlation,E4-E1,100.000000,360.000000,0.590081,-359.409919,83.333333,-19.652102,0.000000,0.000000,0.000000
7.738000,45.000000,45.000000,dualpol_vector_correlation,E4-E1,100.000000,327.198518,19.242414,19.242414,58.333333,-23.713920,57.498716,36.755200,168.884604
7.738000,45.000000,90.000000,dualpol_vector_correlation,E4-E1,100.000000,360.000000,3.148066,-356.851934,70.833333,-19.004303,44.031841,26.827564,119.978244
7.738000,45.000000,135.000000,dualpol_vector_correlation,E4-E1,100.000000,325.967573,-15.927015,-15.927015,61.111111,-19.803404,46.110545,28.364367,167.149858
7.738000,60.000000,0.000000,dualpol_vector_correlation,E1-E3,100.000000,333.352733,-1.238539,-1.238539,77.777778,-17.928276,0.000000,0.000000,0.000000
7.738000,60.000000,45.000000,dualpol_vector_correlation,E1-E3,100.000000,881.021468,-3.972141,-723.972141,62.500000,-22.071808,57.632991,40.654437,163.799598
7.738000,60.000000,90.000000,dualpol_vector_correlation,E1-E3,100.000000,176.388376,0.003203,0.003203,50.000000,-18.060970,87.268969,65.454129,172.484766
7.738000,60.000000,135.000000,dualpol_vector_correlation,E1-E3,100.000000,720.000000,2.876987,722.876987,84.722222,-18.672291,45.283663,28.649801,149.570244
7.738000,60.000000,0.000000,dualpol_vector_correlation,E2-E4,100.000000,502.495343,2.550197,2.550197,63.888889,-24.449660,0.000000,0.000000,0.000000
7.738000,60.000000,45.000000,dualpol_vector_correlation,E2-E4,100.000000,360.000000,1.233302,361.233302,76.388889,-22.687133,27.648383,17.553789,135.422689
7.738000,60.000000,90.000000,dualpol_vector_correlation,E2-E4,100.000000,720.000000,-3.792480,716.207520,88.888889,-18.798329,71.324258,46.123546,174.616554
7.738000,60.000000,135.000000,dualpol_vector_correlation,E2-E4,100.000000,378.926839,-2.571453,-2.571453,52.777778,-22.899114,61.523227,40.907301,169.518289
7.738000,60.000000,0.000000,dualpol_vector_correlation,E1-E2,100.000000,314.358536,-11.447676,-11.447676,79.166667,-24.449660,0.000000,0.000000,0.000000
7.738000,60.000000,45.000000,dualpol_vector_correlation,E1-E2,100.000000,360.000000,-19.318564,-379.318564,90.277778,-22.454944,42.692611,27.175476,177.872405
7.738000,60.000000,90.000000,dualpol_vector_correlation,E1-E2,100.000000,360.000000,10.187868,-349.812132,75.000000,-16.538691,69.869725,48.495410,175.731185
7.738000,60.000000,135.000000,dualpol_vector_correlation,E1-E2,100.000000,442.915763,17.248939,377.248939,55.555556,-21.877639,52.345843,32.749112,172.223266
7.738000,60.000000,0.000000,dualpol_vector_correlation,E2-E3,100.000000,360.000000,9.741763,369.741763,79.166667,-24.449660,0.000000,0.000000,0.000000
7.738000,60.000000,45.000000,dualpol_vector_correlation,E2-E3,100.000000,320.849612,15.095384,15.095384,62.500000,-21.339352,47.970736,28.753705,164.952974
7.738000,60.000000,90.000000,dualpol_vector_correlation,E2-E3,100.000000,360.000000,-9.358033,350.641967,69.444444,-18.391122,49.011023,34.415038,125.653032
7.738000,60.000000,135.000000,dualpol_vector_correlation,E2-E3,100.000000,331.863486,-14.863046,-14.863046,68.055556,-21.877639,56.896238,34.814329,176.428863
7.738000,60.000000,0.000000,dualpol_vector_correlation,E3-E4,100.000000,360.000000,-8.134211,351.865789,80.555556,-18.621148,0.000000,0.000000,0.000000
7.738000,60.000000,45.000000,dualpol_vector_correlation,E3-E4,100.000000,360.000000,-13.632362,346.367638,88.888889,-22.303996,39.231685,26.328905,170.327470
7.738000,60.000000,90.000000,dualpol_vector_correlation,E3-E4,100.000000,360.000000,5.558547,365.558547,86.111111,-18.496996,69.238242,45.625074,175.067485
7.738000,60.000000,135.000000,dualpol_vector_correlation,E3-E4,100.000000,445.195586,11.974813,-348.025187,51.388889,-22.783029,49.507916,28.311269,173.741944
7.738000,60.000000,0.000000,dualpol_vector_correlation,E4-E1,100.000000,360.000000,9.840297,-350.159703,79.166667,-18.621148,0.000000,0.000000,0.000000
7.738000,60.000000,45.000000,dualpol_vector_correlation,E4-E1,100.000000,315.888842,17.548126,17.548126,61.111111,-22.270103,54.492880,32.876563,177.643800
7.738000,60.000000,90.000000,dualpol_vector_correlation,E4-E1,100.000000,360.000000,-5.998426,-365.998426,73.611111,-18.496996,44.847956,27.396204,140.212927
7.738000,60.000000,135.000000,dualpol_vector_correlation,E4-E1,100.000000,337.180039,-14.337938,-14.337938,61.111111,-22.783029,42.990334,25.401152,176.449374
7.738000,75.000000,0.000000,dualpol_vector_correlation,E1-E3,100.000000,343.461147,-2.842021,-2.842021,87.500000,-16.842871,0.000000,0.000000,0.000000
7.738000,75.000000,45.000000,dualpol_vector_correlation,E1-E3,100.000000,791.008318,-3.230014,-723.230014,58.333333,-20.390312,45.315706,30.494355,164.701176
7.738000,75.000000,90.000000,dualpol_vector_correlation,E1-E3,100.000000,248.027890,1.658905,1.658905,52.777778,-17.218102,72.366372,51.747385,177.637996
7.738000,75.000000,135.000000,dualpol_vector_correlation,E1-E3,100.000000,720.000000,2.082844,722.082844,94.444444,-18.645586,40.501211,24.932629,163.211930
7.738000,75.000000,0.000000,dualpol_vector_correlation,E2-E4,100.000000,360.000000,3.102649,363.102649,65.277778,-32.487154,0.000000,0.000000,0.000000
7.738000,75.000000,45.000000,dualpol_vector_correlation,E2-E4,100.000000,720.000000,-0.634865,719.365135,72.222222,-20.739835,29.444874,15.961977,171.129310
7.738000,75.000000,90.000000,dualpol_vector_correlation,E2-E4,100.000000,494.821057,-4.290870,-4.290870,62.500000,-20.677737,72.930267,45.901072,179.114414
7.738000,75.000000,135.000000,dualpol_vector_correlation,E2-E4,100.000000,720.000000,-0.757619,719.242381,69.444444,-24.414071,31.286758,20.054926,130.453931
7.738000,75.000000,0.000000,dualpol_vector_correlation,E1-E2,100.000000,304.046283,-19.044561,-19.044561,75.000000,-32.487154,0.000000,0.000000,0.000000
7.738000,75.000000,45.000000,dualpol_vector_correlation,E1-E2,100.000000,360.000000,-11.725950,-371.725950,90.277778,-21.033584,38.567329,22.143492,165.154406
7.738000,75.000000,90.000000,dualpol_vector_correlation,E1-E2,100.000000,360.000000,17.545495,-342.454505,77.777778,-19.108570,66.218941,45.708018,178.795309
7.738000,75.000000,135.000000,dualpol_vector_correlation,E1-E2,100.000000,263.236870,9.855549,9.855549,62.500000,-18.993979,49.573492,30.946007,169.336259
7.738000,75.000000,0.000000,dualpol_vector_correlation,E2-E3,100.000000,385.889643,15.950669,15.950669,76.388889,-32.487154,0.000000,0.000000,0.000000
7.738000,75.000000,45.000000,dualpol_vector_correlation,E2-E3,100.000000,317.709278,8.361074,8.361074,68.055556,-20.739835,52.331824,29.559622,167.685273
7.738000,75.000000,90.000000,dualpol_vector_correlation,E2-E3,100.000000,360.000000,-15.285070,344.714930,69.444444,-19.108570,51.768731,36.088219,167.233280
7.738000,75.000000,135.000000,dualpol_vector_correlation,E2-E3,100.000000,372.431491,-8.433377,351.566623,72.222222,-19.019741,57.616581,33.084022,179.983398
7.738000,75.000000,0.000000,dualpol_vector_correlation,E3-E4,100.000000,360.000000,-13.522130,346.477870,79.166667,-21.475325,0.000000,0.000000,0.000000
7.738000,75.000000,45.000000,dualpol_vector_correlation,E3-E4,100.000000,360.000000,-8.645799,351.354201,88.888889,-19.501553,35.568908,21.676900,177.933981
7.738000,75.000000,90.000000,dualpol_vector_correlation,E3-E4,100.000000,360.000000,11.020554,371.020554,83.333333,-20.352520,59.789790,38.241136,168.464905
7.738000,75.000000,135.000000,dualpol_vector_correlation,E3-E4,100.000000,266.777774,6.942224,6.942224,59.722222,-24.310924,37.647945,20.346239,174.315327
7.738000,75.000000,0.000000,dualpol_vector_correlation,E4-E1,100.000000,360.000000,16.558982,-343.441018,80.555556,-21.475325,0.000000,0.000000,0.000000
7.738000,75.000000,45.000000,dualpol_vector_correlation,E4-E1,100.000000,310.484004,11.788258,11.788258,72.222222,-20.367220,47.555446,28.004657,165.239137
7.738000,75.000000,90.000000,dualpol_vector_correlation,E4-E1,100.000000,360.000000,-12.939451,-372.939451,73.611111,-20.352520,44.591004,30.018336,144.488670
7.738000,75.000000,135.000000,dualpol_vector_correlation,E4-E1,100.000000,343.316028,-8.378142,-8.378142,65.277778,-24.310924,47.839025,28.878325,162.587183
7.738000,90.000000,0.000000,dualpol_vector_correlation,E1-E3,100.000000,360.162849,-3.832612,-3.832612,50.000000,-16.812957,0.000000,0.000000,0.000000
7.738000,90.000000,45.000000,dualpol_vector_correlation,E1-E3,100.000000,722.545082,-1.784456,-721.784456,77.777778,-19.543101,28.940364,17.845150,120.463041
7.738000,90.000000,90.000000,dualpol_vector_correlation,E1-E3,100.000000,186.817571,2.719523,2.719523,59.722222,-16.985928,44.442004,20.463107,179.534523
7.738000,90.000000,135.000000,dualpol_vector_correlation,E1-E3,100.000000,720.000000,0.567133,720.567133,73.611111,-19.580443,32.981021,18.025545,171.405975
7.738000,90.000000,0.000000,dualpol_vector_correlation,E2-E4,100.000000,360.000000,2.614623,362.614623,66.666667,-27.594254,0.000000,0.000000,0.000000
7.738000,90.000000,45.000000,dualpol_vector_correlation,E2-E4,100.000000,720.000000,-2.468326,717.531674,73.611111,-20.805369,26.834129,13.412607,158.144097
7.738000,90.000000,90.000000,dualpol_vector_correlation,E2-E4,100.000000,496.321063,-3.850654,-3.850654,58.333333,-20.500982,70.860609,44.199554,171.376638
7.738000,90.000000,135.000000,dualpol_vector_correlation,E2-E4,100.000000,720.000000,1.123901,721.123901,65.277778,-21.474177,28.384702,14.281421,150.963846
7.738000,90.000000,0.000000,dualpol_vector_correlation,E1-E2,100.000000,321.339474,-21.830049,-21.830049,76.388889,-26.898995,0.000000,0.000000,0.000000
7.738000,90.000000,45.000000,dualpol_vector_correlation,E1-E2,100.000000,332.025609,-0.703504,-0.703504,70.833333,-20.805369,35.355458,21.150606,140.776522
7.738000,90.000000,90.000000,dualpol_vector_correlation,E1-E2,100.000000,335.848050,19.946602,19.946602,63.888889,-20.500982,50.510998,34.720794,179.258029
7.738000,90.000000,135.000000,dualpol_vector_correlation,E1-E2,100.000000,287.700741,-0.739907,-0.739907,70.833333,-17.776477,48.062651,29.301238,174.771952
7.738000,90.000000,0.000000,dualpol_vector_correlation,E2-E3,100.000000,360.000000,17.823181,377.823181,75.000000,-26.898995,0.000000,0.000000,0.000000
7.738000,90.000000,45.000000,dualpol_vector_correlation,E2-E3,100.000000,297.852111,-0.680326,-0.680326,66.666667,-20.805369,46.472880,26.929150,169.642714
7.738000,90.000000,90.000000,dualpol_vector_correlation,E2-E3,100.000000,326.623765,-17.236952,-17.236952,61.111111,-20.500982,53.465673,35.173394,179.303714
7.738000,90.000000,135.000000,dualpol_vector_correlation,E2-E3,100.000000,365.926095,0.679177,360.679177,72.222222,-20.061827,30.099001,20.323035,98.406651
7.738000,90.000000,0.000000,dualpol_vector_correlation,E3-E4,100.000000,360.000000,-15.422969,344.577031,77.777778,-26.966609,0.000000,0.000000,0.000000
7.738000,90.000000,45.000000,dualpol_vector_correlation,E3-E4,100.000000,362.026645,-1.640027,358.359973,75.000000,-18.026602,27.149753,17.274991,105.908519
7.738000,90.000000,90.000000,dualpol_vector_correlation,E3-E4,100.000000,329.487643,13.372800,13.372800,65.277778,-20.115028,48.148737,27.963842,163.249339
7.738000,90.000000,135.000000,dualpol_vector_correlation,E3-E4,100.000000,290.344711,-0.530251,-0.530251,70.833333,-21.288472,40.266221,22.183661,165.059680
7.738000,90.000000,0.000000,dualpol_vector_correlation,E4-E1,100.000000,316.943311,19.242414,19.242414,75.000000,-26.966609,0.000000,0.000000,0.000000
7.738000,90.000000,45.000000,dualpol_vector_correlation,E4-E1,100.000000,293.510606,3.148066,3.148066,69.444444,-19.573113,47.029976,26.635255,175.266506
7.738000,90.000000,90.000000,dualpol_vector_correlation,E4-E1,100.000000,329.033681,-15.927015,-15.927015,59.722222,-20.115028,55.122798,36.569102,170.116760
7.738000,90.000000,135.000000,dualpol_vector_correlation,E4-E1,100.000000,328.241848,0.590081,0.590081,70.833333,-21.288472,29.445163,17.927203,105.354981
7.738000,45.000000,0.000000,dualpol_known_pol_vector,E1-E3,100.000000,461.234772,-0.239117,-0.239117,63.888889,-29.920798,0.000000,0.000000,0.000000
7.738000,45.000000,45.000000,dualpol_known_pol_vector,E1-E3,100.000000,241.365145,-7.543432,-7.543432,50.000000,-26.164452,78.998431,59.972945,170.815032
7.738000,45.000000,90.000000,dualpol_known_pol_vector,E1-E3,100.000000,210.112039,-9.163514,-9.163514,51.388889,-20.788644,86.734308,69.180611,173.807819
7.738000,45.000000,135.000000,dualpol_known_pol_vector,E1-E3,98.630137,409.300998,-2.282835,-2.282835,71.830986,-51.567652,30.408172,17.124617,166.279768
7.738000,45.000000,0.000000,dualpol_known_pol_vector,E2-E4,97.260274,321.372709,2.371881,2.371881,54.285714,-39.056349,0.000000,0.000000,0.000000
7.738000,45.000000,45.000000,dualpol_known_pol_vector,E2-E4,100.000000,360.000000,8.682148,368.682148,77.777778,-33.334842,86.566957,62.560271,177.423165
7.738000,45.000000,90.000000,dualpol_known_pol_vector,E2-E4,98.630137,386.439866,6.146124,6.146124,63.380282,-38.486864,32.684389,24.854631,86.848477
7.738000,45.000000,135.000000,dualpol_known_pol_vector,E2-E4,100.000000,1057.595716,-0.330650,-720.330650,61.111111,-31.893756,54.713969,34.368124,166.110993
7.738000,45.000000,0.000000,dualpol_known_pol_vector,E1-E2,98.630137,347.803339,15.416998,15.416998,53.521127,-40.282709,0.000000,0.000000,0.000000
7.738000,45.000000,45.000000,dualpol_known_pol_vector,E1-E2,100.000000,363.389054,-26.939462,-26.939462,72.222222,-31.674424,66.412308,51.362333,179.983694
7.738000,45.000000,90.000000,dualpol_known_pol_vector,E1-E2,100.000000,225.379887,-26.636516,-26.636516,56.944444,-26.518125,77.235090,55.009694,177.659027
7.738000,45.000000,135.000000,dualpol_known_pol_vector,E1-E2,98.630137,423.553022,14.768058,374.768058,59.154930,-51.382047,50.542225,24.812492,179.458263
7.738000,45.000000,0.000000,dualpol_known_pol_vector,E2-E3,98.630137,505.844917,-15.656116,-15.656116,61.971831,-40.858722,0.000000,0.000000,0.000000
7.738000,45.000000,45.000000,dualpol_known_pol_vector,E2-E3,100.000000,389.446467,19.396031,19.396031,66.666667,-31.981112,62.537147,41.690584,179.131160
7.738000,45.000000,90.000000,dualpol_known_pol_vector,E2-E3,100.000000,350.196167,17.473002,17.473002,55.555556,-26.447562,64.310582,46.613838,172.262955
7.738000,45.000000,135.000000,dualpol_known_pol_vector,E2-E3,100.000000,719.283423,-17.050893,-377.050893,51.388889,-32.780464,50.511116,29.101986,167.250445
7.738000,45.000000,0.000000,dualpol_known_pol_vector,E3-E4,98.630137,350.912342,18.027996,18.027996,54.929577,-39.855859,0.000000,0.000000,0.000000
7.738000,45.000000,45.000000,dualpol_known_pol_vector,E3-E4,100.000000,362.589381,-10.713882,349.286118,81.944444,-34.408748,66.686041,48.672137,174.102418
7.738000,45.000000,90.000000,dualpol_known_pol_vector,E3-E4,98.630137,256.038457,-11.326879,-11.326879,71.830986,-39.321422,76.319143,54.368815,174.598211
7.738000,45.000000,135.000000,dualpol_known_pol_vector,E3-E4,100.000000,408.566906,16.720243,-343.279757,62.500000,-29.725858,42.940880,24.156169,162.729303
7.738000,45.000000,0.000000,dualpol_known_pol_vector,E4-E1,98.630137,495.343237,-17.788879,-17.788879,61.971831,-39.279846,0.000000,0.000000,0.000000
7.738000,45.000000,45.000000,dualpol_known_pol_vector,E4-E1,100.000000,461.390687,18.257314,-341.742686,66.666667,-34.102061,68.172571,47.564324,176.754851
7.738000,45.000000,90.000000,dualpol_known_pol_vector,E4-E1,98.630137,337.079649,20.490393,20.490393,59.154930,-39.391984,64.941422,43.946940,176.546469
7.738000,45.000000,135.000000,dualpol_known_pol_vector,E4-E1,98.630137,357.874783,-14.437408,-14.437408,53.521127,-51.382047,48.870699,27.344690,175.352854
7.738000,60.000000,0.000000,dualpol_known_pol_vector,E1-E3,98.630137,381.174756,-2.394068,-2.394068,66.197183,-36.678362,0.000000,0.000000,0.000000
7.738000,60.000000,45.000000,dualpol_known_pol_vector,E1-E3,100.000000,282.147562,-12.859206,-12.859206,55.555556,-30.208810,76.203095,56.317197,179.133565
7.738000,60.000000,90.000000,dualpol_known_pol_vector,E1-E3,100.000000,205.910015,-12.799918,-12.799918,58.333333,-23.343570,87.748655,74.069066,165.997960
7.738000,60.000000,135.000000,dualpol_known_pol_vector,E1-E3,100.000000,366.036585,-2.289308,-2.289308,55.555556,-28.638500,46.027419,32.137757,162.279613
7.738000,60.000000,0.000000,dualpol_known_pol_vector,E2-E4,100.000000,422.567780,6.895495,6.895495,52.777778,-31.262444,0.000000,0.000000,0.000000
7.738000,60.000000,45.000000,dualpol_known_pol_vector,E2-E4,100.000000,360.000000,13.763456,373.763456,72.222222,-30.222299,91.984473,68.181140,177.421766
7.738000,60.000000,90.000000,dualpol_known_pol_vector,E2-E4,100.000000,720.000000,8.582487,728.582487,87.500000,-26.687172,59.169960,39.662130,178.637505
7.738000,60.000000,135.000000,dualpol_known_pol_vector,E2-E4,100.000000,1201.706250,1.537707,-718.462293,56.944444,-29.507463,66.169566,44.998733,172.012668
7.738000,60.000000,0.000000,dualpol_known_pol_vector,E1-E2,100.000000,396.636073,11.870664,11.870664,55.555556,-32.452944,0.000000,0.000000,0.000000
7.738000,60.000000,45.000000,dualpol_known_pol_vector,E1-E2,100.000000,426.711284,-44.722826,-44.722826,77.777778,-29.191948,70.764717,55.207312,176.655776
7.738000,60.000000,90.000000,dualpol_known_pol_vector,E1-E2,100.000000,360.000000,-29.655494,-389.655494,79.166667,-27.679325,84.757554,64.808039,179.374096
7.738000,60.000000,135.000000,dualpol_known_pol_vector,E1-E2,100.000000,671.301880,25.905147,385.905147,51.388889,-29.838636,57.597089,38.333136,174.585884
7.738000,60.000000,0.000000,dualpol_known_pol_vector,E2-E3,98.630137,440.878617,-14.264732,-14.264732,56.338028,-36.678362,0.000000,0.000000,0.000000
7.738000,60.000000,45.000000,dualpol_known_pol_vector,E2-E3,100.000000,376.514154,31.863620,31.863620,69.444444,-27.460341,72.747184,49.567604,173.332408
7.738000,60.000000,90.000000,dualpol_known_pol_vector,E2-E3,100.000000,360.000000,16.855576,376.855576,58.333333,-28.436538,81.322342,60.388814,179.355856
7.738000,60.000000,135.000000,dualpol_known_pol_vector,E2-E3,100.000000,650.243592,-28.194456,-388.194456,52.777778,-31.113926,64.843703,40.140867,176.794807
7.738000,60.000000,0.000000,dualpol_known_pol_vector,E3-E4,98.630137,386.157805,21.160227,21.160227,54.929577,-36.678362,0.000000,0.000000,0.000000
7.738000,60.000000,45.000000,dualpol_known_pol_vector,E3-E4,100.000000,360.000000,-18.100164,341.899836,84.722222,-31.652728,66.512896,49.631433,174.623595
7.738000,60.000000,90.000000,dualpol_known_pol_vector,E3-E4,100.000000,360.000000,-8.273090,351.726910,90.277778,-23.770050,81.627592,61.928207,178.821056
7.738000,60.000000,135.000000,dualpol_known_pol_vector,E3-E4,100.000000,678.810175,29.732162,-330.267838,51.388889,-28.500685,52.106470,35.282193,178.447577
7.738000,60.000000,0.000000,dualpol_known_pol_vector,E4-E1,100.000000,490.490226,-18.766159,-18.766159,59.722222,-30.455216,0.000000,0.000000,0.000000
7.738000,60.000000,45.000000,dualpol_known_pol_vector,E4-E1,100.000000,489.320749,30.959370,-329.040630,72.222222,-30.635867,68.711990,48.320172,174.598867
7.738000,60.000000,90.000000,dualpol_known_pol_vector,E4-E1,100.000000,360.000000,21.073008,-338.926992,63.888889,-23.012837,78.462141,57.223577,178.737396
7.738000,60.000000,135.000000,dualpol_known_pol_vector,E4-E1,100.000000,661.248254,-27.442854,332.557146,54.166667,-27.363210,54.308140,33.013033,168.351683
7.738000,75.000000,0.000000,dualpol_known_pol_vector,E1-E3,100.000000,612.920999,-7.091558,-367.091558,58.333333,-29.571801,0.000000,0.000000,0.000000
7.738000,75.000000,45.000000,dualpol_known_pol_vector,E1-E3,100.000000,330.772174,-23.203450,-23.203450,58.333333,-26.139198,54.297757,41.674376,172.937093
7.738000,75.000000,90.000000,dualpol_known_pol_vector,E1-E3,100.000000,268.060692,-21.262598,-21.262598,66.666667,-28.934959,73.893765,67.611917,176.127836
7.738000,75.000000,135.000000,dualpol_known_pol_vector,E1-E3,100.000000,338.547871,-0.539677,-0.539677,59.722222,-28.061356,52.708636,41.029658,179.564442
7.738000,75.000000,0.000000,dualpol_known_pol_vector,E2-E4,95.890411,484.702697,17.636364,377.636364,57.971014,-38.567531,0.000000,0.000000,0.000000
7.738000,75.000000,45.000000,dualpol_known_pol_vector,E2-E4,100.000000,415.385203,22.820889,382.820889,70.833333,-30.660987,76.872794,56.247755,174.620575
7.738000,75.000000,90.000000,dualpol_known_pol_vector,E2-E4,100.000000,720.000000,14.960354,734.960354,83.333333,-24.074875,58.701714,45.034816,157.064661
7.738000,75.000000,135.000000,dualpol_known_pol_vector,E2-E4,100.000000,1254.895184,6.882576,-713.117424,59.722222,-32.008341,79.505667,58.560601,174.439016
7.738000,75.000000,0.000000,dualpol_known_pol_vector,E1-E2,95.890411,380.941752,3.165992,-356.834008,63.768116,-39.402112,0.000000,0.000000,0.000000
7.738000,75.000000,45.000000,dualpol_known_pol_vector,E1-E2,100.000000,503.820567,-83.340220,-83.340220,68.055556,-25.029565,80.493604,63.597642,179.685951
7.738000,75.000000,90.000000,dualpol_known_pol_vector,E1-E2,100.000000,360.000000,-36.157572,-396.157572,70.833333,-23.043083,85.144528,69.837714,179.435993
7.738000,75.000000,135.000000,dualpol_known_pol_vector,E1-E2,100.000000,426.117235,53.784041,53.784041,52.777778,-32.008341,76.522753,60.350136,170.239975
7.738000,75.000000,0.000000,dualpol_known_pol_vector,E2-E3,95.890411,495.589804,-10.257549,349.742451,59.420290,-41.786026,0.000000,0.000000,0.000000
7.738000,75.000000,45.000000,dualpol_known_pol_vector,E2-E3,100.000000,368.689294,60.136770,60.136770,62.500000,-25.657878,72.360664,53.782297,171.592894
7.738000,75.000000,90.000000,dualpol_known_pol_vector,E2-E3,100.000000,360.000000,14.894974,374.894974,59.722222,-28.934959,88.551906,65.873318,179.782253
7.738000,75.000000,135.000000,dualpol_known_pol_vector,E2-E3,100.000000,633.457313,-54.323718,-414.323718,61.111111,-33.989249,85.667192,66.553188,178.475077
7.738000,75.000000,0.000000,dualpol_known_pol_vector,E3-E4,100.000000,360.000000,27.893913,387.893913,68.055556,-26.111617,0.000000,0.000000,0.000000
7.738000,75.000000,45.000000,dualpol_known_pol_vector,E3-E4,100.000000,381.859397,-37.315880,322.684120,73.611111,-31.770620,77.509095,60.434150,174.181824
7.738000,75.000000,90.000000,dualpol_known_pol_vector,E3-E4,100.000000,360.000000,0.065381,360.065381,90.277778,-28.934959,81.913062,68.755006,178.364709
7.738000,75.000000,135.000000,dualpol_known_pol_vector,E3-E4,100.000000,710.287204,61.206295,-298.793705,50.000000,-23.207336,58.634924,48.130483,177.305179
7.738000,75.000000,0.000000,dualpol_known_pol_vector,E4-E1,100.000000,488.029849,-20.802356,-20.802356,51.388889,-27.187887,0.000000,0.000000,0.000000
7.738000,75.000000,45.000000,dualpol_known_pol_vector,E4-E1,100.000000,392.689198,60.519331,60.519331,62.500000,-30.197077,73.318175,58.763523,175.333098
7.738000,75.000000,90.000000,dualpol_known_pol_vector,E4-E1,100.000000,360.000000,21.197217,-338.802783,65.277778,-24.646422,94.599006,72.396347,177.565040
7.738000,75.000000,135.000000,dualpol_known_pol_vector,E4-E1,100.000000,634.540270,-60.666618,299.333382,59.722222,-25.240647,68.787628,54.890824,177.310816
7.738000,90.000000,0.000000,dualpol_known_pol_vector,E1-E3,98.630137,339.214585,7.196377,7.196377,52.112676,-36.357267,0.000000,0.000000,0.000000
7.738000,90.000000,45.000000,dualpol_known_pol_vector,E1-E3,100.000000,243.686318,-8.915383,-8.915383,58.333333,-25.859894,76.060883,58.242116,176.329459
7.738000,90.000000,90.000000,dualpol_known_pol_vector,E1-E3,100.000000,532.766224,-30.602739,329.397261,80.555556,-29.596224,94.433662,71.449991,179.643914
7.738000,90.000000,135.000000,dualpol_known_pol_vector,E1-E3,100.000000,375.799453,13.204155,373.204155,84.722222,-31.642893,74.750594,48.723886,175.853395
7.738000,90.000000,0.000000,dualpol_known_pol_vector,E2-E4,100.000000,369.266275,-40.525832,319.474168,56.944444,-30.003474,0.000000,0.000000,0.000000
7.738000,90.000000,45.000000,dualpol_known_pol_vector,E2-E4,100.000000,527.415424,-5.406580,-5.406580,56.944444,-34.013819,68.933274,51.103227,171.659174
7.738000,90.000000,90.000000,dualpol_known_pol_vector,E2-E4,100.000000,360.000000,13.428229,373.428229,61.111111,-34.564854,51.087660,36.674771,165.084937
7.738000,90.000000,135.000000,dualpol_known_pol_vector,E2-E4,100.000000,859.283134,21.928472,-338.071528,52.777778,-27.291710,53.775543,37.411450,152.334292
7.738000,90.000000,0.000000,dualpol_known_pol_vector,E1-E2,100.000000,360.000000,9.636834,-350.363166,61.111111,-33.143540,0.000000,0.000000,0.000000
7.738000,90.000000,45.000000,dualpol_known_pol_vector,E1-E2,100.000000,489.203587,176.809025,536.809025,59.722222,-25.859894,93.261901,79.988776,177.531517
7.738000,90.000000,90.000000,dualpol_known_pol_vector,E1-E2,100.000000,589.537823,-18.422577,341.577423,54.166667,-29.596224,83.691730,70.936807,156.707239
7.738000,90.000000,135.000000,dualpol_known_pol_vector,E1-E2,100.000000,978.342501,173.128616,893.128616,81.944444,-28.053744,103.634354,93.838822,177.039459
7.738000,90.000000,0.000000,dualpol_known_pol_vector,E2-E3,100.000000,390.928908,-2.440457,-2.440457,50.000000,-34.565361,0.000000,0.000000,0.000000
7.738000,90.000000,45.000000,dualpol_known_pol_vector,E2-E3,100.000000,561.944123,174.275593,-185.724407,77.777778,-22.286685,91.909131,73.248877,177.852915
7.738000,90.000000,90.000000,dualpol_known_pol_vector,E2-E3,100.000000,423.179153,-12.180161,-12.180161,55.555556,-28.497937,94.297506,76.995905,178.111904
7.738000,90.000000,135.000000,dualpol_known_pol_vector,E2-E3,100.000000,496.650855,-159.924461,-159.924461,61.111111,-30.880860,111.569744,97.677742,179.095771
7.738000,90.000000,0.000000,dualpol_known_pol_vector,E3-E4,100.000000,541.251862,-38.085375,-38.085375,63.888889,-34.565361,0.000000,0.000000,0.000000
7.738000,90.000000,45.000000,dualpol_known_pol_vector,E3-E4,100.000000,362.199809,-179.682172,180.317828,58.333333,-33.472062,106.204702,92.117110,177.461696
7.738000,90.000000,90.000000,dualpol_known_pol_vector,E3-E4,97.260274,410.820006,25.608390,385.608390,54.285714,-36.757649,87.883584,73.383526,179.959599
7.738000,90.000000,135.000000,dualpol_known_pol_vector,E3-E4,100.000000,598.350928,-178.147067,-538.147067,83.333333,-29.149311,96.636022,81.197333,179.030674
7.738000,90.000000,0.000000,dualpol_known_pol_vector,E4-E1,100.000000,365.465746,30.888998,30.888998,62.500000,-31.347283,0.000000,0.000000,0.000000
7.738000,90.000000,45.000000,dualpol_known_pol_vector,E4-E1,98.630137,425.815390,-171.402445,-531.402445,57.746479,-35.960060,104.393793,94.044267,176.403130
7.738000,90.000000,90.000000,dualpol_known_pol_vector,E4-E1,97.260274,720.000000,4.994349,-715.005651,71.428571,-36.803531,72.553287,60.552248,155.580937
7.738000,90.000000,135.000000,dualpol_known_pol_vector,E4-E1,100.000000,369.071166,164.942912,164.942912,51.388889,-25.516334,90.224260,78.250581,175.437102
7.738000,45.000000,0.000000,dualpol_fixed_45deg_sum,E1-E3,100.000000,360.000000,0.254301,360.254301,81.944444,-30.033468,0.000000,0.000000,0.000000
7.738000,45.000000,45.000000,dualpol_fixed_45deg_sum,E1-E3,100.000000,241.365145,-7.543432,-7.543432,50.000000,-26.164452,78.026938,60.782063,177.283715
7.738000,45.000000,90.000000,dualpol_fixed_45deg_sum,E1-E3,100.000000,113.934124,-8.915383,-8.915383,58.333333,-13.305814,139.425609,133.824009,179.356759
7.738000,45.000000,135.000000,dualpol_fixed_45deg_sum,E1-E3,95.890411,360.000000,7.516705,367.516705,86.956522,-38.933153,66.100662,50.209212,173.612615
7.738000,45.000000,0.000000,dualpol_fixed_45deg_sum,E2-E4,100.000000,360.000000,0.657549,360.657549,81.944444,-32.730846,0.000000,0.000000,0.000000
7.738000,45.000000,45.000000,dualpol_fixed_45deg_sum,E2-E4,100.000000,360.000000,8.682148,368.682148,77.777778,-33.334842,59.370592,45.408880,169.002081
7.738000,45.000000,90.000000,dualpol_fixed_45deg_sum,E2-E4,100.000000,112.506010,-5.406580,-5.406580,58.333333,-13.771181,139.983781,134.784539,179.583807
7.738000,45.000000,135.000000,dualpol_fixed_45deg_sum,E2-E4,100.000000,239.483750,-7.619609,-7.619609,50.000000,-26.634836,79.433925,62.059072,178.442233
7.738000,45.000000,0.000000,dualpol_fixed_45deg_sum,E1-E2,100.000000,12.774968,-0.868811,-0.868811,66.666667,-28.380149,0.000000,0.000000,0.000000
7.738000,45.000000,45.000000,dualpol_fixed_45deg_sum,E1-E2,100.000000,363.389054,-26.939462,-26.939462,72.222222,-31.674424,75.659119,58.974149,174.794687
7.738000,45.000000,90.000000,dualpol_fixed_45deg_sum,E1-E2,100.000000,8.840036,176.809025,176.809025,55.555556,-8.439273,177.645068,177.638384,179.967671
7.738000,45.000000,135.000000,dualpol_fixed_45deg_sum,E1-E2,98.630137,368.424087,24.955632,24.955632,71.830986,-39.627400,77.858063,60.216603,172.635224
7.738000,45.000000,0.000000,dualpol_fixed_45deg_sum,E2-E3,100.000000,360.000000,1.123112,361.123112,80.555556,-30.033468,0.000000,0.000000,0.000000
7.738000,45.000000,45.000000,dualpol_fixed_45deg_sum,E2-E3,100.000000,389.446467,19.396031,19.396031,66.666667,-31.981112,38.054941,22.738532,172.387173
7.738000,45.000000,90.000000,dualpol_fixed_45deg_sum,E2-E3,100.000000,110.892233,174.275593,174.275593,58.333333,-13.305814,59.587259,44.932994,173.152481
7.738000,45.000000,135.000000,dualpol_fixed_45deg_sum,E2-E3,97.260274,444.343563,-17.438927,342.561073,72.857143,-39.049118,43.633799,26.361088,150.629132
7.738000,45.000000,0.000000,dualpol_fixed_45deg_sum,E3-E4,100.000000,26.132887,-0.465563,-0.465563,63.888889,-32.800653,0.000000,0.000000,0.000000
7.738000,45.000000,45.000000,dualpol_fixed_45deg_sum,E3-E4,100.000000,362.589381,-10.713882,349.286118,81.944444,-34.408748,75.393968,58.561179,177.229934
7.738000,45.000000,90.000000,dualpol_fixed_45deg_sum,E3-E4,100.000000,12.555659,-179.682172,-179.682172,50.000000,-13.862803,176.646853,176.624755,179.852308
7.738000,45.000000,135.000000,dualpol_fixed_45deg_sum,E3-E4,97.260274,361.846956,9.819318,-350.180682,84.285714,-39.327338,81.683679,63.725873,177.011140
7.738000,45.000000,0.000000,dualpol_fixed_45deg_sum,E4-E1,100.000000,360.000000,0.211262,-359.788738,83.333333,-32.747595,0.000000,0.000000,0.000000
7.738000,45.000000,45.000000,dualpol_fixed_45deg_sum,E4-E1,100.000000,461.390687,18.257314,-341.742686,66.666667,-34.102061,49.793667,30.669816,164.684924
7.738000,45.000000,90.000000,dualpol_fixed_45deg_sum,E4-E1,100.000000,115.547901,-171.402445,-171.402445,58.333333,-13.771181,59.749250,46.221557,171.613707
7.738000,45.000000,135.000000,dualpol_fixed_45deg_sum,E4-E1,98.630137,421.636913,-17.336023,-17.336023,69.014085,-39.905620,41.768302,25.480973,176.270820
7.738000,60.000000,0.000000,dualpol_fixed_45deg_sum,E1-E3,98.630137,360.000000,-1.835936,358.164064,95.774648,-38.448189,0.000000,0.000000,0.000000
7.738000,60.000000,45.000000,dualpol_fixed_45deg_sum,E1-E3,100.000000,282.147562,-12.859206,-12.859206,55.555556,-30.208810,69.614998,53.668451,175.486086
7.738000,60.000000,90.000000,dualpol_fixed_45deg_sum,E1-E3,100.000000,720.000000,18.855427,738.855427,75.000000,-15.647189,130.342745,118.239867,179.545615
7.738000,60.000000,135.000000,dualpol_fixed_45deg_sum,E1-E3,87.671233,385.534413,4.590454,364.590454,87.301587,-52.493963,56.568390,37.678893,177.036399
7.738000,60.000000,0.000000,dualpol_fixed_45deg_sum,E2-E4,98.630137,360.000000,2.883989,362.883989,73.239437,-36.286855,0.000000,0.000000,0.000000
7.738000,60.000000,45.000000,dualpol_fixed_45deg_sum,E2-E4,100.000000,360.000000,13.763456,373.763456,72.222222,-30.222299,45.239473,36.596310,122.279605
7.738000,60.000000,90.000000,dualpol_fixed_45deg_sum,E2-E4,100.000000,178.331605,-23.888200,-23.888200,55.555556,-10.618053,113.883954,102.400348,178.303643
7.738000,60.000000,135.000000,dualpol_fixed_45deg_sum,E2-E4,98.630137,467.177385,-4.171178,355.828822,61.971831,-36.258217,59.096393,44.469350,178.937271
7.738000,60.000000,0.000000,dualpol_fixed_45deg_sum,E1-E2,100.000000,153.811111,-7.941948,-7.941948,62.500000,-30.823829,0.000000,0.000000,0.000000
7.738000,60.000000,45.000000,dualpol_fixed_45deg_sum,E1-E2,100.000000,426.711284,-44.722826,-44.722826,77.777778,-29.191948,65.946629,52.467433,178.948604
7.738000,60.000000,90.000000,dualpol_fixed_45deg_sum,E1-E2,100.000000,389.076478,79.561342,439.561342,77.777778,-10.682049,136.553194,128.479054,179.474544
7.738000,60.000000,135.000000,dualpol_fixed_45deg_sum,E1-E2,95.890411,378.885066,14.240249,-345.759751,52.173913,-39.741637,59.306127,44.119342,171.777447
7.738000,60.000000,0.000000,dualpol_fixed_45deg_sum,E2-E3,98.630137,360.000000,6.106013,366.106013,80.281690,-38.448189,0.000000,0.000000,0.000000
7.738000,60.000000,45.000000,dualpol_fixed_45deg_sum,E2-E3,100.000000,376.514154,31.863620,31.863620,69.444444,-27.460341,38.858951,22.722807,170.316854
7.738000,60.000000,90.000000,dualpol_fixed_45deg_sum,E2-E3,100.000000,360.000000,-60.705915,299.294085,61.111111,-15.894720,37.659343,31.251781,72.533812
7.738000,60.000000,135.000000,dualpol_fixed_45deg_sum,E2-E3,89.041096,720.000000,-9.649795,710.350205,87.500000,-53.217448,27.251352,14.178732,138.427251
7.738000,60.000000,0.000000,dualpol_fixed_45deg_sum,E3-E4,97.260274,98.037714,-3.222024,-3.222024,55.714286,-38.448189,0.000000,0.000000,0.000000
7.738000,60.000000,45.000000,dualpol_fixed_45deg_sum,E3-E4,100.000000,360.000000,-18.100164,341.899836,84.722222,-31.652728,64.441347,50.240694,174.608296
7.738000,60.000000,90.000000,dualpol_fixed_45deg_sum,E3-E4,100.000000,394.231617,36.817715,-323.182285,75.000000,-15.655220,137.245835,124.647241,179.943688
7.738000,60.000000,135.000000,dualpol_fixed_45deg_sum,E3-E4,90.410959,402.756888,5.478617,-354.521383,56.923077,-53.152462,67.426236,48.376067,178.214748
7.738000,60.000000,0.000000,dualpol_fixed_45deg_sum,E4-E1,98.630137,360.000000,5.057960,-354.942040,80.281690,-36.334257,0.000000,0.000000,0.000000
7.738000,60.000000,45.000000,dualpol_fixed_45deg_sum,E4-E1,100.000000,489.320749,30.959370,-329.040630,72.222222,-30.635867,45.574769,27.687832,155.300783
7.738000,60.000000,90.000000,dualpol_fixed_45deg_sum,E4-E1,100.000000,360.000000,-55.673141,-415.673141,63.888889,-10.442549,37.808836,30.817933,72.492977
7.738000,60.000000,135.000000,dualpol_fixed_45deg_sum,E4-E1,97.260274,436.198328,-10.069071,-10.069071,71.428571,-39.676651,40.566781,22.850607,177.174327
7.738000,75.000000,0.000000,dualpol_fixed_45deg_sum,E1-E3,100.000000,360.000000,-4.265698,355.734302,95.833333,-34.524392,0.000000,0.000000,0.000000
7.738000,75.000000,45.000000,dualpol_fixed_45deg_sum,E1-E3,100.000000,330.772174,-23.203450,-23.203450,58.333333,-26.139198,61.950394,45.186372,176.351854
7.738000,75.000000,90.000000,dualpol_fixed_45deg_sum,E1-E3,100.000000,434.000363,11.890294,371.890294,76.388889,-31.968282,99.625071,78.481770,178.901349
7.738000,75.000000,135.000000,dualpol_fixed_45deg_sum,E1-E3,95.890411,422.840072,2.304461,362.304461,98.550725,-39.020898,49.959408,26.775659,178.775662
7.738000,75.000000,0.000000,dualpol_fixed_45deg_sum,E2-E4,100.000000,360.000000,5.399762,365.399762,68.055556,-31.274955,0.000000,0.000000,0.000000
7.738000,75.000000,45.000000,dualpol_fixed_45deg_sum,E2-E4,100.000000,415.385203,22.820889,382.820889,70.833333,-30.660987,51.430748,39.055187,147.268508
7.738000,75.000000,90.000000,dualpol_fixed_45deg_sum,E2-E4,100.000000,419.868145,-13.150468,-13.150468,65.277778,-31.693273,79.580182,60.559807,160.268807
7.738000,75.000000,135.000000,dualpol_fixed_45deg_sum,E2-E4,100.000000,720.000000,-1.587731,718.412269,80.555556,-32.526519,35.556821,20.528498,158.077971
7.738000,75.000000,0.000000,dualpol_fixed_45deg_sum,E1-E2,100.000000,243.080938,-16.062906,-16.062906,63.888889,-31.244831,0.000000,0.000000,0.000000
7.738000,75.000000,45.000000,dualpol_fixed_45deg_sum,E1-E2,100.000000,503.820567,-83.340220,-83.340220,68.055556,-25.029565,56.797866,46.602212,167.334361
7.738000,75.000000,90.000000,dualpol_fixed_45deg_sum,E1-E2,100.000000,471.327164,42.316635,402.316635,54.166667,-28.202603,94.801348,74.662058,173.376442
7.738000,75.000000,135.000000,dualpol_fixed_45deg_sum,E1-E2,97.260274,260.482621,6.185747,6.185747,64.285714,-38.722577,49.326756,27.944658,177.896538
7.738000,75.000000,0.000000,dualpol_fixed_45deg_sum,E2-E3,100.000000,360.000000,11.797208,371.797208,77.777778,-34.524392,0.000000,0.000000,0.000000
7.738000,75.000000,45.000000,dualpol_fixed_45deg_sum,E2-E3,100.000000,368.689294,60.136770,60.136770,62.500000,-25.657878,47.577759,30.806016,174.706774
7.738000,75.000000,90.000000,dualpol_fixed_45deg_sum,E2-E3,100.000000,360.636942,-30.426341,-30.426341,61.111111,-32.490325,60.380255,42.722567,175.206599
7.738000,75.000000,135.000000,dualpol_fixed_45deg_sum,E2-E3,98.630137,720.000000,-3.881287,716.118713,88.732394,-39.760963,30.743674,17.816977,156.539749
7.738000,75.000000,0.000000,dualpol_fixed_45deg_sum,E3-E4,100.000000,247.999175,-6.397446,-6.397446,55.555556,-34.524392,0.000000,0.000000,0.000000
7.738000,75.000000,45.000000,dualpol_fixed_45deg_sum,E3-E4,100.000000,381.859397,-37.315880,322.684120,73.611111,-31.770620,58.179101,46.019934,178.883120
7.738000,75.000000,90.000000,dualpol_fixed_45deg_sum,E3-E4,100.000000,282.344042,17.275873,17.275873,59.722222,-31.968282,89.311212,65.493052,176.434992
7.738000,75.000000,135.000000,dualpol_fixed_45deg_sum,E3-E4,98.630137,259.943929,2.293556,2.293556,67.605634,-39.571361,45.316646,23.912832,158.909305
7.738000,75.000000,0.000000,dualpol_fixed_45deg_sum,E4-E1,100.000000,360.000000,10.663144,-349.336856,81.944444,-30.775254,0.000000,0.000000,0.000000
7.738000,75.000000,45.000000,dualpol_fixed_45deg_sum,E4-E1,100.000000,392.689198,60.519331,60.519331,62.500000,-30.197077,41.103363,27.270713,147.758667
7.738000,75.000000,90.000000,dualpol_fixed_45deg_sum,E4-E1,100.000000,360.000000,-29.166167,-389.166167,73.611111,-31.116248,60.498474,40.835883,174.855470
7.738000,75.000000,135.000000,dualpol_fixed_45deg_sum,E4-E1,97.260274,360.000000,-4.598017,-364.598017,87.142857,-38.532975,26.696080,13.862436,147.216315
7.738000,90.000000,0.000000,dualpol_fixed_45deg_sum,E1-E3,100.000000,374.930782,-7.543432,352.456568,58.333333,-31.300773,0.000000,0.000000,0.000000
7.738000,90.000000,45.000000,dualpol_fixed_45deg_sum,E1-E3,100.000000,243.686318,-8.915383,-8.915383,58.333333,-25.859894,103.643915,86.664203,179.243257
7.738000,90.000000,90.000000,dualpol_fixed_45deg_sum,E1-E3,98.630137,720.000000,7.516705,727.516705,80.281690,-37.048741,56.320137,37.940092,167.251033
7.738000,90.000000,135.000000,dualpol_fixed_45deg_sum,E1-E3,100.000000,720.000000,0.254301,720.254301,68.055556,-27.984269,42.800677,24.371561,149.475580
7.738000,90.000000,0.000000,dualpol_fixed_45deg_sum,E2-E4,100.000000,360.000000,8.682148,368.682148,68.055556,-31.628687,0.000000,0.000000,0.000000
7.738000,90.000000,45.000000,dualpol_fixed_45deg_sum,E2-E4,100.000000,527.415424,-5.406580,-5.406580,56.944444,-34.013819,68.817101,53.621782,178.442233
7.738000,90.000000,90.000000,dualpol_fixed_45deg_sum,E2-E4,100.000000,484.962212,-7.619609,-7.619609,59.722222,-22.149113,71.979772,47.697634,178.673824
7.738000,90.000000,135.000000,dualpol_fixed_45deg_sum,E2-E4,97.260274,360.000000,0.657549,360.657549,65.714286,-38.029334,31.875921,19.028495,152.021040
7.738000,90.000000,0.000000,dualpol_fixed_45deg_sum,E1-E2,100.000000,306.923154,-26.939462,-26.939462,66.666667,-30.963925,0.000000,0.000000,0.000000
7.738000,90.000000,45.000000,dualpol_fixed_45deg_sum,E1-E2,100.000000,489.203587,176.809025,536.809025,59.722222,-25.859894,100.013988,84.425017,178.008420
7.738000,90.000000,90.000000,dualpol_fixed_45deg_sum,E1-E2,98.630137,583.995520,24.955632,384.955632,54.929577,-37.353467,75.294340,55.312058,165.280838
7.738000,90.000000,135.000000,dualpol_fixed_45deg_sum,E1-E2,98.630137,605.876079,-0.868811,359.131189,59.154930,-36.488525,45.457244,28.323561,177.337236
7.738000,90.000000,0.000000,dualpol_fixed_45deg_sum,E2-E3,100.000000,360.000000,19.396031,379.396031,81.944444,-31.057872,0.000000,0.000000,0.000000
7.738000,90.000000,45.000000,dualpol_fixed_45deg_sum,E2-E3,100.000000,561.944123,174.275593,-185.724407,77.777778,-22.286685,92.309145,77.922723,178.508199
7.738000,90.000000,90.000000,dualpol_fixed_45deg_sum,E2-E3,100.000000,360.000000,-17.438927,342.561073,66.666667,-34.996735,58.378911,41.433192,151.456849
7.738000,90.000000,135.000000,dualpol_fixed_45deg_sum,E2-E3,98.630137,360.000000,1.123112,361.123112,88.732394,-36.488525,29.404684,19.633298,106.151770
7.738000,90.000000,0.000000,dualpol_fixed_45deg_sum,E3-E4,100.000000,298.235379,-10.713882,-10.713882,65.277778,-31.676887,0.000000,0.000000,0.000000
7.738000,90.000000,45.000000,dualpol_fixed_45deg_sum,E3-E4,100.000000,362.199809,-179.682172,180.317828,58.333333,-33.472062,106.742896,85.780982,177.011140
7.738000,90.000000,90.000000,dualpol_fixed_45deg_sum,E3-E4,100.000000,597.476606,9.819318,-350.180682,54.166667,-34.692009,68.284357,42.614412,178.583131
7.738000,90.000000,135.000000,dualpol_fixed_45deg_sum,E3-E4,98.630137,304.873893,-0.465563,-0.465563,60.563380,-37.862677,35.916481,19.055210,154.225158
7.738000,90.000000,0.000000,dualpol_fixed_45deg_sum,E4-E1,100.000000,360.000000,18.257314,-341.742686,84.722222,-31.628687,0.000000,0.000000,0.000000
7.738000,90.000000,45.000000,dualpol_fixed_45deg_sum,E4-E1,98.630137,425.815390,-171.402445,-531.402445,57.746479,-35.960060,84.119652,69.936179,174.494061
7.738000,90.000000,90.000000,dualpol_fixed_45deg_sum,E4-E1,98.630137,360.000000,-17.336023,-377.336023,69.014085,-36.849728,56.746822,40.049259,152.444136
7.738000,90.000000,135.000000,dualpol_fixed_45deg_sum,E4-E1,98.630137,360.000000,0.211262,-359.788738,84.507042,-37.862677,30.019973,18.443049,142.695421
7.738000,45.000000,0.000000,legacy_cp_minus90,E1-E3,100.000000,720.000000,-2.222424,717.777576,84.722222,-23.844844,0.000000,0.000000,0.000000
7.738000,45.000000,45.000000,legacy_cp_minus90,E1-E3,98.630137,205.478282,-4.128181,-4.128181,57.746479,-35.927173,62.146206,47.020455,178.519347
7.738000,45.000000,90.000000,legacy_cp_minus90,E1-E3,100.000000,720.000000,-1.460017,718.539983,91.666667,-21.894348,84.723089,66.823614,143.855577
7.738000,45.000000,135.000000,legacy_cp_minus90,E1-E3,100.000000,720.000000,-0.006684,719.993316,80.555556,-21.234193,42.195423,32.451803,101.391588
7.738000,45.000000,0.000000,legacy_cp_minus90,E2-E4,98.630137,839.129852,3.458580,-356.541420,50.704225,-38.263785,0.000000,0.000000,0.000000
7.738000,45.000000,45.000000,legacy_cp_minus90,E2-E4,97.260274,295.508984,6.819646,6.819646,65.714286,-39.228253,69.866632,45.669153,174.840870
7.738000,45.000000,90.000000,legacy_cp_minus90,E2-E4,100.000000,250.001950,-4.216940,-4.216940,51.388889,-24.851311,69.129326,53.825162,174.427577
7.738000,45.000000,135.000000,legacy_cp_minus90,E2-E4,98.630137,644.300378,-3.326881,-363.326881,59.154930,-43.152129,35.656932,28.953946,89.121699
7.738000,45.000000,0.000000,legacy_cp_minus90,E1-E2,98.630137,528.458461,-2.823460,357.176540,61.971831,-38.167574,0.000000,0.000000,0.000000
7.738000,45.000000,45.000000,legacy_cp_minus90,E1-E2,97.260274,196.298377,-25.760358,-25.760358,65.714286,-38.718727,59.610979,39.467389,160.346053
7.738000,45.000000,90.000000,legacy_cp_minus90,E1-E2,100.000000,373.389063,3.557417,363.557417,80.555556,-21.894348,60.311841,48.150580,155.786514
7.738000,45.000000,135.000000,legacy_cp_minus90,E1-E2,98.630137,363.967394,17.011007,377.011007,74.647887,-42.790993,32.775171,25.660795,106.701846
7.738000,45.000000,0.000000,legacy_cp_minus90,E2-E3,98.630137,360.000000,0.601036,360.601036,66.197183,-38.167574,0.000000,0.000000,0.000000
7.738000,45.000000,45.000000,legacy_cp_minus90,E2-E3,95.890411,293.323824,21.632177,21.632177,57.971014,-38.718727,65.332653,45.161111,171.092786
7.738000,45.000000,90.000000,legacy_cp_minus90,E2-E3,100.000000,360.000000,-5.017434,354.982566,66.666667,-19.069530,64.250263,36.235066,166.779178
7.738000,45.000000,135.000000,legacy_cp_minus90,E2-E3,98.630137,354.507552,-17.017690,-17.017690,63.380282,-42.496218,40.939745,23.165112,153.933169
7.738000,45.000000,0.000000,legacy_cp_minus90,E3-E4,100.000000,783.303766,2.857544,-717.142456,56.944444,-30.351618,0.000000,0.000000,0.000000
7.738000,45.000000,45.000000,legacy_cp_minus90,E3-E4,98.630137,264.174555,-14.812531,-14.812531,56.338028,-36.543712,61.007138,43.240166,176.782542
7.738000,45.000000,90.000000,legacy_cp_minus90,E3-E4,100.000000,380.785058,0.800494,-359.199506,80.555556,-24.851311,66.487610,51.388269,150.915962
7.738000,45.000000,135.000000,legacy_cp_minus90,E3-E4,100.000000,733.563030,13.690809,-706.309191,76.388889,-24.892790,37.188428,28.032596,90.756293
7.738000,45.000000,0.000000,legacy_cp_minus90,E4-E1,100.000000,352.415629,-0.635120,-0.635120,58.333333,-30.351618,0.000000,0.000000,0.000000
7.738000,45.000000,45.000000,legacy_cp_minus90,E4-E1,100.000000,324.372336,18.940712,18.940712,55.555556,-28.506129,75.099628,52.513731,172.706558
7.738000,45.000000,90.000000,legacy_cp_minus90,E4-E1,100.000000,360.000000,0.659523,-359.340477,66.666667,-25.463264,64.765028,40.410722,176.381091
7.738000,45.000000,135.000000,legacy_cp_minus90,E4-E1,100.000000,347.713694,-13.684126,-13.684126,55.555556,-24.892790,28.123999,20.327060,88.232485
7.738000,60.000000,0.000000,legacy_cp_minus90,E1-E3,100.000000,720.000000,-3.746192,716.253808,94.444444,-19.824305,0.000000,0.000000,0.000000
7.738000,60.000000,45.000000,legacy_cp_minus90,E1-E3,98.630137,184.182501,-3.263391,-3.263391,83.098592,-36.631922,50.069029,37.770425,157.071619
7.738000,60.000000,90.000000,legacy_cp_minus90,E1-E3,100.000000,720.000000,-0.765155,719.234845,95.833333,-31.026384,78.587925,54.920139,143.088904
7.738000,60.000000,135.000000,legacy_cp_minus90,E1-E3,100.000000,720.000000,-0.137006,719.862994,88.888889,-18.748249,33.935039,25.982964,71.716328
7.738000,60.000000,0.000000,legacy_cp_minus90,E2-E4,100.000000,611.627775,5.505250,5.505250,63.888889,-22.268815,0.000000,0.000000,0.000000
7.738000,60.000000,45.000000,legacy_cp_minus90,E2-E4,97.260274,467.719595,4.312950,4.312950,70.000000,-40.271170,56.708870,36.192016,167.879963
7.738000,60.000000,90.000000,legacy_cp_minus90,E2-E4,100.000000,371.905877,-5.682521,-5.682521,54.166667,-20.827659,87.719020,64.629027,178.401536
7.738000,60.000000,135.000000,legacy_cp_minus90,E2-E4,98.630137,751.911239,-1.148790,-361.148790,50.704225,-35.251920,54.865874,36.308721,179.738819
7.738000,60.000000,0.000000,legacy_cp_minus90,E1-E2,100.000000,545.464965,-14.486176,345.513824,54.166667,-22.248169,0.000000,0.000000,0.000000
7.738000,60.000000,45.000000,legacy_cp_minus90,E1-E2,95.890411,279.594218,-20.108886,-20.108886,71.014493,-40.435613,47.139632,24.356596,172.855944
7.738000,60.000000,90.000000,legacy_cp_minus90,E1-E2,100.000000,442.869203,12.193335,372.193335,58.333333,-24.355388,67.962702,50.582125,176.858270
7.738000,60.000000,135.000000,legacy_cp_minus90,E1-E2,100.000000,448.008702,13.983410,373.983410,61.111111,-24.657083,44.561866,30.667617,178.573171
7.738000,60.000000,0.000000,legacy_cp_minus90,E2-E3,100.000000,360.000000,10.739984,370.739984,83.333333,-22.248169,0.000000,0.000000,0.000000
7.738000,60.000000,45.000000,legacy_cp_minus90,E2-E3,97.260274,340.111069,16.845495,16.845495,85.714286,-40.182432,53.357404,34.795875,168.525580
7.738000,60.000000,90.000000,legacy_cp_minus90,E2-E3,100.000000,360.000000,-12.958490,347.041510,69.444444,-30.352327,55.894370,36.255143,147.821495
7.738000,60.000000,135.000000,legacy_cp_minus90,E2-E3,100.000000,413.214261,-14.120416,345.879584,69.444444,-24.657083,48.174516,28.361775,164.771223
7.738000,60.000000,0.000000,legacy_cp_minus90,E3-E4,100.000000,561.258705,-5.234735,-365.234735,54.166667,-21.840334,0.000000,0.000000,0.000000
7.738000,60.000000,45.000000,legacy_cp_minus90,E3-E4,100.000000,319.222249,-12.532544,-12.532544,59.722222,-34.433845,39.975282,23.213687,176.883233
7.738000,60.000000,90.000000,legacy_cp_minus90,E3-E4,100.000000,459.203194,7.275969,-352.724031,56.944444,-30.534204,66.534862,47.099966,163.671243
7.738000,60.000000,135.000000,legacy_cp_minus90,E3-E4,98.630137,460.603829,12.971626,-347.028374,60.563380,-35.251920,39.526663,26.530565,164.989868
7.738000,60.000000,0.000000,legacy_cp_minus90,E4-E1,100.000000,360.000000,8.980926,-351.019074,69.444444,-21.840334,0.000000,0.000000,0.000000
7.738000,60.000000,45.000000,legacy_cp_minus90,E4-E1,98.630137,339.066814,15.795936,15.795936,63.380282,-36.631922,48.184499,35.186466,137.989274
7.738000,60.000000,90.000000,legacy_cp_minus90,E4-E1,100.000000,360.000000,-6.510814,-366.510814,70.833333,-24.355388,63.411668,39.766997,159.800413
7.738000,60.000000,135.000000,legacy_cp_minus90,E4-E1,98.630137,364.702765,-12.834619,-12.834619,61.971831,-35.251920,42.039685,26.297120,166.512012
7.738000,75.000000,0.000000,legacy_cp_minus90,E1-E3,100.000000,720.000000,-4.460220,715.539780,100.000000,-18.178875,0.000000,0.000000,0.000000
7.738000,75.000000,45.000000,legacy_cp_minus90,E1-E3,100.000000,720.000000,-2.311914,717.688086,100.000000,-30.907535,29.334957,20.958374,97.069658
7.738000,75.000000,90.000000,legacy_cp_minus90,E1-E3,100.000000,720.000000,-0.259753,719.740247,100.000000,-28.346928,52.336588,35.608741,105.417097
7.738000,75.000000,135.000000,legacy_cp_minus90,E1-E3,100.000000,720.000000,-0.849365,719.150635,100.000000,-17.734858,21.671039,17.041374,42.859079
7.738000,75.000000,0.000000,legacy_cp_minus90,E2-E4,100.000000,598.832108,6.894712,6.894712,65.277778,-32.030476,0.000000,0.000000,0.000000
7.738000,75.000000,45.000000,legacy_cp_minus90,E2-E4,100.000000,509.205458,-0.249277,-0.249277,58.333333,-28.579603,41.424548,26.938675,120.013854
7.738000,75.000000,90.000000,legacy_cp_minus90,E2-E4,100.000000,460.384385,-5.051989,-5.051989,55.555556,-19.763322,89.694993,59.971902,179.849470
7.738000,75.000000,135.000000,legacy_cp_minus90,E2-E4,100.000000,484.489517,1.171507,361.171507,63.888889,-30.689230,52.287889,32.608785,179.886828
7.738000,75.000000,0.000000,legacy_cp_minus90,E1-E2,100.000000,571.684103,-23.439690,336.560310,62.500000,-32.030476,0.000000,0.000000,0.000000
7.738000,75.000000,45.000000,legacy_cp_minus90,E1-E2,100.000000,560.043092,-8.587901,351.412099,52.777778,-30.907535,39.529508,22.792291,172.576731
7.738000,75.000000,90.000000,legacy_cp_minus90,E1-E2,100.000000,521.792526,16.511581,376.511581,58.333333,-20.565577,68.024989,49.683416,176.550511
7.738000,75.000000,135.000000,legacy_cp_minus90,E1-E2,100.000000,242.675836,7.317454,7.317454,55.555556,-26.527616,35.004172,25.832380,171.757830
7.738000,75.000000,0.000000,legacy_cp_minus90,E2-E3,100.000000,360.000000,18.979470,378.979470,86.111111,-32.030476,0.000000,0.000000,0.000000
7.738000,75.000000,45.000000,legacy_cp_minus90,E2-E3,100.000000,360.000000,6.275986,366.275986,81.944444,-28.579603,37.886058,26.024077,110.668292
7.738000,75.000000,90.000000,legacy_cp_minus90,E2-E3,100.000000,360.000000,-16.771334,343.228666,70.833333,-27.915312,54.777094,35.923339,165.758859
7.738000,75.000000,135.000000,legacy_cp_minus90,E2-E3,100.000000,720.000000,-8.166819,711.833181,88.888889,-26.527616,33.957723,21.214447,159.106055
7.738000,75.000000,0.000000,legacy_cp_minus90,E3-E4,100.000000,579.073548,-12.084758,-372.084758,55.555556,-21.457412,0.000000,0.000000,0.000000
7.738000,75.000000,45.000000,legacy_cp_minus90,E3-E4,100.000000,562.020326,-6.525264,-366.525264,54.166667,-26.157417,31.329917,17.863857,129.930278
7.738000,75.000000,90.000000,legacy_cp_minus90,E3-E4,100.000000,541.511788,11.719345,-348.280655,52.777778,-28.245607,64.393566,42.374836,179.024824
7.738000,75.000000,135.000000,legacy_cp_minus90,E3-E4,100.000000,535.102601,9.338326,-350.661674,52.777778,-30.689230,42.664593,24.064636,172.366787
7.738000,75.000000,0.000000,legacy_cp_minus90,E4-E1,100.000000,360.000000,16.544978,-343.455022,80.555556,-21.457412,0.000000,0.000000,0.000000
7.738000,75.000000,45.000000,legacy_cp_minus90,E4-E1,100.000000,360.000000,8.837178,-351.162822,77.777778,-30.907535,30.366387,22.157018,90.978748
7.738000,75.000000,90.000000,legacy_cp_minus90,E4-E1,100.000000,360.000000,-11.459592,-371.459592,73.611111,-20.565577,50.030034,34.038580,139.466133
7.738000,75.000000,135.000000,legacy_cp_minus90,E4-E1,100.000000,407.656440,-8.488961,-368.488961,72.222222,-30.689230,42.108414,27.348697,147.933438
7.738000,90.000000,0.000000,legacy_cp_minus90,E1-E3,100.000000,734.177019,-4.128181,715.871819,87.500000,-17.811082,0.000000,0.000000,0.000000
7.738000,90.000000,45.000000,legacy_cp_minus90,E1-E3,100.000000,745.781423,-1.460017,718.539983,84.722222,-23.599185,22.012323,13.452669,78.546243
7.738000,90.000000,90.000000,legacy_cp_minus90,E1-E3,100.000000,733.980312,-0.006684,719.993316,87.500000,-30.124803,29.140845,21.207369,97.016858
7.738000,90.000000,135.000000,legacy_cp_minus90,E1-E3,100.000000,720.170147,-2.222424,717.777576,97.222222,-18.574612,12.296946,10.666109,25.579493
7.738000,90.000000,0.000000,legacy_cp_minus90,E2-E4,100.000000,360.000000,6.819646,366.819646,69.444444,-29.785032,0.000000,0.000000,0.000000
7.738000,90.000000,45.000000,legacy_cp_minus90,E2-E4,100.000000,506.974115,-4.216940,-4.216940,54.166667,-21.665631,35.117783,21.930925,123.133821
7.738000,90.000000,90.000000,legacy_cp_minus90,E2-E4,100.000000,493.305142,-3.326881,-3.326881,58.333333,-21.264390,71.139411,45.070688,177.961154
7.738000,90.000000,135.000000,legacy_cp_minus90,E2-E4,100.000000,720.000000,3.458580,723.458580,76.388889,-33.778066,35.112485,22.514500,118.867527
7.738000,90.000000,0.000000,legacy_cp_minus90,E1-E2,100.000000,322.674990,-25.760358,-25.760358,55.555556,-29.692212,0.000000,0.000000,0.000000
7.738000,90.000000,45.000000,legacy_cp_minus90,E1-E2,100.000000,585.763950,3.557417,363.557417,55.555556,-23.599185,36.127781,23.969898,172.394838
7.738000,90.000000,90.000000,legacy_cp_minus90,E1-E2,100.000000,569.161040,17.011007,377.011007,56.944444,-20.595303,51.588427,37.519443,178.387380
7.738000,90.000000,135.000000,legacy_cp_minus90,E1-E2,100.000000,270.969632,-2.823460,-2.823460,62.500000,-21.330607,21.675920,17.618734,53.724383
7.738000,90.000000,0.000000,legacy_cp_minus90,E2-E3,100.000000,720.000000,21.632177,741.632177,90.277778,-29.692212,0.000000,0.000000,0.000000
7.738000,90.000000,45.000000,legacy_cp_minus90,E2-E3,100.000000,360.000000,-5.017434,354.982566,81.944444,-22.272039,35.627645,25.411806,118.808555
7.738000,90.000000,90.000000,legacy_cp_minus90,E2-E3,100.000000,360.000000,-17.017690,342.982310,77.777778,-30.311025,53.538629,36.486459,176.869418
7.738000,90.000000,135.000000,legacy_cp_minus90,E2-E3,100.000000,720.000000,0.601036,720.601036,91.666667,-21.330607,18.558546,14.563167,53.191513
7.738000,90.000000,0.000000,legacy_cp_minus90,E3-E4,100.000000,588.064039,-14.812531,-374.812531,55.555556,-26.152600,0.000000,0.000000,0.000000
7.738000,90.000000,45.000000,legacy_cp_minus90,E3-E4,100.000000,590.094365,0.800494,-359.199506,55.555556,-21.515916,31.285428,18.959012,132.174379
7.738000,90.000000,90.000000,legacy_cp_minus90,E3-E4,100.000000,582.511847,13.690809,-346.309191,54.166667,-30.556892,52.232727,31.469902,176.170348
7.738000,90.000000,135.000000,legacy_cp_minus90,E3-E4,100.000000,301.086555,2.857544,2.857544,58.333333,-33.778066,31.010674,17.383485,127.671938
7.738000,90.000000,0.000000,legacy_cp_minus90,E4-E1,100.000000,360.000000,18.940712,-341.059288,84.722222,-26.152600,0.000000,0.000000,0.000000
7.738000,90.000000,45.000000,legacy_cp_minus90,E4-E1,100.000000,360.000000,0.659523,-359.340477,81.944444,-23.599185,27.016534,21.025414,82.879499
7.738000,90.000000,90.000000,legacy_cp_minus90,E4-E1,100.000000,360.000000,-13.684126,-373.684126,88.888889,-21.264390,52.630253,36.344163,163.980073
7.738000,90.000000,135.000000,legacy_cp_minus90,E4-E1,100.000000,720.000000,-0.635120,-720.635120,90.277778,-33.778066,33.808514,22.230936,135.040364
7.985500,45.000000,0.000000,x_only_a_port,E1-E3,100.000000,550.054782,0.544564,0.544564,66.666667,-25.197337,0.000000,0.000000,0.000000
7.985500,45.000000,45.000000,x_only_a_port,E1-E3,100.000000,1162.130473,17.281718,-702.718282,65.277778,-28.011705,67.295313,55.741715,173.040168
7.985500,45.000000,90.000000,x_only_a_port,E1-E3,100.000000,374.400369,6.424295,366.424295,75.000000,-31.047083,83.667556,58.360088,179.649263
7.985500,45.000000,135.000000,x_only_a_port,E1-E3,100.000000,490.193612,3.121796,3.121796,70.833333,-34.249435,27.512893,18.469163,84.299351
7.985500,45.000000,0.000000,x_only_a_port,E2-E4,98.630137,440.714428,0.509996,360.509996,60.563380,-35.086763,0.000000,0.000000,0.000000
7.985500,45.000000,45.000000,x_only_a_port,E2-E4,100.000000,266.237799,-43.642117,-43.642117,54.166667,-26.046986,105.709760,88.890045,178.383917
7.985500,45.000000,90.000000,x_only_a_port,E2-E4,100.000000,232.160411,-11.030705,-11.030705,52.777778,-19.906017,80.976090,61.082046,157.784934
7.985500,45.000000,135.000000,x_only_a_port,E2-E4,98.630137,262.039346,-5.073463,-5.073463,56.338028,-49.127321,53.563534,40.025778,124.351641
7.985500,45.000000,0.000000,x_only_a_port,E1-E2,100.000000,552.909156,13.285035,-346.714965,52.777778,-34.424443,0.000000,0.000000,0.000000
7.985500,45.000000,45.000000,x_only_a_port,E1-E2,100.000000,626.032341,11.504883,-348.495117,68.055556,-25.373322,68.570340,53.445319,164.525051
7.985500,45.000000,90.000000,x_only_a_port,E1-E2,100.000000,223.102105,22.219354,22.219354,55.555556,-23.111896,52.355505,39.613444,167.973995
7.985500,45.000000,135.000000,x_only_a_port,E1-E2,100.000000,270.436747,17.916766,17.916766,68.055556,-30.038413,40.039050,25.770602,139.520941
7.985500,45.000000,0.000000,x_only_a_port,E2-E3,98.630137,360.000000,-12.740472,347.259528,70.422535,-35.570055,0.000000,0.000000,0.000000
7.985500,45.000000,45.000000,x_only_a_port,E2-E3,100.000000,680.292248,5.776835,-354.223165,51.388889,-26.604441,73.699283,55.637728,172.221532
7.985500,45.000000,90.000000,x_only_a_port,E2-E3,100.000000,360.000000,-15.795058,344.204942,68.055556,-31.047083,54.187044,37.248697,119.453066
7.985500,45.000000,135.000000,x_only_a_port,E2-E3,100.000000,333.234432,-14.794970,-14.794970,54.166667,-34.249435,44.938564,29.600738,120.406307
7.985500,45.000000,0.000000,x_only_a_port,E3-E4,98.630137,381.176774,13.250467,13.250467,64.788732,-37.362417,0.000000,0.000000,0.000000
7.985500,45.000000,45.000000,x_only_a_port,E3-E4,100.000000,686.369165,-49.418951,310.581049,59.722222,-28.685369,91.665713,75.782946,178.273336
7.985500,45.000000,90.000000,x_only_a_port,E3-E4,100.000000,362.730093,4.764354,-355.235646,80.555556,-31.086692,64.127594,44.755694,171.900157
7.985500,45.000000,135.000000,x_only_a_port,E3-E4,98.630137,360.344313,9.721507,9.721507,76.056338,-49.837878,33.422501,20.660206,178.374402
7.985500,45.000000,0.000000,x_only_a_port,E4-E1,98.630137,491.392460,-13.795031,-13.795031,63.380282,-36.216805,0.000000,0.000000,0.000000
7.985500,45.000000,45.000000,x_only_a_port,E4-E1,100.000000,646.337368,32.137233,392.137233,54.166667,-25.196879,81.311657,72.518091,173.512496
7.985500,45.000000,90.000000,x_only_a_port,E4-E1,100.000000,351.503721,-11.188649,-11.188649,55.555556,-23.265844,73.106799,50.531434,173.742466
7.985500,45.000000,135.000000,x_only_a_port,E4-E1,98.630137,408.419873,-12.843303,-12.843303,52.112676,-49.707229,45.873641,27.573207,178.871396
7.985500,60.000000,0.000000,x_only_a_port,E1-E3,100.000000,554.945081,-0.818432,-0.818432,61.111111,-32.641077,0.000000,0.000000,0.000000
7.985500,60.000000,45.000000,x_only_a_port,E1-E3,100.000000,986.088437,16.561603,-703.438397,65.277778,-20.355497,58.982747,46.565419,164.800339
7.985500,60.000000,90.000000,x_only_a_port,E1-E3,100.000000,211.289833,4.954137,4.954137,51.388889,-24.586727,101.618424,72.407242,179.553545
7.985500,60.000000,135.000000,x_only_a_port,E1-E3,97.260274,360.000000,2.352661,362.352661,72.857143,-40.886231,54.933994,36.079119,153.572304
7.985500,60.000000,0.000000,x_only_a_port,E2-E4,100.000000,406.856001,3.924166,3.924166,51.388889,-30.231117,0.000000,0.000000,0.000000
7.985500,60.000000,45.000000,x_only_a_port,E2-E4,100.000000,720.000000,-24.847071,695.152929,80.555556,-23.506012,64.855263,50.314834,167.718370
7.985500,60.000000,90.000000,x_only_a_port,E2-E4,98.630137,411.371659,-8.514205,351.485795,74.647887,-35.888210,59.340081,37.772506,177.564187
7.985500,60.000000,135.000000,x_only_a_port,E2-E4,100.000000,397.488969,-3.509316,-3.509316,52.777778,-34.391143,36.784754,25.216056,89.569610
7.985500,60.000000,0.000000,x_only_a_port,E1-E2,100.000000,397.864678,10.005885,10.005885,69.444444,-30.978060,0.000000,0.000000,0.000000
7.985500,60.000000,45.000000,x_only_a_port,E1-E2,100.000000,744.269723,29.570457,-690.429543,83.333333,-23.506012,50.480372,36.673639,166.667249
7.985500,60.000000,90.000000,x_only_a_port,E1-E2,98.630137,236.534834,20.474348,20.474348,63.380282,-35.920120,47.763827,31.397098,158.010762
7.985500,60.000000,135.000000,x_only_a_port,E1-E2,100.000000,246.052163,16.685285,16.685285,66.666667,-26.725983,34.406122,20.844336,137.865390
7.985500,60.000000,0.000000,x_only_a_port,E2-E3,100.000000,463.470690,-10.824317,-10.824317,59.722222,-33.270308,0.000000,0.000000,0.000000
7.985500,60.000000,45.000000,x_only_a_port,E2-E3,100.000000,359.653648,-13.008854,-13.008854,52.777778,-23.506012,57.853753,39.537089,173.371296
7.985500,60.000000,90.000000,x_only_a_port,E2-E3,98.630137,342.672608,-15.520211,-15.520211,60.563380,-36.148646,80.304504,49.865776,179.807839
7.985500,60.000000,135.000000,x_only_a_port,E2-E3,97.260274,343.270764,-14.332624,-14.332624,65.714286,-40.886231,49.958867,33.029590,143.733989
7.985500,60.000000,0.000000,x_only_a_port,E3-E4,100.000000,407.763558,14.748483,14.748483,59.722222,-31.568596,0.000000,0.000000,0.000000
7.985500,60.000000,45.000000,x_only_a_port,E3-E4,100.000000,750.346774,-11.838217,708.161783,86.111111,-19.318907,76.638817,57.060753,178.981618
7.985500,60.000000,90.000000,x_only_a_port,E3-E4,100.000000,360.000000,7.006006,367.006006,94.444444,-24.586727,71.725644,46.273009,179.494723
7.985500,60.000000,135.000000,x_only_a_port,E3-E4,97.260274,460.270505,10.823308,-349.176692,50.000000,-40.886231,48.796510,29.202524,157.574257
7.985500,60.000000,0.000000,x_only_a_port,E4-E1,100.000000,477.369989,-13.930051,-13.930051,56.944444,-30.348830,0.000000,0.000000,0.000000
7.985500,60.000000,45.000000,x_only_a_port,E4-E1,100.000000,365.188096,-4.723386,-4.723386,55.555556,-20.808576,59.944989,45.910878,175.425137
7.985500,60.000000,90.000000,x_only_a_port,E4-E1,100.000000,360.000000,-11.960143,-371.960143,76.388889,-19.251871,61.658228,40.211259,178.115451
7.985500,60.000000,135.000000,x_only_a_port,E4-E1,100.000000,402.687986,-13.175968,-13.175968,58.333333,-34.888794,41.459157,26.159315,151.705658
7.985500,75.000000,0.000000,x_only_a_port,E1-E3,100.000000,847.739801,-2.506701,-722.506701,66.666667,-25.226791,0.000000,0.000000,0.000000
7.985500,75.000000,45.000000,x_only_a_port,E1-E3,100.000000,811.786926,9.145652,-710.854348,69.444444,-24.370762,65.085886,49.396961,171.504226
7.985500,75.000000,90.000000,x_only_a_port,E1-E3,100.000000,108.709697,3.944085,3.944085,55.555556,-33.130820,90.856680,71.356633,178.377509
7.985500,75.000000,135.000000,x_only_a_port,E1-E3,98.630137,364.962300,1.534800,361.534800,56.338028,-47.909845,57.335703,40.456376,175.971254
7.985500,75.000000,0.000000,x_only_a_port,E2-E4,100.000000,488.784236,8.481976,8.481976,58.333333,-34.324825,0.000000,0.000000,0.000000
7.985500,75.000000,45.000000,x_only_a_port,E2-E4,100.000000,509.316233,-15.240739,-15.240739,63.888889,-26.254427,61.892367,44.492694,167.990117
7.985500,75.000000,90.000000,x_only_a_port,E2-E4,100.000000,500.876675,-6.663849,-6.663849,63.888889,-32.161324,66.425672,47.002508,172.855850
7.985500,75.000000,135.000000,x_only_a_port,E2-E4,98.630137,492.881194,-1.755344,-1.755344,56.338028,-35.455282,67.316088,43.379222,169.888491
7.985500,75.000000,0.000000,x_only_a_port,E1-E2,100.000000,360.000000,2.921480,-357.078520,86.111111,-34.900825,0.000000,0.000000,0.000000
7.985500,75.000000,45.000000,x_only_a_port,E1-E2,100.000000,384.829019,24.894624,-335.105376,84.722222,-24.696612,54.298811,38.460111,171.489989
7.985500,75.000000,90.000000,x_only_a_port,E1-E2,100.000000,301.930691,19.123956,19.123956,66.666667,-22.201071,52.389516,37.926555,172.293715
7.985500,75.000000,135.000000,x_only_a_port,E1-E2,100.000000,292.423967,15.247287,15.247287,62.500000,-26.173095,50.339582,34.776844,169.548996
7.985500,75.000000,0.000000,x_only_a_port,E2-E3,98.630137,648.161663,-5.428181,-365.428181,57.746479,-37.612857,0.000000,0.000000,0.000000
7.985500,75.000000,45.000000,x_only_a_port,E2-E3,100.000000,644.765347,-15.748972,-375.748972,50.000000,-23.056490,70.116948,49.031323,174.816272
7.985500,75.000000,90.000000,x_only_a_port,E2-E3,100.000000,335.030996,-15.179871,-15.179871,56.944444,-33.130820,80.398886,59.201877,177.838232
7.985500,75.000000,135.000000,x_only_a_port,E2-E3,98.630137,377.239268,-13.712487,346.287513,56.338028,-47.909845,65.460334,45.865722,177.690424
7.985500,75.000000,0.000000,x_only_a_port,E3-E4,100.000000,376.163850,13.910157,373.910157,70.833333,-32.198919,0.000000,0.000000,0.000000
7.985500,75.000000,45.000000,x_only_a_port,E3-E4,100.000000,360.000000,0.508233,360.508233,88.888889,-26.003343,53.962025,33.735654,177.060566
7.985500,75.000000,90.000000,x_only_a_port,E3-E4,100.000000,360.000000,8.516022,368.516022,79.166667,-33.130820,54.023854,37.253421,150.733508
7.985500,75.000000,135.000000,x_only_a_port,E3-E4,97.260274,588.943662,11.957143,-348.042857,60.000000,-47.909845,49.891903,34.382350,155.501775
7.985500,75.000000,0.000000,x_only_a_port,E4-E1,100.000000,625.934332,-11.403457,348.596543,56.944444,-29.486888,0.000000,0.000000,0.000000
7.985500,75.000000,45.000000,x_only_a_port,E4-E1,100.000000,646.576454,-9.653884,350.346116,50.000000,-26.003343,51.164866,36.227645,173.062970
7.985500,75.000000,90.000000,x_only_a_port,E4-E1,100.000000,343.224611,-12.460107,-12.460107,70.833333,-32.329629,52.717838,35.390254,153.156387
7.985500,75.000000,135.000000,x_only_a_port,E4-E1,98.630137,377.397067,-13.491943,-13.491943,63.380282,-35.905696,49.662741,31.781247,152.009658
7.985500,90.000000,0.000000,x_only_a_port,E1-E3,100.000000,605.572637,17.281718,-342.718282,59.722222,-22.978883,0.000000,0.000000,0.000000
7.985500,90.000000,45.000000,x_only_a_port,E1-E3,100.000000,740.180627,6.424295,-713.575705,70.833333,-28.076568,57.467088,38.764314,175.237014
7.985500,90.000000,90.000000,x_only_a_port,E1-E3,98.630137,134.343880,3.121796,3.121796,63.380282,-36.838303,88.933111,65.197446,173.769628
7.985500,90.000000,135.000000,x_only_a_port,E1-E3,97.260274,373.854449,0.544564,0.544564,60.000000,-36.852987,51.893808,34.450069,177.496447
7.985500,90.000000,0.000000,x_only_a_port,E2-E4,100.000000,360.000000,-43.642117,316.357883,69.444444,-26.170512,0.000000,0.000000,0.000000
7.985500,90.000000,45.000000,x_only_a_port,E2-E4,100.000000,512.886528,-11.030705,-11.030705,62.500000,-31.316828,70.014558,49.231143,179.920565
7.985500,90.000000,90.000000,x_only_a_port,E2-E4,100.000000,509.303774,-5.073463,-5.073463,59.722222,-21.486763,72.874885,54.165451,176.674068
7.985500,90.000000,135.000000,x_only_a_port,E2-E4,100.000000,509.590754,0.509996,0.509996,52.777778,-24.056859,71.204232,54.459404,175.959548
7.985500,90.000000,0.000000,x_only_a_port,E1-E2,100.000000,360.000000,11.504883,-348.495117,59.722222,-27.658356,0.000000,0.000000,0.000000
7.985500,90.000000,45.000000,x_only_a_port,E1-E2,100.000000,410.401001,22.219354,-337.780646,70.833333,-31.316828,52.804006,32.669094,179.165373
7.985500,90.000000,90.000000,x_only_a_port,E1-E2,100.000000,337.086172,17.916766,17.916766,69.444444,-28.100486,45.036355,31.434876,175.976744
7.985500,90.000000,135.000000,x_only_a_port,E1-E2,98.630137,332.976581,13.285035,13.285035,59.154930,-35.870264,43.690966,35.189622,172.329694
7.985500,90.000000,0.000000,x_only_a_port,E2-E3,100.000000,561.199807,5.776835,5.776835,61.111111,-25.836987,0.000000,0.000000,0.000000
7.985500,90.000000,45.000000,x_only_a_port,E2-E3,100.000000,617.803118,-15.795058,-375.795058,55.555556,-31.436501,60.595383,43.752910,176.427353
7.985500,90.000000,90.000000,x_only_a_port,E2-E3,98.630137,326.523307,-14.794970,-14.794970,59.154930,-36.838303,70.706533,52.582449,178.706728
7.985500,90.000000,135.000000,x_only_a_port,E2-E3,98.630137,279.372918,-12.740472,-12.740472,50.704225,-35.365947,56.787357,43.039604,179.476453
7.985500,90.000000,0.000000,x_only_a_port,E3-E4,100.000000,631.864068,-49.418951,310.581049,68.055556,-23.189245,0.000000,0.000000,0.000000
7.985500,90.000000,45.000000,x_only_a_port,E3-E4,100.000000,360.000000,4.764354,364.764354,70.833333,-26.373529,61.124040,44.932123,171.405741
7.985500,90.000000,90.000000,x_only_a_port,E3-E4,98.630137,360.000000,9.721507,369.721507,70.422535,-36.838303,69.668514,51.020069,172.854723
7.985500,90.000000,135.000000,x_only_a_port,E3-E4,98.630137,396.398353,13.250467,13.250467,66.197183,-35.365947,65.290409,46.916322,177.784744
7.985500,90.000000,0.000000,x_only_a_port,E4-E1,100.000000,360.716809,32.137233,32.137233,62.500000,-24.677089,0.000000,0.000000,0.000000
7.985500,90.000000,45.000000,x_only_a_port,E4-E1,100.000000,610.304719,-11.188649,348.811351,50.000000,-27.929446,47.182675,34.193182,159.298173
7.985500,90.000000,90.000000,x_only_a_port,E4-E1,100.000000,322.822471,-12.843303,-12.843303,62.500000,-28.100486,58.140902,38.577172,172.248190
7.985500,90.000000,135.000000,x_only_a_port,E4-E1,98.630137,382.488194,-13.795031,-13.795031,53.521127,-35.870264,58.228195,39.789659,172.225970
7.985500,45.000000,0.000000,y_only_b_port,E1-E3,98.630137,422.127178,1.890245,361.890245,57.746479,-35.447575,0.000000,0.000000,0.000000
7.985500,45.000000,45.000000,y_only_b_port,E1-E3,98.630137,264.955603,-3.124455,-3.124455,56.338028,-39.007017,51.953267,39.875363,110.196461
7.985500,45.000000,90.000000,y_only_b_port,E1-E3,100.000000,231.479614,-8.561817,-8.561817,52.777778,-20.016016,80.254381,61.296473,164.947286
7.985500,45.000000,135.000000,y_only_b_port,E1-E3,100.000000,253.381701,-34.466576,-34.466576,51.388889,-26.782317,103.498955,87.951908,179.568502
7.985500,45.000000,0.000000,y_only_b_port,E2-E4,100.000000,543.242488,0.199877,0.199877,66.666667,-24.731173,0.000000,0.000000,0.000000
7.985500,45.000000,45.000000,y_only_b_port,E2-E4,100.000000,475.798568,2.681585,2.681585,68.055556,-31.575758,27.045303,19.120105,78.013900
7.985500,45.000000,90.000000,y_only_b_port,E2-E4,98.630137,388.350206,5.743643,365.743643,71.830986,-39.317893,87.798166,62.085759,179.607254
7.985500,45.000000,135.000000,y_only_b_port,E2-E4,100.000000,1160.389874,16.786449,-703.213551,65.277778,-30.883555,67.166400,56.118861,161.084785
7.985500,45.000000,0.000000,y_only_b_port,E1-E2,98.630137,547.303394,-15.704695,344.295305,52.112676,-36.633046,0.000000,0.000000,0.000000
7.985500,45.000000,45.000000,y_only_b_port,E1-E2,100.000000,271.103767,-20.066397,-20.066397,68.055556,-31.363951,38.827440,25.252045,132.285624
7.985500,45.000000,90.000000,y_only_b_port,E1-E2,100.000000,221.960786,-24.323182,-24.323182,52.777778,-24.257060,52.460294,40.023831,160.083059
7.985500,45.000000,135.000000,y_only_b_port,E1-E2,100.000000,615.925027,-20.405972,339.594028,68.055556,-28.121218,72.151625,54.380204,169.893344
7.985500,45.000000,0.000000,y_only_b_port,E2-E3,100.000000,495.539404,17.594940,17.594940,63.888889,-33.457165,0.000000,0.000000,0.000000
7.985500,45.000000,45.000000,y_only_b_port,E2-E3,98.630137,407.071813,16.941942,16.941942,53.521127,-39.680109,46.775258,27.387051,176.680554
7.985500,45.000000,90.000000,y_only_b_port,E2-E3,100.000000,355.068674,15.761365,15.761365,56.944444,-24.316319,74.263892,51.309734,176.507460
7.985500,45.000000,135.000000,y_only_b_port,E2-E3,100.000000,635.513369,-14.060604,-374.060604,52.777778,-27.779444,79.474664,68.935273,175.130752
7.985500,45.000000,0.000000,y_only_b_port,E3-E4,100.000000,360.038490,-17.395062,-17.395062,62.500000,-34.391533,0.000000,0.000000,0.000000
7.985500,45.000000,45.000000,y_only_b_port,E3-E4,98.630137,334.231227,-14.260357,-14.260357,74.647887,-39.721481,35.175828,19.226483,179.522669
7.985500,45.000000,90.000000,y_only_b_port,E3-E4,98.630137,364.187406,-10.017722,349.982278,78.873239,-39.317893,62.892823,42.881723,179.479456
7.985500,45.000000,135.000000,y_only_b_port,E3-E4,100.000000,701.571383,30.847052,-329.152948,59.722222,-29.544654,91.816288,74.576480,179.958102
7.985500,45.000000,0.000000,y_only_b_port,E4-E1,98.630137,360.000000,15.504818,-344.495182,69.014085,-37.567415,0.000000,0.000000,0.000000
7.985500,45.000000,45.000000,y_only_b_port,E4-E1,100.000000,330.103186,17.384812,17.384812,54.166667,-31.575758,47.405203,32.103760,113.341140
7.985500,45.000000,90.000000,y_only_b_port,E4-E1,98.630137,360.000000,18.579539,-341.420461,61.971831,-39.317893,60.781078,41.602847,128.612392
7.985500,45.000000,135.000000,y_only_b_port,E4-E1,100.000000,670.861564,3.619524,363.619524,52.777778,-23.217930,74.687351,56.014989,176.414311
7.985500,60.000000,0.000000,y_only_b_port,E1-E3,100.000000,376.048464,-0.133422,359.866578,75.000000,-33.784009,0.000000,0.000000,0.000000
7.985500,60.000000,45.000000,y_only_b_port,E1-E3,100.000000,526.740603,-4.568348,-364.568348,56.944444,-32.218807,67.583099,48.115234,166.543077
7.985500,60.000000,90.000000,y_only_b_port,E1-E3,100.000000,201.629510,-12.442280,-12.442280,54.166667,-22.668726,94.016953,73.416235,178.299704
7.985500,60.000000,135.000000,y_only_b_port,E1-E3,100.000000,720.000000,8.971519,728.971519,93.055556,-15.515915,79.522947,60.354697,156.734738
7.985500,60.000000,0.000000,y_only_b_port,E2-E4,100.000000,570.989707,1.164410,1.164410,66.666667,-27.508022,0.000000,0.000000,0.000000
7.985500,60.000000,45.000000,y_only_b_port,E2-E4,100.000000,547.794822,3.455221,3.455221,68.055556,-32.388505,18.492165,13.871534,48.441827
7.985500,60.000000,90.000000,y_only_b_port,E2-E4,100.000000,720.000000,8.188220,728.188220,87.500000,-27.371821,73.469890,52.015905,175.110646
7.985500,60.000000,135.000000,y_only_b_port,E2-E4,100.000000,586.652510,-2.884533,-2.884533,50.000000,-29.825457,44.265343,28.134845,170.827210
7.985500,60.000000,0.000000,y_only_b_port,E1-E2,100.000000,554.304623,-17.526448,342.473552,68.055556,-26.979655,0.000000,0.000000,0.000000
7.985500,60.000000,45.000000,y_only_b_port,E1-E2,100.000000,359.390887,-21.239218,-21.239218,81.944444,-32.355715,50.723022,33.037581,162.174691
7.985500,60.000000,90.000000,y_only_b_port,E1-E2,100.000000,360.000000,-27.097080,-387.097080,79.166667,-27.823678,66.795706,51.565196,171.176665
7.985500,60.000000,135.000000,y_only_b_port,E1-E2,100.000000,248.946886,-6.827376,-6.827376,70.833333,-27.108509,46.213094,35.806400,107.176805
7.985500,60.000000,0.000000,y_only_b_port,E2-E3,98.630137,372.608197,17.393026,377.393026,69.014085,-35.036018,0.000000,0.000000,0.000000
7.985500,60.000000,45.000000,y_only_b_port,E2-E3,100.000000,685.464475,16.670870,-343.329130,58.333333,-32.858489,43.122259,23.681422,172.857569
7.985500,60.000000,90.000000,y_only_b_port,E2-E3,100.000000,360.000000,14.654800,374.654800,59.722222,-28.060166,53.868852,37.847465,148.465575
7.985500,60.000000,135.000000,y_only_b_port,E2-E3,100.000000,720.000000,15.798895,735.798895,77.777778,-27.108509,66.657245,42.138514,168.072774
7.985500,60.000000,0.000000,y_only_b_port,E3-E4,100.000000,320.326535,-16.228616,-16.228616,72.222222,-34.938448,0.000000,0.000000,0.000000
7.985500,60.000000,45.000000,y_only_b_port,E3-E4,100.000000,360.000000,-13.215649,346.784351,86.111111,-32.891280,40.812507,24.970739,153.646028
7.985500,60.000000,90.000000,y_only_b_port,E3-E4,100.000000,360.000000,-6.466580,353.533420,87.500000,-23.209172,70.928146,52.318231,179.531436
7.985500,60.000000,135.000000,y_only_b_port,E3-E4,100.000000,480.783720,-18.683428,-378.683428,69.444444,-26.330894,68.735805,44.453727,177.030971
7.985500,60.000000,0.000000,y_only_b_port,E4-E1,100.000000,360.000000,16.362038,-343.637962,81.944444,-27.410452,0.000000,0.000000,0.000000
7.985500,60.000000,45.000000,y_only_b_port,E4-E1,100.000000,327.135223,17.783997,17.783997,58.333333,-31.773856,54.229828,34.250244,178.887237
7.985500,60.000000,90.000000,y_only_b_port,E4-E1,100.000000,360.000000,18.908860,-341.091140,66.666667,-22.972684,62.925698,42.021001,171.769563
7.985500,60.000000,135.000000,y_only_b_port,E4-E1,100.000000,417.096128,9.711909,9.711909,63.888889,-26.330894,58.262183,39.522518,170.152641
7.985500,75.000000,0.000000,y_only_b_port,E1-E3,98.630137,386.608427,-1.710706,358.289294,94.366197,-37.087010,0.000000,0.000000,0.000000
7.985500,75.000000,45.000000,y_only_b_port,E1-E3,98.630137,809.612850,-6.255714,-726.255714,56.338028,-35.804030,58.690580,35.144831,165.759076
7.985500,75.000000,90.000000,y_only_b_port,E1-E3,100.000000,471.733182,-21.323730,338.676270,72.222222,-32.761119,103.460385,78.285362,179.788560
7.985500,75.000000,135.000000,y_only_b_port,E1-E3,100.000000,720.000000,4.910285,724.910285,100.000000,-24.195245,68.564622,51.491754,160.567617
7.985500,75.000000,0.000000,y_only_b_port,E2-E4,100.000000,594.070330,1.950438,1.950438,66.666667,-32.511457,0.000000,0.000000,0.000000
7.985500,75.000000,45.000000,y_only_b_port,E2-E4,100.000000,582.116456,4.394935,4.394935,65.277778,-27.604801,14.057911,11.055468,31.150202
7.985500,75.000000,90.000000,y_only_b_port,E2-E4,100.000000,720.000000,14.609521,734.609521,79.166667,-24.491715,71.745699,53.032031,178.896444
7.985500,75.000000,135.000000,y_only_b_port,E2-E4,98.630137,720.000000,-1.153756,718.846244,66.197183,-41.068251,30.606701,20.521525,109.224718
7.985500,75.000000,0.000000,y_only_b_port,E1-E2,100.000000,594.342790,-18.885721,341.114279,65.277778,-33.836874,0.000000,0.000000,0.000000
7.985500,75.000000,45.000000,y_only_b_port,E1-E2,98.630137,369.000405,-22.570310,-382.570310,83.098592,-36.219643,51.374180,27.452395,174.336250
7.985500,75.000000,90.000000,y_only_b_port,E1-E2,100.000000,369.851912,-32.420732,-32.420732,59.722222,-32.761119,83.306944,61.560940,176.580626
7.985500,75.000000,135.000000,y_only_b_port,E1-E2,100.000000,252.464401,-12.747180,-12.747180,56.944444,-26.178779,46.188250,31.403859,125.737064
7.985500,75.000000,0.000000,y_only_b_port,E2-E3,98.630137,372.187250,17.175016,17.175016,74.647887,-38.299997,0.000000,0.000000,0.000000
7.985500,75.000000,45.000000,y_only_b_port,E2-E3,100.000000,696.442073,16.314596,-343.685404,65.277778,-27.910063,38.241081,17.691086,173.898032
7.985500,75.000000,90.000000,y_only_b_port,E2-E3,100.000000,360.000000,11.097002,371.097002,62.500000,-28.354208,48.515642,31.594601,150.118676
7.985500,75.000000,135.000000,y_only_b_port,E2-E3,100.000000,720.000000,17.657464,737.657464,87.500000,-26.298937,52.260782,27.861126,174.932562
7.985500,75.000000,0.000000,y_only_b_port,E3-E4,98.630137,312.582005,-15.224578,-15.224578,73.239437,-38.180580,0.000000,0.000000,0.000000
7.985500,75.000000,45.000000,y_only_b_port,E3-E4,100.000000,360.000000,-11.919661,348.080339,84.722222,-27.847546,41.368021,21.818356,169.363084
7.985500,75.000000,90.000000,y_only_b_port,E3-E4,100.000000,360.000000,3.512519,363.512519,72.222222,-28.354208,76.388407,56.992597,179.324993
7.985500,75.000000,135.000000,y_only_b_port,E3-E4,98.630137,508.024471,-18.811220,-378.811220,54.929577,-40.922794,56.639670,36.746543,169.182073
7.985500,75.000000,0.000000,y_only_b_port,E4-E1,100.000000,360.000000,16.935284,-343.064716,86.111111,-33.717456,0.000000,0.000000,0.000000
7.985500,75.000000,45.000000,y_only_b_port,E4-E1,98.630137,359.174202,18.175375,18.175375,66.197183,-36.157127,50.799254,26.957292,176.917449
7.985500,75.000000,90.000000,y_only_b_port,E4-E1,100.000000,720.000000,17.811211,-702.188789,81.944444,-32.761119,74.299357,48.715945,179.412251
7.985500,75.000000,135.000000,y_only_b_port,E4-E1,98.630137,360.000000,13.900936,-346.099064,80.281690,-40.922794,48.147720,24.927654,171.388983
7.985500,90.000000,0.000000,y_only_b_port,E1-E3,98.630137,108.480911,-3.124455,-3.124455,80.281690,-38.765303,0.000000,0.000000,0.000000
7.985500,90.000000,45.000000,y_only_b_port,E1-E3,100.000000,312.275563,-8.561817,-8.561817,58.333333,-29.323269,60.573988,37.237073,179.042287
7.985500,90.000000,90.000000,y_only_b_port,E1-E3,100.000000,437.980983,-34.466576,325.533424,86.111111,-20.238115,115.538557,103.417675,179.521438
7.985500,90.000000,135.000000,y_only_b_port,E1-E3,98.630137,720.000000,1.890245,721.890245,97.183099,-36.786951,60.143051,40.225707,169.368503
7.985500,90.000000,0.000000,y_only_b_port,E2-E4,98.630137,594.608204,2.681585,2.681585,67.605634,-36.517706,0.000000,0.000000,0.000000
7.985500,90.000000,45.000000,y_only_b_port,E2-E4,100.000000,603.071406,5.743643,5.743643,63.888889,-28.709037,8.192352,6.284414,33.169827
7.985500,90.000000,90.000000,y_only_b_port,E2-E4,100.000000,555.920782,16.786449,16.786449,51.388889,-26.965641,69.022902,50.757989,169.664203
7.985500,90.000000,135.000000,y_only_b_port,E2-E4,98.630137,720.000000,0.199877,720.199877,77.464789,-42.268843,16.494089,7.786982,120.301124
7.985500,90.000000,0.000000,y_only_b_port,E1-E2,98.630137,341.561942,-20.066397,-20.066397,67.605634,-39.846802,0.000000,0.000000,0.000000
7.985500,90.000000,45.000000,y_only_b_port,E1-E2,100.000000,319.387002,-24.323182,-24.323182,66.666667,-29.530695,43.767263,22.705153,130.919995
7.985500,90.000000,90.000000,y_only_b_port,E1-E2,100.000000,534.281932,-20.405972,339.594028,65.277778,-20.832436,81.110677,64.596873,172.155393
7.985500,90.000000,135.000000,y_only_b_port,E1-E2,100.000000,300.711714,-15.704695,-15.704695,63.888889,-31.975211,41.429516,23.825445,155.684459
7.985500,90.000000,0.000000,y_only_b_port,E2-E3,100.000000,338.663471,16.941942,16.941942,76.388889,-32.212232,0.000000,0.000000,0.000000
7.985500,90.000000,45.000000,y_only_b_port,E2-E3,100.000000,382.883131,15.761365,15.761365,73.611111,-25.402464,35.931047,18.649637,118.360972
7.985500,90.000000,90.000000,y_only_b_port,E2-E3,100.000000,427.298766,-14.060604,-14.060604,56.944444,-18.933740,50.374849,44.087760,108.630501
7.985500,90.000000,135.000000,y_only_b_port,E2-E3,98.630137,720.000000,17.594940,737.594940,90.140845,-38.022597,45.001481,21.077236,176.718355
7.985500,90.000000,0.000000,y_only_b_port,E3-E4,98.630137,360.000000,-14.260357,345.739643,74.647887,-36.511131,0.000000,0.000000,0.000000
7.985500,90.000000,45.000000,y_only_b_port,E3-E4,100.000000,313.110572,-10.017722,-10.017722,63.888889,-28.501612,38.819708,20.533440,125.050233
7.985500,90.000000,90.000000,y_only_b_port,E3-E4,100.000000,297.664394,30.847052,30.847052,63.888889,-27.288053,86.860087,70.885396,178.014872
7.985500,90.000000,135.000000,y_only_b_port,E3-E4,97.260274,365.508811,-17.395062,-17.395062,72.857143,-41.931488,43.363005,22.549683,175.978960
7.985500,90.000000,0.000000,y_only_b_port,E4-E1,97.260274,342.799064,17.384812,17.384812,81.428571,-39.840227,0.000000,0.000000,0.000000
7.985500,90.000000,45.000000,y_only_b_port,E4-E1,100.000000,382.963734,18.579539,18.579539,77.777778,-29.284843,39.435896,20.274187,121.907488
7.985500,90.000000,90.000000,y_only_b_port,E4-E1,100.000000,360.000000,3.619524,-356.380476,66.666667,-29.186749,56.749613,48.084623,141.953335
7.985500,90.000000,135.000000,y_only_b_port,E4-E1,98.630137,365.078524,15.504818,-344.495182,88.732394,-41.931488,37.265379,18.152871,161.335946
7.985500,45.000000,0.000000,dualpol_vector_correlation,E1-E3,100.000000,491.431020,1.134352,1.134352,69.444444,-19.355258,0.000000,0.000000,0.000000
7.985500,45.000000,45.000000,dualpol_vector_correlation,E1-E3,100.000000,637.461966,-2.756149,-362.756149,55.555556,-21.928218,62.116865,42.436917,165.756627
7.985500,45.000000,90.000000,dualpol_vector_correlation,E1-E3,100.000000,303.620045,-0.989484,-0.989484,65.277778,-18.059875,79.477233,50.708194,174.102128
7.985500,45.000000,135.000000,dualpol_vector_correlation,E1-E3,100.000000,364.418109,2.545359,362.545359,75.000000,-23.562133,39.942516,26.477259,153.534856
7.985500,45.000000,0.000000,dualpol_vector_correlation,E2-E4,100.000000,469.802468,0.336449,0.336449,70.833333,-19.614588,0.000000,0.000000,0.000000
7.985500,45.000000,45.000000,dualpol_vector_correlation,E2-E4,100.000000,363.879679,1.973972,361.973972,75.000000,-23.954439,39.344329,25.754738,136.943909
7.985500,45.000000,90.000000,dualpol_vector_correlation,E2-E4,100.000000,302.634893,-2.571282,-2.571282,62.500000,-18.415892,83.215701,54.334314,178.545526
7.985500,45.000000,135.000000,dualpol_vector_correlation,E2-E4,100.000000,634.814893,-4.685205,-364.685205,55.555556,-22.007520,62.314806,43.137266,164.432728
7.985500,45.000000,0.000000,dualpol_vector_correlation,E1-E2,100.000000,538.381386,-1.065074,-361.065074,51.388889,-19.488585,0.000000,0.000000,0.000000
7.985500,45.000000,45.000000,dualpol_vector_correlation,E1-E2,100.000000,375.008784,-19.507756,-379.507756,76.388889,-22.629847,48.649760,32.270025,162.491262
7.985500,45.000000,90.000000,dualpol_vector_correlation,E1-E2,100.000000,362.144033,-0.884088,-360.884088,62.500000,-15.070558,73.028159,33.626708,179.625835
7.985500,45.000000,135.000000,dualpol_vector_correlation,E1-E2,100.000000,371.494628,17.266311,377.266311,76.388889,-22.626847,49.877572,33.143656,166.778329
7.985500,45.000000,0.000000,dualpol_vector_correlation,E2-E3,100.000000,360.000000,1.443455,361.443455,77.777778,-19.783576,0.000000,0.000000,0.000000
7.985500,45.000000,45.000000,dualpol_vector_correlation,E2-E3,100.000000,342.170025,16.622873,16.622873,59.722222,-20.430546,41.075954,22.616989,163.301747
7.985500,45.000000,90.000000,dualpol_vector_correlation,E2-E3,100.000000,360.000000,0.470215,360.470215,72.222222,-18.087965,35.838536,21.782996,114.457452
7.985500,45.000000,135.000000,dualpol_vector_correlation,E2-E3,100.000000,348.119556,-14.787064,-14.787064,58.333333,-23.562133,55.899172,33.716086,172.617866
7.985500,45.000000,0.000000,dualpol_vector_correlation,E3-E4,100.000000,368.047091,-2.158726,357.841274,56.944444,-18.876694,0.000000,0.000000,0.000000
7.985500,45.000000,45.000000,dualpol_vector_correlation,E3-E4,100.000000,372.969858,-14.817757,345.182243,79.166667,-23.870294,43.901175,30.999017,104.509136
7.985500,45.000000,90.000000,dualpol_vector_correlation,E3-E4,100.000000,181.452040,-2.662683,-2.662683,70.833333,-18.415892,79.273874,38.392402,179.872947
7.985500,45.000000,135.000000,dualpol_vector_correlation,E3-E4,100.000000,371.250214,10.060183,-349.939817,80.555556,-23.562133,54.365233,35.988940,164.256026
7.985500,45.000000,0.000000,dualpol_vector_correlation,E4-E1,100.000000,360.000000,1.739896,-358.260104,79.166667,-19.186270,0.000000,0.000000,0.000000
7.985500,45.000000,45.000000,dualpol_vector_correlation,E4-E1,100.000000,346.543873,17.542962,17.542962,59.722222,-23.870294,56.581847,34.461110,169.838177
7.985500,45.000000,90.000000,dualpol_vector_correlation,E4-E1,100.000000,360.000000,3.207378,-356.792622,72.222222,-18.415892,36.532355,22.356819,113.543504
7.985500,45.000000,135.000000,dualpol_vector_correlation,E4-E1,100.000000,338.833296,-12.393941,-12.393941,61.111111,-19.448505,42.892939,24.137926,172.141307
7.985500,60.000000,0.000000,dualpol_vector_correlation,E1-E3,100.000000,343.072572,-0.345146,-0.345146,69.444444,-17.124999,0.000000,0.000000,0.000000
7.985500,60.000000,45.000000,dualpol_vector_correlation,E1-E3,100.000000,894.286234,-2.913654,-722.913654,61.111111,-21.572283,55.977774,37.346820,177.043442
7.985500,60.000000,90.000000,dualpol_vector_correlation,E1-E3,100.000000,172.369345,0.457333,0.457333,51.388889,-16.824337,83.451480,60.015080,173.027898
7.985500,60.000000,135.000000,dualpol_vector_correlation,E1-E3,100.000000,720.000000,2.736069,722.736069,84.722222,-24.061258,53.913813,34.174117,167.002683
7.985500,60.000000,0.000000,dualpol_vector_correlation,E2-E4,100.000000,566.228224,1.733907,1.733907,66.666667,-23.903069,0.000000,0.000000,0.000000
7.985500,60.000000,45.000000,dualpol_vector_correlation,E2-E4,100.000000,360.994697,0.866849,360.866849,70.833333,-22.259509,23.254350,15.121370,95.314569
7.985500,60.000000,90.000000,dualpol_vector_correlation,E2-E4,100.000000,720.000000,-4.099854,715.900146,90.277778,-18.252841,61.683649,40.122091,164.096710
7.985500,60.000000,135.000000,dualpol_vector_correlation,E2-E4,100.000000,401.244903,-3.447400,-3.447400,54.166667,-21.308580,60.333735,39.641073,172.374676
7.985500,60.000000,0.000000,dualpol_vector_correlation,E1-E2,100.000000,310.151303,-10.413616,-10.413616,79.166667,-23.903069,0.000000,0.000000,0.000000
7.985500,60.000000,45.000000,dualpol_vector_correlation,E1-E2,100.000000,360.000000,-17.214153,-377.214153,88.888889,-22.486691,42.567688,26.788983,155.480510
7.985500,60.000000,90.000000,dualpol_vector_correlation,E1-E2,100.000000,360.000000,8.611678,-351.388322,76.388889,-17.431560,66.593519,44.384290,177.665142
7.985500,60.000000,135.000000,dualpol_vector_correlation,E1-E2,100.000000,457.370585,14.825242,374.825242,52.777778,-19.887908,52.790379,32.928726,178.506940
7.985500,60.000000,0.000000,dualpol_vector_correlation,E2-E3,100.000000,360.000000,9.466292,369.466292,73.611111,-23.903069,0.000000,0.000000,0.000000
7.985500,60.000000,45.000000,dualpol_vector_correlation,E2-E3,100.000000,329.720378,14.284325,14.284325,61.111111,-21.767943,42.339706,24.299182,170.652902
7.985500,60.000000,90.000000,dualpol_vector_correlation,E2-E3,100.000000,360.000000,-7.367077,352.632923,72.222222,-17.540196,44.581186,32.637122,127.415824
7.985500,60.000000,135.000000,dualpol_vector_correlation,E2-E3,100.000000,350.504880,-12.629458,-12.629458,69.444444,-24.061258,63.976606,38.500608,172.544402
7.985500,60.000000,0.000000,dualpol_vector_correlation,E3-E4,100.000000,360.000000,-8.725511,351.274489,81.944444,-17.242957,0.000000,0.000000,0.000000
7.985500,60.000000,45.000000,dualpol_vector_correlation,E3-E4,100.000000,360.000000,-13.097768,346.902232,91.666667,-22.223034,43.803576,27.066278,164.776551
7.985500,60.000000,90.000000,dualpol_vector_correlation,E3-E4,100.000000,360.000000,3.446592,363.446592,86.111111,-18.252841,63.860590,40.321624,171.047713
7.985500,60.000000,135.000000,dualpol_vector_correlation,E3-E4,100.000000,453.434691,8.786661,-351.213339,56.944444,-24.061258,52.902967,33.104972,172.279685
7.985500,60.000000,0.000000,dualpol_vector_correlation,E4-E1,100.000000,360.000000,9.643028,-350.356972,76.388889,-17.242957,0.000000,0.000000,0.000000
7.985500,60.000000,45.000000,dualpol_vector_correlation,E4-E1,100.000000,333.057786,15.790420,15.790420,61.111111,-22.450216,49.869704,29.436508,174.219846
7.985500,60.000000,90.000000,dualpol_vector_correlation,E4-E1,100.000000,360.000000,-4.342284,-364.342284,69.444444,-18.252841,40.326040,24.987485,130.682089
7.985500,60.000000,135.000000,dualpol_vector_correlation,E4-E1,100.000000,364.805423,-10.977957,-10.977957,63.888889,-21.682685,40.869400,23.075371,169.104765
7.985500,75.000000,0.000000,dualpol_vector_correlation,E1-E3,100.000000,367.033759,-1.794494,358.205506,86.111111,-15.756063,0.000000,0.000000,0.000000
7.985500,75.000000,45.000000,dualpol_vector_correlation,E1-E3,100.000000,801.705995,-2.241219,-722.241219,56.944444,-20.542555,46.378516,28.609452,179.034863
7.985500,75.000000,90.000000,dualpol_vector_correlation,E1-E3,100.000000,246.091816,1.728771,1.728771,51.388889,-15.638445,74.408248,51.214931,178.741701
7.985500,75.000000,135.000000,dualpol_vector_correlation,E1-E3,100.000000,720.000000,2.241381,722.241381,87.500000,-20.292558,43.197538,26.108682,133.558055
7.985500,75.000000,0.000000,dualpol_vector_correlation,E2-E4,100.000000,582.178553,2.302329,2.302329,66.666667,-29.709758,0.000000,0.000000,0.000000
7.985500,75.000000,45.000000,dualpol_vector_correlation,E2-E4,100.000000,365.472946,-0.768219,359.231781,65.277778,-19.781935,18.174800,13.209014,69.472883
7.985500,75.000000,90.000000,dualpol_vector_correlation,E2-E4,100.000000,509.626722,-4.905888,-4.905888,62.500000,-19.649460,70.812656,44.870059,175.153459
7.985500,75.000000,135.000000,dualpol_vector_correlation,E2-E4,100.000000,720.000000,-1.573540,718.426460,68.055556,-22.568445,29.444319,19.268052,85.350958
7.985500,75.000000,0.000000,dualpol_vector_correlation,E1-E2,100.000000,305.134875,-17.079972,-17.079972,76.388889,-29.709758,0.000000,0.000000,0.000000
7.985500,75.000000,45.000000,dualpol_vector_correlation,E1-E2,100.000000,360.000000,-10.489280,-370.489280,87.500000,-21.428775,38.444517,20.294625,177.655570
7.985500,75.000000,90.000000,dualpol_vector_correlation,E1-E2,100.000000,317.781907,15.120720,15.120720,65.277778,-19.065697,64.241741,42.642442,177.913552
7.985500,75.000000,135.000000,dualpol_vector_correlation,E1-E2,100.000000,276.841919,8.234709,8.234709,66.666667,-17.498621,48.637776,28.537548,173.153606
7.985500,75.000000,0.000000,dualpol_vector_correlation,E2-E3,100.000000,386.071741,14.941861,14.941861,70.833333,-29.709758,0.000000,0.000000,0.000000
7.985500,75.000000,45.000000,dualpol_vector_correlation,E2-E3,100.000000,326.089252,8.433692,8.433692,66.666667,-19.781935,43.518810,24.369990,167.160472
7.985500,75.000000,90.000000,dualpol_vector_correlation,E2-E3,100.000000,360.000000,-12.889150,347.110850,68.055556,-19.126701,48.078813,34.014022,166.880004
7.985500,75.000000,135.000000,dualpol_vector_correlation,E2-E3,100.000000,372.390315,-6.747616,353.252384,73.611111,-20.292558,57.309783,33.664102,179.537434
7.985500,75.000000,0.000000,dualpol_vector_correlation,E3-E4,100.000000,360.000000,-13.314438,346.685562,80.555556,-20.041502,0.000000,0.000000,0.000000
7.985500,75.000000,45.000000,dualpol_vector_correlation,E3-E4,100.000000,360.000000,-8.684397,351.315603,90.277778,-19.441734,39.183180,22.369203,169.656184
7.985500,75.000000,90.000000,dualpol_vector_correlation,E3-E4,100.000000,360.000000,8.079010,368.079010,87.500000,-19.840274,56.662209,35.668530,163.156063
7.985500,75.000000,135.000000,dualpol_vector_correlation,E3-E4,100.000000,273.535463,4.352948,4.352948,59.722222,-22.840537,35.226817,20.614954,144.543817
7.985500,75.000000,0.000000,dualpol_vector_correlation,E4-E1,100.000000,360.000000,15.386638,-344.613362,80.555556,-20.041502,0.000000,0.000000,0.000000
7.985500,75.000000,45.000000,dualpol_vector_correlation,E4-E1,100.000000,321.732719,10.590210,10.590210,70.833333,-21.386932,43.878763,25.241991,177.375247
7.985500,75.000000,90.000000,dualpol_vector_correlation,E4-E1,100.000000,360.000000,-9.995087,-369.995087,76.388889,-19.779270,40.313892,26.032286,137.495676
7.985500,75.000000,135.000000,dualpol_vector_correlation,E4-E1,100.000000,360.718374,-5.888380,-5.888380,66.666667,-22.711669,42.882589,25.203418,164.948102
7.985500,90.000000,0.000000,dualpol_vector_correlation,E1-E3,100.000000,362.659657,-2.756149,-2.756149,51.388889,-16.178417,0.000000,0.000000,0.000000
7.985500,90.000000,45.000000,dualpol_vector_correlation,E1-E3,100.000000,740.481688,-0.989484,-720.989484,80.555556,-19.973991,31.382978,15.830805,157.263965
7.985500,90.000000,90.000000,dualpol_vector_correlation,E1-E3,100.000000,188.648780,2.545359,2.545359,52.777778,-15.818891,53.108917,27.613758,170.028439
7.985500,90.000000,135.000000,dualpol_vector_correlation,E1-E3,100.000000,550.622653,1.134352,361.134352,79.166667,-19.707498,32.915777,18.913509,125.104588
7.985500,90.000000,0.000000,dualpol_vector_correlation,E2-E4,100.000000,360.000000,1.973972,361.973972,68.055556,-25.246544,0.000000,0.000000,0.000000
7.985500,90.000000,45.000000,dualpol_vector_correlation,E2-E4,100.000000,720.000000,-2.571282,717.428718,70.833333,-19.687921,22.362109,13.755463,88.251441
7.985500,90.000000,90.000000,dualpol_vector_correlation,E2-E4,100.000000,510.820889,-4.685205,-4.685205,59.722222,-21.340692,69.483144,43.827212,176.467977
7.985500,90.000000,135.000000,dualpol_vector_correlation,E2-E4,100.000000,720.000000,0.336449,720.336449,70.833333,-21.028852,23.844189,14.746529,94.890874
7.985500,90.000000,0.000000,dualpol_vector_correlation,E1-E2,100.000000,325.872717,-19.507756,-19.507756,76.388889,-24.586338,0.000000,0.000000,0.000000
7.985500,90.000000,45.000000,dualpol_vector_correlation,E1-E2,100.000000,327.796835,-0.884088,-0.884088,69.444444,-20.539310,39.587048,22.073577,156.243503
7.985500,90.000000,90.000000,dualpol_vector_correlation,E1-E2,100.000000,330.673386,17.266311,17.266311,65.277778,-19.830159,46.856200,31.494959,164.124911
7.985500,90.000000,135.000000,dualpol_vector_correlation,E1-E2,100.000000,294.236362,-1.065074,-1.065074,72.222222,-18.047686,41.390490,26.238965,153.318977
7.985500,90.000000,0.000000,dualpol_vector_correlation,E2-E3,100.000000,342.149841,16.622873,16.622873,69.444444,-24.586338,0.000000,0.000000,0.000000
7.985500,90.000000,45.000000,dualpol_vector_correlation,E2-E3,100.000000,307.478609,0.470215,0.470215,66.666667,-19.687921,43.686759,23.615595,175.695262
7.985500,90.000000,90.000000,dualpol_vector_correlation,E2-E3,100.000000,329.381585,-14.787064,-14.787064,62.500000,-19.906002,52.523828,33.941501,170.624597
7.985500,90.000000,135.000000,dualpol_vector_correlation,E2-E3,100.000000,361.754070,1.443455,361.443455,75.000000,-19.708434,37.719511,23.268715,155.669154
7.985500,90.000000,0.000000,dualpol_vector_correlation,E3-E4,100.000000,360.000000,-14.817757,345.182243,80.555556,-25.187584,0.000000,0.000000,0.000000
7.985500,90.000000,45.000000,dualpol_vector_correlation,E3-E4,100.000000,366.913158,-2.662683,357.337317,75.000000,-17.792940,31.316222,18.777273,118.503242
7.985500,90.000000,90.000000,dualpol_vector_correlation,E3-E4,100.000000,330.125633,10.060183,10.060183,63.888889,-21.883609,47.273342,28.375087,162.225167
7.985500,90.000000,135.000000,dualpol_vector_correlation,E3-E4,100.000000,296.239337,-2.158726,-2.158726,70.833333,-21.027915,40.218442,22.645187,147.422135
7.985500,90.000000,0.000000,dualpol_vector_correlation,E4-E1,100.000000,320.559067,17.542962,17.542962,75.000000,-25.187584,0.000000,0.000000,0.000000
7.985500,90.000000,45.000000,dualpol_vector_correlation,E4-E1,100.000000,304.135474,3.207378,3.207378,68.055556,-20.454820,42.206630,23.262808,178.626488
7.985500,90.000000,90.000000,dualpol_vector_correlation,E4-E1,100.000000,333.645847,-12.393941,-12.393941,66.666667,-21.807767,48.606707,30.879320,177.040819
7.985500,90.000000,135.000000,dualpol_vector_correlation,E4-E1,100.000000,333.924534,1.739896,1.739896,69.444444,-20.945361,30.698022,17.224248,124.764473
7.985500,45.000000,0.000000,dualpol_known_pol_vector,E1-E3,100.000000,550.054782,0.544564,0.544564,66.666667,-25.197337,0.000000,0.000000,0.000000
7.985500,45.000000,45.000000,dualpol_known_pol_vector,E1-E3,100.000000,238.299327,-6.575823,-6.575823,52.777778,-25.577689,76.012695,58.087015,178.204839
7.985500,45.000000,90.000000,dualpol_known_pol_vector,E1-E3,100.000000,231.479614,-8.561817,-8.561817,52.777778,-20.016016,76.588881,58.837350,172.158346
7.985500,45.000000,135.000000,dualpol_known_pol_vector,E1-E3,100.000000,366.865871,-1.434901,358.565099,72.222222,-33.447822,35.361148,20.126591,170.193726
7.985500,45.000000,0.000000,dualpol_known_pol_vector,E2-E4,98.630137,440.714428,0.509996,360.509996,60.563380,-35.086763,0.000000,0.000000,0.000000
7.985500,45.000000,45.000000,dualpol_known_pol_vector,E2-E4,100.000000,360.000000,6.694952,366.694952,79.166667,-34.248609,88.002170,65.418475,176.683601
7.985500,45.000000,90.000000,dualpol_known_pol_vector,E2-E4,98.630137,388.350206,5.743643,365.743643,71.830986,-39.317893,44.714132,33.490972,153.474151
7.985500,45.000000,135.000000,dualpol_known_pol_vector,E2-E4,100.000000,1061.478403,-1.120749,-721.120749,59.722222,-32.650832,64.579328,42.607853,172.225727
7.985500,45.000000,0.000000,dualpol_known_pol_vector,E1-E2,100.000000,552.909156,13.285035,-346.714965,52.777778,-34.424443,0.000000,0.000000,0.000000
7.985500,45.000000,45.000000,dualpol_known_pol_vector,E1-E2,100.000000,355.855832,-23.024937,-23.024937,73.611111,-34.248609,67.532494,52.358177,178.457818
7.985500,45.000000,90.000000,dualpol_known_pol_vector,E1-E2,100.000000,221.960786,-24.323182,-24.323182,52.777778,-24.257060,74.808072,53.482376,178.148954
7.985500,45.000000,135.000000,dualpol_known_pol_vector,E1-E2,100.000000,759.929010,13.868150,733.868150,66.666667,-33.040911,53.350894,31.849781,177.175886
7.985500,45.000000,0.000000,dualpol_known_pol_vector,E2-E3,98.630137,360.000000,-12.740472,347.259528,70.422535,-35.570055,0.000000,0.000000,0.000000
7.985500,45.000000,45.000000,dualpol_known_pol_vector,E2-E3,100.000000,396.261661,16.449113,16.449113,66.666667,-34.729416,54.671865,33.689480,173.136859
7.985500,45.000000,90.000000,dualpol_known_pol_vector,E2-E3,100.000000,355.068674,15.761365,15.761365,56.944444,-24.316319,52.815348,36.369921,174.062116
7.985500,45.000000,135.000000,dualpol_known_pol_vector,E2-E3,100.000000,729.932938,-15.303051,-375.303051,52.777778,-33.560004,49.975373,31.424684,154.803765
7.985500,45.000000,0.000000,dualpol_known_pol_vector,E3-E4,98.630137,381.176774,13.250467,13.250467,64.788732,-37.362417,0.000000,0.000000,0.000000
7.985500,45.000000,45.000000,dualpol_known_pol_vector,E3-E4,100.000000,363.557011,-9.754162,350.245838,80.555556,-30.292989,82.461009,60.283959,177.635940
7.985500,45.000000,90.000000,dualpol_known_pol_vector,E3-E4,98.630137,364.187406,-10.017722,349.982278,78.873239,-39.317893,72.268879,53.101308,170.680483
7.985500,45.000000,135.000000,dualpol_known_pol_vector,E3-E4,100.000000,402.968536,14.182302,-345.817698,66.666667,-33.447822,40.529553,27.202661,139.728688
7.985500,45.000000,0.000000,dualpol_known_pol_vector,E4-E1,98.630137,491.392460,-13.795031,-13.795031,63.380282,-36.216805,0.000000,0.000000,0.000000
7.985500,45.000000,45.000000,dualpol_known_pol_vector,E4-E1,100.000000,400.232950,16.329985,-343.670015,66.666667,-29.348198,66.530895,44.904161,169.152929
7.985500,45.000000,90.000000,dualpol_known_pol_vector,E4-E1,98.630137,360.000000,18.579539,-341.420461,61.971831,-39.317893,60.482935,39.007163,179.271495
7.985500,45.000000,135.000000,dualpol_known_pol_vector,E4-E1,100.000000,381.737569,-12.747401,-12.747401,54.166667,-31.884305,51.897024,31.286233,149.390979
7.985500,60.000000,0.000000,dualpol_known_pol_vector,E1-E3,100.000000,554.945081,-0.818432,-0.818432,61.111111,-32.641077,0.000000,0.000000,0.000000
7.985500,60.000000,45.000000,dualpol_known_pol_vector,E1-E3,100.000000,261.068299,-12.648236,-12.648236,52.777778,-25.945359,65.415965,49.330896,167.803225
7.985500,60.000000,90.000000,dualpol_known_pol_vector,E1-E3,100.000000,201.629510,-12.442280,-12.442280,54.166667,-22.668726,70.289175,54.976564,176.234389
7.985500,60.000000,135.000000,dualpol_known_pol_vector,E1-E3,100.000000,550.015186,-1.418682,358.581318,59.722222,-34.377210,52.534763,35.118138,178.862143
7.985500,60.000000,0.000000,dualpol_known_pol_vector,E2-E4,100.000000,406.856001,3.924166,3.924166,51.388889,-30.231117,0.000000,0.000000,0.000000
7.985500,60.000000,45.000000,dualpol_known_pol_vector,E2-E4,100.000000,360.000000,10.611179,370.611179,75.000000,-31.439677,85.178835,64.568783,178.055220
7.985500,60.000000,90.000000,dualpol_known_pol_vector,E2-E4,100.000000,720.000000,8.188220,728.188220,87.500000,-27.371821,60.065151,44.032245,168.600313
7.985500,60.000000,135.000000,dualpol_known_pol_vector,E2-E4,100.000000,1210.556616,0.505052,-719.494948,58.333333,-28.029509,71.789337,52.792680,172.031762
7.985500,60.000000,0.000000,dualpol_known_pol_vector,E1-E2,100.000000,397.864678,10.005885,10.005885,69.444444,-30.978060,0.000000,0.000000,0.000000
7.985500,60.000000,45.000000,dualpol_known_pol_vector,E1-E2,100.000000,416.337209,-38.624710,-38.624710,79.166667,-27.062605,63.032399,49.932924,168.618002
7.985500,60.000000,90.000000,dualpol_known_pol_vector,E1-E2,100.000000,360.000000,-27.097080,-387.097080,79.166667,-27.823678,74.510155,55.641583,172.029246
7.985500,60.000000,135.000000,dualpol_known_pol_vector,E1-E2,100.000000,896.441835,24.370475,744.370475,56.944444,-32.432135,56.639468,39.653849,170.664664
7.985500,60.000000,0.000000,dualpol_known_pol_vector,E2-E3,100.000000,463.470690,-10.824317,-10.824317,59.722222,-33.270308,0.000000,0.000000,0.000000
7.985500,60.000000,45.000000,dualpol_known_pol_vector,E2-E3,100.000000,372.122566,25.976474,25.976474,65.277778,-27.736284,68.912826,43.309095,178.988650
7.985500,60.000000,90.000000,dualpol_known_pol_vector,E2-E3,100.000000,360.000000,14.654800,374.654800,59.722222,-28.060166,67.477261,49.474026,169.904481
7.985500,60.000000,135.000000,dualpol_known_pol_vector,E2-E3,100.000000,655.715263,-25.789158,-385.789158,51.388889,-34.186785,67.925086,47.687624,176.938002
7.985500,60.000000,0.000000,dualpol_known_pol_vector,E3-E4,100.000000,407.763558,14.748483,14.748483,59.722222,-31.568596,0.000000,0.000000,0.000000
7.985500,60.000000,45.000000,dualpol_known_pol_vector,E3-E4,100.000000,360.000000,-15.365295,344.634705,84.722222,-32.113357,79.751406,60.618096,176.368427
7.985500,60.000000,90.000000,dualpol_known_pol_vector,E3-E4,100.000000,360.000000,-6.466580,353.533420,87.500000,-23.209172,82.671083,62.605789,177.962075
7.985500,60.000000,135.000000,dualpol_known_pol_vector,E3-E4,100.000000,667.426273,26.294209,-333.705791,50.000000,-34.186785,64.542035,47.902210,172.878878
7.985500,60.000000,0.000000,dualpol_known_pol_vector,E4-E1,100.000000,477.369989,-13.930051,-13.930051,56.944444,-30.348830,0.000000,0.000000,0.000000
7.985500,60.000000,45.000000,dualpol_known_pol_vector,E4-E1,100.000000,460.897081,28.013531,-331.986469,69.444444,-30.332272,65.429116,44.518641,174.096679
7.985500,60.000000,90.000000,dualpol_known_pol_vector,E4-E1,100.000000,360.000000,18.908860,-341.091140,66.666667,-22.972684,72.915440,50.594020,175.245836
7.985500,60.000000,135.000000,dualpol_known_pol_vector,E4-E1,100.000000,466.762488,-24.875527,-24.875527,52.777778,-32.432135,53.457506,36.015767,165.466293
7.985500,75.000000,0.000000,dualpol_known_pol_vector,E1-E3,100.000000,847.739801,-2.506701,-722.506701,66.666667,-25.226791,0.000000,0.000000,0.000000
7.985500,75.000000,45.000000,dualpol_known_pol_vector,E1-E3,100.000000,316.359962,-28.489377,-28.489377,63.888889,-34.223375,61.476141,45.182626,178.645598
7.985500,75.000000,90.000000,dualpol_known_pol_vector,E1-E3,100.000000,471.733182,-21.323730,338.676270,72.222222,-32.761119,56.458479,47.115574,179.375107
7.985500,75.000000,135.000000,dualpol_known_pol_vector,E1-E3,100.000000,534.668920,0.173853,360.173853,58.333333,-25.878653,55.049038,39.778146,176.560925
7.985500,75.000000,0.000000,dualpol_known_pol_vector,E2-E4,100.000000,488.784236,8.481976,8.481976,58.333333,-34.324825,0.000000,0.000000,0.000000
7.985500,75.000000,45.000000,dualpol_known_pol_vector,E2-E4,100.000000,411.714490,17.234684,377.234684,73.611111,-32.612792,77.161792,55.946159,179.670104
7.985500,75.000000,90.000000,dualpol_known_pol_vector,E2-E4,100.000000,720.000000,14.609521,734.609521,79.166667,-24.491715,65.407072,52.336434,162.854369
7.985500,75.000000,135.000000,dualpol_known_pol_vector,E2-E4,98.630137,908.186360,6.900608,-353.099392,57.746479,-42.762621,79.369361,60.328050,172.680649
7.985500,75.000000,0.000000,dualpol_known_pol_vector,E1-E2,100.000000,360.000000,2.921480,-357.078520,86.111111,-34.900825,0.000000,0.000000,0.000000
7.985500,75.000000,45.000000,dualpol_known_pol_vector,E1-E2,100.000000,487.789982,-76.051720,-76.051720,70.833333,-34.275864,72.027379,54.752649,170.086353
7.985500,75.000000,90.000000,dualpol_known_pol_vector,E1-E2,100.000000,369.851912,-32.420732,-32.420732,59.722222,-32.761119,77.742605,59.465312,160.813037
7.985500,75.000000,135.000000,dualpol_known_pol_vector,E1-E2,98.630137,751.874859,50.334744,410.334744,61.971831,-42.909690,79.210138,62.772219,177.928046
7.985500,75.000000,0.000000,dualpol_known_pol_vector,E2-E3,98.630137,648.161663,-5.428181,-365.428181,57.746479,-37.612857,0.000000,0.000000,0.000000
7.985500,75.000000,45.000000,dualpol_known_pol_vector,E2-E3,100.000000,360.237420,47.562343,47.562343,58.333333,-22.924276,72.854819,46.727917,178.953411
7.985500,75.000000,90.000000,dualpol_known_pol_vector,E2-E3,100.000000,360.000000,11.097002,371.097002,62.500000,-28.354208,82.040232,58.528077,179.213866
7.985500,75.000000,135.000000,dualpol_known_pol_vector,E2-E3,98.630137,280.073230,-50.160891,-50.160891,54.929577,-45.968583,82.382517,67.798946,175.755903
7.985500,75.000000,0.000000,dualpol_known_pol_vector,E3-E4,100.000000,376.163850,13.910157,373.910157,70.833333,-32.198919,0.000000,0.000000,0.000000
7.985500,75.000000,45.000000,dualpol_known_pol_vector,E3-E4,100.000000,365.031887,-30.327659,329.672341,76.388889,-32.560303,88.812576,70.183656,176.988611
7.985500,75.000000,90.000000,dualpol_known_pol_vector,E3-E4,100.000000,360.000000,3.512519,363.512519,72.222222,-28.354208,77.118651,61.594247,177.805942
7.985500,75.000000,135.000000,dualpol_known_pol_vector,E3-E4,100.000000,718.327441,57.061500,-302.938500,51.388889,-25.878653,59.431023,50.687970,139.412519
7.985500,75.000000,0.000000,dualpol_known_pol_vector,E4-E1,100.000000,625.934332,-11.403457,348.596543,56.944444,-29.486888,0.000000,0.000000,0.000000
7.985500,75.000000,45.000000,dualpol_known_pol_vector,E4-E1,100.000000,388.586220,58.817036,58.817036,61.111111,-32.836025,75.278290,58.076110,174.984886
7.985500,75.000000,90.000000,dualpol_known_pol_vector,E4-E1,100.000000,720.000000,17.811211,-702.188789,81.944444,-32.761119,86.808154,64.168825,174.237060
7.985500,75.000000,135.000000,dualpol_known_pol_vector,E4-E1,100.000000,418.756507,-57.235353,-57.235353,51.388889,-19.645640,61.106020,49.206847,173.079284
7.985500,90.000000,0.000000,dualpol_known_pol_vector,E1-E3,100.000000,605.572637,17.281718,-342.718282,59.722222,-22.978883,0.000000,0.000000,0.000000
7.985500,90.000000,45.000000,dualpol_known_pol_vector,E1-E3,100.000000,379.880487,-17.563422,-377.563422,84.722222,-33.262895,82.419623,65.255556,174.872122
7.985500,90.000000,90.000000,dualpol_known_pol_vector,E1-E3,100.000000,437.980983,-34.466576,325.533424,86.111111,-20.238115,73.600369,58.106454,177.412226
7.985500,90.000000,135.000000,dualpol_known_pol_vector,E1-E3,98.630137,360.000000,18.127163,378.127163,81.690141,-38.259991,60.863646,43.641738,173.519584
7.985500,90.000000,0.000000,dualpol_known_pol_vector,E2-E4,100.000000,360.000000,-43.642117,316.357883,69.444444,-26.170512,0.000000,0.000000,0.000000
7.985500,90.000000,45.000000,dualpol_known_pol_vector,E2-E4,100.000000,865.598242,-16.116821,-376.116821,58.333333,-25.683844,65.812344,47.419569,178.741427
7.985500,90.000000,90.000000,dualpol_known_pol_vector,E2-E4,100.000000,555.920782,16.786449,16.786449,51.388889,-26.965641,71.870278,50.445223,179.057347
7.985500,90.000000,135.000000,dualpol_known_pol_vector,E2-E4,100.000000,857.747721,25.171690,-334.828310,54.166667,-26.704532,59.802597,43.299624,172.612441
7.985500,90.000000,0.000000,dualpol_known_pol_vector,E1-E2,100.000000,360.000000,11.504883,-348.495117,59.722222,-27.658356,0.000000,0.000000,0.000000
7.985500,90.000000,45.000000,dualpol_known_pol_vector,E1-E2,100.000000,449.273073,177.204930,537.204930,56.944444,-26.466549,95.987068,82.138424,179.799766
7.985500,90.000000,90.000000,dualpol_known_pol_vector,E1-E2,100.000000,534.281932,-20.405972,339.594028,65.277778,-20.832436,85.432493,66.410260,178.283538
7.985500,90.000000,135.000000,dualpol_known_pol_vector,E1-E2,100.000000,992.087224,174.974871,894.974871,79.166667,-26.844110,91.609058,80.215311,179.181536
7.985500,90.000000,0.000000,dualpol_known_pol_vector,E2-E3,100.000000,561.199807,5.776835,5.776835,61.111111,-25.836987,0.000000,0.000000,0.000000
7.985500,90.000000,45.000000,dualpol_known_pol_vector,E2-E3,100.000000,736.540875,165.231648,-554.768352,90.277778,-30.674203,89.575844,76.036481,179.717573
7.985500,90.000000,90.000000,dualpol_known_pol_vector,E2-E3,100.000000,427.298766,-14.060604,-14.060604,56.944444,-18.933740,79.739260,63.809252,177.296125
7.985500,90.000000,135.000000,dualpol_known_pol_vector,E2-E3,98.630137,463.548540,-156.847708,-156.847708,57.746479,-38.120413,107.839828,91.975534,177.616273
7.985500,90.000000,0.000000,dualpol_known_pol_vector,E3-E4,100.000000,631.864068,-49.418951,310.581049,68.055556,-23.189245,0.000000,0.000000,0.000000
7.985500,90.000000,45.000000,dualpol_known_pol_vector,E3-E4,100.000000,421.638006,178.651531,538.651531,58.333333,-30.674203,108.386153,95.022834,178.177897
7.985500,90.000000,90.000000,dualpol_known_pol_vector,E3-E4,100.000000,297.664394,30.847052,30.847052,63.888889,-27.288053,81.279119,62.940352,172.909397
7.985500,90.000000,135.000000,dualpol_known_pol_vector,E3-E4,100.000000,931.720194,-177.980602,-897.980602,76.388889,-34.587465,99.205902,82.383297,177.965769
7.985500,90.000000,0.000000,dualpol_known_pol_vector,E4-E1,100.000000,360.716809,32.137233,32.137233,62.500000,-24.677089,0.000000,0.000000,0.000000
7.985500,90.000000,45.000000,dualpol_known_pol_vector,E4-E1,100.000000,528.446366,-161.088108,-161.088108,62.500000,-28.433797,103.557670,92.163038,178.525707
7.985500,90.000000,90.000000,dualpol_known_pol_vector,E4-E1,100.000000,360.000000,3.619524,-356.380476,66.666667,-29.186749,71.855738,58.226581,165.452092
7.985500,90.000000,135.000000,dualpol_known_pol_vector,E4-E1,100.000000,358.170861,159.853439,159.853439,54.166667,-24.734828,83.334164,69.522335,168.425801
7.985500,45.000000,0.000000,dualpol_fixed_45deg_sum,E1-E3,100.000000,360.000000,0.762121,360.762121,81.944444,-32.633537,0.000000,0.000000,0.000000
7.985500,45.000000,45.000000,dualpol_fixed_45deg_sum,E1-E3,100.000000,238.299327,-6.575823,-6.575823,52.777778,-25.577689,79.574449,61.547031,178.307955
7.985500,45.000000,90.000000,dualpol_fixed_45deg_sum,E1-E3,100.000000,110.770717,-17.563422,-17.563422,61.111111,-16.685035,131.638473,124.854576,179.176772
7.985500,45.000000,135.000000,dualpol_fixed_45deg_sum,E1-E3,98.630137,362.024650,6.433809,366.433809,84.507042,-44.409371,70.600701,53.098188,179.751998
7.985500,45.000000,0.000000,dualpol_fixed_45deg_sum,E2-E4,98.630137,360.000000,-0.153410,359.846590,76.056338,-37.439682,0.000000,0.000000,0.000000
7.985500,45.000000,45.000000,dualpol_fixed_45deg_sum,E2-E4,100.000000,360.000000,6.694952,366.694952,79.166667,-34.248609,60.998103,47.646842,160.768437
7.985500,45.000000,90.000000,dualpol_fixed_45deg_sum,E2-E4,100.000000,110.878349,-16.116821,-16.116821,58.333333,-20.181658,131.549984,125.246843,178.240045
7.985500,45.000000,135.000000,dualpol_fixed_45deg_sum,E2-E4,100.000000,234.793680,-8.548323,-8.548323,51.388889,-25.095892,79.173856,61.301944,178.901101
7.985500,45.000000,0.000000,dualpol_fixed_45deg_sum,E1-E2,100.000000,14.520726,-1.132745,-1.132745,52.777778,-28.640816,0.000000,0.000000,0.000000
7.985500,45.000000,45.000000,dualpol_fixed_45deg_sum,E1-E2,100.000000,355.855832,-23.024937,-23.024937,73.611111,-34.248609,80.012978,62.501299,177.735627
7.985500,45.000000,90.000000,dualpol_fixed_45deg_sum,E1-E2,100.000000,13.693308,177.204930,177.204930,52.777778,-14.205649,177.409170,177.401172,179.921206
7.985500,45.000000,135.000000,dualpol_fixed_45deg_sum,E1-E2,98.630137,363.192399,20.620598,380.620598,76.056338,-44.409371,83.011106,65.239821,176.492563
7.985500,45.000000,0.000000,dualpol_fixed_45deg_sum,E2-E3,100.000000,360.000000,1.894865,361.894865,80.555556,-32.633537,0.000000,0.000000,0.000000
7.985500,45.000000,45.000000,dualpol_fixed_45deg_sum,E2-E3,100.000000,396.261661,16.449113,16.449113,66.666667,-34.729416,43.783189,26.171062,179.257450
7.985500,45.000000,90.000000,dualpol_fixed_45deg_sum,E2-E3,100.000000,108.337067,165.231648,165.231648,58.333333,-16.685035,67.779101,53.684568,174.279369
7.985500,45.000000,135.000000,dualpol_fixed_45deg_sum,E2-E3,100.000000,367.743747,-14.186788,345.813212,69.444444,-28.208099,54.017247,31.489576,178.890181
7.985500,45.000000,0.000000,dualpol_fixed_45deg_sum,E3-E4,98.630137,28.349215,-2.048275,-2.048275,61.971831,-37.587669,0.000000,0.000000,0.000000
7.985500,45.000000,45.000000,dualpol_fixed_45deg_sum,E3-E4,100.000000,363.557011,-9.754162,350.245838,80.555556,-30.292989,79.974914,61.851832,175.226477
7.985500,45.000000,90.000000,dualpol_fixed_45deg_sum,E3-E4,100.000000,22.063646,178.651531,178.651531,62.500000,-20.181658,175.343007,175.301498,179.947788
7.985500,45.000000,135.000000,dualpol_fixed_45deg_sum,E3-E4,100.000000,363.523212,5.638465,-354.361535,81.944444,-28.980306,83.956880,64.786534,178.002354
7.985500,45.000000,0.000000,dualpol_fixed_45deg_sum,E4-E1,98.630137,360.000000,1.286155,-358.713845,77.464789,-37.443959,0.000000,0.000000,0.000000
7.985500,45.000000,45.000000,dualpol_fixed_45deg_sum,E4-E1,100.000000,400.232950,16.329985,-343.670015,66.666667,-29.348198,56.253028,33.557341,172.204746
7.985500,45.000000,90.000000,dualpol_fixed_45deg_sum,E4-E1,100.000000,113.365029,-161.088108,-161.088108,58.333333,-20.181658,69.262312,56.115988,170.288732
7.985500,45.000000,135.000000,dualpol_fixed_45deg_sum,E4-E1,97.260274,427.315437,-12.072274,-372.072274,70.000000,-44.777769,48.605612,28.585416,172.134752
7.985500,60.000000,0.000000,dualpol_fixed_45deg_sum,E1-E3,98.630137,360.000000,-1.056362,358.943638,94.366197,-39.017093,0.000000,0.000000,0.000000
7.985500,60.000000,45.000000,dualpol_fixed_45deg_sum,E1-E3,100.000000,261.068299,-12.648236,-12.648236,52.777778,-25.945359,71.674575,54.451103,177.848529
7.985500,60.000000,90.000000,dualpol_fixed_45deg_sum,E1-E3,100.000000,720.000000,13.837813,733.837813,75.000000,-19.770436,128.906395,114.636013,179.915775
7.985500,60.000000,135.000000,dualpol_fixed_45deg_sum,E1-E3,95.890411,720.000000,4.255999,724.255999,94.202899,-48.001336,66.879309,45.974571,178.785059
7.985500,60.000000,0.000000,dualpol_fixed_45deg_sum,E2-E4,100.000000,360.000000,1.849429,361.849429,70.833333,-33.348359,0.000000,0.000000,0.000000
7.985500,60.000000,45.000000,dualpol_fixed_45deg_sum,E2-E4,100.000000,360.000000,10.611179,370.611179,75.000000,-31.439677,45.932614,37.880022,139.740765
7.985500,60.000000,90.000000,dualpol_fixed_45deg_sum,E2-E4,100.000000,199.351848,-32.525655,-32.525655,54.166667,-11.651704,107.420872,95.945521,179.483355
7.985500,60.000000,135.000000,dualpol_fixed_45deg_sum,E2-E4,98.630137,457.112664,-4.844645,355.155355,63.380282,-49.213707,61.836488,46.499462,171.171683
7.985500,60.000000,0.000000,dualpol_fixed_45deg_sum,E1-E2,100.000000,168.156909,-7.019986,-7.019986,63.888889,-29.336619,0.000000,0.000000,0.000000
7.985500,60.000000,45.000000,dualpol_fixed_45deg_sum,E1-E2,100.000000,416.337209,-38.624710,-38.624710,79.166667,-27.062605,66.866041,52.575742,167.338331
7.985500,60.000000,90.000000,dualpol_fixed_45deg_sum,E1-E2,100.000000,388.179137,72.361208,432.361208,75.000000,-12.029958,131.755653,122.911100,179.296734
7.985500,60.000000,135.000000,dualpol_fixed_45deg_sum,E1-E2,94.520548,210.972804,11.497272,11.497272,52.941176,-49.116910,66.579776,50.269154,169.244365
7.985500,60.000000,0.000000,dualpol_fixed_45deg_sum,E2-E3,98.630137,360.000000,5.963625,365.963625,73.239437,-39.017093,0.000000,0.000000,0.000000
7.985500,60.000000,45.000000,dualpol_fixed_45deg_sum,E2-E3,100.000000,372.122566,25.976474,25.976474,65.277778,-27.736284,44.873876,26.043331,166.238866
7.985500,60.000000,90.000000,dualpol_fixed_45deg_sum,E2-E3,100.000000,360.000000,-58.523395,301.476605,63.888889,-18.141279,40.822060,33.575752,70.594457
7.985500,60.000000,135.000000,dualpol_fixed_45deg_sum,E2-E3,98.630137,360.351301,-7.241273,352.758727,84.507042,-48.952993,59.392144,30.066027,179.291387
7.985500,60.000000,0.000000,dualpol_fixed_45deg_sum,E3-E4,98.630137,199.225688,-4.114196,-4.114196,60.563380,-39.017093,0.000000,0.000000,0.000000
7.985500,60.000000,45.000000,dualpol_fixed_45deg_sum,E3-E4,100.000000,360.000000,-15.365295,344.634705,84.722222,-32.113357,69.059234,53.420733,174.206731
7.985500,60.000000,90.000000,dualpol_fixed_45deg_sum,E3-E4,100.000000,400.601220,25.997740,-334.002260,75.000000,-19.392183,132.114031,116.435445,179.801982
7.985500,60.000000,135.000000,dualpol_fixed_45deg_sum,E3-E4,100.000000,412.927483,2.396628,-357.603372,59.722222,-34.706784,80.235806,58.983534,161.136394
7.985500,60.000000,0.000000,dualpol_fixed_45deg_sum,E4-E1,100.000000,360.000000,5.170558,-354.829442,77.777778,-33.101943,0.000000,0.000000,0.000000
7.985500,60.000000,45.000000,dualpol_fixed_45deg_sum,E4-E1,100.000000,460.897081,28.013531,-331.986469,69.444444,-30.332272,49.844278,30.776113,179.998384
7.985500,60.000000,90.000000,dualpol_fixed_45deg_sum,E4-E1,100.000000,360.000000,-39.835553,-399.835553,63.888889,-11.878740,36.651810,31.347650,72.832887
7.985500,60.000000,135.000000,dualpol_fixed_45deg_sum,E4-E1,95.890411,423.884723,-6.652626,-366.652626,75.362319,-48.098133,44.747525,25.364562,163.171213
7.985500,75.000000,0.000000,dualpol_fixed_45deg_sum,E1-E3,98.630137,360.000000,-3.298693,356.701307,94.366197,-36.311860,0.000000,0.000000,0.000000
7.985500,75.000000,45.000000,dualpol_fixed_45deg_sum,E1-E3,100.000000,316.359962,-28.489377,-28.489377,63.888889,-34.223375,69.681431,52.972880,171.328797
7.985500,75.000000,90.000000,dualpol_fixed_45deg_sum,E1-E3,100.000000,430.228567,9.467950,369.467950,75.000000,-30.439656,101.086721,78.503538,179.907106
7.985500,75.000000,135.000000,dualpol_fixed_45deg_sum,E1-E3,95.890411,189.243837,2.457499,2.457499,88.405797,-59.089042,52.810059,28.293841,171.276630
7.985500,75.000000,0.000000,dualpol_fixed_45deg_sum,E2-E4,100.000000,360.000000,4.011355,364.011355,69.444444,-34.357066,0.000000,0.000000,0.000000
7.985500,75.000000,45.000000,dualpol_fixed_45deg_sum,E2-E4,100.000000,411.714490,17.234684,377.234684,73.611111,-32.612792,50.702716,39.087577,139.735137
7.985500,75.000000,90.000000,dualpol_fixed_45deg_sum,E2-E4,98.630137,429.340942,-15.279581,-15.279581,64.788732,-35.054724,76.799620,60.438879,179.715182
7.985500,75.000000,135.000000,dualpol_fixed_45deg_sum,E2-E4,100.000000,720.000000,-2.270591,717.729409,80.555556,-30.382415,39.475684,24.330149,176.232345
7.985500,75.000000,0.000000,dualpol_fixed_45deg_sum,E1-E2,100.000000,252.990385,-13.809654,-13.809654,68.055556,-29.984538,0.000000,0.000000,0.000000
7.985500,75.000000,45.000000,dualpol_fixed_45deg_sum,E1-E2,100.000000,487.789982,-76.051720,-76.051720,70.833333,-34.275864,58.850739,47.783352,168.421763
7.985500,75.000000,90.000000,dualpol_fixed_45deg_sum,E1-E2,100.000000,480.529851,35.960035,395.960035,52.777778,-30.439656,88.210487,69.157162,167.441873
7.985500,75.000000,135.000000,dualpol_fixed_45deg_sum,E1-E2,98.630137,360.000000,4.744347,-355.255653,67.605634,-59.139347,51.895801,29.600850,171.265089
7.985500,75.000000,0.000000,dualpol_fixed_45deg_sum,E2-E3,98.630137,360.000000,10.510961,370.510961,76.056338,-36.311860,0.000000,0.000000,0.000000
7.985500,75.000000,45.000000,dualpol_fixed_45deg_sum,E2-E3,100.000000,360.237420,47.562343,47.562343,58.333333,-22.924276,54.224952,34.404634,171.184639
7.985500,75.000000,90.000000,dualpol_fixed_45deg_sum,E2-E3,100.000000,349.074509,-26.492085,-26.492085,58.333333,-28.342653,65.585795,48.276766,176.624931
7.985500,75.000000,135.000000,dualpol_fixed_45deg_sum,E2-E3,97.260274,360.000000,-2.286848,357.713152,85.714286,-43.856111,31.235300,19.538407,166.272302
7.985500,75.000000,0.000000,dualpol_fixed_45deg_sum,E3-E4,98.630137,279.023444,-6.499606,-6.499606,57.746479,-36.311860,0.000000,0.000000,0.000000
7.985500,75.000000,45.000000,dualpol_fixed_45deg_sum,E3-E4,100.000000,365.031887,-30.327659,329.672341,76.388889,-32.560303,62.671541,49.429350,166.686501
7.985500,75.000000,90.000000,dualpol_fixed_45deg_sum,E3-E4,98.630137,283.735680,11.212504,11.212504,61.971831,-35.369192,86.033483,59.164911,179.799395
7.985500,75.000000,135.000000,dualpol_fixed_45deg_sum,E3-E4,97.260274,360.000000,0.016257,360.016257,72.857143,-43.794835,45.375928,24.139291,157.240962
7.985500,75.000000,0.000000,dualpol_fixed_45deg_sum,E4-E1,100.000000,360.000000,9.798299,-350.201701,73.611111,-33.969801,0.000000,0.000000,0.000000
7.985500,75.000000,45.000000,dualpol_fixed_45deg_sum,E4-E1,100.000000,388.586220,58.817036,58.817036,61.111111,-32.836025,48.933042,31.081356,158.726787
7.985500,75.000000,90.000000,dualpol_fixed_45deg_sum,E4-E1,98.630137,360.000000,-20.680454,-380.680454,71.830986,-35.846684,66.168778,44.465687,178.917236
7.985500,75.000000,135.000000,dualpol_fixed_45deg_sum,E4-E1,98.630137,360.000000,-2.473756,-362.473756,85.915493,-59.089042,29.143804,15.998897,135.266819
7.985500,90.000000,0.000000,dualpol_fixed_45deg_sum,E1-E3,100.000000,403.397490,-6.575823,353.424177,51.388889,-34.977526,0.000000,0.000000,0.000000
7.985500,90.000000,45.000000,dualpol_fixed_45deg_sum,E1-E3,100.000000,379.880487,-17.563422,-377.563422,84.722222,-33.262895,97.681647,85.816132,175.939243
7.985500,90.000000,90.000000,dualpol_fixed_45deg_sum,E1-E3,100.000000,306.196887,6.433809,6.433809,58.333333,-31.177162,63.024873,42.673130,172.962592
7.985500,90.000000,135.000000,dualpol_fixed_45deg_sum,E1-E3,100.000000,732.129334,0.762121,720.762121,65.277778,-33.290418,48.025574,28.186893,171.620771
7.985500,90.000000,0.000000,dualpol_fixed_45deg_sum,E2-E4,100.000000,360.000000,6.694952,366.694952,69.444444,-28.135688,0.000000,0.000000,0.000000
7.985500,90.000000,45.000000,dualpol_fixed_45deg_sum,E2-E4,100.000000,865.598242,-16.116821,-376.116821,58.333333,-25.683844,78.567799,57.985248,179.090693
7.985500,90.000000,90.000000,dualpol_fixed_45deg_sum,E2-E4,100.000000,495.900589,-8.548323,-8.548323,59.722222,-20.947267,72.721522,50.015037,175.794110
7.985500,90.000000,135.000000,dualpol_fixed_45deg_sum,E2-E4,98.630137,360.000000,-0.153410,359.846590,66.197183,-35.676572,36.742564,22.482601,135.043575
7.985500,90.000000,0.000000,dualpol_fixed_45deg_sum,E1-E2,100.000000,325.013820,-23.024937,-23.024937,69.444444,-30.327030,0.000000,0.000000,0.000000
7.985500,90.000000,45.000000,dualpol_fixed_45deg_sum,E1-E2,100.000000,449.273073,177.204930,537.204930,56.944444,-26.466549,95.854042,79.827806,177.433985
7.985500,90.000000,90.000000,dualpol_fixed_45deg_sum,E1-E2,100.000000,383.485877,20.620598,20.620598,63.888889,-31.177162,64.455683,47.250890,152.146717
7.985500,90.000000,135.000000,dualpol_fixed_45deg_sum,E1-E2,100.000000,622.324262,-1.132745,358.867255,59.722222,-33.400574,46.201596,28.047163,178.954167
7.985500,90.000000,0.000000,dualpol_fixed_45deg_sum,E2-E3,98.630137,360.000000,16.449113,376.449113,76.056338,-35.162721,0.000000,0.000000,0.000000
7.985500,90.000000,45.000000,dualpol_fixed_45deg_sum,E2-E3,100.000000,736.540875,165.231648,-554.768352,90.277778,-30.674203,84.386207,71.760322,174.892364
7.985500,90.000000,90.000000,dualpol_fixed_45deg_sum,E2-E3,100.000000,346.788080,-14.186788,-14.186788,58.333333,-29.094186,64.451286,42.571727,178.756069
7.985500,90.000000,135.000000,dualpol_fixed_45deg_sum,E2-E3,100.000000,360.000000,1.894865,361.894865,83.333333,-31.605292,33.026536,18.621284,140.562567
7.985500,90.000000,0.000000,dualpol_fixed_45deg_sum,E3-E4,100.000000,324.530415,-9.754162,-9.754162,73.611111,-34.977526,0.000000,0.000000,0.000000
7.985500,90.000000,45.000000,dualpol_fixed_45deg_sum,E3-E4,100.000000,421.638006,178.651531,538.651531,58.333333,-30.674203,93.964812,78.767698,177.420087
7.985500,90.000000,90.000000,dualpol_fixed_45deg_sum,E3-E4,100.000000,372.558705,5.638465,5.638465,65.277778,-29.094186,66.071957,39.853273,172.496698
7.985500,90.000000,135.000000,dualpol_fixed_45deg_sum,E3-E4,98.630137,317.048247,-2.048275,-2.048275,63.380282,-35.566415,42.601434,22.861283,145.139261
7.985500,90.000000,0.000000,dualpol_fixed_45deg_sum,E4-E1,100.000000,360.000000,16.329985,-343.670015,83.333333,-29.675552,0.000000,0.000000,0.000000
7.985500,90.000000,45.000000,dualpol_fixed_45deg_sum,E4-E1,100.000000,528.446366,-161.088108,-161.088108,62.500000,-28.433797,92.529419,75.290883,177.418093
7.985500,90.000000,90.000000,dualpol_fixed_45deg_sum,E4-E1,100.000000,349.122422,-12.072274,-12.072274,58.333333,-31.177162,60.454878,39.635167,173.180302
7.985500,90.000000,135.000000,dualpol_fixed_45deg_sum,E4-E1,98.630137,720.000000,1.286155,-718.713845,83.098592,-35.514412,30.307870,17.852408,141.355358
7.985500,45.000000,0.000000,legacy_cp_minus90,E1-E3,100.000000,720.000000,-2.883487,717.116513,86.111111,-30.774089,0.000000,0.000000,0.000000
7.985500,45.000000,45.000000,legacy_cp_minus90,E1-E3,100.000000,205.334946,-5.845120,-5.845120,55.555556,-31.005928,76.923620,58.148109,179.033383
7.985500,45.000000,90.000000,legacy_cp_minus90,E1-E3,100.000000,720.000000,-2.609231,717.390769,88.888889,-24.204601,75.069482,59.504993,147.345398
7.985500,45.000000,135.000000,legacy_cp_minus90,E1-E3,100.000000,720.000000,-1.111491,718.888509,80.555556,-23.090009,40.103703,32.621278,103.245106
7.985500,45.000000,0.000000,legacy_cp_minus90,E2-E4,100.000000,1070.662063,3.381321,-716.618679,58.333333,-24.153331,0.000000,0.000000,0.000000
7.985500,45.000000,45.000000,legacy_cp_minus90,E2-E4,95.890411,393.436158,8.924500,368.924500,69.565217,-37.702298,68.914272,45.020141,173.312394
7.985500,45.000000,90.000000,legacy_cp_minus90,E2-E4,100.000000,266.032292,-0.647434,-0.647434,50.000000,-23.650086,58.288111,41.926401,176.382101
7.985500,45.000000,135.000000,legacy_cp_minus90,E2-E4,98.630137,662.776720,-2.941437,-362.941437,59.154930,-36.647633,29.137887,22.805569,92.175594
7.985500,45.000000,0.000000,legacy_cp_minus90,E1-E2,100.000000,765.538644,2.532942,722.532942,66.666667,-27.527222,0.000000,0.000000,0.000000
7.985500,45.000000,45.000000,legacy_cp_minus90,E1-E2,97.260274,379.826819,-25.074516,-385.074516,75.714286,-36.198619,74.336276,51.029219,179.500720
7.985500,45.000000,90.000000,legacy_cp_minus90,E1-E2,100.000000,371.958260,-3.404466,356.595534,80.555556,-24.204601,54.780713,43.772588,132.979596
7.985500,45.000000,135.000000,legacy_cp_minus90,E1-E2,98.630137,368.236809,13.426173,373.426173,71.830986,-37.203006,27.594872,22.642890,66.501367
7.985500,45.000000,0.000000,legacy_cp_minus90,E2-E3,100.000000,342.140594,-5.416429,-5.416429,61.111111,-31.829268,0.000000,0.000000,0.000000
7.985500,45.000000,45.000000,legacy_cp_minus90,E2-E3,97.260274,360.000000,19.229396,379.229396,62.857143,-36.157866,65.736695,46.596066,168.674894
7.985500,45.000000,90.000000,legacy_cp_minus90,E2-E3,100.000000,360.000000,0.795236,360.795236,66.666667,-19.610302,56.491570,31.294865,176.830661
7.985500,45.000000,135.000000,legacy_cp_minus90,E2-E3,98.630137,400.807342,-14.537664,345.462336,64.788732,-36.516611,37.155365,21.914897,122.166003
7.985500,45.000000,0.000000,legacy_cp_minus90,E3-E4,100.000000,783.549349,8.797750,-711.202250,62.500000,-31.734212,0.000000,0.000000,0.000000
7.985500,45.000000,45.000000,legacy_cp_minus90,E3-E4,98.630137,226.711072,-10.304896,-10.304896,52.112676,-37.702298,64.852096,46.561713,171.547077
7.985500,45.000000,90.000000,legacy_cp_minus90,E3-E4,100.000000,378.127194,-1.442670,-361.442670,81.944444,-24.013569,60.859145,47.265351,159.816319
7.985500,45.000000,135.000000,legacy_cp_minus90,E3-E4,100.000000,738.868844,11.596228,-708.403772,75.000000,-22.534636,36.316140,27.397912,99.914688
7.985500,45.000000,0.000000,legacy_cp_minus90,E4-E1,100.000000,363.776684,-5.914263,-5.914263,56.944444,-27.432166,0.000000,0.000000,0.000000
7.985500,45.000000,45.000000,legacy_cp_minus90,E4-E1,98.630137,322.439704,16.150016,16.150016,50.704225,-37.702298,72.669393,49.851367,176.718429
7.985500,45.000000,90.000000,legacy_cp_minus90,E4-E1,100.000000,360.000000,4.051901,-355.948099,69.444444,-24.614288,52.667460,31.934744,175.671319
7.985500,45.000000,135.000000,legacy_cp_minus90,E4-E1,100.000000,364.585031,-10.484737,-10.484737,55.555556,-22.242421,22.628739,15.807029,55.983774
7.985500,60.000000,0.000000,legacy_cp_minus90,E1-E3,100.000000,720.000000,-4.645625,715.354375,91.666667,-20.256199,0.000000,0.000000,0.000000
7.985500,60.000000,45.000000,legacy_cp_minus90,E1-E3,97.260274,253.310357,-4.783482,-4.783482,84.285714,-38.008715,49.051323,30.883541,168.559090
7.985500,60.000000,90.000000,legacy_cp_minus90,E1-E3,100.000000,720.000000,-1.872169,718.127831,100.000000,-26.356013,72.300099,51.597498,137.243757
7.985500,60.000000,135.000000,legacy_cp_minus90,E1-E3,100.000000,720.000000,-1.165465,718.834535,87.500000,-24.295801,35.190062,26.454439,87.966296
7.985500,60.000000,0.000000,legacy_cp_minus90,E2-E4,100.000000,671.121716,5.921661,5.921661,62.500000,-33.872082,0.000000,0.000000,0.000000
7.985500,60.000000,45.000000,legacy_cp_minus90,E2-E4,98.630137,434.934622,7.427231,367.427231,67.605634,-51.074481,60.376313,41.470876,170.481212
7.985500,60.000000,90.000000,legacy_cp_minus90,E2-E4,100.000000,400.449503,-3.184173,-3.184173,58.333333,-19.147597,80.644182,58.147980,175.849127
7.985500,60.000000,135.000000,legacy_cp_minus90,E2-E4,100.000000,779.310874,-1.278100,-361.278100,51.388889,-29.040683,51.135880,33.119564,148.405553
7.985500,60.000000,0.000000,legacy_cp_minus90,E1-E2,100.000000,555.781827,-8.062601,351.937399,58.333333,-22.059907,0.000000,0.000000,0.000000
7.985500,60.000000,45.000000,legacy_cp_minus90,E1-E2,95.890411,360.000000,-22.895873,-382.895873,72.463768,-51.063570,57.222162,33.011478,178.323920
7.985500,60.000000,90.000000,legacy_cp_minus90,E1-E2,100.000000,454.257053,5.364650,365.364650,52.777778,-21.797581,65.160081,48.018852,171.946970
7.985500,60.000000,135.000000,legacy_cp_minus90,E1-E2,100.000000,464.458699,13.069544,373.069544,56.944444,-22.762038,42.939206,28.665753,171.475500
7.985500,60.000000,0.000000,legacy_cp_minus90,E2-E3,100.000000,360.000000,3.416977,363.416977,80.555556,-22.059907,0.000000,0.000000,0.000000
7.985500,60.000000,45.000000,legacy_cp_minus90,E2-E3,98.630137,360.000000,18.112391,378.112391,84.507042,-50.537899,55.798813,37.799666,178.573929
7.985500,60.000000,90.000000,legacy_cp_minus90,E2-E3,100.000000,360.000000,-7.236819,352.763181,73.611111,-25.761773,55.232995,31.643356,154.199812
7.985500,60.000000,135.000000,legacy_cp_minus90,E2-E3,100.000000,394.828730,-14.235009,345.764991,69.444444,-24.167546,51.905181,29.455793,167.653843
7.985500,60.000000,0.000000,legacy_cp_minus90,E3-E4,100.000000,585.816962,2.504685,-357.495315,51.388889,-33.872082,0.000000,0.000000,0.000000
7.985500,60.000000,45.000000,legacy_cp_minus90,E3-E4,100.000000,281.498401,-10.685161,-10.685161,66.666667,-33.074173,39.641248,24.508854,175.717054
7.985500,60.000000,90.000000,legacy_cp_minus90,E3-E4,100.000000,455.329115,4.052646,-355.947354,54.166667,-25.761773,65.689453,47.138102,162.054132
7.985500,60.000000,135.000000,legacy_cp_minus90,E3-E4,100.000000,834.763365,12.956909,-707.043091,62.500000,-29.040683,40.359087,27.235304,145.297091
7.985500,60.000000,0.000000,legacy_cp_minus90,E4-E1,100.000000,360.000000,2.140940,-357.859060,63.888889,-33.872082,0.000000,0.000000,0.000000
7.985500,60.000000,45.000000,legacy_cp_minus90,E4-E1,97.260274,360.000000,15.468643,-344.531357,77.142857,-38.019626,42.360048,31.151784,122.653996
7.985500,60.000000,90.000000,legacy_cp_minus90,E4-E1,100.000000,360.000000,-2.180477,-362.180477,72.222222,-21.797581,67.974697,38.119983,178.689749
7.985500,60.000000,135.000000,legacy_cp_minus90,E4-E1,100.000000,376.178663,-11.791444,-11.791444,61.111111,-29.040683,41.457844,25.050385,169.573652
7.985500,75.000000,0.000000,legacy_cp_minus90,E1-E3,100.000000,720.000000,-5.959222,714.040778,100.000000,-18.315341,0.000000,0.000000,0.000000
7.985500,75.000000,45.000000,legacy_cp_minus90,E1-E3,100.000000,720.000000,-3.595117,716.404883,100.000000,-27.747008,33.181209,18.297917,108.691476
7.985500,75.000000,90.000000,legacy_cp_minus90,E1-E3,100.000000,720.000000,-1.369900,718.630100,100.000000,-22.998788,52.682779,37.629689,113.315344
7.985500,75.000000,135.000000,legacy_cp_minus90,E1-E3,100.000000,720.000000,-1.687769,718.312231,100.000000,-20.176034,17.870310,14.533253,36.448441
7.985500,75.000000,0.000000,legacy_cp_minus90,E2-E4,100.000000,647.468332,8.061193,8.061193,65.277778,-29.211710,0.000000,0.000000,0.000000
7.985500,75.000000,45.000000,legacy_cp_minus90,E2-E4,100.000000,524.315430,3.561908,3.561908,56.944444,-27.679816,54.422833,34.706639,167.068664
7.985500,75.000000,90.000000,legacy_cp_minus90,E2-E4,100.000000,489.224315,-3.757196,-3.757196,58.333333,-19.215035,88.385223,59.097544,177.873019
7.985500,75.000000,135.000000,legacy_cp_minus90,E2-E4,98.630137,720.000000,0.900837,720.900837,73.239437,-35.146893,51.081659,32.144432,172.409587
7.985500,75.000000,0.000000,legacy_cp_minus90,E1-E2,100.000000,578.026287,-19.103078,340.896922,63.888889,-28.862042,0.000000,0.000000,0.000000
7.985500,75.000000,45.000000,legacy_cp_minus90,E1-E2,100.000000,550.384123,-14.133859,345.866141,55.555556,-28.216039,48.072930,27.414835,170.928877
7.985500,75.000000,90.000000,legacy_cp_minus90,E1-E2,100.000000,530.453388,10.923671,370.923671,54.166667,-21.035605,63.773929,44.097896,173.580291
7.985500,75.000000,135.000000,legacy_cp_minus90,E1-E2,100.000000,257.855980,9.625277,9.625277,58.333333,-23.834782,29.897573,21.413147,121.878289
7.985500,75.000000,0.000000,legacy_cp_minus90,E2-E3,100.000000,360.000000,13.143856,373.143856,84.722222,-28.862042,0.000000,0.000000,0.000000
7.985500,75.000000,45.000000,legacy_cp_minus90,E2-E3,100.000000,360.000000,10.538742,370.538742,77.777778,-27.499748,45.554409,27.210109,150.201621
7.985500,75.000000,90.000000,legacy_cp_minus90,E2-E3,100.000000,360.000000,-12.293571,347.706429,73.611111,-22.452593,52.296907,33.549784,154.914272
7.985500,75.000000,135.000000,legacy_cp_minus90,E2-E3,100.000000,720.000000,-11.313045,708.686955,88.888889,-23.834782,33.726136,22.253575,125.164505
7.985500,75.000000,0.000000,legacy_cp_minus90,E3-E4,100.000000,591.512877,-5.082663,-365.082663,56.944444,-19.640766,0.000000,0.000000,0.000000
7.985500,75.000000,45.000000,legacy_cp_minus90,E3-E4,100.000000,557.131907,-6.976834,-366.976834,54.166667,-27.210785,36.643562,20.438326,157.965221
7.985500,75.000000,90.000000,legacy_cp_minus90,E3-E4,100.000000,544.611301,8.536375,-351.463625,50.000000,-22.452593,62.194537,41.077152,174.237376
7.985500,75.000000,135.000000,legacy_cp_minus90,E3-E4,98.630137,553.373614,12.213882,-347.786118,52.112676,-35.146893,41.349601,23.016559,164.437207
7.985500,75.000000,0.000000,legacy_cp_minus90,E4-E1,100.000000,360.000000,11.041884,-348.958116,75.000000,-19.622216,0.000000,0.000000,0.000000
7.985500,75.000000,45.000000,legacy_cp_minus90,E4-E1,100.000000,360.000000,10.571951,-349.428049,77.777778,-27.281646,29.520871,19.958549,95.303962
7.985500,75.000000,90.000000,legacy_cp_minus90,E4-E1,100.000000,360.000000,-7.166475,-367.166475,75.000000,-21.035605,47.913644,30.507227,127.758184
7.985500,75.000000,135.000000,legacy_cp_minus90,E4-E1,98.630137,417.249796,-10.526113,-370.526113,71.830986,-35.146893,42.186275,25.382498,169.768512
7.985500,90.000000,0.000000,legacy_cp_minus90,E1-E3,100.000000,732.988216,-5.845120,714.154880,88.888889,-17.382019,0.000000,0.000000,0.000000
7.985500,90.000000,45.000000,legacy_cp_minus90,E1-E3,100.000000,732.406327,-2.609231,717.390769,86.111111,-23.482888,29.435332,19.512326,87.107010
7.985500,90.000000,90.000000,legacy_cp_minus90,E1-E3,100.000000,725.081276,-1.111491,718.888509,91.666667,-27.459809,39.394002,29.940878,105.804938
7.985500,90.000000,135.000000,legacy_cp_minus90,E1-E3,100.000000,721.268364,-2.883487,717.116513,94.444444,-19.224894,17.259738,14.166813,46.769462
7.985500,90.000000,0.000000,legacy_cp_minus90,E2-E4,100.000000,360.000000,8.924500,368.924500,70.833333,-27.955123,0.000000,0.000000,0.000000
7.985500,90.000000,45.000000,legacy_cp_minus90,E2-E4,100.000000,529.294595,-0.647434,-0.647434,52.777778,-21.115931,47.702107,31.314740,164.481027
7.985500,90.000000,90.000000,legacy_cp_minus90,E2-E4,100.000000,513.263330,-2.941437,-2.941437,58.333333,-21.688945,71.524829,47.387439,177.267149
7.985500,90.000000,135.000000,legacy_cp_minus90,E2-E4,100.000000,720.000000,3.381321,723.381321,75.000000,-32.734167,42.105616,26.241479,166.107656
7.985500,90.000000,0.000000,legacy_cp_minus90,E1-E2,100.000000,323.881328,-25.074516,-25.074516,56.944444,-27.190301,0.000000,0.000000,0.000000
7.985500,90.000000,45.000000,legacy_cp_minus90,E1-E2,100.000000,586.061882,-3.404466,356.595534,55.555556,-23.482888,43.849237,28.593791,162.116111
7.985500,90.000000,90.000000,legacy_cp_minus90,E1-E2,100.000000,574.893444,13.426173,373.426173,56.944444,-23.841880,48.949198,36.202292,175.019811
7.985500,90.000000,135.000000,legacy_cp_minus90,E1-E2,100.000000,274.111857,2.532942,2.532942,62.500000,-21.358219,22.823693,19.511400,54.113534
7.985500,90.000000,0.000000,legacy_cp_minus90,E2-E3,100.000000,720.000000,19.229396,739.229396,91.666667,-27.190301,0.000000,0.000000,0.000000
7.985500,90.000000,45.000000,legacy_cp_minus90,E2-E3,100.000000,360.000000,0.795236,360.795236,79.166667,-21.403397,44.713289,28.579032,154.037312
7.985500,90.000000,90.000000,legacy_cp_minus90,E2-E3,100.000000,360.000000,-14.537664,345.462336,79.166667,-27.004041,57.087746,37.570139,177.277569
7.985500,90.000000,135.000000,legacy_cp_minus90,E2-E3,100.000000,720.000000,-5.416429,714.583571,93.055556,-21.358219,26.439451,19.707304,68.459023
7.985500,90.000000,0.000000,legacy_cp_minus90,E3-E4,100.000000,596.653306,-10.304896,-370.304896,56.944444,-23.960569,0.000000,0.000000,0.000000
7.985500,90.000000,45.000000,legacy_cp_minus90,E3-E4,100.000000,588.140920,-1.442670,-361.442670,54.166667,-21.332822,37.503001,21.743959,154.452041
7.985500,90.000000,90.000000,legacy_cp_minus90,E3-E4,100.000000,585.070073,11.596228,-348.403772,52.777778,-27.067209,51.464404,33.208661,174.748200
7.985500,90.000000,135.000000,legacy_cp_minus90,E3-E4,100.000000,314.447175,8.797750,8.797750,59.722222,-32.646191,34.505876,20.451829,174.096835
7.985500,90.000000,0.000000,legacy_cp_minus90,E4-E1,100.000000,360.000000,16.150016,-343.849984,83.333333,-23.960569,0.000000,0.000000,0.000000
7.985500,90.000000,45.000000,legacy_cp_minus90,E4-E1,100.000000,360.000000,4.051901,-355.948099,77.777778,-23.482888,27.757468,20.084098,79.985706
7.985500,90.000000,90.000000,legacy_cp_minus90,E4-E1,100.000000,360.000000,-10.484737,-370.484737,86.111111,-23.841880,47.058745,33.906439,140.158682
7.985500,90.000000,135.000000,legacy_cp_minus90,E4-E1,100.000000,720.000000,-5.914263,-725.914263,84.722222,-32.646191,39.750610,25.137576,166.926124
8.233000,45.000000,0.000000,x_only_a_port,E1-E3,100.000000,569.058622,2.159941,2.159941,66.666667,-22.149051,0.000000,0.000000,0.000000
8.233000,45.000000,45.000000,x_only_a_port,E1-E3,100.000000,1135.307057,23.565864,-696.434136,63.888889,-25.538554,58.390868,47.731285,167.100448
8.233000,45.000000,90.000000,x_only_a_port,E1-E3,100.000000,379.703466,4.821216,364.821216,77.777778,-25.763697,78.231668,50.239048,178.304402
8.233000,45.000000,135.000000,x_only_a_port,E1-E3,100.000000,507.738921,2.843821,2.843821,70.833333,-34.173773,24.089455,14.913693,81.031698
8.233000,45.000000,0.000000,x_only_a_port,E2-E4,98.630137,720.000000,-2.363373,717.636627,73.239437,-35.262601,0.000000,0.000000,0.000000
8.233000,45.000000,45.000000,x_only_a_port,E2-E4,100.000000,720.000000,-31.332891,688.667109,76.388889,-18.419222,97.071824,77.044117,179.158070
8.233000,45.000000,90.000000,x_only_a_port,E2-E4,100.000000,237.406078,-8.788427,-8.788427,54.166667,-20.150254,89.288975,61.727575,175.651719
8.233000,45.000000,135.000000,x_only_a_port,E2-E4,98.630137,255.638296,-4.841959,-4.841959,54.929577,-38.994888,60.033376,41.321081,168.340141
8.233000,45.000000,0.000000,x_only_a_port,E1-E2,100.000000,516.307986,7.896316,-352.103684,52.777778,-23.773373,0.000000,0.000000,0.000000
8.233000,45.000000,45.000000,x_only_a_port,E1-E2,100.000000,782.546330,10.879921,-709.120079,79.166667,-23.954043,55.693706,39.323083,169.817335
8.233000,45.000000,90.000000,x_only_a_port,E1-E2,100.000000,217.642464,15.626874,15.626874,55.555556,-24.649417,59.925711,43.852300,167.952343
8.233000,45.000000,135.000000,x_only_a_port,E1-E2,100.000000,267.072219,11.680781,11.680781,69.444444,-34.094219,45.012936,26.614001,177.179766
8.233000,45.000000,0.000000,x_only_a_port,E2-E3,100.000000,360.000000,-5.736375,354.263625,69.444444,-25.156211,0.000000,0.000000,0.000000
8.233000,45.000000,45.000000,x_only_a_port,E2-E3,100.000000,487.280859,12.685943,12.685943,54.166667,-22.825046,69.105791,53.443312,164.459437
8.233000,45.000000,90.000000,x_only_a_port,E2-E3,100.000000,360.000000,-10.805658,349.194342,70.833333,-25.956210,55.722012,37.211953,123.612664
8.233000,45.000000,135.000000,x_only_a_port,E2-E3,100.000000,347.704938,-8.836960,-8.836960,52.777778,-31.216027,51.066776,33.682122,168.180810
8.233000,45.000000,0.000000,x_only_a_port,E3-E4,98.630137,583.732797,3.373002,363.373002,63.380282,-37.228663,0.000000,0.000000,0.000000
8.233000,45.000000,45.000000,x_only_a_port,E3-E4,100.000000,815.439340,-44.018834,675.981166,70.833333,-22.825046,76.926775,58.442110,176.505227
8.233000,45.000000,90.000000,x_only_a_port,E3-E4,100.000000,360.000000,2.017231,-357.982769,84.722222,-26.253003,62.617536,40.347826,179.085812
8.233000,45.000000,135.000000,x_only_a_port,E3-E4,98.630137,362.294503,3.995001,-356.004999,80.281690,-39.110502,36.411284,21.815392,166.532721
8.233000,45.000000,0.000000,x_only_a_port,E4-E1,98.630137,360.000000,-5.532944,-365.532944,66.197183,-35.845825,0.000000,0.000000,0.000000
8.233000,45.000000,45.000000,x_only_a_port,E4-E1,100.000000,461.370116,20.452970,20.452970,55.555556,-21.439981,65.685370,53.327949,174.076686
8.233000,45.000000,90.000000,x_only_a_port,E4-E1,100.000000,352.367054,-6.838446,-6.838446,58.333333,-24.946210,68.371754,47.895491,178.265676
8.233000,45.000000,135.000000,x_only_a_port,E4-E1,98.630137,398.660540,-6.838821,-6.838821,53.521127,-39.030947,47.571030,29.593187,156.642879
8.233000,60.000000,0.000000,x_only_a_port,E1-E3,98.630137,758.527796,2.326526,-357.673474,50.704225,-36.593648,0.000000,0.000000,0.000000
8.233000,60.000000,45.000000,x_only_a_port,E1-E3,100.000000,1002.123212,15.026038,-704.973962,65.277778,-20.717286,44.604608,37.881565,89.231071
8.233000,60.000000,90.000000,x_only_a_port,E1-E3,100.000000,252.581997,3.820901,3.820901,54.166667,-34.186645,90.185355,67.315305,177.693065
8.233000,60.000000,135.000000,x_only_a_port,E1-E3,93.150685,368.138005,2.541152,362.541152,67.164179,-41.561136,53.870736,35.548412,171.395654
8.233000,60.000000,0.000000,x_only_a_port,E2-E4,98.630137,794.265489,-1.816190,718.183810,74.647887,-35.339040,0.000000,0.000000,0.000000
8.233000,60.000000,45.000000,x_only_a_port,E2-E4,100.000000,720.000000,-20.016392,699.983608,80.555556,-23.497575,50.765395,37.012998,176.134671
8.233000,60.000000,90.000000,x_only_a_port,E2-E4,100.000000,409.110695,-6.999707,353.000293,70.833333,-25.957008,60.015713,38.679337,169.342006
8.233000,60.000000,135.000000,x_only_a_port,E2-E4,100.000000,379.853201,-3.999852,-3.999852,51.388889,-31.834346,51.923302,32.525247,152.352248
8.233000,60.000000,0.000000,x_only_a_port,E1-E2,100.000000,720.000000,5.584810,-714.415190,90.277778,-30.326476,0.000000,0.000000,0.000000
8.233000,60.000000,45.000000,x_only_a_port,E1-E2,100.000000,747.380222,22.522629,-697.477371,86.111111,-23.497575,35.547063,28.835894,80.160762
8.233000,60.000000,90.000000,x_only_a_port,E1-E2,100.000000,230.513134,13.987518,13.987518,59.722222,-25.604232,51.808743,35.591174,174.781624
8.233000,60.000000,135.000000,x_only_a_port,E1-E2,100.000000,229.625439,10.620771,10.620771,70.833333,-25.043685,45.963838,26.109811,168.558250
8.233000,60.000000,0.000000,x_only_a_port,E2-E3,98.630137,392.205644,-3.258285,-3.258285,63.380282,-36.593648,0.000000,0.000000,0.000000
8.233000,60.000000,45.000000,x_only_a_port,E2-E3,100.000000,387.096418,-7.496591,-7.496591,55.555556,-23.497575,40.702793,30.421942,104.392842
8.233000,60.000000,90.000000,x_only_a_port,E2-E3,100.000000,347.464050,-10.166617,-10.166617,59.722222,-34.312126,69.907605,45.759809,178.661901
8.233000,60.000000,135.000000,x_only_a_port,E2-E3,93.150685,360.000000,-8.079619,351.920381,64.179104,-41.561136,44.349736,25.837202,177.438564
8.233000,60.000000,0.000000,x_only_a_port,E3-E4,97.260274,720.000000,1.442094,721.442094,80.000000,-38.075439,0.000000,0.000000,0.000000
8.233000,60.000000,45.000000,x_only_a_port,E3-E4,100.000000,743.155943,-12.519800,707.480200,86.111111,-18.708636,55.354194,38.922773,168.372554
8.233000,60.000000,90.000000,x_only_a_port,E3-E4,100.000000,360.000000,3.166911,363.166911,83.333333,-34.664902,59.976247,36.141614,174.431844
8.233000,60.000000,135.000000,x_only_a_port,E3-E4,93.150685,435.392824,4.079767,-355.920233,52.238806,-41.561136,40.097036,22.966416,161.855213
8.233000,60.000000,0.000000,x_only_a_port,E4-E1,98.630137,467.033893,-3.768620,-3.768620,60.563380,-35.717508,0.000000,0.000000,0.000000
8.233000,60.000000,45.000000,x_only_a_port,E4-E1,100.000000,384.332681,-2.506237,-2.506237,56.944444,-21.913009,53.864327,38.664026,169.414722
8.233000,60.000000,90.000000,x_only_a_port,E4-E1,100.000000,360.000000,-6.987812,-366.987812,75.000000,-20.207840,56.858372,37.712397,168.641136
8.233000,60.000000,135.000000,x_only_a_port,E4-E1,100.000000,383.155667,-6.620919,-6.620919,59.722222,-31.935758,51.190782,33.726098,131.050790
8.233000,75.000000,0.000000,x_only_a_port,E1-E3,97.260274,844.204282,4.412031,-715.587969,74.285714,-35.845411,0.000000,0.000000,0.000000
8.233000,75.000000,45.000000,x_only_a_port,E1-E3,100.000000,829.344056,7.078341,-712.921659,68.055556,-25.675048,60.453090,45.190453,176.379887
8.233000,75.000000,90.000000,x_only_a_port,E1-E3,100.000000,107.214612,3.241228,3.241228,54.166667,-32.265609,95.292475,73.272852,178.625304
8.233000,75.000000,135.000000,x_only_a_port,E1-E3,97.260274,381.284857,2.304128,362.304128,57.142857,-37.098767,65.612223,48.427802,179.875971
8.233000,75.000000,0.000000,x_only_a_port,E2-E4,98.630137,621.672714,-5.011973,-5.011973,60.563380,-35.379004,0.000000,0.000000,0.000000
8.233000,75.000000,45.000000,x_only_a_port,E2-E4,100.000000,413.348455,-12.057074,347.942926,63.888889,-28.762286,55.826422,36.029976,175.187648
8.233000,75.000000,90.000000,x_only_a_port,E2-E4,98.630137,390.382144,-5.792021,354.207979,67.605634,-36.120739,62.531700,40.108124,172.186340
8.233000,75.000000,135.000000,x_only_a_port,E2-E4,98.630137,386.233806,-3.182000,356.818000,57.746479,-48.843603,62.858727,39.089121,177.599674
8.233000,75.000000,0.000000,x_only_a_port,E1-E2,100.000000,360.000000,1.851547,-358.148453,83.333333,-25.816788,0.000000,0.000000,0.000000
8.233000,75.000000,45.000000,x_only_a_port,E1-E2,100.000000,411.641780,18.198111,-341.801889,87.500000,-28.762286,50.359116,35.632495,151.532976
8.233000,75.000000,90.000000,x_only_a_port,E1-E2,100.000000,296.551396,12.753211,12.753211,63.888889,-22.340847,50.830046,34.875999,170.043462
8.233000,75.000000,135.000000,x_only_a_port,E1-E2,100.000000,290.930321,9.430606,9.430606,61.111111,-29.670119,43.271958,27.184954,178.370517
8.233000,75.000000,0.000000,x_only_a_port,E2-E3,97.260274,618.726412,2.560483,-357.439517,50.000000,-35.845411,0.000000,0.000000,0.000000
8.233000,75.000000,45.000000,x_only_a_port,E2-E3,100.000000,650.602640,-11.119770,-371.119770,51.388889,-28.762286,59.847243,41.890703,172.655899
8.233000,75.000000,90.000000,x_only_a_port,E2-E3,100.000000,336.278264,-9.511983,-9.511983,55.555556,-32.325359,69.739721,51.147430,178.639856
8.233000,75.000000,135.000000,x_only_a_port,E2-E3,97.260274,360.000000,-7.126478,352.873522,60.000000,-37.098767,52.993645,37.431343,153.185770
8.233000,75.000000,0.000000,x_only_a_port,E3-E4,95.890411,720.000000,-7.572456,712.427544,89.855072,-38.528254,0.000000,0.000000,0.000000
8.233000,75.000000,45.000000,x_only_a_port,E3-E4,100.000000,360.000000,-0.937304,359.062696,94.444444,-27.185780,58.198703,37.921101,155.157190
8.233000,75.000000,90.000000,x_only_a_port,E3-E4,98.630137,360.000000,3.719963,363.719963,88.732394,-36.120739,70.989331,49.053826,162.987101
8.233000,75.000000,135.000000,x_only_a_port,E3-E4,95.890411,257.859077,3.944477,3.944477,62.318841,-49.796767,66.161270,45.841377,177.650190
8.233000,75.000000,0.000000,x_only_a_port,E4-E1,98.630137,458.656948,3.160425,3.160425,53.521127,-35.519578,0.000000,0.000000,0.000000
8.233000,75.000000,45.000000,x_only_a_port,E4-E1,100.000000,341.555517,-6.141037,-6.141037,51.388889,-27.185780,35.600246,27.179865,133.625173
8.233000,75.000000,90.000000,x_only_a_port,E4-E1,98.630137,360.000000,-6.961191,-366.961191,70.422535,-36.120739,39.727305,27.135407,141.549296
8.233000,75.000000,135.000000,x_only_a_port,E4-E1,98.630137,376.289447,-6.248606,-6.248606,60.563380,-49.210031,38.642229,25.282254,139.544255
8.233000,90.000000,0.000000,x_only_a_port,E1-E3,100.000000,619.945171,23.565864,-336.434136,56.944444,-19.417064,0.000000,0.000000,0.000000
8.233000,90.000000,45.000000,x_only_a_port,E1-E3,100.000000,740.566759,4.821216,-715.178784,65.277778,-27.442591,61.775614,46.323734,165.709918
8.233000,90.000000,90.000000,x_only_a_port,E1-E3,98.630137,135.025029,2.843821,2.843821,64.788732,-35.975107,93.934216,73.337078,179.837284
8.233000,90.000000,135.000000,x_only_a_port,E1-E3,98.630137,379.642742,2.159941,2.159941,59.154930,-35.635322,67.879194,49.692840,176.525215
8.233000,90.000000,0.000000,x_only_a_port,E2-E4,100.000000,383.883860,-31.332891,328.667109,69.444444,-34.508663,0.000000,0.000000,0.000000
8.233000,90.000000,45.000000,x_only_a_port,E2-E4,100.000000,518.351714,-8.788427,-8.788427,59.722222,-33.647324,71.087069,47.751012,177.776838
8.233000,90.000000,90.000000,x_only_a_port,E2-E4,100.000000,519.029381,-4.841959,-4.841959,59.722222,-23.390977,73.226398,53.382422,177.486194
8.233000,90.000000,135.000000,x_only_a_port,E2-E4,100.000000,532.126192,-2.363373,-2.363373,54.166667,-23.993548,68.382151,49.687941,168.380737
8.233000,90.000000,0.000000,x_only_a_port,E1-E2,98.630137,360.000000,10.879921,-349.120079,69.014085,-35.529817,0.000000,0.000000,0.000000
8.233000,90.000000,45.000000,x_only_a_port,E1-E2,100.000000,423.737639,15.626874,-344.373126,72.222222,-33.647324,54.319250,33.395698,152.520053
8.233000,90.000000,90.000000,x_only_a_port,E1-E2,100.000000,338.238893,11.680781,11.680781,66.666667,-25.830830,48.958281,31.699548,169.748515
8.233000,90.000000,135.000000,x_only_a_port,E1-E2,100.000000,340.442309,7.896316,7.896316,58.333333,-34.596113,35.801037,28.034442,102.363027
8.233000,90.000000,0.000000,x_only_a_port,E2-E3,100.000000,586.100845,12.685943,12.685943,61.111111,-34.508663,0.000000,0.000000,0.000000
8.233000,90.000000,45.000000,x_only_a_port,E2-E3,100.000000,621.051103,-10.805658,-370.805658,55.555556,-33.647324,53.953398,41.153812,156.938715
8.233000,90.000000,90.000000,x_only_a_port,E2-E3,98.630137,326.552540,-8.836960,-8.836960,57.746479,-35.975107,65.811911,51.844240,158.482200
8.233000,90.000000,135.000000,x_only_a_port,E2-E3,100.000000,281.986729,-5.736375,-5.736375,52.777778,-32.861472,52.108826,41.446235,155.791800
8.233000,90.000000,0.000000,x_only_a_port,E3-E4,100.000000,638.898922,-44.018834,315.981166,72.222222,-29.436878,0.000000,0.000000,0.000000
8.233000,90.000000,45.000000,x_only_a_port,E3-E4,100.000000,360.000000,2.017231,362.017231,73.611111,-30.180786,62.828314,46.572182,177.184447
8.233000,90.000000,90.000000,x_only_a_port,E3-E4,98.630137,360.000000,3.995001,363.995001,71.830986,-35.975107,74.002797,54.945992,176.768401
8.233000,90.000000,135.000000,x_only_a_port,E3-E4,100.000000,408.018715,3.373002,3.373002,65.277778,-32.861472,64.442941,49.814547,164.658419
8.233000,90.000000,0.000000,x_only_a_port,E4-E1,100.000000,364.277118,20.452970,20.452970,62.500000,-30.560873,0.000000,0.000000,0.000000
8.233000,90.000000,45.000000,x_only_a_port,E4-E1,100.000000,610.741890,-6.838446,353.161554,50.000000,-30.180786,45.856295,36.627959,165.498457
8.233000,90.000000,90.000000,x_only_a_port,E4-E1,100.000000,320.693500,-6.838821,-6.838821,63.888889,-25.841883,55.725125,40.008770,176.504846
8.233000,90.000000,135.000000,x_only_a_port,E4-E1,100.000000,376.379057,-5.532944,-5.532944,55.555556,-34.596113,55.149450,38.594273,175.402993
8.233000,45.000000,0.000000,y_only_b_port,E1-E3,100.000000,432.227059,1.472185,361.472185,72.222222,-33.999439,0.000000,0.000000,0.000000
8.233000,45.000000,45.000000,y_only_b_port,E1-E3,98.630137,260.532362,-1.276045,-1.276045,52.112676,-36.214574,57.373481,39.733145,162.679355
8.233000,45.000000,90.000000,y_only_b_port,E1-E3,100.000000,237.290731,-5.358900,-5.358900,55.555556,-19.766182,87.268010,60.604833,179.538143
8.233000,45.000000,135.000000,y_only_b_port,E1-E3,100.000000,720.000000,-25.992108,694.007892,73.611111,-23.724550,97.409036,76.069119,179.026476
8.233000,45.000000,0.000000,y_only_b_port,E2-E4,100.000000,563.255104,0.602301,0.602301,66.666667,-22.411972,0.000000,0.000000,0.000000
8.233000,45.000000,45.000000,y_only_b_port,E2-E4,100.000000,494.493467,1.888663,1.888663,70.833333,-34.692688,23.362522,13.863532,74.350940
8.233000,45.000000,90.000000,y_only_b_port,E2-E4,100.000000,396.792116,4.212495,364.212495,76.388889,-29.018753,78.567299,51.795761,174.139794
8.233000,45.000000,135.000000,y_only_b_port,E2-E4,100.000000,1135.712005,16.256000,-703.744000,61.111111,-26.694644,57.806026,47.130378,166.487595
8.233000,45.000000,0.000000,y_only_b_port,E1-E2,100.000000,510.371168,-10.976832,349.023168,51.388889,-24.299807,0.000000,0.000000,0.000000
8.233000,45.000000,45.000000,y_only_b_port,E1-E2,100.000000,267.232395,-13.631807,-13.631807,68.055556,-34.692688,44.922860,26.734116,175.836080
8.233000,45.000000,90.000000,y_only_b_port,E1-E2,100.000000,212.751295,-16.788585,-16.788585,51.388889,-25.679060,60.533560,44.859155,164.800202
8.233000,45.000000,135.000000,y_only_b_port,E1-E2,100.000000,775.651408,-18.752153,701.247847,77.777778,-24.793540,57.286031,40.472608,167.891587
8.233000,45.000000,0.000000,y_only_b_port,E2-E3,100.000000,494.613562,12.449017,12.449017,63.888889,-34.675049,0.000000,0.000000,0.000000
8.233000,45.000000,45.000000,y_only_b_port,E2-E3,98.630137,397.961110,12.355762,12.355762,56.338028,-36.523754,46.711592,28.480355,160.465044
8.233000,45.000000,90.000000,y_only_b_port,E2-E3,100.000000,352.597161,11.429684,11.429684,59.722222,-25.679060,70.090730,49.506314,174.909628
8.233000,45.000000,135.000000,y_only_b_port,E2-E3,100.000000,461.122224,-7.239955,-7.239955,55.555556,-23.014429,65.179025,52.292776,178.909591
8.233000,45.000000,0.000000,y_only_b_port,E3-E4,98.630137,379.464625,-11.846716,-11.846716,69.014085,-35.729542,0.000000,0.000000,0.000000
8.233000,45.000000,45.000000,y_only_b_port,E3-E4,98.630137,362.835904,-10.467099,349.532901,78.873239,-36.518080,30.404006,18.089302,160.167082
8.233000,45.000000,90.000000,y_only_b_port,E3-E4,100.000000,360.549881,-7.217189,352.782811,83.333333,-28.975027,60.289799,39.808906,173.246930
8.233000,45.000000,135.000000,y_only_b_port,E3-E4,100.000000,816.729166,23.495955,-696.504045,72.222222,-20.944665,76.488605,56.460331,176.051946
8.233000,45.000000,0.000000,y_only_b_port,E4-E1,100.000000,360.000000,10.374531,-349.625469,66.666667,-25.354299,0.000000,0.000000,0.000000
8.233000,45.000000,45.000000,y_only_b_port,E4-E1,100.000000,344.611945,11.743144,11.743144,52.777778,-28.462034,53.356074,36.230462,174.544242
8.233000,45.000000,90.000000,y_only_b_port,E4-E1,100.000000,360.000000,12.576089,-347.423911,69.444444,-28.975027,62.141702,41.407515,133.322132
8.233000,45.000000,135.000000,y_only_b_port,E4-E1,100.000000,506.213352,2.496153,2.496153,54.166667,-25.625654,73.356089,55.786600,179.440457
8.233000,60.000000,0.000000,y_only_b_port,E1-E3,100.000000,392.234558,0.512506,360.512506,79.166667,-34.242963,0.000000,0.000000,0.000000
8.233000,60.000000,45.000000,y_only_b_port,E1-E3,100.000000,531.626337,-2.268647,-362.268647,51.388889,-34.454817,64.350009,44.402933,169.080772
8.233000,60.000000,90.000000,y_only_b_port,E1-E3,100.000000,192.563597,-8.725635,-8.725635,51.388889,-21.160641,93.534266,69.484669,179.225905
8.233000,60.000000,135.000000,y_only_b_port,E1-E3,100.000000,720.000000,0.777000,720.777000,94.444444,-23.733612,71.974454,52.673661,145.118395
8.233000,60.000000,0.000000,y_only_b_port,E2-E4,100.000000,593.374805,1.015094,1.015094,66.666667,-24.343408,0.000000,0.000000,0.000000
8.233000,60.000000,45.000000,y_only_b_port,E2-E4,100.000000,547.548668,2.415817,2.415817,68.055556,-31.942385,16.368923,11.460535,44.439404
8.233000,60.000000,90.000000,y_only_b_port,E2-E4,100.000000,720.000000,6.403189,726.403189,80.555556,-26.770624,68.010962,47.555737,174.941487
8.233000,60.000000,135.000000,y_only_b_port,E2-E4,97.260274,634.700635,1.318636,1.318636,50.000000,-42.802755,45.691794,31.537311,161.063988
8.233000,60.000000,0.000000,y_only_b_port,E1-E2,100.000000,552.958885,-12.007270,347.992730,68.055556,-24.268099,0.000000,0.000000,0.000000
8.233000,60.000000,45.000000,y_only_b_port,E1-E2,100.000000,355.618630,-14.450666,-14.450666,79.166667,-31.942385,48.428603,29.848329,172.089477
8.233000,60.000000,90.000000,y_only_b_port,E1-E2,100.000000,360.000000,-19.081224,-379.081224,79.166667,-26.960775,68.036058,48.449325,175.333765
8.233000,60.000000,135.000000,y_only_b_port,E1-E2,98.630137,577.924172,-7.967331,352.032669,66.197183,-39.662476,40.622761,29.144053,105.943750
8.233000,60.000000,0.000000,y_only_b_port,E2-E3,100.000000,360.000000,12.519777,372.519777,70.833333,-34.900383,0.000000,0.000000,0.000000
8.233000,60.000000,45.000000,y_only_b_port,E2-E3,98.630137,443.558726,12.182019,12.182019,60.563380,-35.022005,41.090471,23.341151,167.307293
8.233000,60.000000,90.000000,y_only_b_port,E2-E3,100.000000,360.000000,10.355589,370.355589,61.111111,-26.770624,60.384735,40.889214,169.900467
8.233000,60.000000,135.000000,y_only_b_port,E2-E3,98.630137,420.544554,8.744332,8.744332,73.239437,-39.213218,69.629789,42.828836,174.662005
8.233000,60.000000,0.000000,y_only_b_port,E3-E4,100.000000,326.970743,-11.504683,-11.504683,72.222222,-34.975693,0.000000,0.000000,0.000000
8.233000,60.000000,45.000000,y_only_b_port,E3-E4,100.000000,360.000000,-9.766202,350.233798,84.722222,-34.935364,45.001137,26.151665,164.293919
8.233000,60.000000,90.000000,y_only_b_port,E3-E4,100.000000,360.000000,-3.952400,356.047600,81.944444,-23.449715,70.294616,51.002003,174.383884
8.233000,60.000000,135.000000,y_only_b_port,E3-E4,100.000000,848.150932,-7.425696,-727.425696,65.277778,-28.908181,64.820439,41.384384,172.678512
8.233000,60.000000,0.000000,y_only_b_port,E4-E1,100.000000,360.000000,10.992177,-349.007823,83.333333,-23.667890,0.000000,0.000000,0.000000
8.233000,60.000000,45.000000,y_only_b_port,E4-E1,100.000000,333.091943,12.034850,12.034850,54.166667,-25.949016,53.563925,35.807487,175.484027
8.233000,60.000000,90.000000,y_only_b_port,E4-E1,100.000000,362.766504,12.678035,-347.321965,65.277778,-23.850290,72.168797,49.163148,179.647504
8.233000,60.000000,135.000000,y_only_b_port,E4-E1,100.000000,417.768902,6.648696,6.648696,61.111111,-28.908181,57.113299,39.714025,170.037220
8.233000,75.000000,0.000000,y_only_b_port,E1-E3,98.630137,389.077884,-0.381858,359.618142,98.591549,-35.127755,0.000000,0.000000,0.000000
8.233000,75.000000,45.000000,y_only_b_port,E1-E3,100.000000,252.383875,-3.518048,-3.518048,79.166667,-34.363828,50.941123,31.274223,164.342915
8.233000,75.000000,90.000000,y_only_b_port,E1-E3,100.000000,720.000000,-17.015079,702.984921,93.055556,-28.591470,100.630099,78.027960,169.381768
8.233000,75.000000,135.000000,y_only_b_port,E1-E3,100.000000,720.000000,2.383362,722.383362,97.222222,-32.442366,57.591284,42.532636,153.233018
8.233000,75.000000,0.000000,y_only_b_port,E2-E4,100.000000,616.719387,1.438218,1.438218,66.666667,-26.710602,0.000000,0.000000,0.000000
8.233000,75.000000,45.000000,y_only_b_port,E2-E4,100.000000,592.506553,3.115412,3.115412,66.666667,-25.850766,13.832058,10.885763,28.758699
8.233000,75.000000,90.000000,y_only_b_port,E2-E4,100.000000,720.000000,12.615436,732.615436,75.000000,-28.630848,72.788535,53.051394,171.530130
8.233000,75.000000,135.000000,y_only_b_port,E2-E4,100.000000,720.000000,0.301452,720.301452,63.888889,-31.530934,31.157791,20.236924,120.520612
8.233000,75.000000,0.000000,y_only_b_port,E1-E2,100.000000,597.067416,-12.850493,347.149507,65.277778,-28.232236,0.000000,0.000000,0.000000
8.233000,75.000000,45.000000,y_only_b_port,E1-E2,98.630137,591.462964,-15.428615,344.571385,63.380282,-35.295315,45.392564,26.255648,138.834767
8.233000,75.000000,90.000000,y_only_b_port,E1-E2,100.000000,323.515359,-23.721717,-23.721717,54.166667,-28.591470,88.043057,61.362087,179.521775
8.233000,75.000000,135.000000,y_only_b_port,E1-E2,100.000000,276.675551,-9.566370,-9.566370,58.333333,-27.314427,41.094839,26.395917,120.866872
8.233000,75.000000,0.000000,y_only_b_port,E2-E3,98.630137,377.379599,12.468635,12.468635,74.647887,-36.008256,0.000000,0.000000,0.000000
8.233000,75.000000,45.000000,y_only_b_port,E2-E3,100.000000,710.381180,11.910567,-348.089433,66.666667,-34.975169,37.740175,17.611077,161.577579
8.233000,75.000000,90.000000,y_only_b_port,E2-E3,100.000000,720.000000,6.706638,726.706638,73.611111,-23.801302,56.923650,38.055418,165.893171
8.233000,75.000000,135.000000,y_only_b_port,E2-E3,100.000000,720.000000,11.949732,731.949732,90.277778,-33.583912,46.506223,26.418705,178.837115
8.233000,75.000000,0.000000,y_only_b_port,E3-E4,98.630137,312.081502,-11.030418,-11.030418,71.830986,-35.995836,0.000000,0.000000,0.000000
8.233000,75.000000,45.000000,y_only_b_port,E3-E4,100.000000,360.000000,-8.795155,351.204845,80.555556,-34.772623,43.646351,21.812990,179.139486
8.233000,75.000000,90.000000,y_only_b_port,E3-E4,100.000000,349.353530,5.908798,5.908798,51.388889,-28.225018,78.012520,55.757956,179.195051
8.233000,75.000000,135.000000,y_only_b_port,E3-E4,100.000000,536.072803,-11.648280,-371.648280,51.388889,-34.068046,52.939112,31.038918,165.913481
8.233000,75.000000,0.000000,y_only_b_port,E4-E1,100.000000,360.000000,11.412275,-348.587725,86.111111,-28.219816,0.000000,0.000000,0.000000
8.233000,75.000000,45.000000,y_only_b_port,E4-E1,98.630137,360.000000,12.313203,-347.686797,74.647887,-35.092769,47.087668,27.427719,152.145824
8.233000,75.000000,90.000000,y_only_b_port,E4-E1,100.000000,720.000000,11.106281,-708.893719,81.944444,-30.677411,73.085309,53.292091,176.823112
8.233000,75.000000,135.000000,y_only_b_port,E4-E1,100.000000,360.000000,9.264918,-350.735082,80.555556,-31.530934,47.320254,27.242923,168.892020
8.233000,90.000000,0.000000,y_only_b_port,E1-E3,98.630137,164.527509,-1.276045,-1.276045,60.563380,-38.982547,0.000000,0.000000,0.000000
8.233000,90.000000,45.000000,y_only_b_port,E1-E3,100.000000,328.965541,-5.358900,-5.358900,59.722222,-34.741337,68.386272,47.509033,176.629918
8.233000,90.000000,90.000000,y_only_b_port,E1-E3,100.000000,381.599461,-25.992108,334.007892,90.277778,-29.839704,115.445876,103.943687,167.803318
8.233000,90.000000,135.000000,y_only_b_port,E1-E3,97.260274,517.263634,1.472185,361.472185,90.000000,-42.010532,56.671951,38.898931,177.004044
8.233000,90.000000,0.000000,y_only_b_port,E2-E4,100.000000,612.455738,1.888663,1.888663,66.666667,-28.651519,0.000000,0.000000,0.000000
8.233000,90.000000,45.000000,y_only_b_port,E2-E4,100.000000,633.252087,4.212495,4.212495,66.666667,-23.360377,10.197357,7.816977,31.088400
8.233000,90.000000,90.000000,y_only_b_port,E2-E4,100.000000,561.471361,16.256000,16.256000,55.555556,-20.089462,79.977525,58.796913,179.582926
8.233000,90.000000,135.000000,y_only_b_port,E2-E4,100.000000,720.000000,0.602301,720.602301,79.166667,-34.520761,18.718829,10.044888,88.388089
8.233000,90.000000,0.000000,y_only_b_port,E1-E2,98.630137,657.658405,-13.631807,346.368193,66.197183,-40.114504,0.000000,0.000000,0.000000
8.233000,90.000000,45.000000,y_only_b_port,E1-E2,98.630137,359.517454,-16.788585,-16.788585,63.380282,-35.548296,49.070045,25.998688,173.167928
8.233000,90.000000,90.000000,y_only_b_port,E1-E2,100.000000,526.627264,-18.752153,341.247847,59.722222,-19.262262,79.884109,61.865254,178.313107
8.233000,90.000000,135.000000,y_only_b_port,E1-E2,100.000000,297.304413,-10.976832,-10.976832,62.500000,-27.980980,39.708722,22.921151,130.776252
8.233000,90.000000,0.000000,y_only_b_port,E2-E3,100.000000,338.700234,12.355762,12.355762,77.777778,-32.586675,0.000000,0.000000,0.000000
8.233000,90.000000,45.000000,y_only_b_port,E2-E3,100.000000,446.903646,11.429684,11.429684,68.055556,-31.746266,46.650102,26.229962,118.333527
8.233000,90.000000,90.000000,y_only_b_port,E2-E3,100.000000,440.077525,-7.239955,-7.239955,58.333333,-27.538209,57.616119,47.519837,129.133359
8.233000,90.000000,135.000000,y_only_b_port,E2-E3,97.260274,365.107996,12.449017,372.449017,82.857143,-42.825569,41.757749,21.485410,177.807936
8.233000,90.000000,0.000000,y_only_b_port,E3-E4,100.000000,327.897209,-10.467099,-10.467099,70.833333,-32.521969,0.000000,0.000000,0.000000
8.233000,90.000000,45.000000,y_only_b_port,E3-E4,100.000000,321.159227,-7.217189,-7.217189,62.500000,-31.323847,46.801291,26.004294,121.411355
8.233000,90.000000,90.000000,y_only_b_port,E3-E4,100.000000,237.773091,23.495955,23.495955,58.333333,-27.538209,89.315429,71.581285,178.006604
8.233000,90.000000,135.000000,y_only_b_port,E3-E4,97.260274,360.000000,-11.846716,348.153284,74.285714,-43.126334,43.379913,21.532967,177.619726
8.233000,90.000000,0.000000,y_only_b_port,E4-E1,98.630137,360.000000,11.743144,-348.256856,87.323944,-40.049799,0.000000,0.000000,0.000000
8.233000,90.000000,45.000000,y_only_b_port,E4-E1,98.630137,360.000000,12.576089,-347.423911,73.239437,-35.125876,46.666170,27.413206,171.253802
8.233000,90.000000,90.000000,y_only_b_port,E4-E1,100.000000,360.000000,2.496153,-357.503847,63.888889,-22.929762,59.221497,48.392197,150.368867
8.233000,90.000000,135.000000,y_only_b_port,E4-E1,100.000000,720.000000,10.374531,-709.625469,91.666667,-34.520761,36.058134,21.059121,136.747624
8.233000,45.000000,0.000000,dualpol_vector_correlation,E1-E3,100.000000,541.350751,1.861510,1.861510,69.444444,-19.349785,0.000000,0.000000,0.000000
8.233000,45.000000,45.000000,dualpol_vector_correlation,E1-E3,100.000000,646.207946,-0.539690,-360.539690,54.166667,-22.183016,62.346085,43.027112,164.794482
8.233000,45.000000,90.000000,dualpol_vector_correlation,E1-E3,100.000000,318.016339,-0.142938,-0.142938,65.277778,-17.409095,69.125627,44.404823,177.507987
8.233000,45.000000,135.000000,dualpol_vector_correlation,E1-E3,100.000000,365.667421,2.128416,362.128416,77.777778,-22.773547,38.670387,23.641908,154.181815
8.233000,45.000000,0.000000,dualpol_vector_correlation,E2-E4,100.000000,538.294115,-0.689283,-0.689283,69.444444,-19.846476,0.000000,0.000000,0.000000
8.233000,45.000000,45.000000,dualpol_vector_correlation,E2-E4,100.000000,365.533506,0.952828,360.952828,77.777778,-23.411332,37.139918,22.718229,141.864826
8.233000,45.000000,90.000000,dualpol_vector_correlation,E2-E4,100.000000,312.184752,-2.141761,-2.141761,65.277778,-18.052018,72.599467,47.241299,176.057434
8.233000,45.000000,135.000000,dualpol_vector_correlation,E2-E4,100.000000,642.838087,-4.147556,-364.147556,54.166667,-22.408128,62.616712,43.671926,166.250436
8.233000,45.000000,0.000000,dualpol_vector_correlation,E1-E2,100.000000,358.929047,-1.544035,-1.544035,54.166667,-19.832597,0.000000,0.000000,0.000000
8.233000,45.000000,45.000000,dualpol_vector_correlation,E1-E2,100.000000,369.985012,-12.915945,-372.915945,76.388889,-22.624837,55.869679,36.361895,167.341954
8.233000,45.000000,90.000000,dualpol_vector_correlation,E1-E2,100.000000,365.121800,-0.505416,-360.505416,58.333333,-17.731736,80.956249,41.075961,178.249014
8.233000,45.000000,135.000000,dualpol_vector_correlation,E1-E2,100.000000,363.919089,10.784527,370.784527,79.166667,-22.532923,56.298081,37.599371,174.784405
8.233000,45.000000,0.000000,dualpol_vector_correlation,E2-E3,100.000000,360.000000,2.729608,362.729608,73.611111,-19.922581,0.000000,0.000000,0.000000
8.233000,45.000000,45.000000,dualpol_vector_correlation,E2-E3,100.000000,357.018712,12.368242,12.368242,62.500000,-22.084608,41.179352,22.772691,164.234240
8.233000,45.000000,90.000000,dualpol_vector_correlation,E2-E3,100.000000,360.000000,1.010830,361.010830,76.388889,-17.731736,31.163933,19.248824,105.223598
8.233000,45.000000,135.000000,dualpol_vector_correlation,E2-E3,100.000000,370.740629,-8.800609,-8.800609,59.722222,-22.724944,49.769046,29.853141,176.665272
8.233000,45.000000,0.000000,dualpol_vector_correlation,E3-E4,100.000000,208.048198,-4.208835,-4.208835,65.277778,-18.593715,0.000000,0.000000,0.000000
8.233000,45.000000,45.000000,dualpol_vector_correlation,E3-E4,100.000000,363.934238,-11.426133,348.573867,81.944444,-23.290192,49.312374,33.415952,122.924561
8.233000,45.000000,90.000000,dualpol_vector_correlation,E3-E4,100.000000,361.526254,-2.610405,-362.610405,77.777778,-18.052018,77.862197,38.276550,179.960727
8.233000,45.000000,135.000000,dualpol_vector_correlation,E3-E4,100.000000,363.251286,4.535320,-355.464680,86.111111,-22.724944,50.571238,34.194814,131.952670
8.233000,45.000000,0.000000,dualpol_vector_correlation,E4-E1,100.000000,360.000000,2.941908,-357.058092,73.611111,-19.273680,0.000000,0.000000,0.000000
8.233000,45.000000,45.000000,dualpol_vector_correlation,E4-E1,100.000000,369.206398,11.950636,11.950636,58.333333,-23.290192,51.454962,30.640505,170.783628
8.233000,45.000000,90.000000,dualpol_vector_correlation,E4-E1,100.000000,360.000000,2.238275,-357.761725,75.000000,-18.052018,31.443559,18.848719,105.325903
8.233000,45.000000,135.000000,dualpol_vector_correlation,E4-E1,100.000000,353.359951,-6.485224,-6.485224,62.500000,-20.988887,42.271871,23.802583,160.428915
8.233000,60.000000,0.000000,dualpol_vector_correlation,E1-E3,100.000000,365.725683,1.106104,1.106104,65.277778,-17.173953,0.000000,0.000000,0.000000
8.233000,60.000000,45.000000,dualpol_vector_correlation,E1-E3,100.000000,902.293910,-0.910781,-720.910781,58.333333,-22.799188,53.671597,35.708609,164.104726
8.233000,60.000000,90.000000,dualpol_vector_correlation,E1-E3,100.000000,188.650792,0.698785,0.698785,58.333333,-16.396783,85.764898,60.824358,177.464994
8.233000,60.000000,135.000000,dualpol_vector_correlation,E1-E3,100.000000,720.000000,2.412350,722.412350,87.500000,-27.793843,60.805037,38.928805,158.805870
8.233000,60.000000,0.000000,dualpol_vector_correlation,E2-E4,100.000000,563.133327,0.402126,0.402126,66.666667,-23.890476,0.000000,0.000000,0.000000
8.233000,60.000000,45.000000,dualpol_vector_correlation,E2-E4,100.000000,364.258719,0.326897,360.326897,69.444444,-21.464293,25.333674,14.932655,104.458452
8.233000,60.000000,90.000000,dualpol_vector_correlation,E2-E4,100.000000,720.000000,-3.400888,716.599112,79.166667,-19.711444,65.166460,44.050919,172.067237
8.233000,60.000000,135.000000,dualpol_vector_correlation,E2-E4,100.000000,407.952485,-3.353255,-3.353255,52.777778,-20.272744,65.530866,42.876672,178.573306
8.233000,60.000000,0.000000,dualpol_vector_correlation,E1-E2,100.000000,300.177207,-7.255686,-7.255686,76.388889,-23.890476,0.000000,0.000000,0.000000
8.233000,60.000000,45.000000,dualpol_vector_correlation,E1-E2,100.000000,360.000000,-11.325457,-371.325457,90.277778,-23.510152,46.823448,27.924617,177.152140
8.233000,60.000000,90.000000,dualpol_vector_correlation,E1-E2,100.000000,237.299163,5.626652,5.626652,66.666667,-19.509905,69.177782,45.035313,175.621877
8.233000,60.000000,135.000000,dualpol_vector_correlation,E1-E2,100.000000,460.824246,8.780524,368.780524,51.388889,-20.098158,59.111158,36.115400,178.493624
8.233000,60.000000,0.000000,dualpol_vector_correlation,E2-E3,100.000000,360.000000,7.781784,367.781784,69.444444,-23.890476,0.000000,0.000000,0.000000
8.233000,60.000000,45.000000,dualpol_vector_correlation,E2-E3,100.000000,332.523975,10.721510,10.721510,62.500000,-21.464293,35.830558,19.994346,127.491986
8.233000,60.000000,90.000000,dualpol_vector_correlation,E2-E3,100.000000,360.000000,-4.377381,355.622619,73.611111,-19.509905,41.372905,29.055507,115.728935
8.233000,60.000000,135.000000,dualpol_vector_correlation,E2-E3,100.000000,368.211756,-6.824126,353.175874,72.222222,-27.784652,64.139350,37.477683,173.979418
8.233000,60.000000,0.000000,dualpol_vector_correlation,E3-E4,100.000000,360.000000,-8.082959,351.917041,83.333333,-17.405316,0.000000,0.000000,0.000000
8.233000,60.000000,45.000000,dualpol_vector_correlation,E3-E4,100.000000,360.000000,-9.999160,350.000840,91.666667,-20.523042,43.231988,26.845933,146.682110
8.233000,60.000000,90.000000,dualpol_vector_correlation,E3-E4,100.000000,360.000000,1.313262,361.313262,83.333333,-18.051378,62.931311,42.261805,167.873704
8.233000,60.000000,135.000000,dualpol_vector_correlation,E3-E4,100.000000,438.952016,3.058646,-356.941354,58.333333,-27.784652,65.586375,41.845235,165.847785
8.233000,60.000000,0.000000,dualpol_vector_correlation,E4-E1,100.000000,360.000000,7.500347,-352.499653,77.777778,-17.323749,0.000000,0.000000,0.000000
8.233000,60.000000,45.000000,dualpol_vector_correlation,E4-E1,100.000000,344.494652,10.593352,10.593352,61.111111,-23.383268,46.249122,27.294833,165.069464
8.233000,60.000000,90.000000,dualpol_vector_correlation,E4-E1,100.000000,360.000000,-2.381055,-362.381055,75.000000,-18.051378,34.152344,21.220683,116.888943
8.233000,60.000000,135.000000,dualpol_vector_correlation,E4-E1,100.000000,390.003940,-5.065560,-5.065560,62.500000,-20.394135,43.251347,24.314878,172.564250
8.233000,75.000000,0.000000,dualpol_vector_correlation,E1-E3,100.000000,357.049106,0.220914,0.220914,83.333333,-16.174016,0.000000,0.000000,0.000000
8.233000,75.000000,45.000000,dualpol_vector_correlation,E1-E3,100.000000,807.970349,-0.754572,-720.754572,52.777778,-22.481359,44.892657,27.545599,167.445511
8.233000,75.000000,90.000000,dualpol_vector_correlation,E1-E3,100.000000,479.052024,1.519487,361.519487,70.833333,-15.370807,83.029886,56.640253,178.495538
8.233000,75.000000,135.000000,dualpol_vector_correlation,E1-E3,100.000000,539.334714,2.321501,362.321501,80.555556,-25.114365,50.535709,29.871031,179.502136
8.233000,75.000000,0.000000,dualpol_vector_correlation,E2-E4,100.000000,588.040046,0.981716,0.981716,66.666667,-26.557953,0.000000,0.000000,0.000000
8.233000,75.000000,45.000000,dualpol_vector_correlation,E2-E4,100.000000,542.270842,-0.782090,-0.782090,63.888889,-19.055272,22.332403,13.395571,113.248790
8.233000,75.000000,90.000000,dualpol_vector_correlation,E2-E4,100.000000,388.865112,-4.162532,355.837468,65.277778,-19.861053,72.879623,45.487836,168.728602
8.233000,75.000000,135.000000,dualpol_vector_correlation,E2-E4,100.000000,720.000000,-2.062638,717.937362,73.611111,-22.964613,31.332606,18.477756,129.741358
8.233000,75.000000,0.000000,dualpol_vector_correlation,E1-E2,100.000000,302.804143,-11.393655,-11.393655,76.388889,-26.557953,0.000000,0.000000,0.000000
8.233000,75.000000,45.000000,dualpol_vector_correlation,E1-E2,100.000000,303.005054,-6.809543,-6.809543,70.833333,-23.444935,38.151784,21.146696,151.302924
8.233000,75.000000,90.000000,dualpol_vector_correlation,E1-E2,100.000000,290.307066,9.713947,9.713947,66.666667,-19.713300,64.471788,40.875183,170.445099
8.233000,75.000000,135.000000,dualpol_vector_correlation,E1-E2,100.000000,360.000000,4.295803,-355.704197,83.333333,-18.877039,43.757453,23.885424,164.784855
8.233000,75.000000,0.000000,dualpol_vector_correlation,E2-E3,100.000000,394.582765,11.276543,11.276543,68.055556,-26.557953,0.000000,0.000000,0.000000
8.233000,75.000000,45.000000,dualpol_vector_correlation,E2-E3,100.000000,328.931822,6.595715,6.595715,66.666667,-19.055272,38.273758,21.454852,166.685732
8.233000,75.000000,90.000000,dualpol_vector_correlation,E2-E3,100.000000,360.000000,-7.953300,352.046700,69.444444,-19.713300,48.102054,33.073930,165.820938
8.233000,75.000000,135.000000,dualpol_vector_correlation,E2-E3,100.000000,366.494439,-2.606687,357.393313,76.388889,-25.114365,59.299364,33.795126,179.210038
8.233000,75.000000,0.000000,dualpol_vector_correlation,E3-E4,100.000000,360.000000,-10.719110,349.280890,79.166667,-19.338770,0.000000,0.000000,0.000000
8.233000,75.000000,45.000000,dualpol_vector_correlation,E3-E4,100.000000,360.000000,-6.773516,353.226484,90.277778,-18.813039,40.278617,23.321818,154.324921
8.233000,75.000000,90.000000,dualpol_vector_correlation,E3-E4,100.000000,360.000000,3.913039,363.913039,90.277778,-19.489405,57.514966,36.343334,168.488960
8.233000,75.000000,135.000000,dualpol_vector_correlation,E3-E4,100.000000,278.079661,-0.131809,-0.131809,63.888889,-25.114365,40.310917,22.164409,165.743925
8.233000,75.000000,0.000000,dualpol_vector_correlation,E4-E1,100.000000,360.000000,10.802676,-349.197324,81.944444,-19.338770,0.000000,0.000000,0.000000
8.233000,75.000000,45.000000,dualpol_vector_correlation,E4-E1,100.000000,327.621419,7.030795,7.030795,68.055556,-23.271896,40.237235,23.808089,170.724224
8.233000,75.000000,90.000000,dualpol_vector_correlation,E4-E1,100.000000,360.000000,-5.539212,-365.539212,76.388889,-19.489405,32.880755,19.824249,115.589801
8.233000,75.000000,135.000000,dualpol_vector_correlation,E4-E1,100.000000,365.580181,-1.644016,-1.644016,65.277778,-22.964613,39.209390,21.828780,171.077135
8.233000,90.000000,0.000000,dualpol_vector_correlation,E1-E3,100.000000,376.427629,-0.539690,-360.539690,59.722222,-16.617316,0.000000,0.000000,0.000000
8.233000,90.000000,45.000000,dualpol_vector_correlation,E1-E3,100.000000,573.453348,-0.142938,-360.142938,80.555556,-21.378743,38.712264,21.433709,154.538512
8.233000,90.000000,90.000000,dualpol_vector_correlation,E1-E3,100.000000,531.578711,2.128416,362.128416,70.833333,-16.122226,67.281290,39.727889,176.749532
8.233000,90.000000,135.000000,dualpol_vector_correlation,E1-E3,100.000000,552.592021,1.861510,361.861510,79.166667,-21.834106,41.059792,22.784002,164.198760
8.233000,90.000000,0.000000,dualpol_vector_correlation,E2-E4,100.000000,608.413655,0.952828,0.952828,66.666667,-23.632260,0.000000,0.000000,0.000000
8.233000,90.000000,45.000000,dualpol_vector_correlation,E2-E4,100.000000,360.000000,-2.141761,357.858239,70.833333,-20.075098,25.788728,14.557989,123.098491
8.233000,90.000000,90.000000,dualpol_vector_correlation,E2-E4,100.000000,521.450364,-4.147556,-4.147556,59.722222,-22.952686,73.770158,46.542222,169.856744
8.233000,90.000000,135.000000,dualpol_vector_correlation,E2-E4,100.000000,720.000000,-0.689283,719.310717,65.277778,-20.959862,31.541883,16.339655,167.193555
8.233000,90.000000,0.000000,dualpol_vector_correlation,E1-E2,100.000000,329.216304,-12.915945,-12.915945,75.000000,-22.470082,0.000000,0.000000,0.000000
8.233000,90.000000,45.000000,dualpol_vector_correlation,E1-E2,100.000000,327.966689,-0.505416,-0.505416,66.666667,-22.290100,39.741743,22.191750,152.555366
8.233000,90.000000,90.000000,dualpol_vector_correlation,E1-E2,100.000000,329.424309,10.784527,10.784527,65.277778,-20.123108,49.322678,31.092825,163.944630
8.233000,90.000000,135.000000,dualpol_vector_correlation,E1-E2,100.000000,360.000000,-1.544035,-361.544035,80.555556,-18.540815,35.370213,22.396212,143.143528
8.233000,90.000000,0.000000,dualpol_vector_correlation,E2-E3,100.000000,656.068795,12.368242,-347.631758,63.888889,-22.470082,0.000000,0.000000,0.000000
8.233000,90.000000,45.000000,dualpol_vector_correlation,E2-E3,100.000000,312.542592,1.010830,1.010830,66.666667,-20.075098,32.793787,17.827383,140.769499
8.233000,90.000000,90.000000,dualpol_vector_correlation,E2-E3,100.000000,332.093074,-8.800609,-8.800609,63.888889,-20.106349,50.056184,31.923641,155.488166
8.233000,90.000000,135.000000,dualpol_vector_correlation,E2-E3,100.000000,360.000000,2.729608,362.729608,70.833333,-21.881287,45.461116,26.438346,155.534171
8.233000,90.000000,0.000000,dualpol_vector_correlation,E3-E4,100.000000,360.000000,-11.426133,348.573867,79.166667,-23.452408,0.000000,0.000000,0.000000
8.233000,90.000000,45.000000,dualpol_vector_correlation,E3-E4,100.000000,373.765428,-2.610405,357.389595,75.000000,-18.773178,34.101615,19.529244,123.042820
8.233000,90.000000,90.000000,dualpol_vector_correlation,E3-E4,100.000000,328.971110,4.535320,4.535320,62.500000,-22.952686,48.050344,28.369052,167.641834
8.233000,90.000000,135.000000,dualpol_vector_correlation,E3-E4,100.000000,300.224618,-4.208835,-4.208835,72.222222,-21.939805,45.482147,24.437563,177.834996
8.233000,90.000000,0.000000,dualpol_vector_correlation,E4-E1,100.000000,360.000000,11.950636,-348.049364,84.722222,-23.452408,0.000000,0.000000,0.000000
8.233000,90.000000,45.000000,dualpol_vector_correlation,E4-E1,100.000000,308.986530,2.238275,2.238275,65.277778,-22.093248,32.852682,20.051706,145.755243
8.233000,90.000000,90.000000,dualpol_vector_correlation,E4-E1,100.000000,340.206358,-6.485224,-6.485224,68.055556,-22.952686,39.143555,23.270638,176.560199
8.233000,90.000000,135.000000,dualpol_vector_correlation,E4-E1,100.000000,339.462570,2.941908,2.941908,68.055556,-20.959862,37.747659,19.350805,161.157699
8.233000,45.000000,0.000000,dualpol_known_pol_vector,E1-E3,100.000000,569.058622,2.159941,2.159941,66.666667,-22.149051,0.000000,0.000000,0.000000
8.233000,45.000000,45.000000,dualpol_known_pol_vector,E1-E3,100.000000,256.105769,-2.441374,-2.441374,55.555556,-25.146886,77.599930,60.679790,179.310057
8.233000,45.000000,90.000000,dualpol_known_pol_vector,E1-E3,100.000000,237.290731,-5.358900,-5.358900,55.555556,-19.766182,78.571823,61.677261,176.859999
8.233000,45.000000,135.000000,dualpol_known_pol_vector,E1-E3,100.000000,366.069660,-0.268080,359.731920,69.444444,-29.806362,37.747947,24.231424,177.697379
8.233000,45.000000,0.000000,dualpol_known_pol_vector,E2-E4,98.630137,720.000000,-2.363373,717.636627,73.239437,-35.262601,0.000000,0.000000,0.000000
8.233000,45.000000,45.000000,dualpol_known_pol_vector,E2-E4,97.260274,720.000000,3.121646,723.121646,88.571429,-42.164395,81.534754,62.180944,175.746669
8.233000,45.000000,90.000000,dualpol_known_pol_vector,E2-E4,100.000000,396.792116,4.212495,364.212495,76.388889,-29.018753,58.301601,43.298524,166.537566
8.233000,45.000000,135.000000,dualpol_known_pol_vector,E2-E4,100.000000,1054.362912,-1.901670,-721.901670,59.722222,-29.472686,71.061512,49.073458,176.710381
8.233000,45.000000,0.000000,dualpol_known_pol_vector,E1-E2,100.000000,516.307986,7.896316,-352.103684,52.777778,-23.773373,0.000000,0.000000,0.000000
8.233000,45.000000,45.000000,dualpol_known_pol_vector,E1-E2,97.260274,360.000000,-14.673841,-374.673841,81.428571,-42.164395,62.693569,49.670407,171.733207
8.233000,45.000000,90.000000,dualpol_known_pol_vector,E1-E2,100.000000,212.751295,-16.788585,-16.788585,51.388889,-25.679060,74.954966,55.549637,174.204516
8.233000,45.000000,135.000000,dualpol_known_pol_vector,E1-E2,100.000000,739.365008,9.947545,729.947545,69.444444,-29.635975,62.764362,38.811433,177.799021
8.233000,45.000000,0.000000,dualpol_known_pol_vector,E2-E3,100.000000,360.000000,-5.736375,354.263625,69.444444,-25.156211,0.000000,0.000000,0.000000
8.233000,45.000000,45.000000,dualpol_known_pol_vector,E2-E3,97.260274,389.465839,12.232468,372.232468,71.428571,-42.164395,57.073997,31.040541,171.721310
8.233000,45.000000,90.000000,dualpol_known_pol_vector,E2-E3,100.000000,352.597161,11.429684,11.429684,59.722222,-25.679060,48.782811,31.092949,175.999159
8.233000,45.000000,135.000000,dualpol_known_pol_vector,E2-E3,100.000000,745.635885,-10.215626,-370.215626,52.777778,-29.317453,57.495821,35.856180,176.777476
8.233000,45.000000,0.000000,dualpol_known_pol_vector,E3-E4,98.630137,583.732797,3.373002,363.373002,63.380282,-37.228663,0.000000,0.000000,0.000000
8.233000,45.000000,45.000000,dualpol_known_pol_vector,E3-E4,100.000000,360.000000,-9.110822,350.889178,88.888889,-27.573086,81.666790,60.880012,179.164619
8.233000,45.000000,90.000000,dualpol_known_pol_vector,E3-E4,100.000000,360.549881,-7.217189,352.782811,83.333333,-28.975027,75.309084,57.550088,176.046359
8.233000,45.000000,135.000000,dualpol_known_pol_vector,E3-E4,100.000000,390.883891,8.313955,-351.686045,75.000000,-29.078843,46.459284,32.891581,132.822101
8.233000,45.000000,0.000000,dualpol_known_pol_vector,E4-E1,98.630137,360.000000,-5.532944,-365.532944,66.197183,-35.845825,0.000000,0.000000,0.000000
8.233000,45.000000,45.000000,dualpol_known_pol_vector,E4-E1,100.000000,368.577963,11.552196,-348.447804,66.666667,-26.763705,62.540518,39.980372,176.017699
8.233000,45.000000,90.000000,dualpol_known_pol_vector,E4-E1,100.000000,360.000000,12.576089,-347.423911,69.444444,-28.975027,56.010568,34.668583,178.480750
8.233000,45.000000,135.000000,dualpol_known_pol_vector,E4-E1,100.000000,424.598533,-8.045875,-8.045875,55.555556,-29.961594,52.078973,33.532295,130.491954
8.233000,60.000000,0.000000,dualpol_known_pol_vector,E1-E3,98.630137,758.527796,2.326526,-357.673474,50.704225,-36.593648,0.000000,0.000000,0.000000
8.233000,60.000000,45.000000,dualpol_known_pol_vector,E1-E3,100.000000,252.152473,-6.143095,-6.143095,50.000000,-29.065365,54.407928,43.889620,135.537894
8.233000,60.000000,90.000000,dualpol_known_pol_vector,E1-E3,100.000000,192.563597,-8.725635,-8.725635,51.388889,-21.160641,69.333224,53.277527,177.814761
8.233000,60.000000,135.000000,dualpol_known_pol_vector,E1-E3,98.630137,427.568079,-0.124631,-0.124631,53.521127,-41.463262,65.874174,45.015106,175.818840
8.233000,60.000000,0.000000,dualpol_known_pol_vector,E2-E4,98.630137,794.265489,-1.816190,718.183810,74.647887,-35.339040,0.000000,0.000000,0.000000
8.233000,60.000000,45.000000,dualpol_known_pol_vector,E2-E4,100.000000,360.000000,5.520826,365.520826,75.000000,-34.522860,70.089139,54.448616,177.730473
8.233000,60.000000,90.000000,dualpol_known_pol_vector,E2-E4,100.000000,720.000000,6.403189,726.403189,80.555556,-26.770624,58.921546,45.512166,157.262482
8.233000,60.000000,135.000000,dualpol_known_pol_vector,E2-E4,98.630137,840.322051,-1.358942,-361.358942,54.929577,-35.974806,74.795928,56.296392,177.099127
8.233000,60.000000,0.000000,dualpol_known_pol_vector,E1-E2,100.000000,720.000000,5.584810,-714.415190,90.277778,-30.326476,0.000000,0.000000,0.000000
8.233000,60.000000,45.000000,dualpol_known_pol_vector,E1-E2,100.000000,404.241450,-24.432322,-24.432322,79.166667,-34.522860,44.502910,35.618270,148.558883
8.233000,60.000000,90.000000,dualpol_known_pol_vector,E1-E2,100.000000,360.000000,-19.081224,-379.081224,79.166667,-26.960775,64.617694,47.601028,176.437990
8.233000,60.000000,135.000000,dualpol_known_pol_vector,E1-E2,98.630137,664.777772,17.515325,377.515325,54.929577,-35.765537,68.926269,49.278093,179.628810
8.233000,60.000000,0.000000,dualpol_known_pol_vector,E2-E3,98.630137,392.205644,-3.258285,-3.258285,63.380282,-36.593648,0.000000,0.000000,0.000000
8.233000,60.000000,45.000000,dualpol_known_pol_vector,E2-E3,100.000000,370.622315,18.289227,18.289227,63.888889,-34.676068,45.847632,29.171835,134.382966
8.233000,60.000000,90.000000,dualpol_known_pol_vector,E2-E3,100.000000,360.000000,10.355589,370.355589,61.111111,-26.770624,53.071486,34.501394,167.187652
8.233000,60.000000,135.000000,dualpol_known_pol_vector,E2-E3,97.260274,332.165727,-17.639956,-17.639956,54.285714,-41.463262,68.712414,48.072289,178.721338
8.233000,60.000000,0.000000,dualpol_known_pol_vector,E3-E4,97.260274,720.000000,1.442094,721.442094,80.000000,-38.075439,0.000000,0.000000,0.000000
8.233000,60.000000,45.000000,dualpol_known_pol_vector,E3-E4,100.000000,360.000000,-12.768401,347.231599,84.722222,-32.270568,68.563642,54.077498,164.709484
8.233000,60.000000,90.000000,dualpol_known_pol_vector,E3-E4,100.000000,360.000000,-3.952400,356.047600,81.944444,-23.449715,73.888139,55.260036,154.697911
8.233000,60.000000,135.000000,dualpol_known_pol_vector,E3-E4,98.630137,272.179852,16.281014,16.281014,50.704225,-41.463262,69.927130,52.326058,171.172722
8.233000,60.000000,0.000000,dualpol_known_pol_vector,E4-E1,98.630137,467.033893,-3.768620,-3.768620,60.563380,-35.717508,0.000000,0.000000,0.000000
8.233000,60.000000,45.000000,dualpol_known_pol_vector,E4-E1,100.000000,430.930020,18.911496,-341.088504,62.500000,-30.754086,59.082646,38.048144,163.966014
8.233000,60.000000,90.000000,dualpol_known_pol_vector,E4-E1,100.000000,362.766504,12.678035,-347.321965,65.277778,-23.850290,63.346910,44.102112,161.354220
8.233000,60.000000,135.000000,dualpol_known_pol_vector,E4-E1,100.000000,471.868480,-16.156383,-16.156383,51.388889,-29.872411,66.404756,46.657659,173.180668
8.233000,75.000000,0.000000,dualpol_known_pol_vector,E1-E3,97.260274,844.204282,4.412031,-715.587969,74.285714,-35.845411,0.000000,0.000000,0.000000
8.233000,75.000000,45.000000,dualpol_known_pol_vector,E1-E3,98.630137,321.704428,-19.287494,-19.287494,73.239437,-40.309959,51.874706,41.996598,150.273281
8.233000,75.000000,90.000000,dualpol_known_pol_vector,E1-E3,100.000000,720.000000,-17.015079,702.984921,93.055556,-28.591470,70.541864,53.953581,171.178395
8.233000,75.000000,135.000000,dualpol_known_pol_vector,E1-E3,100.000000,541.910939,1.639312,361.639312,56.944444,-31.380539,72.355032,58.508755,179.860055
8.233000,75.000000,0.000000,dualpol_known_pol_vector,E2-E4,98.630137,621.672714,-5.011973,-5.011973,60.563380,-35.379004,0.000000,0.000000,0.000000
8.233000,75.000000,45.000000,dualpol_known_pol_vector,E2-E4,100.000000,391.337285,9.839231,369.839231,72.222222,-33.947977,65.488992,45.215235,179.471635
8.233000,75.000000,90.000000,dualpol_known_pol_vector,E2-E4,100.000000,720.000000,12.615436,732.615436,75.000000,-28.630848,68.201540,50.615014,171.612615
8.233000,75.000000,135.000000,dualpol_known_pol_vector,E2-E4,100.000000,906.381182,2.683841,-357.316159,56.944444,-23.654081,68.976588,52.268095,173.852667
8.233000,75.000000,0.000000,dualpol_known_pol_vector,E1-E2,100.000000,360.000000,1.851547,-358.148453,83.333333,-25.816788,0.000000,0.000000,0.000000
8.233000,75.000000,45.000000,dualpol_known_pol_vector,E1-E2,98.630137,539.416364,-51.795843,-411.795843,80.281690,-40.572469,59.223927,43.469845,143.338815
8.233000,75.000000,90.000000,dualpol_known_pol_vector,E1-E2,100.000000,323.515359,-23.721717,-23.721717,54.166667,-28.591470,79.849009,58.320759,179.175291
8.233000,75.000000,135.000000,dualpol_known_pol_vector,E1-E2,100.000000,713.825600,37.214520,397.214520,55.555556,-23.813289,65.718232,52.280118,154.012651
8.233000,75.000000,0.000000,dualpol_known_pol_vector,E2-E3,97.260274,618.726412,2.560483,-357.439517,50.000000,-35.845411,0.000000,0.000000,0.000000
8.233000,75.000000,45.000000,dualpol_known_pol_vector,E2-E3,100.000000,333.992683,32.508350,32.508350,54.166667,-24.275485,69.687234,50.042136,160.345062
8.233000,75.000000,90.000000,dualpol_known_pol_vector,E2-E3,100.000000,720.000000,6.706638,726.706638,73.611111,-23.801302,76.909264,58.589599,175.314174
8.233000,75.000000,135.000000,dualpol_known_pol_vector,E2-E3,100.000000,268.680446,-35.575208,-35.575208,55.555556,-31.380539,77.085106,65.454139,176.069201
8.233000,75.000000,0.000000,dualpol_known_pol_vector,E3-E4,95.890411,720.000000,-7.572456,712.427544,89.855072,-38.528254,0.000000,0.000000,0.000000
8.233000,75.000000,45.000000,dualpol_known_pol_vector,E3-E4,100.000000,360.000000,-22.669119,337.330881,77.777778,-33.685466,85.643597,67.283201,177.874927
8.233000,75.000000,90.000000,dualpol_known_pol_vector,E3-E4,100.000000,349.353530,5.908798,5.908798,51.388889,-28.225018,86.836422,69.211840,178.090208
8.233000,75.000000,135.000000,dualpol_known_pol_vector,E3-E4,100.000000,718.574660,38.259049,-321.740951,51.388889,-31.380539,78.447446,66.062458,163.471492
8.233000,75.000000,0.000000,dualpol_known_pol_vector,E4-E1,98.630137,458.656948,3.160425,3.160425,53.521127,-35.519578,0.000000,0.000000,0.000000
8.233000,75.000000,45.000000,dualpol_known_pol_vector,E4-E1,98.630137,324.597228,41.956613,41.956613,56.338028,-39.554587,64.241575,45.077381,174.869408
8.233000,75.000000,90.000000,dualpol_known_pol_vector,E4-E1,100.000000,720.000000,11.106281,-708.893719,81.944444,-30.677411,87.974158,66.929271,179.294960
8.233000,75.000000,135.000000,dualpol_known_pol_vector,E4-E1,100.000000,399.840330,-39.898361,-39.898361,55.555556,-19.586131,58.823617,47.069038,150.919909
8.233000,90.000000,0.000000,dualpol_known_pol_vector,E1-E3,100.000000,619.945171,23.565864,-336.434136,56.944444,-19.417064,0.000000,0.000000,0.000000
8.233000,90.000000,45.000000,dualpol_known_pol_vector,E1-E3,100.000000,394.078731,-39.131851,-399.131851,91.666667,-25.207776,89.747646,73.478500,179.813089
8.233000,90.000000,90.000000,dualpol_known_pol_vector,E1-E3,100.000000,381.599461,-25.992108,334.007892,90.277778,-29.839704,73.190711,56.387580,172.261682
8.233000,90.000000,135.000000,dualpol_known_pol_vector,E1-E3,100.000000,720.000000,33.317169,753.317169,79.166667,-25.878641,65.487101,47.662164,176.831521
8.233000,90.000000,0.000000,dualpol_known_pol_vector,E2-E4,100.000000,383.883860,-31.332891,328.667109,69.444444,-34.508663,0.000000,0.000000,0.000000
8.233000,90.000000,45.000000,dualpol_known_pol_vector,E2-E4,100.000000,838.972394,-53.676506,-413.676506,52.777778,-19.814942,59.496288,43.045147,175.022533
8.233000,90.000000,90.000000,dualpol_known_pol_vector,E2-E4,100.000000,561.471361,16.256000,16.256000,55.555556,-20.089462,74.842814,55.234896,172.908865
8.233000,90.000000,135.000000,dualpol_known_pol_vector,E2-E4,100.000000,679.576726,37.460647,37.460647,54.166667,-27.533702,65.741043,51.187091,162.845569
8.233000,90.000000,0.000000,dualpol_known_pol_vector,E1-E2,98.630137,360.000000,10.879921,-349.120079,69.014085,-35.529817,0.000000,0.000000,0.000000
8.233000,90.000000,45.000000,dualpol_known_pol_vector,E1-E2,100.000000,470.162058,178.062830,538.062830,50.000000,-25.207776,94.333369,79.390724,176.446772
8.233000,90.000000,90.000000,dualpol_known_pol_vector,E1-E2,100.000000,526.627264,-18.752153,341.247847,59.722222,-19.262262,88.216830,62.888387,175.159640
8.233000,90.000000,135.000000,dualpol_known_pol_vector,E1-E2,100.000000,754.626085,178.794649,538.794649,68.055556,-27.533702,88.080456,72.125702,177.419578
8.233000,90.000000,0.000000,dualpol_known_pol_vector,E2-E3,100.000000,586.100845,12.685943,12.685943,61.111111,-34.508663,0.000000,0.000000,0.000000
8.233000,90.000000,45.000000,dualpol_known_pol_vector,E2-E3,100.000000,720.000000,142.805319,-577.194681,98.611111,-21.487316,86.706276,71.892129,177.374048
8.233000,90.000000,90.000000,dualpol_known_pol_vector,E2-E3,100.000000,440.077525,-7.239955,-7.239955,58.333333,-27.538209,72.500812,56.945810,172.746573
8.233000,90.000000,135.000000,dualpol_known_pol_vector,E2-E3,100.000000,706.050898,-145.477480,214.522520,63.888889,-27.533702,104.342958,88.554021,176.458492
8.233000,90.000000,0.000000,dualpol_known_pol_vector,E3-E4,100.000000,638.898922,-44.018834,315.981166,72.222222,-29.436878,0.000000,0.000000,0.000000
8.233000,90.000000,45.000000,dualpol_known_pol_vector,E3-E4,100.000000,385.315383,163.518175,523.518175,59.722222,-21.487316,101.813694,85.823805,178.923024
8.233000,90.000000,90.000000,dualpol_known_pol_vector,E3-E4,100.000000,237.773091,23.495955,23.495955,58.333333,-27.538209,76.569261,57.731892,178.291195
8.233000,90.000000,135.000000,dualpol_known_pol_vector,E3-E4,100.000000,915.697305,-177.061873,-897.061873,73.611111,-24.127294,100.513862,88.851140,178.707288
8.233000,90.000000,0.000000,dualpol_known_pol_vector,E4-E1,100.000000,364.277118,20.452970,20.452970,62.500000,-30.560873,0.000000,0.000000,0.000000
8.233000,90.000000,45.000000,dualpol_known_pol_vector,E4-E1,100.000000,531.450460,-124.386324,-124.386324,68.055556,-25.207776,100.518145,88.840112,171.029159
8.233000,90.000000,90.000000,dualpol_known_pol_vector,E4-E1,100.000000,360.000000,2.496153,-357.503847,63.888889,-22.929762,64.172475,49.194991,170.075096
8.233000,90.000000,135.000000,dualpol_known_pol_vector,E4-E1,100.000000,344.229774,143.744704,143.744704,56.944444,-22.027919,77.324069,61.183737,177.147265
8.233000,45.000000,0.000000,dualpol_fixed_45deg_sum,E1-E3,98.630137,360.000000,1.526030,361.526030,76.056338,-35.340502,0.000000,0.000000,0.000000
8.233000,45.000000,45.000000,dualpol_fixed_45deg_sum,E1-E3,100.000000,256.105769,-2.441374,-2.441374,55.555556,-25.146886,78.662657,59.712629,172.911069
8.233000,45.000000,90.000000,dualpol_fixed_45deg_sum,E1-E3,100.000000,188.447890,-39.131851,-39.131851,61.111111,-25.584947,132.649857,126.485133,176.949753
8.233000,45.000000,135.000000,dualpol_fixed_45deg_sum,E1-E3,100.000000,720.000000,4.327573,724.327573,91.666667,-32.225951,63.370530,48.036285,173.855184
8.233000,45.000000,0.000000,dualpol_fixed_45deg_sum,E2-E4,100.000000,360.000000,-1.040371,358.959629,76.388889,-34.554804,0.000000,0.000000,0.000000
8.233000,45.000000,45.000000,dualpol_fixed_45deg_sum,E2-E4,97.260274,720.000000,3.121646,723.121646,88.571429,-42.164395,61.419046,46.139371,175.880566
8.233000,45.000000,90.000000,dualpol_fixed_45deg_sum,E2-E4,100.000000,375.145916,-53.676506,306.323494,62.500000,-27.411106,133.136122,128.682971,177.598653
8.233000,45.000000,135.000000,dualpol_fixed_45deg_sum,E2-E4,100.000000,253.959283,-6.355141,-6.355141,56.944444,-25.617765,80.092350,61.088618,175.957031
8.233000,45.000000,0.000000,dualpol_fixed_45deg_sum,E1-E2,100.000000,17.810356,-1.541376,-1.541376,59.722222,-28.079545,0.000000,0.000000,0.000000
8.233000,45.000000,45.000000,dualpol_fixed_45deg_sum,E1-E2,97.260274,360.000000,-14.673841,-374.673841,81.428571,-42.164395,83.452402,62.734460,173.812213
8.233000,45.000000,90.000000,dualpol_fixed_45deg_sum,E1-E2,100.000000,34.333979,178.062830,178.062830,63.888889,-26.372576,177.035517,177.004580,179.930255
8.233000,45.000000,135.000000,dualpol_fixed_45deg_sum,E1-E2,100.000000,360.000000,11.565570,371.565570,84.722222,-32.225951,85.301009,64.712461,177.181945
8.233000,45.000000,0.000000,dualpol_fixed_45deg_sum,E2-E3,98.630137,360.000000,3.067405,363.067405,74.647887,-35.340660,0.000000,0.000000,0.000000
8.233000,45.000000,45.000000,dualpol_fixed_45deg_sum,E2-E3,97.260274,389.465839,12.232468,372.232468,71.428571,-42.164395,50.028705,29.034010,172.451487
8.233000,45.000000,90.000000,dualpol_fixed_45deg_sum,E2-E3,100.000000,375.623997,142.805319,502.805319,62.500000,-27.108266,65.073616,51.796079,156.113665
8.233000,45.000000,135.000000,dualpol_fixed_45deg_sum,E2-E3,100.000000,360.000000,-7.237997,352.762003,70.833333,-24.559120,53.510102,31.403803,172.334888
8.233000,45.000000,0.000000,dualpol_fixed_45deg_sum,E3-E4,98.630137,32.108031,-4.107776,-4.107776,64.788732,-35.340502,0.000000,0.000000,0.000000
8.233000,45.000000,45.000000,dualpol_fixed_45deg_sum,E3-E4,100.000000,360.000000,-9.110822,350.889178,88.888889,-27.573086,79.875912,60.613506,176.231484
8.233000,45.000000,90.000000,dualpol_fixed_45deg_sum,E3-E4,100.000000,26.571123,163.518175,163.518175,58.333333,-18.876646,173.393982,173.299808,179.895963
8.233000,45.000000,135.000000,dualpol_fixed_45deg_sum,E3-E4,100.000000,360.142073,0.882856,-359.117144,88.888889,-25.617765,81.728558,61.701396,171.043511
8.233000,45.000000,0.000000,dualpol_fixed_45deg_sum,E4-E1,100.000000,360.000000,2.581746,-357.418254,76.388889,-34.501080,0.000000,0.000000,0.000000
8.233000,45.000000,45.000000,dualpol_fixed_45deg_sum,E4-E1,100.000000,368.577963,11.552196,-348.447804,66.666667,-26.763705,56.786711,33.705338,178.087237
8.233000,45.000000,90.000000,dualpol_fixed_45deg_sum,E4-E1,100.000000,208.124946,-124.386324,-124.386324,61.111111,-25.887787,63.295097,52.829567,147.136729
8.233000,45.000000,135.000000,dualpol_fixed_45deg_sum,E4-E1,100.000000,376.414497,-5.210429,-365.210429,70.833333,-32.275924,59.850926,35.062359,176.538823
8.233000,60.000000,0.000000,dualpol_fixed_45deg_sum,E1-E3,98.630137,360.000000,0.583235,360.583235,90.140845,-43.878987,0.000000,0.000000,0.000000
8.233000,60.000000,45.000000,dualpol_fixed_45deg_sum,E1-E3,100.000000,252.152473,-6.143095,-6.143095,50.000000,-29.065365,72.897449,54.723678,175.356647
8.233000,60.000000,90.000000,dualpol_fixed_45deg_sum,E1-E3,100.000000,720.000000,7.461135,727.461135,76.388889,-18.057083,127.312672,112.452640,179.200281
8.233000,60.000000,135.000000,dualpol_fixed_45deg_sum,E1-E3,97.260274,720.000000,3.275614,723.275614,97.142857,-38.337305,62.684431,43.218680,178.323284
8.233000,60.000000,0.000000,dualpol_fixed_45deg_sum,E2-E4,100.000000,526.290795,0.182656,0.182656,69.444444,-34.360928,0.000000,0.000000,0.000000
8.233000,60.000000,45.000000,dualpol_fixed_45deg_sum,E2-E4,100.000000,360.000000,5.520826,365.520826,75.000000,-34.522860,41.699465,32.459516,147.806846
8.233000,60.000000,90.000000,dualpol_fixed_45deg_sum,E2-E4,100.000000,207.952030,-26.635807,-26.635807,51.388889,-14.649591,103.106456,90.084575,178.846823
8.233000,60.000000,135.000000,dualpol_fixed_45deg_sum,E2-E4,100.000000,376.386608,-3.961206,-3.961206,63.888889,-34.168294,66.493325,47.751202,179.757159
8.233000,60.000000,0.000000,dualpol_fixed_45deg_sum,E1-E2,100.000000,174.245684,-5.047469,-5.047469,65.277778,-28.620176,0.000000,0.000000,0.000000
8.233000,60.000000,45.000000,dualpol_fixed_45deg_sum,E1-E2,100.000000,404.241450,-24.432322,-24.432322,79.166667,-34.522860,65.515473,49.166953,170.837730
8.233000,60.000000,90.000000,dualpol_fixed_45deg_sum,E1-E2,100.000000,376.043740,48.372546,408.372546,76.388889,-15.308425,127.007862,116.366645,178.673674
8.233000,60.000000,135.000000,dualpol_fixed_45deg_sum,E1-E2,97.260274,427.238890,6.013341,366.013341,51.428571,-38.337305,73.098955,52.891174,177.703889
8.233000,60.000000,0.000000,dualpol_fixed_45deg_sum,E2-E3,98.630137,360.000000,5.630704,365.630704,74.647887,-43.916296,0.000000,0.000000,0.000000
8.233000,60.000000,45.000000,dualpol_fixed_45deg_sum,E2-E3,100.000000,370.622315,18.289227,18.289227,63.888889,-34.676068,51.720235,28.798609,176.207262
8.233000,60.000000,90.000000,dualpol_fixed_45deg_sum,E2-E3,100.000000,360.000000,-40.911411,319.088589,65.277778,-15.944577,42.697245,33.766710,98.918360
8.233000,60.000000,135.000000,dualpol_fixed_45deg_sum,E2-E3,100.000000,360.000000,-2.737726,357.262274,79.166667,-34.071948,58.738988,29.987457,179.205953
8.233000,60.000000,0.000000,dualpol_fixed_45deg_sum,E3-E4,98.630137,217.535781,-5.448048,-5.448048,60.563380,-43.878987,0.000000,0.000000,0.000000
8.233000,60.000000,45.000000,dualpol_fixed_45deg_sum,E3-E4,100.000000,360.000000,-12.768401,347.231599,84.722222,-32.270568,69.376767,52.193027,172.868157
8.233000,60.000000,90.000000,dualpol_fixed_45deg_sum,E3-E4,100.000000,383.952954,14.275604,-345.724396,76.388889,-17.398249,126.373206,110.450921,178.433074
8.233000,60.000000,135.000000,dualpol_fixed_45deg_sum,E3-E4,100.000000,417.896680,-1.223480,-361.223480,56.944444,-28.087927,79.053393,57.554900,173.028785
8.233000,60.000000,0.000000,dualpol_fixed_45deg_sum,E4-E1,100.000000,360.000000,4.864813,-355.135187,69.444444,-34.103309,0.000000,0.000000,0.000000
8.233000,60.000000,45.000000,dualpol_fixed_45deg_sum,E4-E1,100.000000,430.930020,18.911496,-341.088504,62.500000,-30.754086,54.301807,33.249351,172.805548
8.233000,60.000000,90.000000,dualpol_fixed_45deg_sum,E4-E1,100.000000,360.000000,-21.736739,-381.736739,66.666667,-14.165536,38.856602,33.140679,79.547397
8.233000,60.000000,135.000000,dualpol_fixed_45deg_sum,E4-E1,97.260274,387.372633,-2.052134,-362.052134,74.285714,-38.337305,49.335837,27.973990,177.766935
8.233000,75.000000,0.000000,dualpol_fixed_45deg_sum,E1-E3,98.630137,360.000000,-0.613591,359.386409,88.732394,-39.632145,0.000000,0.000000,0.000000
8.233000,75.000000,45.000000,dualpol_fixed_45deg_sum,E1-E3,98.630137,321.704428,-19.287494,-19.287494,73.239437,-40.309959,73.489517,57.051828,179.992288
8.233000,75.000000,90.000000,dualpol_fixed_45deg_sum,E1-E3,100.000000,437.242937,5.737611,365.737611,84.722222,-34.665298,105.779438,84.400639,179.197702
8.233000,75.000000,135.000000,dualpol_fixed_45deg_sum,E1-E3,95.890411,170.820999,2.384697,2.384697,76.811594,-42.524397,53.062620,29.770213,171.144615
8.233000,75.000000,0.000000,dualpol_fixed_45deg_sum,E2-E4,98.630137,360.000000,1.494794,361.494794,71.830986,-46.559576,0.000000,0.000000,0.000000
8.233000,75.000000,45.000000,dualpol_fixed_45deg_sum,E2-E4,100.000000,391.337285,9.839231,369.839231,72.222222,-33.947977,34.871830,25.758460,112.792842
8.233000,75.000000,90.000000,dualpol_fixed_45deg_sum,E2-E4,98.630137,388.777714,-11.019875,348.980125,66.197183,-38.945310,73.350010,52.764347,173.149278
8.233000,75.000000,135.000000,dualpol_fixed_45deg_sum,E2-E4,98.630137,720.000000,-2.346586,717.653414,77.464789,-44.686922,41.067916,22.726547,176.464622
8.233000,75.000000,0.000000,dualpol_fixed_45deg_sum,E1-E2,100.000000,266.916290,-9.104589,-9.104589,70.833333,-28.777943,0.000000,0.000000,0.000000
8.233000,75.000000,45.000000,dualpol_fixed_45deg_sum,E1-E2,98.630137,539.416364,-51.795843,-411.795843,80.281690,-40.572469,56.265824,42.834439,171.287014
8.233000,75.000000,90.000000,dualpol_fixed_45deg_sum,E1-E2,100.000000,490.479237,21.272913,381.272913,52.777778,-30.433006,84.337827,64.030505,167.301512
8.233000,75.000000,135.000000,dualpol_fixed_45deg_sum,E1-E2,97.260274,360.000000,1.962889,-358.037111,67.142857,-44.628037,48.892302,25.295706,172.373431
8.233000,75.000000,0.000000,dualpol_fixed_45deg_sum,E2-E3,98.630137,360.000000,8.490997,368.490997,76.056338,-39.712558,0.000000,0.000000,0.000000
8.233000,75.000000,45.000000,dualpol_fixed_45deg_sum,E2-E3,100.000000,333.992683,32.508350,32.508350,54.166667,-24.275485,55.311025,35.519441,170.020311
8.233000,75.000000,90.000000,dualpol_fixed_45deg_sum,E2-E3,100.000000,357.099700,-15.535302,-15.535302,61.111111,-33.766208,69.963529,48.663770,178.002798
8.233000,75.000000,135.000000,dualpol_fixed_45deg_sum,E2-E3,95.890411,360.000000,0.421808,360.421808,82.608696,-44.522203,29.258381,16.968720,135.623216
8.233000,75.000000,0.000000,dualpol_fixed_45deg_sum,E3-E4,97.260274,313.274192,-6.996204,-6.996204,58.571429,-46.479163,0.000000,0.000000,0.000000
8.233000,75.000000,45.000000,dualpol_fixed_45deg_sum,E3-E4,100.000000,360.000000,-22.669119,337.330881,77.777778,-33.685466,58.736306,44.945747,165.921662
8.233000,75.000000,90.000000,dualpol_fixed_45deg_sum,E3-E4,98.630137,360.000000,4.515427,364.515427,63.380282,-38.971613,85.437458,58.227730,174.894275
8.233000,75.000000,135.000000,dualpol_fixed_45deg_sum,E3-E4,97.260274,296.605815,-2.768394,-2.768394,70.000000,-40.713832,48.803740,25.571643,149.340722
8.233000,75.000000,0.000000,dualpol_fixed_45deg_sum,E4-E1,98.630137,360.000000,7.609795,-352.390205,69.014085,-46.122834,0.000000,0.000000,0.000000
8.233000,75.000000,45.000000,dualpol_fixed_45deg_sum,E4-E1,98.630137,324.597228,41.956613,41.956613,56.338028,-39.554587,52.883152,31.578763,171.849412
8.233000,75.000000,90.000000,dualpol_fixed_45deg_sum,E4-E1,98.630137,720.000000,-10.253038,-730.253038,74.647887,-39.870703,68.005767,46.159392,173.517852
8.233000,75.000000,135.000000,dualpol_fixed_45deg_sum,E4-E1,98.630137,360.000000,0.383697,-359.616303,84.507042,-42.583281,28.643926,15.466748,122.978516
8.233000,90.000000,0.000000,dualpol_fixed_45deg_sum,E1-E3,98.630137,382.044768,-2.441374,-2.441374,56.338028,-41.626620,0.000000,0.000000,0.000000
8.233000,90.000000,45.000000,dualpol_fixed_45deg_sum,E1-E3,100.000000,394.078731,-39.131851,-399.131851,91.666667,-25.207776,90.856083,81.322537,164.147682
8.233000,90.000000,90.000000,dualpol_fixed_45deg_sum,E1-E3,100.000000,280.394590,4.327573,4.327573,58.333333,-28.487528,63.717703,45.682538,167.563548
8.233000,90.000000,135.000000,dualpol_fixed_45deg_sum,E1-E3,98.630137,462.081788,1.526030,361.526030,63.380282,-37.274104,48.560555,28.153681,176.783260
8.233000,90.000000,0.000000,dualpol_fixed_45deg_sum,E2-E4,100.000000,360.000000,3.121646,363.121646,70.833333,-32.215784,0.000000,0.000000,0.000000
8.233000,90.000000,45.000000,dualpol_fixed_45deg_sum,E2-E4,100.000000,838.972394,-53.676506,-413.676506,52.777778,-19.814942,73.118703,56.742628,174.898689
8.233000,90.000000,90.000000,dualpol_fixed_45deg_sum,E2-E4,100.000000,515.555280,-6.355141,-6.355141,61.111111,-21.707874,75.376292,49.297483,173.845645
8.233000,90.000000,135.000000,dualpol_fixed_45deg_sum,E2-E4,98.630137,360.000000,-1.040371,358.959629,66.197183,-37.346036,38.736704,22.035473,147.515250
8.233000,90.000000,0.000000,dualpol_fixed_45deg_sum,E1-E2,100.000000,340.357117,-14.673841,-14.673841,68.055556,-28.977987,0.000000,0.000000,0.000000
8.233000,90.000000,45.000000,dualpol_fixed_45deg_sum,E1-E2,100.000000,470.162058,178.062830,538.062830,50.000000,-25.207776,93.123160,74.679960,177.080714
8.233000,90.000000,90.000000,dualpol_fixed_45deg_sum,E1-E2,100.000000,374.054814,11.565570,11.565570,63.888889,-28.487528,58.358658,41.663740,149.071736
8.233000,90.000000,135.000000,dualpol_fixed_45deg_sum,E1-E2,98.630137,368.411429,-1.541376,-1.541376,63.380282,-37.387212,41.498074,22.602191,177.638812
8.233000,90.000000,0.000000,dualpol_fixed_45deg_sum,E2-E3,98.630137,360.000000,12.232468,372.232468,74.647887,-41.780397,0.000000,0.000000,0.000000
8.233000,90.000000,45.000000,dualpol_fixed_45deg_sum,E2-E3,100.000000,720.000000,142.805319,-577.194681,98.611111,-21.487316,76.735361,62.277861,177.930452
8.233000,90.000000,90.000000,dualpol_fixed_45deg_sum,E2-E3,100.000000,343.933624,-7.237997,-7.237997,55.555556,-22.662955,63.115135,38.589856,173.790176
8.233000,90.000000,135.000000,dualpol_fixed_45deg_sum,E2-E3,100.000000,360.000000,3.067405,363.067405,76.388889,-33.339602,31.249016,17.598388,144.643610
8.233000,90.000000,0.000000,dualpol_fixed_45deg_sum,E3-E4,98.630137,354.763100,-9.110822,-9.110822,74.647887,-41.626620,0.000000,0.000000,0.000000
8.233000,90.000000,45.000000,dualpol_fixed_45deg_sum,E3-E4,100.000000,385.315383,163.518175,523.518175,59.722222,-21.487316,74.852662,60.331779,178.710666
8.233000,90.000000,90.000000,dualpol_fixed_45deg_sum,E3-E4,100.000000,359.316067,0.882856,0.882856,66.666667,-22.835601,62.066704,35.696411,176.538288
8.233000,90.000000,135.000000,dualpol_fixed_45deg_sum,E3-E4,98.630137,334.160648,-4.107776,-4.107776,63.380282,-37.346036,44.483043,22.770544,164.795166
8.233000,90.000000,0.000000,dualpol_fixed_45deg_sum,E4-E1,100.000000,360.000000,11.552196,-348.447804,79.166667,-31.536550,0.000000,0.000000,0.000000
8.233000,90.000000,45.000000,dualpol_fixed_45deg_sum,E4-E1,100.000000,531.450460,-124.386324,-124.386324,68.055556,-25.207776,87.517296,72.941943,175.509643
8.233000,90.000000,90.000000,dualpol_fixed_45deg_sum,E4-E1,100.000000,358.808666,-5.210429,-5.210429,56.944444,-28.487528,62.407343,40.781879,177.105077
8.233000,90.000000,135.000000,dualpol_fixed_45deg_sum,E4-E1,97.260274,385.173209,2.581746,-357.418254,78.571429,-37.427807,32.192499,18.016254,162.263219
8.233000,45.000000,0.000000,legacy_cp_minus90,E1-E3,100.000000,720.000000,-2.706517,717.293483,83.333333,-31.497410,0.000000,0.000000,0.000000
8.233000,45.000000,45.000000,legacy_cp_minus90,E1-E3,100.000000,244.944259,-6.869209,-6.869209,52.777778,-33.308404,95.412510,74.735540,176.501629
8.233000,45.000000,90.000000,legacy_cp_minus90,E1-E3,100.000000,720.000000,-3.305605,716.694395,87.500000,-25.700755,67.981074,51.065163,160.205007
8.233000,45.000000,135.000000,legacy_cp_minus90,E1-E3,100.000000,720.000000,-1.395758,718.604242,81.944444,-22.134556,30.731430,26.553294,60.194049
8.233000,45.000000,0.000000,legacy_cp_minus90,E2-E4,100.000000,1068.695980,2.493517,-717.506483,58.333333,-22.763543,0.000000,0.000000,0.000000
8.233000,45.000000,45.000000,legacy_cp_minus90,E2-E4,93.150685,368.007369,8.849418,368.849418,68.656716,-39.380474,61.870696,38.957879,166.976318
8.233000,45.000000,90.000000,legacy_cp_minus90,E2-E4,100.000000,273.402979,1.971487,1.971487,54.166667,-22.185167,55.562130,39.145559,173.551483
8.233000,45.000000,135.000000,legacy_cp_minus90,E2-E4,100.000000,666.740194,-1.517348,-361.517348,55.555556,-33.458023,33.139859,23.671971,129.328782
8.233000,45.000000,0.000000,legacy_cp_minus90,E1-E2,100.000000,758.310018,2.199931,722.199931,69.444444,-31.847083,0.000000,0.000000,0.000000
8.233000,45.000000,45.000000,legacy_cp_minus90,E1-E2,97.260274,363.333670,-19.069331,-379.069331,75.714286,-37.401150,78.463251,56.901448,178.926421
8.233000,45.000000,90.000000,legacy_cp_minus90,E1-E2,100.000000,366.178106,-5.664639,354.335361,77.777778,-25.700755,57.458026,43.036663,154.409466
8.233000,45.000000,135.000000,legacy_cp_minus90,E1-E2,100.000000,363.738219,7.035072,367.035072,79.166667,-33.979062,30.918665,22.395719,137.211361
8.233000,45.000000,0.000000,legacy_cp_minus90,E2-E3,100.000000,369.037599,-4.906448,-4.906448,63.888889,-28.050576,0.000000,0.000000,0.000000
8.233000,45.000000,45.000000,legacy_cp_minus90,E2-E3,97.260274,360.000000,12.200123,372.200123,68.571429,-37.810760,58.451478,43.085435,164.407692
8.233000,45.000000,90.000000,legacy_cp_minus90,E2-E3,100.000000,360.000000,2.359034,362.359034,69.444444,-20.014093,44.430414,27.117450,174.334059
8.233000,45.000000,135.000000,legacy_cp_minus90,E2-E3,100.000000,377.084998,-8.430830,351.569170,63.888889,-33.382745,33.553688,19.935090,127.524268
8.233000,45.000000,0.000000,legacy_cp_minus90,E3-E4,100.000000,778.187012,7.399966,-712.600034,63.888889,-27.810440,0.000000,0.000000,0.000000
8.233000,45.000000,45.000000,legacy_cp_minus90,E3-E4,95.890411,362.193629,-3.350704,356.649296,63.768116,-39.380474,72.586060,52.646058,179.773632
8.233000,45.000000,90.000000,legacy_cp_minus90,E3-E4,100.000000,371.106052,-0.387547,-360.387547,80.555556,-22.544540,55.552562,41.749633,150.990203
8.233000,45.000000,135.000000,legacy_cp_minus90,E3-E4,100.000000,730.552648,6.913482,-713.086518,80.555556,-21.289272,29.844760,23.236456,104.443566
8.233000,45.000000,0.000000,legacy_cp_minus90,E4-E1,100.000000,380.448988,-4.693448,-4.693448,56.944444,-31.606948,0.000000,0.000000,0.000000
8.233000,45.000000,45.000000,legacy_cp_minus90,E4-E1,95.890411,360.000000,10.219913,-349.780087,57.971014,-39.380474,62.915868,45.178724,165.664287
8.233000,45.000000,90.000000,legacy_cp_minus90,E4-E1,100.000000,360.000000,3.693152,-356.306848,72.222222,-25.700755,48.856465,30.128454,165.106149
8.233000,45.000000,135.000000,legacy_cp_minus90,E4-E1,100.000000,382.729212,-5.517724,-5.517724,54.166667,-22.134556,24.094159,15.733537,75.358960
8.233000,60.000000,0.000000,legacy_cp_minus90,E1-E3,100.000000,720.000000,-4.352101,715.647899,93.055556,-23.744363,0.000000,0.000000,0.000000
8.233000,60.000000,45.000000,legacy_cp_minus90,E1-E3,98.630137,388.259714,-6.016112,353.983888,83.098592,-35.642939,55.846075,35.860491,169.912259
8.233000,60.000000,90.000000,legacy_cp_minus90,E1-E3,100.000000,720.000000,-2.361151,717.638849,98.611111,-25.687745,74.730900,55.792256,149.801111
8.233000,60.000000,135.000000,legacy_cp_minus90,E1-E3,100.000000,720.000000,-1.368769,718.631231,88.888889,-26.249220,40.686205,30.247187,104.250965
8.233000,60.000000,0.000000,legacy_cp_minus90,E2-E4,100.000000,906.376807,4.879439,-355.120561,54.166667,-25.970104,0.000000,0.000000,0.000000
8.233000,60.000000,45.000000,legacy_cp_minus90,E2-E4,100.000000,460.167608,8.184524,8.184524,61.111111,-32.860481,74.220012,53.539767,175.185190
8.233000,60.000000,90.000000,legacy_cp_minus90,E2-E4,100.000000,406.458499,-0.379760,-0.379760,61.111111,-21.086405,73.352646,53.107038,179.013963
8.233000,60.000000,135.000000,legacy_cp_minus90,E2-E4,100.000000,783.812600,-0.796052,-360.796052,51.388889,-28.420239,46.932170,30.240502,149.770064
8.233000,60.000000,0.000000,legacy_cp_minus90,E1-E2,100.000000,565.712186,-4.425782,355.574218,50.000000,-25.970104,0.000000,0.000000,0.000000
8.233000,60.000000,45.000000,legacy_cp_minus90,E1-E2,98.630137,509.885238,-18.952542,341.047458,64.788732,-35.418555,70.735865,47.066812,176.615225
8.233000,60.000000,90.000000,legacy_cp_minus90,E1-E2,100.000000,457.199236,0.578198,360.578198,50.000000,-25.687745,66.060480,49.347970,163.232742
8.233000,60.000000,135.000000,legacy_cp_minus90,E1-E2,100.000000,465.340893,7.497820,367.497820,55.555556,-22.134413,43.780517,29.650383,155.207999
8.233000,60.000000,0.000000,legacy_cp_minus90,E2-E3,100.000000,360.000000,0.073681,360.073681,76.388889,-25.970104,0.000000,0.000000,0.000000
8.233000,60.000000,45.000000,legacy_cp_minus90,E2-E3,100.000000,341.122141,12.936430,12.936430,70.833333,-32.751070,65.284130,46.739003,174.974088
8.233000,60.000000,90.000000,legacy_cp_minus90,E2-E3,100.000000,360.000000,-2.939349,357.060651,76.388889,-22.777058,59.836384,34.094372,169.469253
8.233000,60.000000,135.000000,legacy_cp_minus90,E2-E3,100.000000,360.000000,-8.866590,351.133410,70.833333,-26.387714,55.835821,31.125437,168.776301
8.233000,60.000000,0.000000,legacy_cp_minus90,E3-E4,100.000000,865.079047,4.805758,-715.194242,58.333333,-24.450421,0.000000,0.000000,0.000000
8.233000,60.000000,45.000000,legacy_cp_minus90,E3-E4,100.000000,250.999492,-4.751906,-4.751906,54.166667,-31.796926,46.663883,29.550238,163.542734
8.233000,60.000000,90.000000,legacy_cp_minus90,E3-E4,100.000000,440.070211,2.559589,-357.440411,55.555556,-22.777058,66.945413,52.273241,153.917793
8.233000,60.000000,135.000000,legacy_cp_minus90,E3-E4,100.000000,827.224535,8.070538,-711.929462,61.111111,-28.394712,38.631340,28.988694,116.375402
8.233000,60.000000,0.000000,legacy_cp_minus90,E4-E1,100.000000,345.877053,-0.453657,-0.453657,56.944444,-24.450421,0.000000,0.000000,0.000000
8.233000,60.000000,45.000000,legacy_cp_minus90,E4-E1,98.630137,360.000000,10.768018,-349.231982,69.014085,-35.752350,55.029706,38.293679,171.475251
8.233000,60.000000,90.000000,legacy_cp_minus90,E4-E1,100.000000,360.000000,-0.198438,-360.198438,73.611111,-25.687745,61.521294,36.751888,174.270475
8.233000,60.000000,135.000000,legacy_cp_minus90,E4-E1,100.000000,387.727811,-6.701769,-6.701769,59.722222,-28.394712,34.495742,23.125855,111.337676
8.233000,75.000000,0.000000,legacy_cp_minus90,E1-E3,100.000000,720.000000,-6.179041,713.820959,100.000000,-20.895664,0.000000,0.000000,0.000000
8.233000,75.000000,45.000000,legacy_cp_minus90,E1-E3,100.000000,720.000000,-4.584090,715.415910,100.000000,-30.030749,41.798970,27.818363,130.139170
8.233000,75.000000,90.000000,legacy_cp_minus90,E1-E3,100.000000,720.000000,-1.733574,718.266426,94.444444,-24.805635,63.210150,49.232899,128.964509
8.233000,75.000000,135.000000,legacy_cp_minus90,E1-E3,100.000000,720.000000,-1.747881,718.252119,100.000000,-24.848964,23.467994,19.232556,57.014804
8.233000,75.000000,0.000000,legacy_cp_minus90,E2-E4,98.630137,718.596090,7.325034,7.325034,66.197183,-38.474652,0.000000,0.000000,0.000000
8.233000,75.000000,45.000000,legacy_cp_minus90,E2-E4,100.000000,530.062755,5.315318,5.315318,55.555556,-23.042735,60.859365,41.600226,169.320703
8.233000,75.000000,90.000000,legacy_cp_minus90,E2-E4,100.000000,501.292072,-1.461422,-1.461422,61.111111,-21.203318,87.423474,59.262773,175.265402
8.233000,75.000000,135.000000,legacy_cp_minus90,E2-E4,98.630137,720.000000,0.563721,720.563721,73.239437,-42.432067,56.756177,35.395877,177.122593
8.233000,75.000000,0.000000,legacy_cp_minus90,E1-E2,98.630137,604.491087,-12.850384,347.149616,69.014085,-38.347265,0.000000,0.000000,0.000000
8.233000,75.000000,45.000000,legacy_cp_minus90,E1-E2,100.000000,542.692047,-13.151822,346.848178,52.777778,-27.026537,59.817683,36.202278,176.428818
8.233000,75.000000,90.000000,legacy_cp_minus90,E1-E2,100.000000,527.294666,4.775062,364.775062,52.777778,-24.805635,68.074817,47.545917,176.052218
8.233000,75.000000,135.000000,legacy_cp_minus90,E1-E2,100.000000,271.692950,6.033895,6.033895,62.500000,-24.576887,32.737243,22.806525,127.955752
8.233000,75.000000,0.000000,legacy_cp_minus90,E2-E3,98.630137,360.000000,6.671342,366.671342,87.323944,-38.347265,0.000000,0.000000,0.000000
8.233000,75.000000,45.000000,legacy_cp_minus90,E2-E3,100.000000,360.000000,8.567732,368.567732,75.000000,-29.739546,50.727239,30.193386,178.746137
8.233000,75.000000,90.000000,legacy_cp_minus90,E2-E3,100.000000,360.000000,-6.508636,353.491364,75.000000,-22.757592,56.886764,37.724826,145.002116
8.233000,75.000000,135.000000,legacy_cp_minus90,E2-E3,100.000000,720.000000,-7.781775,712.218225,91.666667,-25.381511,41.364455,27.971226,154.019520
8.233000,75.000000,0.000000,legacy_cp_minus90,E3-E4,100.000000,609.012428,0.653691,-359.346309,52.777778,-29.617162,0.000000,0.000000,0.000000
8.233000,75.000000,45.000000,legacy_cp_minus90,E3-E4,100.000000,548.394222,-3.252414,-363.252414,51.388889,-29.885650,44.467389,28.396995,177.028337
8.233000,75.000000,90.000000,legacy_cp_minus90,E3-E4,100.000000,537.432591,5.047213,-354.952787,51.388889,-22.938040,66.476623,47.246786,172.022634
8.233000,75.000000,135.000000,legacy_cp_minus90,E3-E4,98.630137,314.544249,8.345496,8.345496,59.154930,-42.371218,40.283052,22.885576,161.316246
8.233000,75.000000,0.000000,legacy_cp_minus90,E4-E1,100.000000,360.000000,5.525350,-354.474650,70.833333,-29.617162,0.000000,0.000000,0.000000
8.233000,75.000000,45.000000,legacy_cp_minus90,E4-E1,100.000000,360.000000,7.836504,-352.163496,75.000000,-27.026537,33.615172,23.089027,105.891743
8.233000,75.000000,90.000000,legacy_cp_minus90,E4-E1,100.000000,360.000000,-3.313640,-363.313640,72.222222,-24.805635,51.717039,32.867246,129.542374
8.233000,75.000000,135.000000,legacy_cp_minus90,E4-E1,98.630137,419.971937,-6.597615,-366.597615,71.830986,-42.371218,47.382383,26.417233,165.760923
8.233000,90.000000,0.000000,legacy_cp_minus90,E1-E3,100.000000,748.033585,-6.869209,713.130791,83.333333,-27.825781,0.000000,0.000000,0.000000
8.233000,90.000000,45.000000,legacy_cp_minus90,E1-E3,100.000000,734.348301,-3.305605,716.694395,87.500000,-25.649853,42.160410,32.530900,105.780800
8.233000,90.000000,90.000000,legacy_cp_minus90,E1-E3,100.000000,721.294458,-1.395758,718.604242,94.444444,-29.695088,54.050428,45.168863,108.295995
8.233000,90.000000,135.000000,legacy_cp_minus90,E1-E3,100.000000,721.246362,-2.706517,717.293483,94.444444,-19.876846,32.971560,25.233702,101.593211
8.233000,90.000000,0.000000,legacy_cp_minus90,E2-E4,100.000000,720.000000,8.849418,728.849418,79.166667,-33.723039,0.000000,0.000000,0.000000
8.233000,90.000000,45.000000,legacy_cp_minus90,E2-E4,100.000000,549.503151,1.971487,1.971487,52.777778,-21.639173,57.566312,38.861936,178.719536
8.233000,90.000000,90.000000,legacy_cp_minus90,E2-E4,100.000000,527.270592,-1.517348,-1.517348,59.722222,-22.472590,76.008385,52.856510,175.432733
8.233000,90.000000,135.000000,legacy_cp_minus90,E2-E4,100.000000,720.000000,2.493517,722.493517,76.388889,-29.794327,52.800052,34.070189,179.548188
8.233000,90.000000,0.000000,legacy_cp_minus90,E1-E2,100.000000,360.000000,-19.069331,-379.069331,72.222222,-33.153246,0.000000,0.000000,0.000000
8.233000,90.000000,45.000000,legacy_cp_minus90,E1-E2,100.000000,583.495728,-5.664639,354.335361,51.388889,-25.649853,52.213463,33.947002,168.055462
8.233000,90.000000,90.000000,legacy_cp_minus90,E1-E2,100.000000,576.280129,7.035072,367.035072,51.388889,-29.695088,54.119138,38.617971,176.771283
8.233000,90.000000,135.000000,legacy_cp_minus90,E1-E2,100.000000,277.004170,2.199931,2.199931,63.888889,-22.402303,29.376773,22.072255,102.091263
8.233000,90.000000,0.000000,legacy_cp_minus90,E2-E3,100.000000,1080.000000,12.200123,1092.200123,100.000000,-33.153246,0.000000,0.000000,0.000000
8.233000,90.000000,45.000000,legacy_cp_minus90,E2-E3,100.000000,360.000000,2.359034,362.359034,76.388889,-23.994120,57.995475,36.961861,179.027866
8.233000,90.000000,90.000000,legacy_cp_minus90,E2-E3,100.000000,360.000000,-8.430830,351.569170,76.388889,-24.489487,67.113372,45.273581,175.220843
8.233000,90.000000,135.000000,legacy_cp_minus90,E2-E3,100.000000,720.000000,-4.906448,715.093552,93.055556,-22.402303,46.849538,30.201442,138.266176
8.233000,90.000000,0.000000,legacy_cp_minus90,E3-E4,100.000000,607.819942,-3.350704,-363.350704,56.944444,-28.739991,0.000000,0.000000,0.000000
8.233000,90.000000,45.000000,legacy_cp_minus90,E3-E4,100.000000,585.048534,-0.387547,-360.387547,54.166667,-24.014179,45.567376,27.132439,165.105171
8.233000,90.000000,90.000000,legacy_cp_minus90,E3-E4,100.000000,585.063343,6.913482,-353.086518,52.777778,-24.691675,57.335643,38.955379,169.665263
8.233000,90.000000,135.000000,legacy_cp_minus90,E3-E4,100.000000,320.171144,7.399966,7.399966,62.500000,-29.777541,38.369783,23.745916,178.044262
8.233000,90.000000,0.000000,legacy_cp_minus90,E4-E1,100.000000,360.000000,10.219913,-349.780087,80.555556,-21.142518,0.000000,0.000000,0.000000
8.233000,90.000000,45.000000,legacy_cp_minus90,E4-E1,100.000000,360.000000,3.693152,-356.306848,75.000000,-25.649853,33.234999,25.595434,91.463996
8.233000,90.000000,90.000000,legacy_cp_minus90,E4-E1,100.000000,360.000000,-5.517724,-365.517724,70.833333,-29.799104,42.955403,33.543676,113.840198
8.233000,90.000000,135.000000,legacy_cp_minus90,E4-E1,100.000000,720.000000,-4.693448,-724.693448,83.333333,-29.777541,42.651460,28.369386,161.458337
