freq_ghz,phi_deg,linear_pol_deg,strategy,baseline,valid_percent,pdoa_span_deg,pdoa_start_deg,pdoa_end_deg,monotonic_segment_percent,min_pair_mag_rel_db,rms_bias_vs_pol0_deg,mean_abs_bias_vs_pol0_deg,max_abs_bias_vs_pol0_deg,valid_count,total_count,strategy_note
7.738000,45.000000,0.000000,x_only_a_port,E1-E3,100.000000,334.173422,-27.610667,-27.610667,54.166667,-9.847437,0.000000,0.000000,0.000000,73,73,仅使用 A 口，全局 X 极化通道。
7.738000,45.000000,45.000000,x_only_a_port,E1-E3,100.000000,445.630223,72.347107,72.347107,58.333333,-25.846674,78.047702,72.405698,109.990470,73,73,仅使用 A 口，全局 X 极化通道。
7.738000,45.000000,90.000000,x_only_a_port,E1-E3,100.000000,374.980377,100.538324,100.538324,52.777778,-27.858785,129.177651,124.447759,177.480738,73,73,仅使用 A 口，全局 X 极化通道。
7.738000,45.000000,135.000000,x_only_a_port,E1-E3,100.000000,466.857399,170.966048,170.966048,50.000000,-27.285364,126.843353,116.999494,176.534616,73,73,仅使用 A 口，全局 X 极化通道。
7.738000,45.000000,0.000000,x_only_a_port,E2-E4,100.000000,319.631086,127.463323,127.463323,58.333333,-10.597806,0.000000,0.000000,0.000000,73,73,仅使用 A 口，全局 X 极化通道。
7.738000,45.000000,45.000000,x_only_a_port,E2-E4,100.000000,446.819031,-110.996705,-110.996705,52.777778,-17.339610,86.753810,76.175818,132.838387,73,73,仅使用 A 口，全局 X 极化通道。
7.738000,45.000000,90.000000,x_only_a_port,E2-E4,100.000000,720.000000,-47.618621,672.381379,69.444444,-31.002650,139.724320,135.277294,179.476623,73,73,仅使用 A 口，全局 X 极化通道。
7.738000,45.000000,135.000000,x_only_a_port,E2-E4,100.000000,383.772384,67.917683,67.917683,55.555556,-19.439946,71.548872,64.104753,127.995717,73,73,仅使用 A 口，全局 X 极化通道。
7.738000,45.000000,0.000000,x_only_a_port,E1-E2,100.000000,83.608834,10.233842,10.233842,55.555556,-12.737846,0.000000,0.000000,0.000000,73,73,仅使用 A 口，全局 X 极化通道。
7.738000,45.000000,45.000000,x_only_a_port,E1-E2,100.000000,60.641735,-8.371614,-8.371614,66.666667,-21.376107,16.793179,14.238609,34.685147,73,73,仅使用 A 口，全局 X 极化通道。
7.738000,45.000000,90.000000,x_only_a_port,E1-E2,100.000000,103.226786,-23.453706,-23.453706,76.388889,-33.523399,31.137977,26.412268,67.109209,73,73,仅使用 A 口，全局 X 极化通道。
7.738000,45.000000,135.000000,x_only_a_port,E1-E2,100.000000,76.038251,-23.290065,-23.290065,63.888889,-25.501025,35.176920,31.592153,58.640849,73,73,仅使用 A 口，全局 X 极化通道。
7.738000,45.000000,0.000000,x_only_a_port,E2-E3,100.000000,307.850397,-37.844508,-37.844508,58.333333,-10.525762,0.000000,0.000000,0.000000,73,73,仅使用 A 口，全局 X 极化通道。
7.738000,45.000000,45.000000,x_only_a_port,E2-E3,100.000000,414.976730,80.718721,80.718721,58.333333,-21.727845,88.356757,79.642675,124.059044,73,73,仅使用 A 口，全局 X 极化通道。
7.738000,45.000000,90.000000,x_only_a_port,E2-E3,100.000000,428.028361,123.992030,123.992030,50.000000,-31.002650,145.720347,141.577625,171.275974,73,73,仅使用 A 口，全局 X 极化通道。
7.738000,45.000000,135.000000,x_only_a_port,E2-E3,100.000000,477.240258,-165.743887,-165.743887,50.000000,-27.540931,99.117745,88.574483,155.764518,73,73,仅使用 A 口，全局 X 极化通道。
7.738000,45.000000,0.000000,x_only_a_port,E3-E4,100.000000,19.799868,165.307832,165.307832,52.777778,-10.367291,0.000000,0.000000,0.000000,73,73,仅使用 A 口，全局 X 极化通道。
7.738000,45.000000,45.000000,x_only_a_port,E3-E4,100.000000,121.860438,168.284574,168.284574,55.555556,-21.810177,29.013709,20.005383,71.470883,73,73,仅使用 A 口，全局 X 极化通道。
7.738000,45.000000,90.000000,x_only_a_port,E3-E4,100.000000,720.000000,-171.610651,548.389349,100.000000,-18.335171,69.838819,54.053650,178.897568,73,73,仅使用 A 口，全局 X 极化通道。
7.738000,45.000000,135.000000,x_only_a_port,E3-E4,100.000000,119.278128,-126.338430,-126.338430,61.111111,-20.999018,47.557030,40.119519,93.342991,73,73,仅使用 A 口，全局 X 极化通道。
7.738000,45.000000,0.000000,x_only_a_port,E4-E1,100.000000,336.357433,-137.697165,-137.697165,55.555556,-12.809890,0.000000,0.000000,0.000000,73,73,仅使用 A 口，全局 X 极化通道。
7.738000,45.000000,45.000000,x_only_a_port,E4-E1,100.000000,477.300243,119.368319,119.368319,55.555556,-18.372986,74.431185,68.727861,107.329265,73,73,仅使用 A 口，全局 X 极化通道。
7.738000,45.000000,90.000000,x_only_a_port,E4-E1,100.000000,720.000000,71.072327,-648.927673,69.444444,-25.075066,133.470654,128.011763,178.197879,73,73,仅使用 A 口，全局 X 极化通道。
7.738000,45.000000,135.000000,x_only_a_port,E4-E1,100.000000,373.362200,-44.627618,-44.627618,55.555556,-25.245457,101.245540,91.861202,165.246006,73,73,仅使用 A 口，全局 X 极化通道。
7.738000,60.000000,0.000000,x_only_a_port,E1-E3,100.000000,231.575102,26.562178,26.562178,55.555556,-14.302327,0.000000,0.000000,0.000000,73,73,仅使用 A 口，全局 X 极化通道。
7.738000,60.000000,45.000000,x_only_a_port,E1-E3,100.000000,360.635407,82.898064,82.898064,59.722222,-20.501710,77.170318,66.541832,145.266006,73,73,仅使用 A 口，全局 X 极化通道。
7.738000,60.000000,90.000000,x_only_a_port,E1-E3,95.890411,569.742529,111.453471,-248.546529,50.724638,-48.989020,87.387534,82.364832,134.411928,70,73,仅使用 A 口，全局 X 极化通道。
7.738000,60.000000,135.000000,x_only_a_port,E1-E3,100.000000,320.914991,-117.164161,-117.164161,51.388889,-16.553566,100.126596,86.934802,171.548359,73,73,仅使用 A 口，全局 X 极化通道。
7.738000,60.000000,0.000000,x_only_a_port,E2-E4,100.000000,397.172733,159.926750,159.926750,54.166667,-11.376058,0.000000,0.000000,0.000000,73,73,仅使用 A 口，全局 X 极化通道。
7.738000,60.000000,45.000000,x_only_a_port,E2-E4,100.000000,513.671133,-87.878057,-87.878057,52.777778,-13.896915,84.797975,77.336668,128.076733,73,73,仅使用 A 口，全局 X 极化通道。
7.738000,60.000000,90.000000,x_only_a_port,E2-E4,100.000000,491.693080,-13.613967,346.386033,63.888889,-28.423428,138.463057,131.580174,178.426692,73,73,仅使用 A 口，全局 X 极化通道。
7.738000,60.000000,135.000000,x_only_a_port,E2-E4,100.000000,454.907805,89.624677,89.624677,54.166667,-19.862426,74.202228,70.059405,120.703248,73,73,仅使用 A 口，全局 X 极化通道。
7.738000,60.000000,0.000000,x_only_a_port,E1-E2,100.000000,135.723651,31.660617,31.660617,55.555556,-13.650173,0.000000,0.000000,0.000000,73,73,仅使用 A 口，全局 X 极化通道。
7.738000,60.000000,45.000000,x_only_a_port,E1-E2,100.000000,132.211577,-17.511621,-17.511621,59.722222,-20.197670,49.602177,40.562249,87.630038,73,73,仅使用 A 口，全局 X 极化通道。
7.738000,60.000000,90.000000,x_only_a_port,E1-E2,98.630137,248.949626,-24.287292,-24.287292,56.338028,-35.554331,59.468972,51.653807,104.115758,72,73,仅使用 A 口，全局 X 极化通道。
7.738000,60.000000,135.000000,x_only_a_port,E1-E2,100.000000,141.344765,-20.308625,-20.308625,50.000000,-19.862426,47.882809,38.340571,100.405869,73,73,仅使用 A 口，全局 X 极化通道。
7.738000,60.000000,0.000000,x_only_a_port,E2-E3,100.000000,327.015400,-5.098440,-5.098440,58.333333,-9.149671,0.000000,0.000000,0.000000,73,73,仅使用 A 口，全局 X 极化通道。
7.738000,60.000000,45.000000,x_only_a_port,E2-E3,100.000000,410.367801,100.409684,100.409684,56.944444,-16.001386,82.583309,75.466668,115.974693,73,73,仅使用 A 口，全局 X 极化通道。
7.738000,60.000000,90.000000,x_only_a_port,E2-E3,98.630137,766.471205,135.740763,-224.259237,50.704225,-47.361333,129.513823,125.768338,175.580380,72,73,仅使用 A 口，全局 X 极化通道。
7.738000,60.000000,135.000000,x_only_a_port,E2-E3,100.000000,427.667813,-96.855535,-96.855535,55.555556,-19.862426,75.574227,72.068018,102.388408,73,73,仅使用 A 口，全局 X 极化通道。
7.738000,60.000000,0.000000,x_only_a_port,E3-E4,100.000000,79.187965,165.025189,165.025189,55.555556,-9.068179,0.000000,0.000000,0.000000,73,73,仅使用 A 口，全局 X 极化通道。
7.738000,60.000000,45.000000,x_only_a_port,E3-E4,100.000000,124.383172,171.712259,171.712259,63.888889,-14.582934,20.254537,16.351306,44.469119,73,73,仅使用 A 口，全局 X 极化通道。
7.738000,60.000000,90.000000,x_only_a_port,E3-E4,98.630137,720.000000,-149.354730,570.645270,100.000000,-37.325939,70.532296,57.527273,178.033615,72,73,仅使用 A 口，全局 X 极化通道。
7.738000,60.000000,135.000000,x_only_a_port,E3-E4,100.000000,57.885837,-173.519787,-173.519787,61.111111,-11.891777,17.893806,16.449685,27.737165,73,73,仅使用 A 口，全局 X 极化通道。
7.738000,60.000000,0.000000,x_only_a_port,E4-E1,100.000000,310.349519,168.412633,168.412633,55.555556,-16.528714,0.000000,0.000000,0.000000,73,73,仅使用 A 口，全局 X 极化通道。
7.738000,60.000000,45.000000,x_only_a_port,E4-E1,100.000000,453.345852,105.389677,105.389677,55.555556,-20.197670,78.754379,68.065156,159.082774,73,73,仅使用 A 口，全局 X 极化通道。
7.738000,60.000000,90.000000,x_only_a_port,E4-E1,98.630137,371.066589,37.901259,-322.098741,73.239437,-35.554331,115.042987,109.256117,177.902149,72,73,仅使用 A 口，全局 X 极化通道。
7.738000,60.000000,135.000000,x_only_a_port,E4-E1,100.000000,349.194961,-69.316052,-69.316052,51.388889,-14.018693,96.246922,84.671829,171.135191,73,73,仅使用 A 口，全局 X 极化通道。
7.738000,75.000000,0.000000,x_only_a_port,E1-E3,100.000000,124.009946,56.619925,56.619925,52.777778,-8.569744,0.000000,0.000000,0.000000,73,73,仅使用 A 口，全局 X 极化通道。
7.738000,75.000000,45.000000,x_only_a_port,E1-E3,100.000000,272.402336,91.686695,91.686695,62.500000,-19.595918,74.933503,55.411611,170.827057,73,73,仅使用 A 口，全局 X 极化通道。
7.738000,75.000000,90.000000,x_only_a_port,E1-E3,94.520548,592.159865,129.104454,-230.895546,50.000000,-41.686814,96.366377,91.745960,173.932855,69,73,仅使用 A 口，全局 X 极化通道。
7.738000,75.000000,135.000000,x_only_a_port,E1-E3,100.000000,223.084903,-73.960077,-73.960077,50.000000,-16.343604,92.955243,74.965107,173.831736,73,73,仅使用 A 口，全局 X 极化通道。
7.738000,75.000000,0.000000,x_only_a_port,E2-E4,100.000000,437.050078,-149.904625,-149.904625,51.388889,-11.475025,0.000000,0.000000,0.000000,73,73,仅使用 A 口，全局 X 极化通道。
7.738000,75.000000,45.000000,x_only_a_port,E2-E4,100.000000,536.956732,-69.306994,-69.306994,54.166667,-14.537443,73.343484,68.016875,119.059896,73,73,仅使用 A 口，全局 X 极化通道。
7.738000,75.000000,90.000000,x_only_a_port,E2-E4,98.630137,712.868578,33.083936,33.083936,56.338028,-36.297983,145.251108,137.972636,179.816785,72,73,仅使用 A 口，全局 X 极化通道。
7.738000,75.000000,135.000000,x_only_a_port,E2-E4,100.000000,514.730679,107.229036,107.229036,51.388889,-18.966265,82.636141,77.237305,116.689390,73,73,仅使用 A 口，全局 X 极化通道。
7.738000,75.000000,0.000000,x_only_a_port,E1-E2,100.000000,189.941662,12.672534,12.672534,62.500000,-11.704151,0.000000,0.000000,0.000000,73,73,仅使用 A 口，全局 X 极化通道。
7.738000,75.000000,45.000000,x_only_a_port,E1-E2,100.000000,206.432063,-21.530335,-21.530335,52.777778,-19.595918,32.916297,28.743466,59.812595,73,73,仅使用 A 口，全局 X 极化通道。
7.738000,75.000000,90.000000,x_only_a_port,E1-E2,98.630137,242.056656,-24.297576,-24.297576,59.154930,-36.058209,39.212712,34.362161,80.475409,72,73,仅使用 A 口，全局 X 极化通道。
7.738000,75.000000,135.000000,x_only_a_port,E1-E2,100.000000,226.626923,-12.083665,-12.083665,51.388889,-18.966265,31.780836,25.980925,65.233753,73,73,仅使用 A 口，全局 X 极化通道。
7.738000,75.000000,0.000000,x_only_a_port,E2-E3,100.000000,296.980282,43.947391,43.947391,56.944444,-10.184342,0.000000,0.000000,0.000000,73,73,仅使用 A 口，全局 X 极化通道。
7.738000,75.000000,45.000000,x_only_a_port,E2-E3,100.000000,388.021038,113.217030,113.217030,58.333333,-14.989040,69.899463,64.301711,112.394653,73,73,仅使用 A 口，全局 X 极化通道。
7.738000,75.000000,90.000000,x_only_a_port,E2-E3,95.890411,516.722857,153.402030,153.402030,57.971014,-40.902826,120.890658,117.063423,177.396612,70,73,仅使用 A 口，全局 X 极化通道。
7.738000,75.000000,135.000000,x_only_a_port,E2-E3,100.000000,407.142326,-61.876413,-61.876413,52.777778,-18.966265,80.450133,75.321387,108.903263,73,73,仅使用 A 口，全局 X 极化通道。
7.738000,75.000000,0.000000,x_only_a_port,E3-E4,100.000000,149.709545,166.147984,166.147984,55.555556,-8.340618,0.000000,0.000000,0.000000,73,73,仅使用 A 口，全局 X 极化通道。
7.738000,75.000000,45.000000,x_only_a_port,E3-E4,100.000000,168.057497,177.475976,177.475976,54.166667,-10.711659,11.208563,10.317036,18.054895,73,73,仅使用 A 口，全局 X 极化通道。
7.738000,75.000000,90.000000,x_only_a_port,E3-E4,100.000000,451.904956,-120.318094,-120.318094,56.944444,-27.140592,73.483102,60.078364,174.309478,73,73,仅使用 A 口，全局 X 极化通道。
7.738000,75.000000,135.000000,x_only_a_port,E3-E4,100.000000,132.436629,169.105449,169.105449,59.722222,-9.498808,9.170356,7.471649,18.935299,73,73,仅使用 A 口，全局 X 极化通道。
7.738000,75.000000,0.000000,x_only_a_port,E4-E1,100.000000,273.020191,137.232091,137.232091,55.555556,-8.103731,0.000000,0.000000,0.000000,73,73,仅使用 A 口，全局 X 极化通道。
7.738000,75.000000,45.000000,x_only_a_port,E4-E1,100.000000,391.693214,90.837329,90.837329,56.944444,-19.595918,77.209441,59.170921,177.982079,73,73,仅使用 A 口，全局 X 极化通道。
7.738000,75.000000,90.000000,x_only_a_port,E4-E1,94.520548,707.962499,-8.786360,351.213640,51.470588,-37.081970,119.712024,114.287295,176.962680,69,73,仅使用 A 口，全局 X 极化通道。
7.738000,75.000000,135.000000,x_only_a_port,E4-E1,100.000000,318.476813,-95.145372,-95.145372,52.777778,-16.343604,94.380093,76.819188,179.979462,73,73,仅使用 A 口，全局 X 极化通道。
7.738000,90.000000,0.000000,x_only_a_port,E1-E3,100.000000,25.853918,72.347107,72.347107,59.722222,-10.806689,0.000000,0.000000,0.000000,73,73,仅使用 A 口，全局 X 极化通道。
7.738000,90.000000,45.000000,x_only_a_port,E1-E3,100.000000,186.819461,100.538324,100.538324,61.111111,-24.284505,63.733950,45.171344,162.171374,73,73,仅使用 A 口，全局 X 极化通道。
7.738000,90.000000,90.000000,x_only_a_port,E1-E3,95.890411,360.000000,170.966048,530.966048,75.362319,-37.754553,121.804762,118.950050,159.395279,70,73,仅使用 A 口，全局 X 极化通道。
7.738000,90.000000,135.000000,x_only_a_port,E1-E3,100.000000,174.558639,-27.610667,-27.610667,65.277778,-20.442306,70.357748,55.667689,150.293686,73,73,仅使用 A 口，全局 X 极化通道。
7.738000,90.000000,0.000000,x_only_a_port,E2-E4,100.000000,436.294028,-110.996705,-110.996705,50.000000,-8.714091,0.000000,0.000000,0.000000,73,73,仅使用 A 口，全局 X 极化通道。
7.738000,90.000000,45.000000,x_only_a_port,E2-E4,100.000000,521.201142,-47.618621,-47.618621,55.555556,-19.977386,70.590601,62.556617,125.590155,73,73,仅使用 A 口，全局 X 极化通道。
7.738000,90.000000,90.000000,x_only_a_port,E2-E4,94.520548,468.027976,67.917683,67.917683,52.941176,-42.426096,170.463017,170.266750,179.416985,69,73,仅使用 A 口，全局 X 极化通道。
7.738000,90.000000,135.000000,x_only_a_port,E2-E4,100.000000,531.808331,127.463323,127.463323,51.388889,-13.908727,82.127159,71.257706,128.114181,73,73,仅使用 A 口，全局 X 极化通道。
7.738000,90.000000,0.000000,x_only_a_port,E1-E2,100.000000,237.009020,-8.371614,-8.371614,58.333333,-12.126598,0.000000,0.000000,0.000000,73,73,仅使用 A 口，全局 X 极化通道。
7.738000,90.000000,45.000000,x_only_a_port,E1-E2,100.000000,258.407579,-23.453706,-23.453706,59.722222,-24.284505,23.837166,20.291921,51.413649,73,73,仅使用 A 口，全局 X 极化通道。
7.738000,90.000000,90.000000,x_only_a_port,E1-E2,100.000000,588.056827,-23.290065,336.709935,52.777778,-33.377098,34.793757,25.456674,151.351794,73,73,仅使用 A 口，全局 X 极化通道。
7.738000,90.000000,135.000000,x_only_a_port,E1-E2,100.000000,292.387359,10.233842,10.233842,52.777778,-20.442306,24.521674,19.140211,55.705431,73,73,仅使用 A 口，全局 X 极化通道。
7.738000,90.000000,0.000000,x_only_a_port,E2-E3,100.000000,231.938685,80.718721,80.718721,52.777778,-8.104171,0.000000,0.000000,0.000000,73,73,仅使用 A 口，全局 X 极化通道。
7.738000,90.000000,45.000000,x_only_a_port,E2-E3,100.000000,339.121564,123.992030,123.992030,61.111111,-19.977386,65.389495,55.836929,121.382366,73,73,仅使用 A 口，全局 X 极化通道。
7.738000,90.000000,90.000000,x_only_a_port,E2-E3,95.890411,311.734159,-165.743887,-165.743887,66.666667,-37.895496,135.161513,131.060535,179.536986,70,73,仅使用 A 口，全局 X 极化通道。
7.738000,90.000000,135.000000,x_only_a_port,E2-E3,100.000000,350.355771,-37.844508,-37.844508,50.000000,-13.180976,79.272879,67.762186,123.556676,73,73,仅使用 A 口，全局 X 极化通道。
7.738000,90.000000,0.000000,x_only_a_port,E3-E4,100.000000,212.157243,168.284574,168.284574,54.166667,-7.394182,0.000000,0.000000,0.000000,73,73,仅使用 A 口，全局 X 极化通道。
7.738000,90.000000,45.000000,x_only_a_port,E3-E4,100.000000,220.348772,-171.610651,-171.610651,55.555556,-7.347832,11.024581,8.727804,21.736981,73,73,仅使用 A 口，全局 X 极化通道。
7.738000,90.000000,90.000000,x_only_a_port,E3-E4,100.000000,618.674319,-126.338430,-486.338430,51.388889,-32.251324,59.807584,47.323548,131.395834,73,73,仅使用 A 口，全局 X 极化通道。
7.738000,90.000000,135.000000,x_only_a_port,E3-E4,100.000000,207.436084,165.307832,165.307832,52.777778,-10.870959,5.579402,4.676525,11.328007,73,73,仅使用 A 口，全局 X 极化通道。
7.738000,90.000000,0.000000,x_only_a_port,E4-E1,100.000000,221.645186,119.368319,119.368319,58.333333,-8.336918,0.000000,0.000000,0.000000,73,73,仅使用 A 口，全局 X 极化通道。
7.738000,90.000000,45.000000,x_only_a_port,E4-E1,100.000000,317.652063,71.072327,71.072327,59.722222,-24.284505,67.312900,51.935096,163.998217,73,73,仅使用 A 口，全局 X 极化通道。
7.738000,90.000000,90.000000,x_only_a_port,E4-E1,94.520548,323.799914,-44.627618,-44.627618,57.352941,-42.285153,151.070261,150.130682,177.312749,69,73,仅使用 A 口，全局 X 极化通道。
7.738000,90.000000,135.000000,x_only_a_port,E4-E1,100.000000,255.573502,-137.697165,-137.697165,54.166667,-20.442306,73.356477,59.278930,156.696991,73,73,仅使用 A 口，全局 X 极化通道。
7.738000,45.000000,0.000000,y_only_b_port,E1-E3,100.000000,333.954310,79.798856,79.798856,55.555556,-18.033821,0.000000,0.000000,0.000000,73,73,仅使用 B 口，全局 Y 极化通道。
7.738000,45.000000,45.000000,y_only_b_port,E1-E3,100.000000,534.452719,-18.698157,-18.698157,55.555556,-27.609478,108.821852,102.722055,163.508516,73,73,仅使用 B 口，全局 Y 极化通道。
7.738000,45.000000,90.000000,y_only_b_port,E1-E3,97.260274,477.340189,-46.558923,313.441077,64.285714,-42.460519,139.564532,135.686870,179.916610,71,73,仅使用 B 口，全局 Y 极化通道。
7.738000,45.000000,135.000000,y_only_b_port,E1-E3,100.000000,502.492844,-84.927889,-84.927889,52.777778,-23.011788,134.646977,125.503167,179.559545,73,73,仅使用 B 口，全局 Y 极化通道。
7.738000,45.000000,0.000000,y_only_b_port,E2-E4,100.000000,359.185858,-67.546740,-67.546740,56.944444,-12.529816,0.000000,0.000000,0.000000,73,73,仅使用 B 口，全局 Y 极化通道。
7.738000,45.000000,45.000000,y_only_b_port,E2-E4,100.000000,473.814108,178.283532,178.283532,55.555556,-25.891238,124.018472,117.305288,178.890307,73,73,仅使用 B 口，全局 Y 极化通道。
7.738000,45.000000,90.000000,y_only_b_port,E2-E4,95.890411,432.444844,122.090354,122.090354,59.420290,-41.950770,150.700648,146.408891,179.983083,70,73,仅使用 B 口，全局 Y 极化通道。
7.738000,45.000000,135.000000,y_only_b_port,E2-E4,100.000000,498.605514,74.505592,74.505592,54.166667,-23.940030,98.031005,90.689556,145.512244,73,73,仅使用 B 口，全局 Y 极化通道。
7.738000,45.000000,0.000000,y_only_b_port,E1-E2,100.000000,100.313822,-14.415041,-14.415041,51.388889,-16.135391,0.000000,0.000000,0.000000,73,73,仅使用 B 口，全局 Y 极化通道。
7.738000,45.000000,45.000000,y_only_b_port,E1-E2,100.000000,64.459357,10.375504,10.375504,59.722222,-26.905680,42.134387,34.681195,77.370881,73,73,仅使用 B 口，全局 Y 极化通道。
7.738000,45.000000,90.000000,y_only_b_port,E1-E2,100.000000,81.172448,3.984093,3.984093,63.888889,-31.284260,30.894909,26.623366,60.459890,73,73,仅使用 B 口，全局 Y 极化通道。
7.738000,45.000000,135.000000,y_only_b_port,E1-E2,100.000000,58.271155,-10.018463,-10.018463,70.833333,-23.940030,19.666670,16.201730,40.866569,73,73,仅使用 B 口，全局 Y 极化通道。
7.738000,45.000000,0.000000,y_only_b_port,E2-E3,100.000000,345.784418,94.213897,94.213897,58.333333,-14.033344,0.000000,0.000000,0.000000,73,73,仅使用 B 口，全局 Y 极化通道。
7.738000,45.000000,45.000000,y_only_b_port,E2-E3,100.000000,514.491573,-29.073661,-29.073661,55.555556,-26.595037,125.878998,120.963702,176.627691,73,73,仅使用 B 口，全局 Y 极化通道。
7.738000,45.000000,90.000000,y_only_b_port,E2-E3,97.260274,472.693280,-50.543016,309.456984,64.285714,-43.589418,146.231985,141.567739,179.679866,71,73,仅使用 B 口，全局 Y 极化通道。
7.738000,45.000000,135.000000,y_only_b_port,E2-E3,100.000000,532.922419,-74.909425,-74.909425,54.166667,-26.116462,128.018770,118.948385,179.061242,73,73,仅使用 B 口，全局 Y 极化通道。
7.738000,45.000000,0.000000,y_only_b_port,E3-E4,100.000000,50.566190,-161.760637,-161.760637,54.166667,-14.428247,0.000000,0.000000,0.000000,73,73,仅使用 B 口，全局 Y 极化通道。
7.738000,45.000000,45.000000,y_only_b_port,E3-E4,100.000000,85.783218,-152.642807,-152.642807,68.055556,-16.693330,18.957703,14.842359,37.375036,73,73,仅使用 B 口，全局 Y 极化通道。
7.738000,45.000000,90.000000,y_only_b_port,E3-E4,100.000000,725.679956,172.633370,-547.366630,66.666667,-33.245255,49.190036,31.260613,178.046048,73,73,仅使用 B 口，全局 Y 极化通道。
7.738000,45.000000,135.000000,y_only_b_port,E3-E4,100.000000,55.531330,149.415017,149.415017,56.944444,-18.907627,34.155966,30.873201,54.926434,73,73,仅使用 B 口，全局 Y 极化通道。
7.738000,45.000000,0.000000,y_only_b_port,E4-E1,100.000000,325.446131,81.961780,81.961780,59.722222,-11.762939,0.000000,0.000000,0.000000,73,73,仅使用 B 口，全局 Y 极化通道。
7.738000,45.000000,45.000000,y_only_b_port,E4-E1,100.000000,493.775255,171.340964,171.340964,55.555556,-20.833575,97.477427,89.990088,137.021571,73,73,仅使用 B 口，全局 Y 极化通道。
7.738000,45.000000,90.000000,y_only_b_port,E4-E1,97.260274,446.512381,-126.074446,-126.074446,55.714286,-40.821871,149.197779,146.005314,178.741404,71,73,仅使用 B 口，全局 Y 极化通道。
7.738000,45.000000,135.000000,y_only_b_port,E4-E1,100.000000,468.412361,-64.487128,-64.487128,52.777778,-19.003820,110.202807,101.753407,156.121530,73,73,仅使用 B 口，全局 Y 极化通道。
7.738000,60.000000,0.000000,y_only_b_port,E1-E3,100.000000,219.916253,22.383403,22.383403,52.777778,-19.825078,0.000000,0.000000,0.000000,73,73,仅使用 B 口，全局 Y 极化通道。
7.738000,60.000000,45.000000,y_only_b_port,E1-E3,100.000000,423.844030,-29.283285,-29.283285,56.944444,-31.376085,102.038390,84.863795,178.561762,73,73,仅使用 B 口，全局 Y 极化通道。
7.738000,60.000000,90.000000,y_only_b_port,E1-E3,98.630137,192.904389,-55.799001,-55.799001,50.704225,-49.402921,100.228358,97.524997,174.902712,72,73,仅使用 B 口，全局 Y 极化通道。
7.738000,60.000000,135.000000,y_only_b_port,E1-E3,100.000000,395.040245,-117.397081,-117.397081,54.166667,-20.406147,108.624467,95.966054,178.652894,73,73,仅使用 B 口，全局 Y 极化通道。
7.738000,60.000000,0.000000,y_only_b_port,E2-E4,100.000000,395.542865,-129.951400,-129.951400,54.166667,-10.516727,0.000000,0.000000,0.000000,73,73,仅使用 B 口，全局 Y 极化通道。
7.738000,60.000000,45.000000,y_only_b_port,E2-E4,100.000000,360.000000,157.689004,517.689004,66.666667,-26.663662,107.449574,95.740864,178.550034,73,73,仅使用 B 口，全局 Y 极化通道。
7.738000,60.000000,90.000000,y_only_b_port,E2-E4,100.000000,395.092982,106.265276,106.265276,54.166667,-33.869096,129.732352,128.413686,178.771552,73,73,仅使用 B 口，全局 Y 极化通道。
7.738000,60.000000,135.000000,y_only_b_port,E2-E4,100.000000,561.094413,55.034297,55.034297,52.777778,-29.303975,117.407626,103.225717,179.479810,73,73,仅使用 B 口，全局 Y 极化通道。
7.738000,60.000000,0.000000,y_only_b_port,E1-E2,100.000000,102.630109,11.243230,11.243230,63.888889,-10.232765,0.000000,0.000000,0.000000,73,73,仅使用 B 口，全局 Y 极化通道。
7.738000,60.000000,45.000000,y_only_b_port,E1-E2,100.000000,360.000000,8.415044,-351.584956,81.944444,-26.795994,48.439526,29.179823,167.523978,73,73,仅使用 B 口，全局 Y 极化通道。
7.738000,60.000000,90.000000,y_only_b_port,E1-E2,100.000000,377.245198,1.066224,-358.933776,66.666667,-34.456406,34.135262,23.395990,149.095907,73,73,仅使用 B 口，全局 Y 极化通道。
7.738000,60.000000,135.000000,y_only_b_port,E1-E2,100.000000,179.919912,-24.161950,-24.161950,51.388889,-29.303975,35.226764,27.872170,102.134356,73,73,仅使用 B 口，全局 Y 极化通道。
7.738000,60.000000,0.000000,y_only_b_port,E2-E3,100.000000,311.084968,11.140173,11.140173,55.555556,-15.252066,0.000000,0.000000,0.000000,73,73,仅使用 B 口，全局 Y 极化通道。
7.738000,60.000000,45.000000,y_only_b_port,E2-E3,100.000000,365.652580,-37.698329,322.301671,66.666667,-31.243753,92.682471,82.013863,176.791504,73,73,仅使用 B 口，全局 Y 极化通道。
7.738000,60.000000,90.000000,y_only_b_port,E2-E3,98.630137,367.397876,-56.865225,-56.865225,57.746479,-51.189231,97.476084,92.812165,176.627940,72,73,仅使用 B 口，全局 Y 极化通道。
7.738000,60.000000,135.000000,y_only_b_port,E2-E3,100.000000,506.101699,-93.235131,-93.235131,51.388889,-29.303975,103.144192,91.608433,178.164099,73,73,仅使用 B 口，全局 Y 极化通道。
7.738000,60.000000,0.000000,y_only_b_port,E3-E4,100.000000,91.223030,-141.091573,-141.091573,54.166667,-12.244548,0.000000,0.000000,0.000000,73,73,仅使用 B 口，全局 Y 极化通道。
7.738000,60.000000,45.000000,y_only_b_port,E3-E4,100.000000,149.711234,-164.612667,-164.612667,55.555556,-21.030115,26.371925,23.762619,42.454772,73,73,仅使用 B 口，全局 Y 极化通道。
7.738000,60.000000,90.000000,y_only_b_port,E3-E4,98.630137,168.119570,163.130501,163.130501,50.704225,-40.950732,51.524267,43.631937,122.217526,72,73,仅使用 B 口，全局 Y 极化通道。
7.738000,60.000000,135.000000,y_only_b_port,E3-E4,100.000000,97.298441,148.269428,148.269428,52.777778,-15.755410,43.579240,34.135756,82.734008,73,73,仅使用 B 口，全局 Y 极化通道。
7.738000,60.000000,0.000000,y_only_b_port,E4-E1,100.000000,304.523588,118.708170,118.708170,51.388889,-15.089739,0.000000,0.000000,0.000000,73,73,仅使用 B 口，全局 Y 极化通道。
7.738000,60.000000,45.000000,y_only_b_port,E4-E1,100.000000,451.101842,-166.104048,-166.104048,55.555556,-21.533716,92.317137,81.848566,159.819451,73,73,仅使用 B 口，全局 Y 极化通道。
7.738000,60.000000,90.000000,y_only_b_port,E4-E1,100.000000,617.949650,-107.331500,252.668500,52.777778,-32.670096,133.570408,132.439101,176.998345,73,73,仅使用 B 口，全局 Y 极化通道。
7.738000,60.000000,135.000000,y_only_b_port,E4-E1,100.000000,440.802841,-30.872348,-30.872348,50.000000,-19.921456,100.060136,88.976035,151.627380,73,73,仅使用 B 口，全局 Y 极化通道。
7.738000,75.000000,0.000000,y_only_b_port,E1-E3,100.000000,110.488784,-3.751245,-3.751245,55.555556,-19.345426,0.000000,0.000000,0.000000,73,73,仅使用 B 口，全局 Y 极化通道。
7.738000,75.000000,45.000000,y_only_b_port,E1-E3,100.000000,302.963621,-38.108368,-38.108368,59.722222,-28.022724,83.671385,63.659280,179.680776,73,73,仅使用 B 口，全局 Y 极化通道。
7.738000,75.000000,90.000000,y_only_b_port,E1-E3,100.000000,219.578523,-67.456452,-67.456452,50.000000,-33.435743,87.631734,84.146963,172.844203,73,73,仅使用 B 口，全局 Y 极化通道。
7.738000,75.000000,135.000000,y_only_b_port,E1-E3,100.000000,255.392524,174.252340,174.252340,55.555556,-22.016344,103.675865,84.984608,178.169833,73,73,仅使用 B 口，全局 Y 极化通道。
7.738000,75.000000,0.000000,y_only_b_port,E2-E4,100.000000,437.827147,-158.722333,-158.722333,51.388889,-14.331770,0.000000,0.000000,0.000000,73,73,仅使用 B 口，全局 Y 极化通道。
7.738000,75.000000,45.000000,y_only_b_port,E2-E4,100.000000,542.217607,139.052374,139.052374,59.722222,-28.907252,88.402696,73.929096,171.478060,73,73,仅使用 B 口，全局 Y 极化通道。
7.738000,75.000000,90.000000,y_only_b_port,E2-E4,100.000000,417.175015,90.790773,90.790773,51.388889,-31.479072,112.450653,110.789385,170.213822,73,73,仅使用 B 口，全局 Y 极化通道。
7.738000,75.000000,135.000000,y_only_b_port,E2-E4,100.000000,569.596484,23.225967,23.225967,52.777778,-19.902699,109.928897,91.572609,179.514813,73,73,仅使用 B 口，全局 Y 极化通道。
7.738000,75.000000,0.000000,y_only_b_port,E1-E2,100.000000,168.670718,12.031506,12.031506,54.166667,-8.427930,0.000000,0.000000,0.000000,73,73,仅使用 B 口，全局 Y 极化通道。
7.738000,75.000000,45.000000,y_only_b_port,E1-E2,100.000000,219.000440,6.330156,6.330156,70.833333,-28.907252,20.740078,15.799429,42.826796,73,73,仅使用 B 口，全局 Y 极化通道。
7.738000,75.000000,90.000000,y_only_b_port,E1-E2,98.630137,208.446324,-3.071089,-3.071089,61.971831,-35.913684,25.334465,17.876933,110.629158,72,73,仅使用 B 口，全局 Y 极化通道。
7.738000,75.000000,135.000000,y_only_b_port,E1-E2,100.000000,180.107330,-48.328214,-48.328214,52.777778,-19.079771,37.328019,29.291861,70.043522,73,73,仅使用 B 口，全局 Y 极化通道。
7.738000,75.000000,0.000000,y_only_b_port,E2-E3,100.000000,276.360927,-15.782751,-15.782751,52.777778,-17.143250,0.000000,0.000000,0.000000,73,73,仅使用 B 口，全局 Y 极化通道。
7.738000,75.000000,45.000000,y_only_b_port,E2-E3,100.000000,459.085779,-44.438524,-44.438524,61.111111,-28.907252,84.018786,63.244524,176.236684,73,73,仅使用 B 口，全局 Y 极化通道。
7.738000,75.000000,90.000000,y_only_b_port,E2-E3,98.630137,282.998154,-64.385363,-64.385363,54.929577,-35.364326,69.589687,67.592066,138.629489,72,73,仅使用 B 口，全局 Y 极化通道。
7.738000,75.000000,135.000000,y_only_b_port,E2-E3,100.000000,426.980803,-137.419446,-137.419446,54.166667,-23.035057,96.809493,79.820230,178.036239,73,73,仅使用 B 口，全局 Y 极化通道。
7.738000,75.000000,0.000000,y_only_b_port,E3-E4,100.000000,175.047303,-142.939582,-142.939582,54.166667,-9.502006,0.000000,0.000000,0.000000,73,73,仅使用 B 口，全局 Y 极化通道。
7.738000,75.000000,45.000000,y_only_b_port,E3-E4,100.000000,192.337206,-176.509101,-176.509101,52.777778,-18.275492,29.494817,25.453119,54.089721,73,73,仅使用 B 口，全局 Y 极化通道。
7.738000,75.000000,90.000000,y_only_b_port,E3-E4,100.000000,159.123070,155.176135,155.176135,52.777778,-26.175595,48.543558,45.464479,82.955060,73,73,仅使用 B 口，全局 Y 极化通道。
7.738000,75.000000,135.000000,y_only_b_port,E3-E4,100.000000,179.227414,160.645412,160.645412,54.166667,-16.365572,36.876969,28.939802,73.242207,73,73,仅使用 B 口，全局 Y 极化通道。
7.738000,75.000000,0.000000,y_only_b_port,E4-E1,100.000000,283.901040,146.690827,146.690827,54.166667,-16.533945,0.000000,0.000000,0.000000,73,73,仅使用 B 口，全局 Y 极化通道。
7.738000,75.000000,45.000000,y_only_b_port,E4-E1,100.000000,369.999616,-145.382531,-145.382531,61.111111,-21.844836,75.277361,66.803191,136.637048,73,73,仅使用 B 口，全局 Y 极化通道。
7.738000,75.000000,90.000000,y_only_b_port,E4-E1,100.000000,315.237851,-87.719683,-87.719683,50.000000,-33.435743,128.419318,126.991164,178.652429,73,73,仅使用 B 口，全局 Y 极化通道。
7.738000,75.000000,135.000000,y_only_b_port,E4-E1,100.000000,391.265333,25.102247,25.102247,51.388889,-18.883985,80.050532,70.808585,129.589650,73,73,仅使用 B 口，全局 Y 极化通道。
7.738000,90.000000,0.000000,y_only_b_port,E1-E3,100.000000,36.540748,-18.698157,-18.698157,63.888889,-18.514690,0.000000,0.000000,0.000000,73,73,仅使用 B 口，全局 Y 极化通道。
7.738000,90.000000,45.000000,y_only_b_port,E1-E3,100.000000,190.411629,-46.558923,-46.558923,51.388889,-25.701462,63.117167,48.099582,150.805275,73,73,仅使用 B 口，全局 Y 极化通道。
7.738000,90.000000,90.000000,y_only_b_port,E1-E3,100.000000,138.298362,-84.927889,-84.927889,54.166667,-30.882801,93.395432,89.329488,175.773568,73,73,仅使用 B 口，全局 Y 极化通道。
7.738000,90.000000,135.000000,y_only_b_port,E1-E3,100.000000,145.585584,79.798856,79.798856,54.166667,-21.412465,65.830151,55.635716,119.833007,73,73,仅使用 B 口，全局 Y 极化通道。
7.738000,90.000000,0.000000,y_only_b_port,E2-E4,100.000000,455.594980,178.283532,178.283532,51.388889,-16.476740,0.000000,0.000000,0.000000,73,73,仅使用 B 口，全局 Y 极化通道。
7.738000,90.000000,45.000000,y_only_b_port,E2-E4,100.000000,482.026371,122.090354,122.090354,51.388889,-23.283486,55.943390,51.432985,84.880791,73,73,仅使用 B 口，全局 Y 极化通道。
7.738000,90.000000,90.000000,y_only_b_port,E2-E4,95.890411,571.008862,74.505592,434.505592,55.072464,-45.292769,104.251748,103.609428,120.724907,70,73,仅使用 B 口，全局 Y 极化通道。
7.738000,90.000000,135.000000,y_only_b_port,E2-E4,100.000000,513.599807,-67.546740,-67.546740,51.388889,-16.739306,74.556643,63.441273,125.080996,73,73,仅使用 B 口，全局 Y 极化通道。
7.738000,90.000000,0.000000,y_only_b_port,E1-E2,100.000000,235.545944,10.375504,10.375504,52.777778,-7.400350,0.000000,0.000000,0.000000,73,73,仅使用 B 口，全局 Y 极化通道。
7.738000,90.000000,45.000000,y_only_b_port,E1-E2,100.000000,233.116042,3.984093,3.984093,55.555556,-23.283486,8.236438,6.545105,20.927192,73,73,仅使用 B 口，全局 Y 极化通道。
7.738000,90.000000,90.000000,y_only_b_port,E1-E2,98.630137,418.528817,-10.018463,-10.018463,53.521127,-45.292769,43.480731,28.356133,172.868341,72,73,仅使用 B 口，全局 Y 极化通道。
7.738000,90.000000,135.000000,y_only_b_port,E1-E2,100.000000,234.902215,-14.415041,-14.415041,52.777778,-13.505295,15.628963,11.523759,36.751237,73,73,仅使用 B 口，全局 Y 极化通道。
7.738000,90.000000,0.000000,y_only_b_port,E2-E3,100.000000,224.498075,-29.073661,-29.073661,50.000000,-17.871953,0.000000,0.000000,0.000000,73,73,仅使用 B 口，全局 Y 极化通道。
7.738000,90.000000,45.000000,y_only_b_port,E2-E3,100.000000,319.850349,-50.543016,-50.543016,58.333333,-27.095258,59.641653,44.496712,133.645385,73,73,仅使用 B 口，全局 Y 极化通道。
7.738000,90.000000,90.000000,y_only_b_port,E2-E3,98.630137,321.549955,-74.909425,-74.909425,53.521127,-45.292769,66.832591,62.426271,153.114990,72,73,仅使用 B 口，全局 Y 极化通道。
7.738000,90.000000,135.000000,y_only_b_port,E2-E3,100.000000,279.855788,94.213897,94.213897,58.333333,-22.717011,76.996156,60.917479,146.355127,73,73,仅使用 B 口，全局 Y 极化通道。
7.738000,90.000000,0.000000,y_only_b_port,E3-E4,100.000000,244.432891,-152.642807,-152.642807,51.388889,-8.098106,0.000000,0.000000,0.000000,73,73,仅使用 B 口，全局 Y 极化通道。
7.738000,90.000000,45.000000,y_only_b_port,E3-E4,100.000000,241.944505,172.633370,172.633370,52.777778,-16.520678,29.856828,26.261532,56.449580,73,73,仅使用 B 口，全局 Y 极化通道。
7.738000,90.000000,90.000000,y_only_b_port,E3-E4,98.630137,329.973050,149.415017,149.415017,59.154930,-36.005210,47.001881,43.712890,112.676906,72,73,仅使用 B 口，全局 Y 极化通道。
7.738000,90.000000,135.000000,y_only_b_port,E3-E4,100.000000,260.702950,-161.760637,-161.760637,51.388889,-15.331429,13.007570,10.082535,24.051861,73,73,仅使用 B 口，全局 Y 极化通道。
7.738000,90.000000,0.000000,y_only_b_port,E4-E1,100.000000,236.534389,171.340964,171.340964,55.555556,-17.119477,0.000000,0.000000,0.000000,73,73,仅使用 B 口，全局 Y 极化通道。
7.738000,90.000000,45.000000,y_only_b_port,E4-E1,100.000000,285.524806,-126.074446,-126.074446,59.722222,-20.820970,60.372487,54.983940,96.203537,73,73,仅使用 B 口，全局 Y 极化通道。
7.738000,90.000000,90.000000,y_only_b_port,E4-E1,97.260274,296.096430,-64.487128,-64.487128,62.857143,-40.500883,123.633396,121.819071,175.984156,71,73,仅使用 B 口，全局 Y 极化通道。
7.738000,90.000000,135.000000,y_only_b_port,E4-E1,100.000000,331.484533,81.961780,81.961780,50.000000,-15.434760,64.740219,58.147131,97.833695,73,73,仅使用 B 口，全局 Y 极化通道。
7.738000,45.000000,0.000000,dualpol_vector_correlation,E1-E3,100.000000,344.667635,-5.156710,-5.156710,58.333333,-9.584925,0.000000,0.000000,0.000000,73,73,推荐的双极化 PDOA：用 X/Y 两通道向量相关直接估计两阵元相位差。
7.738000,45.000000,45.000000,dualpol_vector_correlation,E1-E3,100.000000,434.395594,36.544264,36.544264,56.944444,-22.390524,74.018541,54.942997,179.777785,73,73,推荐的双极化 PDOA：用 X/Y 两通道向量相关直接估计两阵元相位差。
7.738000,45.000000,90.000000,dualpol_vector_correlation,E1-E3,100.000000,374.928605,39.556422,39.556422,52.777778,-28.561194,79.382520,64.652239,152.834534,73,73,推荐的双极化 PDOA：用 X/Y 两通道向量相关直接估计两阵元相位差。
7.738000,45.000000,135.000000,dualpol_vector_correlation,E1-E3,100.000000,360.000000,-122.779280,237.220720,65.277778,-19.156045,106.608931,96.295987,174.562724,73,73,推荐的双极化 PDOA：用 X/Y 两通道向量相关直接估计两阵元相位差。
7.738000,45.000000,0.000000,dualpol_vector_correlation,E2-E4,100.000000,363.615772,131.877526,131.877526,61.111111,-8.098841,0.000000,0.000000,0.000000,73,73,推荐的双极化 PDOA：用 X/Y 两通道向量相关直接估计两阵元相位差。
7.738000,45.000000,45.000000,dualpol_vector_correlation,E2-E4,100.000000,360.000000,-149.724819,210.275181,65.277778,-13.958321,90.888958,83.548557,167.717127,73,73,推荐的双极化 PDOA：用 X/Y 两通道向量相关直接估计两阵元相位差。
7.738000,45.000000,90.000000,dualpol_vector_correlation,E2-E4,100.000000,360.000000,106.638800,466.638800,61.111111,-26.098180,83.918304,69.341488,166.523429,73,73,推荐的双极化 PDOA：用 X/Y 两通道向量相关直接估计两阵元相位差。
7.738000,45.000000,135.000000,dualpol_vector_correlation,E2-E4,100.000000,415.789860,71.454159,71.454159,55.555556,-18.600405,63.008868,56.342434,107.553849,73,73,推荐的双极化 PDOA：用 X/Y 两通道向量相关直接估计两阵元相位差。
7.738000,45.000000,0.000000,dualpol_vector_correlation,E1-E2,100.000000,25.476053,2.330208,2.330208,51.388889,-7.244510,0.000000,0.000000,0.000000,73,73,推荐的双极化 PDOA：用 X/Y 两通道向量相关直接估计两阵元相位差。
7.738000,45.000000,45.000000,dualpol_vector_correlation,E1-E2,100.000000,44.182800,5.161474,5.161474,54.166667,-17.922621,13.743630,9.818899,30.944527,73,73,推荐的双极化 PDOA：用 X/Y 两通道向量相关直接估计两阵元相位差。
7.738000,45.000000,90.000000,dualpol_vector_correlation,E1-E2,100.000000,33.269550,-7.990107,-7.990107,52.777778,-26.555206,10.799372,8.119577,25.865100,73,73,推荐的双极化 PDOA：用 X/Y 两通道向量相关直接估计两阵元相位差。
7.738000,45.000000,135.000000,dualpol_vector_correlation,E1-E2,100.000000,49.145951,-18.195227,-18.195227,58.333333,-18.600405,17.691452,14.759072,35.677488,73,73,推荐的双极化 PDOA：用 X/Y 两通道向量相关直接估计两阵元相位差。
7.738000,45.000000,0.000000,dualpol_vector_correlation,E2-E3,100.000000,307.767064,-31.996259,-31.996259,61.111111,-9.234516,0.000000,0.000000,0.000000,73,73,推荐的双极化 PDOA：用 X/Y 两通道向量相关直接估计两阵元相位差。
7.738000,45.000000,45.000000,dualpol_vector_correlation,E2-E3,100.000000,393.239462,14.763161,14.763161,59.722222,-20.047167,63.328145,54.528453,110.733142,73,73,推荐的双极化 PDOA：用 X/Y 两通道向量相关直接估计两阵元相位差。
7.738000,45.000000,90.000000,dualpol_vector_correlation,E2-E3,100.000000,404.271698,-37.694890,-37.694890,56.944444,-28.104168,67.521195,54.345843,149.596911,73,73,推荐的双极化 PDOA：用 X/Y 两通道向量相关直接估计两阵元相位差。
7.738000,45.000000,135.000000,dualpol_vector_correlation,E2-E3,100.000000,456.410190,-100.024745,-100.024745,58.333333,-20.517626,66.273250,60.066280,117.265213,73,73,推荐的双极化 PDOA：用 X/Y 两通道向量相关直接估计两阵元相位差。
7.738000,45.000000,0.000000,dualpol_vector_correlation,E3-E4,100.000000,12.687072,170.304753,170.304753,52.777778,-10.439256,0.000000,0.000000,0.000000,73,73,推荐的双极化 PDOA：用 X/Y 两通道向量相关直接估计两阵元相位差。
7.738000,45.000000,45.000000,dualpol_vector_correlation,E3-E4,100.000000,83.687503,177.609070,177.609070,52.777778,-15.405941,20.684174,17.144091,39.393507,73,73,推荐的双极化 PDOA：用 X/Y 两通道向量相关直接估计两阵元相位差。
7.738000,45.000000,90.000000,dualpol_vector_correlation,E3-E4,100.000000,720.000000,-179.908498,540.091502,100.000000,-19.191202,59.304314,36.893877,179.223424,73,73,推荐的双极化 PDOA：用 X/Y 两通道向量相关直接估计两阵元相位差。
7.738000,45.000000,135.000000,dualpol_vector_correlation,E3-E4,100.000000,53.675971,168.543452,168.543452,61.111111,-12.198395,17.523270,14.448559,30.382725,73,73,推荐的双极化 PDOA：用 X/Y 两通道向量相关直接估计两阵元相位差。
7.738000,45.000000,0.000000,dualpol_vector_correlation,E4-E1,100.000000,349.643426,177.970461,177.970461,51.388889,-7.523992,0.000000,0.000000,0.000000,73,73,推荐的双极化 PDOA：用 X/Y 两通道向量相关直接估计两阵元相位差。
7.738000,45.000000,45.000000,dualpol_vector_correlation,E4-E1,100.000000,497.610973,139.200196,139.200196,58.333333,-17.922621,69.933954,58.181664,171.585553,73,73,推荐的双极化 PDOA：用 X/Y 两通道向量相关直接估计两阵元相位差。
7.738000,45.000000,90.000000,dualpol_vector_correlation,E4-E1,100.000000,720.000000,154.615885,-565.384115,65.277778,-26.157567,94.464656,73.524860,175.003074,73,73,推荐的双极化 PDOA：用 X/Y 两通道向量相关直接估计两阵元相位差。
7.738000,45.000000,135.000000,dualpol_vector_correlation,E4-E1,100.000000,360.000000,-53.473096,-413.473096,63.888889,-16.093036,112.121195,102.079538,174.475311,73,73,推荐的双极化 PDOA：用 X/Y 两通道向量相关直接估计两阵元相位差。
7.738000,60.000000,0.000000,dualpol_vector_correlation,E1-E3,100.000000,226.096792,24.995938,24.995938,52.777778,-10.219644,0.000000,0.000000,0.000000,73,73,推荐的双极化 PDOA：用 X/Y 两通道向量相关直接估计两阵元相位差。
7.738000,60.000000,45.000000,dualpol_vector_correlation,E1-E3,100.000000,366.238179,38.592941,38.592941,59.722222,-20.843431,85.115586,56.435500,172.760961,73,73,推荐的双极化 PDOA：用 X/Y 两通道向量相关直接估计两阵元相位差。
7.738000,60.000000,90.000000,dualpol_vector_correlation,E1-E3,100.000000,174.677985,31.055549,31.055549,59.722222,-30.637863,93.454844,82.098316,176.606659,73,73,推荐的双极化 PDOA：用 X/Y 两通道向量相关直接估计两阵元相位差。
7.738000,60.000000,135.000000,dualpol_vector_correlation,E1-E3,100.000000,327.582514,-117.269225,-117.269225,51.388889,-16.196790,95.927155,73.135615,172.152603,73,73,推荐的双极化 PDOA：用 X/Y 两通道向量相关直接估计两阵元相位差。
7.738000,60.000000,0.000000,dualpol_vector_correlation,E2-E4,100.000000,407.212884,-173.129747,-173.129747,55.555556,-6.943907,0.000000,0.000000,0.000000,73,73,推荐的双极化 PDOA：用 X/Y 两通道向量相关直接估计两阵元相位差。
7.738000,60.000000,45.000000,dualpol_vector_correlation,E2-E4,100.000000,498.910558,-152.421211,-152.421211,59.722222,-14.814697,67.679751,53.595452,124.654654,73,73,推荐的双极化 PDOA：用 X/Y 两通道向量相关直接估计两阵元相位差。
7.738000,60.000000,90.000000,dualpol_vector_correlation,E2-E4,100.000000,400.386228,77.063030,77.063030,50.000000,-23.720400,120.202840,117.703026,179.642886,73,73,推荐的双极化 PDOA：用 X/Y 两通道向量相关直接估计两阵元相位差。
7.738000,60.000000,135.000000,dualpol_vector_correlation,E2-E4,100.000000,487.295970,75.930260,75.930260,52.777778,-17.889106,90.383660,77.290327,144.585052,73,73,推荐的双极化 PDOA：用 X/Y 两通道向量相关直接估计两阵元相位差。
7.738000,60.000000,0.000000,dualpol_vector_correlation,E1-E2,100.000000,108.549816,18.135699,18.135699,65.277778,-8.685467,0.000000,0.000000,0.000000,73,73,推荐的双极化 PDOA：用 X/Y 两通道向量相关直接估计两阵元相位差。
7.738000,60.000000,45.000000,dualpol_vector_correlation,E1-E2,100.000000,137.027819,-0.202541,-0.202541,62.500000,-17.575699,31.378668,24.402759,65.104772,73,73,推荐的双极化 PDOA：用 X/Y 两通道向量相关直接估计两阵元相位差。
7.738000,60.000000,90.000000,dualpol_vector_correlation,E1-E2,100.000000,386.163751,-11.324691,-371.324691,61.111111,-27.639429,38.623496,29.605952,136.398538,73,73,推荐的双极化 PDOA：用 X/Y 两通道向量相关直接估计两阵元相位差。
7.738000,60.000000,135.000000,dualpol_vector_correlation,E1-E2,100.000000,100.550546,-21.465597,-21.465597,51.388889,-17.889106,30.501315,25.605598,55.517823,73,73,推荐的双极化 PDOA：用 X/Y 两通道向量相关直接估计两阵元相位差。
7.738000,60.000000,0.000000,dualpol_vector_correlation,E2-E3,100.000000,319.040565,0.228393,0.228393,56.944444,-6.855745,0.000000,0.000000,0.000000,73,73,推荐的双极化 PDOA：用 X/Y 两通道向量相关直接估计两阵元相位差。
7.738000,60.000000,45.000000,dualpol_vector_correlation,E2-E3,100.000000,375.145740,10.977967,10.977967,62.500000,-19.262259,60.633805,41.904120,122.343607,73,73,推荐的双极化 PDOA：用 X/Y 两通道向量相关直接估计两阵元相位差。
7.738000,60.000000,90.000000,dualpol_vector_correlation,E2-E3,100.000000,340.414405,-78.132285,-78.132285,56.944444,-30.741343,99.499835,89.720871,169.963651,73,73,推荐的双极化 PDOA：用 X/Y 两通道向量相关直接估计两阵元相位差。
7.738000,60.000000,135.000000,dualpol_vector_correlation,E2-E3,100.000000,429.834892,-94.990331,-94.990331,58.333333,-18.326044,70.508991,57.054097,116.667161,73,73,推荐的双极化 PDOA：用 X/Y 两通道向量相关直接估计两阵元相位差。
7.738000,60.000000,0.000000,dualpol_vector_correlation,E3-E4,100.000000,80.965662,173.384777,173.384777,55.555556,-8.478083,0.000000,0.000000,0.000000,73,73,推荐的双极化 PDOA：用 X/Y 两通道向量相关直接估计两阵元相位差。
7.738000,60.000000,45.000000,dualpol_vector_correlation,E3-E4,100.000000,114.953632,178.984831,178.984831,54.166667,-13.018567,16.473002,14.123376,28.727593,73,73,推荐的双极化 PDOA：用 X/Y 两通道向量相关直接估计两阵元相位差。
7.738000,60.000000,90.000000,dualpol_vector_correlation,E3-E4,100.000000,242.965245,178.900067,178.900067,68.055556,-20.482010,45.786968,23.829157,155.297278,73,73,推荐的双极化 PDOA：用 X/Y 两通道向量相关直接估计两阵元相位差。
7.738000,60.000000,135.000000,dualpol_vector_correlation,E3-E4,100.000000,61.041201,165.009576,165.009576,59.722222,-11.997149,13.281006,11.664314,23.570797,73,73,推荐的双极化 PDOA：用 X/Y 两通道向量相关直接估计两阵元相位差。
7.738000,60.000000,0.000000,dualpol_vector_correlation,E4-E1,100.000000,309.632120,146.349732,146.349732,54.166667,-7.149159,0.000000,0.000000,0.000000,73,73,推荐的双极化 PDOA：用 X/Y 两通道向量相关直接估计两阵元相位差。
7.738000,60.000000,45.000000,dualpol_vector_correlation,E4-E1,100.000000,464.907106,138.688562,138.688562,58.333333,-17.575699,88.150240,57.600195,179.041776,73,73,推荐的双极化 PDOA：用 X/Y 两通道向量相关直接估计两阵元相位差。
7.738000,60.000000,90.000000,dualpol_vector_correlation,E4-E1,100.000000,343.103141,-58.324684,-58.324684,58.333333,-27.535949,123.881171,113.284928,179.817910,73,73,推荐的双极化 PDOA：用 X/Y 两通道向量相关直接估计两阵元相位差。
7.738000,60.000000,135.000000,dualpol_vector_correlation,E4-E1,100.000000,374.361676,-56.492699,-56.492699,52.777778,-13.326007,105.328061,78.364834,178.505180,73,73,推荐的双极化 PDOA：用 X/Y 两通道向量相关直接估计两阵元相位差。
7.738000,75.000000,0.000000,dualpol_vector_correlation,E1-E3,100.000000,125.894084,32.941026,32.941026,52.777778,-11.338104,0.000000,0.000000,0.000000,73,73,推荐的双极化 PDOA：用 X/Y 两通道向量相关直接估计两阵元相位差。
7.738000,75.000000,45.000000,dualpol_vector_correlation,E1-E3,100.000000,286.543748,39.727300,39.727300,58.333333,-19.058567,72.828074,40.674972,179.386825,73,73,推荐的双极化 PDOA：用 X/Y 两通道向量相关直接估计两阵元相位差。
7.738000,75.000000,90.000000,dualpol_vector_correlation,E1-E3,100.000000,197.420542,-118.154969,-118.154969,62.500000,-33.582079,148.493330,147.432347,179.721795,73,73,推荐的双极化 PDOA：用 X/Y 两通道向量相关直接估计两阵元相位差。
7.738000,75.000000,135.000000,dualpol_vector_correlation,E1-E3,100.000000,215.261978,-93.590762,-93.590762,52.777778,-14.088596,85.304049,61.415924,174.740496,73,73,推荐的双极化 PDOA：用 X/Y 两通道向量相关直接估计两阵元相位差。
7.738000,75.000000,0.000000,dualpol_vector_correlation,E2-E4,100.000000,436.083034,-154.630275,-154.630275,50.000000,-6.076714,0.000000,0.000000,0.000000,73,73,推荐的双极化 PDOA：用 X/Y 两通道向量相关直接估计两阵元相位差。
7.738000,75.000000,45.000000,dualpol_vector_correlation,E2-E4,100.000000,484.397800,-173.532341,-173.532341,58.333333,-15.592097,54.935854,40.746734,118.396470,73,73,推荐的双极化 PDOA：用 X/Y 两通道向量相关直接估计两阵元相位差。
7.738000,75.000000,90.000000,dualpol_vector_correlation,E2-E4,100.000000,458.614423,71.317086,71.317086,51.388889,-26.431807,135.184752,133.000163,178.802099,73,73,推荐的双极化 PDOA：用 X/Y 两通道向量相关直接估计两阵元相位差。
7.738000,75.000000,135.000000,dualpol_vector_correlation,E2-E4,100.000000,506.255954,89.254447,89.254447,54.166667,-13.306775,81.441376,62.500621,133.417428,73,73,推荐的双极化 PDOA：用 X/Y 两通道向量相关直接估计两阵元相位差。
7.738000,75.000000,0.000000,dualpol_vector_correlation,E1-E2,100.000000,172.913134,12.189376,12.189376,55.555556,-8.250376,0.000000,0.000000,0.000000,73,73,推荐的双极化 PDOA：用 X/Y 两通道向量相关直接估计两阵元相位差。
7.738000,75.000000,45.000000,dualpol_vector_correlation,E1-E2,100.000000,193.340664,-4.406679,-4.406679,58.333333,-16.960178,22.760216,17.521768,55.091473,73,73,推荐的双极化 PDOA：用 X/Y 两通道向量相关直接估计两阵元相位差。
7.738000,75.000000,90.000000,dualpol_vector_correlation,E1-E2,100.000000,189.407025,-14.677188,-14.677188,56.944444,-28.009358,30.477734,24.831733,116.065000,73,73,推荐的双极化 PDOA：用 X/Y 两通道向量相关直接估计两阵元相位差。
7.738000,75.000000,135.000000,dualpol_vector_correlation,E1-E2,100.000000,171.883773,-20.367026,-20.367026,52.777778,-13.715378,27.338949,22.935622,56.382995,73,73,推荐的双极化 PDOA：用 X/Y 两通道向量相关直接估计两阵元相位差。
7.738000,75.000000,0.000000,dualpol_vector_correlation,E2-E3,100.000000,295.647449,12.113028,12.113028,56.944444,-8.417224,0.000000,0.000000,0.000000,73,73,推荐的双极化 PDOA：用 X/Y 两通道向量相关直接估计两阵元相位差。
7.738000,75.000000,45.000000,dualpol_vector_correlation,E2-E3,100.000000,328.419629,-2.856375,-2.856375,63.888889,-18.167519,49.949813,37.092861,105.368027,73,73,推荐的双极化 PDOA：用 X/Y 两通道向量相关直接估计两阵元相位差。
7.738000,75.000000,90.000000,dualpol_vector_correlation,E2-E3,100.000000,272.002585,-95.835981,-95.835981,56.944444,-34.277030,119.233244,115.011196,178.636854,73,73,推荐的双极化 PDOA：用 X/Y 两通道向量相关直接估计两阵元相位差。
7.738000,75.000000,135.000000,dualpol_vector_correlation,E2-E3,100.000000,372.209451,-75.048369,-75.048369,54.166667,-13.679993,60.101790,49.258013,97.086692,73,73,推荐的双极化 PDOA：用 X/Y 两通道向量相关直接估计两阵元相位差。
7.738000,75.000000,0.000000,dualpol_vector_correlation,E3-E4,100.000000,154.742525,175.778047,175.778047,55.555556,-7.000960,0.000000,0.000000,0.000000,73,73,推荐的双极化 PDOA：用 X/Y 两通道向量相关直接估计两阵元相位差。
7.738000,75.000000,45.000000,dualpol_vector_correlation,E3-E4,100.000000,170.250402,179.891060,179.891060,54.166667,-10.497349,7.574283,6.829471,13.060664,73,73,推荐的双极化 PDOA：用 X/Y 两通道向量相关直接估计两阵元相位差。
7.738000,75.000000,90.000000,dualpol_vector_correlation,E3-E4,100.000000,213.283751,175.013769,175.013769,55.555556,-23.424947,26.869825,17.749641,83.056034,73,73,推荐的双极化 PDOA：用 X/Y 两通道向量相关直接估计两阵元相位差。
7.738000,75.000000,135.000000,dualpol_vector_correlation,E3-E4,100.000000,138.411478,166.825576,166.825576,59.722222,-10.287172,8.366242,7.222029,15.358408,73,73,推荐的双极化 PDOA：用 X/Y 两通道向量相关直接估计两阵元相位差。
7.738000,75.000000,0.000000,dualpol_vector_correlation,E4-E1,100.000000,275.333458,141.086385,141.086385,54.166667,-8.997594,0.000000,0.000000,0.000000,73,73,推荐的双极化 PDOA：用 X/Y 两通道向量相关直接估计两阵元相位差。
7.738000,75.000000,45.000000,dualpol_vector_correlation,E4-E1,100.000000,400.047705,139.939073,139.939073,61.111111,-16.960178,74.200847,41.347144,178.159045,73,73,推荐的双极化 PDOA：用 X/Y 两通道向量相关直接估计两阵元相位差。
7.738000,75.000000,90.000000,dualpol_vector_correlation,E4-E1,100.000000,469.019995,-53.192558,-53.192558,54.166667,-27.314408,148.913068,145.095069,179.709609,73,73,推荐的双极化 PDOA：用 X/Y 两通道向量相关直接估计两阵元相位差。
7.738000,75.000000,135.000000,dualpol_vector_correlation,E4-E1,100.000000,500.888608,-69.022240,290.977760,69.444444,-12.623052,90.082344,61.297084,176.234098,73,73,推荐的双极化 PDOA：用 X/Y 两通道向量相关直接估计两阵元相位差。
7.738000,90.000000,0.000000,dualpol_vector_correlation,E1-E3,100.000000,15.114497,36.544264,36.544264,52.777778,-12.159500,0.000000,0.000000,0.000000,73,73,推荐的双极化 PDOA：用 X/Y 两通道向量相关直接估计两阵元相位差。
7.738000,90.000000,45.000000,dualpol_vector_correlation,E1-E3,100.000000,384.284958,39.556422,-320.443578,61.111111,-17.895191,42.904958,23.657949,162.247670,73,73,推荐的双极化 PDOA：用 X/Y 两通道向量相关直接估计两阵元相位差。
7.738000,90.000000,90.000000,dualpol_vector_correlation,E1-E3,100.000000,89.115307,-122.779280,-122.779280,70.833333,-30.711209,158.578315,158.199620,179.819106,73,73,推荐的双极化 PDOA：用 X/Y 两通道向量相关直接估计两阵元相位差。
7.738000,90.000000,135.000000,dualpol_vector_correlation,E1-E3,100.000000,91.238525,-5.156710,-5.156710,59.722222,-12.954996,24.771881,19.961095,45.486598,73,73,推荐的双极化 PDOA：用 X/Y 两通道向量相关直接估计两阵元相位差。
7.738000,90.000000,0.000000,dualpol_vector_correlation,E2-E4,100.000000,441.409240,-149.724819,-149.724819,51.388889,-8.702683,0.000000,0.000000,0.000000,73,73,推荐的双极化 PDOA：用 X/Y 两通道向量相关直接估计两阵元相位差。
7.738000,90.000000,45.000000,dualpol_vector_correlation,E2-E4,100.000000,489.298729,106.638800,106.638800,59.722222,-16.134191,63.119663,49.303293,110.708625,73,73,推荐的双极化 PDOA：用 X/Y 两通道向量相关直接估计两阵元相位差。
7.738000,90.000000,90.000000,dualpol_vector_correlation,E2-E4,97.260274,622.530166,71.454159,71.454159,54.285714,-42.969119,142.665585,141.594611,166.844197,71,73,推荐的双极化 PDOA：用 X/Y 两通道向量相关直接估计两阵元相位差。
7.738000,90.000000,135.000000,dualpol_vector_correlation,E2-E4,100.000000,459.547634,131.877526,131.877526,54.166667,-11.431442,53.766508,43.712296,95.858403,73,73,推荐的双极化 PDOA：用 X/Y 两通道向量相关直接估计两阵元相位差。
7.738000,90.000000,0.000000,dualpol_vector_correlation,E1-E2,100.000000,237.443855,5.161474,5.161474,55.555556,-7.330808,0.000000,0.000000,0.000000,73,73,推荐的双极化 PDOA：用 X/Y 两通道向量相关直接估计两阵元相位差。
7.738000,90.000000,45.000000,dualpol_vector_correlation,E1-E2,100.000000,228.611393,-7.990107,-7.990107,55.555556,-16.437946,11.490836,10.213538,21.054830,73,73,推荐的双极化 PDOA：用 X/Y 两通道向量相关直接估计两阵元相位差。
7.738000,90.000000,90.000000,dualpol_vector_correlation,E1-E2,100.000000,261.445525,-18.195227,-18.195227,52.777778,-31.835506,36.680184,28.369222,122.775088,73,73,推荐的双极化 PDOA：用 X/Y 两通道向量相关直接估计两阵元相位差。
7.738000,90.000000,135.000000,dualpol_vector_correlation,E1-E2,100.000000,247.715922,2.330208,2.330208,51.388889,-11.883136,10.077427,8.126641,23.649397,73,73,推荐的双极化 PDOA：用 X/Y 两通道向量相关直接估计两阵元相位差。
7.738000,90.000000,0.000000,dualpol_vector_correlation,E2-E3,100.000000,256.982487,14.763161,14.763161,56.944444,-10.237257,0.000000,0.000000,0.000000,73,73,推荐的双极化 PDOA：用 X/Y 两通道向量相关直接估计两阵元相位差。
7.738000,90.000000,45.000000,dualpol_vector_correlation,E2-E3,100.000000,290.139999,-37.694890,-37.694890,56.944444,-17.591436,40.924750,34.368932,69.587865,73,73,推荐的双极化 PDOA：用 X/Y 两通道向量相关直接估计两阵元相位差。
7.738000,90.000000,90.000000,dualpol_vector_correlation,E2-E3,100.000000,229.375520,-100.024745,-100.024745,55.555556,-32.038485,124.358968,123.064331,172.481698,73,73,推荐的双极化 PDOA：用 X/Y 两通道向量相关直接估计两阵元相位差。
7.738000,90.000000,135.000000,dualpol_vector_correlation,E2-E3,100.000000,360.000000,-31.996259,328.003741,69.444444,-12.503302,57.178356,42.807898,171.677331,73,73,推荐的双极化 PDOA：用 X/Y 两通道向量相关直接估计两阵元相位差。
7.738000,90.000000,0.000000,dualpol_vector_correlation,E3-E4,100.000000,220.047949,177.609070,177.609070,54.166667,-5.769104,0.000000,0.000000,0.000000,73,73,推荐的双极化 PDOA：用 X/Y 两通道向量相关直接估计两阵元相位差。
7.738000,90.000000,45.000000,dualpol_vector_correlation,E3-E4,100.000000,223.296215,-179.908498,-179.908498,52.777778,-8.568320,4.421133,3.366007,10.646451,73,73,推荐的双极化 PDOA：用 X/Y 两通道向量相关直接估计两阵元相位差。
7.738000,90.000000,90.000000,dualpol_vector_correlation,E3-E4,100.000000,445.481543,168.543452,528.543452,61.111111,-34.162018,32.213721,20.683297,153.300135,73,73,推荐的双极化 PDOA：用 X/Y 两通道向量相关直接估计两阵元相位差。
7.738000,90.000000,135.000000,dualpol_vector_correlation,E3-E4,100.000000,214.203997,170.304753,170.304753,52.777778,-9.459329,7.004685,6.029292,13.879281,73,73,推荐的双极化 PDOA：用 X/Y 两通道向量相关直接估计两阵元相位差。
7.738000,90.000000,0.000000,dualpol_vector_correlation,E4-E1,100.000000,222.388065,139.200196,139.200196,56.944444,-10.624926,0.000000,0.000000,0.000000,73,73,推荐的双极化 PDOA：用 X/Y 两通道向量相关直接估计两阵元相位差。
7.738000,90.000000,45.000000,dualpol_vector_correlation,E4-E1,100.000000,581.128759,154.615885,514.615885,54.166667,-16.113774,40.414039,22.110529,170.032976,73,73,推荐的双极化 PDOA：用 X/Y 两通道向量相关直接估计两阵元相位差。
7.738000,90.000000,90.000000,dualpol_vector_correlation,E4-E1,97.260274,363.288850,-53.473096,-53.473096,60.000000,-41.641842,160.290181,158.533271,179.628631,71,73,推荐的双极化 PDOA：用 X/Y 两通道向量相关直接估计两阵元相位差。
7.738000,90.000000,135.000000,dualpol_vector_correlation,E4-E1,100.000000,261.987557,177.970461,177.970461,61.111111,-10.832786,21.732866,14.430040,53.233587,73,73,推荐的双极化 PDOA：用 X/Y 两通道向量相关直接估计两阵元相位差。
7.738000,45.000000,0.000000,dualpol_known_pol_vector,E1-E3,100.000000,334.173422,-27.610667,-27.610667,54.166667,-9.847437,0.000000,0.000000,0.000000,73,73,已知入射线极化角时，按 cos/sin 对 X/Y 双通道做相干合成。
7.738000,45.000000,45.000000,dualpol_known_pol_vector,E1-E3,100.000000,652.802708,8.143824,-351.856176,54.166667,-31.419817,75.554588,60.848528,160.085023,73,73,已知入射线极化角时，按 cos/sin 对 X/Y 双通道做相干合成。
7.738000,45.000000,90.000000,dualpol_known_pol_vector,E1-E3,97.260274,477.340189,-46.558923,313.441077,64.285714,-42.460519,50.185713,38.310449,177.281559,71,73,已知入射线极化角时，按 cos/sin 对 X/Y 双通道做相干合成。
7.738000,45.000000,135.000000,dualpol_known_pol_vector,E1-E3,100.000000,360.000000,-92.968253,267.031747,66.666667,-23.927230,98.226267,92.704372,161.843025,73,73,已知入射线极化角时，按 cos/sin 对 X/Y 双通道做相干合成。
7.738000,45.000000,0.000000,dualpol_known_pol_vector,E2-E4,100.000000,319.631086,127.463323,127.463323,58.333333,-10.597806,0.000000,0.000000,0.000000,73,73,已知入射线极化角时，按 cos/sin 对 X/Y 双通道做相干合成。
7.738000,45.000000,45.000000,dualpol_known_pol_vector,E2-E4,100.000000,360.000000,135.706106,495.706106,72.222222,-34.204446,63.260773,44.727615,179.045686,73,73,已知入射线极化角时，按 cos/sin 对 X/Y 双通道做相干合成。
7.738000,45.000000,90.000000,dualpol_known_pol_vector,E2-E4,95.890411,432.444844,122.090354,122.090354,59.420290,-41.950770,45.649299,29.922359,151.202077,70,73,已知入射线极化角时，按 cos/sin 对 X/Y 双通道做相干合成。
7.738000,45.000000,135.000000,dualpol_known_pol_vector,E2-E4,100.000000,443.644228,74.324001,74.324001,59.722222,-32.361421,79.083010,73.913455,128.716696,73,73,已知入射线极化角时，按 cos/sin 对 X/Y 双通道做相干合成。
7.738000,45.000000,0.000000,dualpol_known_pol_vector,E1-E2,100.000000,83.608834,10.233842,10.233842,55.555556,-12.737846,0.000000,0.000000,0.000000,73,73,已知入射线极化角时，按 cos/sin 对 X/Y 双通道做相干合成。
7.738000,45.000000,45.000000,dualpol_known_pol_vector,E1-E2,100.000000,108.712946,50.727145,50.727145,54.166667,-9.223978,24.383977,20.221514,43.716148,73,73,已知入射线极化角时，按 cos/sin 对 X/Y 双通道做相干合成。
7.738000,45.000000,90.000000,dualpol_known_pol_vector,E1-E2,100.000000,81.172448,3.984093,3.984093,63.888889,-31.284260,24.809248,20.036646,60.916203,73,73,已知入射线极化角时，按 cos/sin 对 X/Y 双通道做相干合成。
7.738000,45.000000,135.000000,dualpol_known_pol_vector,E1-E2,100.000000,149.622816,-14.294012,-14.294012,70.833333,-32.361421,35.121093,29.483783,106.171832,73,73,已知入射线极化角时，按 cos/sin 对 X/Y 双通道做相干合成。
7.738000,45.000000,0.000000,dualpol_known_pol_vector,E2-E3,100.000000,307.850397,-37.844508,-37.844508,58.333333,-10.525762,0.000000,0.000000,0.000000,73,73,已知入射线极化角时，按 cos/sin 对 X/Y 双通道做相干合成。
7.738000,45.000000,45.000000,dualpol_known_pol_vector,E2-E3,100.000000,642.095590,-42.583320,-402.583320,54.166667,-31.419817,65.136798,45.749748,168.136080,73,73,已知入射线极化角时，按 cos/sin 对 X/Y 双通道做相干合成。
7.738000,45.000000,90.000000,dualpol_known_pol_vector,E2-E3,97.260274,472.693280,-50.543016,309.456984,64.285714,-43.589418,44.622109,32.195053,161.703745,71,73,已知入射线极化角时，按 cos/sin 对 X/Y 双通道做相干合成。
7.738000,45.000000,135.000000,dualpol_known_pol_vector,E2-E3,100.000000,508.360811,-78.674241,-78.674241,61.111111,-32.361421,75.088235,68.460439,122.488629,73,73,已知入射线极化角时，按 cos/sin 对 X/Y 双通道做相干合成。
7.738000,45.000000,0.000000,dualpol_known_pol_vector,E3-E4,100.000000,19.799868,165.307832,165.307832,52.777778,-10.367291,0.000000,0.000000,0.000000,73,73,已知入射线极化角时，按 cos/sin 对 X/Y 双通道做相干合成。
7.738000,45.000000,45.000000,dualpol_known_pol_vector,E3-E4,98.630137,728.094704,178.289427,898.289427,83.098592,-36.099816,45.129689,31.739084,140.169923,72,73,已知入射线极化角时，按 cos/sin 对 X/Y 双通道做相干合成。
7.738000,45.000000,90.000000,dualpol_known_pol_vector,E3-E4,100.000000,725.679956,172.633370,-547.366630,66.666667,-33.245255,45.748074,26.665707,174.952030,73,73,已知入射线极化角时，按 cos/sin 对 X/Y 双通道做相干合成。
7.738000,45.000000,135.000000,dualpol_known_pol_vector,E3-E4,100.000000,81.413006,152.998242,152.998242,68.055556,-10.942864,27.259582,23.803522,49.013908,73,73,已知入射线极化角时，按 cos/sin 对 X/Y 双通道做相干合成。
7.738000,45.000000,0.000000,dualpol_known_pol_vector,E4-E1,100.000000,336.357433,-137.697165,-137.697165,55.555556,-12.809890,0.000000,0.000000,0.000000,73,73,已知入射线极化角时，按 cos/sin 对 X/Y 双通道做相干合成。
7.738000,45.000000,45.000000,dualpol_known_pol_vector,E4-E1,100.000000,360.000000,173.566749,-186.433251,68.055556,-34.331509,75.781696,60.423176,173.487987,73,73,已知入射线极化角时，按 cos/sin 对 X/Y 双通道做相干合成。
7.738000,45.000000,90.000000,dualpol_known_pol_vector,E4-E1,97.260274,446.512381,-126.074446,-126.074446,55.714286,-40.821871,54.025324,34.080159,177.128514,71,73,已知入射线极化角时，按 cos/sin 对 X/Y 双通道做相干合成。
7.738000,45.000000,135.000000,dualpol_known_pol_vector,E4-E1,100.000000,360.000000,-60.029989,-420.029989,65.277778,-23.927230,106.702928,98.805579,169.506644,73,73,已知入射线极化角时，按 cos/sin 对 X/Y 双通道做相干合成。
7.738000,60.000000,0.000000,dualpol_known_pol_vector,E1-E3,100.000000,231.575102,26.562178,26.562178,55.555556,-14.302327,0.000000,0.000000,0.000000,73,73,已知入射线极化角时，按 cos/sin 对 X/Y 双通道做相干合成。
7.738000,60.000000,45.000000,dualpol_known_pol_vector,E1-E3,100.000000,566.737284,16.767512,-343.232488,51.388889,-33.988553,78.564144,57.340849,174.952419,73,73,已知入射线极化角时，按 cos/sin 对 X/Y 双通道做相干合成。
7.738000,60.000000,90.000000,dualpol_known_pol_vector,E1-E3,98.630137,192.904389,-55.799001,-55.799001,50.704225,-49.402921,94.980571,92.018039,179.540436,72,73,已知入射线极化角时，按 cos/sin 对 X/Y 双通道做相干合成。
7.738000,60.000000,135.000000,dualpol_known_pol_vector,E1-E3,100.000000,347.422286,-103.368704,-103.368704,61.111111,-25.230938,100.215912,81.458801,179.779388,73,73,已知入射线极化角时，按 cos/sin 对 X/Y 双通道做相干合成。
7.738000,60.000000,0.000000,dualpol_known_pol_vector,E2-E4,100.000000,397.172733,159.926750,159.926750,54.166667,-11.376058,0.000000,0.000000,0.000000,73,73,已知入射线极化角时，按 cos/sin 对 X/Y 双通道做相干合成。
7.738000,60.000000,45.000000,dualpol_known_pol_vector,E2-E4,98.630137,431.263109,121.200755,121.200755,56.338028,-38.301105,52.025296,42.169511,106.062388,72,73,已知入射线极化角时，按 cos/sin 对 X/Y 双通道做相干合成。
7.738000,60.000000,90.000000,dualpol_known_pol_vector,E2-E4,100.000000,395.092982,106.265276,106.265276,54.166667,-33.869096,77.239210,70.797416,177.508037,73,73,已知入射线极化角时，按 cos/sin 对 X/Y 双通道做相干合成。
7.738000,60.000000,135.000000,dualpol_known_pol_vector,E2-E4,100.000000,360.000000,76.008872,436.008872,59.722222,-23.588931,87.583183,81.314963,158.776788,73,73,已知入射线极化角时，按 cos/sin 对 X/Y 双通道做相干合成。
7.738000,60.000000,0.000000,dualpol_known_pol_vector,E1-E2,100.000000,135.723651,31.660617,31.660617,55.555556,-13.650173,0.000000,0.000000,0.000000,73,73,已知入射线极化角时，按 cos/sin 对 X/Y 双通道做相干合成。
7.738000,60.000000,45.000000,dualpol_known_pol_vector,E1-E2,100.000000,157.091345,74.661634,74.661634,55.555556,-6.244590,36.294641,30.041058,68.154604,73,73,已知入射线极化角时，按 cos/sin 对 X/Y 双通道做相干合成。
7.738000,60.000000,90.000000,dualpol_known_pol_vector,E1-E2,100.000000,377.245198,1.066224,-358.933776,66.666667,-34.456406,53.341851,39.586096,176.540143,73,73,已知入射线极化角时，按 cos/sin 对 X/Y 双通道做相干合成。
7.738000,60.000000,135.000000,dualpol_known_pol_vector,E1-E2,100.000000,413.756192,-18.056901,-378.056901,58.333333,-27.147128,58.476402,44.756214,158.777572,73,73,已知入射线极化角时，按 cos/sin 对 X/Y 双通道做相干合成。
7.738000,60.000000,0.000000,dualpol_known_pol_vector,E2-E3,100.000000,327.015400,-5.098440,-5.098440,58.333333,-9.149671,0.000000,0.000000,0.000000,73,73,已知入射线极化角时，按 cos/sin 对 X/Y 双通道做相干合成。
7.738000,60.000000,45.000000,dualpol_known_pol_vector,E2-E3,100.000000,667.289379,-57.894123,-417.894123,51.388889,-33.988553,77.934276,65.800275,169.683685,73,73,已知入射线极化角时，按 cos/sin 对 X/Y 双通道做相干合成。
7.738000,60.000000,90.000000,dualpol_known_pol_vector,E2-E3,98.630137,367.397876,-56.865225,-56.865225,57.746479,-51.189231,76.253829,67.879052,161.202895,72,73,已知入射线极化角时，按 cos/sin 对 X/Y 双通道做相干合成。
7.738000,60.000000,135.000000,dualpol_known_pol_vector,E2-E3,100.000000,371.503700,-85.311803,274.688197,65.277778,-23.588931,80.253511,76.050014,175.495219,73,73,已知入射线极化角时，按 cos/sin 对 X/Y 双通道做相干合成。
7.738000,60.000000,0.000000,dualpol_known_pol_vector,E3-E4,100.000000,79.187965,165.025189,165.025189,55.555556,-9.068179,0.000000,0.000000,0.000000,73,73,已知入射线极化角时，按 cos/sin 对 X/Y 双通道做相干合成。
7.738000,60.000000,45.000000,dualpol_known_pol_vector,E3-E4,97.260274,360.000000,179.094877,539.094877,97.142857,-40.128376,49.676252,35.482164,160.408064,71,73,已知入射线极化角时，按 cos/sin 对 X/Y 双通道做相干合成。
7.738000,60.000000,90.000000,dualpol_known_pol_vector,E3-E4,98.630137,168.119570,163.130501,163.130501,50.704225,-40.950732,25.330091,16.981947,90.348118,72,73,已知入射线极化角时，按 cos/sin 对 X/Y 双通道做相干合成。
7.738000,60.000000,135.000000,dualpol_known_pol_vector,E3-E4,100.000000,72.114073,161.320676,161.320676,51.388889,-12.787361,27.082443,21.135308,48.108413,73,73,已知入射线极化角时，按 cos/sin 对 X/Y 双通道做相干合成。
7.738000,60.000000,0.000000,dualpol_known_pol_vector,E4-E1,100.000000,310.349519,168.412633,168.412633,55.555556,-16.528714,0.000000,0.000000,0.000000,73,73,已知入射线极化角时，按 cos/sin 对 X/Y 双通道做相干合成。
7.738000,60.000000,45.000000,dualpol_known_pol_vector,E4-E1,98.630137,353.040334,164.137611,164.137611,64.788732,-38.301105,68.252028,46.092417,149.358546,72,73,已知入射线极化角时，按 cos/sin 对 X/Y 双通道做相干合成。
7.738000,60.000000,90.000000,dualpol_known_pol_vector,E4-E1,100.000000,617.949650,-107.331500,252.668500,52.777778,-32.670096,101.890943,96.370789,176.765485,73,73,已知入射线极化角时，按 cos/sin 对 X/Y 双通道做相干合成。
7.738000,60.000000,135.000000,dualpol_known_pol_vector,E4-E1,100.000000,368.729006,-57.951972,-57.951972,52.777778,-25.230938,102.742865,87.511741,179.662205,73,73,已知入射线极化角时，按 cos/sin 对 X/Y 双通道做相干合成。
7.738000,75.000000,0.000000,dualpol_known_pol_vector,E1-E3,100.000000,124.009946,56.619925,56.619925,52.777778,-8.569744,0.000000,0.000000,0.000000,73,73,已知入射线极化角时，按 cos/sin 对 X/Y 双通道做相干合成。
7.738000,75.000000,45.000000,dualpol_known_pol_vector,E1-E3,100.000000,163.395117,30.596583,30.596583,56.944444,-27.843768,65.185750,56.496779,146.118735,73,73,已知入射线极化角时，按 cos/sin 对 X/Y 双通道做相干合成。
7.738000,75.000000,90.000000,dualpol_known_pol_vector,E1-E3,100.000000,219.578523,-67.456452,-67.456452,50.000000,-33.435743,135.669242,134.823669,178.866495,73,73,已知入射线极化角时，按 cos/sin 对 X/Y 双通道做相干合成。
7.738000,75.000000,135.000000,dualpol_known_pol_vector,E1-E3,100.000000,268.585290,-110.680724,-110.680724,51.388889,-32.401861,94.543557,72.534015,175.874978,73,73,已知入射线极化角时，按 cos/sin 对 X/Y 双通道做相干合成。
7.738000,75.000000,0.000000,dualpol_known_pol_vector,E2-E4,100.000000,437.050078,-149.904625,-149.904625,51.388889,-11.475025,0.000000,0.000000,0.000000,73,73,已知入射线极化角时，按 cos/sin 对 X/Y 双通道做相干合成。
7.738000,75.000000,45.000000,dualpol_known_pol_vector,E2-E4,100.000000,479.943075,104.200802,104.200802,51.388889,-15.188046,85.470460,80.825109,121.121263,73,73,已知入射线极化角时，按 cos/sin 对 X/Y 双通道做相干合成。
7.738000,75.000000,90.000000,dualpol_known_pol_vector,E2-E4,100.000000,417.175015,90.790773,90.790773,51.388889,-31.479072,123.380023,122.141464,176.427643,73,73,已知入射线极化角时，按 cos/sin 对 X/Y 双通道做相干合成。
7.738000,75.000000,135.000000,dualpol_known_pol_vector,E2-E4,100.000000,387.128101,81.847832,441.847832,55.555556,-24.146154,99.679568,81.370896,172.412996,73,73,已知入射线极化角时，按 cos/sin 对 X/Y 双通道做相干合成。
7.738000,75.000000,0.000000,dualpol_known_pol_vector,E1-E2,100.000000,189.941662,12.672534,12.672534,62.500000,-11.704151,0.000000,0.000000,0.000000,73,73,已知入射线极化角时，按 cos/sin 对 X/Y 双通道做相干合成。
7.738000,75.000000,45.000000,dualpol_known_pol_vector,E1-E2,100.000000,247.445549,106.308135,106.308135,50.000000,-6.513040,59.613519,48.464527,112.656560,73,73,已知入射线极化角时，按 cos/sin 对 X/Y 双通道做相干合成。
7.738000,75.000000,90.000000,dualpol_known_pol_vector,E1-E2,98.630137,208.446324,-3.071089,-3.071089,61.971831,-35.913684,33.370221,23.017021,125.652074,72,73,已知入射线极化角时，按 cos/sin 对 X/Y 双通道做相干合成。
7.738000,75.000000,135.000000,dualpol_known_pol_vector,E1-E2,100.000000,427.388323,-26.600279,-386.600279,58.333333,-32.401861,62.124970,43.362757,173.239811,73,73,已知入射线极化角时，按 cos/sin 对 X/Y 双通道做相干合成。
7.738000,75.000000,0.000000,dualpol_known_pol_vector,E2-E3,100.000000,296.980282,43.947391,43.947391,56.944444,-10.184342,0.000000,0.000000,0.000000,73,73,已知入射线极化角时，按 cos/sin 对 X/Y 双通道做相干合成。
7.738000,75.000000,45.000000,dualpol_known_pol_vector,E2-E3,100.000000,320.924917,-75.711552,-75.711552,54.166667,-27.843768,97.234991,92.643320,132.197243,73,73,已知入射线极化角时，按 cos/sin 对 X/Y 双通道做相干合成。
7.738000,75.000000,90.000000,dualpol_known_pol_vector,E2-E3,98.630137,282.998154,-64.385363,-64.385363,54.929577,-35.364326,121.726661,119.940751,179.617581,72,73,已知入射线极化角时，按 cos/sin 对 X/Y 双通道做相干合成。
7.738000,75.000000,135.000000,dualpol_known_pol_vector,E2-E3,100.000000,360.000000,-84.080445,275.919555,65.277778,-24.146154,95.582027,75.994589,173.231129,73,73,已知入射线极化角时，按 cos/sin 对 X/Y 双通道做相干合成。
7.738000,75.000000,0.000000,dualpol_known_pol_vector,E3-E4,100.000000,149.709545,166.147984,166.147984,55.555556,-8.340618,0.000000,0.000000,0.000000,73,73,已知入射线极化角时，按 cos/sin 对 X/Y 双通道做相干合成。
7.738000,75.000000,45.000000,dualpol_known_pol_vector,E3-E4,100.000000,191.258567,179.912354,179.912354,56.944444,-27.843768,28.833659,24.252960,55.093751,73,73,已知入射线极化角时，按 cos/sin 对 X/Y 双通道做相干合成。
7.738000,75.000000,90.000000,dualpol_known_pol_vector,E3-E4,100.000000,159.123070,155.176135,155.176135,52.777778,-26.175595,16.804230,13.828476,47.349113,73,73,已知入射线极化角时，按 cos/sin 对 X/Y 双通道做相干合成。
7.738000,75.000000,135.000000,dualpol_known_pol_vector,E3-E4,100.000000,140.637845,165.928277,165.928277,50.000000,-19.111786,29.358165,20.836210,57.779480,73,73,已知入射线极化角时，按 cos/sin 对 X/Y 双通道做相干合成。
7.738000,75.000000,0.000000,dualpol_known_pol_vector,E4-E1,100.000000,273.020191,137.232091,137.232091,55.555556,-8.103731,0.000000,0.000000,0.000000,73,73,已知入射线极化角时，按 cos/sin 对 X/Y 双通道做相干合成。
7.738000,75.000000,45.000000,dualpol_known_pol_vector,E4-E1,100.000000,304.496415,149.491063,149.491063,54.166667,-15.188046,56.823888,44.678568,123.861973,73,73,已知入射线极化角时，按 cos/sin 对 X/Y 双通道做相干合成。
7.738000,75.000000,90.000000,dualpol_known_pol_vector,E4-E1,100.000000,315.237851,-87.719683,-87.719683,50.000000,-33.435743,141.477779,139.614199,175.191067,73,73,已知入射线极化角时，按 cos/sin 对 X/Y 双通道做相干合成。
7.738000,75.000000,135.000000,dualpol_known_pol_vector,E4-E1,100.000000,362.799461,-55.247552,-55.247552,58.333333,-32.401861,93.181325,66.157548,175.669506,73,73,已知入射线极化角时，按 cos/sin 对 X/Y 双通道做相干合成。
7.738000,90.000000,0.000000,dualpol_known_pol_vector,E1-E3,100.000000,25.853918,72.347107,72.347107,59.722222,-10.806689,0.000000,0.000000,0.000000,73,73,已知入射线极化角时，按 cos/sin 对 X/Y 双通道做相干合成。
7.738000,90.000000,45.000000,dualpol_known_pol_vector,E1-E3,100.000000,93.807462,60.745866,60.745866,54.166667,-15.845351,56.841649,49.020948,106.678607,73,73,已知入射线极化角时，按 cos/sin 对 X/Y 双通道做相干合成。
7.738000,90.000000,90.000000,dualpol_known_pol_vector,E1-E3,100.000000,138.298362,-84.927889,-84.927889,54.166667,-30.882801,161.845721,160.358564,179.840559,73,73,已知入射线极化角时，按 cos/sin 对 X/Y 双通道做相干合成。
7.738000,90.000000,135.000000,dualpol_known_pol_vector,E1-E3,98.630137,154.834985,78.449162,78.449162,69.014085,-38.095478,41.977898,32.283073,93.160737,72,73,已知入射线极化角时，按 cos/sin 对 X/Y 双通道做相干合成。
7.738000,90.000000,0.000000,dualpol_known_pol_vector,E2-E4,100.000000,436.294028,-110.996705,-110.996705,50.000000,-8.714091,0.000000,0.000000,0.000000,73,73,已知入射线极化角时，按 cos/sin 对 X/Y 双通道做相干合成。
7.738000,90.000000,45.000000,dualpol_known_pol_vector,E2-E4,100.000000,492.329260,86.477191,86.477191,50.000000,-9.196030,131.607643,126.610751,175.100159,73,73,已知入射线极化角时，按 cos/sin 对 X/Y 双通道做相干合成。
7.738000,90.000000,90.000000,dualpol_known_pol_vector,E2-E4,95.890411,571.008862,74.505592,434.505592,55.072464,-45.292769,169.413342,167.974078,179.975546,70,73,已知入射线极化角时，按 cos/sin 对 X/Y 双通道做相干合成。
7.738000,90.000000,135.000000,dualpol_known_pol_vector,E2-E4,100.000000,499.373256,111.558953,111.558953,58.333333,-26.438093,80.806040,56.533647,161.267965,73,73,已知入射线极化角时，按 cos/sin 对 X/Y 双通道做相干合成。
7.738000,90.000000,0.000000,dualpol_known_pol_vector,E1-E2,100.000000,237.009020,-8.371614,-8.371614,58.333333,-12.126598,0.000000,0.000000,0.000000,73,73,已知入射线极化角时，按 cos/sin 对 X/Y 双通道做相干合成。
7.738000,90.000000,45.000000,dualpol_known_pol_vector,E1-E2,100.000000,333.082293,155.122538,155.122538,51.388889,-9.223520,104.947807,83.921128,175.416095,73,73,已知入射线极化角时，按 cos/sin 对 X/Y 双通道做相干合成。
7.738000,90.000000,90.000000,dualpol_known_pol_vector,E1-E2,98.630137,418.528817,-10.018463,-10.018463,53.521127,-45.292769,34.950386,18.581139,154.094227,72,73,已知入射线极化角时，按 cos/sin 对 X/Y 双通道做相干合成。
7.738000,90.000000,135.000000,dualpol_known_pol_vector,E1-E2,100.000000,343.674362,135.979579,135.979579,66.666667,-27.122699,85.025095,57.566944,178.407159,73,73,已知入射线极化角时，按 cos/sin 对 X/Y 双通道做相干合成。
7.738000,90.000000,0.000000,dualpol_known_pol_vector,E2-E3,100.000000,231.938685,80.718721,80.718721,52.777778,-8.104171,0.000000,0.000000,0.000000,73,73,已知入射线极化角时，按 cos/sin 对 X/Y 双通道做相干合成。
7.738000,90.000000,45.000000,dualpol_known_pol_vector,E2-E3,100.000000,295.579233,-94.376672,-94.376672,51.388889,-15.845351,136.491388,131.725447,179.307058,73,73,已知入射线极化角时，按 cos/sin 对 X/Y 双通道做相干合成。
7.738000,90.000000,90.000000,dualpol_known_pol_vector,E2-E3,98.630137,321.549955,-74.909425,-74.909425,53.521127,-45.292769,160.958936,160.500080,179.370158,72,73,已知入射线极化角时，按 cos/sin 对 X/Y 双通道做相干合成。
7.738000,90.000000,135.000000,dualpol_known_pol_vector,E2-E3,98.630137,333.737379,-57.530417,-57.530417,61.971831,-37.410873,87.251481,69.389748,163.896131,72,73,已知入射线极化角时，按 cos/sin 对 X/Y 双通道做相干合成。
7.738000,90.000000,0.000000,dualpol_known_pol_vector,E3-E4,100.000000,212.157243,168.284574,168.284574,54.166667,-7.394182,0.000000,0.000000,0.000000,73,73,已知入射线极化角时，按 cos/sin 对 X/Y 双通道做相干合成。
7.738000,90.000000,45.000000,dualpol_known_pol_vector,E3-E4,100.000000,236.091687,-179.146137,-179.146137,52.777778,-15.845351,16.587276,14.560607,31.561177,73,73,已知入射线极化角时，按 cos/sin 对 X/Y 双通道做相干合成。
7.738000,90.000000,90.000000,dualpol_known_pol_vector,E3-E4,98.630137,329.973050,149.415017,149.415017,59.154930,-36.005210,28.944972,21.059199,127.797322,72,73,已知入射线极化角时，按 cos/sin 对 X/Y 双通道做相干合成。
7.738000,90.000000,135.000000,dualpol_known_pol_vector,E3-E4,100.000000,207.117512,169.089370,169.089370,54.166667,-34.160994,39.406346,25.932532,83.905021,73,73,已知入射线极化角时，按 cos/sin 对 X/Y 双通道做相干合成。
7.738000,90.000000,0.000000,dualpol_known_pol_vector,E4-E1,100.000000,221.645186,119.368319,119.368319,58.333333,-8.336918,0.000000,0.000000,0.000000,73,73,已知入射线极化角时，按 cos/sin 对 X/Y 双通道做相干合成。
7.738000,90.000000,45.000000,dualpol_known_pol_vector,E4-E1,100.000000,259.733499,118.400271,118.400271,52.777778,-11.272433,55.788924,44.064723,108.719824,73,73,已知入射线极化角时，按 cos/sin 对 X/Y 双通道做相干合成。
7.738000,90.000000,90.000000,dualpol_known_pol_vector,E4-E1,97.260274,296.096430,-64.487128,-64.487128,62.857143,-40.500883,160.395222,158.932278,179.771665,71,73,已知入射线极化角时，按 cos/sin 对 X/Y 双通道做相干合成。
7.738000,90.000000,135.000000,dualpol_known_pol_vector,E4-E1,100.000000,260.225048,112.461468,112.461468,56.944444,-24.104301,22.607779,17.541691,51.361824,73,73,已知入射线极化角时，按 cos/sin 对 X/Y 双通道做相干合成。
7.738000,45.000000,0.000000,dualpol_fixed_45deg_sum,E1-E3,100.000000,301.408443,-17.429923,-17.429923,50.000000,-16.687722,0.000000,0.000000,0.000000,73,73,固定 45 deg 双通道等权合成，作为无极化估计时的简单参考。
7.738000,45.000000,45.000000,dualpol_fixed_45deg_sum,E1-E3,100.000000,652.802708,8.143824,-351.856176,54.166667,-31.419817,90.167401,64.730825,179.865573,73,73,固定 45 deg 双通道等权合成，作为无极化估计时的简单参考。
7.738000,45.000000,90.000000,dualpol_fixed_45deg_sum,E1-E3,98.630137,631.434711,60.745866,-299.254134,53.521127,-38.139616,79.240902,74.862027,151.747178,72,73,固定 45 deg 双通道等权合成，作为无极化估计时的简单参考。
7.738000,45.000000,135.000000,dualpol_fixed_45deg_sum,E1-E3,97.260274,654.774534,173.661557,-186.338443,50.000000,-46.486028,118.635823,92.157271,179.936162,71,73,固定 45 deg 双通道等权合成，作为无极化估计时的简单参考。
7.738000,45.000000,0.000000,dualpol_fixed_45deg_sum,E2-E4,100.000000,338.120830,158.231175,158.231175,58.333333,-12.915241,0.000000,0.000000,0.000000,73,73,固定 45 deg 双通道等权合成，作为无极化估计时的简单参考。
7.738000,45.000000,45.000000,dualpol_fixed_45deg_sum,E2-E4,100.000000,360.000000,135.706106,495.706106,72.222222,-34.204446,72.006291,49.579519,179.314281,73,73,固定 45 deg 双通道等权合成，作为无极化估计时的简单参考。
7.738000,45.000000,90.000000,dualpol_fixed_45deg_sum,E2-E4,100.000000,463.792676,86.477191,446.477191,61.111111,-28.140888,78.842488,71.679495,160.267714,73,73,固定 45 deg 双通道等权合成，作为无极化估计时的简单参考。
7.738000,45.000000,135.000000,dualpol_fixed_45deg_sum,E2-E4,100.000000,438.546131,54.454312,54.454312,50.000000,-30.236779,74.324535,56.626704,143.751079,73,73,固定 45 deg 双通道等权合成，作为无极化估计时的简单参考。
7.738000,45.000000,0.000000,dualpol_fixed_45deg_sum,E1-E2,100.000000,13.781293,-0.527613,-0.527613,52.777778,-7.175290,0.000000,0.000000,0.000000,73,73,固定 45 deg 双通道等权合成，作为无极化估计时的简单参考。
7.738000,45.000000,45.000000,dualpol_fixed_45deg_sum,E1-E2,100.000000,108.712946,50.727145,50.727145,54.166667,-9.223978,38.289039,34.512899,54.760761,73,73,固定 45 deg 双通道等权合成，作为无极化估计时的简单参考。
7.738000,45.000000,90.000000,dualpol_fixed_45deg_sum,E1-E2,100.000000,132.060721,155.122538,155.122538,83.333333,-34.117847,150.105124,146.774500,179.475030,73,73,固定 45 deg 双通道等权合成，作为无极化估计时的简单参考。
7.738000,45.000000,135.000000,dualpol_fixed_45deg_sum,E1-E2,100.000000,102.136889,-52.190058,-52.190058,52.777778,-9.326380,39.010466,35.117721,54.188672,73,73,固定 45 deg 双通道等权合成，作为无极化估计时的简单参考。
7.738000,45.000000,0.000000,dualpol_fixed_45deg_sum,E2-E3,100.000000,294.542123,-16.902310,-16.902310,54.166667,-15.395897,0.000000,0.000000,0.000000,73,73,固定 45 deg 双通道等权合成，作为无极化估计时的简单参考。
7.738000,45.000000,45.000000,dualpol_fixed_45deg_sum,E2-E3,100.000000,642.095590,-42.583320,-402.583320,54.166667,-31.419817,72.661534,56.819133,178.542334,73,73,固定 45 deg 双通道等权合成，作为无极化估计时的简单参考。
7.738000,45.000000,90.000000,dualpol_fixed_45deg_sum,E2-E3,100.000000,648.476594,-94.376672,-454.376672,51.388889,-30.055934,84.210610,81.261052,148.528532,73,73,固定 45 deg 双通道等权合成，作为无极化估计时的简单参考。
7.738000,45.000000,135.000000,dualpol_fixed_45deg_sum,E2-E3,97.260274,656.890032,-134.148386,-494.148386,51.428571,-48.536393,94.899653,70.699422,167.196779,71,73,固定 45 deg 双通道等权合成，作为无极化估计时的简单参考。
7.738000,45.000000,0.000000,dualpol_fixed_45deg_sum,E3-E4,100.000000,55.815067,175.133485,175.133485,54.166667,-9.234206,0.000000,0.000000,0.000000,73,73,固定 45 deg 双通道等权合成，作为无极化估计时的简单参考。
7.738000,45.000000,45.000000,dualpol_fixed_45deg_sum,E3-E4,98.630137,728.094704,178.289427,898.289427,83.098592,-36.099816,48.122987,32.502153,159.104145,72,73,固定 45 deg 双通道等权合成，作为无极化估计时的简单参考。
7.738000,45.000000,90.000000,dualpol_fixed_45deg_sum,E3-E4,100.000000,720.000000,-179.146137,540.853863,100.000000,-29.806330,43.325179,31.349776,151.294187,73,73,固定 45 deg 双通道等权合成，作为无极化估计时的简单参考。
7.738000,45.000000,135.000000,dualpol_fixed_45deg_sum,E3-E4,97.260274,153.755542,-171.397303,-171.397303,64.285714,-47.137218,38.393206,28.713303,117.381710,71,73,固定 45 deg 双通道等权合成，作为无极化估计时的简单参考。
7.738000,45.000000,0.000000,dualpol_fixed_45deg_sum,E4-E1,100.000000,341.610374,-157.703562,-157.703562,56.944444,-14.207066,0.000000,0.000000,0.000000,73,73,固定 45 deg 双通道等权合成，作为无极化估计时的简单参考。
7.738000,45.000000,45.000000,dualpol_fixed_45deg_sum,E4-E1,100.000000,360.000000,173.566749,-186.433251,68.055556,-34.331509,85.196667,61.710185,177.501928,73,73,固定 45 deg 双通道等权合成，作为无极化估计时的简单参考。
7.738000,45.000000,90.000000,dualpol_fixed_45deg_sum,E4-E1,98.630137,442.897104,118.400271,118.400271,60.563380,-36.224570,79.517257,74.893389,134.255152,72,73,固定 45 deg 双通道等权合成，作为无极化估计时的简单参考。
7.738000,45.000000,135.000000,dualpol_fixed_45deg_sum,E4-E1,100.000000,484.542140,-2.264254,-2.264254,50.000000,-28.837604,101.426748,76.253920,179.297121,73,73,固定 45 deg 双通道等权合成，作为无极化估计时的简单参考。
7.738000,60.000000,0.000000,dualpol_fixed_45deg_sum,E1-E3,100.000000,221.440490,-6.278367,-6.278367,54.166667,-11.070682,0.000000,0.000000,0.000000,73,73,固定 45 deg 双通道等权合成，作为无极化估计时的简单参考。
7.738000,60.000000,45.000000,dualpol_fixed_45deg_sum,E1-E3,100.000000,566.737284,16.767512,-343.232488,51.388889,-33.988553,74.719081,52.130237,174.391298,73,73,固定 45 deg 双通道等权合成，作为无极化估计时的简单参考。
7.738000,60.000000,90.000000,dualpol_fixed_45deg_sum,E1-E3,100.000000,504.611661,117.520047,-242.479953,54.166667,-27.747684,126.645236,122.950974,179.312352,73,73,固定 45 deg 双通道等权合成，作为无极化估计时的简单参考。
7.738000,60.000000,135.000000,dualpol_fixed_45deg_sum,E1-E3,100.000000,349.420714,-161.124763,-161.124763,55.555556,-29.491447,93.214614,66.533427,166.247512,73,73,固定 45 deg 双通道等权合成，作为无极化估计时的简单参考。
7.738000,60.000000,0.000000,dualpol_fixed_45deg_sum,E2-E4,100.000000,398.076274,155.282843,155.282843,55.555556,-9.164135,0.000000,0.000000,0.000000,73,73,固定 45 deg 双通道等权合成，作为无极化估计时的简单参考。
7.738000,60.000000,45.000000,dualpol_fixed_45deg_sum,E2-E4,98.630137,431.263109,121.200755,121.200755,56.338028,-38.301105,41.423843,35.113613,86.260653,72,73,固定 45 deg 双通道等权合成，作为无极化估计时的简单参考。
7.738000,60.000000,90.000000,dualpol_fixed_45deg_sum,E2-E4,98.630137,485.980979,70.593639,430.593639,63.380282,-38.322804,95.563144,89.391758,174.813785,72,73,固定 45 deg 双通道等权合成，作为无极化估计时的简单参考。
7.738000,60.000000,135.000000,dualpol_fixed_45deg_sum,E2-E4,100.000000,465.613995,75.094087,75.094087,50.000000,-32.309378,59.799998,47.221189,124.050767,73,73,固定 45 deg 双通道等权合成，作为无极化估计时的简单参考。
7.738000,60.000000,0.000000,dualpol_fixed_45deg_sum,E1-E2,100.000000,77.689142,14.747729,14.747729,51.388889,-7.330313,0.000000,0.000000,0.000000,73,73,固定 45 deg 双通道等权合成，作为无极化估计时的简单参考。
7.738000,60.000000,45.000000,dualpol_fixed_45deg_sum,E1-E2,100.000000,157.091345,74.661634,74.661634,55.555556,-6.244590,42.522676,37.842392,62.774762,73,73,固定 45 deg 双通道等权合成，作为无极化估计时的简单参考。
7.738000,60.000000,90.000000,dualpol_fixed_45deg_sum,E1-E2,98.630137,434.463239,-130.962971,-130.962971,66.197183,-37.874451,128.756354,122.581540,178.364786,72,73,固定 45 deg 双通道等权合成，作为无极化估计时的简单参考。
7.738000,60.000000,135.000000,dualpol_fixed_45deg_sum,E1-E2,100.000000,133.020909,-32.213078,-32.213078,65.277778,-11.786304,40.689133,36.878243,65.349164,73,73,固定 45 deg 双通道等权合成，作为无极化估计时的简单参考。
7.738000,60.000000,0.000000,dualpol_fixed_45deg_sum,E2-E3,100.000000,299.003363,-21.026096,-21.026096,54.166667,-9.578322,0.000000,0.000000,0.000000,73,73,固定 45 deg 双通道等权合成，作为无极化估计时的简单参考。
7.738000,60.000000,45.000000,dualpol_fixed_45deg_sum,E2-E3,100.000000,667.289379,-57.894123,-417.894123,51.388889,-33.988553,61.109914,48.160645,173.350206,73,73,固定 45 deg 双通道等权合成，作为无极化估计时的简单参考。
7.738000,60.000000,90.000000,dualpol_fixed_45deg_sum,E2-E3,98.630137,350.370137,-111.516982,-111.516982,53.521127,-40.192729,95.710766,93.925843,137.162604,72,73,固定 45 deg 双通道等权合成，作为无极化估计时的简单参考。
7.738000,60.000000,135.000000,dualpol_fixed_45deg_sum,E2-E3,100.000000,386.205172,-128.911685,-128.911685,52.777778,-29.974432,67.348336,50.967170,120.513865,73,73,固定 45 deg 双通道等权合成，作为无极化估计时的简单参考。
7.738000,60.000000,0.000000,dualpol_fixed_45deg_sum,E3-E4,100.000000,99.947610,176.308939,176.308939,55.555556,-7.611254,0.000000,0.000000,0.000000,73,73,固定 45 deg 双通道等权合成，作为无极化估计时的简单参考。
7.738000,60.000000,45.000000,dualpol_fixed_45deg_sum,E3-E4,97.260274,360.000000,179.094877,539.094877,97.142857,-40.128376,44.450156,26.856258,178.795656,71,73,固定 45 deg 双通道等权合成，作为无极化估计时的简单参考。
7.738000,60.000000,90.000000,dualpol_fixed_45deg_sum,E3-E4,100.000000,720.000000,-177.889379,542.110621,77.777778,-27.747684,45.455814,29.142713,172.744850,73,73,固定 45 deg 双通道等权合成，作为无极化估计时的简单参考。
7.738000,60.000000,135.000000,dualpol_fixed_45deg_sum,E3-E4,100.000000,160.875344,-155.994228,-155.994228,52.777778,-30.833885,29.207469,23.058969,65.933248,73,73,固定 45 deg 双通道等权合成，作为无极化估计时的简单参考。
7.738000,60.000000,0.000000,dualpol_fixed_45deg_sum,E4-E1,100.000000,320.786608,-170.030572,-170.030572,55.555556,-10.656496,0.000000,0.000000,0.000000,73,73,固定 45 deg 双通道等权合成，作为无极化估计时的简单参考。
7.738000,60.000000,45.000000,dualpol_fixed_45deg_sum,E4-E1,98.630137,353.040334,164.137611,164.137611,64.788732,-38.301105,55.304095,39.137267,132.340598,72,73,固定 45 deg 双通道等权合成，作为无极化估计时的简单参考。
7.738000,60.000000,90.000000,dualpol_fixed_45deg_sum,E4-E1,100.000000,400.086898,60.369332,-299.630668,69.444444,-25.034362,120.095616,116.601965,176.491492,73,73,固定 45 deg 双通道等权合成，作为无极化估计时的简单参考。
7.738000,60.000000,135.000000,dualpol_fixed_45deg_sum,E4-E1,100.000000,435.142593,-42.881009,-42.881009,52.777778,-31.826394,83.883071,60.926984,164.839302,73,73,固定 45 deg 双通道等权合成，作为无极化估计时的简单参考。
7.738000,75.000000,0.000000,dualpol_fixed_45deg_sum,E1-E3,100.000000,120.789817,1.120437,1.120437,56.944444,-7.944553,0.000000,0.000000,0.000000,73,73,固定 45 deg 双通道等权合成，作为无极化估计时的简单参考。
7.738000,75.000000,45.000000,dualpol_fixed_45deg_sum,E1-E3,100.000000,163.395117,30.596583,30.596583,56.944444,-27.843768,33.852366,27.508895,77.891696,73,73,固定 45 deg 双通道等权合成，作为无极化估计时的简单参考。
7.738000,75.000000,90.000000,dualpol_fixed_45deg_sum,E1-E3,98.630137,187.338837,154.197116,154.197116,57.746479,-46.540506,154.004015,152.788976,178.228671,72,73,固定 45 deg 双通道等权合成，作为无极化估计时的简单参考。
7.738000,75.000000,135.000000,dualpol_fixed_45deg_sum,E1-E3,100.000000,155.246403,-55.264679,-55.264679,50.000000,-17.515163,33.705561,28.319196,56.441129,73,73,固定 45 deg 双通道等权合成，作为无极化估计时的简单参考。
7.738000,75.000000,0.000000,dualpol_fixed_45deg_sum,E2-E4,100.000000,443.559624,147.153986,147.153986,52.777778,-6.186335,0.000000,0.000000,0.000000,73,73,固定 45 deg 双通道等权合成，作为无极化估计时的简单参考。
7.738000,75.000000,45.000000,dualpol_fixed_45deg_sum,E2-E4,100.000000,479.943075,104.200802,104.200802,51.388889,-15.188046,29.797304,25.194068,55.094208,73,73,固定 45 deg 双通道等权合成，作为无极化估计时的简单参考。
7.738000,75.000000,90.000000,dualpol_fixed_45deg_sum,E2-E4,100.000000,521.429237,58.818052,418.818052,61.111111,-29.679658,99.468192,95.973442,172.196665,73,73,固定 45 deg 双通道等权合成，作为无极化估计时的简单参考。
7.738000,75.000000,135.000000,dualpol_fixed_45deg_sum,E2-E4,100.000000,424.937161,143.426106,143.426106,52.777778,-16.639106,25.756989,19.957078,55.267423,73,73,固定 45 deg 双通道等权合成，作为无极化估计时的简单参考。
7.738000,75.000000,0.000000,dualpol_fixed_45deg_sum,E1-E2,100.000000,160.926975,31.364018,31.364018,51.388889,-7.497322,0.000000,0.000000,0.000000,73,73,固定 45 deg 双通道等权合成，作为无极化估计时的简单参考。
7.738000,75.000000,45.000000,dualpol_fixed_45deg_sum,E1-E2,100.000000,247.445549,106.308135,106.308135,50.000000,-6.513040,52.235415,45.518860,85.216593,73,73,固定 45 deg 双通道等权合成，作为无极化估计时的简单参考。
7.738000,75.000000,90.000000,dualpol_fixed_45deg_sum,E1-E2,100.000000,477.741480,-80.472891,-80.472891,62.500000,-27.102909,107.503086,102.225586,172.988877,73,73,固定 45 deg 双通道等权合成，作为无极化估计时的简单参考。
7.738000,75.000000,135.000000,dualpol_fixed_45deg_sum,E1-E2,100.000000,194.748078,-15.713818,-15.713818,65.277778,-14.075684,46.604817,41.946652,79.517058,73,73,固定 45 deg 双通道等权合成，作为无极化估计时的简单参考。
7.738000,75.000000,0.000000,dualpol_fixed_45deg_sum,E2-E3,100.000000,279.213778,-30.243581,-30.243581,51.388889,-7.049470,0.000000,0.000000,0.000000,73,73,固定 45 deg 双通道等权合成，作为无极化估计时的简单参考。
7.738000,75.000000,45.000000,dualpol_fixed_45deg_sum,E2-E3,100.000000,320.924917,-75.711552,-75.711552,54.166667,-27.843768,31.568606,26.876316,54.376655,73,73,固定 45 deg 双通道等权合成，作为无极化估计时的简单参考。
7.738000,75.000000,90.000000,dualpol_fixed_45deg_sum,E2-E3,98.630137,676.204711,-125.329993,-485.329993,52.112676,-47.207736,101.703437,99.137327,167.379034,72,73,固定 45 deg 双通道等权合成，作为无极化估计时的简单参考。
7.738000,75.000000,135.000000,dualpol_fixed_45deg_sum,E2-E3,100.000000,276.885247,-39.550861,-39.550861,56.944444,-17.145162,23.621368,18.360644,51.457657,73,73,固定 45 deg 双通道等权合成，作为无极化估计时的简单参考。
7.738000,75.000000,0.000000,dualpol_fixed_45deg_sum,E3-E4,100.000000,170.269628,177.397566,177.397566,50.000000,-7.049470,0.000000,0.000000,0.000000,73,73,固定 45 deg 双通道等权合成，作为无极化估计时的简单参考。
7.738000,75.000000,45.000000,dualpol_fixed_45deg_sum,E3-E4,100.000000,191.258567,179.912354,179.912354,56.944444,-27.843768,17.414984,12.300569,38.649653,73,73,固定 45 deg 双通道等权合成，作为无极化估计时的简单参考。
7.738000,75.000000,90.000000,dualpol_fixed_45deg_sum,E3-E4,98.630137,444.105200,-175.851956,184.148044,66.197183,-46.540506,37.817700,21.298171,155.406380,72,73,固定 45 deg 双通道等权合成，作为无极化估计时的简单参考。
7.738000,75.000000,135.000000,dualpol_fixed_45deg_sum,E3-E4,100.000000,152.290324,-177.023033,-177.023033,51.388889,-15.090543,10.465534,8.169068,28.523925,73,73,固定 45 deg 双通道等权合成，作为无极化估计时的简单参考。
7.738000,75.000000,0.000000,dualpol_fixed_45deg_sum,E4-E1,100.000000,286.678936,-178.518003,-178.518003,52.777778,-7.660718,0.000000,0.000000,0.000000,73,73,固定 45 deg 双通道等权合成，作为无极化估计时的简单参考。
7.738000,75.000000,45.000000,dualpol_fixed_45deg_sum,E4-E1,100.000000,304.496415,149.491063,149.491063,54.166667,-15.188046,26.613476,23.764443,39.827992,73,73,固定 45 deg 双通道等权合成，作为无极化估计时的简单参考。
7.738000,75.000000,90.000000,dualpol_fixed_45deg_sum,E4-E1,100.000000,425.873194,21.654840,-338.345160,56.944444,-27.091700,146.545385,143.601635,178.105845,73,73,固定 45 deg 双通道等权合成，作为无极化估计时的简单参考。
7.738000,75.000000,135.000000,dualpol_fixed_45deg_sum,E4-E1,100.000000,279.496398,-127.712288,-127.712288,55.555556,-17.009108,35.723367,29.597833,64.575076,73,73,固定 45 deg 双通道等权合成，作为无极化估计时的简单参考。
7.738000,90.000000,0.000000,dualpol_fixed_45deg_sum,E1-E3,100.000000,8.042012,8.143824,8.143824,66.666667,-8.082128,0.000000,0.000000,0.000000,73,73,固定 45 deg 双通道等权合成，作为无极化估计时的简单参考。
7.738000,90.000000,45.000000,dualpol_fixed_45deg_sum,E1-E3,100.000000,93.807462,60.745866,60.745866,54.166667,-15.845351,33.335853,28.136082,54.368568,73,73,固定 45 deg 双通道等权合成，作为无极化估计时的简单参考。
7.738000,90.000000,90.000000,dualpol_fixed_45deg_sum,E1-E3,100.000000,91.624616,173.661557,173.661557,68.055556,-26.811090,167.048062,166.806039,178.173708,73,73,固定 45 deg 双通道等权合成，作为无极化估计时的简单参考。
7.738000,90.000000,135.000000,dualpol_fixed_45deg_sum,E1-E3,100.000000,97.883505,-17.429923,-17.429923,55.555556,-21.680284,31.325082,26.011903,68.986567,73,73,固定 45 deg 双通道等权合成，作为无极化估计时的简单参考。
7.738000,90.000000,0.000000,dualpol_fixed_45deg_sum,E2-E4,100.000000,462.646961,135.706106,135.706106,50.000000,-7.513700,0.000000,0.000000,0.000000,73,73,固定 45 deg 双通道等权合成，作为无极化估计时的简单参考。
7.738000,90.000000,45.000000,dualpol_fixed_45deg_sum,E2-E4,100.000000,492.329260,86.477191,86.477191,50.000000,-9.196030,34.593186,30.150224,55.358191,73,73,固定 45 deg 双通道等权合成，作为无极化估计时的简单参考。
7.738000,90.000000,90.000000,dualpol_fixed_45deg_sum,E2-E4,97.260274,633.304269,54.454312,54.454312,50.000000,-48.925580,89.995338,88.354000,178.830099,71,73,固定 45 deg 双通道等权合成，作为无极化估计时的简单参考。
7.738000,90.000000,135.000000,dualpol_fixed_45deg_sum,E2-E4,100.000000,461.312326,158.231175,158.231175,51.388889,-12.041544,29.127946,25.486942,50.386005,73,73,固定 45 deg 双通道等权合成，作为无极化估计时的简单参考。
7.738000,90.000000,0.000000,dualpol_fixed_45deg_sum,E1-E2,100.000000,233.549342,50.727145,50.727145,52.777778,-7.868944,0.000000,0.000000,0.000000,73,73,固定 45 deg 双通道等权合成，作为无极化估计时的简单参考。
7.738000,90.000000,45.000000,dualpol_fixed_45deg_sum,E1-E2,100.000000,333.082293,155.122538,155.122538,51.388889,-9.223520,67.852908,58.095624,110.678655,73,73,固定 45 deg 双通道等权合成，作为无极化估计时的简单参考。
7.738000,90.000000,90.000000,dualpol_fixed_45deg_sum,E1-E2,98.630137,662.109031,-52.190058,307.809942,53.521127,-44.225623,101.291035,97.954560,179.564335,72,73,固定 45 deg 双通道等权合成，作为无极化估计时的简单参考。
7.738000,90.000000,135.000000,dualpol_fixed_45deg_sum,E1-E2,100.000000,286.446045,-0.527613,-0.527613,65.277778,-21.680284,59.620344,51.723759,113.065811,73,73,固定 45 deg 双通道等权合成，作为无极化估计时的简单参考。
7.738000,90.000000,0.000000,dualpol_fixed_45deg_sum,E2-E3,100.000000,236.964129,-42.583320,-42.583320,51.388889,-8.851200,0.000000,0.000000,0.000000,73,73,固定 45 deg 双通道等权合成，作为无极化估计时的简单参考。
7.738000,90.000000,45.000000,dualpol_fixed_45deg_sum,E2-E3,100.000000,295.579233,-94.376672,-94.376672,51.388889,-15.845351,35.943251,31.611847,56.998530,73,73,固定 45 deg 双通道等权合成，作为无极化估计时的简单参考。
7.738000,90.000000,90.000000,dualpol_fixed_45deg_sum,E2-E3,98.630137,698.943474,-134.148386,-494.148386,52.112676,-44.225623,95.604946,91.449020,165.664342,72,73,固定 45 deg 双通道等权合成，作为无极化估计时的简单参考。
7.738000,90.000000,135.000000,dualpol_fixed_45deg_sum,E2-E3,100.000000,236.272437,-16.902310,-16.902310,56.944444,-11.450776,30.509980,27.069746,52.318386,73,73,固定 45 deg 双通道等权合成，作为无极化估计时的简单参考。
7.738000,90.000000,0.000000,dualpol_fixed_45deg_sum,E3-E4,100.000000,234.152079,178.289427,178.289427,50.000000,-6.556419,0.000000,0.000000,0.000000,73,73,固定 45 deg 双通道等权合成，作为无极化估计时的简单参考。
7.738000,90.000000,45.000000,dualpol_fixed_45deg_sum,E3-E4,100.000000,236.091687,-179.146137,-179.146137,52.777778,-15.845351,6.438214,4.962377,16.178249,73,73,固定 45 deg 双通道等权合成，作为无极化估计时的简单参考。
7.738000,90.000000,90.000000,dualpol_fixed_45deg_sum,E3-E4,98.630137,557.441344,-171.397303,-531.397303,50.704225,-43.829048,49.829766,28.863211,175.274360,72,73,固定 45 deg 双通道等权合成，作为无极化估计时的简单参考。
7.738000,90.000000,135.000000,dualpol_fixed_45deg_sum,E3-E4,100.000000,232.559080,175.133485,175.133485,51.388889,-9.081104,4.763228,4.155147,9.167214,73,73,固定 45 deg 双通道等权合成，作为无极化估计时的简单参考。
7.738000,90.000000,0.000000,dualpol_fixed_45deg_sum,E4-E1,100.000000,237.558156,173.566749,173.566749,51.388889,-7.099873,0.000000,0.000000,0.000000,73,73,固定 45 deg 双通道等权合成，作为无极化估计时的简单参考。
7.738000,90.000000,45.000000,dualpol_fixed_45deg_sum,E4-E1,100.000000,259.733499,118.400271,118.400271,52.777778,-11.272433,33.497460,28.005901,58.415331,73,73,固定 45 deg 双通道等权合成，作为无极化估计时的简单参考。
7.738000,90.000000,90.000000,dualpol_fixed_45deg_sum,E4-E1,98.630137,556.540721,-2.264254,357.735746,52.112676,-46.460256,161.506997,157.278540,179.994464,72,73,固定 45 deg 双通道等权合成，作为无极化估计时的简单参考。
7.738000,90.000000,135.000000,dualpol_fixed_45deg_sum,E4-E1,100.000000,233.713301,-157.703562,-157.703562,54.166667,-21.680284,32.003889,26.373887,68.159403,73,73,固定 45 deg 双通道等权合成，作为无极化估计时的简单参考。
7.738000,45.000000,0.000000,legacy_cp_minus90,E1-E3,100.000000,376.389233,-99.527801,-99.527801,61.111111,-12.968044,0.000000,0.000000,0.000000,73,73,沿用圆极化路线的 A + B*(-90 deg) 合成，仅作对照。
7.738000,45.000000,45.000000,legacy_cp_minus90,E1-E3,100.000000,440.925246,-175.687180,184.312820,58.333333,-29.851201,77.452586,65.918641,162.934573,73,73,沿用圆极化路线的 A + B*(-90 deg) 合成，仅作对照。
7.738000,45.000000,90.000000,legacy_cp_minus90,E1-E3,95.890411,720.000000,-157.650208,562.349792,68.115942,-48.831825,85.161587,69.686949,168.274554,70,73,沿用圆极化路线的 A + B*(-90 deg) 合成，仅作对照。
7.738000,45.000000,135.000000,legacy_cp_minus90,E1-E3,100.000000,399.258222,-135.562672,224.437328,69.444444,-31.518652,60.780445,52.388102,154.778459,73,73,沿用圆极化路线的 A + B*(-90 deg) 合成，仅作对照。
7.738000,45.000000,0.000000,legacy_cp_minus90,E2-E4,100.000000,304.299059,72.334130,72.334130,52.777778,-10.625949,0.000000,0.000000,0.000000,73,73,沿用圆极化路线的 A + B*(-90 deg) 合成，仅作对照。
7.738000,45.000000,45.000000,legacy_cp_minus90,E2-E4,100.000000,352.305784,-22.427118,-22.427118,51.388889,-17.104462,63.885872,48.214253,113.129845,73,73,沿用圆极化路线的 A + B*(-90 deg) 合成，仅作对照。
7.738000,45.000000,90.000000,legacy_cp_minus90,E2-E4,98.630137,369.962622,48.774708,48.774708,52.112676,-50.234375,32.487034,30.504161,62.885189,72,73,沿用圆极化路线的 A + B*(-90 deg) 合成，仅作对照。
7.738000,45.000000,135.000000,legacy_cp_minus90,E2-E4,100.000000,381.802322,68.311899,68.311899,58.333333,-27.049654,59.038770,39.510290,103.205492,73,73,沿用圆极化路线的 A + B*(-90 deg) 合成，仅作对照。
7.738000,45.000000,0.000000,legacy_cp_minus90,E1-E2,100.000000,83.719807,-28.718738,-28.718738,56.944444,-10.625949,0.000000,0.000000,0.000000,73,73,沿用圆极化路线的 A + B*(-90 deg) 合成，仅作对照。
7.738000,45.000000,45.000000,legacy_cp_minus90,E1-E2,100.000000,377.741484,-17.744669,342.255331,63.888889,-29.851201,40.044254,31.161309,152.234279,73,73,沿用圆极化路线的 A + B*(-90 deg) 合成，仅作对照。
7.738000,45.000000,90.000000,legacy_cp_minus90,E1-E2,98.630137,91.437244,-21.054486,-21.054486,87.323944,-36.341826,35.641972,31.391642,72.613601,72,73,沿用圆极化路线的 A + B*(-90 deg) 合成，仅作对照。
7.738000,45.000000,135.000000,legacy_cp_minus90,E1-E2,100.000000,394.915420,-23.019359,336.980641,72.222222,-33.358466,42.750517,31.754654,151.087894,73,73,沿用圆极化路线的 A + B*(-90 deg) 合成，仅作对照。
7.738000,45.000000,0.000000,legacy_cp_minus90,E2-E3,100.000000,319.617219,-70.809063,-70.809063,55.555556,-14.638561,0.000000,0.000000,0.000000,73,73,沿用圆极化路线的 A + B*(-90 deg) 合成，仅作对照。
7.738000,45.000000,45.000000,legacy_cp_minus90,E2-E3,100.000000,281.028563,-157.942511,-157.942511,54.166667,-22.144393,61.591149,51.516642,105.593983,73,73,沿用圆极化路线的 A + B*(-90 deg) 合成，仅作对照。
7.738000,45.000000,90.000000,legacy_cp_minus90,E2-E3,93.150685,469.144953,-136.595722,223.404278,64.179104,-50.248166,70.381788,61.150410,160.556440,68,73,沿用圆极化路线的 A + B*(-90 deg) 合成，仅作对照。
7.738000,45.000000,135.000000,legacy_cp_minus90,E2-E3,100.000000,491.760008,-112.543313,-112.543313,59.722222,-27.971731,63.797324,56.742604,130.226962,73,73,沿用圆极化路线的 A + B*(-90 deg) 合成，仅作对照。
7.738000,45.000000,0.000000,legacy_cp_minus90,E3-E4,100.000000,52.474629,143.143193,143.143193,62.500000,-13.230568,0.000000,0.000000,0.000000,73,73,沿用圆极化路线的 A + B*(-90 deg) 合成，仅作对照。
7.738000,45.000000,45.000000,legacy_cp_minus90,E3-E4,100.000000,99.500070,135.515394,135.515394,52.777778,-15.321850,27.715839,22.743003,58.721623,73,73,沿用圆极化路线的 A + B*(-90 deg) 合成，仅作对照。
7.738000,45.000000,90.000000,legacy_cp_minus90,E3-E4,97.260274,331.356671,-174.629570,-174.629570,78.571429,-38.291322,70.324906,52.242142,178.348009,71,73,沿用圆极化路线的 A + B*(-90 deg) 合成，仅作对照。
7.738000,45.000000,135.000000,legacy_cp_minus90,E3-E4,100.000000,116.648960,-179.144788,-179.144788,56.944444,-18.906447,34.959074,32.040187,50.966492,73,73,沿用圆极化路线的 A + B*(-90 deg) 合成，仅作对照。
7.738000,45.000000,0.000000,legacy_cp_minus90,E4-E1,100.000000,347.953897,-43.615392,-43.615392,61.111111,-7.534399,0.000000,0.000000,0.000000,73,73,沿用圆极化路线的 A + B*(-90 deg) 合成，仅作对照。
7.738000,45.000000,45.000000,legacy_cp_minus90,E4-E1,100.000000,417.484210,40.171786,-319.828214,61.111111,-29.851201,71.549062,54.566750,167.823038,73,73,沿用圆极化路线的 A + B*(-90 deg) 合成，仅作对照。
7.738000,45.000000,90.000000,legacy_cp_minus90,E4-E1,98.630137,402.127639,-27.720222,-27.720222,56.338028,-48.818035,38.361343,30.010322,97.696715,72,73,沿用圆极化路线的 A + B*(-90 deg) 合成，仅作对照。
7.738000,45.000000,135.000000,legacy_cp_minus90,E4-E1,100.000000,360.000000,-45.292540,-405.292540,70.833333,-31.518652,51.995765,36.584700,178.789920,73,73,沿用圆极化路线的 A + B*(-90 deg) 合成，仅作对照。
7.738000,60.000000,0.000000,legacy_cp_minus90,E1-E3,100.000000,399.032122,-127.975195,-127.975195,58.333333,-27.004676,0.000000,0.000000,0.000000,73,73,沿用圆极化路线的 A + B*(-90 deg) 合成，仅作对照。
7.738000,60.000000,45.000000,legacy_cp_minus90,E1-E3,100.000000,288.593100,-170.005072,-170.005072,50.000000,-28.592028,61.011768,50.666935,122.163821,73,73,沿用圆极化路线的 A + B*(-90 deg) 合成，仅作对照。
7.738000,60.000000,90.000000,legacy_cp_minus90,E1-E3,95.890411,423.769136,-151.241429,208.758571,65.217391,-40.928674,82.219298,67.117850,175.158473,70,73,沿用圆极化路线的 A + B*(-90 deg) 合成，仅作对照。
7.738000,60.000000,135.000000,legacy_cp_minus90,E1-E3,100.000000,364.178699,-124.684235,235.315765,66.666667,-32.268963,70.474027,54.031886,178.520533,73,73,沿用圆极化路线的 A + B*(-90 deg) 合成，仅作对照。
7.738000,60.000000,0.000000,legacy_cp_minus90,E2-E4,100.000000,341.815606,27.683207,27.683207,51.388889,-12.995300,0.000000,0.000000,0.000000,73,73,沿用圆极化路线的 A + B*(-90 deg) 合成，仅作对照。
7.738000,60.000000,45.000000,legacy_cp_minus90,E2-E4,100.000000,454.673856,9.165209,369.165209,63.888889,-33.074215,57.566856,50.886082,120.518816,73,73,沿用圆极化路线的 A + B*(-90 deg) 合成，仅作对照。
7.738000,60.000000,90.000000,legacy_cp_minus90,E2-E4,98.630137,524.885344,57.638413,417.638413,56.338028,-35.695360,48.293385,39.683398,132.280893,72,73,沿用圆极化路线的 A + B*(-90 deg) 合成，仅作对照。
7.738000,60.000000,135.000000,legacy_cp_minus90,E2-E4,100.000000,424.183007,71.941373,71.941373,61.111111,-33.414624,38.931343,33.634383,94.823495,73,73,沿用圆极化路线的 A + B*(-90 deg) 合成，仅作对照。
7.738000,60.000000,0.000000,legacy_cp_minus90,E1-E2,100.000000,173.240304,-27.526002,-27.526002,56.944444,-27.004676,0.000000,0.000000,0.000000,73,73,沿用圆极化路线的 A + B*(-90 deg) 合成，仅作对照。
7.738000,60.000000,45.000000,legacy_cp_minus90,E1-E2,100.000000,176.008652,-19.350683,-19.350683,76.388889,-33.074215,56.959264,48.268652,105.057355,73,73,沿用圆极化路线的 A + B*(-90 deg) 合成，仅作对照。
7.738000,60.000000,90.000000,legacy_cp_minus90,E1-E2,100.000000,103.864958,-21.683608,-21.683608,58.333333,-31.007799,59.212466,48.462543,137.308903,73,73,沿用圆极化路线的 A + B*(-90 deg) 合成，仅作对照。
7.738000,60.000000,135.000000,legacy_cp_minus90,E1-E2,100.000000,458.879966,-23.961991,336.038009,54.166667,-33.414624,61.344981,46.084773,173.663878,73,73,沿用圆极化路线的 A + B*(-90 deg) 合成，仅作对照。
7.738000,60.000000,0.000000,legacy_cp_minus90,E2-E3,100.000000,315.887364,-100.449193,-100.449193,61.111111,-13.706183,0.000000,0.000000,0.000000,73,73,沿用圆极化路线的 A + B*(-90 deg) 合成，仅作对照。
7.738000,60.000000,45.000000,legacy_cp_minus90,E2-E3,100.000000,433.112186,-150.654389,209.345611,62.500000,-33.074215,60.449094,56.086048,114.066756,73,73,沿用圆极化路线的 A + B*(-90 deg) 合成，仅作对照。
7.738000,60.000000,90.000000,legacy_cp_minus90,E2-E3,93.150685,460.015086,-129.557821,230.442179,64.179104,-42.563756,57.491250,45.994149,176.189600,68,73,沿用圆极化路线的 A + B*(-90 deg) 合成，仅作对照。
7.738000,60.000000,135.000000,legacy_cp_minus90,E2-E3,100.000000,458.489728,-100.722244,-100.722244,56.944444,-34.309962,35.762643,26.816518,83.131999,73,73,沿用圆极化路线的 A + B*(-90 deg) 合成，仅作对照。
7.738000,60.000000,0.000000,legacy_cp_minus90,E3-E4,100.000000,76.895048,128.132401,128.132401,55.555556,-15.734539,0.000000,0.000000,0.000000,73,73,沿用圆极化路线的 A + B*(-90 deg) 合成，仅作对照。
7.738000,60.000000,45.000000,legacy_cp_minus90,E3-E4,100.000000,138.990804,159.819598,159.819598,61.111111,-17.424938,27.940130,23.761419,53.084331,73,73,沿用圆极化路线的 A + B*(-90 deg) 合成，仅作对照。
7.738000,60.000000,90.000000,legacy_cp_minus90,E3-E4,100.000000,358.798404,-172.803766,-172.803766,54.166667,-31.152856,67.819121,56.585675,176.449905,73,73,沿用圆极化路线的 A + B*(-90 deg) 合成，仅作对照。
7.738000,60.000000,135.000000,legacy_cp_minus90,E3-E4,100.000000,91.775311,172.663617,172.663617,51.388889,-26.909869,34.291501,31.425599,54.120029,73,73,沿用圆极化路线的 A + B*(-90 deg) 合成，仅作对照。
7.738000,60.000000,0.000000,legacy_cp_minus90,E4-E1,100.000000,415.560514,-0.157205,-0.157205,59.722222,-27.004676,0.000000,0.000000,0.000000,73,73,沿用圆极化路线的 A + B*(-90 deg) 合成，仅作对照。
7.738000,60.000000,45.000000,legacy_cp_minus90,E4-E1,100.000000,407.199211,10.185474,10.185474,52.777778,-28.592028,39.807861,31.924855,83.225299,73,73,沿用圆极化路线的 A + B*(-90 deg) 合成，仅作对照。
7.738000,60.000000,90.000000,legacy_cp_minus90,E4-E1,100.000000,490.924960,-35.954805,-395.954805,55.555556,-34.060278,45.502941,39.034844,106.100679,73,73,沿用圆极化路线的 A + B*(-90 deg) 合成，仅作对照。
7.738000,60.000000,135.000000,legacy_cp_minus90,E4-E1,100.000000,360.000000,-47.979382,-407.979382,68.055556,-29.141891,64.694283,49.355950,178.499741,73,73,沿用圆极化路线的 A + B*(-90 deg) 合成，仅作对照。
7.738000,75.000000,0.000000,legacy_cp_minus90,E1-E3,100.000000,135.349368,-175.260537,-175.260537,50.000000,-25.136722,0.000000,0.000000,0.000000,73,73,沿用圆极化路线的 A + B*(-90 deg) 合成，仅作对照。
7.738000,75.000000,45.000000,legacy_cp_minus90,E1-E3,100.000000,481.602745,-163.820242,-523.820242,59.722222,-31.064045,59.760464,36.508072,176.923520,73,73,沿用圆极化路线的 A + B*(-90 deg) 合成，仅作对照。
7.738000,75.000000,90.000000,legacy_cp_minus90,E1-E3,94.520548,288.058506,-144.110617,-144.110617,61.764706,-53.215687,54.333270,47.268846,115.671569,69,73,沿用圆极化路线的 A + B*(-90 deg) 合成，仅作对照。
7.738000,75.000000,135.000000,legacy_cp_minus90,E1-E3,100.000000,183.041299,-111.043245,-111.043245,58.333333,-22.792440,54.901880,47.833177,90.258024,73,73,沿用圆极化路线的 A + B*(-90 deg) 合成，仅作对照。
7.738000,75.000000,0.000000,legacy_cp_minus90,E2-E4,100.000000,395.690990,-37.259930,-37.259930,50.000000,-11.058044,0.000000,0.000000,0.000000,73,73,沿用圆极化路线的 A + B*(-90 deg) 合成，仅作对照。
7.738000,75.000000,45.000000,legacy_cp_minus90,E2-E4,100.000000,528.165776,34.213126,34.213126,54.166667,-32.387211,80.656299,70.283843,143.706800,73,73,沿用圆极化路线的 A + B*(-90 deg) 合成，仅作对照。
7.738000,75.000000,90.000000,legacy_cp_minus90,E2-E4,98.630137,539.890931,63.714076,423.714076,56.338028,-36.165634,101.124820,96.802006,171.640177,72,73,沿用圆极化路线的 A + B*(-90 deg) 合成，仅作对照。
7.738000,75.000000,135.000000,legacy_cp_minus90,E2-E4,97.260274,453.451849,74.344881,74.344881,52.857143,-38.034734,82.574712,77.515625,117.524041,71,73,沿用圆极化路线的 A + B*(-90 deg) 合成，仅作对照。
7.738000,75.000000,0.000000,legacy_cp_minus90,E1-E2,100.000000,204.515736,-14.491652,-14.491652,61.111111,-24.142282,0.000000,0.000000,0.000000,73,73,沿用圆极化路线的 A + B*(-90 deg) 合成，仅作对照。
7.738000,75.000000,45.000000,legacy_cp_minus90,E1-E2,100.000000,397.086911,-20.328625,-380.328625,72.222222,-32.387211,41.942608,27.815743,172.152119,73,73,沿用圆极化路线的 A + B*(-90 deg) 合成，仅作对照。
7.738000,75.000000,90.000000,legacy_cp_minus90,E1-E2,98.630137,210.426550,-22.308496,-22.308496,60.563380,-38.611042,30.404948,23.289690,73.647147,72,73,沿用圆极化路线的 A + B*(-90 deg) 合成，仅作对照。
7.738000,75.000000,135.000000,legacy_cp_minus90,E1-E2,100.000000,178.455156,-25.485284,-25.485284,54.166667,-25.690027,27.883861,23.388271,56.994959,73,73,沿用圆极化路线的 A + B*(-90 deg) 合成，仅作对照。
7.738000,75.000000,0.000000,legacy_cp_minus90,E2-E3,100.000000,268.046935,-160.768885,-160.768885,54.166667,-22.094687,0.000000,0.000000,0.000000,73,73,沿用圆极化路线的 A + B*(-90 deg) 合成，仅作对照。
7.738000,75.000000,45.000000,legacy_cp_minus90,E2-E3,100.000000,360.152206,-143.491617,-143.491617,58.333333,-32.387211,57.905120,42.185557,106.723093,73,73,沿用圆极化路线的 A + B*(-90 deg) 合成，仅作对照。
7.738000,75.000000,90.000000,legacy_cp_minus90,E2-E3,94.520548,360.079285,-121.802121,-121.802121,60.294118,-55.056133,53.705347,48.115625,94.416386,69,73,沿用圆极化路线的 A + B*(-90 deg) 合成，仅作对照。
7.738000,75.000000,135.000000,legacy_cp_minus90,E2-E3,100.000000,340.266465,-85.557961,-85.557961,50.000000,-25.690027,60.866702,54.514595,96.184267,73,73,沿用圆极化路线的 A + B*(-90 deg) 合成，仅作对照。
7.738000,75.000000,0.000000,legacy_cp_minus90,E3-E4,100.000000,139.330844,123.508955,123.508955,58.333333,-20.516077,0.000000,0.000000,0.000000,73,73,沿用圆极化路线的 A + B*(-90 deg) 合成，仅作对照。
7.738000,75.000000,45.000000,legacy_cp_minus90,E3-E4,100.000000,189.725840,177.704743,177.704743,54.166667,-21.484623,32.663528,28.676294,55.547473,73,73,沿用圆极化路线的 A + B*(-90 deg) 合成，仅作对照。
7.738000,75.000000,90.000000,legacy_cp_minus90,E3-E4,98.630137,651.553646,-174.483804,-534.483804,53.521127,-44.991312,61.951646,51.586782,179.978100,72,73,沿用圆极化路线的 A + B*(-90 deg) 合成，仅作对照。
7.738000,75.000000,135.000000,legacy_cp_minus90,E3-E4,100.000000,203.140065,159.902842,159.902842,54.166667,-32.864884,39.357140,31.759110,107.277801,73,73,沿用圆极化路线的 A + B*(-90 deg) 合成，仅作对照。
7.738000,75.000000,0.000000,legacy_cp_minus90,E4-E1,100.000000,247.247042,51.751582,51.751582,51.388889,-24.142282,0.000000,0.000000,0.000000,73,73,沿用圆极化路线的 A + B*(-90 deg) 合成，仅作对照。
7.738000,75.000000,45.000000,legacy_cp_minus90,E4-E1,100.000000,661.831943,-13.884501,346.115499,56.944444,-28.089702,66.558445,56.139315,160.901600,73,73,沿用圆极化路线的 A + B*(-90 deg) 合成，仅作对照。
7.738000,75.000000,90.000000,legacy_cp_minus90,E4-E1,98.630137,474.436594,-41.405579,-401.405579,54.929577,-36.770595,91.842032,85.018176,177.621036,72,73,沿用圆极化路线的 A + B*(-90 deg) 合成，仅作对照。
7.738000,75.000000,135.000000,legacy_cp_minus90,E4-E1,97.260274,294.291930,-48.859597,-48.859597,50.000000,-35.854572,79.377731,67.171383,164.118055,71,73,沿用圆极化路线的 A + B*(-90 deg) 合成，仅作对照。
7.738000,90.000000,0.000000,legacy_cp_minus90,E1-E3,100.000000,85.308722,-175.687180,-175.687180,50.000000,-24.088361,0.000000,0.000000,0.000000,73,73,沿用圆极化路线的 A + B*(-90 deg) 合成，仅作对照。
7.738000,90.000000,45.000000,legacy_cp_minus90,E1-E3,100.000000,407.381538,-157.650208,-517.650208,69.444444,-34.474638,53.995075,34.117358,177.083603,73,73,沿用圆极化路线的 A + B*(-90 deg) 合成，仅作对照。
7.738000,90.000000,90.000000,legacy_cp_minus90,E1-E3,97.260274,146.869985,-135.562672,-135.562672,77.142857,-39.167326,54.837974,47.148648,132.490027,71,73,沿用圆极化路线的 A + B*(-90 deg) 合成，仅作对照。
7.738000,90.000000,135.000000,legacy_cp_minus90,E1-E3,100.000000,109.241226,-99.527801,-99.527801,61.111111,-20.707653,48.594484,38.721393,104.597653,73,73,沿用圆极化路线的 A + B*(-90 deg) 合成，仅作对照。
7.738000,90.000000,0.000000,legacy_cp_minus90,E2-E4,100.000000,425.052455,-22.427118,-22.427118,51.388889,-22.290534,0.000000,0.000000,0.000000,73,73,沿用圆极化路线的 A + B*(-90 deg) 合成，仅作对照。
7.738000,90.000000,45.000000,legacy_cp_minus90,E2-E4,98.630137,499.757959,48.774708,48.774708,52.112676,-38.294505,68.346310,59.000153,132.235107,72,73,沿用圆极化路线的 A + B*(-90 deg) 合成，仅作对照。
7.738000,90.000000,90.000000,legacy_cp_minus90,E2-E4,94.520548,622.442838,68.311899,68.311899,52.941176,-46.614391,88.204667,86.971143,119.256277,69,73,沿用圆极化路线的 A + B*(-90 deg) 合成，仅作对照。
7.738000,90.000000,135.000000,legacy_cp_minus90,E2-E4,100.000000,472.515607,72.334130,72.334130,50.000000,-24.655597,67.866652,60.659250,99.895583,73,73,沿用圆极化路线的 A + B*(-90 deg) 合成，仅作对照。
7.738000,90.000000,0.000000,legacy_cp_minus90,E1-E2,100.000000,245.914982,-17.744669,-17.744669,58.333333,-10.966035,0.000000,0.000000,0.000000,73,73,沿用圆极化路线的 A + B*(-90 deg) 合成，仅作对照。
7.738000,90.000000,45.000000,legacy_cp_minus90,E1-E2,98.630137,264.480942,-21.054486,-21.054486,67.605634,-38.294505,27.169570,14.395890,143.449698,72,73,沿用圆极化路线的 A + B*(-90 deg) 合成，仅作对照。
7.738000,90.000000,90.000000,legacy_cp_minus90,E1-E2,98.630137,269.464726,-23.019359,-23.019359,53.521127,-35.327070,33.596619,20.976154,156.844804,72,73,沿用圆极化路线的 A + B*(-90 deg) 合成，仅作对照。
7.738000,90.000000,135.000000,legacy_cp_minus90,E1-E2,100.000000,247.728063,-28.718738,-28.718738,50.000000,-18.911383,20.389906,16.026463,59.305527,73,73,沿用圆极化路线的 A + B*(-90 deg) 合成，仅作对照。
7.738000,90.000000,0.000000,legacy_cp_minus90,E2-E3,100.000000,221.688980,-157.942511,-157.942511,51.388889,-24.021963,0.000000,0.000000,0.000000,73,73,沿用圆极化路线的 A + B*(-90 deg) 合成，仅作对照。
7.738000,90.000000,45.000000,legacy_cp_minus90,E2-E3,95.890411,324.241141,-136.595722,-136.595722,52.173913,-38.294505,53.868741,37.732710,135.693363,70,73,沿用圆极化路线的 A + B*(-90 deg) 合成，仅作对照。
7.738000,90.000000,90.000000,legacy_cp_minus90,E2-E3,97.260274,282.629038,-112.543313,-112.543313,58.571429,-41.163186,51.559322,48.079377,92.097270,71,73,沿用圆极化路线的 A + B*(-90 deg) 合成，仅作对照。
7.738000,90.000000,135.000000,legacy_cp_minus90,E2-E3,100.000000,279.065754,-70.809063,-70.809063,50.000000,-21.770227,53.404690,43.054243,92.693677,73,73,沿用圆极化路线的 A + B*(-90 deg) 合成，仅作对照。
7.738000,90.000000,0.000000,legacy_cp_minus90,E3-E4,100.000000,226.103067,135.515394,135.515394,61.111111,-17.250909,0.000000,0.000000,0.000000,73,73,沿用圆极化路线的 A + B*(-90 deg) 合成，仅作对照。
7.738000,90.000000,45.000000,legacy_cp_minus90,E3-E4,100.000000,274.981303,-174.629570,-174.629570,51.388889,-24.052273,36.226724,31.455014,81.569881,73,73,沿用圆极化路线的 A + B*(-90 deg) 合成，仅作对照。
7.738000,90.000000,90.000000,legacy_cp_minus90,E3-E4,97.260274,278.115992,-179.144788,-179.144788,54.285714,-38.011274,50.799914,43.900651,166.005489,71,73,沿用圆极化路线的 A + B*(-90 deg) 合成，仅作对照。
7.738000,90.000000,135.000000,legacy_cp_minus90,E3-E4,100.000000,255.325160,143.143193,143.143193,58.333333,-18.820088,29.563781,21.136886,74.184644,73,73,沿用圆极化路线的 A + B*(-90 deg) 合成，仅作对照。
7.738000,90.000000,0.000000,legacy_cp_minus90,E4-E1,100.000000,207.231995,40.171786,40.171786,54.166667,-22.356931,0.000000,0.000000,0.000000,73,73,沿用圆极化路线的 A + B*(-90 deg) 合成，仅作对照。
7.738000,90.000000,45.000000,legacy_cp_minus90,E4-E1,100.000000,636.180415,-27.720222,332.279778,52.777778,-26.468423,71.263350,59.050006,177.867167,73,73,沿用圆极化路线的 A + B*(-90 deg) 合成，仅作对照。
7.738000,90.000000,90.000000,legacy_cp_minus90,E4-E1,97.260274,376.016677,-45.292540,-45.292540,55.714286,-44.618531,90.120092,85.560809,152.739535,71,73,沿用圆极化路线的 A + B*(-90 deg) 合成，仅作对照。
7.738000,90.000000,135.000000,legacy_cp_minus90,E4-E1,100.000000,239.289837,-43.615392,-43.615392,51.388889,-23.593024,64.451308,57.016793,117.343771,73,73,沿用圆极化路线的 A + B*(-90 deg) 合成，仅作对照。
7.985500,45.000000,0.000000,x_only_a_port,E1-E3,100.000000,317.942441,-21.690970,-21.690970,58.333333,-18.369640,0.000000,0.000000,0.000000,73,73,仅使用 A 口，全局 X 极化通道。
7.985500,45.000000,45.000000,x_only_a_port,E1-E3,100.000000,677.463528,14.263247,-345.736753,52.777778,-29.915763,96.587966,71.711694,179.572017,73,73,仅使用 A 口，全局 X 极化通道。
7.985500,45.000000,90.000000,x_only_a_port,E1-E3,100.000000,416.316363,41.800870,41.800870,52.777778,-29.230383,60.740604,56.487655,100.409101,73,73,仅使用 A 口，全局 X 极化通道。
7.985500,45.000000,135.000000,x_only_a_port,E1-E3,100.000000,619.753244,118.519359,-241.480641,51.388889,-34.746941,92.947243,77.902839,169.886994,73,73,仅使用 A 口，全局 X 极化通道。
7.985500,45.000000,0.000000,x_only_a_port,E2-E4,100.000000,369.426345,138.448849,138.448849,62.500000,-14.309844,0.000000,0.000000,0.000000,73,73,仅使用 A 口，全局 X 极化通道。
7.985500,45.000000,45.000000,x_only_a_port,E2-E4,100.000000,360.000000,-169.161852,190.838148,73.611111,-21.221446,82.168999,68.668295,177.588425,73,73,仅使用 A 口，全局 X 极化通道。
7.985500,45.000000,90.000000,x_only_a_port,E2-E4,100.000000,441.497586,-112.081736,247.918264,63.888889,-31.748726,115.672217,103.390646,177.955421,73,73,仅使用 A 口，全局 X 极化通道。
7.985500,45.000000,135.000000,x_only_a_port,E2-E4,98.630137,364.251914,-37.564519,322.435481,57.746479,-50.626190,109.824464,94.522924,176.013369,72,73,仅使用 A 口，全局 X 极化通道。
7.985500,45.000000,0.000000,x_only_a_port,E1-E2,100.000000,60.023015,14.227382,14.227382,56.944444,-9.086563,0.000000,0.000000,0.000000,73,73,仅使用 A 口，全局 X 极化通道。
7.985500,45.000000,45.000000,x_only_a_port,E1-E2,100.000000,53.900531,1.708572,1.708572,63.888889,-16.032388,14.201649,12.381867,23.855050,73,73,仅使用 A 口，全局 X 极化通道。
7.985500,45.000000,90.000000,x_only_a_port,E1-E2,100.000000,433.104899,-24.203389,335.796611,52.777778,-33.397213,43.757251,37.063930,146.452590,73,73,仅使用 A 口，全局 X 极化通道。
7.985500,45.000000,135.000000,x_only_a_port,E1-E2,100.000000,53.710865,-11.438714,-11.438714,65.277778,-12.801734,20.060869,16.541114,40.336095,73,73,仅使用 A 口，全局 X 极化通道。
7.985500,45.000000,0.000000,x_only_a_port,E2-E3,100.000000,339.425700,-35.918353,-35.918353,65.277778,-18.632005,0.000000,0.000000,0.000000,73,73,仅使用 A 口，全局 X 极化通道。
7.985500,45.000000,45.000000,x_only_a_port,E2-E3,100.000000,674.854122,12.554675,-347.445325,51.388889,-27.148622,101.737620,78.625157,179.797959,73,73,仅使用 A 口，全局 X 极化通道。
7.985500,45.000000,90.000000,x_only_a_port,E2-E3,100.000000,750.574580,66.004259,-293.995741,55.555556,-33.127128,91.109478,83.322548,143.069942,73,73,仅使用 A 口，全局 X 极化通道。
7.985500,45.000000,135.000000,x_only_a_port,E2-E3,98.630137,586.669136,129.958073,-230.041927,52.112676,-36.295601,109.131875,90.965020,173.895604,72,73,仅使用 A 口，全局 X 极化通道。
7.985500,45.000000,0.000000,x_only_a_port,E3-E4,100.000000,50.447560,174.367202,174.367202,52.777778,-10.262065,0.000000,0.000000,0.000000,73,73,仅使用 A 口，全局 X 极化通道。
7.985500,45.000000,45.000000,x_only_a_port,E3-E4,100.000000,723.799755,178.283473,898.283473,86.111111,-27.148622,66.059446,45.622981,171.982568,73,73,仅使用 A 口，全局 X 极化通道。
7.985500,45.000000,90.000000,x_only_a_port,E3-E4,100.000000,720.000000,-178.085995,541.914005,100.000000,-23.711048,54.383707,39.961678,154.906908,73,73,仅使用 A 口，全局 X 极化通道。
7.985500,45.000000,135.000000,x_only_a_port,E3-E4,98.630137,414.374264,-167.522592,192.477408,88.732394,-48.326739,42.686112,34.454480,104.333694,72,73,仅使用 A 口，全局 X 极化通道。
7.985500,45.000000,0.000000,x_only_a_port,E4-E1,100.000000,351.180462,-152.676232,-152.676232,55.555556,-14.047479,0.000000,0.000000,0.000000,73,73,仅使用 A 口，全局 X 极化通道。
7.985500,45.000000,45.000000,x_only_a_port,E4-E1,100.000000,360.000000,167.453280,-192.546720,72.222222,-24.236017,76.967039,62.714735,175.362078,73,73,仅使用 A 口，全局 X 极化通道。
7.985500,45.000000,90.000000,x_only_a_port,E4-E1,100.000000,720.000000,136.285125,-583.714875,68.055556,-29.230383,91.203733,80.490253,174.446189,73,73,仅使用 A 口，全局 X 极化通道。
7.985500,45.000000,135.000000,x_only_a_port,E4-E1,98.630137,360.000000,49.003233,-310.996767,53.521127,-49.077529,110.376601,91.894803,179.314575,72,73,仅使用 A 口，全局 X 极化通道。
7.985500,60.000000,0.000000,x_only_a_port,E1-E3,100.000000,233.644124,-4.648891,-4.648891,58.333333,-13.869208,0.000000,0.000000,0.000000,73,73,仅使用 A 口，全局 X 极化通道。
7.985500,60.000000,45.000000,x_only_a_port,E1-E3,98.630137,599.374041,22.276556,-337.723444,54.929577,-47.814938,89.944192,61.881878,179.117272,72,73,仅使用 A 口，全局 X 极化通道。
7.985500,60.000000,90.000000,x_only_a_port,E1-E3,100.000000,546.594849,57.204095,-302.795905,51.388889,-27.855426,68.191457,63.970218,157.581630,73,73,仅使用 A 口，全局 X 极化通道。
7.985500,60.000000,135.000000,x_only_a_port,E1-E3,100.000000,386.848995,161.006512,161.006512,54.166667,-34.509230,98.839419,73.863266,179.887232,73,73,仅使用 A 口，全局 X 极化通道。
7.985500,60.000000,0.000000,x_only_a_port,E2-E4,100.000000,405.124172,158.885248,158.885248,58.333333,-10.827980,0.000000,0.000000,0.000000,73,73,仅使用 A 口，全局 X 极化通道。
7.985500,60.000000,45.000000,x_only_a_port,E2-E4,100.000000,486.859135,-152.404091,-152.404091,61.111111,-28.108936,65.983057,52.432345,148.201272,73,73,仅使用 A 口，全局 X 极化通道。
7.985500,60.000000,90.000000,x_only_a_port,E2-E4,100.000000,480.794030,-88.777935,271.222065,62.500000,-21.972040,112.030044,106.870449,179.756683,73,73,仅使用 A 口，全局 X 极化通道。
7.985500,60.000000,135.000000,x_only_a_port,E2-E4,98.630137,364.100772,8.554991,368.554991,57.746479,-39.623540,103.906749,87.530063,179.512205,72,73,仅使用 A 口，全局 X 极化通道。
7.985500,60.000000,0.000000,x_only_a_port,E1-E2,100.000000,108.011495,11.992308,11.992308,65.277778,-7.961686,0.000000,0.000000,0.000000,73,73,仅使用 A 口，全局 X 极化通道。
7.985500,60.000000,45.000000,x_only_a_port,E1-E2,100.000000,113.483645,-5.891840,-5.891840,62.500000,-10.309901,13.141766,10.868323,24.939922,73,73,仅使用 A 口，全局 X 极化通道。
7.985500,60.000000,90.000000,x_only_a_port,E1-E2,100.000000,413.197019,-30.346478,-30.346478,52.777778,-21.972040,63.399929,50.675307,178.558120,73,73,仅使用 A 口，全局 X 极化通道。
7.985500,60.000000,135.000000,x_only_a_port,E1-E2,100.000000,95.753421,5.357865,5.357865,51.388889,-14.575326,16.985204,14.607062,34.024511,73,73,仅使用 A 口，全局 X 极化通道。
7.985500,60.000000,0.000000,x_only_a_port,E2-E3,100.000000,335.656354,-16.641200,-16.641200,62.500000,-12.645411,0.000000,0.000000,0.000000,73,73,仅使用 A 口，全局 X 极化通道。
7.985500,60.000000,45.000000,x_only_a_port,E2-E3,98.630137,505.509827,28.168396,28.168396,54.929577,-46.157539,92.412071,67.296641,179.642009,72,73,仅使用 A 口，全局 X 极化通道。
7.985500,60.000000,90.000000,x_only_a_port,E2-E3,100.000000,760.920906,87.550573,-272.449427,56.944444,-27.855426,99.166312,93.380002,171.930098,73,73,仅使用 A 口，全局 X 极化通道。
7.985500,60.000000,135.000000,x_only_a_port,E2-E3,98.630137,469.665883,155.648647,155.648647,52.112676,-36.282412,104.691514,82.529363,179.357582,72,73,仅使用 A 口，全局 X 极化通道。
7.985500,60.000000,0.000000,x_only_a_port,E3-E4,100.000000,82.242487,175.526448,175.526448,51.388889,-8.240809,0.000000,0.000000,0.000000,73,73,仅使用 A 口，全局 X 极化通道。
7.985500,60.000000,45.000000,x_only_a_port,E3-E4,98.630137,257.166271,179.427513,179.427513,87.323944,-46.157539,53.403804,36.014548,145.229209,72,73,仅使用 A 口，全局 X 极化通道。
7.985500,60.000000,90.000000,x_only_a_port,E3-E4,100.000000,720.000000,-176.328509,543.671491,100.000000,-27.855426,48.826600,32.515176,159.205674,73,73,仅使用 A 口，全局 X 极化通道。
7.985500,60.000000,135.000000,x_only_a_port,E3-E4,98.630137,202.389452,-147.093656,-147.093656,56.338028,-37.824957,30.692974,24.513516,93.437818,72,73,仅使用 A 口，全局 X 极化通道。
7.985500,60.000000,0.000000,x_only_a_port,E4-E1,100.000000,309.900114,-170.877557,-170.877557,52.777778,-12.051777,0.000000,0.000000,0.000000,73,73,仅使用 A 口，全局 X 极化通道。
7.985500,60.000000,45.000000,x_only_a_port,E4-E1,100.000000,403.170491,158.295931,158.295931,62.500000,-31.159295,63.754486,47.858288,153.920965,73,73,仅使用 A 口，全局 X 极化通道。
7.985500,60.000000,90.000000,x_only_a_port,E4-E1,100.000000,419.871222,119.124414,-240.875586,62.500000,-21.321962,90.448145,83.489511,178.451356,73,73,仅使用 A 口，全局 X 极化通道。
7.985500,60.000000,135.000000,x_only_a_port,E4-E1,98.630137,360.000000,-13.912856,-373.912856,54.929577,-37.850357,100.034753,78.602785,177.235547,72,73,仅使用 A 口，全局 X 极化通道。
7.985500,75.000000,0.000000,x_only_a_port,E1-E3,100.000000,124.919231,5.819505,5.819505,56.944444,-11.984594,0.000000,0.000000,0.000000,73,73,仅使用 A 口，全局 X 极化通道。
7.985500,75.000000,45.000000,x_only_a_port,E1-E3,100.000000,230.107850,30.986532,30.986532,62.500000,-27.674083,44.632274,32.627811,115.377197,73,73,仅使用 A 口，全局 X 极化通道。
7.985500,75.000000,90.000000,x_only_a_port,E1-E3,100.000000,606.832023,81.725063,-278.274937,55.555556,-32.606969,92.576880,88.472801,170.049105,73,73,仅使用 A 口，全局 X 极化通道。
7.985500,75.000000,135.000000,x_only_a_port,E1-E3,100.000000,153.393062,-88.991005,-88.991005,63.888889,-19.283459,47.139551,38.413926,97.440546,73,73,仅使用 A 口，全局 X 极化通道。
7.985500,75.000000,0.000000,x_only_a_port,E2-E4,100.000000,435.971172,175.156085,175.156085,54.166667,-8.161276,0.000000,0.000000,0.000000,73,73,仅使用 A 口，全局 X 极化通道。
7.985500,75.000000,45.000000,x_only_a_port,E2-E4,100.000000,488.151234,-133.505047,-133.505047,54.166667,-12.733679,46.010802,40.457388,88.947248,73,73,仅使用 A 口，全局 X 极化通道。
7.985500,75.000000,90.000000,x_only_a_port,E2-E4,100.000000,376.109541,-64.532621,-64.532621,52.777778,-28.063064,115.861307,114.117654,169.975924,73,73,仅使用 A 口，全局 X 极化通道。
7.985500,75.000000,135.000000,x_only_a_port,E2-E4,100.000000,433.596355,98.808244,98.808244,54.166667,-17.444686,54.719645,48.665003,94.871715,73,73,仅使用 A 口，全局 X 极化通道。
7.985500,75.000000,0.000000,x_only_a_port,E1-E2,100.000000,176.425705,7.685556,7.685556,59.722222,-8.866645,0.000000,0.000000,0.000000,73,73,仅使用 A 口，全局 X 极化通道。
7.985500,75.000000,45.000000,x_only_a_port,E1-E2,100.000000,181.415004,-14.922124,-14.922124,56.944444,-10.467971,15.116420,13.355654,23.813633,73,73,仅使用 A 口，全局 X 极化通道。
7.985500,75.000000,90.000000,x_only_a_port,E1-E2,100.000000,161.915580,-27.260275,-27.260275,50.000000,-34.252605,53.299432,39.852277,178.050122,73,73,仅使用 A 口，全局 X 极化通道。
7.985500,75.000000,135.000000,x_only_a_port,E1-E2,100.000000,189.677738,13.054125,13.054125,54.166667,-11.635029,15.715914,12.171825,31.161515,73,73,仅使用 A 口，全局 X 极化通道。
7.985500,75.000000,0.000000,x_only_a_port,E2-E3,100.000000,297.625904,-1.866051,-1.866051,59.722222,-9.751513,0.000000,0.000000,0.000000,73,73,仅使用 A 口，全局 X 极化通道。
7.985500,75.000000,45.000000,x_only_a_port,E2-E3,100.000000,369.463102,45.908656,45.908656,65.277778,-26.910162,52.372789,42.262659,124.901069,73,73,仅使用 A 口，全局 X 极化通道。
7.985500,75.000000,90.000000,x_only_a_port,E2-E3,100.000000,666.359929,108.985337,-251.014663,55.555556,-28.063064,110.433749,107.950390,165.000538,73,73,仅使用 A 口，全局 X 极化通道。
7.985500,75.000000,135.000000,x_only_a_port,E2-E3,100.000000,327.217152,-102.045131,-102.045131,51.388889,-20.808362,52.895837,46.126070,102.021336,73,73,仅使用 A 口，全局 X 极化通道。
7.985500,75.000000,0.000000,x_only_a_port,E3-E4,100.000000,154.011754,177.022136,177.022136,54.166667,-8.022711,0.000000,0.000000,0.000000,73,73,仅使用 A 口，全局 X 极化通道。
7.985500,75.000000,45.000000,x_only_a_port,E3-E4,100.000000,172.804595,-179.413703,-179.413703,56.944444,-26.910162,13.628803,9.585687,36.708127,73,73,仅使用 A 口，全局 X 极化通道。
7.985500,75.000000,90.000000,x_only_a_port,E3-E4,100.000000,407.051751,-173.517959,186.482041,61.111111,-25.438045,37.207527,21.650842,138.732085,73,73,仅使用 A 口，全局 X 极化通道。
7.985500,75.000000,135.000000,x_only_a_port,E3-E4,100.000000,124.114488,-159.146626,-159.146626,55.555556,-18.802263,13.127624,9.992835,30.553355,73,73,仅使用 A 口，全局 X 极化通道。
7.985500,75.000000,0.000000,x_only_a_port,E4-E1,100.000000,274.276455,177.158360,177.158360,51.388889,-10.394356,0.000000,0.000000,0.000000,73,73,仅使用 A 口，全局 X 极化通道。
7.985500,75.000000,45.000000,x_only_a_port,E4-E1,100.000000,321.498910,148.427171,148.427171,54.166667,-15.011776,36.226775,30.140987,80.673117,73,73,仅使用 A 口，全局 X 极化通道。
7.985500,75.000000,90.000000,x_only_a_port,E4-E1,100.000000,351.654899,91.792896,91.792896,59.722222,-32.151786,96.295668,93.190500,173.620553,73,73,仅使用 A 口，全局 X 极化通道。
7.985500,75.000000,135.000000,x_only_a_port,E4-E1,100.000000,246.873349,-111.862369,-111.862369,51.388889,-15.919782,48.437931,40.238855,93.996667,73,73,仅使用 A 口，全局 X 极化通道。
7.985500,90.000000,0.000000,x_only_a_port,E1-E3,100.000000,13.551779,14.263247,14.263247,61.111111,-10.321054,0.000000,0.000000,0.000000,73,73,仅使用 A 口，全局 X 极化通道。
7.985500,90.000000,45.000000,x_only_a_port,E1-E3,100.000000,82.666598,41.800870,41.800870,56.944444,-17.141598,26.699433,23.033638,54.651501,73,73,仅使用 A 口，全局 X 极化通道。
7.985500,90.000000,90.000000,x_only_a_port,E1-E3,98.630137,137.397534,118.519359,118.519359,74.647887,-38.180674,113.097060,110.796904,161.757281,72,73,仅使用 A 口，全局 X 极化通道。
7.985500,90.000000,135.000000,x_only_a_port,E1-E3,100.000000,77.414950,-21.690970,-21.690970,61.111111,-10.875882,28.008882,25.476022,41.839710,73,73,仅使用 A 口，全局 X 极化通道。
7.985500,90.000000,0.000000,x_only_a_port,E2-E4,100.000000,444.429003,-169.161852,-169.161852,52.777778,-6.296082,0.000000,0.000000,0.000000,73,73,仅使用 A 口，全局 X 极化通道。
7.985500,90.000000,45.000000,x_only_a_port,E2-E4,100.000000,465.007394,-112.081736,-112.081736,52.777778,-9.276721,42.893761,39.591616,57.286416,73,73,仅使用 A 口，全局 X 极化通道。
7.985500,90.000000,90.000000,x_only_a_port,E2-E4,98.630137,879.303427,-37.564519,-397.564519,54.929577,-40.962291,124.183233,121.823474,177.985335,72,73,仅使用 A 口，全局 X 极化通道。
7.985500,90.000000,135.000000,x_only_a_port,E2-E4,100.000000,474.858635,138.448849,138.448849,54.166667,-13.424437,39.424313,36.075429,55.096991,73,73,仅使用 A 口，全局 X 极化通道。
7.985500,90.000000,0.000000,x_only_a_port,E1-E2,100.000000,243.068064,1.708572,1.708572,58.333333,-9.181437,0.000000,0.000000,0.000000,73,73,仅使用 A 口，全局 X 极化通道。
7.985500,90.000000,45.000000,x_only_a_port,E1-E2,100.000000,228.979902,-24.203389,-24.203389,58.333333,-10.871949,19.121308,16.261098,33.247338,73,73,仅使用 A 口，全局 X 极化通道。
7.985500,90.000000,90.000000,x_only_a_port,E1-E2,98.630137,369.298045,-11.438714,-11.438714,59.154930,-41.985105,38.629078,30.280948,90.216157,72,73,仅使用 A 口，全局 X 极化通道。
7.985500,90.000000,135.000000,x_only_a_port,E1-E2,100.000000,271.820377,14.227382,14.227382,55.555556,-9.072666,13.591173,11.362826,27.479658,73,73,仅使用 A 口，全局 X 极化通道。
7.985500,90.000000,0.000000,x_only_a_port,E2-E3,100.000000,239.628759,12.554675,12.554675,55.555556,-7.435700,0.000000,0.000000,0.000000,73,73,仅使用 A 口，全局 X 极化通道。
7.985500,90.000000,45.000000,x_only_a_port,E2-E3,100.000000,254.946541,66.004259,66.004259,62.500000,-17.141598,41.206563,37.412652,61.656050,73,73,仅使用 A 口，全局 X 极化通道。
7.985500,90.000000,90.000000,x_only_a_port,E2-E3,100.000000,646.845215,129.958073,-230.041927,54.166667,-34.364804,117.390759,112.763378,174.429343,73,73,仅使用 A 口，全局 X 极化通道。
7.985500,90.000000,135.000000,x_only_a_port,E2-E3,100.000000,292.061420,-35.918353,-35.918353,52.777778,-10.577341,37.156055,34.217605,50.198374,73,73,仅使用 A 口，全局 X 极化通道。
7.985500,90.000000,0.000000,x_only_a_port,E3-E4,100.000000,219.911152,178.283473,178.283473,51.388889,-7.196780,0.000000,0.000000,0.000000,73,73,仅使用 A 口，全局 X 极化通道。
7.985500,90.000000,45.000000,x_only_a_port,E3-E4,100.000000,220.899575,-178.085995,-178.085995,51.388889,-17.141598,9.004734,7.125633,20.464191,73,73,仅使用 A 口，全局 X 极化通道。
7.985500,90.000000,90.000000,x_only_a_port,E3-E4,98.630137,565.514547,-167.522592,-527.522592,54.929577,-36.078606,54.024796,35.275233,173.297592,72,73,仅使用 A 口，全局 X 极化通道。
7.985500,90.000000,135.000000,x_only_a_port,E3-E4,100.000000,220.372865,174.367202,174.367202,51.388889,-10.454477,6.670430,5.611123,13.311197,73,73,仅使用 A 口，全局 X 极化通道。
7.985500,90.000000,0.000000,x_only_a_port,E4-E1,100.000000,222.809509,167.453280,167.453280,52.777778,-8.856698,0.000000,0.000000,0.000000,73,73,仅使用 A 口，全局 X 极化通道。
7.985500,90.000000,45.000000,x_only_a_port,E4-E1,100.000000,251.670575,136.285125,136.285125,50.000000,-9.554840,26.513496,23.667321,43.978951,73,73,仅使用 A 口，全局 X 极化通道。
7.985500,90.000000,90.000000,x_only_a_port,E4-E1,97.260274,541.412386,49.003233,409.003233,57.142857,-38.180674,114.202615,109.716749,177.157210,71,73,仅使用 A 口，全局 X 极化通道。
7.985500,90.000000,135.000000,x_only_a_port,E4-E1,100.000000,209.409680,-152.676232,-152.676232,52.777778,-13.722978,29.165230,26.361915,47.016104,73,73,仅使用 A 口，全局 X 极化通道。
7.985500,45.000000,0.000000,y_only_b_port,E1-E3,100.000000,295.997761,8.422718,8.422718,54.166667,-28.682917,0.000000,0.000000,0.000000,73,73,仅使用 B 口，全局 Y 极化通道。
7.985500,45.000000,45.000000,y_only_b_port,E1-E3,98.630137,507.137800,-52.647449,-52.647449,52.112676,-39.516909,110.812353,98.852217,177.869634,72,73,仅使用 B 口，全局 Y 极化通道。
7.985500,45.000000,90.000000,y_only_b_port,E1-E3,100.000000,720.000000,-118.243347,601.756653,68.055556,-32.110588,137.404966,132.611637,179.984459,73,73,仅使用 B 口，全局 Y 极化通道。
7.985500,45.000000,135.000000,y_only_b_port,E1-E3,98.630137,489.263907,-148.225286,-148.225286,54.929577,-37.130671,121.337658,105.543456,179.948359,72,73,仅使用 B 口，全局 Y 极化通道。
7.985500,45.000000,0.000000,y_only_b_port,E2-E4,100.000000,367.233553,-77.137671,-77.137671,55.555556,-27.863058,0.000000,0.000000,0.000000,73,73,仅使用 B 口，全局 Y 极化通道。
7.985500,45.000000,45.000000,y_only_b_port,E2-E4,100.000000,489.140033,108.421064,108.421064,54.166667,-24.979542,134.154692,126.010677,179.979767,73,73,仅使用 B 口，全局 Y 极化通道。
7.985500,45.000000,90.000000,y_only_b_port,E2-E4,100.000000,464.601589,51.408778,51.408778,52.777778,-32.861639,123.868918,117.107343,177.999496,73,73,仅使用 B 口，全局 Y 极化通道。
7.985500,45.000000,135.000000,y_only_b_port,E2-E4,97.260274,678.906752,21.907562,-338.092438,52.857143,-37.822244,106.151379,97.311918,179.532029,71,73,仅使用 B 口，全局 Y 极化通道。
7.985500,45.000000,0.000000,y_only_b_port,E1-E2,100.000000,29.805883,-11.598343,-11.598343,51.388889,-8.263460,0.000000,0.000000,0.000000,73,73,仅使用 B 口，全局 Y 极化通道。
7.985500,45.000000,45.000000,y_only_b_port,E1-E2,100.000000,42.156319,27.403165,27.403165,55.555556,-12.740493,21.399882,15.984564,45.039625,73,73,仅使用 B 口，全局 Y 极化通道。
7.985500,45.000000,90.000000,y_only_b_port,E1-E2,100.000000,128.351463,5.667810,5.667810,62.500000,-33.691512,30.249101,24.607205,88.038762,73,73,仅使用 B 口，全局 Y 极化通道。
7.985500,45.000000,135.000000,y_only_b_port,E1-E2,100.000000,106.143551,-7.650982,-7.650982,54.166667,-25.453856,31.214262,20.094392,79.466128,73,73,仅使用 B 口，全局 Y 极化通道。
7.985500,45.000000,0.000000,y_only_b_port,E2-E3,100.000000,283.530326,20.021061,20.021061,55.555556,-29.481847,0.000000,0.000000,0.000000,73,73,仅使用 B 口，全局 Y 极化通道。
7.985500,45.000000,45.000000,y_only_b_port,E2-E3,97.260274,504.168367,-80.050613,-80.050613,54.285714,-41.567101,119.043131,111.522704,177.529877,71,73,仅使用 B 口，全局 Y 极化通道。
7.985500,45.000000,90.000000,y_only_b_port,E2-E3,98.630137,473.653929,-123.911156,236.088844,63.380282,-35.738886,154.195716,151.096591,179.828868,72,73,仅使用 B 口，全局 Y 极化通道。
7.985500,45.000000,135.000000,y_only_b_port,E2-E3,98.630137,497.811152,-140.574304,-140.574304,56.338028,-40.632548,133.409763,122.473839,179.004766,72,73,仅使用 B 口，全局 Y 极化通道。
7.985500,45.000000,0.000000,y_only_b_port,E3-E4,100.000000,148.273958,-97.158731,-97.158731,52.777778,-15.966469,0.000000,0.000000,0.000000,73,73,仅使用 B 口，全局 Y 极化通道。
7.985500,45.000000,45.000000,y_only_b_port,E3-E4,98.630137,179.825106,-171.528322,-171.528322,56.338028,-39.516909,66.963875,57.473264,112.008785,72,73,仅使用 B 口，全局 Y 极化通道。
7.985500,45.000000,90.000000,y_only_b_port,E3-E4,100.000000,720.534007,175.319934,-544.680066,88.888889,-32.110588,76.980666,66.130439,179.954768,73,73,仅使用 B 口，全局 Y 极化通道。
7.985500,45.000000,135.000000,y_only_b_port,E3-E4,100.000000,136.693774,162.481866,162.481866,81.944444,-33.181134,71.695779,59.520378,129.769242,73,73,仅使用 B 口，全局 Y 极化通道。
7.985500,45.000000,0.000000,y_only_b_port,E4-E1,100.000000,385.469688,88.736013,88.736013,55.555556,-27.064127,0.000000,0.000000,0.000000,73,73,仅使用 B 口，全局 Y 极化通道。
7.985500,45.000000,45.000000,y_only_b_port,E4-E1,100.000000,492.323099,-135.824229,-135.824229,51.388889,-22.568985,122.391505,116.282154,169.439253,73,73,仅使用 B 口，全局 Y 极化通道。
7.985500,45.000000,90.000000,y_only_b_port,E4-E1,100.000000,421.778986,-57.076587,-57.076587,51.388889,-29.516144,130.496636,123.398683,179.055789,73,73,仅使用 B 口，全局 Y 极化通道。
7.985500,45.000000,135.000000,y_only_b_port,E4-E1,100.000000,514.705746,-14.256580,-14.256580,51.388889,-34.320367,85.723157,81.998359,118.800398,73,73,仅使用 B 口，全局 Y 极化通道。
7.985500,60.000000,0.000000,y_only_b_port,E1-E3,100.000000,239.562801,-7.157345,-7.157345,55.555556,-14.007410,0.000000,0.000000,0.000000,73,73,仅使用 B 口，全局 Y 极化通道。
7.985500,60.000000,45.000000,y_only_b_port,E1-E3,100.000000,595.543273,-80.108010,-440.108010,58.333333,-29.384746,109.302429,94.167780,179.754340,73,73,仅使用 B 口，全局 Y 极化通道。
7.985500,60.000000,90.000000,y_only_b_port,E1-E3,100.000000,418.286474,-130.038755,229.961245,59.722222,-23.239277,129.944636,126.825329,177.992163,73,73,仅使用 B 口，全局 Y 极化通道。
7.985500,60.000000,135.000000,y_only_b_port,E1-E3,100.000000,383.248912,-157.127571,-157.127571,52.777778,-23.809410,109.407597,94.313187,176.662089,73,73,仅使用 B 口，全局 Y 极化通道。
7.985500,60.000000,0.000000,y_only_b_port,E2-E4,100.000000,439.208279,-144.703822,-144.703822,52.777778,-15.440328,0.000000,0.000000,0.000000,73,73,仅使用 B 口，全局 Y 极化通道。
7.985500,60.000000,45.000000,y_only_b_port,E2-E4,100.000000,610.379867,79.504224,79.504224,51.388889,-25.624533,129.788696,122.899889,179.253040,73,73,仅使用 B 口，全局 Y 极化通道。
7.985500,60.000000,90.000000,y_only_b_port,E2-E4,100.000000,439.803863,41.835760,41.835760,51.388889,-34.009636,158.774919,157.291057,179.969319,73,73,仅使用 B 口，全局 Y 极化通道。
7.985500,60.000000,135.000000,y_only_b_port,E2-E4,97.260274,720.050226,7.268875,-352.731125,54.285714,-36.967717,127.133194,118.049143,166.901520,71,73,仅使用 B 口，全局 Y 极化通道。
7.985500,60.000000,0.000000,y_only_b_port,E1-E2,100.000000,85.587640,-6.008122,-6.008122,63.888889,-10.416671,0.000000,0.000000,0.000000,73,73,仅使用 B 口，全局 Y 极化通道。
7.985500,60.000000,45.000000,y_only_b_port,E1-E2,100.000000,118.436971,23.370437,23.370437,52.777778,-16.032402,26.289779,21.402852,50.776339,73,73,仅使用 B 口，全局 Y 极化通道。
7.985500,60.000000,90.000000,y_only_b_port,E1-E2,100.000000,120.498784,-0.095889,-0.095889,59.722222,-25.599284,17.334483,13.961898,39.122869,73,73,仅使用 B 口，全局 Y 极化通道。
7.985500,60.000000,135.000000,y_only_b_port,E1-E2,100.000000,162.740457,-10.190852,-10.190852,72.222222,-32.571292,39.061058,20.401410,134.366996,73,73,仅使用 B 口，全局 Y 极化通道。
7.985500,60.000000,0.000000,y_only_b_port,E2-E3,100.000000,295.380021,-1.149223,-1.149223,54.166667,-12.509931,0.000000,0.000000,0.000000,73,73,仅使用 B 口，全局 Y 极化通道。
7.985500,60.000000,45.000000,y_only_b_port,E2-E3,100.000000,709.742145,-103.478447,-463.478447,55.555556,-29.662687,116.540432,107.674280,178.400579,73,73,仅使用 B 口，全局 Y 极化通道。
7.985500,60.000000,90.000000,y_only_b_port,E2-E3,100.000000,460.351744,-129.942866,230.057134,58.333333,-27.604071,137.261217,134.998175,178.151040,73,73,仅使用 B 口，全局 Y 极化通道。
7.985500,60.000000,135.000000,y_only_b_port,E2-E3,100.000000,466.059571,-146.936718,-146.936718,50.000000,-32.571292,121.538591,111.332992,179.101082,73,73,仅使用 B 口，全局 Y 极化通道。
7.985500,60.000000,0.000000,y_only_b_port,E3-E4,100.000000,164.033778,-143.554598,-143.554598,56.944444,-10.691623,0.000000,0.000000,0.000000,73,73,仅使用 B 口，全局 Y 极化通道。
7.985500,60.000000,45.000000,y_only_b_port,E3-E4,100.000000,360.000000,-177.017329,182.982671,66.666667,-29.384746,47.039854,37.709700,166.888573,73,73,仅使用 B 口，全局 Y 极化通道。
7.985500,60.000000,90.000000,y_only_b_port,E3-E4,100.000000,438.905062,171.778625,-188.221375,58.333333,-28.793338,45.871725,38.417259,137.187362,73,73,仅使用 B 口，全局 Y 极化通道。
7.985500,60.000000,135.000000,y_only_b_port,E3-E4,100.000000,171.720045,154.205593,154.205593,61.111111,-29.430706,38.324435,31.600975,82.890461,73,73,仅使用 B 口，全局 Y 极化通道。
7.985500,60.000000,0.000000,y_only_b_port,E4-E1,100.000000,372.091436,150.711943,150.711943,56.944444,-16.937807,0.000000,0.000000,0.000000,73,73,仅使用 B 口，全局 Y 极化通道。
7.985500,60.000000,45.000000,y_only_b_port,E4-E1,100.000000,503.204720,-102.874661,-102.874661,50.000000,-24.302052,110.820489,102.463317,170.741384,73,73,仅使用 B 口，全局 Y 极化通道。
7.985500,60.000000,90.000000,y_only_b_port,E4-E1,100.000000,396.504006,-41.739870,-41.739870,52.777778,-29.644842,152.507840,150.877691,179.549701,73,73,仅使用 B 口，全局 Y 极化通道。
7.985500,60.000000,135.000000,y_only_b_port,E4-E1,100.000000,484.597145,2.921977,2.921977,52.777778,-33.990145,111.648934,98.713658,171.603633,73,73,仅使用 B 口，全局 Y 极化通道。
7.985500,75.000000,0.000000,y_only_b_port,E1-E3,100.000000,153.385848,-26.816123,-26.816123,54.166667,-15.471615,0.000000,0.000000,0.000000,73,73,仅使用 B 口，全局 Y 极化通道。
7.985500,75.000000,45.000000,y_only_b_port,E1-E3,100.000000,386.448182,-102.310322,-102.310322,51.388889,-32.552572,93.344770,78.005798,175.863395,73,73,仅使用 B 口，全局 Y 极化通道。
7.985500,75.000000,90.000000,y_only_b_port,E1-E3,100.000000,381.729709,-139.596836,220.403164,61.111111,-30.855542,121.486456,119.104800,167.411238,73,73,仅使用 B 口，全局 Y 极化通道。
7.985500,75.000000,135.000000,y_only_b_port,E1-E3,98.630137,297.012396,-171.735201,-171.735201,67.605634,-35.982685,100.076774,87.631648,179.132344,72,73,仅使用 B 口，全局 Y 极化通道。
7.985500,75.000000,0.000000,y_only_b_port,E2-E4,100.000000,460.763348,158.873223,158.873223,50.000000,-12.591254,0.000000,0.000000,0.000000,73,73,仅使用 B 口，全局 Y 极化通道。
7.985500,75.000000,45.000000,y_only_b_port,E2-E4,100.000000,602.783042,62.932401,62.932401,56.944444,-27.964105,112.930588,104.034035,179.885664,73,73,仅使用 B 口，全局 Y 极化通道。
7.985500,75.000000,90.000000,y_only_b_port,E2-E4,98.630137,467.055885,32.525117,32.525117,52.112676,-42.515964,124.429547,121.931503,167.922735,72,73,仅使用 B 口，全局 Y 极化通道。
7.985500,75.000000,135.000000,y_only_b_port,E2-E4,100.000000,588.816312,-18.978819,-18.978819,51.388889,-28.227604,120.693027,107.460485,178.426813,73,73,仅使用 B 口，全局 Y 极化通道。
7.985500,75.000000,0.000000,y_only_b_port,E1-E2,100.000000,150.150155,11.716285,11.716285,52.777778,-15.575823,0.000000,0.000000,0.000000,73,73,仅使用 B 口，全局 Y 极化通道。
7.985500,75.000000,45.000000,y_only_b_port,E1-E2,100.000000,199.189891,13.640812,13.640812,52.777778,-16.385455,26.802440,22.343499,48.048404,73,73,仅使用 B 口，全局 Y 极化通道。
7.985500,75.000000,90.000000,y_only_b_port,E1-E2,100.000000,192.666370,-4.360995,-4.360995,54.166667,-27.325504,26.185875,19.562881,66.144764,73,73,仅使用 B 口，全局 Y 极化通道。
7.985500,75.000000,135.000000,y_only_b_port,E1-E2,100.000000,168.212228,-11.833134,-11.833134,58.333333,-26.395742,21.454215,18.029718,47.019705,73,73,仅使用 B 口，全局 Y 极化通道。
7.985500,75.000000,0.000000,y_only_b_port,E2-E3,100.000000,263.937260,-38.532409,-38.532409,54.166667,-12.904191,0.000000,0.000000,0.000000,73,73,仅使用 B 口，全局 Y 极化通道。
7.985500,75.000000,45.000000,y_only_b_port,E2-E3,100.000000,531.404343,-115.951134,-115.951134,56.944444,-34.627463,92.328909,83.700865,179.959549,73,73,仅使用 B 口，全局 Y 极化通道。
7.985500,75.000000,90.000000,y_only_b_port,E2-E3,98.630137,342.916455,-135.235841,-135.235841,57.746479,-35.097973,104.538003,103.067422,169.635402,72,73,仅使用 B 口，全局 Y 极化通道。
7.985500,75.000000,135.000000,y_only_b_port,E2-E3,97.260274,445.396059,-159.902068,-519.902068,61.428571,-38.196486,93.352409,84.388196,176.983439,71,73,仅使用 B 口，全局 Y 极化通道。
7.985500,75.000000,0.000000,y_only_b_port,E3-E4,100.000000,220.692849,-162.594369,-162.594369,51.388889,-10.776575,0.000000,0.000000,0.000000,73,73,仅使用 B 口，全局 Y 极化通道。
7.985500,75.000000,45.000000,y_only_b_port,E3-E4,100.000000,204.612161,178.883535,178.883535,75.000000,-32.552572,42.380077,31.016569,95.218469,73,73,仅使用 B 口，全局 Y 极化通道。
7.985500,75.000000,90.000000,y_only_b_port,E3-E4,98.630137,251.732525,167.760959,167.760959,53.521127,-35.839264,29.970119,24.166915,67.428156,72,73,仅使用 B 口，全局 Y 极化通道。
7.985500,75.000000,135.000000,y_only_b_port,E3-E4,100.000000,271.918063,140.923249,140.923249,58.333333,-32.560093,34.605637,24.417522,76.363286,73,73,仅使用 B 口，全局 Y 极化通道。
7.985500,75.000000,0.000000,y_only_b_port,E4-E1,100.000000,332.231541,-170.589508,-170.589508,61.111111,-15.471615,0.000000,0.000000,0.000000,73,73,仅使用 B 口，全局 Y 极化通道。
7.985500,75.000000,45.000000,y_only_b_port,E4-E1,100.000000,438.342906,-76.573213,-76.573213,55.555556,-24.768342,98.538251,87.335404,171.649314,73,73,仅使用 B 口，全局 Y 极化通道。
7.985500,75.000000,90.000000,y_only_b_port,E4-E1,98.630137,299.498467,-28.164122,-28.164122,53.521127,-38.273533,141.977754,139.273262,179.753163,72,73,仅使用 B 口，全局 Y 极化通道。
7.985500,75.000000,135.000000,y_only_b_port,E4-E1,100.000000,432.139394,30.811953,30.811953,54.166667,-26.013802,120.174619,105.867717,178.930457,73,73,仅使用 B 口，全局 Y 极化通道。
7.985500,90.000000,0.000000,y_only_b_port,E1-E3,100.000000,74.197778,-52.647449,-52.647449,51.388889,-20.968530,0.000000,0.000000,0.000000,73,73,仅使用 B 口，全局 Y 极化通道。
7.985500,90.000000,45.000000,y_only_b_port,E1-E3,100.000000,202.097764,-118.243347,-118.243347,54.166667,-34.466545,68.048642,61.480831,141.442147,73,73,仅使用 B 口，全局 Y 极化通道。
7.985500,90.000000,90.000000,y_only_b_port,E1-E3,95.890411,199.580150,-148.225286,-148.225286,82.608696,-53.622534,106.512839,104.378621,173.412211,70,73,仅使用 B 口，全局 Y 极化通道。
7.985500,90.000000,135.000000,y_only_b_port,E1-E3,100.000000,150.335022,8.422718,8.422718,55.555556,-18.123249,53.154922,48.308834,106.520167,73,73,仅使用 B 口，全局 Y 极化通道。
7.985500,90.000000,0.000000,y_only_b_port,E2-E4,100.000000,457.101504,108.421064,108.421064,54.166667,-8.723470,0.000000,0.000000,0.000000,73,73,仅使用 B 口，全局 Y 极化通道。
7.985500,90.000000,45.000000,y_only_b_port,E2-E4,100.000000,590.597075,51.408778,51.408778,54.166667,-30.575843,99.606137,82.757077,178.586501,73,73,仅使用 B 口，全局 Y 极化通道。
7.985500,90.000000,90.000000,y_only_b_port,E2-E4,97.260274,680.565255,21.907562,21.907562,50.000000,-54.156240,89.063197,84.717566,168.542356,71,73,仅使用 B 口，全局 Y 极化通道。
7.985500,90.000000,135.000000,y_only_b_port,E2-E4,100.000000,586.992566,-77.137671,-77.137671,52.777778,-19.937587,110.412817,90.552206,179.950413,73,73,仅使用 B 口，全局 Y 极化通道。
7.985500,90.000000,0.000000,y_only_b_port,E1-E2,100.000000,239.108698,27.403165,27.403165,55.555556,-20.968530,0.000000,0.000000,0.000000,73,73,仅使用 B 口，全局 Y 极化通道。
7.985500,90.000000,45.000000,y_only_b_port,E1-E2,100.000000,294.369338,5.667810,5.667810,58.333333,-23.172719,35.155089,27.376389,80.728869,73,73,仅使用 B 口，全局 Y 极化通道。
7.985500,90.000000,90.000000,y_only_b_port,E1-E2,97.260274,725.194207,-7.650982,352.349018,54.285714,-54.156240,56.447223,47.512546,153.677046,71,73,仅使用 B 口，全局 Y 极化通道。
7.985500,90.000000,135.000000,y_only_b_port,E1-E2,100.000000,236.458690,-11.598343,-11.598343,54.166667,-17.631143,38.739611,32.663088,76.126377,73,73,仅使用 B 口，全局 Y 极化通道。
7.985500,90.000000,0.000000,y_only_b_port,E2-E3,100.000000,203.503385,-80.050613,-80.050613,59.722222,-10.314354,0.000000,0.000000,0.000000,73,73,仅使用 B 口，全局 Y 极化通道。
7.985500,90.000000,45.000000,y_only_b_port,E2-E3,91.780822,363.871745,-123.911156,-123.911156,57.575758,-38.297206,75.061088,59.919684,164.569824,67,73,仅使用 B 口，全局 Y 极化通道。
7.985500,90.000000,90.000000,y_only_b_port,E2-E3,97.260274,298.692384,-140.574304,-140.574304,51.428571,-57.453671,71.157797,64.764076,173.883982,71,73,仅使用 B 口，全局 Y 极化通道。
7.985500,90.000000,135.000000,y_only_b_port,E2-E3,100.000000,273.825433,20.021061,20.021061,52.777778,-18.986542,69.233654,60.631612,116.372020,73,73,仅使用 B 口，全局 Y 极化通道。
7.985500,90.000000,0.000000,y_only_b_port,E3-E4,100.000000,271.363209,-171.528322,-171.528322,52.777778,-8.926838,0.000000,0.000000,0.000000,73,73,仅使用 B 口，全局 Y 极化通道。
7.985500,90.000000,45.000000,y_only_b_port,E3-E4,100.000000,268.833948,175.319934,175.319934,59.722222,-34.466545,27.173537,18.468801,76.582933,73,73,仅使用 B 口，全局 Y 极化通道。
7.985500,90.000000,90.000000,y_only_b_port,E3-E4,97.260274,444.554857,162.481866,522.481866,54.285714,-49.206401,38.643319,29.007939,160.325410,71,73,仅使用 B 口，全局 Y 极化通道。
7.985500,90.000000,135.000000,y_only_b_port,E3-E4,100.000000,323.296796,-97.158731,-97.158731,59.722222,-16.346788,49.996104,33.387921,105.880567,73,73,仅使用 B 口，全局 Y 极化通道。
7.985500,90.000000,0.000000,y_only_b_port,E4-E1,100.000000,248.656976,-135.824229,-135.824229,50.000000,-20.968530,0.000000,0.000000,0.000000,73,73,仅使用 B 口，全局 Y 极化通道。
7.985500,90.000000,45.000000,y_only_b_port,E4-E1,100.000000,382.571596,-57.076587,-57.076587,55.555556,-26.265702,86.743941,79.313079,141.642583,73,73,仅使用 B 口，全局 Y 极化通道。
7.985500,90.000000,90.000000,y_only_b_port,E4-E1,98.630137,428.884637,-14.256580,-374.256580,57.746479,-38.892699,120.469333,116.407045,169.214678,72,73,仅使用 B 口，全局 Y 极化通道。
7.985500,90.000000,135.000000,y_only_b_port,E4-E1,100.000000,360.996314,88.736013,88.736013,52.777778,-19.074294,92.846661,80.687849,152.943882,73,73,仅使用 B 口，全局 Y 极化通道。
7.985500,45.000000,0.000000,dualpol_vector_correlation,E1-E3,100.000000,292.959641,-12.178792,-12.178792,51.388889,-18.458153,0.000000,0.000000,0.000000,73,73,推荐的双极化 PDOA：用 X/Y 两通道向量相关直接估计两阵元相位差。
7.985500,45.000000,45.000000,dualpol_vector_correlation,E1-E3,100.000000,657.775985,-2.030054,-362.030054,51.388889,-26.877109,99.593943,67.644937,179.013199,73,73,推荐的双极化 PDOA：用 X/Y 两通道向量相关直接估计两阵元相位差。
7.985500,45.000000,90.000000,dualpol_vector_correlation,E1-E3,100.000000,351.711109,-0.413854,-0.413854,56.944444,-22.559522,39.486135,33.066956,91.038683,73,73,推荐的双极化 PDOA：用 X/Y 两通道向量相关直接估计两阵元相位差。
7.985500,45.000000,135.000000,dualpol_vector_correlation,E1-E3,100.000000,360.000000,-175.456619,184.543381,59.722222,-23.692513,115.932462,89.473007,179.998719,73,73,推荐的双极化 PDOA：用 X/Y 两通道向量相关直接估计两阵元相位差。
7.985500,45.000000,0.000000,dualpol_vector_correlation,E2-E4,100.000000,382.364175,167.035873,167.035873,59.722222,-16.442896,0.000000,0.000000,0.000000,73,73,推荐的双极化 PDOA：用 X/Y 两通道向量相关直接估计两阵元相位差。
7.985500,45.000000,45.000000,dualpol_vector_correlation,E2-E4,100.000000,360.000000,165.671027,525.671027,68.055556,-15.773266,94.917431,75.495941,177.407963,73,73,推荐的双极化 PDOA：用 X/Y 两通道向量相关直接估计两阵元相位差。
7.985500,45.000000,90.000000,dualpol_vector_correlation,E2-E4,100.000000,331.309369,34.672890,34.672890,50.000000,-24.803266,140.159089,135.228954,179.193627,73,73,推荐的双极化 PDOA：用 X/Y 两通道向量相关直接估计两阵元相位差。
7.985500,45.000000,135.000000,dualpol_vector_correlation,E2-E4,100.000000,360.000000,8.918609,368.918609,58.333333,-27.167333,108.011007,89.950317,178.081114,73,73,推荐的双极化 PDOA：用 X/Y 两通道向量相关直接估计两阵元相位差。
7.985500,45.000000,0.000000,dualpol_vector_correlation,E1-E2,100.000000,29.560866,2.613693,2.613693,50.000000,-7.980008,0.000000,0.000000,0.000000,73,73,推荐的双极化 PDOA：用 X/Y 两通道向量相关直接估计两阵元相位差。
7.985500,45.000000,45.000000,dualpol_vector_correlation,E1-E2,100.000000,30.282598,7.437935,7.437935,54.166667,-11.162389,5.958450,5.314812,10.670459,73,73,推荐的双极化 PDOA：用 X/Y 两通道向量相关直接估计两阵元相位差。
7.985500,45.000000,90.000000,dualpol_vector_correlation,E1-E2,100.000000,72.817446,-6.159827,-6.159827,69.444444,-22.676898,14.312064,10.142734,65.448718,73,73,推荐的双极化 PDOA：用 X/Y 两通道向量相关直接估计两阵元相位差。
7.985500,45.000000,135.000000,dualpol_vector_correlation,E1-E2,100.000000,28.337971,-8.491337,-8.491337,56.944444,-15.522247,9.543729,8.062736,16.820478,73,73,推荐的双极化 PDOA：用 X/Y 两通道向量相关直接估计两阵元相位差。
7.985500,45.000000,0.000000,dualpol_vector_correlation,E2-E3,100.000000,294.727310,-16.949079,-16.949079,62.500000,-18.769618,0.000000,0.000000,0.000000,73,73,推荐的双极化 PDOA：用 X/Y 两通道向量相关直接估计两阵元相位差。
7.985500,45.000000,45.000000,dualpol_vector_correlation,E2-E3,100.000000,654.641277,-18.120463,-378.120463,50.000000,-25.319522,97.950366,67.811998,179.354701,73,73,推荐的双极化 PDOA：用 X/Y 两通道向量相关直接估计两阵元相位差。
7.985500,45.000000,90.000000,dualpol_vector_correlation,E2-E3,100.000000,365.197600,-137.147230,-137.147230,54.166667,-24.175517,113.155550,102.310626,179.286266,73,73,推荐的双极化 PDOA：用 X/Y 两通道向量相关直接估计两阵元相位差。
7.985500,45.000000,135.000000,dualpol_vector_correlation,E2-E3,100.000000,360.000000,-167.027700,192.972300,63.888889,-27.437528,109.677420,83.681491,179.319508,73,73,推荐的双极化 PDOA：用 X/Y 两通道向量相关直接估计两阵元相位差。
7.985500,45.000000,0.000000,dualpol_vector_correlation,E3-E4,100.000000,49.010323,-168.832410,-168.832410,51.388889,-8.635251,0.000000,0.000000,0.000000,73,73,推荐的双极化 PDOA：用 X/Y 两通道向量相关直接估计两阵元相位差。
7.985500,45.000000,45.000000,dualpol_vector_correlation,E3-E4,100.000000,384.477630,-177.790322,182.209678,79.166667,-25.319522,32.156593,22.771972,131.988882,73,73,推荐的双极化 PDOA：用 X/Y 两通道向量相关直接估计两阵元相位差。
7.985500,45.000000,90.000000,dualpol_vector_correlation,E3-E4,100.000000,720.000000,178.689129,898.689129,95.833333,-23.187271,45.023673,28.492586,176.049213,73,73,推荐的双极化 PDOA：用 X/Y 两通道向量相关直接估计两阵元相位差。
7.985500,45.000000,135.000000,dualpol_vector_correlation,E3-E4,100.000000,98.330473,172.957941,172.957941,55.555556,-21.238878,27.866269,22.677352,79.852029,73,73,推荐的双极化 PDOA：用 X/Y 两通道向量相关直接估计两阵元相位差。
7.985500,45.000000,0.000000,dualpol_vector_correlation,E4-E1,100.000000,365.033718,179.818719,179.818719,54.166667,-16.131430,0.000000,0.000000,0.000000,73,73,推荐的双极化 PDOA：用 X/Y 两通道向量相关直接估计两阵元相位差。
7.985500,45.000000,45.000000,dualpol_vector_correlation,E4-E1,100.000000,360.000000,-179.810885,-539.810885,66.666667,-17.992339,101.754205,72.042485,179.720348,73,73,推荐的双极化 PDOA：用 X/Y 两通道向量相关直接估计两阵元相位差。
7.985500,45.000000,90.000000,dualpol_vector_correlation,E4-E1,100.000000,463.361887,-176.537802,-536.537802,51.388889,-23.082012,78.970371,60.843253,178.743938,73,73,推荐的双极化 PDOA：用 X/Y 两通道向量相关直接估计两阵元相位差。
7.985500,45.000000,135.000000,dualpol_vector_correlation,E4-E1,100.000000,360.000000,-0.582057,-360.582057,56.944444,-23.422319,120.776884,94.426321,179.946864,73,73,推荐的双极化 PDOA：用 X/Y 两通道向量相关直接估计两阵元相位差。
7.985500,60.000000,0.000000,dualpol_vector_correlation,E1-E3,100.000000,228.032975,-5.440596,-5.440596,55.555556,-11.720705,0.000000,0.000000,0.000000,73,73,推荐的双极化 PDOA：用 X/Y 两通道向量相关直接估计两阵元相位差。
7.985500,60.000000,45.000000,dualpol_vector_correlation,E1-E3,100.000000,577.133816,-1.219784,-361.219784,50.000000,-25.090198,92.879785,58.241314,178.826502,73,73,推荐的双极化 PDOA：用 X/Y 两通道向量相关直接估计两阵元相位差。
7.985500,60.000000,90.000000,dualpol_vector_correlation,E1-E3,100.000000,360.000000,-176.132677,183.867323,65.277778,-23.930629,134.633862,129.470986,179.819595,73,73,推荐的双极化 PDOA：用 X/Y 两通道向量相关直接估计两阵元相位差。
7.985500,60.000000,135.000000,dualpol_vector_correlation,E1-E3,100.000000,360.000000,-171.014181,188.985819,61.111111,-22.183495,106.875653,73.252334,178.653788,73,73,推荐的双极化 PDOA：用 X/Y 两通道向量相关直接估计两阵元相位差。
7.985500,60.000000,0.000000,dualpol_vector_correlation,E2-E4,100.000000,412.323527,172.992056,172.992056,56.944444,-11.327718,0.000000,0.000000,0.000000,73,73,推荐的双极化 PDOA：用 X/Y 两通道向量相关直接估计两阵元相位差。
7.985500,60.000000,45.000000,dualpol_vector_correlation,E2-E4,100.000000,360.000000,152.060482,512.060482,72.222222,-15.723872,89.073680,62.807608,178.743866,73,73,推荐的双极化 PDOA：用 X/Y 两通道向量相关直接估计两阵元相位差。
7.985500,60.000000,90.000000,dualpol_vector_correlation,E2-E4,100.000000,376.588416,18.343491,18.343491,54.166667,-22.861163,155.676407,154.701137,178.782968,73,73,推荐的双极化 PDOA：用 X/Y 两通道向量相关直接估计两阵元相位差。
7.985500,60.000000,135.000000,dualpol_vector_correlation,E2-E4,100.000000,552.270881,7.521822,7.521822,52.777778,-26.569509,116.714103,91.839754,179.871924,73,73,推荐的双极化 PDOA：用 X/Y 两通道向量相关直接估计两阵元相位差。
7.985500,60.000000,0.000000,dualpol_vector_correlation,E1-E2,100.000000,90.741414,6.567558,6.567558,63.888889,-8.309145,0.000000,0.000000,0.000000,73,73,推荐的双极化 PDOA：用 X/Y 两通道向量相关直接估计两阵元相位差。
7.985500,60.000000,45.000000,dualpol_vector_correlation,E1-E2,100.000000,101.732138,3.490336,3.490336,54.166667,-9.903116,9.149794,6.455273,23.957766,73,73,推荐的双极化 PDOA：用 X/Y 两通道向量相关直接估计两阵元相位差。
7.985500,60.000000,90.000000,dualpol_vector_correlation,E1-E2,100.000000,123.993395,-8.871364,-8.871364,58.333333,-23.982328,20.982016,14.314180,97.955135,73,73,推荐的双极化 PDOA：用 X/Y 两通道向量相关直接估计两阵元相位差。
7.985500,60.000000,135.000000,dualpol_vector_correlation,E1-E2,100.000000,102.158876,-5.801242,-5.801242,61.111111,-18.921951,11.867422,10.620889,23.807530,73,73,推荐的双极化 PDOA：用 X/Y 两通道向量相关直接估计两阵元相位差。
7.985500,60.000000,0.000000,dualpol_vector_correlation,E2-E3,100.000000,314.933018,-11.417907,-11.417907,58.333333,-10.616355,0.000000,0.000000,0.000000,73,73,推荐的双极化 PDOA：用 X/Y 两通道向量相关直接估计两阵元相位差。
7.985500,60.000000,45.000000,dualpol_vector_correlation,E2-E3,100.000000,672.440873,-31.522824,-391.522824,51.388889,-24.491165,93.938958,63.513323,179.032270,73,73,推荐的双极化 PDOA：用 X/Y 两通道向量相关直接估计两阵元相位差。
7.985500,60.000000,90.000000,dualpol_vector_correlation,E2-E3,100.000000,327.916123,-157.057938,-157.057938,55.555556,-26.830095,146.895916,140.687921,179.864845,73,73,推荐的双极化 PDOA：用 X/Y 两通道向量相关直接估计两阵元相位差。
7.985500,60.000000,135.000000,dualpol_vector_correlation,E2-E3,100.000000,360.000000,-165.523360,194.476640,65.277778,-25.353395,101.079505,72.942646,178.261167,73,73,推荐的双极化 PDOA：用 X/Y 两通道向量相关直接估计两阵元相位差。
7.985500,60.000000,0.000000,dualpol_vector_correlation,E3-E4,100.000000,100.914667,-173.427995,-173.427995,52.777778,-6.871730,0.000000,0.000000,0.000000,73,73,推荐的双极化 PDOA：用 X/Y 两通道向量相关直接估计两阵元相位差。
7.985500,60.000000,45.000000,dualpol_vector_correlation,E3-E4,100.000000,151.137199,-179.069495,-179.069495,73.611111,-24.491165,15.854871,11.946428,39.747060,73,73,推荐的双极化 PDOA：用 X/Y 两通道向量相关直接估计两阵元相位差。
7.985500,60.000000,90.000000,dualpol_vector_correlation,E3-E4,100.000000,251.475500,177.407647,177.407647,62.500000,-23.662110,31.835654,15.867892,146.201334,73,73,推荐的双极化 PDOA：用 X/Y 两通道向量相关直接估计两阵元相位差。
7.985500,60.000000,135.000000,dualpol_vector_correlation,E3-E4,100.000000,72.938089,167.287896,167.287896,59.722222,-21.533803,19.465232,14.501828,62.660543,73,73,推荐的双极化 PDOA：用 X/Y 两通道向量相关直接估计两阵元相位差。
7.985500,60.000000,0.000000,dualpol_vector_correlation,E4-E1,100.000000,321.661359,179.934956,179.934956,52.777778,-12.432068,0.000000,0.000000,0.000000,73,73,推荐的双极化 PDOA：用 X/Y 两通道向量相关直接估计两阵元相位差。
7.985500,60.000000,45.000000,dualpol_vector_correlation,E4-E1,100.000000,360.000000,-179.594106,-539.594106,69.444444,-16.947127,93.791276,58.753920,179.306176,73,73,推荐的双极化 PDOA：用 X/Y 两通道向量相关直接估计两阵元相位差。
7.985500,60.000000,90.000000,dualpol_vector_correlation,E4-E1,100.000000,406.211275,-2.540032,-2.540032,58.333333,-21.082861,152.307540,150.789943,179.843086,73,73,推荐的双极化 PDOA：用 X/Y 两通道向量相关直接估计两阵元相位差。
7.985500,60.000000,135.000000,dualpol_vector_correlation,E4-E1,100.000000,360.000000,-0.382532,-360.382532,55.555556,-23.399609,116.624286,84.551921,179.682512,73,73,推荐的双极化 PDOA：用 X/Y 两通道向量相关直接估计两阵元相位差。
7.985500,75.000000,0.000000,dualpol_vector_correlation,E1-E3,100.000000,128.383679,-3.225781,-3.225781,58.333333,-8.375100,0.000000,0.000000,0.000000,73,73,推荐的双极化 PDOA：用 X/Y 两通道向量相关直接估计两阵元相位差。
7.985500,75.000000,45.000000,dualpol_vector_correlation,E1-E3,100.000000,493.022700,-0.619335,-360.619335,54.166667,-19.657724,65.731860,36.162888,174.643059,73,73,推荐的双极化 PDOA：用 X/Y 两通道向量相关直接估计两阵元相位差。
7.985500,75.000000,90.000000,dualpol_vector_correlation,E1-E3,100.000000,363.411918,-177.054569,182.945431,68.055556,-27.998948,161.825922,158.917602,179.938480,73,73,推荐的双极化 PDOA：用 X/Y 两通道向量相关直接估计两阵元相位差。
7.985500,75.000000,135.000000,dualpol_vector_correlation,E1-E3,100.000000,187.437489,-127.459137,-127.459137,56.944444,-21.049590,54.654882,34.354725,136.701594,73,73,推荐的双极化 PDOA：用 X/Y 两通道向量相关直接估计两阵元相位差。
7.985500,75.000000,0.000000,dualpol_vector_correlation,E2-E4,100.000000,443.084762,170.974790,170.974790,54.166667,-8.346617,0.000000,0.000000,0.000000,73,73,推荐的双极化 PDOA：用 X/Y 两通道向量相关直接估计两阵元相位差。
7.985500,75.000000,45.000000,dualpol_vector_correlation,E2-E4,100.000000,360.000000,98.349966,458.349966,61.111111,-14.936423,78.784695,60.840980,177.350361,73,73,推荐的双极化 PDOA：用 X/Y 两通道向量相关直接估计两阵元相位差。
7.985500,75.000000,90.000000,dualpol_vector_correlation,E2-E4,100.000000,459.371062,12.111869,12.111869,51.388889,-27.259663,157.675353,156.574776,179.185562,73,73,推荐的双极化 PDOA：用 X/Y 两通道向量相关直接估计两阵元相位差。
7.985500,75.000000,135.000000,dualpol_vector_correlation,E2-E4,100.000000,584.314364,11.149103,11.149103,52.777778,-19.288768,99.941926,74.312816,179.533454,73,73,推荐的双极化 PDOA：用 X/Y 两通道向量相关直接估计两阵元相位差。
7.985500,75.000000,0.000000,dualpol_vector_correlation,E1-E2,100.000000,174.780781,8.532950,8.532950,58.333333,-8.253126,0.000000,0.000000,0.000000,73,73,推荐的双极化 PDOA：用 X/Y 两通道向量相关直接估计两阵元相位差。
7.985500,75.000000,45.000000,dualpol_vector_correlation,E1-E2,100.000000,183.269232,-1.681331,-1.681331,54.166667,-9.648932,11.084691,9.324003,20.673325,73,73,推荐的双极化 PDOA：用 X/Y 两通道向量相关直接估计两阵元相位差。
7.985500,75.000000,90.000000,dualpol_vector_correlation,E1-E2,100.000000,148.697100,-9.597530,-9.597530,54.166667,-27.067297,19.310794,15.340567,80.503447,73,73,推荐的双极化 PDOA：用 X/Y 两通道向量相关直接估计两阵元相位差。
7.985500,75.000000,135.000000,dualpol_vector_correlation,E1-E2,100.000000,182.125078,-1.883067,-1.883067,58.333333,-14.962231,13.336895,11.884660,24.939450,73,73,推荐的双极化 PDOA：用 X/Y 两通道向量相关直接估计两阵元相位差。
7.985500,75.000000,0.000000,dualpol_vector_correlation,E2-E3,100.000000,299.890823,-12.871512,-12.871512,56.944444,-6.359554,0.000000,0.000000,0.000000,73,73,推荐的双极化 PDOA：用 X/Y 两通道向量相关直接估计两阵元相位差。
7.985500,75.000000,45.000000,dualpol_vector_correlation,E2-E3,100.000000,706.528183,-75.950146,-435.950146,56.944444,-19.881304,77.581412,59.616071,174.560419,73,73,推荐的双极化 PDOA：用 X/Y 两通道向量相关直接估计两阵元相位差。
7.985500,75.000000,90.000000,dualpol_vector_correlation,E2-E3,100.000000,613.843301,-164.251302,-524.251302,50.000000,-31.717890,155.803979,153.805254,178.883013,73,73,推荐的双极化 PDOA：用 X/Y 两通道向量相关直接估计两阵元相位差。
7.985500,75.000000,135.000000,dualpol_vector_correlation,E2-E3,100.000000,420.464360,-130.714923,229.285077,69.444444,-23.049370,74.190238,56.757822,170.681229,73,73,推荐的双极化 PDOA：用 X/Y 两通道向量相关直接估计两阵元相位差。
7.985500,75.000000,0.000000,dualpol_vector_correlation,E3-E4,100.000000,174.260397,-176.097829,-176.097829,52.777778,-7.370285,0.000000,0.000000,0.000000,73,73,推荐的双极化 PDOA：用 X/Y 两通道向量相关直接估计两阵元相位差。
7.985500,75.000000,45.000000,dualpol_vector_correlation,E3-E4,100.000000,175.760080,179.810024,179.810024,54.166667,-19.654554,13.827292,9.114612,43.244529,73,73,推荐的双极化 PDOA：用 X/Y 两通道向量相关直接估计两阵元相位差。
7.985500,75.000000,90.000000,dualpol_vector_correlation,E3-E4,100.000000,268.154136,175.703780,175.703780,51.388889,-26.549901,23.225649,13.674999,115.235883,73,73,推荐的双极化 PDOA：用 X/Y 两通道向量相关直接估计两阵元相位差。
7.985500,75.000000,135.000000,dualpol_vector_correlation,E3-E4,100.000000,162.660446,168.037385,168.037385,56.944444,-18.947094,12.885160,8.428128,38.121816,73,73,推荐的双极化 PDOA：用 X/Y 两通道向量相关直接估计两阵元相位差。
7.985500,75.000000,0.000000,dualpol_vector_correlation,E4-E1,100.000000,282.918285,-179.951704,-179.951704,51.388889,-10.362164,0.000000,0.000000,0.000000,73,73,推荐的双极化 PDOA：用 X/Y 两通道向量相关直接估计两阵元相位差。
7.985500,75.000000,45.000000,dualpol_vector_correlation,E4-E1,100.000000,370.972381,-179.127058,-179.127058,65.277778,-14.712842,70.439305,36.658533,179.401884,73,73,推荐的双极化 PDOA：用 X/Y 两通道向量相关直接估计两阵元相位差。
7.985500,75.000000,90.000000,dualpol_vector_correlation,E4-E1,100.000000,455.044464,-0.971623,-360.971623,55.555556,-23.540722,157.020690,155.398519,179.841868,73,73,推荐的双极化 PDOA：用 X/Y 两通道向量相关直接估计两阵元相位差。
7.985500,75.000000,135.000000,dualpol_vector_correlation,E4-E1,100.000000,407.621234,-0.220337,-0.220337,59.722222,-17.288988,97.618048,61.114048,179.924934,73,73,推荐的双极化 PDOA：用 X/Y 两通道向量相关直接估计两阵元相位差。
7.985500,90.000000,0.000000,dualpol_vector_correlation,E1-E3,100.000000,15.099250,-2.030054,-2.030054,61.111111,-6.717945,0.000000,0.000000,0.000000,73,73,推荐的双极化 PDOA：用 X/Y 两通道向量相关直接估计两阵元相位差。
7.985500,90.000000,45.000000,dualpol_vector_correlation,E1-E3,100.000000,48.531428,-0.413854,-0.413854,52.777778,-15.159455,14.073196,11.459087,31.763826,73,73,推荐的双极化 PDOA：用 X/Y 两通道向量相关直接估计两阵元相位差。
7.985500,90.000000,90.000000,dualpol_vector_correlation,E1-E3,100.000000,102.936482,-175.456619,-175.456619,50.000000,-27.248597,169.595560,169.228881,179.723573,73,73,推荐的双极化 PDOA：用 X/Y 两通道向量相关直接估计两阵元相位差。
7.985500,90.000000,135.000000,dualpol_vector_correlation,E1-E3,100.000000,62.700829,-12.178792,-12.178792,61.111111,-11.770084,15.474206,12.386315,36.028738,73,73,推荐的双极化 PDOA：用 X/Y 两通道向量相关直接估计两阵元相位差。
7.985500,90.000000,0.000000,dualpol_vector_correlation,E2-E4,100.000000,454.707216,165.671027,165.671027,51.388889,-6.174650,0.000000,0.000000,0.000000,73,73,推荐的双极化 PDOA：用 X/Y 两通道向量相关直接估计两阵元相位差。
7.985500,90.000000,45.000000,dualpol_vector_correlation,E2-E4,100.000000,679.425902,34.672890,-325.327110,55.555556,-13.492872,90.073108,59.384932,178.449190,73,73,推荐的双极化 PDOA：用 X/Y 两通道向量相关直接估计两阵元相位差。
7.985500,90.000000,90.000000,dualpol_vector_correlation,E2-E4,97.260274,674.423568,8.918609,8.918609,50.000000,-40.688863,159.509442,157.841851,179.063530,71,73,推荐的双极化 PDOA：用 X/Y 两通道向量相关直接估计两阵元相位差。
7.985500,90.000000,135.000000,dualpol_vector_correlation,E2-E4,100.000000,484.205432,167.035873,167.035873,54.166667,-15.125723,74.832291,46.376455,174.586445,73,73,推荐的双极化 PDOA：用 X/Y 两通道向量相关直接估计两阵元相位差。
7.985500,90.000000,0.000000,dualpol_vector_correlation,E1-E2,100.000000,253.460383,7.437935,7.437935,58.333333,-7.728961,0.000000,0.000000,0.000000,73,73,推荐的双极化 PDOA：用 X/Y 两通道向量相关直接估计两阵元相位差。
7.985500,90.000000,45.000000,dualpol_vector_correlation,E1-E2,100.000000,243.115631,-6.159827,-6.159827,58.333333,-10.962571,12.857176,10.763126,27.655941,73,73,推荐的双极化 PDOA：用 X/Y 两通道向量相关直接估计两阵元相位差。
7.985500,90.000000,90.000000,dualpol_vector_correlation,E1-E2,98.630137,576.977840,-8.491337,351.508663,50.704225,-40.688863,40.532736,29.580566,144.580958,72,73,推荐的双极化 PDOA：用 X/Y 两通道向量相关直接估计两阵元相位差。
7.985500,90.000000,135.000000,dualpol_vector_correlation,E1-E2,100.000000,257.698827,2.613693,2.613693,61.111111,-9.823609,7.902101,6.174792,18.357384,73,73,推荐的双极化 PDOA：用 X/Y 两通道向量相关直接估计两阵元相位差。
7.985500,90.000000,0.000000,dualpol_vector_correlation,E2-E3,100.000000,270.018728,-18.120463,-18.120463,56.944444,-6.259711,0.000000,0.000000,0.000000,73,73,推荐的双极化 PDOA：用 X/Y 两通道向量相关直接估计两阵元相位差。
7.985500,90.000000,45.000000,dualpol_vector_correlation,E2-E3,100.000000,373.153017,-137.147230,-137.147230,56.944444,-16.724596,77.761581,58.067070,150.806518,73,73,推荐的双极化 PDOA：用 X/Y 两通道向量相关直接估计两阵元相位差。
7.985500,90.000000,90.000000,dualpol_vector_correlation,E2-E3,98.630137,592.626333,-167.027700,-527.027700,50.704225,-40.688863,148.542376,146.831586,179.506470,72,73,推荐的双极化 PDOA：用 X/Y 两通道向量相关直接估计两阵元相位差。
7.985500,90.000000,135.000000,dualpol_vector_correlation,E2-E3,100.000000,360.000000,-16.949079,343.050921,80.555556,-12.198725,68.328966,41.655273,177.455581,73,73,推荐的双极化 PDOA：用 X/Y 两通道向量相关直接估计两阵元相位差。
7.985500,90.000000,0.000000,dualpol_vector_correlation,E3-E4,100.000000,238.376634,-177.790322,-177.790322,50.000000,-6.624120,0.000000,0.000000,0.000000,73,73,推荐的双极化 PDOA：用 X/Y 两通道向量相关直接估计两阵元相位差。
7.985500,90.000000,45.000000,dualpol_vector_correlation,E3-E4,100.000000,232.809242,178.689129,178.689129,51.388889,-15.159455,13.261491,10.241222,29.805738,73,73,推荐的双极化 PDOA：用 X/Y 两通道向量相关直接估计两阵元相位差。
7.985500,90.000000,90.000000,dualpol_vector_correlation,E3-E4,100.000000,520.110298,172.957941,172.957941,51.388889,-28.479154,47.221220,29.110160,163.729485,73,73,推荐的双极化 PDOA：用 X/Y 两通道向量相关直接估计两阵元相位差。
7.985500,90.000000,135.000000,dualpol_vector_correlation,E3-E4,100.000000,247.984824,-168.832410,-168.832410,52.777778,-11.715509,8.957540,7.473360,21.502813,73,73,推荐的双极化 PDOA：用 X/Y 两通道向量相关直接估计两阵元相位差。
7.985500,90.000000,0.000000,dualpol_vector_correlation,E4-E1,100.000000,230.356067,-179.810885,-179.810885,51.388889,-8.093370,0.000000,0.000000,0.000000,73,73,推荐的双极化 PDOA：用 X/Y 两通道向量相关直接估计两阵元相位差。
7.985500,90.000000,45.000000,dualpol_vector_correlation,E4-E1,100.000000,229.723652,-176.537802,-176.537802,52.777778,-11.691222,8.834141,6.129661,23.436936,73,73,推荐的双极化 PDOA：用 X/Y 两通道向量相关直接估计两阵元相位差。
7.985500,90.000000,90.000000,dualpol_vector_correlation,E4-E1,100.000000,520.878117,-0.582057,-0.582057,52.777778,-32.577181,156.830886,152.310092,179.821536,73,73,推荐的双极化 PDOA：用 X/Y 两通道向量相关直接估计两阵元相位差。
7.985500,90.000000,135.000000,dualpol_vector_correlation,E4-E1,100.000000,248.579760,179.818719,179.818719,52.777778,-14.697082,12.634408,9.339041,28.658955,73,73,推荐的双极化 PDOA：用 X/Y 两通道向量相关直接估计两阵元相位差。
7.985500,45.000000,0.000000,dualpol_known_pol_vector,E1-E3,100.000000,317.942441,-21.690970,-21.690970,58.333333,-18.369640,0.000000,0.000000,0.000000,73,73,已知入射线极化角时，按 cos/sin 对 X/Y 双通道做相干合成。
7.985500,45.000000,45.000000,dualpol_known_pol_vector,E1-E3,100.000000,655.734537,-0.139749,-360.139749,54.166667,-29.076132,89.351247,63.856583,170.422316,73,73,已知入射线极化角时，按 cos/sin 对 X/Y 双通道做相干合成。
7.985500,45.000000,90.000000,dualpol_known_pol_vector,E1-E3,100.000000,720.000000,-118.243347,601.756653,68.055556,-32.110588,99.395542,92.644740,170.459230,73,73,已知入射线极化角时，按 cos/sin 对 X/Y 双通道做相干合成。
7.985500,45.000000,135.000000,dualpol_known_pol_vector,E1-E3,100.000000,430.932653,-75.597961,284.402039,63.888889,-30.103745,77.248502,68.293642,174.995410,73,73,已知入射线极化角时，按 cos/sin 对 X/Y 双通道做相干合成。
7.985500,45.000000,0.000000,dualpol_known_pol_vector,E2-E4,100.000000,369.426345,138.448849,138.448849,62.500000,-14.309844,0.000000,0.000000,0.000000,73,73,已知入射线极化角时，按 cos/sin 对 X/Y 双通道做相干合成。
7.985500,45.000000,45.000000,dualpol_known_pol_vector,E2-E4,100.000000,360.000000,162.534014,522.534014,68.055556,-27.858896,93.454083,70.769917,178.776018,73,73,已知入射线极化角时，按 cos/sin 对 X/Y 双通道做相干合成。
7.985500,45.000000,90.000000,dualpol_known_pol_vector,E2-E4,100.000000,464.601589,51.408778,51.408778,52.777778,-32.861639,108.824348,101.968843,171.208913,73,73,已知入射线极化角时，按 cos/sin 对 X/Y 双通道做相干合成。
7.985500,45.000000,135.000000,dualpol_known_pol_vector,E2-E4,100.000000,360.000000,22.832611,382.832611,63.888889,-27.646826,105.014575,97.391302,153.767931,73,73,已知入射线极化角时，按 cos/sin 对 X/Y 双通道做相干合成。
7.985500,45.000000,0.000000,dualpol_known_pol_vector,E1-E2,100.000000,60.023015,14.227382,14.227382,56.944444,-9.086563,0.000000,0.000000,0.000000,73,73,已知入射线极化角时，按 cos/sin 对 X/Y 双通道做相干合成。
7.985500,45.000000,45.000000,dualpol_known_pol_vector,E1-E2,100.000000,39.809361,19.354289,19.354289,52.777778,-8.342196,9.589770,8.081559,17.745490,73,73,已知入射线极化角时，按 cos/sin 对 X/Y 双通道做相干合成。
7.985500,45.000000,90.000000,dualpol_known_pol_vector,E1-E2,100.000000,128.351463,5.667810,5.667810,62.500000,-33.691512,26.729035,21.206129,70.040846,73,73,已知入射线极化角时，按 cos/sin 对 X/Y 双通道做相干合成。
7.985500,45.000000,135.000000,dualpol_known_pol_vector,E1-E2,100.000000,67.691834,-8.406679,-8.406679,59.722222,-27.646826,23.527827,18.400250,52.907086,73,73,已知入射线极化角时，按 cos/sin 对 X/Y 双通道做相干合成。
7.985500,45.000000,0.000000,dualpol_known_pol_vector,E2-E3,100.000000,339.425700,-35.918353,-35.918353,65.277778,-18.632005,0.000000,0.000000,0.000000,73,73,已知入射线极化角时，按 cos/sin 对 X/Y 双通道做相干合成。
7.985500,45.000000,45.000000,dualpol_known_pol_vector,E2-E3,100.000000,645.386747,-19.494038,-379.494038,51.388889,-29.076132,91.228623,66.865688,165.828125,73,73,已知入射线极化角时，按 cos/sin 对 X/Y 双通道做相干合成。
7.985500,45.000000,90.000000,dualpol_known_pol_vector,E2-E3,98.630137,473.653929,-123.911156,236.088844,63.380282,-35.738886,103.858320,95.067401,179.559352,72,73,已知入射线极化角时，按 cos/sin 对 X/Y 双通道做相干合成。
7.985500,45.000000,135.000000,dualpol_known_pol_vector,E2-E3,100.000000,451.449893,-67.191282,292.808718,62.500000,-33.883124,71.355970,60.655719,179.519076,73,73,已知入射线极化角时，按 cos/sin 对 X/Y 双通道做相干合成。
7.985500,45.000000,0.000000,dualpol_known_pol_vector,E3-E4,100.000000,50.447560,174.367202,174.367202,52.777778,-10.262065,0.000000,0.000000,0.000000,73,73,已知入射线极化角时，按 cos/sin 对 X/Y 双通道做相干合成。
7.985500,45.000000,45.000000,dualpol_known_pol_vector,E3-E4,100.000000,726.951108,-177.971947,542.028053,86.111111,-29.797267,46.403035,32.760829,165.874024,73,73,已知入射线极化角时，按 cos/sin 对 X/Y 双通道做相干合成。
7.985500,45.000000,90.000000,dualpol_known_pol_vector,E3-E4,100.000000,720.534007,175.319934,-544.680066,88.888889,-32.110588,35.380384,20.695908,160.942598,73,73,已知入射线极化角时，按 cos/sin 对 X/Y 双通道做相干合成。
7.985500,45.000000,135.000000,dualpol_known_pol_vector,E3-E4,100.000000,169.912418,90.023893,90.023893,51.388889,-21.479935,63.557126,58.079546,99.350631,73,73,已知入射线极化角时，按 cos/sin 对 X/Y 双通道做相干合成。
7.985500,45.000000,0.000000,dualpol_known_pol_vector,E4-E1,100.000000,351.180462,-152.676232,-152.676232,55.555556,-14.047479,0.000000,0.000000,0.000000,73,73,已知入射线极化角时，按 cos/sin 对 X/Y 双通道做相干合成。
7.985500,45.000000,45.000000,dualpol_known_pol_vector,E4-E1,100.000000,360.000000,178.111696,-181.888304,68.055556,-28.552179,96.397002,72.937383,178.632639,73,73,已知入射线极化角时，按 cos/sin 对 X/Y 双通道做相干合成。
7.985500,45.000000,90.000000,dualpol_known_pol_vector,E4-E1,100.000000,421.778986,-57.076587,-57.076587,51.388889,-29.516144,104.891792,99.523381,176.284500,73,73,已知入射线极化角时，按 cos/sin 对 X/Y 双通道做相干合成。
7.985500,45.000000,135.000000,dualpol_known_pol_vector,E4-E1,100.000000,360.000000,-14.425932,-374.425932,66.666667,-22.249012,116.418820,108.947374,161.571176,73,73,已知入射线极化角时，按 cos/sin 对 X/Y 双通道做相干合成。
7.985500,60.000000,0.000000,dualpol_known_pol_vector,E1-E3,100.000000,233.644124,-4.648891,-4.648891,58.333333,-13.869208,0.000000,0.000000,0.000000,73,73,已知入射线极化角时，按 cos/sin 对 X/Y 双通道做相干合成。
7.985500,60.000000,45.000000,dualpol_known_pol_vector,E1-E3,100.000000,572.832743,1.799561,-358.200439,50.000000,-28.215932,91.999297,59.168583,178.893241,73,73,已知入射线极化角时，按 cos/sin 对 X/Y 双通道做相干合成。
7.985500,60.000000,90.000000,dualpol_known_pol_vector,E1-E3,100.000000,418.286474,-130.038755,229.961245,59.722222,-23.239277,127.148444,123.184760,174.201814,73,73,已知入射线极化角时，按 cos/sin 对 X/Y 双通道做相干合成。
7.985500,60.000000,135.000000,dualpol_known_pol_vector,E1-E3,100.000000,349.594245,-147.494373,-147.494373,58.333333,-31.201192,99.370111,75.244888,172.067851,73,73,已知入射线极化角时，按 cos/sin 对 X/Y 双通道做相干合成。
7.985500,60.000000,0.000000,dualpol_known_pol_vector,E2-E4,100.000000,405.124172,158.885248,158.885248,58.333333,-10.827980,0.000000,0.000000,0.000000,73,73,已知入射线极化角时，按 cos/sin 对 X/Y 双通道做相干合成。
7.985500,60.000000,45.000000,dualpol_known_pol_vector,E2-E4,100.000000,360.000000,139.384238,499.384238,76.388889,-26.170430,85.942269,59.245283,179.627971,73,73,已知入射线极化角时，按 cos/sin 对 X/Y 双通道做相干合成。
7.985500,60.000000,90.000000,dualpol_known_pol_vector,E2-E4,100.000000,439.803863,41.835760,41.835760,51.388889,-34.009636,130.620354,128.500848,179.670394,73,73,已知入射线极化角时，按 cos/sin 对 X/Y 双通道做相干合成。
7.985500,60.000000,135.000000,dualpol_known_pol_vector,E2-E4,100.000000,360.000000,21.938890,381.938890,61.111111,-23.727033,117.796533,107.150827,177.809004,73,73,已知入射线极化角时，按 cos/sin 对 X/Y 双通道做相干合成。
7.985500,60.000000,0.000000,dualpol_known_pol_vector,E1-E2,100.000000,108.011495,11.992308,11.992308,65.277778,-7.961686,0.000000,0.000000,0.000000,73,73,已知入射线极化角时，按 cos/sin 对 X/Y 双通道做相干合成。
7.985500,60.000000,45.000000,dualpol_known_pol_vector,E1-E2,100.000000,94.119214,43.268976,43.268976,54.166667,-10.675185,14.950556,11.260416,33.073063,73,73,已知入射线极化角时，按 cos/sin 对 X/Y 双通道做相干合成。
7.985500,60.000000,90.000000,dualpol_known_pol_vector,E1-E2,100.000000,120.498784,-0.095889,-0.095889,59.722222,-25.599284,14.987517,12.383875,46.369016,73,73,已知入射线极化角时，按 cos/sin 对 X/Y 双通道做相干合成。
7.985500,60.000000,135.000000,dualpol_known_pol_vector,E1-E2,100.000000,396.481498,-8.746209,-368.746209,58.333333,-34.074292,38.583339,27.884810,179.766026,73,73,已知入射线极化角时，按 cos/sin 对 X/Y 双通道做相干合成。
7.985500,60.000000,0.000000,dualpol_known_pol_vector,E2-E3,100.000000,335.656354,-16.641200,-16.641200,62.500000,-12.645411,0.000000,0.000000,0.000000,73,73,已知入射线极化角时，按 cos/sin 对 X/Y 双通道做相干合成。
7.985500,60.000000,45.000000,dualpol_known_pol_vector,E2-E3,100.000000,665.418531,-41.469415,-401.469415,51.388889,-28.215932,94.481049,64.734332,175.861022,73,73,已知入射线极化角时，按 cos/sin 对 X/Y 双通道做相干合成。
7.985500,60.000000,90.000000,dualpol_known_pol_vector,E2-E3,100.000000,460.351744,-129.942866,230.057134,58.333333,-27.604071,128.917977,123.615891,175.361023,73,73,已知入射线极化角时，按 cos/sin 对 X/Y 双通道做相干合成。
7.985500,60.000000,135.000000,dualpol_known_pol_vector,E2-E3,100.000000,375.954024,-138.748164,221.251836,63.888889,-27.129736,93.774470,76.126594,175.566284,73,73,已知入射线极化角时，按 cos/sin 对 X/Y 双通道做相干合成。
7.985500,60.000000,0.000000,dualpol_known_pol_vector,E3-E4,100.000000,82.242487,175.526448,175.526448,51.388889,-8.240809,0.000000,0.000000,0.000000,73,73,已知入射线极化角时，按 cos/sin 对 X/Y 双通道做相干合成。
7.985500,60.000000,45.000000,dualpol_known_pol_vector,E3-E4,100.000000,720.000000,-179.146347,540.853653,100.000000,-28.215932,47.613854,29.780815,174.413468,73,73,已知入射线极化角时，按 cos/sin 对 X/Y 双通道做相干合成。
7.985500,60.000000,90.000000,dualpol_known_pol_vector,E3-E4,100.000000,438.905062,171.778625,-188.221375,58.333333,-28.793338,26.929461,16.283558,145.662752,73,73,已知入射线极化角时，按 cos/sin 对 X/Y 双通道做相干合成。
7.985500,60.000000,135.000000,dualpol_known_pol_vector,E3-E4,100.000000,120.455697,160.687054,160.687054,56.944444,-16.862243,52.424662,42.818341,94.681277,73,73,已知入射线极化角时，按 cos/sin 对 X/Y 双通道做相干合成。
7.985500,60.000000,0.000000,dualpol_known_pol_vector,E4-E1,100.000000,309.900114,-170.877557,-170.877557,52.777778,-12.051777,0.000000,0.000000,0.000000,73,73,已知入射线极化角时，按 cos/sin 对 X/Y 双通道做相干合成。
7.985500,60.000000,45.000000,dualpol_known_pol_vector,E4-E1,100.000000,360.000000,177.346786,-182.653214,76.388889,-26.170430,88.203598,57.414071,178.772715,73,73,已知入射线极化角时，按 cos/sin 对 X/Y 双通道做相干合成。
7.985500,60.000000,90.000000,dualpol_known_pol_vector,E4-E1,100.000000,396.504006,-41.739870,-41.739870,52.777778,-29.644842,131.134666,129.819379,176.575647,73,73,已知入射线极化角时，按 cos/sin 对 X/Y 双通道做相干合成。
7.985500,60.000000,135.000000,dualpol_known_pol_vector,E4-E1,100.000000,308.074186,-13.192681,-13.192681,51.388889,-31.201192,115.430125,102.827613,178.287728,73,73,已知入射线极化角时，按 cos/sin 对 X/Y 双通道做相干合成。
7.985500,75.000000,0.000000,dualpol_known_pol_vector,E1-E3,100.000000,124.919231,5.819505,5.819505,56.944444,-11.984594,0.000000,0.000000,0.000000,73,73,已知入射线极化角时，按 cos/sin 对 X/Y 双通道做相干合成。
7.985500,75.000000,45.000000,dualpol_known_pol_vector,E1-E3,100.000000,488.221439,4.858487,-355.141513,58.333333,-34.378525,62.844721,34.934851,174.664505,73,73,已知入射线极化角时，按 cos/sin 对 X/Y 双通道做相干合成。
7.985500,75.000000,90.000000,dualpol_known_pol_vector,E1-E3,100.000000,381.729709,-139.596836,220.403164,61.111111,-30.855542,145.622726,143.538369,174.879346,73,73,已知入射线极化角时，按 cos/sin 对 X/Y 双通道做相干合成。
7.985500,75.000000,135.000000,dualpol_known_pol_vector,E1-E3,97.260274,381.102905,-158.920770,-518.920770,54.285714,-43.130048,88.405757,67.566169,178.002139,71,73,已知入射线极化角时，按 cos/sin 对 X/Y 双通道做相干合成。
7.985500,75.000000,0.000000,dualpol_known_pol_vector,E2-E4,100.000000,435.971172,175.156085,175.156085,54.166667,-8.161276,0.000000,0.000000,0.000000,73,73,已知入射线极化角时，按 cos/sin 对 X/Y 双通道做相干合成。
7.985500,75.000000,45.000000,dualpol_known_pol_vector,E2-E4,94.520548,360.000000,65.991122,425.991122,52.941176,-45.069865,77.993520,63.069138,143.243736,69,73,已知入射线极化角时，按 cos/sin 对 X/Y 双通道做相干合成。
7.985500,75.000000,90.000000,dualpol_known_pol_vector,E2-E4,98.630137,467.055885,32.525117,32.525117,52.112676,-42.515964,147.238068,145.547613,178.606863,72,73,已知入射线极化角时，按 cos/sin 对 X/Y 双通道做相干合成。
7.985500,75.000000,135.000000,dualpol_known_pol_vector,E2-E4,100.000000,360.000000,25.209653,385.209653,54.166667,-19.815402,109.638890,96.389082,178.850933,73,73,已知入射线极化角时，按 cos/sin 对 X/Y 双通道做相干合成。
7.985500,75.000000,0.000000,dualpol_known_pol_vector,E1-E2,100.000000,176.425705,7.685556,7.685556,59.722222,-8.866645,0.000000,0.000000,0.000000,73,73,已知入射线极化角时，按 cos/sin 对 X/Y 双通道做相干合成。
7.985500,75.000000,45.000000,dualpol_known_pol_vector,E1-E2,100.000000,281.884801,118.726650,118.726650,58.333333,-18.379917,66.329110,43.652770,148.581521,73,73,已知入射线极化角时，按 cos/sin 对 X/Y 双通道做相干合成。
7.985500,75.000000,90.000000,dualpol_known_pol_vector,E1-E2,100.000000,192.666370,-4.360995,-4.360995,54.166667,-27.325504,14.735976,10.659466,66.129092,73,73,已知入射线极化角时，按 cos/sin 对 X/Y 双通道做相干合成。
7.985500,75.000000,135.000000,dualpol_known_pol_vector,E1-E2,97.260274,253.634060,-5.432657,-5.432657,60.000000,-43.910240,43.284397,29.255951,144.252329,71,73,已知入射线极化角时，按 cos/sin 对 X/Y 双通道做相干合成。
7.985500,75.000000,0.000000,dualpol_known_pol_vector,E2-E3,100.000000,297.625904,-1.866051,-1.866051,59.722222,-9.751513,0.000000,0.000000,0.000000,73,73,已知入射线极化角时，按 cos/sin 对 X/Y 双通道做相干合成。
7.985500,75.000000,45.000000,dualpol_known_pol_vector,E2-E3,100.000000,740.865239,-113.868163,-473.868163,55.555556,-34.378525,91.050692,73.220019,172.833177,73,73,已知入射线极化角时，按 cos/sin 对 X/Y 双通道做相干合成。
7.985500,75.000000,90.000000,dualpol_known_pol_vector,E2-E3,98.630137,342.916455,-135.235841,-135.235841,57.746479,-35.097973,144.829177,143.041362,172.554325,72,73,已知入射线极化角时，按 cos/sin 对 X/Y 双通道做相干合成。
7.985500,75.000000,135.000000,dualpol_known_pol_vector,E2-E3,100.000000,360.000000,-153.488113,206.511887,62.500000,-23.644830,99.229203,77.195544,175.925438,73,73,已知入射线极化角时，按 cos/sin 对 X/Y 双通道做相干合成。
7.985500,75.000000,0.000000,dualpol_known_pol_vector,E3-E4,100.000000,154.011754,177.022136,177.022136,54.166667,-8.022711,0.000000,0.000000,0.000000,73,73,已知入射线极化角时，按 cos/sin 对 X/Y 双通道做相干合成。
7.985500,75.000000,45.000000,dualpol_known_pol_vector,E3-E4,94.520548,360.000000,179.859285,539.859285,83.823529,-46.454351,60.647883,34.774168,175.076635,69,73,已知入射线极化角时，按 cos/sin 对 X/Y 双通道做相干合成。
7.985500,75.000000,90.000000,dualpol_known_pol_vector,E3-E4,98.630137,251.732525,167.760959,167.760959,53.521127,-35.839264,20.110026,16.287398,86.011946,72,73,已知入射线极化角时，按 cos/sin 对 X/Y 双通道做相干合成。
7.985500,75.000000,135.000000,dualpol_known_pol_vector,E3-E4,100.000000,125.600632,178.697766,178.697766,59.722222,-14.777498,52.588346,41.744676,97.633942,73,73,已知入射线极化角时，按 cos/sin 对 X/Y 双通道做相干合成。
7.985500,75.000000,0.000000,dualpol_known_pol_vector,E4-E1,100.000000,274.276455,177.158360,177.158360,51.388889,-10.394356,0.000000,0.000000,0.000000,73,73,已知入射线极化角时，按 cos/sin 对 X/Y 双通道做相干合成。
7.985500,75.000000,45.000000,dualpol_known_pol_vector,E4-E1,94.520548,360.000000,175.282228,-184.717772,67.647059,-45.069865,37.570897,24.806915,129.498805,69,73,已知入射线极化角时，按 cos/sin 对 X/Y 双通道做相干合成。
7.985500,75.000000,90.000000,dualpol_known_pol_vector,E4-E1,98.630137,299.498467,-28.164122,-28.164122,53.521127,-38.273533,150.800992,149.592149,179.245774,72,73,已知入射线极化角时，按 cos/sin 对 X/Y 双通道做相干合成。
7.985500,75.000000,135.000000,dualpol_known_pol_vector,E4-E1,97.260274,492.270323,-19.776996,340.223004,57.142857,-43.130048,99.003177,84.746557,179.507756,71,73,已知入射线极化角时，按 cos/sin 对 X/Y 双通道做相干合成。
7.985500,90.000000,0.000000,dualpol_known_pol_vector,E1-E3,100.000000,13.551779,14.263247,14.263247,61.111111,-10.321054,0.000000,0.000000,0.000000,73,73,已知入射线极化角时，按 cos/sin 对 X/Y 双通道做相干合成。
7.985500,90.000000,45.000000,dualpol_known_pol_vector,E1-E3,100.000000,52.690559,17.743459,17.743459,56.944444,-19.796942,14.282754,11.303379,35.796253,73,73,已知入射线极化角时，按 cos/sin 对 X/Y 双通道做相干合成。
7.985500,90.000000,90.000000,dualpol_known_pol_vector,E1-E3,95.890411,199.580150,-148.225286,-148.225286,82.608696,-53.622534,163.434448,162.421757,178.704094,70,73,已知入射线极化角时，按 cos/sin 对 X/Y 双通道做相干合成。
7.985500,90.000000,135.000000,dualpol_known_pol_vector,E1-E3,100.000000,124.010449,-36.472454,-36.472454,68.055556,-30.304853,36.913149,29.856645,72.901834,73,73,已知入射线极化角时，按 cos/sin 对 X/Y 双通道做相干合成。
7.985500,90.000000,0.000000,dualpol_known_pol_vector,E2-E4,100.000000,444.429003,-169.161852,-169.161852,52.777778,-6.296082,0.000000,0.000000,0.000000,73,73,已知入射线极化角时，按 cos/sin 对 X/Y 双通道做相干合成。
7.985500,90.000000,45.000000,dualpol_known_pol_vector,E2-E4,100.000000,574.973684,26.341471,26.341471,54.166667,-28.846082,111.708520,86.491804,179.801320,73,73,已知入射线极化角时，按 cos/sin 对 X/Y 双通道做相干合成。
7.985500,90.000000,90.000000,dualpol_known_pol_vector,E2-E4,97.260274,680.565255,21.907562,21.907562,50.000000,-54.156240,165.047857,163.052739,179.968749,71,73,已知入射线极化角时，按 cos/sin 对 X/Y 双通道做相干合成。
7.985500,90.000000,135.000000,dualpol_known_pol_vector,E2-E4,100.000000,477.760661,44.054081,44.054081,62.500000,-23.972707,84.149990,66.513399,152.932461,73,73,已知入射线极化角时，按 cos/sin 对 X/Y 双通道做相干合成。
7.985500,90.000000,0.000000,dualpol_known_pol_vector,E1-E2,100.000000,243.068064,1.708572,1.708572,58.333333,-9.181437,0.000000,0.000000,0.000000,73,73,已知入射线极化角时，按 cos/sin 对 X/Y 双通道做相干合成。
7.985500,90.000000,45.000000,dualpol_known_pol_vector,E1-E2,100.000000,387.698873,170.287343,170.287343,58.333333,-26.671288,102.169530,74.890103,177.808898,73,73,已知入射线极化角时，按 cos/sin 对 X/Y 双通道做相干合成。
7.985500,90.000000,90.000000,dualpol_known_pol_vector,E1-E2,97.260274,725.194207,-7.650982,352.349018,54.285714,-54.156240,39.889603,23.148698,165.839764,71,73,已知入射线极化角时，按 cos/sin 对 X/Y 双通道做相干合成。
7.985500,90.000000,135.000000,dualpol_known_pol_vector,E1-E2,100.000000,350.848049,103.441084,103.441084,62.500000,-23.218056,80.784621,55.993842,178.868424,73,73,已知入射线极化角时，按 cos/sin 对 X/Y 双通道做相干合成。
7.985500,90.000000,0.000000,dualpol_known_pol_vector,E2-E3,100.000000,239.628759,12.554675,12.554675,55.555556,-7.435700,0.000000,0.000000,0.000000,73,73,已知入射线极化角时，按 cos/sin 对 X/Y 双通道做相干合成。
7.985500,90.000000,45.000000,dualpol_known_pol_vector,E2-E3,100.000000,379.288848,-152.543883,-152.543883,54.166667,-30.021721,108.465896,83.269641,179.558124,73,73,已知入射线极化角时，按 cos/sin 对 X/Y 双通道做相干合成。
7.985500,90.000000,90.000000,dualpol_known_pol_vector,E2-E3,97.260274,298.692384,-140.574304,-140.574304,51.428571,-57.453671,162.356532,161.813257,179.957753,71,73,已知入射线极化角时，按 cos/sin 对 X/Y 双通道做相干合成。
7.985500,90.000000,135.000000,dualpol_known_pol_vector,E2-E3,100.000000,350.258109,-139.913538,-139.913538,56.944444,-31.215998,90.238273,74.273551,163.349390,73,73,已知入射线极化角时，按 cos/sin 对 X/Y 双通道做相干合成。
7.985500,90.000000,0.000000,dualpol_known_pol_vector,E3-E4,100.000000,219.911152,178.283473,178.283473,51.388889,-7.196780,0.000000,0.000000,0.000000,73,73,已知入射线极化角时，按 cos/sin 对 X/Y 双通道做相干合成。
7.985500,90.000000,45.000000,dualpol_known_pol_vector,E3-E4,100.000000,242.394357,178.885354,178.885354,54.166667,-19.796942,16.877407,12.248613,41.662574,73,73,已知入射线极化角时，按 cos/sin 对 X/Y 双通道做相干合成。
7.985500,90.000000,90.000000,dualpol_known_pol_vector,E3-E4,97.260274,444.554857,162.481866,522.481866,54.285714,-49.206401,39.957334,25.935713,179.986326,71,73,已知入射线极化角时，按 cos/sin 对 X/Y 双通道做相干合成。
7.985500,90.000000,135.000000,dualpol_known_pol_vector,E3-E4,100.000000,199.332936,-176.032382,-176.032382,59.722222,-22.414428,53.137503,42.275110,92.631135,73,73,已知入射线极化角时，按 cos/sin 对 X/Y 双通道做相干合成。
7.985500,90.000000,0.000000,dualpol_known_pol_vector,E4-E1,100.000000,222.809509,167.453280,167.453280,52.777778,-8.856698,0.000000,0.000000,0.000000,73,73,已知入射线极化角时，按 cos/sin 对 X/Y 双通道做相干合成。
7.985500,90.000000,45.000000,dualpol_known_pol_vector,E4-E1,100.000000,244.751297,163.371187,163.371187,51.388889,-17.993291,21.481595,18.410125,41.499411,73,73,已知入射线极化角时，按 cos/sin 对 X/Y 双通道做相干合成。
7.985500,90.000000,90.000000,dualpol_known_pol_vector,E4-E1,98.630137,428.884637,-14.256580,-374.256580,57.746479,-38.892699,159.362853,156.447196,179.731821,72,73,已知入射线极化角时，按 cos/sin 对 X/Y 双通道做相干合成。
7.985500,90.000000,135.000000,dualpol_known_pol_vector,E4-E1,100.000000,255.177719,-147.495165,-147.495165,62.500000,-23.061562,41.377553,36.800706,66.506112,73,73,已知入射线极化角时，按 cos/sin 对 X/Y 双通道做相干合成。
7.985500,45.000000,0.000000,dualpol_fixed_45deg_sum,E1-E3,100.000000,294.602237,-11.329709,-11.329709,51.388889,-21.590944,0.000000,0.000000,0.000000,73,73,固定 45 deg 双通道等权合成，作为无极化估计时的简单参考。
7.985500,45.000000,45.000000,dualpol_fixed_45deg_sum,E1-E3,100.000000,655.734537,-0.139749,-360.139749,54.166667,-29.076132,97.600240,66.853540,179.835732,73,73,固定 45 deg 双通道等权合成，作为无极化估计时的简单参考。
7.985500,45.000000,90.000000,dualpol_fixed_45deg_sum,E1-E3,94.520548,410.179788,17.743459,17.743459,60.294118,-51.183114,44.653513,38.295634,95.628196,69,73,固定 45 deg 双通道等权合成，作为无极化估计时的简单参考。
7.985500,45.000000,135.000000,dualpol_fixed_45deg_sum,E1-E3,100.000000,469.024854,-178.096916,-178.096916,51.388889,-30.369441,114.898196,88.398725,179.641954,73,73,固定 45 deg 双通道等权合成，作为无极化估计时的简单参考。
7.985500,45.000000,0.000000,dualpol_fixed_45deg_sum,E2-E4,100.000000,367.848150,-177.055018,-177.055018,59.722222,-22.831369,0.000000,0.000000,0.000000,73,73,固定 45 deg 双通道等权合成，作为无极化估计时的简单参考。
7.985500,45.000000,45.000000,dualpol_fixed_45deg_sum,E2-E4,100.000000,360.000000,162.534014,522.534014,68.055556,-27.858896,92.222416,66.484039,179.833098,73,73,固定 45 deg 双通道等权合成，作为无极化估计时的简单参考。
7.985500,45.000000,90.000000,dualpol_fixed_45deg_sum,E2-E4,98.630137,319.261724,26.341471,26.341471,50.704225,-40.715021,145.221928,140.165788,179.971248,72,73,固定 45 deg 双通道等权合成，作为无极化估计时的简单参考。
7.985500,45.000000,135.000000,dualpol_fixed_45deg_sum,E2-E4,98.630137,667.506672,4.374218,-355.625782,56.338028,-39.088230,111.381462,83.790120,178.604040,72,73,固定 45 deg 双通道等权合成，作为无极化估计时的简单参考。
7.985500,45.000000,0.000000,dualpol_fixed_45deg_sum,E1-E2,100.000000,28.083260,1.602552,1.602552,50.000000,-7.794677,0.000000,0.000000,0.000000,73,73,固定 45 deg 双通道等权合成，作为无极化估计时的简单参考。
7.985500,45.000000,45.000000,dualpol_fixed_45deg_sum,E1-E2,100.000000,39.809361,19.354289,19.354289,52.777778,-8.342196,10.100690,8.227184,17.751737,73,73,固定 45 deg 双通道等权合成，作为无极化估计时的简单参考。
7.985500,45.000000,90.000000,dualpol_fixed_45deg_sum,E1-E2,98.630137,62.622405,170.287343,170.287343,64.788732,-42.910000,156.095207,155.259952,179.708415,72,73,固定 45 deg 双通道等权合成，作为无极化估计时的简单参考。
7.985500,45.000000,135.000000,dualpol_fixed_45deg_sum,E1-E2,100.000000,35.134893,-8.569962,-8.569962,59.722222,-13.037819,7.002756,6.030799,11.310601,73,73,固定 45 deg 双通道等权合成，作为无极化估计时的简单参考。
7.985500,45.000000,0.000000,dualpol_fixed_45deg_sum,E2-E3,100.000000,286.130761,-12.932261,-12.932261,58.333333,-21.718014,0.000000,0.000000,0.000000,73,73,固定 45 deg 双通道等权合成，作为无极化估计时的简单参考。
7.985500,45.000000,45.000000,dualpol_fixed_45deg_sum,E2-E3,100.000000,645.386747,-19.494038,-379.494038,51.388889,-29.076132,96.403550,69.520428,178.877222,73,73,固定 45 deg 双通道等权合成，作为无极化估计时的简单参考。
7.985500,45.000000,90.000000,dualpol_fixed_45deg_sum,E2-E3,97.260274,378.429269,-152.543883,-152.543883,57.142857,-41.968105,148.371093,145.795726,178.756922,71,73,固定 45 deg 双通道等权合成，作为无极化估计时的简单参考。
7.985500,45.000000,135.000000,dualpol_fixed_45deg_sum,E2-E3,100.000000,454.620277,-169.526954,-169.526954,56.944444,-34.216128,115.284273,88.236718,179.986488,73,73,固定 45 deg 双通道等权合成，作为无极化估计时的简单参考。
7.985500,45.000000,0.000000,dualpol_fixed_45deg_sum,E3-E4,100.000000,89.295932,-164.122757,-164.122757,55.555556,-11.590651,0.000000,0.000000,0.000000,73,73,固定 45 deg 双通道等权合成，作为无极化估计时的简单参考。
7.985500,45.000000,45.000000,dualpol_fixed_45deg_sum,E3-E4,100.000000,726.951108,-177.971947,542.028053,86.111111,-29.797267,55.739278,41.235203,164.309779,73,73,固定 45 deg 双通道等权合成，作为无极化估计时的简单参考。
7.985500,45.000000,90.000000,dualpol_fixed_45deg_sum,E3-E4,97.260274,106.639465,178.885354,178.885354,97.142857,-37.150654,38.177208,32.957936,91.853752,71,73,固定 45 deg 双通道等权合成，作为无极化估计时的简单参考。
7.985500,45.000000,135.000000,dualpol_fixed_45deg_sum,E3-E4,98.630137,225.064630,173.901172,173.901172,53.521127,-35.360669,35.321755,31.080455,122.519835,72,73,固定 45 deg 双通道等权合成，作为无极化估计时的简单参考。
7.985500,45.000000,0.000000,dualpol_fixed_45deg_sum,E4-E1,100.000000,372.681662,175.452466,175.452466,55.555556,-22.704299,0.000000,0.000000,0.000000,73,73,固定 45 deg 双通道等权合成，作为无极化估计时的简单参考。
7.985500,45.000000,45.000000,dualpol_fixed_45deg_sum,E4-E1,100.000000,360.000000,178.111696,-181.888304,68.055556,-28.552179,90.773439,64.346893,176.417367,73,73,固定 45 deg 双通道等权合成，作为无极化估计时的简单参考。
7.985500,45.000000,90.000000,dualpol_fixed_45deg_sum,E4-E1,95.890411,334.459061,163.371187,163.371187,53.623188,-49.930030,41.046357,25.601394,126.297854,70,73,固定 45 deg 双通道等权合成，作为无极化估计时的简单参考。
7.985500,45.000000,135.000000,dualpol_fixed_45deg_sum,E4-E1,98.630137,696.801765,4.195744,364.195744,50.704225,-35.360669,110.952667,82.972881,179.687115,72,73,固定 45 deg 双通道等权合成，作为无极化估计时的简单参考。
7.985500,60.000000,0.000000,dualpol_fixed_45deg_sum,E1-E3,100.000000,227.811951,-4.693020,-4.693020,55.555556,-12.536309,0.000000,0.000000,0.000000,73,73,固定 45 deg 双通道等权合成，作为无极化估计时的简单参考。
7.985500,60.000000,45.000000,dualpol_fixed_45deg_sum,E1-E3,100.000000,572.832743,1.799561,-358.200439,50.000000,-28.215932,92.459943,58.406663,178.639056,73,73,固定 45 deg 双通道等权合成，作为无极化估计时的简单参考。
7.985500,60.000000,90.000000,dualpol_fixed_45deg_sum,E1-E3,98.630137,581.684578,168.942034,-191.057966,52.112676,-45.726344,146.340880,140.395834,178.718070,72,73,固定 45 deg 双通道等权合成，作为无极化估计时的简单参考。
7.985500,60.000000,135.000000,dualpol_fixed_45deg_sum,E1-E3,100.000000,371.527469,-172.481728,-172.481728,55.555556,-33.327145,106.186535,71.542300,179.934913,73,73,固定 45 deg 双通道等权合成，作为无极化估计时的简单参考。
7.985500,60.000000,0.000000,dualpol_fixed_45deg_sum,E2-E4,100.000000,421.534072,176.693195,176.693195,56.944444,-15.066532,0.000000,0.000000,0.000000,73,73,固定 45 deg 双通道等权合成，作为无极化估计时的简单参考。
7.985500,60.000000,45.000000,dualpol_fixed_45deg_sum,E2-E4,100.000000,360.000000,139.384238,499.384238,76.388889,-26.170430,82.281226,56.973447,179.712761,73,73,固定 45 deg 双通道等权合成，作为无极化估计时的简单参考。
7.985500,60.000000,90.000000,dualpol_fixed_45deg_sum,E2-E4,100.000000,376.935214,14.461246,14.461246,50.000000,-34.572598,157.552003,155.133213,178.746704,73,73,固定 45 deg 双通道等权合成，作为无极化估计时的简单参考。
7.985500,60.000000,135.000000,dualpol_fixed_45deg_sum,E2-E4,97.260274,541.946448,0.215454,0.215454,54.285714,-38.916569,112.320601,79.280865,179.364337,71,73,固定 45 deg 双通道等权合成，作为无极化估计时的简单参考。
7.985500,60.000000,0.000000,dualpol_fixed_45deg_sum,E1-E2,100.000000,85.770720,5.289644,5.289644,62.500000,-8.302903,0.000000,0.000000,0.000000,73,73,固定 45 deg 双通道等权合成，作为无极化估计时的简单参考。
7.985500,60.000000,45.000000,dualpol_fixed_45deg_sum,E1-E2,100.000000,94.119214,43.268976,43.268976,54.166667,-10.675185,17.922439,12.893477,37.979332,73,73,固定 45 deg 双通道等权合成，作为无极化估计时的简单参考。
7.985500,60.000000,90.000000,dualpol_fixed_45deg_sum,E1-E2,100.000000,517.983139,-27.733768,332.266232,54.166667,-32.239122,60.410892,46.000263,164.440149,73,73,固定 45 deg 双通道等权合成，作为无极化估计时的简单参考。
7.985500,60.000000,135.000000,dualpol_fixed_45deg_sum,E1-E2,100.000000,95.821407,-4.784293,-4.784293,75.000000,-26.932970,9.550938,8.373403,20.159936,73,73,固定 45 deg 双通道等权合成，作为无极化估计时的简单参考。
7.985500,60.000000,0.000000,dualpol_fixed_45deg_sum,E2-E3,100.000000,311.734513,-9.982664,-9.982664,58.333333,-11.694850,0.000000,0.000000,0.000000,73,73,固定 45 deg 双通道等权合成，作为无极化估计时的简单参考。
7.985500,60.000000,45.000000,dualpol_fixed_45deg_sum,E2-E3,100.000000,665.418531,-41.469415,-401.469415,51.388889,-28.215932,92.219315,64.435179,177.913815,73,73,固定 45 deg 双通道等权合成，作为无极化估计时的简单参考。
7.985500,60.000000,90.000000,dualpol_fixed_45deg_sum,E2-E3,97.260274,663.253336,-163.324198,-523.324198,57.142857,-45.726344,161.148249,159.376817,179.992649,71,73,固定 45 deg 双通道等权合成，作为无极化估计时的简单参考。
7.985500,60.000000,135.000000,dualpol_fixed_45deg_sum,E2-E3,98.630137,434.821822,-167.697436,-167.697436,61.971831,-35.744011,102.112299,70.043282,178.658227,72,73,固定 45 deg 双通道等权合成，作为无极化估计时的简单参考。
7.985500,60.000000,0.000000,dualpol_fixed_45deg_sum,E3-E4,100.000000,118.308008,-173.324141,-173.324141,51.388889,-10.562914,0.000000,0.000000,0.000000,73,73,固定 45 deg 双通道等权合成，作为无极化估计时的简单参考。
7.985500,60.000000,45.000000,dualpol_fixed_45deg_sum,E3-E4,100.000000,720.000000,-179.146347,540.853653,100.000000,-28.215932,49.460026,29.480684,168.322270,73,73,固定 45 deg 双通道等权合成，作为无极化估计时的简单参考。
7.985500,60.000000,90.000000,dualpol_fixed_45deg_sum,E3-E4,98.630137,378.425351,177.785444,537.785444,66.197183,-45.726344,25.989205,17.628958,104.827618,72,73,固定 45 deg 双通道等权合成，作为无极化估计时的简单参考。
7.985500,60.000000,135.000000,dualpol_fixed_45deg_sum,E3-E4,97.260274,255.496687,167.912890,167.912890,61.428571,-35.385799,30.929318,18.536305,145.674734,71,73,固定 45 deg 双通道等权合成，作为无极化估计时的简单参考。
7.985500,60.000000,0.000000,dualpol_fixed_45deg_sum,E4-E1,100.000000,338.129371,178.017161,178.017161,54.166667,-15.907992,0.000000,0.000000,0.000000,73,73,固定 45 deg 双通道等权合成，作为无极化估计时的简单参考。
7.985500,60.000000,45.000000,dualpol_fixed_45deg_sum,E4-E1,100.000000,360.000000,177.346786,-182.653214,76.388889,-26.170430,80.031720,48.103782,176.671842,73,73,固定 45 deg 双通道等权合成，作为无极化估计时的简单参考。
7.985500,60.000000,90.000000,dualpol_fixed_45deg_sum,E4-E1,100.000000,396.085020,13.272522,-346.727478,56.944444,-33.963004,142.868982,134.796690,179.918700,73,73,固定 45 deg 双通道等权合成，作为无极化估计时的简单参考。
7.985500,60.000000,135.000000,dualpol_fixed_45deg_sum,E4-E1,97.260274,477.174999,4.568839,4.568839,52.857143,-36.499704,110.165647,74.876394,178.981201,71,73,固定 45 deg 双通道等权合成，作为无极化估计时的简单参考。
7.985500,75.000000,0.000000,dualpol_fixed_45deg_sum,E1-E3,100.000000,124.757946,-2.027793,-2.027793,56.944444,-7.825870,0.000000,0.000000,0.000000,73,73,固定 45 deg 双通道等权合成，作为无极化估计时的简单参考。
7.985500,75.000000,45.000000,dualpol_fixed_45deg_sum,E1-E3,100.000000,488.221439,4.858487,-355.141513,58.333333,-34.378525,62.049719,34.739055,174.035188,73,73,固定 45 deg 双通道等权合成，作为无极化估计时的简单参考。
7.985500,75.000000,90.000000,dualpol_fixed_45deg_sum,E1-E3,97.260274,193.086750,178.083331,178.083331,51.428571,-42.599228,165.943255,164.544293,179.888876,71,73,固定 45 deg 双通道等权合成，作为无极化估计时的简单参考。
7.985500,75.000000,135.000000,dualpol_fixed_45deg_sum,E1-E3,100.000000,179.710828,-120.118987,-120.118987,56.944444,-30.612932,48.682154,30.519729,121.294902,73,73,固定 45 deg 双通道等权合成，作为无极化估计时的简单参考。
7.985500,75.000000,0.000000,dualpol_fixed_45deg_sum,E2-E4,100.000000,465.421046,171.271417,171.271417,55.555556,-8.506117,0.000000,0.000000,0.000000,73,73,固定 45 deg 双通道等权合成，作为无极化估计时的简单参考。
7.985500,75.000000,45.000000,dualpol_fixed_45deg_sum,E2-E4,94.520548,360.000000,65.991122,425.991122,52.941176,-45.069865,69.100725,52.465891,136.456940,69,73,固定 45 deg 双通道等权合成，作为无极化估计时的简单参考。
7.985500,75.000000,90.000000,dualpol_fixed_45deg_sum,E2-E4,100.000000,832.106190,8.540694,-351.459306,51.388889,-30.747048,162.765386,160.043238,179.758563,73,73,固定 45 deg 双通道等权合成，作为无极化估计时的简单参考。
7.985500,75.000000,135.000000,dualpol_fixed_45deg_sum,E2-E4,95.890411,318.161066,-12.678249,-12.678249,55.072464,-42.788477,119.305441,94.790208,179.687795,70,73,固定 45 deg 双通道等权合成，作为无极化估计时的简单参考。
7.985500,75.000000,0.000000,dualpol_fixed_45deg_sum,E1-E2,100.000000,169.288945,10.380195,10.380195,56.944444,-9.168695,0.000000,0.000000,0.000000,73,73,固定 45 deg 双通道等权合成，作为无极化估计时的简单参考。
7.985500,75.000000,45.000000,dualpol_fixed_45deg_sum,E1-E2,100.000000,281.884801,118.726650,118.726650,58.333333,-18.379917,65.944673,42.814796,146.811326,73,73,固定 45 deg 双通道等权合成，作为无极化估计时的简单参考。
7.985500,75.000000,90.000000,dualpol_fixed_45deg_sum,E1-E2,100.000000,563.410195,-14.133081,345.866919,50.000000,-30.332552,42.326649,31.050467,160.815336,73,73,固定 45 deg 双通道等权合成，作为无极化估计时的简单参考。
7.985500,75.000000,135.000000,dualpol_fixed_45deg_sum,E1-E2,98.630137,360.000000,-1.581052,-361.581052,77.464789,-37.524114,76.432873,44.321218,178.977831,72,73,固定 45 deg 双通道等权合成，作为无极化估计时的简单参考。
7.985500,75.000000,0.000000,dualpol_fixed_45deg_sum,E2-E3,100.000000,294.046891,-12.407988,-12.407988,56.944444,-7.356534,0.000000,0.000000,0.000000,73,73,固定 45 deg 双通道等权合成，作为无极化估计时的简单参考。
7.985500,75.000000,45.000000,dualpol_fixed_45deg_sum,E2-E3,100.000000,740.865239,-113.868163,-473.868163,55.555556,-34.378525,85.476283,65.607774,175.421404,73,73,固定 45 deg 双通道等权合成，作为无极化估计时的简单参考。
7.985500,75.000000,90.000000,dualpol_fixed_45deg_sum,E2-E3,97.260274,710.915804,-167.783588,-527.783588,55.714286,-43.440375,161.739309,160.112915,179.170457,71,73,固定 45 deg 双通道等权合成，作为无极化估计时的简单参考。
7.985500,75.000000,135.000000,dualpol_fixed_45deg_sum,E2-E3,98.630137,421.367905,-118.537935,241.462065,63.380282,-37.524114,85.860722,61.870129,177.902323,72,73,固定 45 deg 双通道等权合成，作为无极化估计时的简单参考。
7.985500,75.000000,0.000000,dualpol_fixed_45deg_sum,E3-E4,100.000000,184.486977,-176.320595,-176.320595,50.000000,-8.752496,0.000000,0.000000,0.000000,73,73,固定 45 deg 双通道等权合成，作为无极化估计时的简单参考。
7.985500,75.000000,45.000000,dualpol_fixed_45deg_sum,E3-E4,94.520548,360.000000,179.859285,539.859285,83.823529,-46.454351,55.687846,27.792691,172.697757,69,73,固定 45 deg 双通道等权合成，作为无极化估计时的简单参考。
7.985500,75.000000,90.000000,dualpol_fixed_45deg_sum,E3-E4,97.260274,306.772020,176.324283,176.324283,55.714286,-42.599228,19.033350,12.168874,107.889512,71,73,固定 45 deg 双通道等权合成，作为无极化估计时的简单参考。
7.985500,75.000000,135.000000,dualpol_fixed_45deg_sum,E3-E4,98.630137,532.156497,105.859686,-254.140314,71.830986,-39.374781,62.803818,38.864369,173.907212,72,73,固定 45 deg 双通道等权合成，作为无极化估计时的简单参考。
7.985500,75.000000,0.000000,dualpol_fixed_45deg_sum,E4-E1,100.000000,298.074304,178.348388,178.348388,54.166667,-10.564658,0.000000,0.000000,0.000000,73,73,固定 45 deg 双通道等权合成，作为无极化估计时的简单参考。
7.985500,75.000000,45.000000,dualpol_fixed_45deg_sum,E4-E1,94.520548,360.000000,175.282228,-184.717772,67.647059,-45.069865,26.134423,13.756976,107.551520,69,73,固定 45 deg 双通道等权合成，作为无极化估计时的简单参考。
7.985500,75.000000,90.000000,dualpol_fixed_45deg_sum,E4-E1,100.000000,529.954094,5.592387,5.592387,50.000000,-29.121517,154.832377,150.138862,179.802341,73,73,固定 45 deg 双通道等权合成，作为无极化估计时的简单参考。
7.985500,75.000000,135.000000,dualpol_fixed_45deg_sum,E4-E1,98.630137,429.375345,14.259301,14.259301,60.563380,-41.437747,90.610140,54.990302,177.441452,72,73,固定 45 deg 双通道等权合成，作为无极化估计时的简单参考。
7.985500,90.000000,0.000000,dualpol_fixed_45deg_sum,E1-E3,100.000000,10.945382,-0.139749,-0.139749,55.555556,-6.299985,0.000000,0.000000,0.000000,73,73,固定 45 deg 双通道等权合成，作为无极化估计时的简单参考。
7.985500,90.000000,45.000000,dualpol_fixed_45deg_sum,E1-E3,100.000000,52.690559,17.743459,17.743459,56.944444,-19.796942,16.543820,14.626252,32.126940,73,73,固定 45 deg 双通道等权合成，作为无极化估计时的简单参考。
7.985500,90.000000,90.000000,dualpol_fixed_45deg_sum,E1-E3,100.000000,26.347073,-178.096916,-178.096916,54.166667,-26.038230,175.224577,175.161538,179.928405,73,73,固定 45 deg 双通道等权合成，作为无极化估计时的简单参考。
7.985500,90.000000,135.000000,dualpol_fixed_45deg_sum,E1-E3,100.000000,60.599372,-11.329709,-11.329709,55.555556,-23.046418,16.849196,14.615832,38.518477,73,73,固定 45 deg 双通道等权合成，作为无极化估计时的简单参考。
7.985500,90.000000,0.000000,dualpol_fixed_45deg_sum,E2-E4,100.000000,490.647555,162.534014,162.534014,54.166667,-11.712816,0.000000,0.000000,0.000000,73,73,固定 45 deg 双通道等权合成，作为无极化估计时的简单参考。
7.985500,90.000000,45.000000,dualpol_fixed_45deg_sum,E2-E4,100.000000,574.973684,26.341471,26.341471,54.166667,-28.846082,90.023119,62.523944,161.077002,73,73,固定 45 deg 双通道等权合成，作为无极化估计时的简单参考。
7.985500,90.000000,90.000000,dualpol_fixed_45deg_sum,E2-E4,97.260274,675.832469,4.374218,4.374218,51.428571,-40.460711,160.209261,159.068433,179.434864,71,73,固定 45 deg 双通道等权合成，作为无极化估计时的简单参考。
7.985500,90.000000,135.000000,dualpol_fixed_45deg_sum,E2-E4,100.000000,397.273994,-177.055018,182.944982,65.277778,-32.859863,89.463950,59.505558,179.958416,73,73,固定 45 deg 双通道等权合成，作为无极化估计时的简单参考。
7.985500,90.000000,0.000000,dualpol_fixed_45deg_sum,E1-E2,100.000000,256.782840,19.354289,19.354289,52.777778,-12.390055,0.000000,0.000000,0.000000,73,73,固定 45 deg 双通道等权合成，作为无极化估计时的简单参考。
7.985500,90.000000,45.000000,dualpol_fixed_45deg_sum,E1-E2,100.000000,387.698873,170.287343,170.287343,58.333333,-26.671288,98.931327,68.098505,178.799099,73,73,固定 45 deg 双通道等权合成，作为无极化估计时的简单参考。
7.985500,90.000000,90.000000,dualpol_fixed_45deg_sum,E1-E2,98.630137,607.616698,-8.569962,351.430038,52.112676,-40.460711,36.977658,27.424032,132.966223,72,73,固定 45 deg 双通道等权合成，作为无极化估计时的简单参考。
7.985500,90.000000,135.000000,dualpol_fixed_45deg_sum,E1-E2,100.000000,360.000000,1.602552,-358.397448,75.000000,-32.859863,88.647325,57.639952,179.524408,73,73,固定 45 deg 双通道等权合成，作为无极化估计时的简单参考。
7.985500,90.000000,0.000000,dualpol_fixed_45deg_sum,E2-E3,100.000000,260.713644,-19.494038,-19.494038,54.166667,-13.324452,0.000000,0.000000,0.000000,73,73,固定 45 deg 双通道等权合成，作为无极化估计时的简单参考。
7.985500,90.000000,45.000000,dualpol_fixed_45deg_sum,E2-E3,100.000000,379.288848,-152.543883,-152.543883,54.166667,-30.021721,87.907408,62.069382,157.062823,73,73,固定 45 deg 双通道等权合成，作为无极化估计时的简单参考。
7.985500,90.000000,90.000000,dualpol_fixed_45deg_sum,E2-E3,98.630137,632.084874,-169.526954,-529.526954,52.112676,-40.460711,151.637418,149.576106,178.931833,72,73,固定 45 deg 双通道等权合成，作为无极化估计时的简单参考。
7.985500,90.000000,135.000000,dualpol_fixed_45deg_sum,E2-E3,100.000000,360.000000,-12.932261,347.067739,70.833333,-32.859863,87.759919,55.479707,178.985214,73,73,固定 45 deg 双通道等权合成，作为无极化估计时的简单参考。
7.985500,90.000000,0.000000,dualpol_fixed_45deg_sum,E3-E4,100.000000,245.233666,-177.971947,-177.971947,51.388889,-7.129604,0.000000,0.000000,0.000000,73,73,固定 45 deg 双通道等权合成，作为无极化估计时的简单参考。
7.985500,90.000000,45.000000,dualpol_fixed_45deg_sum,E3-E4,100.000000,242.394357,178.885354,178.885354,54.166667,-19.796942,10.530930,8.517243,24.277131,73,73,固定 45 deg 双通道等权合成，作为无极化估计时的简单参考。
7.985500,90.000000,90.000000,dualpol_fixed_45deg_sum,E3-E4,100.000000,517.360544,173.901172,173.901172,50.000000,-30.272458,48.426979,29.112216,170.928776,73,73,固定 45 deg 双通道等权合成，作为无极化估计时的简单参考。
7.985500,90.000000,135.000000,dualpol_fixed_45deg_sum,E3-E4,100.000000,258.491142,-164.122757,-164.122757,52.777778,-19.332312,11.243339,9.012784,28.260808,73,73,固定 45 deg 双通道等权合成，作为无极化估计时的简单参考。
7.985500,90.000000,0.000000,dualpol_fixed_45deg_sum,E4-E1,100.000000,245.045717,178.111696,178.111696,52.777778,-6.195207,0.000000,0.000000,0.000000,73,73,固定 45 deg 双通道等权合成，作为无极化估计时的简单参考。
7.985500,90.000000,45.000000,dualpol_fixed_45deg_sum,E4-E1,100.000000,244.751297,163.371187,163.371187,51.388889,-17.993291,10.571174,6.288882,28.269417,73,73,固定 45 deg 双通道等权合成，作为无极化估计时的简单参考。
7.985500,90.000000,90.000000,dualpol_fixed_45deg_sum,E4-E1,100.000000,519.103824,4.195744,4.195744,51.388889,-31.484397,157.338824,152.702623,179.766175,73,73,固定 45 deg 双通道等权合成，作为无极化估计时的简单参考。
7.985500,90.000000,135.000000,dualpol_fixed_45deg_sum,E4-E1,100.000000,253.075495,175.452466,175.452466,52.777778,-23.046418,12.052785,8.720326,34.559717,73,73,固定 45 deg 双通道等权合成，作为无极化估计时的简单参考。
7.985500,45.000000,0.000000,legacy_cp_minus90,E1-E3,95.890411,409.708963,-29.220005,-29.220005,57.971014,-38.941393,0.000000,0.000000,0.000000,70,73,沿用圆极化路线的 A + B*(-90 deg) 合成，仅作对照。
7.985500,45.000000,45.000000,legacy_cp_minus90,E1-E3,100.000000,516.796101,56.760717,56.760717,50.000000,-33.864974,80.986252,73.096063,126.554078,73,73,沿用圆极化路线的 A + B*(-90 deg) 合成，仅作对照。
7.985500,45.000000,90.000000,legacy_cp_minus90,E1-E3,100.000000,443.119719,132.625316,492.625316,62.500000,-33.432813,130.750953,120.912974,178.730263,73,73,沿用圆极化路线的 A + B*(-90 deg) 合成，仅作对照。
7.985500,45.000000,135.000000,legacy_cp_minus90,E1-E3,97.260274,360.000000,167.047132,527.047132,61.428571,-38.575565,136.537799,127.012090,179.639887,71,73,沿用圆极化路线的 A + B*(-90 deg) 合成，仅作对照。
7.985500,45.000000,0.000000,legacy_cp_minus90,E2-E4,100.000000,344.732076,77.356564,77.356564,59.722222,-20.679148,0.000000,0.000000,0.000000,73,73,沿用圆极化路线的 A + B*(-90 deg) 合成，仅作对照。
7.985500,45.000000,45.000000,legacy_cp_minus90,E2-E4,100.000000,479.022087,-91.707257,-91.707257,52.777778,-22.836225,113.143342,102.137931,176.556727,73,73,沿用圆极化路线的 A + B*(-90 deg) 合成，仅作对照。
7.985500,45.000000,90.000000,legacy_cp_minus90,E2-E4,100.000000,493.330877,-18.078310,341.921690,55.555556,-34.951393,115.284581,110.500931,179.681149,73,73,沿用圆极化路线的 A + B*(-90 deg) 合成，仅作对照。
7.985500,45.000000,135.000000,legacy_cp_minus90,E2-E4,98.630137,378.134435,0.887320,360.887320,64.788732,-36.706391,94.228778,85.404468,178.559412,72,73,沿用圆极化路线的 A + B*(-90 deg) 合成，仅作对照。
7.985500,45.000000,0.000000,legacy_cp_minus90,E1-E2,100.000000,45.212482,5.839676,5.839676,52.777778,-9.706511,0.000000,0.000000,0.000000,73,73,沿用圆极化路线的 A + B*(-90 deg) 合成，仅作对照。
7.985500,45.000000,45.000000,legacy_cp_minus90,E1-E2,100.000000,68.750506,-35.462396,-35.462396,54.166667,-22.836225,17.254201,12.338587,41.830620,73,73,沿用圆极化路线的 A + B*(-90 deg) 合成，仅作对照。
7.985500,45.000000,90.000000,legacy_cp_minus90,E1-E2,100.000000,169.583742,-27.130118,-27.130118,81.944444,-34.951393,33.344941,27.765942,111.268295,73,73,沿用圆极化路线的 A + B*(-90 deg) 合成，仅作对照。
7.985500,45.000000,135.000000,legacy_cp_minus90,E1-E2,98.630137,392.659712,-8.968305,-368.968305,52.112676,-36.706391,48.964839,31.271797,176.466430,72,73,沿用圆极化路线的 A + B*(-90 deg) 合成，仅作对照。
7.985500,45.000000,0.000000,legacy_cp_minus90,E2-E3,95.890411,399.092987,-35.059681,-35.059681,63.768116,-41.261822,0.000000,0.000000,0.000000,70,73,沿用圆极化路线的 A + B*(-90 deg) 合成，仅作对照。
7.985500,45.000000,45.000000,legacy_cp_minus90,E2-E3,98.630137,515.809422,92.223113,92.223113,53.521127,-36.199015,92.052667,81.437821,130.128328,72,73,沿用圆极化路线的 A + B*(-90 deg) 合成，仅作对照。
7.985500,45.000000,90.000000,legacy_cp_minus90,E2-E3,98.630137,484.087399,159.755434,519.755434,56.338028,-37.202000,139.423750,128.297340,178.303849,72,73,沿用圆极化路线的 A + B*(-90 deg) 合成，仅作对照。
7.985500,45.000000,135.000000,legacy_cp_minus90,E2-E3,95.890411,720.000000,176.015437,896.015437,72.463768,-42.495968,140.402142,131.651669,179.380426,70,73,沿用圆极化路线的 A + B*(-90 deg) 合成，仅作对照。
7.985500,45.000000,0.000000,legacy_cp_minus90,E3-E4,100.000000,140.280160,112.416245,112.416245,65.277778,-27.828834,0.000000,0.000000,0.000000,73,73,沿用圆极化路线的 A + B*(-90 deg) 合成，仅作对照。
7.985500,45.000000,45.000000,legacy_cp_minus90,E3-E4,100.000000,143.464299,176.069630,176.069630,62.500000,-33.403860,46.660755,40.171674,76.320173,73,73,沿用圆极化路线的 A + B*(-90 deg) 合成，仅作对照。
7.985500,45.000000,90.000000,legacy_cp_minus90,E3-E4,100.000000,283.401454,-177.833745,-177.833745,52.777778,-33.432813,63.708804,53.613712,171.830575,73,73,沿用圆极化路线的 A + B*(-90 deg) 合成，仅作对照。
7.985500,45.000000,135.000000,legacy_cp_minus90,E3-E4,100.000000,238.550178,-175.128117,-175.128117,70.833333,-32.585153,72.363295,58.642650,169.039906,73,73,沿用圆极化路线的 A + B*(-90 deg) 合成，仅作对照。
7.985500,45.000000,0.000000,legacy_cp_minus90,E4-E1,100.000000,349.869749,-83.196240,-83.196240,58.333333,-18.358719,0.000000,0.000000,0.000000,73,73,沿用圆极化路线的 A + B*(-90 deg) 合成，仅作对照。
7.985500,45.000000,45.000000,legacy_cp_minus90,E4-E1,100.000000,480.613757,127.169653,127.169653,51.388889,-18.261760,109.861631,99.426203,174.226852,73,73,沿用圆极化路线的 A + B*(-90 deg) 合成，仅作对照。
7.985500,45.000000,90.000000,legacy_cp_minus90,E4-E1,100.000000,452.349847,45.208429,-314.791571,61.111111,-28.499467,129.015815,123.466480,177.258138,73,73,沿用圆极化路线的 A + B*(-90 deg) 合成，仅作对照。
7.985500,45.000000,135.000000,legacy_cp_minus90,E4-E1,100.000000,484.718730,8.080985,8.080985,54.166667,-26.082431,80.752693,75.236499,121.114006,73,73,沿用圆极化路线的 A + B*(-90 deg) 合成，仅作对照。
7.985500,60.000000,0.000000,legacy_cp_minus90,E1-E3,100.000000,224.368140,1.204823,1.204823,55.555556,-21.502746,0.000000,0.000000,0.000000,73,73,沿用圆极化路线的 A + B*(-90 deg) 合成，仅作对照。
7.985500,60.000000,45.000000,legacy_cp_minus90,E1-E3,98.630137,666.765554,90.009047,-269.990953,54.929577,-36.345129,105.444666,94.298210,177.513196,72,73,沿用圆极化路线的 A + B*(-90 deg) 合成，仅作对照。
7.985500,60.000000,90.000000,legacy_cp_minus90,E1-E3,100.000000,414.462314,145.250340,505.250340,62.500000,-33.134548,142.801883,137.724171,178.979839,73,73,沿用圆极化路线的 A + B*(-90 deg) 合成，仅作对照。
7.985500,60.000000,135.000000,legacy_cp_minus90,E1-E3,98.630137,720.000000,-177.605721,542.394279,85.915493,-39.463467,130.919895,113.996302,178.831024,72,73,沿用圆极化路线的 A + B*(-90 deg) 合成，仅作对照。
7.985500,60.000000,0.000000,legacy_cp_minus90,E2-E4,100.000000,429.629063,145.187104,145.187104,59.722222,-19.654618,0.000000,0.000000,0.000000,73,73,沿用圆极化路线的 A + B*(-90 deg) 合成，仅作对照。
7.985500,60.000000,45.000000,legacy_cp_minus90,E2-E4,100.000000,575.435699,-41.787583,-41.787583,52.777778,-18.732330,124.282631,112.538571,179.243011,73,73,沿用圆极化路线的 A + B*(-90 deg) 合成，仅作对照。
7.985500,60.000000,90.000000,legacy_cp_minus90,E2-E4,100.000000,680.214328,-11.734844,-11.734844,52.777778,-27.669633,145.607128,140.900046,179.134329,73,73,沿用圆极化路线的 A + B*(-90 deg) 合成，仅作对照。
7.985500,60.000000,135.000000,legacy_cp_minus90,E2-E4,97.260274,367.512972,10.227284,10.227284,57.142857,-37.498176,119.433243,112.747980,176.112566,71,73,沿用圆极化路线的 A + B*(-90 deg) 合成，仅作对照。
7.985500,60.000000,0.000000,legacy_cp_minus90,E1-E2,100.000000,90.206818,11.343431,11.343431,65.277778,-10.739033,0.000000,0.000000,0.000000,73,73,沿用圆极化路线的 A + B*(-90 deg) 合成，仅作对照。
7.985500,60.000000,45.000000,legacy_cp_minus90,E1-E2,100.000000,94.759937,-49.265291,-49.265291,65.277778,-13.183891,28.537165,20.295241,65.923659,73,73,沿用圆极化路线的 A + B*(-90 deg) 合成，仅作对照。
7.985500,60.000000,90.000000,legacy_cp_minus90,E1-E2,100.000000,527.253530,-19.710587,340.289413,55.555556,-32.761984,35.224987,23.727636,164.415574,73,73,沿用圆极化路线的 A + B*(-90 deg) 合成，仅作对照。
7.985500,60.000000,135.000000,legacy_cp_minus90,E1-E2,100.000000,248.035462,-4.283572,-4.283572,59.722222,-31.789646,31.136006,22.609001,96.666744,73,73,沿用圆极化路线的 A + B*(-90 deg) 合成，仅作对照。
7.985500,60.000000,0.000000,legacy_cp_minus90,E2-E3,100.000000,308.813322,-10.138608,-10.138608,54.166667,-21.746480,0.000000,0.000000,0.000000,73,73,沿用圆极化路线的 A + B*(-90 deg) 合成，仅作对照。
7.985500,60.000000,45.000000,legacy_cp_minus90,E2-E3,98.630137,754.643077,139.274338,-220.725662,54.929577,-36.760956,125.681832,114.263183,177.767152,72,73,沿用圆极化路线的 A + B*(-90 deg) 合成，仅作对照。
7.985500,60.000000,90.000000,legacy_cp_minus90,E2-E3,97.260274,600.420414,164.960928,164.960928,54.285714,-37.198624,160.933467,156.916247,177.837170,71,73,沿用圆极化路线的 A + B*(-90 deg) 合成，仅作对照。
7.985500,60.000000,135.000000,legacy_cp_minus90,E2-E3,95.890411,720.000000,-173.322149,546.677851,69.565217,-43.102423,135.801006,125.161390,176.446166,70,73,沿用圆极化路线的 A + B*(-90 deg) 合成，仅作对照。
7.985500,60.000000,0.000000,legacy_cp_minus90,E3-E4,100.000000,143.693395,155.325712,155.325712,55.555556,-16.866425,0.000000,0.000000,0.000000,73,73,沿用圆极化路线的 A + B*(-90 deg) 合成，仅作对照。
7.985500,60.000000,45.000000,legacy_cp_minus90,E3-E4,98.630137,363.318243,178.938079,538.938079,78.873239,-36.345129,45.742327,32.300474,152.644048,72,73,沿用圆极化路线的 A + B*(-90 deg) 合成，仅作对照。
7.985500,60.000000,90.000000,legacy_cp_minus90,E3-E4,100.000000,317.094177,-176.695772,-176.695772,54.166667,-31.181696,49.468917,38.682197,154.238451,73,73,沿用圆极化路线的 A + B*(-90 deg) 合成，仅作对照。
7.985500,60.000000,135.000000,legacy_cp_minus90,E3-E4,100.000000,451.383414,-176.450567,-536.450567,68.055556,-34.122596,44.281588,32.782160,128.342472,73,73,沿用圆极化路线的 A + B*(-90 deg) 合成，仅作对照。
7.985500,60.000000,0.000000,legacy_cp_minus90,E4-E1,100.000000,342.933575,-156.530535,-156.530535,59.722222,-19.410885,0.000000,0.000000,0.000000,73,73,沿用圆极化路线的 A + B*(-90 deg) 合成，仅作对照。
7.985500,60.000000,45.000000,legacy_cp_minus90,E4-E1,100.000000,491.264059,91.052874,91.052874,52.777778,-17.642453,105.737937,96.069444,171.757810,73,73,沿用圆极化路线的 A + B*(-90 deg) 合成，仅作对照。
7.985500,60.000000,90.000000,legacy_cp_minus90,E4-E1,100.000000,461.069010,31.445432,-328.554568,59.722222,-28.697908,149.788289,147.312106,179.503183,73,73,沿用圆极化路线的 A + B*(-90 deg) 合成，仅作对照。
7.985500,60.000000,135.000000,legacy_cp_minus90,E4-E1,100.000000,360.000000,-5.943712,-365.943712,62.500000,-33.859219,113.628889,102.959086,179.150674,73,73,沿用圆极化路线的 A + B*(-90 deg) 合成，仅作对照。
7.985500,75.000000,0.000000,legacy_cp_minus90,E1-E3,100.000000,130.240754,25.817193,25.817193,62.500000,-11.839030,0.000000,0.000000,0.000000,73,73,沿用圆极化路线的 A + B*(-90 deg) 合成，仅作对照。
7.985500,75.000000,45.000000,legacy_cp_minus90,E1-E3,100.000000,564.492136,115.423326,-244.576674,56.944444,-23.687837,94.064548,83.179039,173.524451,73,73,沿用圆极化路线的 A + B*(-90 deg) 合成，仅作对照。
7.985500,75.000000,90.000000,legacy_cp_minus90,E1-E3,98.630137,284.744839,155.999019,155.999019,60.563380,-37.634905,144.673258,143.240619,179.974534,72,73,沿用圆极化路线的 A + B*(-90 deg) 合成，仅作对照。
7.985500,75.000000,135.000000,legacy_cp_minus90,E1-E3,100.000000,458.233420,-132.470007,227.529993,73.611111,-32.766213,115.043734,99.756219,179.637336,73,73,沿用圆极化路线的 A + B*(-90 deg) 合成，仅作对照。
7.985500,75.000000,0.000000,legacy_cp_minus90,E2-E4,100.000000,522.025038,-174.607807,-174.607807,59.722222,-22.747402,0.000000,0.000000,0.000000,73,73,沿用圆极化路线的 A + B*(-90 deg) 合成，仅作对照。
7.985500,75.000000,45.000000,legacy_cp_minus90,E2-E4,100.000000,605.096408,-26.473348,-26.473348,52.777778,-24.083336,120.293569,109.740534,179.038452,73,73,沿用圆极化路线的 A + B*(-90 deg) 合成，仅作对照。
7.985500,75.000000,90.000000,legacy_cp_minus90,E2-E4,98.630137,806.063490,-5.804016,-365.804016,50.704225,-35.466080,142.885954,140.034946,173.583570,72,73,沿用圆极化路线的 A + B*(-90 deg) 合成，仅作对照。
7.985500,75.000000,135.000000,legacy_cp_minus90,E2-E4,95.890411,441.946091,27.891987,27.891987,53.623188,-37.279969,123.336227,115.689381,179.040251,70,73,沿用圆极化路线的 A + B*(-90 deg) 合成，仅作对照。
7.985500,75.000000,0.000000,legacy_cp_minus90,E1-E2,100.000000,189.915985,10.940695,10.940695,66.666667,-26.853431,0.000000,0.000000,0.000000,73,73,沿用圆极化路线的 A + B*(-90 deg) 合成，仅作对照。
7.985500,75.000000,45.000000,legacy_cp_minus90,E1-E2,100.000000,196.040281,-37.317525,-37.317525,54.166667,-24.083336,36.381222,29.171200,100.603442,73,73,沿用圆极化路线的 A + B*(-90 deg) 合成，仅作对照。
7.985500,75.000000,90.000000,legacy_cp_minus90,E1-E2,98.630137,253.297870,-13.929559,-13.929559,50.704225,-35.466080,32.975170,24.206310,103.733925,72,73,沿用圆极化路线的 A + B*(-90 deg) 合成，仅作对照。
7.985500,75.000000,135.000000,legacy_cp_minus90,E1-E2,97.260274,251.804780,0.542916,0.542916,62.857143,-36.356958,31.325992,20.476536,107.232586,71,73,沿用圆极化路线的 A + B*(-90 deg) 合成，仅作对照。
7.985500,75.000000,0.000000,legacy_cp_minus90,E2-E3,100.000000,309.586750,14.876498,14.876498,56.944444,-25.853140,0.000000,0.000000,0.000000,73,73,沿用圆极化路线的 A + B*(-90 deg) 合成，仅作对照。
7.985500,75.000000,45.000000,legacy_cp_minus90,E2-E3,100.000000,735.862883,152.740851,-207.259149,54.166667,-24.567093,114.371914,103.912846,176.394981,73,73,沿用圆极化路线的 A + B*(-90 deg) 合成，仅作对照。
7.985500,75.000000,90.000000,legacy_cp_minus90,E2-E3,97.260274,276.305828,169.928577,169.928577,54.285714,-41.623872,143.730850,141.803326,179.547207,71,73,沿用圆极化路线的 A + B*(-90 deg) 合成，仅作对照。
7.985500,75.000000,135.000000,legacy_cp_minus90,E2-E3,98.630137,396.257767,-133.012923,226.987077,53.521127,-36.356958,110.033758,100.418810,163.971297,72,73,沿用圆极化路线的 A + B*(-90 deg) 合成，仅作对照。
7.985500,75.000000,0.000000,legacy_cp_minus90,E3-E4,100.000000,216.393862,170.515695,170.515695,62.500000,-12.451404,0.000000,0.000000,0.000000,73,73,沿用圆极化路线的 A + B*(-90 deg) 合成，仅作对照。
7.985500,75.000000,45.000000,legacy_cp_minus90,E3-E4,100.000000,360.370602,-179.214199,180.785801,73.611111,-23.687837,46.909975,28.018307,168.253383,73,73,沿用圆极化路线的 A + B*(-90 deg) 合成，仅作对照。
7.985500,75.000000,90.000000,legacy_cp_minus90,E3-E4,100.000000,616.557724,-175.732593,-535.732593,55.555556,-33.816017,41.517841,27.234338,150.173739,73,73,沿用圆极化路线的 A + B*(-90 deg) 合成，仅作对照。
7.985500,75.000000,135.000000,legacy_cp_minus90,E3-E4,100.000000,501.226700,160.904910,-199.095090,70.833333,-30.192839,40.393923,26.401592,159.203617,73,73,沿用圆极化路线的 A + B*(-90 deg) 合成，仅作对照。
7.985500,75.000000,0.000000,legacy_cp_minus90,E4-E1,100.000000,334.436486,163.667112,163.667112,61.111111,-13.451694,0.000000,0.000000,0.000000,73,73,沿用圆极化路线的 A + B*(-90 deg) 合成，仅作对照。
7.985500,75.000000,45.000000,legacy_cp_minus90,E4-E1,100.000000,454.315029,63.790873,63.790873,54.166667,-20.262338,92.990713,85.142562,135.271388,73,73,沿用圆极化路线的 A + B*(-90 deg) 合成，仅作对照。
7.985500,75.000000,90.000000,legacy_cp_minus90,E4-E1,100.000000,558.840101,19.733574,19.733574,52.777778,-27.189564,138.624169,135.216724,176.384787,73,73,沿用圆极化路线的 A + B*(-90 deg) 合成，仅作对照。
7.985500,75.000000,135.000000,legacy_cp_minus90,E4-E1,100.000000,264.691800,-28.434902,-28.434902,55.555556,-34.245716,126.399168,112.781237,178.553176,73,73,沿用圆极化路线的 A + B*(-90 deg) 合成，仅作对照。
7.985500,90.000000,0.000000,legacy_cp_minus90,E1-E3,100.000000,389.134217,56.760717,416.760717,50.000000,-29.693646,0.000000,0.000000,0.000000,73,73,沿用圆极化路线的 A + B*(-90 deg) 合成，仅作对照。
7.985500,90.000000,45.000000,legacy_cp_minus90,E1-E3,100.000000,472.059794,132.625316,-227.374684,66.666667,-27.777521,74.084339,64.994491,174.653133,73,73,沿用圆极化路线的 A + B*(-90 deg) 合成，仅作对照。
7.985500,90.000000,90.000000,legacy_cp_minus90,E1-E3,100.000000,90.270698,167.047132,167.047132,52.777778,-29.803791,123.144824,119.944354,178.400296,73,73,沿用圆极化路线的 A + B*(-90 deg) 合成，仅作对照。
7.985500,90.000000,135.000000,legacy_cp_minus90,E1-E3,100.000000,407.448248,-29.220005,330.779995,75.000000,-31.700165,90.573708,84.023300,158.653507,73,73,沿用圆极化路线的 A + B*(-90 deg) 合成，仅作对照。
7.985500,90.000000,0.000000,legacy_cp_minus90,E2-E4,100.000000,425.150666,-91.707257,-91.707257,52.777778,-20.058934,0.000000,0.000000,0.000000,73,73,沿用圆极化路线的 A + B*(-90 deg) 合成，仅作对照。
7.985500,90.000000,45.000000,legacy_cp_minus90,E2-E4,100.000000,759.955016,-18.078310,-378.078310,56.944444,-27.781527,96.766793,85.537717,179.908815,73,73,沿用圆极化路线的 A + B*(-90 deg) 合成，仅作对照。
7.985500,90.000000,90.000000,legacy_cp_minus90,E2-E4,97.260274,668.956455,0.887320,0.887320,50.000000,-45.175716,85.052632,79.179146,159.004847,71,73,沿用圆极化路线的 A + B*(-90 deg) 合成，仅作对照。
7.985500,90.000000,135.000000,legacy_cp_minus90,E2-E4,100.000000,597.370227,77.356564,77.356564,50.000000,-25.865649,111.478726,95.191264,179.096323,73,73,沿用圆极化路线的 A + B*(-90 deg) 合成，仅作对照。
7.985500,90.000000,0.000000,legacy_cp_minus90,E1-E2,100.000000,554.150786,-35.462396,324.537604,50.000000,-28.934865,0.000000,0.000000,0.000000,73,73,沿用圆极化路线的 A + B*(-90 deg) 合成，仅作对照。
7.985500,90.000000,45.000000,legacy_cp_minus90,E1-E2,100.000000,540.148872,-27.130118,332.869882,56.944444,-21.617798,40.542108,30.314283,90.613313,73,73,沿用圆极化路线的 A + B*(-90 deg) 合成，仅作对照。
7.985500,90.000000,90.000000,legacy_cp_minus90,E1-E2,98.630137,581.817796,-8.968305,351.031695,52.112676,-45.175716,51.096614,41.373065,146.538200,72,73,沿用圆极化路线的 A + B*(-90 deg) 合成，仅作对照。
7.985500,90.000000,135.000000,legacy_cp_minus90,E1-E2,100.000000,646.584376,5.839676,365.839676,52.777778,-33.535783,43.443332,37.127553,96.028248,73,73,沿用圆极化路线的 A + B*(-90 deg) 合成，仅作对照。
7.985500,90.000000,0.000000,legacy_cp_minus90,E2-E3,100.000000,185.760970,92.223113,92.223113,58.333333,-22.465422,0.000000,0.000000,0.000000,73,73,沿用圆极化路线的 A + B*(-90 deg) 合成，仅作对照。
7.985500,90.000000,45.000000,legacy_cp_minus90,E2-E3,100.000000,896.736150,159.755434,-560.244566,62.500000,-31.419960,90.234537,81.374854,177.285533,73,73,沿用圆极化路线的 A + B*(-90 deg) 合成，仅作对照。
7.985500,90.000000,90.000000,legacy_cp_minus90,E2-E3,98.630137,608.059388,176.015437,-183.984563,50.704225,-45.175716,90.340132,85.573598,178.870375,72,73,沿用圆极化路线的 A + B*(-90 deg) 合成，仅作对照。
7.985500,90.000000,135.000000,legacy_cp_minus90,E2-E3,100.000000,379.772887,-35.059681,-35.059681,50.000000,-19.793618,94.420618,84.105002,152.396051,73,73,沿用圆极化路线的 A + B*(-90 deg) 合成，仅作对照。
7.985500,90.000000,0.000000,legacy_cp_minus90,E3-E4,100.000000,278.130130,176.069630,176.069630,59.722222,-9.205571,0.000000,0.000000,0.000000,73,73,沿用圆极化路线的 A + B*(-90 deg) 合成，仅作对照。
7.985500,90.000000,45.000000,legacy_cp_minus90,E3-E4,100.000000,364.974142,-177.833745,182.166255,76.388889,-27.777521,44.052482,25.891029,162.962598,73,73,沿用圆极化路线的 A + B*(-90 deg) 合成，仅作对照。
7.985500,90.000000,90.000000,legacy_cp_minus90,E3-E4,100.000000,505.273145,-175.128117,-175.128117,51.388889,-28.153806,52.068035,30.495404,173.861423,73,73,沿用圆极化路线的 A + B*(-90 deg) 合成，仅作对照。
7.985500,90.000000,135.000000,legacy_cp_minus90,E3-E4,100.000000,277.207268,112.416245,112.416245,51.388889,-20.732444,31.517630,23.910811,63.653385,73,73,沿用圆极化路线的 A + B*(-90 deg) 合成，仅作对照。
7.985500,90.000000,0.000000,legacy_cp_minus90,E4-E1,100.000000,388.356464,127.169653,-232.830347,76.388889,-28.934865,0.000000,0.000000,0.000000,73,73,沿用圆极化路线的 A + B*(-90 deg) 合成，仅作对照。
7.985500,90.000000,45.000000,legacy_cp_minus90,E4-E1,100.000000,391.451997,45.208429,45.208429,54.166667,-23.861309,73.860139,64.313693,169.167731,73,73,沿用圆极化路线的 A + B*(-90 deg) 合成，仅作对照。
7.985500,90.000000,90.000000,legacy_cp_minus90,E4-E1,100.000000,515.079620,8.080985,8.080985,51.388889,-33.633709,113.029049,107.646917,178.727870,73,73,沿用圆极化路线的 A + B*(-90 deg) 合成，仅作对照。
7.985500,90.000000,135.000000,legacy_cp_minus90,E4-E1,100.000000,360.000000,-83.196240,-443.196240,61.111111,-31.700165,106.801168,95.237524,179.204554,73,73,沿用圆极化路线的 A + B*(-90 deg) 合成，仅作对照。
8.233000,45.000000,0.000000,x_only_a_port,E1-E3,98.630137,307.088476,-44.556008,-44.556008,52.112676,-35.098997,0.000000,0.000000,0.000000,72,73,仅使用 A 口，全局 X 极化通道。
8.233000,45.000000,45.000000,x_only_a_port,E1-E3,100.000000,677.261025,1.851478,-358.148522,55.555556,-21.668484,82.061032,64.413938,175.407090,73,73,仅使用 A 口，全局 X 极化通道。
8.233000,45.000000,90.000000,x_only_a_port,E1-E3,98.630137,641.599099,38.471598,-321.528402,59.154930,-36.767450,53.345351,38.609545,173.110493,72,73,仅使用 A 口，全局 X 极化通道。
8.233000,45.000000,135.000000,x_only_a_port,E1-E3,100.000000,641.532919,164.811231,-195.188769,56.944444,-29.586193,103.830152,87.437997,175.903163,73,73,仅使用 A 口，全局 X 极化通道。
8.233000,45.000000,0.000000,x_only_a_port,E2-E4,97.260274,563.477137,165.623466,-194.376534,55.714286,-40.371975,0.000000,0.000000,0.000000,71,73,仅使用 A 口，全局 X 极化通道。
8.233000,45.000000,45.000000,x_only_a_port,E2-E4,100.000000,360.000000,149.860243,509.860243,68.055556,-18.948140,99.839272,84.977379,173.236338,73,73,仅使用 A 口，全局 X 极化通道。
8.233000,45.000000,90.000000,x_only_a_port,E2-E4,100.000000,298.582974,-0.435545,-0.435545,50.000000,-33.461886,114.445617,95.152463,179.302961,73,73,仅使用 A 口，全局 X 极化通道。
8.233000,45.000000,135.000000,x_only_a_port,E2-E4,100.000000,400.943873,-25.280847,334.719153,59.722222,-31.614713,96.505180,78.784163,178.940555,73,73,仅使用 A 口，全局 X 极化通道。
8.233000,45.000000,0.000000,x_only_a_port,E1-E2,100.000000,92.616255,21.525543,21.525543,50.000000,-14.220474,0.000000,0.000000,0.000000,73,73,仅使用 A 口，全局 X 极化通道。
8.233000,45.000000,45.000000,x_only_a_port,E1-E2,100.000000,87.240681,33.941842,33.941842,56.944444,-15.779887,20.013616,13.333234,81.036154,73,73,仅使用 A 口，全局 X 极化通道。
8.233000,45.000000,90.000000,x_only_a_port,E1-E2,100.000000,502.256859,-142.147859,217.852141,66.666667,-32.373613,101.396231,84.285012,178.373234,73,73,仅使用 A 口，全局 X 极化通道。
8.233000,45.000000,135.000000,x_only_a_port,E1-E2,100.000000,117.918937,5.695639,5.695639,66.666667,-23.454935,19.830460,15.621274,60.153763,73,73,仅使用 A 口，全局 X 极化通道。
8.233000,45.000000,0.000000,x_only_a_port,E2-E3,97.260274,328.456528,-66.081551,-66.081551,57.142857,-36.329055,0.000000,0.000000,0.000000,71,73,仅使用 A 口，全局 X 极化通道。
8.233000,45.000000,45.000000,x_only_a_port,E2-E3,100.000000,644.104146,-32.090364,-392.090364,52.777778,-21.068554,83.949154,64.304324,176.389967,73,73,仅使用 A 口，全局 X 极化通道。
8.233000,45.000000,90.000000,x_only_a_port,E2-E3,100.000000,766.871750,-179.380543,-899.380543,70.833333,-34.181763,83.639732,69.349330,178.972136,73,73,仅使用 A 口，全局 X 极化通道。
8.233000,45.000000,135.000000,x_only_a_port,E2-E3,100.000000,600.105225,159.115592,-200.884408,54.166667,-31.429985,105.607766,89.106343,178.040065,73,73,仅使用 A 口，全局 X 极化通道。
8.233000,45.000000,0.000000,x_only_a_port,E3-E4,100.000000,498.109439,-128.294984,-488.294984,50.000000,-26.782762,0.000000,0.000000,0.000000,73,73,仅使用 A 口，全局 X 极化通道。
8.233000,45.000000,45.000000,x_only_a_port,E3-E4,100.000000,734.702063,-178.049393,541.950607,84.722222,-20.649529,104.078492,88.272069,177.509820,73,73,仅使用 A 口，全局 X 极化通道。
8.233000,45.000000,90.000000,x_only_a_port,E3-E4,100.000000,721.415473,178.944998,898.944998,91.666667,-21.499720,98.544152,83.838217,177.587640,73,73,仅使用 A 口，全局 X 极化通道。
8.233000,45.000000,135.000000,x_only_a_port,E3-E4,100.000000,724.670152,175.603561,895.603561,80.555556,-28.835765,90.702661,78.152082,178.376220,73,73,仅使用 A 口，全局 X 极化通道。
8.233000,45.000000,0.000000,x_only_a_port,E4-E1,97.260274,573.353338,172.850992,532.850992,64.285714,-39.141916,0.000000,0.000000,0.000000,71,73,仅使用 A 口，全局 X 极化通道。
8.233000,45.000000,45.000000,x_only_a_port,E4-E1,100.000000,360.000000,176.197915,-183.802085,66.666667,-19.548070,102.404068,86.985444,178.333481,73,73,仅使用 A 口，全局 X 极化通道。
8.233000,45.000000,90.000000,x_only_a_port,E4-E1,98.630137,420.836256,142.583404,-217.416596,61.971831,-36.047573,103.737630,87.493255,178.981387,72,73,仅使用 A 口，全局 X 极化通道。
8.233000,45.000000,135.000000,x_only_a_port,E4-E1,100.000000,360.000000,19.585208,-340.414792,59.722222,-29.770922,92.760121,77.099602,177.567074,73,73,仅使用 A 口，全局 X 极化通道。
8.233000,60.000000,0.000000,x_only_a_port,E1-E3,100.000000,251.868750,-9.265056,-9.265056,54.166667,-15.657329,0.000000,0.000000,0.000000,73,73,仅使用 A 口，全局 X 极化通道。
8.233000,60.000000,45.000000,x_only_a_port,E1-E3,100.000000,391.391626,7.391754,7.391754,56.944444,-30.229278,93.349324,64.314761,179.073350,73,73,仅使用 A 口，全局 X 极化通道。
8.233000,60.000000,90.000000,x_only_a_port,E1-E3,98.630137,189.003497,107.197553,107.197553,53.521127,-41.680465,101.307602,95.824005,175.256644,72,73,仅使用 A 口，全局 X 极化通道。
8.233000,60.000000,135.000000,x_only_a_port,E1-E3,100.000000,520.786570,172.802700,-187.197300,59.722222,-29.051508,108.962875,77.934730,179.600430,73,73,仅使用 A 口，全局 X 极化通道。
8.233000,60.000000,0.000000,x_only_a_port,E2-E4,100.000000,448.438903,154.401232,154.401232,59.722222,-23.608519,0.000000,0.000000,0.000000,73,73,仅使用 A 口，全局 X 极化通道。
8.233000,60.000000,45.000000,x_only_a_port,E2-E4,100.000000,360.000000,146.223493,506.223493,73.611111,-22.868563,81.642714,57.776036,177.169653,73,73,仅使用 A 口，全局 X 极化通道。
8.233000,60.000000,90.000000,x_only_a_port,E2-E4,100.000000,365.875760,-19.014049,-19.014049,51.388889,-24.756704,126.736577,114.833291,179.571931,73,73,仅使用 A 口，全局 X 极化通道。
8.233000,60.000000,135.000000,x_only_a_port,E2-E4,100.000000,442.797672,-27.204449,332.795551,58.333333,-29.641058,115.635036,90.893134,178.394319,73,73,仅使用 A 口，全局 X 极化通道。
8.233000,60.000000,0.000000,x_only_a_port,E1-E2,100.000000,135.317836,25.109304,25.109304,56.944444,-12.123628,0.000000,0.000000,0.000000,73,73,仅使用 A 口，全局 X 极化通道。
8.233000,60.000000,45.000000,x_only_a_port,E1-E2,100.000000,124.036661,41.886598,41.886598,65.277778,-13.173482,22.184503,17.379169,74.186294,73,73,仅使用 A 口，全局 X 极化通道。
8.233000,60.000000,90.000000,x_only_a_port,E1-E2,98.630137,494.813227,-55.703845,304.296155,77.464789,-36.326756,85.848333,74.806653,177.893197,72,73,仅使用 A 口，全局 X 极化通道。
8.233000,60.000000,135.000000,x_only_a_port,E1-E2,100.000000,158.696859,12.922790,12.922790,55.555556,-28.997514,27.308207,20.695752,73.416735,73,73,仅使用 A 口，全局 X 极化通道。
8.233000,60.000000,0.000000,x_only_a_port,E2-E3,100.000000,373.572148,-34.374360,-34.374360,61.111111,-16.191342,0.000000,0.000000,0.000000,73,73,仅使用 A 口，全局 X 极化通道。
8.233000,60.000000,45.000000,x_only_a_port,E2-E3,100.000000,492.881152,-34.494843,-34.494843,59.722222,-30.229278,81.755388,51.521569,171.024718,73,73,仅使用 A 口，全局 X 极化通道。
8.233000,60.000000,90.000000,x_only_a_port,E2-E3,100.000000,838.952488,162.901398,-557.098602,75.000000,-32.168948,114.516989,102.195702,176.522082,73,73,仅使用 A 口，全局 X 极化通道。
8.233000,60.000000,135.000000,x_only_a_port,E2-E3,100.000000,546.233449,159.879910,-200.120090,59.722222,-31.533037,107.020569,81.268959,177.551774,73,73,仅使用 A 口，全局 X 极化通道。
8.233000,60.000000,0.000000,x_only_a_port,E3-E4,100.000000,96.378936,-171.224409,-171.224409,51.388889,-14.757060,0.000000,0.000000,0.000000,73,73,仅使用 A 口，全局 X 极化通道。
8.233000,60.000000,45.000000,x_only_a_port,E3-E4,100.000000,416.084590,-179.281663,180.718337,93.055556,-30.229278,45.614670,32.286331,167.876030,73,73,仅使用 A 口，全局 X 极化通道。
8.233000,60.000000,90.000000,x_only_a_port,E3-E4,100.000000,720.000000,178.084554,898.084554,84.722222,-32.168948,41.215126,29.915059,140.740139,73,73,仅使用 A 口，全局 X 极化通道。
8.233000,60.000000,135.000000,x_only_a_port,E3-E4,100.000000,720.000000,172.915640,892.915640,77.777778,-28.828090,46.180017,33.393546,166.390628,73,73,仅使用 A 口，全局 X 极化通道。
8.233000,60.000000,0.000000,x_only_a_port,E4-E1,100.000000,327.289957,-179.510535,-179.510535,54.166667,-23.074506,0.000000,0.000000,0.000000,73,73,仅使用 A 口，全局 X 极化通道。
8.233000,60.000000,45.000000,x_only_a_port,E4-E1,100.000000,360.000000,171.889909,-188.110091,73.611111,-22.868563,85.410292,59.938058,178.662886,73,73,仅使用 A 口，全局 X 极化通道。
8.233000,60.000000,90.000000,x_only_a_port,E4-E1,98.630137,360.000000,74.717894,-285.282106,76.056338,-40.979508,110.823299,105.383971,178.761432,72,73,仅使用 A 口，全局 X 极化通道。
8.233000,60.000000,135.000000,x_only_a_port,E4-E1,100.000000,360.000000,14.281659,-345.718341,58.333333,-27.159529,111.845810,86.651691,179.893539,73,73,仅使用 A 口，全局 X 极化通道。
8.233000,75.000000,0.000000,x_only_a_port,E1-E3,100.000000,132.716003,-2.924801,-2.924801,56.944444,-11.231415,0.000000,0.000000,0.000000,73,73,仅使用 A 口，全局 X 极化通道。
8.233000,75.000000,45.000000,x_only_a_port,E1-E3,100.000000,221.189428,16.323896,16.323896,69.444444,-26.229667,73.960355,54.431001,144.993329,73,73,仅使用 A 口，全局 X 极化通道。
8.233000,75.000000,90.000000,x_only_a_port,E1-E3,100.000000,203.563914,150.876341,150.876341,55.555556,-23.817816,145.323176,143.990710,179.050921,73,73,仅使用 A 口，全局 X 极化通道。
8.233000,75.000000,135.000000,x_only_a_port,E1-E3,100.000000,373.618841,-177.323444,-537.323444,70.833333,-34.109868,86.309487,58.412449,179.625649,73,73,仅使用 A 口，全局 X 极化通道。
8.233000,75.000000,0.000000,x_only_a_port,E2-E4,100.000000,476.002595,152.047329,152.047329,59.722222,-12.695586,0.000000,0.000000,0.000000,73,73,仅使用 A 口，全局 X 极化通道。
8.233000,75.000000,45.000000,x_only_a_port,E2-E4,100.000000,360.000000,132.866092,492.866092,73.611111,-28.281227,67.139759,40.097012,177.333442,73,73,仅使用 A 口，全局 X 极化通道。
8.233000,75.000000,90.000000,x_only_a_port,E2-E4,100.000000,467.667417,-23.087981,-23.087981,51.388889,-27.039093,133.550746,122.299296,179.117677,73,73,仅使用 A 口，全局 X 极化通道。
8.233000,75.000000,135.000000,x_only_a_port,E2-E4,98.630137,534.944894,-30.697456,-30.697456,54.929577,-46.945656,99.815480,75.247325,179.235624,72,73,仅使用 A 口，全局 X 极化通道。
8.233000,75.000000,0.000000,x_only_a_port,E1-E2,100.000000,211.017965,28.991001,28.991001,63.888889,-12.401563,0.000000,0.000000,0.000000,73,73,仅使用 A 口，全局 X 极化通道。
8.233000,75.000000,45.000000,x_only_a_port,E1-E2,100.000000,211.341059,63.239176,63.239176,55.555556,-15.397827,26.473955,22.729820,65.533086,73,73,仅使用 A 口，全局 X 极化通道。
8.233000,75.000000,90.000000,x_only_a_port,E1-E2,100.000000,426.455860,-8.975823,351.024177,50.000000,-21.834372,72.052998,62.768495,159.956883,73,73,仅使用 A 口，全局 X 极化通道。
8.233000,75.000000,135.000000,x_only_a_port,E1-E2,100.000000,225.296830,17.696994,17.696994,58.333333,-16.485578,26.839705,21.346827,58.285707,73,73,仅使用 A 口，全局 X 极化通道。
8.233000,75.000000,0.000000,x_only_a_port,E2-E3,100.000000,338.922336,-31.915801,-31.915801,61.111111,-12.401563,0.000000,0.000000,0.000000,73,73,仅使用 A 口，全局 X 极化通道。
8.233000,75.000000,45.000000,x_only_a_port,E2-E3,100.000000,410.934516,-46.915280,-46.915280,68.055556,-26.229667,63.323179,40.526173,140.684408,73,73,仅使用 A 口，全局 X 极化通道。
8.233000,75.000000,90.000000,x_only_a_port,E2-E3,100.000000,563.277892,159.852164,-200.147836,59.722222,-23.476578,125.453423,115.385559,177.602989,73,73,仅使用 A 口，全局 X 极化通道。
8.233000,75.000000,135.000000,x_only_a_port,E2-E3,98.630137,440.036834,164.979561,-195.020439,63.380282,-35.363058,83.895542,57.602212,176.852224,72,73,仅使用 A 口，全局 X 极化通道。
8.233000,75.000000,0.000000,x_only_a_port,E3-E4,100.000000,158.064785,-176.036869,-176.036869,51.388889,-8.256935,0.000000,0.000000,0.000000,73,73,仅使用 A 口，全局 X 极化通道。
8.233000,75.000000,45.000000,x_only_a_port,E3-E4,100.000000,444.114818,179.781372,539.781372,77.777778,-28.865161,48.970479,30.456747,173.847744,73,73,仅使用 A 口，全局 X 极化通道。
8.233000,75.000000,90.000000,x_only_a_port,E3-E4,100.000000,405.389141,177.059855,537.059855,56.944444,-27.838554,33.294560,20.977573,119.658129,73,73,仅使用 A 口，全局 X 极化通道。
8.233000,75.000000,135.000000,x_only_a_port,E3-E4,98.630137,415.376580,164.322983,524.322983,52.112676,-44.426536,58.543672,33.775803,162.154988,72,73,仅使用 A 口，全局 X 极化通道。
8.233000,75.000000,0.000000,x_only_a_port,E4-E1,100.000000,281.356395,178.961670,178.961670,50.000000,-12.671957,0.000000,0.000000,0.000000,73,73,仅使用 A 口，全局 X 极化通道。
8.233000,75.000000,45.000000,x_only_a_port,E4-E1,100.000000,360.000000,163.894732,-196.105268,73.611111,-28.039043,62.769820,38.358362,178.742135,73,73,仅使用 A 口，全局 X 极化通道。
8.233000,75.000000,90.000000,x_only_a_port,E4-E1,100.000000,448.217076,32.063804,-327.936196,58.333333,-27.039093,136.726344,133.089350,179.958817,73,73,仅使用 A 口，全局 X 极化通道。
8.233000,75.000000,135.000000,x_only_a_port,E4-E1,98.630137,417.224754,13.000462,13.000462,53.521127,-45.692466,93.169377,63.548648,178.916311,72,73,仅使用 A 口，全局 X 极化通道。
8.233000,90.000000,0.000000,x_only_a_port,E1-E3,100.000000,20.329283,1.851478,1.851478,61.111111,-8.063870,0.000000,0.000000,0.000000,73,73,仅使用 A 口，全局 X 极化通道。
8.233000,90.000000,45.000000,x_only_a_port,E1-E3,100.000000,64.248849,38.471598,38.471598,52.777778,-22.285128,29.037262,26.444885,58.289903,73,73,仅使用 A 口，全局 X 极化通道。
8.233000,90.000000,90.000000,x_only_a_port,E1-E3,100.000000,48.566737,164.811231,164.811231,77.777778,-29.984863,159.488891,159.069678,179.697524,73,73,仅使用 A 口，全局 X 极化通道。
8.233000,90.000000,135.000000,x_only_a_port,E1-E3,100.000000,113.496310,-44.556008,-44.556008,63.888889,-27.343234,27.069728,23.654835,49.448990,73,73,仅使用 A 口，全局 X 极化通道。
8.233000,90.000000,0.000000,x_only_a_port,E2-E4,100.000000,484.020966,149.860243,149.860243,58.333333,-12.100959,0.000000,0.000000,0.000000,73,73,仅使用 A 口，全局 X 极化通道。
8.233000,90.000000,45.000000,x_only_a_port,E2-E4,98.630137,656.621799,-0.435545,-360.435545,50.704225,-37.632106,80.540524,56.357306,177.209582,72,73,仅使用 A 口，全局 X 极化通道。
8.233000,90.000000,90.000000,x_only_a_port,E2-E4,100.000000,860.316988,-25.280847,-385.280847,54.166667,-24.926140,143.152982,137.509714,179.076700,73,73,仅使用 A 口，全局 X 极化通道。
8.233000,90.000000,135.000000,x_only_a_port,E2-E4,97.260274,495.059173,165.623466,165.623466,58.571429,-40.872544,37.834138,27.708095,126.627604,71,73,仅使用 A 口，全局 X 极化通道。
8.233000,90.000000,0.000000,x_only_a_port,E1-E2,100.000000,278.312439,33.941842,33.941842,62.500000,-12.195000,0.000000,0.000000,0.000000,73,73,仅使用 A 口，全局 X 极化通道。
8.233000,90.000000,45.000000,x_only_a_port,E1-E2,98.630137,485.324692,-142.147859,217.852141,53.521127,-37.632106,79.454355,53.165678,179.836161,72,73,仅使用 A 口，全局 X 极化通道。
8.233000,90.000000,90.000000,x_only_a_port,E1-E2,100.000000,560.761564,5.695639,365.695639,52.777778,-31.859139,55.274792,44.182374,163.696339,73,73,仅使用 A 口，全局 X 极化通道。
8.233000,90.000000,135.000000,x_only_a_port,E1-E2,100.000000,304.092868,21.525543,21.525543,61.111111,-22.713888,23.455479,18.575146,51.641228,73,73,仅使用 A 口，全局 X 极化通道。
8.233000,90.000000,0.000000,x_only_a_port,E2-E3,100.000000,272.428468,-32.090364,-32.090364,61.111111,-12.100959,0.000000,0.000000,0.000000,73,73,仅使用 A 口，全局 X 极化通道。
8.233000,90.000000,45.000000,x_only_a_port,E2-E3,98.630137,508.514968,-179.380543,-539.380543,50.704225,-37.632106,79.907605,53.212277,173.394998,72,73,仅使用 A 口，全局 X 极化通道。
8.233000,90.000000,90.000000,x_only_a_port,E2-E3,100.000000,547.538467,159.115592,-200.884408,55.555556,-23.632844,142.167097,134.886322,179.226564,73,73,仅使用 A 口，全局 X 极化通道。
8.233000,90.000000,135.000000,x_only_a_port,E2-E3,100.000000,286.218242,-66.081551,-66.081551,51.388889,-27.339797,21.795874,18.270459,42.645838,73,73,仅使用 A 口，全局 X 极化通道。
8.233000,90.000000,0.000000,x_only_a_port,E3-E4,100.000000,221.856112,-178.049393,-178.049393,52.777778,-5.988083,0.000000,0.000000,0.000000,73,73,仅使用 A 口，全局 X 极化通道。
8.233000,90.000000,45.000000,x_only_a_port,E3-E4,100.000000,248.357492,178.944998,178.944998,58.333333,-22.285128,28.309284,20.775976,77.145896,73,73,仅使用 A 口，全局 X 极化通道。
8.233000,90.000000,90.000000,x_only_a_port,E3-E4,100.000000,503.743988,175.603561,175.603561,51.388889,-23.051864,55.233702,37.362939,176.033989,73,73,仅使用 A 口，全局 X 极化通道。
8.233000,90.000000,135.000000,x_only_a_port,E3-E4,97.260274,272.473442,-128.294984,-128.294984,65.714286,-38.653980,38.741612,27.911605,121.685003,71,73,仅使用 A 口，全局 X 极化通道。
8.233000,90.000000,0.000000,x_only_a_port,E4-E1,100.000000,225.906280,176.197915,176.197915,51.388889,-8.063870,0.000000,0.000000,0.000000,73,73,仅使用 A 口，全局 X 极化通道。
8.233000,90.000000,45.000000,x_only_a_port,E4-E1,100.000000,239.379117,142.583404,142.583404,51.388889,-21.191871,17.311426,13.785470,36.558734,73,73,仅使用 A 口，全局 X 极化通道。
8.233000,90.000000,90.000000,x_only_a_port,E4-E1,100.000000,501.388198,19.585208,19.585208,52.777778,-29.266067,140.715643,135.316298,179.269920,73,73,仅使用 A 口，全局 X 极化通道。
8.233000,90.000000,135.000000,x_only_a_port,E4-E1,97.260274,279.624561,172.850992,172.850992,65.714286,-40.875981,32.080663,18.659436,116.966104,71,73,仅使用 A 口，全局 X 极化通道。
8.233000,45.000000,0.000000,y_only_b_port,E1-E3,100.000000,303.316292,-9.332417,-9.332417,56.944444,-23.740151,0.000000,0.000000,0.000000,73,73,仅使用 B 口，全局 Y 极化通道。
8.233000,45.000000,45.000000,y_only_b_port,E1-E3,98.630137,461.454430,6.267623,6.267623,56.338028,-35.029906,91.085282,63.345729,153.230290,72,73,仅使用 B 口，全局 Y 极化通道。
8.233000,45.000000,90.000000,y_only_b_port,E1-E3,100.000000,396.372150,173.963309,533.963309,58.333333,-30.792271,115.439246,107.697356,176.704274,73,73,仅使用 B 口，全局 Y 极化通道。
8.233000,45.000000,135.000000,y_only_b_port,E1-E3,100.000000,360.000000,-163.994196,196.005804,61.111111,-26.422534,108.180736,81.247377,179.712603,73,73,仅使用 B 口，全局 Y 极化通道。
8.233000,45.000000,0.000000,y_only_b_port,E2-E4,97.260274,569.851763,-179.985372,-539.985372,58.571429,-37.963299,0.000000,0.000000,0.000000,71,73,仅使用 B 口，全局 Y 极化通道。
8.233000,45.000000,45.000000,y_only_b_port,E2-E4,98.630137,662.698399,142.101509,-217.898491,50.704225,-36.601030,111.414886,91.377614,179.602365,72,73,仅使用 B 口，全局 Y 极化通道。
8.233000,45.000000,90.000000,y_only_b_port,E2-E4,100.000000,662.509658,28.571468,-331.428532,61.111111,-28.680295,125.791123,118.818296,179.029618,73,73,仅使用 B 口，全局 Y 极化通道。
8.233000,45.000000,135.000000,y_only_b_port,E2-E4,100.000000,614.350702,2.819958,-357.180042,55.555556,-29.012845,98.409912,78.115361,177.194670,73,73,仅使用 B 口，全局 Y 极化通道。
8.233000,45.000000,0.000000,y_only_b_port,E1-E2,100.000000,78.419474,13.146193,13.146193,52.777778,-12.971952,0.000000,0.000000,0.000000,73,73,仅使用 B 口，全局 Y 极化通道。
8.233000,45.000000,45.000000,y_only_b_port,E1-E2,100.000000,85.808632,45.213274,45.213274,62.500000,-14.174578,19.526549,17.988633,32.359099,73,73,仅使用 B 口，全局 Y 极化通道。
8.233000,45.000000,90.000000,y_only_b_port,E1-E2,100.000000,385.876963,-39.144265,-39.144265,55.555556,-23.963230,79.563121,68.344291,171.399776,73,73,仅使用 B 口，全局 Y 极化通道。
8.233000,45.000000,135.000000,y_only_b_port,E1-E2,100.000000,69.068622,-1.148106,-1.148106,56.944444,-16.611151,18.341395,16.048938,34.031070,73,73,仅使用 B 口，全局 Y 极化通道。
8.233000,45.000000,0.000000,y_only_b_port,E2-E3,100.000000,326.717413,-22.478611,-22.478611,61.111111,-26.235154,0.000000,0.000000,0.000000,73,73,仅使用 B 口，全局 Y 极化通道。
8.233000,45.000000,45.000000,y_only_b_port,E2-E3,98.630137,461.806990,-38.945651,-38.945651,57.746479,-35.948264,101.417342,75.798456,172.240523,72,73,仅使用 B 口，全局 Y 极化通道。
8.233000,45.000000,90.000000,y_only_b_port,E2-E3,100.000000,450.167134,-146.892426,213.107574,58.333333,-30.792271,116.771069,110.618468,177.939483,73,73,仅使用 B 口，全局 Y 极化通道。
8.233000,45.000000,135.000000,y_only_b_port,E2-E3,100.000000,379.712376,-162.846089,197.153911,62.500000,-31.178073,104.044966,82.660643,177.967802,73,73,仅使用 B 口，全局 Y 极化通道。
8.233000,45.000000,0.000000,y_only_b_port,E3-E4,100.000000,437.599660,-157.506762,-517.506762,66.666667,-25.105854,0.000000,0.000000,0.000000,73,73,仅使用 B 口，全局 Y 极化通道。
8.233000,45.000000,45.000000,y_only_b_port,E3-E4,97.260274,163.675791,-178.952839,-178.952839,55.714286,-35.682672,57.682854,44.832480,178.707564,71,73,仅使用 B 口，全局 Y 极化通道。
8.233000,45.000000,90.000000,y_only_b_port,E3-E4,100.000000,722.715458,175.463894,-544.536106,87.500000,-30.792271,62.003186,45.008274,179.967626,73,73,仅使用 B 口，全局 Y 极化通道。
8.233000,45.000000,135.000000,y_only_b_port,E3-E4,100.000000,734.234564,165.666047,-554.333953,83.333333,-25.615721,66.401851,46.524265,177.110746,73,73,仅使用 B 口，全局 Y 极化通道。
8.233000,45.000000,0.000000,y_only_b_port,E4-E1,97.260274,583.680562,166.839179,526.839179,65.714286,-35.468296,0.000000,0.000000,0.000000,71,73,仅使用 B 口，全局 Y 极化通道。
8.233000,45.000000,45.000000,y_only_b_port,E4-E1,100.000000,691.156723,172.685217,532.685217,52.777778,-33.894083,108.816785,88.179301,177.985394,73,73,仅使用 B 口，全局 Y 极化通道。
8.233000,45.000000,90.000000,y_only_b_port,E4-E1,100.000000,773.594690,10.572797,370.572797,56.944444,-28.680295,122.376737,115.488698,179.071208,73,73,仅使用 B 口，全局 Y 极化通道。
8.233000,45.000000,135.000000,y_only_b_port,E4-E1,100.000000,648.277573,-1.671851,358.328149,58.333333,-24.257306,99.068459,77.645591,179.064700,73,73,仅使用 B 口，全局 Y 极化通道。
8.233000,60.000000,0.000000,y_only_b_port,E1-E3,100.000000,234.971741,-0.519088,-0.519088,56.944444,-11.299289,0.000000,0.000000,0.000000,73,73,仅使用 B 口，全局 Y 极化通道。
8.233000,60.000000,45.000000,y_only_b_port,E1-E3,100.000000,352.598135,9.236246,9.236246,58.333333,-30.258003,88.360350,59.860195,160.937782,73,73,仅使用 B 口，全局 Y 极化通道。
8.233000,60.000000,90.000000,y_only_b_port,E1-E3,100.000000,373.089022,-173.190697,186.809303,59.722222,-34.514774,147.658261,143.066965,179.911658,73,73,仅使用 B 口，全局 Y 极化通道。
8.233000,60.000000,135.000000,y_only_b_port,E1-E3,100.000000,360.000000,-151.575501,208.424499,62.500000,-31.951923,94.902195,68.272335,179.893742,73,73,仅使用 B 口，全局 Y 极化通道。
8.233000,60.000000,0.000000,y_only_b_port,E2-E4,100.000000,487.921206,168.848332,168.848332,59.722222,-21.177289,0.000000,0.000000,0.000000,73,73,仅使用 B 口，全局 Y 极化通道。
8.233000,60.000000,45.000000,y_only_b_port,E2-E4,98.630137,554.443338,105.059194,105.059194,59.154930,-45.598961,92.319660,73.967603,178.019352,72,73,仅使用 B 口，全局 Y 极化通道。
8.233000,60.000000,90.000000,y_only_b_port,E2-E4,100.000000,533.183902,16.211248,16.211248,51.388889,-26.081447,140.547925,136.660158,179.017082,73,73,仅使用 B 口，全局 Y 极化通道。
8.233000,60.000000,135.000000,y_only_b_port,E2-E4,100.000000,660.705379,-3.057840,-363.057840,59.722222,-30.014648,110.163920,91.284806,177.017166,73,73,仅使用 B 口，全局 Y 极化通道。
8.233000,60.000000,0.000000,y_only_b_port,E1-E2,100.000000,118.890922,19.282405,19.282405,63.888889,-12.587005,0.000000,0.000000,0.000000,73,73,仅使用 B 口，全局 Y 极化通道。
8.233000,60.000000,45.000000,y_only_b_port,E1-E2,100.000000,136.730750,83.185728,83.185728,59.722222,-14.028602,27.237078,19.285758,68.796832,73,73,仅使用 B 口，全局 Y 极化通道。
8.233000,60.000000,90.000000,y_only_b_port,E1-E2,98.630137,220.233320,-15.994684,-15.994684,70.422535,-35.177707,43.008875,34.782780,128.609735,72,73,仅使用 B 口，全局 Y 极化通道。
8.233000,60.000000,135.000000,y_only_b_port,E1-E2,100.000000,168.696550,3.676272,3.676272,59.722222,-23.674796,29.755834,20.597771,69.008512,73,73,仅使用 B 口，全局 Y 极化通道。
8.233000,60.000000,0.000000,y_only_b_port,E2-E3,100.000000,346.826435,-19.801493,-19.801493,61.111111,-13.135384,0.000000,0.000000,0.000000,73,73,仅使用 B 口，全局 Y 极化通道。
8.233000,60.000000,45.000000,y_only_b_port,E2-E3,100.000000,456.460496,-73.949482,-73.949482,63.888889,-31.180027,97.401769,73.152160,179.364647,73,73,仅使用 B 口，全局 Y 极化通道。
8.233000,60.000000,90.000000,y_only_b_port,E2-E3,100.000000,432.945815,-157.196013,202.803987,55.555556,-25.292222,130.353762,123.199619,177.746021,73,73,仅使用 B 口，全局 Y 极化通道。
8.233000,60.000000,135.000000,y_only_b_port,E2-E3,98.630137,418.929688,-155.251773,204.748227,61.971831,-35.775464,93.940415,75.918615,177.485415,72,73,仅使用 B 口，全局 Y 极化通道。
8.233000,60.000000,0.000000,y_only_b_port,E3-E4,100.000000,164.610940,-171.350175,-171.350175,51.388889,-14.714807,0.000000,0.000000,0.000000,73,73,仅使用 B 口，全局 Y 极化通道。
8.233000,60.000000,45.000000,y_only_b_port,E3-E4,98.630137,122.118163,179.008676,179.008676,52.112676,-44.676938,27.289184,21.653827,60.209780,72,73,仅使用 B 口，全局 Y 极化通道。
8.233000,60.000000,90.000000,y_only_b_port,E3-E4,100.000000,461.112470,173.407261,-186.592739,59.722222,-25.433330,34.972521,22.630378,146.104548,73,73,仅使用 B 口，全局 Y 极化通道。
8.233000,60.000000,135.000000,y_only_b_port,E3-E4,100.000000,766.120470,152.193933,-567.806067,86.111111,-31.075591,49.369778,30.965577,168.580115,73,73,仅使用 B 口，全局 Y 极化通道。
8.233000,60.000000,0.000000,y_only_b_port,E4-E1,100.000000,377.824459,171.869263,171.869263,55.555556,-19.341193,0.000000,0.000000,0.000000,73,73,仅使用 B 口，全局 Y 极化通道。
8.233000,60.000000,45.000000,y_only_b_port,E4-E1,98.630137,454.401795,171.755078,171.755078,53.521127,-43.400487,89.098657,61.883965,177.048744,72,73,仅使用 B 口，全局 Y 极化通道。
8.233000,60.000000,90.000000,y_only_b_port,E4-E1,100.000000,426.585910,-0.216564,-0.216564,50.000000,-34.529591,152.685680,150.153953,179.797309,73,73,仅使用 B 口，全局 Y 极化通道。
8.233000,60.000000,135.000000,y_only_b_port,E4-E1,100.000000,588.289798,-0.618431,359.381569,66.666667,-26.191106,107.685380,83.602974,178.416881,73,73,仅使用 B 口，全局 Y 极化通道。
8.233000,75.000000,0.000000,y_only_b_port,E1-E3,100.000000,138.813857,3.449724,3.449724,56.944444,-7.597000,0.000000,0.000000,0.000000,73,73,仅使用 B 口，全局 Y 极化通道。
8.233000,75.000000,45.000000,y_only_b_port,E1-E3,98.630137,517.991016,15.827109,-344.172891,57.746479,-39.361827,71.840377,47.003680,178.018425,72,73,仅使用 B 口，全局 Y 极化通道。
8.233000,75.000000,90.000000,y_only_b_port,E1-E3,100.000000,397.847414,-169.007729,-169.007729,54.166667,-29.970181,150.191633,145.981896,178.845979,73,73,仅使用 B 口，全局 Y 极化通道。
8.233000,75.000000,135.000000,y_only_b_port,E1-E3,100.000000,167.365585,-62.520918,-62.520918,66.666667,-22.363720,36.876467,28.795281,72.511912,73,73,仅使用 B 口，全局 Y 极化通道。
8.233000,75.000000,0.000000,y_only_b_port,E2-E4,100.000000,540.797293,158.902744,158.902744,59.722222,-10.893550,0.000000,0.000000,0.000000,73,73,仅使用 B 口，全局 Y 极化通道。
8.233000,75.000000,45.000000,y_only_b_port,E2-E4,100.000000,360.000000,54.697446,414.697446,55.555556,-25.164996,94.606694,80.790712,176.155392,73,73,仅使用 B 口，全局 Y 极化通道。
8.233000,75.000000,90.000000,y_only_b_port,E2-E4,98.630137,470.355994,8.657120,368.657120,56.338028,-35.335514,139.451977,133.133134,178.786870,72,73,仅使用 B 口，全局 Y 极化通道。
8.233000,75.000000,135.000000,y_only_b_port,E2-E4,98.630137,292.690806,-15.691655,-15.691655,50.704225,-35.177753,110.249956,91.495839,176.192342,72,73,仅使用 B 口，全局 Y 极化通道。
8.233000,75.000000,0.000000,y_only_b_port,E1-E2,100.000000,195.977956,28.373651,28.373651,58.333333,-10.370040,0.000000,0.000000,0.000000,73,73,仅使用 B 口，全局 Y 极化通道。
8.233000,75.000000,45.000000,y_only_b_port,E1-E2,100.000000,323.141519,138.368510,138.368510,59.722222,-22.805231,73.458257,49.355564,179.764915,73,73,仅使用 B 口，全局 Y 极化通道。
8.233000,75.000000,90.000000,y_only_b_port,E1-E2,100.000000,411.127295,-7.079702,-367.079702,58.333333,-31.591663,58.642071,42.608769,178.512014,73,73,仅使用 B 口，全局 Y 极化通道。
8.233000,75.000000,135.000000,y_only_b_port,E1-E2,100.000000,381.012635,8.227633,-351.772367,75.000000,-27.706835,57.862766,37.305236,175.759104,73,73,仅使用 B 口，全局 Y 极化通道。
8.233000,75.000000,0.000000,y_only_b_port,E2-E3,100.000000,331.582668,-24.923927,-24.923927,59.722222,-10.370040,0.000000,0.000000,0.000000,73,73,仅使用 B 口，全局 Y 极化通道。
8.233000,75.000000,45.000000,y_only_b_port,E2-E3,98.630137,780.072035,-122.541401,-482.541401,53.521127,-40.183896,101.601742,84.311033,171.984563,72,73,仅使用 B 口，全局 Y 极化通道。
8.233000,75.000000,90.000000,y_only_b_port,E2-E3,100.000000,399.638484,-161.928027,198.071973,61.111111,-34.130765,135.282854,127.638940,179.887033,73,73,仅使用 B 口，全局 Y 极化通道。
8.233000,75.000000,135.000000,y_only_b_port,E2-E3,100.000000,360.000000,-70.748550,289.251450,65.277778,-27.706835,66.221785,49.094734,179.611526,73,73,仅使用 B 口，全局 Y 极化通道。
8.233000,75.000000,0.000000,y_only_b_port,E3-E4,100.000000,220.456985,-176.173329,-176.173329,52.777778,-9.825279,0.000000,0.000000,0.000000,73,73,仅使用 B 口，全局 Y 极化通道。
8.233000,75.000000,45.000000,y_only_b_port,E3-E4,98.630137,720.000000,177.238847,897.238847,92.957746,-39.361827,61.377009,35.418822,179.235643,72,73,仅使用 B 口，全局 Y 极化通道。
8.233000,75.000000,90.000000,y_only_b_port,E3-E4,100.000000,286.374380,170.585148,170.585148,56.944444,-31.491789,27.694581,20.118042,89.951688,73,73,仅使用 B 口，全局 Y 极化通道。
8.233000,75.000000,135.000000,y_only_b_port,E3-E4,100.000000,414.704379,55.056895,-304.943105,70.833333,-31.308015,76.192245,52.064242,175.590659,73,73,仅使用 B 口，全局 Y 极化通道。
8.233000,75.000000,0.000000,y_only_b_port,E4-E1,100.000000,345.558866,172.723605,172.723605,59.722222,-10.595602,0.000000,0.000000,0.000000,73,73,仅使用 B 口，全局 Y 极化通道。
8.233000,75.000000,45.000000,y_only_b_port,E4-E1,100.000000,366.624999,166.934044,-193.065956,73.611111,-23.534170,65.633795,44.210959,173.111682,73,73,仅使用 B 口，全局 Y 极化通道。
8.233000,75.000000,90.000000,y_only_b_port,E4-E1,100.000000,651.753845,-1.577419,358.422581,52.777778,-31.491789,149.920748,145.268253,179.999458,73,73,仅使用 B 口，全局 Y 极化通道。
8.233000,75.000000,135.000000,y_only_b_port,E4-E1,100.000000,489.862562,7.464023,367.464023,65.277778,-32.278425,95.628380,69.491167,178.791318,73,73,仅使用 B 口，全局 Y 极化通道。
8.233000,90.000000,0.000000,y_only_b_port,E1-E3,100.000000,42.062284,6.267623,6.267623,56.944444,-10.945051,0.000000,0.000000,0.000000,73,73,仅使用 B 口，全局 Y 极化通道。
8.233000,90.000000,45.000000,y_only_b_port,E1-E3,100.000000,360.000000,173.963309,533.963309,56.944444,-34.193571,74.643306,54.784700,168.223126,73,73,仅使用 B 口，全局 Y 极化通道。
8.233000,90.000000,90.000000,y_only_b_port,E1-E3,100.000000,360.000000,-163.994196,196.005804,87.500000,-23.914925,148.444382,145.885589,179.155549,73,73,仅使用 B 口，全局 Y 极化通道。
8.233000,90.000000,135.000000,y_only_b_port,E1-E3,100.000000,146.018675,-9.332417,-9.332417,59.722222,-32.143989,58.045170,39.149627,142.445302,73,73,仅使用 B 口，全局 Y 极化通道。
8.233000,90.000000,0.000000,y_only_b_port,E2-E4,100.000000,569.948808,142.101509,142.101509,58.333333,-11.984660,0.000000,0.000000,0.000000,73,73,仅使用 B 口，全局 Y 极化通道。
8.233000,90.000000,45.000000,y_only_b_port,E2-E4,100.000000,623.320863,28.571468,28.571468,51.388889,-26.426062,81.714960,65.293959,154.623103,73,73,仅使用 B 口，全局 Y 极化通道。
8.233000,90.000000,90.000000,y_only_b_port,E2-E4,100.000000,883.348698,2.819958,-357.180042,52.777778,-29.320341,144.543072,141.479029,178.727263,73,73,仅使用 B 口，全局 Y 极化通道。
8.233000,90.000000,135.000000,y_only_b_port,E2-E4,98.630137,481.514249,-179.985372,-179.985372,53.521127,-38.375218,78.432316,58.651306,179.988935,72,73,仅使用 B 口，全局 Y 极化通道。
8.233000,90.000000,0.000000,y_only_b_port,E1-E2,100.000000,278.666070,45.213274,45.213274,54.166667,-11.211385,0.000000,0.000000,0.000000,73,73,仅使用 B 口，全局 Y 极化通道。
8.233000,90.000000,45.000000,y_only_b_port,E1-E2,100.000000,490.642401,-39.144265,320.855735,65.277778,-34.716218,56.430642,40.855777,147.146346,73,73,仅使用 B 口，全局 Y 极化通道。
8.233000,90.000000,90.000000,y_only_b_port,E1-E2,100.000000,542.728938,-1.148106,358.851894,52.777778,-29.320341,59.478965,45.808711,165.321025,73,73,仅使用 B 口，全局 Y 极化通道。
8.233000,90.000000,135.000000,y_only_b_port,E1-E2,98.630137,195.392042,13.146193,13.146193,56.338028,-38.375218,59.551248,43.675160,164.522035,72,73,仅使用 B 口，全局 Y 极化通道。
8.233000,90.000000,0.000000,y_only_b_port,E2-E3,100.000000,294.784597,-38.945651,-38.945651,56.944444,-13.711209,0.000000,0.000000,0.000000,73,73,仅使用 B 口，全局 Y 极化通道。
8.233000,90.000000,45.000000,y_only_b_port,E2-E3,100.000000,384.815803,-146.892426,-146.892426,51.388889,-21.985096,80.476252,64.691281,151.893543,73,73,仅使用 B 口，全局 Y 极化通道。
8.233000,90.000000,90.000000,y_only_b_port,E2-E3,100.000000,331.123505,-162.846089,-162.846089,58.333333,-29.320341,142.782575,141.983903,175.708673,73,73,仅使用 B 口，全局 Y 极化通道。
8.233000,90.000000,135.000000,y_only_b_port,E2-E3,98.630137,208.535790,-22.478611,-22.478611,63.380282,-38.375218,77.153838,53.081985,179.889905,72,73,仅使用 B 口，全局 Y 极化通道。
8.233000,90.000000,0.000000,y_only_b_port,E3-E4,100.000000,278.569600,-178.952839,-178.952839,56.944444,-7.834860,0.000000,0.000000,0.000000,73,73,仅使用 B 口，全局 Y 极化通道。
8.233000,90.000000,45.000000,y_only_b_port,E3-E4,100.000000,338.097892,175.463894,175.463894,76.388889,-25.903416,29.536809,19.535026,76.792102,73,73,仅使用 B 口，全局 Y 极化通道。
8.233000,90.000000,90.000000,y_only_b_port,E3-E4,100.000000,601.745212,165.666047,-194.333953,56.944444,-20.894673,40.321374,26.341123,166.877736,73,73,仅使用 B 口，全局 Y 极化通道。
8.233000,90.000000,135.000000,y_only_b_port,E3-E4,100.000000,294.518523,-157.506762,-157.506762,54.166667,-29.018597,16.161550,11.663940,51.699114,73,73,仅使用 B 口，全局 Y 极化通道。
8.233000,90.000000,0.000000,y_only_b_port,E4-E1,100.000000,295.192021,172.685217,172.685217,59.722222,-9.218502,0.000000,0.000000,0.000000,73,73,仅使用 B 口，全局 Y 极化通道。
8.233000,90.000000,45.000000,y_only_b_port,E4-E1,100.000000,360.000000,10.572797,-349.427203,66.666667,-33.767460,73.862726,52.857340,173.096514,73,73,仅使用 B 口，全局 Y 极化通道。
8.233000,90.000000,90.000000,y_only_b_port,E4-E1,100.000000,507.080850,-1.671851,-1.671851,51.388889,-22.784131,147.010105,141.477558,179.046154,73,73,仅使用 B 口，全局 Y 极化通道。
8.233000,90.000000,135.000000,y_only_b_port,E4-E1,100.000000,298.628783,166.839179,166.839179,55.555556,-32.143989,60.961379,39.484912,151.070062,73,73,仅使用 B 口，全局 Y 极化通道。
8.233000,45.000000,0.000000,dualpol_vector_correlation,E1-E3,100.000000,297.755789,-15.769745,-15.769745,52.777778,-22.979862,0.000000,0.000000,0.000000,73,73,推荐的双极化 PDOA：用 X/Y 两通道向量相关直接估计两阵元相位差。
8.233000,45.000000,45.000000,dualpol_vector_correlation,E1-E3,100.000000,672.084385,3.799867,-356.200133,52.777778,-21.975785,97.771015,68.358570,178.737289,73,73,推荐的双极化 PDOA：用 X/Y 两通道向量相关直接估计两阵元相位差。
8.233000,45.000000,90.000000,dualpol_vector_correlation,E1-E3,100.000000,433.398240,53.564368,53.564368,51.388889,-27.458126,57.756178,48.968492,83.377031,73,73,推荐的双极化 PDOA：用 X/Y 两通道向量相关直接估计两阵元相位差。
8.233000,45.000000,135.000000,dualpol_vector_correlation,E1-E3,100.000000,485.947926,178.919729,178.919729,52.777778,-23.093428,114.167218,90.353145,178.669974,73,73,推荐的双极化 PDOA：用 X/Y 两通道向量相关直接估计两阵元相位差。
8.233000,45.000000,0.000000,dualpol_vector_correlation,E2-E4,100.000000,562.554103,175.890280,-184.109720,61.111111,-31.877630,0.000000,0.000000,0.000000,73,73,推荐的双极化 PDOA：用 X/Y 两通道向量相关直接估计两阵元相位差。
8.233000,45.000000,45.000000,dualpol_vector_correlation,E2-E4,100.000000,366.054556,146.296184,506.296184,66.666667,-21.658069,105.386867,87.086945,177.367439,73,73,推荐的双极化 PDOA：用 X/Y 两通道向量相关直接估计两阵元相位差。
8.233000,45.000000,90.000000,dualpol_vector_correlation,E2-E4,100.000000,456.523963,23.558779,383.558779,58.333333,-22.991860,110.673495,95.569117,179.608341,73,73,推荐的双极化 PDOA：用 X/Y 两通道向量相关直接估计两阵元相位差。
8.233000,45.000000,135.000000,dualpol_vector_correlation,E2-E4,100.000000,628.950082,-9.468174,-369.468174,52.777778,-28.484232,93.959798,70.058132,177.577707,73,73,推荐的双极化 PDOA：用 X/Y 两通道向量相关直接估计两阵元相位差。
8.233000,45.000000,0.000000,dualpol_vector_correlation,E1-E2,100.000000,84.485893,17.340317,17.340317,50.000000,-13.394075,0.000000,0.000000,0.000000,73,73,推荐的双极化 PDOA：用 X/Y 两通道向量相关直接估计两阵元相位差。
8.233000,45.000000,45.000000,dualpol_vector_correlation,E1-E2,100.000000,81.939299,37.933545,37.933545,55.555556,-9.688026,16.596952,14.752223,37.671043,73,73,推荐的双极化 PDOA：用 X/Y 两通道向量相关直接估计两阵元相位差。
8.233000,45.000000,90.000000,dualpol_vector_correlation,E1-E2,100.000000,720.000000,-75.437749,644.562251,75.000000,-21.277188,83.924230,66.610306,174.136534,73,73,推荐的双极化 PDOA：用 X/Y 两通道向量相关直接估计两阵元相位差。
8.233000,45.000000,135.000000,dualpol_vector_correlation,E1-E2,100.000000,81.729515,1.338030,1.338030,68.055556,-17.868455,17.424968,15.411508,37.010103,73,73,推荐的双极化 PDOA：用 X/Y 两通道向量相关直接估计两阵元相位差。
8.233000,45.000000,0.000000,dualpol_vector_correlation,E2-E3,100.000000,319.930450,-29.168077,-29.168077,61.111111,-24.912190,0.000000,0.000000,0.000000,73,73,推荐的双极化 PDOA：用 X/Y 两通道向量相关直接估计两阵元相位差。
8.233000,45.000000,45.000000,dualpol_vector_correlation,E2-E3,100.000000,646.024714,-35.389870,-395.389870,50.000000,-21.975785,96.424145,71.350973,178.217169,73,73,推荐的双极化 PDOA：用 X/Y 两通道向量相关直接估计两阵元相位差。
8.233000,45.000000,90.000000,dualpol_vector_correlation,E2-E3,100.000000,704.623993,-152.716366,-512.716366,55.555556,-22.304386,102.817673,92.787631,160.674769,73,73,推荐的双极化 PDOA：用 X/Y 两通道向量相关直接估计两阵元相位差。
8.233000,45.000000,135.000000,dualpol_vector_correlation,E2-E3,100.000000,429.675541,178.084858,178.084858,54.166667,-27.565793,113.178127,90.774188,179.827048,73,73,推荐的双极化 PDOA：用 X/Y 两通道向量相关直接估计两阵元相位差。
8.233000,45.000000,0.000000,dualpol_vector_correlation,E3-E4,100.000000,449.826200,-155.084933,-515.084933,63.888889,-16.867541,0.000000,0.000000,0.000000,73,73,推荐的双极化 PDOA：用 X/Y 两通道向量相关直接估计两阵元相位差。
8.233000,45.000000,45.000000,dualpol_vector_correlation,E3-E4,100.000000,730.031758,-178.546170,541.453830,86.111111,-21.975785,78.380658,63.323508,176.158557,73,73,推荐的双极化 PDOA：用 X/Y 两通道向量相关直接估计两阵元相位差。
8.233000,45.000000,90.000000,dualpol_vector_correlation,E3-E4,100.000000,721.758571,177.290886,897.290886,80.555556,-23.568848,69.163746,56.144380,178.876918,73,73,推荐的双极化 PDOA：用 X/Y 两通道向量相关直接估计两阵元相位差。
8.233000,45.000000,135.000000,dualpol_vector_correlation,E3-E4,100.000000,506.805455,171.854999,-188.145001,59.722222,-23.870568,62.514399,50.321673,172.219968,73,73,推荐的双极化 PDOA：用 X/Y 两通道向量相关直接估计两阵元相位差。
8.233000,45.000000,0.000000,dualpol_vector_correlation,E4-E1,100.000000,572.059718,168.800183,528.800183,73.611111,-29.945302,0.000000,0.000000,0.000000,73,73,推荐的双极化 PDOA：用 X/Y 两通道向量相关直接估计两阵元相位差。
8.233000,45.000000,45.000000,dualpol_vector_correlation,E4-E1,100.000000,360.000000,174.723840,-185.276160,65.277778,-21.155642,106.657806,87.283637,178.885269,73,73,推荐的双极化 PDOA：用 X/Y 两通道向量相关直接估计两阵元相位差。
8.233000,45.000000,90.000000,dualpol_vector_correlation,E4-E1,100.000000,511.809039,125.895450,125.895450,50.000000,-26.881138,94.740254,85.397353,178.060262,73,73,推荐的双极化 PDOA：用 X/Y 两通道向量相关直接估计两阵元相位差。
8.233000,45.000000,135.000000,dualpol_vector_correlation,E4-E1,100.000000,673.174462,8.605029,368.605029,55.555556,-24.011866,92.307561,69.285557,176.506144,73,73,推荐的双极化 PDOA：用 X/Y 两通道向量相关直接估计两阵元相位差。
8.233000,60.000000,0.000000,dualpol_vector_correlation,E1-E3,100.000000,242.287945,-4.128763,-4.128763,55.555556,-12.730573,0.000000,0.000000,0.000000,73,73,推荐的双极化 PDOA：用 X/Y 两通道向量相关直接估计两阵元相位差。
8.233000,60.000000,45.000000,dualpol_vector_correlation,E1-E3,100.000000,599.391287,8.076377,-351.923623,51.388889,-24.664483,100.342089,63.913609,179.673945,73,73,推荐的双极化 PDOA：用 X/Y 两通道向量相关直接估计两阵元相位差。
8.233000,60.000000,90.000000,dualpol_vector_correlation,E1-E3,100.000000,410.611411,155.568900,155.568900,51.388889,-27.385341,136.851719,133.306959,163.553743,73,73,推荐的双极化 PDOA：用 X/Y 两通道向量相关直接估计两阵元相位差。
8.233000,60.000000,135.000000,dualpol_vector_correlation,E1-E3,100.000000,367.850424,-174.700549,-174.700549,54.166667,-24.975458,107.370023,74.519386,179.418354,73,73,推荐的双极化 PDOA：用 X/Y 两通道向量相关直接估计两阵元相位差。
8.233000,60.000000,0.000000,dualpol_vector_correlation,E2-E4,100.000000,468.335817,162.398083,162.398083,59.722222,-22.090986,0.000000,0.000000,0.000000,73,73,推荐的双极化 PDOA：用 X/Y 两通道向量相关直接估计两阵元相位差。
8.233000,60.000000,45.000000,dualpol_vector_correlation,E2-E4,100.000000,360.000000,127.250056,487.250056,73.611111,-26.862322,86.215905,57.666918,179.056214,73,73,推荐的双极化 PDOA：用 X/Y 两通道向量相关直接估计两阵元相位差。
8.233000,60.000000,90.000000,dualpol_vector_correlation,E2-E4,100.000000,374.171031,5.071019,365.071019,62.500000,-25.057831,139.836701,130.497897,179.880788,73,73,推荐的双极化 PDOA：用 X/Y 两通道向量相关直接估计两阵元相位差。
8.233000,60.000000,135.000000,dualpol_vector_correlation,E2-E4,100.000000,667.363080,-14.827973,-374.827973,52.777778,-29.821773,115.162777,88.855821,179.444421,73,73,推荐的双极化 PDOA：用 X/Y 两通道向量相关直接估计两阵元相位差。
8.233000,60.000000,0.000000,dualpol_vector_correlation,E1-E2,100.000000,126.218651,22.441296,22.441296,55.555556,-11.502045,0.000000,0.000000,0.000000,73,73,推荐的双极化 PDOA：用 X/Y 两通道向量相关直接估计两阵元相位差。
8.233000,60.000000,45.000000,dualpol_vector_correlation,E1-E2,100.000000,114.013511,54.749688,54.749688,59.722222,-12.810195,19.071140,16.309414,34.879713,73,73,推荐的双极化 PDOA：用 X/Y 两通道向量相关直接估计两阵元相位差。
8.233000,60.000000,90.000000,dualpol_vector_correlation,E1-E2,100.000000,105.333441,-24.130913,-24.130913,56.944444,-21.571301,47.604997,40.227059,97.811406,73,73,推荐的双极化 PDOA：用 X/Y 两通道向量相关直接估计两阵元相位差。
8.233000,60.000000,135.000000,dualpol_vector_correlation,E1-E2,100.000000,163.971610,7.527191,7.527191,55.555556,-25.006985,23.823696,17.872243,64.940049,73,73,推荐的双极化 PDOA：用 X/Y 两通道向量相关直接估计两阵元相位差。
8.233000,60.000000,0.000000,dualpol_vector_correlation,E2-E3,100.000000,358.586380,-25.215117,-25.215117,61.111111,-13.907174,0.000000,0.000000,0.000000,73,73,推荐的双极化 PDOA：用 X/Y 两通道向量相关直接估计两阵元相位差。
8.233000,60.000000,45.000000,dualpol_vector_correlation,E2-E3,100.000000,685.048476,-53.043680,-413.043680,56.944444,-24.699469,96.145275,65.453927,179.687757,73,73,推荐的双极化 PDOA：用 X/Y 两通道向量相关直接估计两阵元相位差。
8.233000,60.000000,90.000000,dualpol_vector_correlation,E2-E3,100.000000,447.332740,-170.642447,-170.642447,52.777778,-27.385341,129.442415,116.185761,179.888970,73,73,推荐的双极化 PDOA：用 X/Y 两通道向量相关直接估计两阵元相位差。
8.233000,60.000000,135.000000,dualpol_vector_correlation,E2-E3,100.000000,409.406472,177.593728,177.593728,51.388889,-28.290101,105.503121,78.312421,179.368997,73,73,推荐的双极化 PDOA：用 X/Y 两通道向量相关直接估计两阵元相位差。
8.233000,60.000000,0.000000,dualpol_vector_correlation,E3-E4,100.000000,136.686317,-171.309403,-171.309403,56.944444,-14.429843,0.000000,0.000000,0.000000,73,73,推荐的双极化 PDOA：用 X/Y 两通道向量相关直接估计两阵元相位差。
8.233000,60.000000,45.000000,dualpol_vector_correlation,E3-E4,100.000000,409.038220,179.827917,539.827917,91.666667,-26.827336,40.575161,25.853290,154.895729,73,73,推荐的双极化 PDOA：用 X/Y 两通道向量相关直接估计两阵元相位差。
8.233000,60.000000,90.000000,dualpol_vector_correlation,E3-E4,100.000000,277.462558,175.973325,175.973325,58.333333,-27.385341,28.732884,18.935515,141.616240,73,73,推荐的双极化 PDOA：用 X/Y 两通道向量相关直接估计两阵元相位差。
8.233000,60.000000,135.000000,dualpol_vector_correlation,E3-E4,100.000000,379.185761,166.893183,166.893183,63.888889,-25.721846,38.065573,22.860448,150.727391,73,73,推荐的双极化 PDOA：用 X/Y 两通道向量相关直接估计两阵元相位差。
8.233000,60.000000,0.000000,dualpol_vector_correlation,E4-E1,100.000000,352.039278,176.087056,176.087056,54.166667,-20.914385,0.000000,0.000000,0.000000,73,73,推荐的双极化 PDOA：用 X/Y 两通道向量相关直接估计两阵元相位差。
8.233000,60.000000,45.000000,dualpol_vector_correlation,E4-E1,100.000000,360.000000,171.840959,-188.159041,73.611111,-25.724511,84.515906,53.809698,178.727492,73,73,推荐的双极化 PDOA：用 X/Y 两通道向量相关直接估计两阵元相位差。
8.233000,60.000000,90.000000,dualpol_vector_correlation,E4-E1,100.000000,410.926611,27.361474,27.361474,54.166667,-25.057831,145.216110,143.263140,179.579417,73,73,推荐的双极化 PDOA：用 X/Y 两通道向量相关直接估计两阵元相位差。
8.233000,60.000000,135.000000,dualpol_vector_correlation,E4-E1,100.000000,633.976337,7.359471,367.359471,55.555556,-26.507130,111.550270,81.397239,179.629802,73,73,推荐的双极化 PDOA：用 X/Y 两通道向量相关直接估计两阵元相位差。
8.233000,75.000000,0.000000,dualpol_vector_correlation,E1-E3,100.000000,133.080990,0.279826,0.279826,55.555556,-7.858459,0.000000,0.000000,0.000000,73,73,推荐的双极化 PDOA：用 X/Y 两通道向量相关直接估计两阵元相位差。
8.233000,75.000000,45.000000,dualpol_vector_correlation,E1-E3,100.000000,296.281403,16.203467,16.203467,68.055556,-24.737712,81.146605,52.567810,177.976266,73,73,推荐的双极化 PDOA：用 X/Y 两通道向量相关直接估计两阵元相位差。
8.233000,75.000000,90.000000,dualpol_vector_correlation,E1-E3,100.000000,361.679293,172.304532,532.304532,54.166667,-23.653662,156.405435,154.658599,172.726571,73,73,推荐的双极化 PDOA：用 X/Y 两通道向量相关直接估计两阵元相位差。
8.233000,75.000000,135.000000,dualpol_vector_correlation,E1-E3,100.000000,206.717087,-151.544407,-151.544407,55.555556,-22.353864,70.305631,45.654304,172.588069,73,73,推荐的双极化 PDOA：用 X/Y 两通道向量相关直接估计两阵元相位差。
8.233000,75.000000,0.000000,dualpol_vector_correlation,E2-E4,100.000000,506.892702,155.480346,155.480346,61.111111,-11.169784,0.000000,0.000000,0.000000,73,73,推荐的双极化 PDOA：用 X/Y 两通道向量相关直接估计两阵元相位差。
8.233000,75.000000,45.000000,dualpol_vector_correlation,E2-E4,100.000000,360.000000,74.896836,434.896836,69.444444,-25.293046,78.680301,60.078506,176.024954,73,73,推荐的双极化 PDOA：用 X/Y 两通道向量相关直接估计两阵元相位差。
8.233000,75.000000,90.000000,dualpol_vector_correlation,E2-E4,100.000000,848.757981,-3.657225,-363.657225,54.166667,-30.353878,149.744804,144.021129,179.299404,73,73,推荐的双极化 PDOA：用 X/Y 两通道向量相关直接估计两阵元相位差。
8.233000,75.000000,135.000000,dualpol_vector_correlation,E2-E4,100.000000,555.884989,-24.724703,-24.724703,51.388889,-29.494680,102.331279,78.237426,179.794950,73,73,推荐的双极化 PDOA：用 X/Y 两通道向量相关直接估计两阵元相位差。
8.233000,75.000000,0.000000,dualpol_vector_correlation,E1-E2,100.000000,204.111169,28.737550,28.737550,63.888889,-8.211552,0.000000,0.000000,0.000000,73,73,推荐的双极化 PDOA：用 X/Y 两通道向量相关直接估计两阵元相位差。
8.233000,75.000000,45.000000,dualpol_vector_correlation,E1-E2,100.000000,206.844310,95.764208,95.764208,51.388889,-15.809160,32.711757,26.840589,81.336144,73,73,推荐的双极化 PDOA：用 X/Y 两通道向量相关直接估计两阵元相位差。
8.233000,75.000000,90.000000,dualpol_vector_correlation,E1-E2,100.000000,475.209231,-7.631159,352.368841,50.000000,-24.325338,56.299393,45.873621,160.714180,73,73,推荐的双极化 PDOA：用 X/Y 两通道向量相关直接估计两阵元相位差。
8.233000,75.000000,135.000000,dualpol_vector_correlation,E1-E2,100.000000,239.612666,12.585194,12.585194,59.722222,-19.800966,27.276281,21.675755,62.450084,73,73,推荐的双极化 PDOA：用 X/Y 两通道向量相关直接估计两阵元相位差。
8.233000,75.000000,0.000000,dualpol_vector_correlation,E2-E3,100.000000,333.322046,-28.127315,-28.127315,61.111111,-7.721887,0.000000,0.000000,0.000000,73,73,推荐的双极化 PDOA：用 X/Y 两通道向量相关直接估计两阵元相位差。
8.233000,75.000000,45.000000,dualpol_vector_correlation,E2-E3,100.000000,471.536374,-102.680793,-102.680793,62.500000,-24.879697,85.218623,63.811471,178.551030,73,73,推荐的双极化 PDOA：用 X/Y 两通道向量相关直接估计两阵元相位差。
8.233000,75.000000,90.000000,dualpol_vector_correlation,E2-E3,100.000000,428.997287,-178.210660,181.789340,62.500000,-25.196661,138.689069,129.710853,178.396558,73,73,推荐的双极化 PDOA：用 X/Y 两通道向量相关直接估计两阵元相位差。
8.233000,75.000000,135.000000,dualpol_vector_correlation,E2-E3,100.000000,409.010612,-163.335158,-523.335158,52.777778,-24.495745,66.241040,45.408522,176.751056,73,73,推荐的双极化 PDOA：用 X/Y 两通道向量相关直接估计两阵元相位差。
8.233000,75.000000,0.000000,dualpol_vector_correlation,E3-E4,100.000000,191.651380,-176.117767,-176.117767,51.388889,-8.982389,0.000000,0.000000,0.000000,73,73,推荐的双极化 PDOA：用 X/Y 两通道向量相关直接估计两阵元相位差。
8.233000,75.000000,45.000000,dualpol_vector_correlation,E3-E4,100.000000,456.409734,178.517056,538.517056,81.944444,-25.151060,56.811692,33.469229,169.168884,73,73,推荐的双极化 PDOA：用 X/Y 两通道向量相关直接估计两阵元相位差。
8.233000,75.000000,90.000000,dualpol_vector_correlation,E3-E4,100.000000,263.175202,174.329504,174.329504,54.166667,-28.810879,24.080008,15.401093,117.845406,73,73,推荐的双极化 PDOA：用 X/Y 两通道向量相关直接估计两阵元相位差。
8.233000,75.000000,135.000000,dualpol_vector_correlation,E3-E4,100.000000,562.740931,150.149429,-209.850571,70.833333,-26.044564,57.235893,33.911106,172.387767,73,73,推荐的双极化 PDOA：用 X/Y 两通道向量相关直接估计两阵元相位差。
8.233000,75.000000,0.000000,dualpol_vector_correlation,E4-E1,100.000000,307.226522,176.081899,176.081899,56.944444,-11.659449,0.000000,0.000000,0.000000,73,73,推荐的双极化 PDOA：用 X/Y 两通道向量相关直接估计两阵元相位差。
8.233000,75.000000,45.000000,dualpol_vector_correlation,E4-E1,100.000000,360.000000,164.636349,-195.363651,73.611111,-24.333263,65.575509,38.080250,179.096451,73,73,推荐的双极化 PDOA：用 X/Y 两通道向量相关直接估计两阵元相位差。
8.233000,75.000000,90.000000,dualpol_vector_correlation,E4-E1,100.000000,533.228064,12.761284,12.761284,52.777778,-28.551436,148.302554,144.964226,178.776911,73,73,推荐的双极化 PDOA：用 X/Y 两通道向量相关直接估计两阵元相位差。
8.233000,75.000000,135.000000,dualpol_vector_correlation,E4-E1,100.000000,421.614891,11.040479,11.040479,55.555556,-27.352799,94.251698,64.765851,178.923064,73,73,推荐的双极化 PDOA：用 X/Y 两通道向量相关直接估计两阵元相位差。
8.233000,90.000000,0.000000,dualpol_vector_correlation,E1-E3,100.000000,13.090728,3.799867,3.799867,50.000000,-5.620779,0.000000,0.000000,0.000000,73,73,推荐的双极化 PDOA：用 X/Y 两通道向量相关直接估计两阵元相位差。
8.233000,90.000000,45.000000,dualpol_vector_correlation,E1-E3,100.000000,64.821403,53.564368,53.564368,56.944444,-18.843186,29.735293,25.881329,50.572986,73,73,推荐的双极化 PDOA：用 X/Y 两通道向量相关直接估计两阵元相位差。
8.233000,90.000000,90.000000,dualpol_vector_correlation,E1-E3,100.000000,125.418107,178.919729,178.919729,80.555556,-23.018740,168.991508,168.131833,179.916019,73,73,推荐的双极化 PDOA：用 X/Y 两通道向量相关直接估计两阵元相位差。
8.233000,90.000000,135.000000,dualpol_vector_correlation,E1-E3,100.000000,85.955285,-15.769745,-15.769745,55.555556,-15.376277,32.292027,25.914968,78.909422,73,73,推荐的双极化 PDOA：用 X/Y 两通道向量相关直接估计两阵元相位差。
8.233000,90.000000,0.000000,dualpol_vector_correlation,E2-E4,100.000000,521.732323,146.296184,146.296184,59.722222,-6.570967,0.000000,0.000000,0.000000,73,73,推荐的双极化 PDOA：用 X/Y 两通道向量相关直接估计两阵元相位差。
8.233000,90.000000,45.000000,dualpol_vector_correlation,E2-E4,100.000000,610.252666,23.558779,23.558779,52.777778,-23.498572,86.708830,63.585060,177.827597,73,73,推荐的双极化 PDOA：用 X/Y 两通道向量相关直接估计两阵元相位差。
8.233000,90.000000,90.000000,dualpol_vector_correlation,E2-E4,100.000000,868.874855,-9.468174,-369.468174,54.166667,-26.224170,155.893294,152.112704,179.998186,73,73,推荐的双极化 PDOA：用 X/Y 两通道向量相关直接估计两阵元相位差。
8.233000,90.000000,135.000000,dualpol_vector_correlation,E2-E4,100.000000,571.783173,175.890280,175.890280,61.111111,-26.460338,52.651859,38.570916,136.226670,73,73,推荐的双极化 PDOA：用 X/Y 两通道向量相关直接估计两阵元相位差。
8.233000,90.000000,0.000000,dualpol_vector_correlation,E1-E2,100.000000,279.311431,37.933545,37.933545,59.722222,-7.413331,0.000000,0.000000,0.000000,73,73,推荐的双极化 PDOA：用 X/Y 两通道向量相关直接估计两阵元相位差。
8.233000,90.000000,45.000000,dualpol_vector_correlation,E1-E2,100.000000,481.461918,-75.437749,284.562251,62.500000,-14.072508,62.348652,44.337113,143.232365,73,73,推荐的双极化 PDOA：用 X/Y 两通道向量相关直接估计两阵元相位差。
8.233000,90.000000,90.000000,dualpol_vector_correlation,E1-E2,100.000000,550.436690,1.338030,361.338030,52.777778,-26.648701,54.337785,43.173692,174.721320,73,73,推荐的双极化 PDOA：用 X/Y 两通道向量相关直接估计两阵元相位差。
8.233000,90.000000,135.000000,dualpol_vector_correlation,E1-E2,100.000000,299.663380,17.340317,17.340317,56.944444,-16.230339,24.512290,21.156244,51.071103,73,73,推荐的双极化 PDOA：用 X/Y 两通道向量相关直接估计两阵元相位差。
8.233000,90.000000,0.000000,dualpol_vector_correlation,E2-E3,100.000000,283.439873,-35.389870,-35.389870,59.722222,-7.456031,0.000000,0.000000,0.000000,73,73,推荐的双极化 PDOA：用 X/Y 两通道向量相关直接估计两阵元相位差。
8.233000,90.000000,45.000000,dualpol_vector_correlation,E2-E3,100.000000,410.471189,-152.716366,-152.716366,50.000000,-19.074492,80.116299,56.727849,166.420867,73,73,推荐的双极化 PDOA：用 X/Y 两通道向量相关直接估计两阵元相位差。
8.233000,90.000000,90.000000,dualpol_vector_correlation,E2-E3,100.000000,351.051066,178.084858,178.084858,55.555556,-25.953519,149.731269,147.678601,178.871918,73,73,推荐的双极化 PDOA：用 X/Y 两通道向量相关直接估计两阵元相位差。
8.233000,90.000000,135.000000,dualpol_vector_correlation,E2-E3,100.000000,311.937787,-29.168077,-29.168077,59.722222,-16.230339,40.861998,26.307351,135.431175,73,73,推荐的双极化 PDOA：用 X/Y 两通道向量相关直接估计两阵元相位差。
8.233000,90.000000,0.000000,dualpol_vector_correlation,E3-E4,100.000000,251.186100,-178.546170,-178.546170,54.166667,-6.162476,0.000000,0.000000,0.000000,73,73,推荐的双极化 PDOA：用 X/Y 两通道向量相关直接估计两阵元相位差。
8.233000,90.000000,45.000000,dualpol_vector_correlation,E3-E4,100.000000,275.564977,177.290886,177.290886,63.888889,-23.267266,24.815265,16.632857,79.149635,73,73,推荐的双极化 PDOA：用 X/Y 两通道向量相关直接估计两阵元相位差。
8.233000,90.000000,90.000000,dualpol_vector_correlation,E3-E4,100.000000,652.994276,171.854999,-188.145001,55.555556,-21.108816,46.340871,29.989890,170.165976,73,73,推荐的双极化 PDOA：用 X/Y 两通道向量相关直接估计两阵元相位差。
8.233000,90.000000,135.000000,dualpol_vector_correlation,E3-E4,100.000000,274.162576,-155.084933,-155.084933,55.555556,-23.913395,20.444575,14.818828,61.408232,73,73,推荐的双极化 PDOA：用 X/Y 两通道向量相关直接估计两阵元相位差。
8.233000,90.000000,0.000000,dualpol_vector_correlation,E4-E1,100.000000,250.925343,174.723840,174.723840,54.166667,-6.119776,0.000000,0.000000,0.000000,73,73,推荐的双极化 PDOA：用 X/Y 两通道向量相关直接估计两阵元相位差。
8.233000,90.000000,45.000000,dualpol_vector_correlation,E4-E1,100.000000,257.952786,125.895450,125.895450,56.944444,-22.634864,24.405069,18.589465,48.828391,73,73,推荐的双极化 PDOA：用 X/Y 两通道向量相关直接估计两阵元相位差。
8.233000,90.000000,90.000000,dualpol_vector_correlation,E4-E1,100.000000,505.728831,8.605029,8.605029,51.388889,-23.018740,147.159744,142.358592,178.638430,73,73,推荐的双极化 PDOA：用 X/Y 两通道向量相关直接估计两阵元相位差。
8.233000,90.000000,135.000000,dualpol_vector_correlation,E4-E1,100.000000,290.765670,168.800183,168.800183,51.388889,-25.802234,34.769674,24.655207,83.627113,73,73,推荐的双极化 PDOA：用 X/Y 两通道向量相关直接估计两阵元相位差。
8.233000,45.000000,0.000000,dualpol_known_pol_vector,E1-E3,98.630137,307.088476,-44.556008,-44.556008,52.112676,-35.098997,0.000000,0.000000,0.000000,72,73,已知入射线极化角时，按 cos/sin 对 X/Y 双通道做相干合成。
8.233000,45.000000,45.000000,dualpol_known_pol_vector,E1-E3,100.000000,673.859809,4.509312,-355.490688,52.777778,-24.546007,94.126691,73.587770,178.051118,73,73,已知入射线极化角时，按 cos/sin 对 X/Y 双通道做相干合成。
8.233000,45.000000,90.000000,dualpol_known_pol_vector,E1-E3,100.000000,396.372150,173.963309,533.963309,58.333333,-30.792271,127.827291,119.809728,179.932947,73,73,已知入射线极化角时，按 cos/sin 对 X/Y 双通道做相干合成。
8.233000,45.000000,135.000000,dualpol_known_pol_vector,E1-E3,100.000000,315.102426,22.639979,22.639979,51.388889,-31.937456,76.498972,68.610219,176.348901,73,73,已知入射线极化角时，按 cos/sin 对 X/Y 双通道做相干合成。
8.233000,45.000000,0.000000,dualpol_known_pol_vector,E2-E4,97.260274,563.477137,165.623466,-194.376534,55.714286,-40.371975,0.000000,0.000000,0.000000,71,73,已知入射线极化角时，按 cos/sin 对 X/Y 双通道做相干合成。
8.233000,45.000000,45.000000,dualpol_known_pol_vector,E2-E4,100.000000,362.914641,146.800865,506.800865,68.055556,-25.658692,105.640697,89.718667,175.938900,73,73,已知入射线极化角时，按 cos/sin 对 X/Y 双通道做相干合成。
8.233000,45.000000,90.000000,dualpol_known_pol_vector,E2-E4,100.000000,662.509658,28.571468,-331.428532,61.111111,-28.680295,114.801542,103.540216,179.127200,73,73,已知入射线极化角时，按 cos/sin 对 X/Y 双通道做相干合成。
8.233000,45.000000,135.000000,dualpol_known_pol_vector,E2-E4,100.000000,416.214296,-176.591110,183.408890,56.944444,-30.768283,111.063482,98.537839,179.760668,73,73,已知入射线极化角时，按 cos/sin 对 X/Y 双通道做相干合成。
8.233000,45.000000,0.000000,dualpol_known_pol_vector,E1-E2,100.000000,92.616255,21.525543,21.525543,50.000000,-14.220474,0.000000,0.000000,0.000000,73,73,已知入射线极化角时，按 cos/sin 对 X/Y 双通道做相干合成。
8.233000,45.000000,45.000000,dualpol_known_pol_vector,E1-E2,100.000000,95.709657,39.048531,39.048531,55.555556,-16.224871,18.779206,14.268104,65.058044,73,73,已知入射线极化角时，按 cos/sin 对 X/Y 双通道做相干合成。
8.233000,45.000000,90.000000,dualpol_known_pol_vector,E1-E2,100.000000,385.876963,-39.144265,-39.144265,55.555556,-23.963230,82.892359,72.139411,172.283310,73,73,已知入射线极化角时，按 cos/sin 对 X/Y 双通道做相干合成。
8.233000,45.000000,135.000000,dualpol_known_pol_vector,E1-E2,100.000000,104.780806,10.811836,10.811836,54.166667,-30.768283,34.968387,29.142371,66.854809,73,73,已知入射线极化角时，按 cos/sin 对 X/Y 双通道做相干合成。
8.233000,45.000000,0.000000,dualpol_known_pol_vector,E2-E3,97.260274,328.456528,-66.081551,-66.081551,57.142857,-36.329055,0.000000,0.000000,0.000000,71,73,已知入射线极化角时，按 cos/sin 对 X/Y 双通道做相干合成。
8.233000,45.000000,45.000000,dualpol_known_pol_vector,E2-E3,100.000000,646.918222,-34.539220,-394.539220,51.388889,-24.546007,96.142508,75.535147,178.746130,73,73,已知入射线极化角时，按 cos/sin 对 X/Y 双通道做相干合成。
8.233000,45.000000,90.000000,dualpol_known_pol_vector,E2-E3,100.000000,450.167134,-146.892426,213.107574,58.333333,-30.792271,125.828582,118.987586,178.975410,73,73,已知入射线极化角时，按 cos/sin 对 X/Y 双通道做相干合成。
8.233000,45.000000,135.000000,dualpol_known_pol_vector,E2-E3,100.000000,379.185041,11.828143,11.828143,50.000000,-34.907476,75.889042,59.786782,162.925830,73,73,已知入射线极化角时，按 cos/sin 对 X/Y 双通道做相干合成。
8.233000,45.000000,0.000000,dualpol_known_pol_vector,E3-E4,100.000000,498.109439,-128.294984,-488.294984,50.000000,-26.782762,0.000000,0.000000,0.000000,73,73,已知入射线极化角时，按 cos/sin 对 X/Y 双通道做相干合成。
8.233000,45.000000,45.000000,dualpol_known_pol_vector,E3-E4,100.000000,730.210996,-178.659915,541.340085,86.111111,-26.028044,94.821635,79.784735,177.737329,73,73,已知入射线极化角时，按 cos/sin 对 X/Y 双通道做相干合成。
8.233000,45.000000,90.000000,dualpol_known_pol_vector,E3-E4,100.000000,722.715458,175.463894,-544.536106,87.500000,-30.792271,86.825004,69.230645,179.448796,73,73,已知入射线极化角时，按 cos/sin 对 X/Y 双通道做相干合成。
8.233000,45.000000,135.000000,dualpol_known_pol_vector,E3-E4,100.000000,360.000000,171.580747,531.580747,81.944444,-26.992756,105.399653,95.323073,176.533418,73,73,已知入射线极化角时，按 cos/sin 对 X/Y 双通道做相干合成。
8.233000,45.000000,0.000000,dualpol_known_pol_vector,E4-E1,97.260274,573.353338,172.850992,532.850992,64.285714,-39.141916,0.000000,0.000000,0.000000,71,73,已知入射线极化角时，按 cos/sin 对 X/Y 双通道做相干合成。
8.233000,45.000000,45.000000,dualpol_known_pol_vector,E4-E1,100.000000,360.000000,174.150604,-185.849396,66.666667,-25.214584,106.694266,89.775868,176.924003,73,73,已知入射线极化角时，按 cos/sin 对 X/Y 双通道做相干合成。
8.233000,45.000000,90.000000,dualpol_known_pol_vector,E4-E1,100.000000,773.594690,10.572797,370.572797,56.944444,-28.680295,106.622475,93.398285,168.822508,73,73,已知入射线极化角时，按 cos/sin 对 X/Y 双通道做相干合成。
8.233000,45.000000,135.000000,dualpol_known_pol_vector,E4-E1,100.000000,364.486782,165.779274,-194.220726,61.111111,-21.584940,119.375879,106.497544,178.689462,73,73,已知入射线极化角时，按 cos/sin 对 X/Y 双通道做相干合成。
8.233000,60.000000,0.000000,dualpol_known_pol_vector,E1-E3,100.000000,251.868750,-9.265056,-9.265056,54.166667,-15.657329,0.000000,0.000000,0.000000,73,73,已知入射线极化角时，按 cos/sin 对 X/Y 双通道做相干合成。
8.233000,60.000000,45.000000,dualpol_known_pol_vector,E1-E3,98.630137,596.532802,9.206521,-350.793479,52.112676,-35.541611,98.864203,65.080613,178.733674,72,73,已知入射线极化角时，按 cos/sin 对 X/Y 双通道做相干合成。
8.233000,60.000000,90.000000,dualpol_known_pol_vector,E1-E3,100.000000,373.089022,-173.190697,186.809303,59.722222,-34.514774,153.719463,149.293170,179.834858,73,73,已知入射线极化角时，按 cos/sin 对 X/Y 双通道做相干合成。
8.233000,60.000000,135.000000,dualpol_known_pol_vector,E1-E3,100.000000,519.428548,45.726023,-314.273977,59.722222,-33.646721,65.462795,51.027912,177.092953,73,73,已知入射线极化角时，按 cos/sin 对 X/Y 双通道做相干合成。
8.233000,60.000000,0.000000,dualpol_known_pol_vector,E2-E4,100.000000,448.438903,154.401232,154.401232,59.722222,-23.608519,0.000000,0.000000,0.000000,73,73,已知入射线极化角时，按 cos/sin 对 X/Y 双通道做相干合成。
8.233000,60.000000,45.000000,dualpol_known_pol_vector,E2-E4,100.000000,360.000000,127.825944,487.825944,73.611111,-29.129502,87.023514,57.630709,177.202694,73,73,已知入射线极化角时，按 cos/sin 对 X/Y 双通道做相干合成。
8.233000,60.000000,90.000000,dualpol_known_pol_vector,E2-E4,100.000000,533.183902,16.211248,16.211248,51.388889,-26.081447,141.077140,136.606472,179.627723,73,73,已知入射线极化角时，按 cos/sin 对 X/Y 双通道做相干合成。
8.233000,60.000000,135.000000,dualpol_known_pol_vector,E2-E4,100.000000,720.000000,-159.246262,560.753738,62.500000,-30.645364,113.770860,99.825807,176.328949,73,73,已知入射线极化角时，按 cos/sin 对 X/Y 双通道做相干合成。
8.233000,60.000000,0.000000,dualpol_known_pol_vector,E1-E2,100.000000,135.317836,25.109304,25.109304,56.944444,-12.123628,0.000000,0.000000,0.000000,73,73,已知入射线极化角时，按 cos/sin 对 X/Y 双通道做相干合成。
8.233000,60.000000,45.000000,dualpol_known_pol_vector,E1-E2,100.000000,117.470308,61.169443,61.169443,56.944444,-14.949427,21.415279,16.551370,59.076945,73,73,已知入射线极化角时，按 cos/sin 对 X/Y 双通道做相干合成。
8.233000,60.000000,90.000000,dualpol_known_pol_vector,E1-E2,98.630137,220.233320,-15.994684,-15.994684,70.422535,-35.177707,47.703875,38.924654,133.887996,72,73,已知入射线极化角时，按 cos/sin 对 X/Y 双通道做相干合成。
8.233000,60.000000,135.000000,dualpol_known_pol_vector,E1-E2,100.000000,366.585675,23.825659,-336.174341,50.000000,-30.645364,52.182843,40.004190,166.845579,73,73,已知入射线极化角时，按 cos/sin 对 X/Y 双通道做相干合成。
8.233000,60.000000,0.000000,dualpol_known_pol_vector,E2-E3,100.000000,373.572148,-34.374360,-34.374360,61.111111,-16.191342,0.000000,0.000000,0.000000,73,73,已知入射线极化角时，按 cos/sin 对 X/Y 双通道做相干合成。
8.233000,60.000000,45.000000,dualpol_known_pol_vector,E2-E3,98.630137,684.015167,-51.962921,-411.962921,56.338028,-35.541611,94.131288,62.319156,179.941760,72,73,已知入射线极化角时，按 cos/sin 对 X/Y 双通道做相干合成。
8.233000,60.000000,90.000000,dualpol_known_pol_vector,E2-E3,100.000000,432.945815,-157.196013,202.803987,55.555556,-25.292222,129.707561,123.243228,178.568963,73,73,已知入射线极化角时，按 cos/sin 对 X/Y 双通道做相干合成。
8.233000,60.000000,135.000000,dualpol_known_pol_vector,E2-E3,98.630137,464.456170,21.900364,21.900364,53.521127,-35.387038,51.599057,41.760451,120.395584,72,73,已知入射线极化角时，按 cos/sin 对 X/Y 双通道做相干合成。
8.233000,60.000000,0.000000,dualpol_known_pol_vector,E3-E4,100.000000,96.378936,-171.224409,-171.224409,51.388889,-14.757060,0.000000,0.000000,0.000000,73,73,已知入射线极化角时，按 cos/sin 对 X/Y 双通道做相干合成。
8.233000,60.000000,45.000000,dualpol_known_pol_vector,E3-E4,98.630137,446.344268,179.788865,539.788865,95.774648,-35.541611,37.859824,26.342957,178.666996,72,73,已知入射线极化角时，按 cos/sin 对 X/Y 双通道做相干合成。
8.233000,60.000000,90.000000,dualpol_known_pol_vector,E3-E4,100.000000,461.112470,173.407261,-186.592739,59.722222,-25.433330,33.015134,20.617797,175.026675,73,73,已知入射线极化角时，按 cos/sin 对 X/Y 双通道做相干合成。
8.233000,60.000000,135.000000,dualpol_known_pol_vector,E3-E4,100.000000,720.000000,178.853374,898.853374,100.000000,-28.748950,119.195757,109.297980,178.757361,73,73,已知入射线极化角时，按 cos/sin 对 X/Y 双通道做相干合成。
8.233000,60.000000,0.000000,dualpol_known_pol_vector,E4-E1,100.000000,327.289957,-179.510535,-179.510535,54.166667,-23.074506,0.000000,0.000000,0.000000,73,73,已知入射线极化角时，按 cos/sin 对 X/Y 双通道做相干合成。
8.233000,60.000000,45.000000,dualpol_known_pol_vector,E4-E1,100.000000,360.000000,171.004614,-188.995386,73.611111,-28.069452,88.847675,57.971252,179.393145,73,73,已知入射线极化角时，按 cos/sin 对 X/Y 双通道做相干合成。
8.233000,60.000000,90.000000,dualpol_known_pol_vector,E4-E1,100.000000,426.585910,-0.216564,-0.216564,50.000000,-34.529591,151.406772,149.894073,179.293971,73,73,已知入射线极化角时，按 cos/sin 对 X/Y 双通道做相干合成。
8.233000,60.000000,135.000000,dualpol_known_pol_vector,E4-E1,100.000000,360.000000,135.420603,-224.579397,69.444444,-20.470073,106.906735,93.755162,177.697342,73,73,已知入射线极化角时，按 cos/sin 对 X/Y 双通道做相干合成。
8.233000,75.000000,0.000000,dualpol_known_pol_vector,E1-E3,100.000000,132.716003,-2.924801,-2.924801,56.944444,-11.231415,0.000000,0.000000,0.000000,73,73,已知入射线极化角时，按 cos/sin 对 X/Y 双通道做相干合成。
8.233000,75.000000,45.000000,dualpol_known_pol_vector,E1-E3,100.000000,290.665257,18.247318,18.247318,68.055556,-29.000942,80.780454,51.787110,176.795248,73,73,已知入射线极化角时，按 cos/sin 对 X/Y 双通道做相干合成。
8.233000,75.000000,90.000000,dualpol_known_pol_vector,E1-E3,100.000000,397.847414,-169.007729,-169.007729,54.166667,-29.970181,155.011235,150.959338,179.783689,73,73,已知入射线极化角时，按 cos/sin 对 X/Y 双通道做相干合成。
8.233000,75.000000,135.000000,dualpol_known_pol_vector,E1-E3,98.630137,413.096500,82.572439,-277.427561,53.521127,-39.099123,71.797148,55.114887,178.368287,72,73,已知入射线极化角时，按 cos/sin 对 X/Y 双通道做相干合成。
8.233000,75.000000,0.000000,dualpol_known_pol_vector,E2-E4,100.000000,476.002595,152.047329,152.047329,59.722222,-12.695586,0.000000,0.000000,0.000000,73,73,已知入射线极化角时，按 cos/sin 对 X/Y 双通道做相干合成。
8.233000,75.000000,45.000000,dualpol_known_pol_vector,E2-E4,100.000000,360.000000,73.097771,433.097771,69.444444,-30.254924,81.300199,62.623572,177.762363,73,73,已知入射线极化角时，按 cos/sin 对 X/Y 双通道做相干合成。
8.233000,75.000000,90.000000,dualpol_known_pol_vector,E2-E4,98.630137,470.355994,8.657120,368.657120,56.338028,-35.335514,147.134691,139.895498,179.545741,72,73,已知入射线极化角时，按 cos/sin 对 X/Y 双通道做相干合成。
8.233000,75.000000,135.000000,dualpol_known_pol_vector,E2-E4,100.000000,720.000000,-139.897744,580.102256,58.333333,-27.528583,108.609965,94.323473,178.768769,73,73,已知入射线极化角时，按 cos/sin 对 X/Y 双通道做相干合成。
8.233000,75.000000,0.000000,dualpol_known_pol_vector,E1-E2,100.000000,211.017965,28.991001,28.991001,63.888889,-12.401563,0.000000,0.000000,0.000000,73,73,已知入射线极化角时，按 cos/sin 对 X/Y 双通道做相干合成。
8.233000,75.000000,45.000000,dualpol_known_pol_vector,E1-E2,100.000000,238.453969,123.678250,123.678250,51.388889,-30.254924,48.865614,37.529695,105.849208,73,73,已知入射线极化角时，按 cos/sin 对 X/Y 双通道做相干合成。
8.233000,75.000000,90.000000,dualpol_known_pol_vector,E1-E2,100.000000,411.127295,-7.079702,-367.079702,58.333333,-31.591663,61.511874,44.922941,172.447298,73,73,已知入射线极化角时，按 cos/sin 对 X/Y 双通道做相干合成。
8.233000,75.000000,135.000000,dualpol_known_pol_vector,E1-E2,98.630137,398.334674,49.742632,-310.257368,50.704225,-40.405373,46.477293,33.487865,175.299339,72,73,已知入射线极化角时，按 cos/sin 对 X/Y 双通道做相干合成。
8.233000,75.000000,0.000000,dualpol_known_pol_vector,E2-E3,100.000000,338.922336,-31.915801,-31.915801,61.111111,-12.401563,0.000000,0.000000,0.000000,73,73,已知入射线极化角时，按 cos/sin 对 X/Y 双通道做相干合成。
8.233000,75.000000,45.000000,dualpol_known_pol_vector,E2-E3,100.000000,467.441899,-105.430933,-105.430933,61.111111,-30.254924,82.521530,61.102763,179.802667,73,73,已知入射线极化角时，按 cos/sin 对 X/Y 双通道做相干合成。
8.233000,75.000000,90.000000,dualpol_known_pol_vector,E2-E3,100.000000,399.638484,-161.928027,198.071973,61.111111,-34.130765,138.088525,131.830281,179.661817,73,73,已知入射线极化角时，按 cos/sin 对 X/Y 双通道做相干合成。
8.233000,75.000000,135.000000,dualpol_known_pol_vector,E2-E3,100.000000,351.652640,32.829807,32.829807,54.166667,-29.119723,56.232084,45.953031,106.796412,73,73,已知入射线极化角时，按 cos/sin 对 X/Y 双通道做相干合成。
8.233000,75.000000,0.000000,dualpol_known_pol_vector,E3-E4,100.000000,158.064785,-176.036869,-176.036869,51.388889,-8.256935,0.000000,0.000000,0.000000,73,73,已知入射线极化角时，按 cos/sin 对 X/Y 双通道做相干合成。
8.233000,75.000000,45.000000,dualpol_known_pol_vector,E3-E4,100.000000,449.478091,178.528704,538.528704,80.555556,-29.000942,48.767557,29.885708,152.195394,73,73,已知入射线极化角时，按 cos/sin 对 X/Y 双通道做相干合成。
8.233000,75.000000,90.000000,dualpol_known_pol_vector,E3-E4,100.000000,286.374380,170.585148,170.585148,56.944444,-31.491789,27.913177,20.978098,74.146266,73,73,已知入射线极化角时，按 cos/sin 对 X/Y 双通道做相干合成。
8.233000,75.000000,135.000000,dualpol_known_pol_vector,E3-E4,100.000000,720.000000,-172.727550,547.272450,73.611111,-23.380518,109.173582,95.939126,176.657651,73,73,已知入射线极化角时，按 cos/sin 对 X/Y 双通道做相干合成。
8.233000,75.000000,0.000000,dualpol_known_pol_vector,E4-E1,100.000000,281.356395,178.961670,178.961670,50.000000,-12.671957,0.000000,0.000000,0.000000,73,73,已知入射线极化角时，按 cos/sin 对 X/Y 双通道做相干合成。
8.233000,75.000000,45.000000,dualpol_known_pol_vector,E4-E1,100.000000,360.000000,163.223978,-196.776022,76.388889,-24.758749,69.698217,44.427402,178.532907,73,73,已知入射线极化角时，按 cos/sin 对 X/Y 双通道做相干合成。
8.233000,75.000000,90.000000,dualpol_known_pol_vector,E4-E1,100.000000,651.753845,-1.577419,358.422581,52.777778,-31.491789,149.191659,145.309530,179.460911,73,73,已知入射线极化角时，按 cos/sin 对 X/Y 双通道做相干合成。
8.233000,75.000000,135.000000,dualpol_known_pol_vector,E4-E1,98.630137,360.679621,90.155111,-269.844889,76.056338,-39.099123,107.308539,94.434133,175.206084,72,73,已知入射线极化角时，按 cos/sin 对 X/Y 双通道做相干合成。
8.233000,90.000000,0.000000,dualpol_known_pol_vector,E1-E3,100.000000,20.329283,1.851478,1.851478,61.111111,-8.063870,0.000000,0.000000,0.000000,73,73,已知入射线极化角时，按 cos/sin 对 X/Y 双通道做相干合成。
8.233000,90.000000,45.000000,dualpol_known_pol_vector,E1-E3,100.000000,71.440000,60.706988,60.706988,55.555556,-21.447315,29.542526,23.955211,59.764920,73,73,已知入射线极化角时，按 cos/sin 对 X/Y 双通道做相干合成。
8.233000,90.000000,90.000000,dualpol_known_pol_vector,E1-E3,100.000000,360.000000,-163.994196,196.005804,87.500000,-23.914925,157.827281,155.837448,179.704328,73,73,已知入射线极化角时，按 cos/sin 对 X/Y 双通道做相干合成。
8.233000,90.000000,135.000000,dualpol_known_pol_vector,E1-E3,100.000000,458.109432,132.691161,-227.308839,52.777778,-32.481707,98.442507,78.137921,177.471324,73,73,已知入射线极化角时，按 cos/sin 对 X/Y 双通道做相干合成。
8.233000,90.000000,0.000000,dualpol_known_pol_vector,E2-E4,100.000000,484.020966,149.860243,149.860243,58.333333,-12.100959,0.000000,0.000000,0.000000,73,73,已知入射线极化角时，按 cos/sin 对 X/Y 双通道做相干合成。
8.233000,90.000000,45.000000,dualpol_known_pol_vector,E2-E4,100.000000,608.179046,21.808330,21.808330,52.777778,-24.320397,93.328696,68.912725,179.477181,73,73,已知入射线极化角时，按 cos/sin 对 X/Y 双通道做相干合成。
8.233000,90.000000,90.000000,dualpol_known_pol_vector,E2-E4,100.000000,883.348698,2.819958,-357.180042,52.777778,-29.320341,153.687259,148.872804,179.987181,73,73,已知入射线极化角时，按 cos/sin 对 X/Y 双通道做相干合成。
8.233000,90.000000,135.000000,dualpol_known_pol_vector,E2-E4,100.000000,379.670059,-116.924795,-116.924795,55.555556,-32.642902,80.873837,69.966009,128.683961,73,73,已知入射线极化角时，按 cos/sin 对 X/Y 双通道做相干合成。
8.233000,90.000000,0.000000,dualpol_known_pol_vector,E1-E2,100.000000,278.312439,33.941842,33.941842,62.500000,-12.195000,0.000000,0.000000,0.000000,73,73,已知入射线极化角时，按 cos/sin 对 X/Y 双通道做相干合成。
8.233000,90.000000,45.000000,dualpol_known_pol_vector,E1-E2,100.000000,421.250836,-143.762336,-143.762336,56.944444,-21.689036,97.870095,71.562042,178.859813,73,73,已知入射线极化角时，按 cos/sin 对 X/Y 双通道做相干合成。
8.233000,90.000000,90.000000,dualpol_known_pol_vector,E1-E2,100.000000,542.728938,-1.148106,358.851894,52.777778,-29.320341,57.846207,44.864222,163.246819,73,73,已知入射线极化角时，按 cos/sin 对 X/Y 双通道做相干合成。
8.233000,90.000000,135.000000,dualpol_known_pol_vector,E1-E2,100.000000,337.063700,85.496613,85.496613,52.777778,-26.218986,47.560632,36.479145,104.457420,73,73,已知入射线极化角时，按 cos/sin 对 X/Y 双通道做相干合成。
8.233000,90.000000,0.000000,dualpol_known_pol_vector,E2-E3,100.000000,272.428468,-32.090364,-32.090364,61.111111,-12.100959,0.000000,0.000000,0.000000,73,73,已知入射线极化角时，按 cos/sin 对 X/Y 双通道做相干合成。
8.233000,90.000000,45.000000,dualpol_known_pol_vector,E2-E3,100.000000,410.453990,-155.530676,-155.530676,50.000000,-21.481071,83.729623,59.097437,169.928027,73,73,已知入射线极化角时，按 cos/sin 对 X/Y 双通道做相干合成。
8.233000,90.000000,90.000000,dualpol_known_pol_vector,E2-E3,100.000000,331.123505,-162.846089,-162.846089,58.333333,-29.320341,149.420875,148.147920,179.926524,73,73,已知入射线极化角时，按 cos/sin 对 X/Y 双通道做相干合成。
8.233000,90.000000,135.000000,dualpol_known_pol_vector,E2-E3,100.000000,589.026264,47.194548,-312.805452,66.666667,-33.622517,81.938452,66.789414,172.847875,73,73,已知入射线极化角时，按 cos/sin 对 X/Y 双通道做相干合成。
8.233000,90.000000,0.000000,dualpol_known_pol_vector,E3-E4,100.000000,221.856112,-178.049393,-178.049393,52.777778,-5.988083,0.000000,0.000000,0.000000,73,73,已知入射线极化角时，按 cos/sin 对 X/Y 双通道做相干合成。
8.233000,90.000000,45.000000,dualpol_known_pol_vector,E3-E4,100.000000,262.688158,177.339006,177.339006,61.111111,-24.078676,25.479387,18.050781,74.581274,73,73,已知入射线极化角时，按 cos/sin 对 X/Y 双通道做相干合成。
8.233000,90.000000,90.000000,dualpol_known_pol_vector,E3-E4,100.000000,601.745212,165.666047,-194.333953,56.944444,-20.894673,43.256417,28.446135,165.230008,73,73,已知入射线极化角时，按 cos/sin 对 X/Y 双通道做相干合成。
8.233000,90.000000,135.000000,dualpol_known_pol_vector,E3-E4,100.000000,508.108058,-164.119343,195.880657,50.000000,-25.748062,102.658124,90.977718,177.511628,73,73,已知入射线极化角时，按 cos/sin 对 X/Y 双通道做相干合成。
8.233000,90.000000,0.000000,dualpol_known_pol_vector,E4-E1,100.000000,225.906280,176.197915,176.197915,51.388889,-8.063870,0.000000,0.000000,0.000000,73,73,已知入射线极化角时，按 cos/sin 对 X/Y 双通道做相干合成。
8.233000,90.000000,45.000000,dualpol_known_pol_vector,E4-E1,100.000000,260.997593,121.954006,121.954006,55.555556,-23.463753,30.039794,25.432099,54.243909,73,73,已知入射线极化角时，按 cos/sin 对 X/Y 双通道做相干合成。
8.233000,90.000000,90.000000,dualpol_known_pol_vector,E4-E1,100.000000,507.080850,-1.671851,-1.671851,51.388889,-22.784131,148.799967,143.915432,179.842283,73,73,已知入射线极化角时，按 cos/sin 对 X/Y 双通道做相干合成。
8.233000,90.000000,135.000000,dualpol_known_pol_vector,E4-E1,100.000000,281.014418,31.428182,31.428182,61.111111,-31.502092,106.890828,97.029686,179.836608,73,73,已知入射线极化角时，按 cos/sin 对 X/Y 双通道做相干合成。
8.233000,45.000000,0.000000,dualpol_fixed_45deg_sum,E1-E3,100.000000,297.679579,-17.081198,-17.081198,51.388889,-23.236123,0.000000,0.000000,0.000000,73,73,固定 45 deg 双通道等权合成，作为无极化估计时的简单参考。
8.233000,45.000000,45.000000,dualpol_fixed_45deg_sum,E1-E3,100.000000,673.859809,4.509312,-355.490688,52.777778,-24.546007,96.950271,68.219897,178.494456,73,73,固定 45 deg 双通道等权合成，作为无极化估计时的简单参考。
8.233000,45.000000,90.000000,dualpol_fixed_45deg_sum,E1-E3,100.000000,690.339393,60.706988,-299.293012,55.555556,-32.646202,73.383365,64.307594,129.278405,73,73,固定 45 deg 双通道等权合成，作为无极化估计时的简单参考。
8.233000,45.000000,135.000000,dualpol_fixed_45deg_sum,E1-E3,100.000000,483.327835,179.821976,179.821976,51.388889,-30.313181,114.507412,90.482444,178.881697,73,73,固定 45 deg 双通道等权合成，作为无极化估计时的简单参考。
8.233000,45.000000,0.000000,dualpol_fixed_45deg_sum,E2-E4,100.000000,559.700808,173.330509,-186.669491,62.500000,-33.880106,0.000000,0.000000,0.000000,73,73,固定 45 deg 双通道等权合成，作为无极化估计时的简单参考。
8.233000,45.000000,45.000000,dualpol_fixed_45deg_sum,E2-E4,100.000000,362.914641,146.800865,506.800865,68.055556,-25.658692,102.817891,84.508129,176.447719,73,73,固定 45 deg 双通道等权合成，作为无极化估计时的简单参考。
8.233000,45.000000,90.000000,dualpol_fixed_45deg_sum,E2-E4,100.000000,453.379673,21.808330,381.808330,56.944444,-34.767712,107.203216,91.734317,178.477714,73,73,固定 45 deg 双通道等权合成，作为无极化估计时的简单参考。
8.233000,45.000000,135.000000,dualpol_fixed_45deg_sum,E2-E4,98.630137,635.394150,-9.205498,-369.205498,50.704225,-35.477459,93.277217,68.718300,177.478253,72,73,固定 45 deg 双通道等权合成，作为无极化估计时的简单参考。
8.233000,45.000000,0.000000,dualpol_fixed_45deg_sum,E1-E2,100.000000,84.569051,16.920530,16.920530,50.000000,-13.413473,0.000000,0.000000,0.000000,73,73,固定 45 deg 双通道等权合成，作为无极化估计时的简单参考。
8.233000,45.000000,45.000000,dualpol_fixed_45deg_sum,E1-E2,100.000000,95.709657,39.048531,39.048531,55.555556,-16.224871,19.418516,16.246861,63.457973,73,73,固定 45 deg 双通道等权合成，作为无极化估计时的简单参考。
8.233000,45.000000,90.000000,dualpol_fixed_45deg_sum,E1-E2,100.000000,141.312963,-143.762336,-143.762336,54.166667,-25.500944,142.835171,140.747298,179.847318,73,73,固定 45 deg 双通道等权合成，作为无极化估计时的简单参考。
8.233000,45.000000,135.000000,dualpol_fixed_45deg_sum,E1-E2,100.000000,87.304052,0.887091,0.887091,63.888889,-19.373739,18.334895,15.868752,46.293617,73,73,固定 45 deg 双通道等权合成，作为无极化估计时的简单参考。
8.233000,45.000000,0.000000,dualpol_fixed_45deg_sum,E2-E3,100.000000,319.520416,-34.001727,-34.001727,61.111111,-25.147950,0.000000,0.000000,0.000000,73,73,固定 45 deg 双通道等权合成，作为无极化估计时的简单参考。
8.233000,45.000000,45.000000,dualpol_fixed_45deg_sum,E2-E3,100.000000,646.918222,-34.539220,-394.539220,51.388889,-24.546007,97.102514,70.652024,178.920382,73,73,固定 45 deg 双通道等权合成，作为无极化估计时的简单参考。
8.233000,45.000000,90.000000,dualpol_fixed_45deg_sum,E2-E3,100.000000,699.342477,-155.530676,-515.530676,59.722222,-32.769200,107.458112,97.313684,160.892088,73,73,固定 45 deg 双通道等权合成，作为无极化估计时的简单参考。
8.233000,45.000000,135.000000,dualpol_fixed_45deg_sum,E2-E3,100.000000,452.495165,178.934885,178.934885,56.944444,-34.742911,116.882717,94.210364,179.919062,73,73,固定 45 deg 双通道等权合成，作为无极化估计时的简单参考。
8.233000,45.000000,0.000000,dualpol_fixed_45deg_sum,E3-E4,100.000000,452.512401,-152.667764,-512.667764,65.277778,-18.789903,0.000000,0.000000,0.000000,73,73,固定 45 deg 双通道等权合成，作为无极化估计时的简单参考。
8.233000,45.000000,45.000000,dualpol_fixed_45deg_sum,E3-E4,100.000000,730.210996,-178.659915,541.340085,86.111111,-26.028044,75.726646,62.671675,179.483434,73,73,固定 45 deg 双通道等权合成，作为无极化估计时的简单参考。
8.233000,45.000000,90.000000,dualpol_fixed_45deg_sum,E3-E4,98.630137,405.528487,177.339006,537.339006,78.873239,-35.326579,68.600886,57.737126,176.902985,72,73,固定 45 deg 双通道等权合成，作为无极化估计时的简单参考。
8.233000,45.000000,135.000000,dualpol_fixed_45deg_sum,E3-E4,100.000000,498.346251,171.859617,-188.140383,59.722222,-31.037217,67.750346,55.375592,172.267690,73,73,固定 45 deg 双通道等权合成，作为无极化估计时的简单参考。
8.233000,45.000000,0.000000,dualpol_fixed_45deg_sum,E4-E1,100.000000,571.094708,169.748961,529.748961,73.611111,-31.968279,0.000000,0.000000,0.000000,73,73,固定 45 deg 双通道等权合成，作为无极化估计时的简单参考。
8.233000,45.000000,45.000000,dualpol_fixed_45deg_sum,E4-E1,100.000000,360.000000,174.150604,-185.849396,66.666667,-25.214584,103.732329,84.675176,179.485533,73,73,固定 45 deg 双通道等权合成，作为无极化估计时的简单参考。
8.233000,45.000000,90.000000,dualpol_fixed_45deg_sum,E4-E1,100.000000,413.193588,121.954006,-238.045994,61.111111,-34.767712,86.420081,76.541166,174.248759,73,73,固定 45 deg 双通道等权合成，作为无极化估计时的简单参考。
8.233000,45.000000,135.000000,dualpol_fixed_45deg_sum,E4-E1,100.000000,676.758843,8.318407,368.318407,55.555556,-31.047729,92.704630,69.382764,177.695560,73,73,固定 45 deg 双通道等权合成，作为无极化估计时的简单参考。
8.233000,60.000000,0.000000,dualpol_fixed_45deg_sum,E1-E3,100.000000,239.932353,-4.224000,-4.224000,55.555556,-12.924899,0.000000,0.000000,0.000000,73,73,固定 45 deg 双通道等权合成，作为无极化估计时的简单参考。
8.233000,60.000000,45.000000,dualpol_fixed_45deg_sum,E1-E3,98.630137,596.532802,9.206521,-350.793479,52.112676,-35.541611,99.052190,62.899346,179.107199,72,73,固定 45 deg 双通道等权合成，作为无极化估计时的简单参考。
8.233000,60.000000,90.000000,dualpol_fixed_45deg_sum,E1-E3,98.630137,591.514679,156.526566,-203.473434,56.338028,-35.608655,141.598863,138.763069,163.420455,72,73,固定 45 deg 双通道等权合成，作为无极化估计时的简单参考。
8.233000,60.000000,135.000000,dualpol_fixed_45deg_sum,E1-E3,98.630137,369.883654,-173.216516,-173.216516,56.338028,-40.392180,107.774276,74.146411,179.851487,72,73,固定 45 deg 双通道等权合成，作为无极化估计时的简单参考。
8.233000,60.000000,0.000000,dualpol_fixed_45deg_sum,E2-E4,100.000000,468.535132,161.944270,161.944270,59.722222,-22.222013,0.000000,0.000000,0.000000,73,73,固定 45 deg 双通道等权合成，作为无极化估计时的简单参考。
8.233000,60.000000,45.000000,dualpol_fixed_45deg_sum,E2-E4,100.000000,360.000000,127.825944,487.825944,73.611111,-29.129502,85.454421,57.076703,178.379183,73,73,固定 45 deg 双通道等权合成，作为无极化估计时的简单参考。
8.233000,60.000000,90.000000,dualpol_fixed_45deg_sum,E2-E4,95.890411,360.000000,4.316877,364.316877,57.971014,-40.518185,136.534466,128.082460,177.890084,70,73,固定 45 deg 双通道等权合成，作为无极化估计时的简单参考。
8.233000,60.000000,135.000000,dualpol_fixed_45deg_sum,E2-E4,98.630137,663.732640,-14.001794,-374.001794,50.704225,-45.140106,113.952852,87.325214,179.717558,72,73,固定 45 deg 双通道等权合成，作为无极化估计时的简单参考。
8.233000,60.000000,0.000000,dualpol_fixed_45deg_sum,E1-E2,100.000000,126.553375,22.081586,22.081586,55.555556,-11.621695,0.000000,0.000000,0.000000,73,73,固定 45 deg 双通道等权合成，作为无极化估计时的简单参考。
8.233000,60.000000,45.000000,dualpol_fixed_45deg_sum,E1-E2,100.000000,117.470308,61.169443,61.169443,56.944444,-14.949427,21.423002,17.997790,44.002943,73,73,固定 45 deg 双通道等权合成，作为无极化估计时的简单参考。
8.233000,60.000000,90.000000,dualpol_fixed_45deg_sum,E1-E2,100.000000,528.987038,-31.744825,-391.744825,83.333333,-33.052874,83.013109,73.443530,175.782962,73,73,固定 45 deg 双通道等权合成，作为无极化估计时的简单参考。
8.233000,60.000000,135.000000,dualpol_fixed_45deg_sum,E1-E2,100.000000,165.551592,7.161606,7.161606,61.111111,-25.704166,25.853931,19.591084,65.910381,73,73,固定 45 deg 双通道等权合成，作为无极化估计时的简单参考。
8.233000,60.000000,0.000000,dualpol_fixed_45deg_sum,E2-E3,100.000000,357.628614,-26.305586,-26.305586,61.111111,-14.124392,0.000000,0.000000,0.000000,73,73,固定 45 deg 双通道等权合成，作为无极化估计时的简单参考。
8.233000,60.000000,45.000000,dualpol_fixed_45deg_sum,E2-E3,98.630137,684.015167,-51.962921,-411.962921,56.338028,-35.541611,95.470511,64.485488,179.932617,72,73,固定 45 deg 双通道等权合成，作为无极化估计时的简单参考。
8.233000,60.000000,90.000000,dualpol_fixed_45deg_sum,E2-E3,97.260274,360.000000,-171.728609,188.271391,55.714286,-35.708159,139.239024,130.542553,179.995257,71,73,固定 45 deg 双通道等权合成，作为无极化估计时的简单参考。
8.233000,60.000000,135.000000,dualpol_fixed_45deg_sum,E2-E3,98.630137,419.332355,179.621878,179.621878,56.338028,-43.646452,107.213036,79.962783,179.645537,72,73,固定 45 deg 双通道等权合成，作为无极化估计时的简单参考。
8.233000,60.000000,0.000000,dualpol_fixed_45deg_sum,E3-E4,100.000000,133.504411,-171.750144,-171.750144,55.555556,-14.465080,0.000000,0.000000,0.000000,73,73,固定 45 deg 双通道等权合成，作为无极化估计时的简单参考。
8.233000,60.000000,45.000000,dualpol_fixed_45deg_sum,E3-E4,98.630137,446.344268,179.788865,539.788865,95.774648,-35.541611,39.301082,25.042058,166.249601,72,73,固定 45 deg 双通道等权合成，作为无极化估计时的简单参考。
8.233000,60.000000,90.000000,dualpol_fixed_45deg_sum,E3-E4,97.260274,149.772734,176.045486,176.045486,55.714286,-40.859373,17.102992,15.190295,42.701274,71,73,固定 45 deg 双通道等权合成，作为无极化估计时的简单参考。
8.233000,60.000000,135.000000,dualpol_fixed_45deg_sum,E3-E4,97.260274,296.070954,166.376328,166.376328,67.142857,-41.142321,29.321971,18.810287,120.889783,71,73,固定 45 deg 双通道等权合成，作为无极化估计时的简单参考。
8.233000,60.000000,0.000000,dualpol_fixed_45deg_sum,E4-E1,100.000000,353.132237,175.974145,175.974145,54.166667,-21.022520,0.000000,0.000000,0.000000,73,73,固定 45 deg 双通道等权合成，作为无极化估计时的简单参考。
8.233000,60.000000,45.000000,dualpol_fixed_45deg_sum,E4-E1,100.000000,360.000000,171.004614,-188.995386,73.611111,-28.069452,83.460014,53.271805,179.023405,73,73,固定 45 deg 双通道等权合成，作为无极化估计时的简单参考。
8.233000,60.000000,90.000000,dualpol_fixed_45deg_sum,E4-E1,97.260274,436.850309,27.427948,27.427948,54.285714,-40.518185,143.580053,139.521286,179.603090,71,73,固定 45 deg 双通道等权合成，作为无极化估计时的简单参考。
8.233000,60.000000,135.000000,dualpol_fixed_45deg_sum,E4-E1,98.630137,630.758292,6.840189,366.840189,57.746479,-41.885834,110.882283,79.672680,179.360931,72,73,固定 45 deg 双通道等权合成，作为无极化估计时的简单参考。
8.233000,75.000000,0.000000,dualpol_fixed_45deg_sum,E1-E3,100.000000,131.134088,0.644553,0.644553,56.944444,-7.821867,0.000000,0.000000,0.000000,73,73,固定 45 deg 双通道等权合成，作为无极化估计时的简单参考。
8.233000,75.000000,45.000000,dualpol_fixed_45deg_sum,E1-E3,100.000000,290.665257,18.247318,18.247318,68.055556,-29.000942,81.812593,53.072917,179.216024,73,73,固定 45 deg 双通道等权合成，作为无极化估计时的简单参考。
8.233000,75.000000,90.000000,dualpol_fixed_45deg_sum,E1-E3,100.000000,370.844981,172.903118,532.903118,51.388889,-30.362246,157.996829,156.410472,172.767041,73,73,固定 45 deg 双通道等权合成，作为无极化估计时的简单参考。
8.233000,75.000000,135.000000,dualpol_fixed_45deg_sum,E1-E3,100.000000,205.260357,-147.696643,-147.696643,55.555556,-34.788880,69.336163,45.290023,170.406159,73,73,固定 45 deg 双通道等权合成，作为无极化估计时的简单参考。
8.233000,75.000000,0.000000,dualpol_fixed_45deg_sum,E2-E4,100.000000,509.310374,155.605710,155.605710,61.111111,-11.143975,0.000000,0.000000,0.000000,73,73,固定 45 deg 双通道等权合成，作为无极化估计时的简单参考。
8.233000,75.000000,45.000000,dualpol_fixed_45deg_sum,E2-E4,100.000000,360.000000,73.097771,433.097771,69.444444,-30.254924,78.662879,61.031886,175.737834,73,73,固定 45 deg 双通道等权合成，作为无极化估计时的简单参考。
8.233000,75.000000,90.000000,dualpol_fixed_45deg_sum,E2-E4,98.630137,871.296455,-3.843174,-363.843174,50.704225,-36.063245,149.430048,144.370076,179.824491,72,73,固定 45 deg 双通道等权合成，作为无极化估计时的简单参考。
8.233000,75.000000,135.000000,dualpol_fixed_45deg_sum,E2-E4,98.630137,550.849725,-22.165167,-22.165167,50.704225,-37.186631,101.574220,77.230728,178.728931,72,73,固定 45 deg 双通道等权合成，作为无极化估计时的简单参考。
8.233000,75.000000,0.000000,dualpol_fixed_45deg_sum,E1-E2,100.000000,203.918568,28.684538,28.684538,63.888889,-9.929121,0.000000,0.000000,0.000000,73,73,固定 45 deg 双通道等权合成，作为无极化估计时的简单参考。
8.233000,75.000000,45.000000,dualpol_fixed_45deg_sum,E1-E2,100.000000,238.453969,123.678250,123.678250,51.388889,-30.254924,48.609440,37.806575,104.939639,73,73,固定 45 deg 双通道等权合成，作为无极化估计时的简单参考。
8.233000,75.000000,90.000000,dualpol_fixed_45deg_sum,E1-E2,98.630137,497.233349,-8.849568,351.150432,52.112676,-36.063245,67.591262,55.618364,169.136585,72,73,固定 45 deg 双通道等权合成，作为无极化估计时的简单参考。
8.233000,75.000000,135.000000,dualpol_fixed_45deg_sum,E1-E2,100.000000,247.529842,12.188602,12.188602,61.111111,-21.472150,35.389515,27.704885,70.901703,73,73,固定 45 deg 双通道等权合成，作为无极化估计时的简单参考。
8.233000,75.000000,0.000000,dualpol_fixed_45deg_sum,E2-E3,100.000000,332.577945,-28.039985,-28.039985,61.111111,-9.503839,0.000000,0.000000,0.000000,73,73,固定 45 deg 双通道等权合成，作为无极化估计时的简单参考。
8.233000,75.000000,45.000000,dualpol_fixed_45deg_sum,E2-E3,100.000000,467.441899,-105.430933,-105.430933,61.111111,-30.254924,85.329554,63.896703,179.294377,73,73,固定 45 deg 双通道等权合成，作为无极化估计时的简单参考。
8.233000,75.000000,90.000000,dualpol_fixed_45deg_sum,E2-E3,98.630137,368.330289,-178.247314,-178.247314,57.746479,-36.063245,144.468802,138.143407,179.728288,72,73,固定 45 deg 双通道等权合成，作为无极化估计时的简单参考。
8.233000,75.000000,135.000000,dualpol_fixed_45deg_sum,E2-E3,97.260274,416.644391,-159.885245,-159.885245,51.428571,-36.886806,64.738988,46.123559,159.309322,71,73,固定 45 deg 双通道等权合成，作为无极化估计时的简单参考。
8.233000,75.000000,0.000000,dualpol_fixed_45deg_sum,E3-E4,100.000000,190.370094,-176.354306,-176.354306,51.388889,-8.965557,0.000000,0.000000,0.000000,73,73,固定 45 deg 双通道等权合成，作为无极化估计时的简单参考。
8.233000,75.000000,45.000000,dualpol_fixed_45deg_sum,E3-E4,100.000000,449.478091,178.528704,538.528704,80.555556,-29.000942,53.914304,32.076619,158.701858,73,73,固定 45 deg 双通道等权合成，作为无极化估计时的简单参考。
8.233000,75.000000,90.000000,dualpol_fixed_45deg_sum,E3-E4,100.000000,529.945440,174.404140,-185.595860,56.944444,-30.362246,29.287621,17.132908,146.803123,73,73,固定 45 deg 双通道等权合成，作为无极化估计时的简单参考。
8.233000,75.000000,135.000000,dualpol_fixed_45deg_sum,E3-E4,100.000000,483.659273,137.720078,137.720078,66.666667,-33.796795,61.302238,36.910463,176.719389,73,73,固定 45 deg 双通道等权合成，作为无极化估计时的简单参考。
8.233000,75.000000,0.000000,dualpol_fixed_45deg_sum,E4-E1,100.000000,310.029399,175.709753,175.709753,56.944444,-11.569256,0.000000,0.000000,0.000000,73,73,固定 45 deg 双通道等权合成，作为无极化估计时的简单参考。
8.233000,75.000000,45.000000,dualpol_fixed_45deg_sum,E4-E1,100.000000,360.000000,163.223978,-196.776022,76.388889,-24.758749,64.528186,36.618541,179.539689,73,73,固定 45 deg 双通道等权合成，作为无极化估计时的简单参考。
8.233000,75.000000,90.000000,dualpol_fixed_45deg_sum,E4-E1,100.000000,532.681437,12.692742,12.692742,52.777778,-29.518409,148.102666,143.495885,179.424941,73,73,固定 45 deg 双通道等权合成，作为无极化估计时的简单参考。
8.233000,75.000000,135.000000,dualpol_fixed_45deg_sum,E4-E1,98.630137,421.811899,9.976565,9.976565,56.338028,-35.088706,94.854280,63.898533,179.217446,72,73,固定 45 deg 双通道等权合成，作为无极化估计时的简单参考。
8.233000,90.000000,0.000000,dualpol_fixed_45deg_sum,E1-E3,100.000000,9.566395,4.509312,4.509312,50.000000,-6.073264,0.000000,0.000000,0.000000,73,73,固定 45 deg 双通道等权合成，作为无极化估计时的简单参考。
8.233000,90.000000,45.000000,dualpol_fixed_45deg_sum,E1-E3,100.000000,71.440000,60.706988,60.706988,55.555556,-21.447315,31.895863,27.305202,56.197676,73,73,固定 45 deg 双通道等权合成，作为无极化估计时的简单参考。
8.233000,90.000000,90.000000,dualpol_fixed_45deg_sum,E1-E3,98.630137,75.473527,179.821976,179.821976,77.464789,-37.063934,170.323487,170.164913,179.634100,72,73,固定 45 deg 双通道等权合成，作为无极化估计时的简单参考。
8.233000,90.000000,135.000000,dualpol_fixed_45deg_sum,E1-E3,100.000000,94.945698,-17.081198,-17.081198,56.944444,-24.600282,36.324842,28.730731,88.403122,73,73,固定 45 deg 双通道等权合成，作为无极化估计时的简单参考。
8.233000,90.000000,0.000000,dualpol_fixed_45deg_sum,E2-E4,100.000000,527.477828,146.800865,146.800865,59.722222,-8.668605,0.000000,0.000000,0.000000,73,73,固定 45 deg 双通道等权合成，作为无极化估计时的简单参考。
8.233000,90.000000,45.000000,dualpol_fixed_45deg_sum,E2-E4,100.000000,608.179046,21.808330,21.808330,52.777778,-24.320397,85.401648,62.966398,173.620170,73,73,固定 45 deg 双通道等权合成，作为无极化估计时的简单参考。
8.233000,90.000000,90.000000,dualpol_fixed_45deg_sum,E2-E4,100.000000,870.276149,-9.205498,-369.205498,54.166667,-26.817123,155.837166,152.156088,179.795707,73,73,固定 45 deg 双通道等权合成，作为无极化估计时的简单参考。
8.233000,90.000000,135.000000,dualpol_fixed_45deg_sum,E2-E4,98.630137,386.303853,173.330509,533.330509,63.380282,-37.804919,48.886368,36.199047,131.998571,72,73,固定 45 deg 双通道等权合成，作为无极化估计时的简单参考。
8.233000,90.000000,0.000000,dualpol_fixed_45deg_sum,E1-E2,100.000000,277.907917,39.048531,39.048531,59.722222,-9.515086,0.000000,0.000000,0.000000,73,73,固定 45 deg 双通道等权合成，作为无极化估计时的简单参考。
8.233000,90.000000,45.000000,dualpol_fixed_45deg_sum,E1-E2,100.000000,421.250836,-143.762336,-143.762336,56.944444,-21.689036,98.758374,71.606694,179.864373,73,73,固定 45 deg 双通道等权合成，作为无极化估计时的简单参考。
8.233000,90.000000,90.000000,dualpol_fixed_45deg_sum,E1-E2,100.000000,544.485505,0.887091,360.887091,52.777778,-28.621337,53.814968,43.378493,170.852536,73,73,固定 45 deg 双通道等权合成，作为无极化估计时的简单参考。
8.233000,90.000000,135.000000,dualpol_fixed_45deg_sum,E1-E2,98.630137,347.071012,16.920530,16.920530,64.788732,-37.804919,63.911328,46.428541,175.648248,72,73,固定 45 deg 双通道等权合成，作为无极化估计时的简单参考。
8.233000,90.000000,0.000000,dualpol_fixed_45deg_sum,E2-E3,100.000000,280.776854,-34.539220,-34.539220,61.111111,-9.768204,0.000000,0.000000,0.000000,73,73,固定 45 deg 双通道等权合成，作为无极化估计时的简单参考。
8.233000,90.000000,45.000000,dualpol_fixed_45deg_sum,E2-E3,100.000000,410.453990,-155.530676,-155.530676,50.000000,-21.481071,81.822856,57.534941,168.243630,73,73,固定 45 deg 双通道等权合成，作为无极化估计时的简单参考。
8.233000,90.000000,90.000000,dualpol_fixed_45deg_sum,E2-E3,98.630137,364.069251,178.934885,178.934885,50.704225,-40.501609,149.032555,146.840138,179.929768,72,73,固定 45 deg 双通道等权合成，作为无极化估计时的简单参考。
8.233000,90.000000,135.000000,dualpol_fixed_45deg_sum,E2-E3,98.630137,319.270540,-34.001727,-34.001727,60.563380,-37.804919,43.499459,26.501207,135.917599,72,73,固定 45 deg 双通道等权合成，作为无极化估计时的简单参考。
8.233000,90.000000,0.000000,dualpol_fixed_45deg_sum,E3-E4,100.000000,251.340373,-178.659915,-178.659915,55.555556,-6.164555,0.000000,0.000000,0.000000,73,73,固定 45 deg 双通道等权合成，作为无极化估计时的简单参考。
8.233000,90.000000,45.000000,dualpol_fixed_45deg_sum,E3-E4,100.000000,262.688158,177.339006,177.339006,61.111111,-24.078676,20.668407,14.727444,62.812770,73,73,固定 45 deg 双通道等权合成，作为无极化估计时的简单参考。
8.233000,90.000000,90.000000,dualpol_fixed_45deg_sum,E3-E4,98.630137,645.755745,171.859617,-188.140383,56.338028,-35.512848,45.050944,28.965920,169.741417,72,73,固定 45 deg 双通道等权合成，作为无极化估计时的简单参考。
8.233000,90.000000,135.000000,dualpol_fixed_45deg_sum,E3-E4,100.000000,276.910162,-152.667764,-152.667764,56.944444,-31.361308,23.856030,16.860492,72.319216,73,73,固定 45 deg 双通道等权合成，作为无极化估计时的简单参考。
8.233000,90.000000,0.000000,dualpol_fixed_45deg_sum,E4-E1,100.000000,255.534932,174.150604,174.150604,55.555556,-5.911436,0.000000,0.000000,0.000000,73,73,固定 45 deg 双通道等权合成，作为无极化估计时的简单参考。
8.233000,90.000000,45.000000,dualpol_fixed_45deg_sum,E4-E1,100.000000,260.997593,121.954006,121.954006,55.555556,-23.463753,25.046276,18.445039,52.517099,73,73,固定 45 deg 双通道等权合成，作为无极化估计时的简单参考。
8.233000,90.000000,90.000000,dualpol_fixed_45deg_sum,E4-E1,100.000000,505.734124,8.318407,8.318407,51.388889,-25.183662,147.761616,142.974551,179.659616,73,73,固定 45 deg 双通道等权合成，作为无极化估计时的简单参考。
8.233000,90.000000,135.000000,dualpol_fixed_45deg_sum,E4-E1,100.000000,292.053419,169.748961,169.748961,51.388889,-33.229089,34.831427,24.040951,88.169701,73,73,固定 45 deg 双通道等权合成，作为无极化估计时的简单参考。
8.233000,45.000000,0.000000,legacy_cp_minus90,E1-E3,100.000000,323.255087,24.029599,24.029599,59.722222,-21.803393,0.000000,0.000000,0.000000,73,73,沿用圆极化路线的 A + B*(-90 deg) 合成，仅作对照。
8.233000,45.000000,45.000000,legacy_cp_minus90,E1-E3,100.000000,686.441378,19.730830,-340.269170,51.388889,-32.252809,106.840235,75.047185,178.429189,73,73,沿用圆极化路线的 A + B*(-90 deg) 合成，仅作对照。
8.233000,45.000000,90.000000,legacy_cp_minus90,E1-E3,100.000000,391.061107,94.147123,454.147123,59.722222,-34.455938,97.064357,82.581433,177.153029,73,73,沿用圆极化路线的 A + B*(-90 deg) 合成，仅作对照。
8.233000,45.000000,135.000000,legacy_cp_minus90,E1-E3,100.000000,416.739603,162.833288,162.833288,50.000000,-26.320053,86.697329,68.949826,145.237202,73,73,沿用圆极化路线的 A + B*(-90 deg) 合成，仅作对照。
8.233000,45.000000,0.000000,legacy_cp_minus90,E2-E4,95.890411,605.005148,-167.685971,-527.685971,57.971014,-45.480443,0.000000,0.000000,0.000000,70,73,沿用圆极化路线的 A + B*(-90 deg) 合成，仅作对照。
8.233000,45.000000,45.000000,legacy_cp_minus90,E2-E4,100.000000,360.000000,155.626264,515.626264,66.666667,-33.860760,106.772054,86.846558,175.047682,73,73,沿用圆极化路线的 A + B*(-90 deg) 合成，仅作对照。
8.233000,45.000000,90.000000,legacy_cp_minus90,E2-E4,100.000000,291.736092,-9.836718,-9.836718,55.555556,-31.490885,112.022579,97.814241,179.625888,73,73,沿用圆极化路线的 A + B*(-90 deg) 合成，仅作对照。
8.233000,45.000000,135.000000,legacy_cp_minus90,E2-E4,97.260274,651.539870,-21.955504,-381.955504,58.571429,-43.368273,94.564881,70.016607,176.976330,71,73,沿用圆极化路线的 A + B*(-90 deg) 合成，仅作对照。
8.233000,45.000000,0.000000,legacy_cp_minus90,E1-E2,100.000000,96.652804,21.805408,21.805408,51.388889,-13.832242,0.000000,0.000000,0.000000,73,73,沿用圆极化路线的 A + B*(-90 deg) 合成，仅作对照。
8.233000,45.000000,45.000000,legacy_cp_minus90,E1-E2,100.000000,92.018827,42.761265,42.761265,55.555556,-12.169129,19.077261,17.169355,45.975129,73,73,沿用圆极化路线的 A + B*(-90 deg) 合成，仅作对照。
8.233000,45.000000,90.000000,legacy_cp_minus90,E1-E2,100.000000,720.000000,-77.058814,642.941186,84.722222,-25.200210,86.978519,77.511458,178.832515,73,73,沿用圆极化路线的 A + B*(-90 deg) 合成，仅作对照。
8.233000,45.000000,135.000000,legacy_cp_minus90,E1-E2,100.000000,140.740200,5.118275,5.118275,59.722222,-25.494476,26.330976,19.492390,106.187744,73,73,沿用圆极化路线的 A + B*(-90 deg) 合成，仅作对照。
8.233000,45.000000,0.000000,legacy_cp_minus90,E2-E3,100.000000,357.515965,2.224191,2.224191,62.500000,-23.978306,0.000000,0.000000,0.000000,73,73,沿用圆极化路线的 A + B*(-90 deg) 合成，仅作对照。
8.233000,45.000000,45.000000,legacy_cp_minus90,E2-E3,100.000000,660.822034,-23.030436,-383.030436,51.388889,-33.511514,102.276200,79.794637,179.358955,73,73,沿用圆极化路线的 A + B*(-90 deg) 合成，仅作对照。
8.233000,45.000000,90.000000,legacy_cp_minus90,E2-E3,100.000000,614.708225,171.205938,-188.794062,66.666667,-34.455938,135.643533,129.210067,174.827418,73,73,沿用圆极化路线的 A + B*(-90 deg) 合成，仅作对照。
8.233000,45.000000,135.000000,legacy_cp_minus90,E2-E3,100.000000,397.571973,157.715013,157.715013,55.555556,-30.589996,98.588003,81.971831,162.837235,73,73,沿用圆极化路线的 A + B*(-90 deg) 合成，仅作对照。
8.233000,45.000000,0.000000,legacy_cp_minus90,E3-E4,100.000000,445.931493,-169.910161,-529.910161,62.500000,-30.558979,0.000000,0.000000,0.000000,73,73,沿用圆极化路线的 A + B*(-90 deg) 合成，仅作对照。
8.233000,45.000000,45.000000,legacy_cp_minus90,E3-E4,100.000000,729.333144,178.656700,898.656700,77.777778,-32.602056,76.799678,57.426069,179.716457,73,73,沿用圆极化路线的 A + B*(-90 deg) 合成，仅作对照。
8.233000,45.000000,90.000000,legacy_cp_minus90,E3-E4,100.000000,360.113647,178.957345,538.957345,73.611111,-34.455938,68.999390,50.118482,176.337784,73,73,沿用圆极化路线的 A + B*(-90 deg) 合成，仅作对照。
8.233000,45.000000,135.000000,legacy_cp_minus90,E3-E4,98.630137,495.751296,-179.670517,-539.670517,56.338028,-37.849394,61.297221,44.222382,160.467745,72,73,沿用圆极化路线的 A + B*(-90 deg) 合成，仅作对照。
8.233000,45.000000,0.000000,legacy_cp_minus90,E4-E1,98.630137,618.837193,145.880563,505.880563,61.971831,-43.305531,0.000000,0.000000,0.000000,72,73,沿用圆极化路线的 A + B*(-90 deg) 合成，仅作对照。
8.233000,45.000000,45.000000,legacy_cp_minus90,E4-E1,100.000000,360.000000,161.612471,-198.387529,65.277778,-32.259427,107.226537,84.557056,178.138879,73,73,沿用圆极化路线的 A + B*(-90 deg) 合成，仅作对照。
8.233000,45.000000,90.000000,legacy_cp_minus90,E4-E1,100.000000,720.000000,86.895532,-633.104468,66.666667,-31.490885,88.715727,78.332806,177.900948,73,73,沿用圆极化路线的 A + B*(-90 deg) 合成，仅作对照。
8.233000,45.000000,135.000000,legacy_cp_minus90,E4-E1,98.630137,685.887827,16.837229,376.837229,50.704225,-39.098330,86.150340,57.364791,179.305913,72,73,沿用圆极化路线的 A + B*(-90 deg) 合成，仅作对照。
8.233000,60.000000,0.000000,legacy_cp_minus90,E1-E3,100.000000,237.315225,15.586678,15.586678,56.944444,-14.085376,0.000000,0.000000,0.000000,73,73,沿用圆极化路线的 A + B*(-90 deg) 合成，仅作对照。
8.233000,60.000000,45.000000,legacy_cp_minus90,E1-E3,100.000000,381.036544,27.660177,27.660177,62.500000,-29.436277,92.086402,59.971149,179.949722,73,73,沿用圆极化路线的 A + B*(-90 deg) 合成，仅作对照。
8.233000,60.000000,90.000000,legacy_cp_minus90,E1-E3,100.000000,459.241041,139.465671,139.465671,54.166667,-30.667333,132.900689,128.813176,177.686814,73,73,沿用圆极化路线的 A + B*(-90 deg) 合成，仅作对照。
8.233000,60.000000,135.000000,legacy_cp_minus90,E1-E3,100.000000,318.256150,162.193028,162.193028,56.944444,-24.790830,88.371664,67.232757,154.362460,73,73,沿用圆极化路线的 A + B*(-90 deg) 合成，仅作对照。
8.233000,60.000000,0.000000,legacy_cp_minus90,E2-E4,100.000000,492.644672,168.303833,168.303833,59.722222,-23.897543,0.000000,0.000000,0.000000,73,73,沿用圆极化路线的 A + B*(-90 deg) 合成，仅作对照。
8.233000,60.000000,45.000000,legacy_cp_minus90,E2-E4,100.000000,360.000000,138.767139,498.767139,72.222222,-28.307719,78.692494,51.955807,179.925809,73,73,沿用圆极化路线的 A + B*(-90 deg) 合成，仅作对照。
8.233000,60.000000,90.000000,legacy_cp_minus90,E2-E4,100.000000,674.609275,-15.264891,-375.264891,61.111111,-32.141762,140.964350,133.665666,179.532768,73,73,沿用圆极化路线的 A + B*(-90 deg) 合成，仅作对照。
8.233000,60.000000,135.000000,legacy_cp_minus90,E2-E4,98.630137,503.167477,-26.867421,333.132579,66.197183,-40.055564,116.031311,95.574323,179.532060,72,73,沿用圆极化路线的 A + B*(-90 deg) 合成，仅作对照。
8.233000,60.000000,0.000000,legacy_cp_minus90,E1-E2,100.000000,130.096793,26.850712,26.850712,63.888889,-17.031407,0.000000,0.000000,0.000000,73,73,沿用圆极化路线的 A + B*(-90 deg) 合成，仅作对照。
8.233000,60.000000,45.000000,legacy_cp_minus90,E1-E2,100.000000,109.740197,67.594433,67.594433,55.555556,-13.720592,22.908810,19.349828,54.641030,73,73,沿用圆极化路线的 A + B*(-90 deg) 合成，仅作对照。
8.233000,60.000000,90.000000,legacy_cp_minus90,E1-E2,100.000000,409.581839,-26.086481,333.913519,52.777778,-31.805261,64.918012,52.921181,176.178468,73,73,沿用圆极化路线的 A + B*(-90 deg) 合成，仅作对照。
8.233000,60.000000,135.000000,legacy_cp_minus90,E1-E2,100.000000,360.000000,11.797972,-348.202028,70.833333,-25.802145,38.541707,23.961650,170.493893,73,73,沿用圆极化路线的 A + B*(-90 deg) 合成，仅作对照。
8.233000,60.000000,0.000000,legacy_cp_minus90,E2-E3,100.000000,358.642649,-11.264035,-11.264035,61.111111,-17.031407,0.000000,0.000000,0.000000,73,73,沿用圆极化路线的 A + B*(-90 deg) 合成，仅作对照。
8.233000,60.000000,45.000000,legacy_cp_minus90,E2-E3,100.000000,468.694873,-39.934256,-39.934256,65.277778,-30.359403,84.999383,55.475499,178.413118,73,73,沿用圆极化路线的 A + B*(-90 deg) 合成，仅作对照。
8.233000,60.000000,90.000000,legacy_cp_minus90,E2-E3,100.000000,571.413508,165.552152,-194.447848,56.944444,-32.223271,139.226703,132.311866,179.604739,73,73,沿用圆极化路线的 A + B*(-90 deg) 合成，仅作对照。
8.233000,60.000000,135.000000,legacy_cp_minus90,E2-E3,100.000000,460.899744,150.395056,510.395056,63.888889,-28.167233,101.671430,84.799061,178.768208,73,73,沿用圆极化路线的 A + B*(-90 deg) 合成，仅作对照。
8.233000,60.000000,0.000000,legacy_cp_minus90,E3-E4,100.000000,154.289854,179.567867,179.567867,51.388889,-15.559883,0.000000,0.000000,0.000000,73,73,沿用圆极化路线的 A + B*(-90 deg) 合成，仅作对照。
8.233000,60.000000,45.000000,legacy_cp_minus90,E3-E4,100.000000,446.199526,178.701395,538.701395,77.777778,-29.436277,45.565851,29.077425,170.358344,73,73,沿用圆极化路线的 A + B*(-90 deg) 合成，仅作对照。
8.233000,60.000000,90.000000,legacy_cp_minus90,E3-E4,100.000000,384.879301,179.182957,179.182957,55.555556,-29.749454,35.734806,22.137877,130.066615,73,73,沿用圆极化路线的 A + B*(-90 deg) 合成，仅作对照。
8.233000,60.000000,135.000000,legacy_cp_minus90,E3-E4,98.630137,341.578371,-177.262477,-177.262477,57.746479,-35.027612,38.478927,26.351466,107.762643,72,73,沿用圆极化路线的 A + B*(-90 deg) 合成，仅作对照。
8.233000,60.000000,0.000000,legacy_cp_minus90,E4-E1,100.000000,375.022295,164.845455,164.845455,54.166667,-22.623087,0.000000,0.000000,0.000000,73,73,沿用圆极化路线的 A + B*(-90 deg) 合成，仅作对照。
8.233000,60.000000,45.000000,legacy_cp_minus90,E4-E1,100.000000,360.000000,153.638428,-206.361572,69.444444,-26.575677,80.780029,51.887346,179.060154,73,73,沿用圆极化路线的 A + B*(-90 deg) 合成，仅作对照。
8.233000,60.000000,90.000000,legacy_cp_minus90,E4-E1,100.000000,699.458213,41.351372,401.351372,51.388889,-30.585824,130.109965,126.663936,178.571515,73,73,沿用圆极化路线的 A + B*(-90 deg) 合成，仅作对照。
8.233000,60.000000,135.000000,legacy_cp_minus90,E4-E1,98.630137,481.853579,15.069449,15.069449,50.704225,-36.679162,101.932728,75.333643,167.496184,72,73,沿用圆极化路线的 A + B*(-90 deg) 合成，仅作对照。
8.233000,75.000000,0.000000,legacy_cp_minus90,E1-E3,100.000000,128.750525,16.043425,16.043425,58.333333,-9.598983,0.000000,0.000000,0.000000,73,73,沿用圆极化路线的 A + B*(-90 deg) 合成，仅作对照。
8.233000,75.000000,45.000000,legacy_cp_minus90,E1-E3,97.260274,331.510035,46.469757,46.469757,61.428571,-38.300654,64.889510,49.341685,168.285213,71,73,沿用圆极化路线的 A + B*(-90 deg) 合成，仅作对照。
8.233000,75.000000,90.000000,legacy_cp_minus90,E1-E3,100.000000,360.000000,156.564683,516.564683,62.500000,-22.862096,145.302712,142.767989,179.830058,73,73,沿用圆极化路线的 A + B*(-90 deg) 合成，仅作对照。
8.233000,75.000000,135.000000,legacy_cp_minus90,E1-E3,97.260274,459.987302,129.050526,489.050526,62.857143,-36.131645,73.980565,56.272306,165.609706,71,73,沿用圆极化路线的 A + B*(-90 deg) 合成，仅作对照。
8.233000,75.000000,0.000000,legacy_cp_minus90,E2-E4,100.000000,553.265328,161.704493,161.704493,62.500000,-23.514115,0.000000,0.000000,0.000000,73,73,沿用圆极化路线的 A + B*(-90 deg) 合成，仅作对照。
8.233000,75.000000,45.000000,legacy_cp_minus90,E2-E4,98.630137,524.644358,11.201613,371.201613,73.239437,-38.823975,94.020148,73.940964,169.529513,72,73,沿用圆极化路线的 A + B*(-90 deg) 合成，仅作对照。
8.233000,75.000000,90.000000,legacy_cp_minus90,E2-E4,98.630137,829.546829,-18.654818,-378.654818,56.338028,-35.533239,145.563227,141.027060,179.914887,72,73,沿用圆极化路线的 A + B*(-90 deg) 合成，仅作对照。
8.233000,75.000000,135.000000,legacy_cp_minus90,E2-E4,100.000000,476.861535,-42.256997,317.743003,68.055556,-32.697465,98.832516,81.844725,166.113968,73,73,沿用圆极化路线的 A + B*(-90 deg) 合成，仅作对照。
8.233000,75.000000,0.000000,legacy_cp_minus90,E1-E2,100.000000,209.886581,33.098575,33.098575,70.833333,-24.102466,0.000000,0.000000,0.000000,73,73,沿用圆极化路线的 A + B*(-90 deg) 合成，仅作对照。
8.233000,75.000000,45.000000,legacy_cp_minus90,E1-E2,98.630137,269.809896,-145.927003,-145.927003,52.112676,-38.823975,70.267018,48.446292,179.423273,72,73,沿用圆极化路线的 A + B*(-90 deg) 合成，仅作对照。
8.233000,75.000000,90.000000,legacy_cp_minus90,E1-E2,100.000000,464.474831,-5.222826,354.777174,51.388889,-25.588669,61.039984,50.451549,164.745042,73,73,沿用圆极化路线的 A + B*(-90 deg) 合成，仅作对照。
8.233000,75.000000,135.000000,legacy_cp_minus90,E1-E2,100.000000,309.992255,17.027015,17.027015,70.833333,-23.084263,51.401658,34.572607,178.754841,73,73,沿用圆极化路线的 A + B*(-90 deg) 合成，仅作对照。
8.233000,75.000000,0.000000,legacy_cp_minus90,E2-E3,100.000000,335.840963,-17.055150,-17.055150,62.500000,-23.514115,0.000000,0.000000,0.000000,73,73,沿用圆极化路线的 A + B*(-90 deg) 合成，仅作对照。
8.233000,75.000000,45.000000,legacy_cp_minus90,E2-E3,95.890411,506.578473,-167.603239,-167.603239,60.869565,-39.350413,88.932541,66.741250,170.183928,70,73,沿用圆极化路线的 A + B*(-90 deg) 合成，仅作对照。
8.233000,75.000000,90.000000,legacy_cp_minus90,E2-E3,100.000000,254.115115,161.787510,161.787510,52.777778,-26.324319,145.847653,138.866302,179.308851,73,73,沿用圆极化路线的 A + B*(-90 deg) 合成，仅作对照。
8.233000,75.000000,135.000000,legacy_cp_minus90,E2-E3,94.520548,396.641371,112.023511,472.023511,64.705882,-38.511094,72.104965,58.746117,168.368296,69,73,沿用圆极化路线的 A + B*(-90 deg) 合成，仅作对照。
8.233000,75.000000,0.000000,legacy_cp_minus90,E3-E4,100.000000,218.706260,178.759643,178.759643,58.333333,-8.903115,0.000000,0.000000,0.000000,73,73,沿用圆极化路线的 A + B*(-90 deg) 合成，仅作对照。
8.233000,75.000000,45.000000,legacy_cp_minus90,E3-E4,97.260274,460.025677,178.804852,538.804852,85.714286,-38.300654,56.020129,32.884018,167.697903,71,73,沿用圆极化路线的 A + B*(-90 deg) 合成，仅作对照。
8.233000,75.000000,90.000000,legacy_cp_minus90,E3-E4,100.000000,630.696785,179.557672,-180.442328,55.555556,-32.206409,41.037646,23.856980,162.591818,73,73,沿用圆极化路线的 A + B*(-90 deg) 合成，仅作对照。
8.233000,75.000000,135.000000,legacy_cp_minus90,E3-E4,100.000000,353.211902,-154.280508,-154.280508,61.111111,-34.056642,57.708673,38.947041,147.603725,73,73,沿用圆极化路线的 A + B*(-90 deg) 合成，仅作对照。
8.233000,75.000000,0.000000,legacy_cp_minus90,E4-E1,100.000000,346.897855,165.196931,165.196931,59.722222,-12.256440,0.000000,0.000000,0.000000,73,73,沿用圆极化路线的 A + B*(-90 deg) 合成，仅作对照。
8.233000,75.000000,45.000000,legacy_cp_minus90,E4-E1,100.000000,360.000000,134.725390,-225.274610,73.611111,-26.521459,69.266171,48.950264,177.312375,73,73,沿用圆极化路线的 A + B*(-90 deg) 合成，仅作对照。
8.233000,75.000000,90.000000,legacy_cp_minus90,E4-E1,100.000000,538.147036,23.877645,23.877645,50.000000,-32.206409,133.070775,128.721143,176.610278,73,73,沿用圆极化路线的 A + B*(-90 deg) 合成，仅作对照。
8.233000,75.000000,135.000000,legacy_cp_minus90,E4-E1,100.000000,432.161950,25.229981,-334.770019,69.444444,-30.318017,92.295394,70.442629,166.227211,73,73,沿用圆极化路线的 A + B*(-90 deg) 合成，仅作对照。
8.233000,90.000000,0.000000,legacy_cp_minus90,E1-E3,100.000000,38.171291,19.730830,19.730830,54.166667,-10.961467,0.000000,0.000000,0.000000,73,73,沿用圆极化路线的 A + B*(-90 deg) 合成，仅作对照。
8.233000,90.000000,45.000000,legacy_cp_minus90,E1-E3,100.000000,135.093741,94.147123,94.147123,52.777778,-16.929086,50.534034,42.509629,96.112461,73,73,沿用圆极化路线的 A + B*(-90 deg) 合成，仅作对照。
8.233000,90.000000,90.000000,legacy_cp_minus90,E1-E3,100.000000,120.491611,162.833288,162.833288,69.444444,-30.295765,154.558048,153.385996,179.987158,73,73,沿用圆极化路线的 A + B*(-90 deg) 合成，仅作对照。
8.233000,90.000000,135.000000,legacy_cp_minus90,E1-E3,100.000000,390.483419,24.029599,384.029599,69.444444,-19.147860,64.318049,42.975822,177.913075,73,73,沿用圆极化路线的 A + B*(-90 deg) 合成，仅作对照。
8.233000,90.000000,0.000000,legacy_cp_minus90,E2-E4,100.000000,368.952655,155.626264,515.626264,63.888889,-29.671390,0.000000,0.000000,0.000000,73,73,沿用圆极化路线的 A + B*(-90 deg) 合成，仅作对照。
8.233000,90.000000,45.000000,legacy_cp_minus90,E2-E4,100.000000,667.819697,-9.836718,-369.836718,55.555556,-21.996516,98.986090,76.014024,178.740404,73,73,沿用圆极化路线的 A + B*(-90 deg) 合成，仅作对照。
8.233000,90.000000,90.000000,legacy_cp_minus90,E2-E4,100.000000,881.269920,-21.955504,-381.955504,52.777778,-33.569800,141.187915,138.108461,179.100477,73,73,沿用圆极化路线的 A + B*(-90 deg) 合成，仅作对照。
8.233000,90.000000,135.000000,legacy_cp_minus90,E2-E4,100.000000,360.000000,-167.685971,192.314029,70.833333,-24.885434,47.079887,40.816219,88.929689,73,73,沿用圆极化路线的 A + B*(-90 deg) 合成，仅作对照。
8.233000,90.000000,0.000000,legacy_cp_minus90,E1-E2,100.000000,360.000000,42.761265,-317.238735,70.833333,-31.015492,0.000000,0.000000,0.000000,73,73,沿用圆极化路线的 A + B*(-90 deg) 合成，仅作对照。
8.233000,90.000000,45.000000,legacy_cp_minus90,E1-E2,100.000000,476.720318,-77.058814,282.941186,63.888889,-21.846482,73.247854,60.000413,169.857018,73,73,沿用圆极化路线的 A + B*(-90 deg) 合成，仅作对照。
8.233000,90.000000,90.000000,legacy_cp_minus90,E1-E2,100.000000,558.482474,5.118275,365.118275,50.000000,-33.569800,61.764166,50.170922,171.510738,73,73,沿用圆极化路线的 A + B*(-90 deg) 合成，仅作对照。
8.233000,90.000000,135.000000,legacy_cp_minus90,E1-E2,100.000000,323.790408,21.805408,21.805408,58.333333,-24.827305,51.951133,36.222250,178.340122,73,73,沿用圆极化路线的 A + B*(-90 deg) 合成，仅作对照。
8.233000,90.000000,0.000000,legacy_cp_minus90,E2-E3,100.000000,360.000000,-23.030436,336.969564,72.222222,-30.252087,0.000000,0.000000,0.000000,73,73,沿用圆极化路线的 A + B*(-90 deg) 合成，仅作对照。
8.233000,90.000000,45.000000,legacy_cp_minus90,E2-E3,100.000000,489.079954,171.205938,-188.794062,56.944444,-21.846482,99.705709,76.223612,178.865676,73,73,沿用圆极化路线的 A + B*(-90 deg) 合成，仅作对照。
8.233000,90.000000,90.000000,legacy_cp_minus90,E2-E3,100.000000,575.995561,157.715013,-202.284987,50.000000,-34.188263,142.866973,137.450976,179.777120,73,73,沿用圆极化路线的 A + B*(-90 deg) 合成，仅作对照。
8.233000,90.000000,135.000000,legacy_cp_minus90,E2-E3,100.000000,360.000000,2.224191,362.224191,66.666667,-24.827305,44.923901,35.176772,103.625133,73,73,沿用圆极化路线的 A + B*(-90 deg) 合成，仅作对照。
8.233000,90.000000,0.000000,legacy_cp_minus90,E3-E4,100.000000,288.014783,178.656700,178.656700,61.111111,-6.305265,0.000000,0.000000,0.000000,73,73,沿用圆极化路线的 A + B*(-90 deg) 合成，仅作对照。
8.233000,90.000000,45.000000,legacy_cp_minus90,E3-E4,100.000000,320.554832,178.957345,178.957345,73.611111,-20.842049,23.183862,14.796532,72.666180,73,73,沿用圆极化路线的 A + B*(-90 deg) 合成，仅作对照。
8.233000,90.000000,90.000000,legacy_cp_minus90,E3-E4,100.000000,509.785578,-179.670517,-179.670517,51.388889,-27.199103,51.291045,32.361088,157.954274,73,73,沿用圆极化路线的 A + B*(-90 deg) 合成，仅作对照。
8.233000,90.000000,135.000000,legacy_cp_minus90,E3-E4,100.000000,295.335901,-169.910161,-169.910161,54.166667,-21.154040,17.994291,13.869811,41.405688,73,73,沿用圆极化路线的 A + B*(-90 deg) 合成，仅作对照。
8.233000,90.000000,0.000000,legacy_cp_minus90,E4-E1,100.000000,308.325579,161.612471,161.612471,61.111111,-10.961467,0.000000,0.000000,0.000000,73,73,沿用圆极化路线的 A + B*(-90 deg) 合成，仅作对照。
8.233000,90.000000,45.000000,legacy_cp_minus90,E4-E1,100.000000,323.585432,86.895532,86.895532,54.166667,-20.521678,43.574099,30.163501,97.321621,73,73,沿用圆极化路线的 A + B*(-90 deg) 合成，仅作对照。
8.233000,90.000000,90.000000,legacy_cp_minus90,E4-E1,100.000000,500.115181,16.837229,16.837229,51.388889,-24.770691,132.870959,128.286484,175.610571,73,73,沿用圆极化路线的 A + B*(-90 deg) 合成，仅作对照。
8.233000,90.000000,135.000000,legacy_cp_minus90,E4-E1,100.000000,360.000000,145.880563,-214.119437,77.777778,-23.800139,59.529051,37.464504,173.125046,73,73,沿用圆极化路线的 A + B*(-90 deg) 合成，仅作对照。
