freq_ghz,phi_deg,linear_pol_deg,strategy,baseline,valid_percent,pdoa_span_deg,pdoa_start_deg,pdoa_end_deg,monotonic_segment_percent,min_pair_mag_rel_db,rms_bias_vs_pol0_deg,mean_abs_bias_vs_pol0_deg,max_abs_bias_vs_pol0_deg
7.738000,45.000000,0.000000,x_only_a_port,E1-E3,100.000000,360.000000,2.287342,362.287342,76.388889,-29.716227,0.000000,0.000000,0.000000
7.738000,45.000000,45.000000,x_only_a_port,E1-E3,100.000000,305.415057,11.447309,11.447309,52.777778,-30.369364,76.544933,58.768743,173.921980
7.738000,45.000000,90.000000,x_only_a_port,E1-E3,100.000000,392.254167,6.721566,366.721566,76.388889,-28.322152,90.619203,68.777879,178.725691
7.738000,45.000000,135.000000,x_only_a_port,E1-E3,97.260274,360.000000,4.419936,364.419936,85.714286,-38.024170,34.517140,24.991977,121.707074
7.738000,45.000000,0.000000,x_only_a_port,E2-E4,100.000000,682.058843,9.783039,-350.216961,54.166667,-30.868931,0.000000,0.000000,0.000000
7.738000,45.000000,45.000000,x_only_a_port,E2-E4,100.000000,223.909398,-50.574192,-50.574192,58.333333,-13.371747,121.596397,110.520352,179.464048
7.738000,45.000000,90.000000,x_only_a_port,E2-E4,100.000000,206.142824,-2.092078,-2.092078,50.000000,-20.041633,75.813847,61.975258,163.813684
7.738000,45.000000,135.000000,x_only_a_port,E2-E4,100.000000,618.370620,4.084615,-355.915385,58.333333,-34.439741,60.947218,45.304193,169.882433
7.738000,45.000000,0.000000,x_only_a_port,E1-E2,100.000000,414.642079,12.292265,372.292265,62.500000,-31.695219,0.000000,0.000000,0.000000
7.738000,45.000000,45.000000,x_only_a_port,E1-E2,100.000000,241.469361,22.323666,22.323666,59.722222,-23.012140,96.360188,81.226722,177.485118
7.738000,45.000000,90.000000,x_only_a_port,E1-E2,100.000000,202.250755,21.132124,21.132124,54.166667,-27.332581,62.849516,49.151540,160.266071
7.738000,45.000000,135.000000,x_only_a_port,E1-E2,100.000000,257.729961,16.577665,16.577665,70.833333,-29.637692,47.869254,28.781270,173.424871
7.738000,45.000000,0.000000,x_only_a_port,E2-E3,100.000000,355.644285,-10.004923,-10.004923,58.333333,-32.529096,0.000000,0.000000,0.000000
7.738000,45.000000,45.000000,x_only_a_port,E2-E3,100.000000,356.269208,-10.876357,-10.876357,56.944444,-30.369364,75.479708,57.011405,165.224727
7.738000,45.000000,90.000000,x_only_a_port,E2-E3,100.000000,360.000000,-14.410558,345.589442,66.666667,-29.014368,53.139637,33.795415,178.884980
7.738000,45.000000,135.000000,x_only_a_port,E2-E3,97.260274,466.887626,-12.157728,347.842272,67.142857,-38.134999,39.894289,21.891768,150.218315
7.738000,45.000000,0.000000,x_only_a_port,E3-E4,100.000000,527.488690,19.787962,-340.212038,59.722222,-31.884979,0.000000,0.000000,0.000000
7.738000,45.000000,45.000000,x_only_a_port,E3-E4,100.000000,288.552530,-39.697835,-39.697835,58.333333,-30.369364,119.394552,104.872969,179.778440
7.738000,45.000000,90.000000,x_only_a_port,E3-E4,100.000000,360.000000,12.318480,-347.681520,79.166667,-29.499896,74.540787,59.858398,169.144813
7.738000,45.000000,135.000000,x_only_a_port,E3-E4,97.260274,789.000822,16.242343,-703.757657,84.285714,-38.178477,47.551459,35.087901,171.135558
7.738000,45.000000,0.000000,x_only_a_port,E4-E1,100.000000,492.307684,-22.075304,-22.075304,63.888889,-31.051101,0.000000,0.000000,0.000000
7.738000,45.000000,45.000000,x_only_a_port,E4-E1,100.000000,243.385551,28.250526,28.250526,65.277778,-23.012140,94.581548,81.442273,179.702657
7.738000,45.000000,90.000000,x_only_a_port,E4-E1,100.000000,340.674050,-19.040046,-19.040046,54.166667,-27.818109,77.026488,56.199849,176.492254
7.738000,45.000000,135.000000,x_only_a_port,E4-E1,100.000000,672.747317,-20.662280,339.337720,51.388889,-34.439741,47.886694,29.946136,169.564246
7.738000,60.000000,0.000000,x_only_a_port,E1-E3,100.000000,360.000000,0.879758,360.879758,69.444444,-25.424650,0.000000,0.000000,0.000000
7.738000,60.000000,45.000000,x_only_a_port,E1-E3,100.000000,347.331370,13.048929,13.048929,52.777778,-27.886122,64.900436,52.820356,165.872801
7.738000,60.000000,90.000000,x_only_a_port,E1-E3,100.000000,210.992269,5.734244,5.734244,58.333333,-25.944973,90.036827,64.356702,175.403210
7.738000,60.000000,135.000000,x_only_a_port,E1-E3,98.630137,360.000000,3.828191,363.828191,76.056338,-40.227074,34.303230,23.430117,132.641203
7.738000,60.000000,0.000000,x_only_a_port,E2-E4,100.000000,781.496283,13.473902,-346.526098,56.944444,-29.593416,0.000000,0.000000,0.000000
7.738000,60.000000,45.000000,x_only_a_port,E2-E4,98.630137,410.511080,-18.582256,341.417744,67.605634,-36.268533,80.634681,66.367009,173.632135
7.738000,60.000000,90.000000,x_only_a_port,E2-E4,100.000000,391.462558,0.554131,360.554131,76.388889,-33.435837,67.178004,48.265790,178.841010
7.738000,60.000000,135.000000,x_only_a_port,E2-E4,97.260274,388.790403,5.672541,5.672541,50.000000,-38.125571,44.608124,29.379391,175.150438
7.738000,60.000000,0.000000,x_only_a_port,E1-E2,100.000000,499.707390,9.472944,369.472944,51.388889,-29.997301,0.000000,0.000000,0.000000
7.738000,60.000000,45.000000,x_only_a_port,E1-E2,100.000000,416.169551,32.531932,-327.468068,73.611111,-26.749200,62.457287,50.101143,154.539707
7.738000,60.000000,90.000000,x_only_a_port,E1-E2,100.000000,224.485245,19.193712,19.193712,77.777778,-33.259937,74.403796,53.111509,177.509709
7.738000,60.000000,135.000000,x_only_a_port,E1-E2,100.000000,259.620469,15.391055,15.391055,63.888889,-26.178304,52.145576,30.411468,177.424056
7.738000,60.000000,0.000000,x_only_a_port,E2-E3,100.000000,386.743761,-8.593186,-8.593186,54.166667,-32.105412,0.000000,0.000000,0.000000
7.738000,60.000000,45.000000,x_only_a_port,E2-E3,100.000000,366.222210,-19.483003,340.516997,63.888889,-29.423101,76.474191,54.237345,178.498928
7.738000,60.000000,90.000000,x_only_a_port,E2-E3,100.000000,316.559661,-13.459468,-13.459468,63.888889,-33.259937,64.349266,42.157896,174.162780
7.738000,60.000000,135.000000,x_only_a_port,E2-E3,98.630137,450.263981,-11.562863,348.437137,69.014085,-40.227074,44.114702,27.894453,179.837954
7.738000,60.000000,0.000000,x_only_a_port,E3-E4,100.000000,570.213386,22.067088,-337.932912,52.777778,-31.644363,0.000000,0.000000,0.000000
7.738000,60.000000,45.000000,x_only_a_port,E3-E4,98.630137,436.803989,0.900747,0.900747,52.112676,-36.268533,78.576774,62.914093,171.950160
7.738000,60.000000,90.000000,x_only_a_port,E3-E4,100.000000,360.000000,14.013598,374.013598,100.000000,-32.933496,57.484722,38.294583,178.968183
7.738000,60.000000,135.000000,x_only_a_port,E3-E4,97.260274,464.280753,17.235405,-342.764595,51.428571,-40.227074,44.018653,25.200709,170.713240
7.738000,60.000000,0.000000,x_only_a_port,E4-E1,100.000000,488.441475,-22.946846,-22.946846,56.944444,-29.536252,0.000000,0.000000,0.000000
7.738000,60.000000,45.000000,x_only_a_port,E4-E1,98.630137,376.268353,-13.949676,-13.949676,54.929577,-36.268533,62.572702,48.914918,175.277024
7.738000,60.000000,90.000000,x_only_a_port,E4-E1,100.000000,360.000000,-19.747842,-379.747842,73.611111,-32.933496,67.271925,44.667156,178.292192
7.738000,60.000000,135.000000,x_only_a_port,E4-E1,97.260274,396.685823,-21.063596,-21.063596,58.571429,-38.008937,39.884429,21.779252,177.164409
7.738000,75.000000,0.000000,x_only_a_port,E1-E3,100.000000,479.610424,-2.151788,-362.151788,59.722222,-25.854385,0.000000,0.000000,0.000000
7.738000,75.000000,45.000000,x_only_a_port,E1-E3,98.630137,244.728836,8.456194,8.456194,52.112676,-41.082517,62.420370,49.613493,169.357079
7.738000,75.000000,90.000000,x_only_a_port,E1-E3,100.000000,141.410773,5.023944,5.023944,51.388889,-27.744105,96.136535,76.277834,176.869376
7.738000,75.000000,135.000000,x_only_a_port,E1-E3,98.630137,304.690611,3.162394,3.162394,59.154930,-35.233681,62.519295,41.370158,175.274530
7.738000,75.000000,0.000000,x_only_a_port,E2-E4,98.630137,650.862435,20.882449,20.882449,54.929577,-48.811857,0.000000,0.000000,0.000000
7.738000,75.000000,45.000000,x_only_a_port,E2-E4,100.000000,484.802663,-6.707543,-6.707543,58.333333,-16.711012,56.828191,43.527806,176.454128
7.738000,75.000000,90.000000,x_only_a_port,E2-E4,100.000000,475.919820,2.461975,2.461975,58.333333,-21.903406,60.062029,43.427648,166.904035
7.738000,75.000000,135.000000,x_only_a_port,E2-E4,100.000000,470.328552,7.454430,7.454430,54.166667,-27.773781,60.558196,39.722811,170.789704
7.738000,75.000000,0.000000,x_only_a_port,E1-E2,100.000000,477.989463,3.574734,-356.425266,68.055556,-29.192502,0.000000,0.000000,0.000000
7.738000,75.000000,45.000000,x_only_a_port,E1-E2,100.000000,360.000000,24.457460,-335.542540,79.166667,-26.101661,59.690245,42.654053,171.283943
7.738000,75.000000,90.000000,x_only_a_port,E1-E2,100.000000,303.617594,17.783970,17.783970,69.444444,-28.253096,74.703486,49.062421,173.615370
7.738000,75.000000,135.000000,x_only_a_port,E1-E2,100.000000,284.524123,14.052558,14.052558,61.111111,-32.450152,77.653993,49.201526,177.874415
7.738000,75.000000,0.000000,x_only_a_port,E2-E3,100.000000,439.056279,-5.726521,-5.726521,59.722222,-31.921985,0.000000,0.000000,0.000000
7.738000,75.000000,45.000000,x_only_a_port,E2-E3,98.630137,377.833505,-16.001266,343.998734,57.746479,-42.022454,63.380374,45.602226,154.006902
7.738000,75.000000,90.000000,x_only_a_port,E2-E3,100.000000,303.505640,-12.760026,-12.760026,58.333333,-24.548433,83.553751,56.772918,177.799982
7.738000,75.000000,135.000000,x_only_a_port,E2-E3,98.630137,334.408758,-10.890164,-10.890164,59.154930,-35.233681,77.757292,52.559892,178.861158
7.738000,75.000000,0.000000,x_only_a_port,E3-E4,98.630137,358.485237,26.608970,26.608970,53.521127,-51.541340,0.000000,0.000000,0.000000
7.738000,75.000000,45.000000,x_only_a_port,E3-E4,98.630137,353.783778,9.293723,9.293723,60.563380,-41.868196,47.514313,33.255962,170.534525
7.738000,75.000000,90.000000,x_only_a_port,E3-E4,100.000000,257.797878,15.222001,15.222001,66.666667,-24.565988,70.185006,46.142506,177.038614
7.738000,75.000000,135.000000,x_only_a_port,E3-E4,98.630137,317.031845,18.344593,18.344593,54.929577,-35.233681,67.207941,45.292867,163.040318
7.738000,75.000000,0.000000,x_only_a_port,E4-E1,98.630137,624.826084,-24.457183,335.542817,63.380282,-48.696811,0.000000,0.000000,0.000000
7.738000,75.000000,45.000000,x_only_a_port,E4-E1,100.000000,625.496912,-17.749917,342.250083,51.388889,-25.947403,52.352287,37.608733,167.753567
7.738000,75.000000,90.000000,x_only_a_port,E4-E1,100.000000,318.902836,-20.245945,-20.245945,62.500000,-28.270651,58.667946,39.124985,176.749410
7.738000,75.000000,135.000000,x_only_a_port,E4-E1,100.000000,376.979560,-21.506987,-21.506987,51.388889,-32.215336,60.207466,39.863570,174.452842
7.738000,90.000000,0.000000,x_only_a_port,E1-E3,100.000000,274.501499,11.447309,11.447309,52.777778,-23.120443,0.000000,0.000000,0.000000
7.738000,90.000000,45.000000,x_only_a_port,E1-E3,100.000000,377.759291,6.721566,-353.278434,70.833333,-29.336280,68.792066,53.329062,174.420515
7.738000,90.000000,90.000000,x_only_a_port,E1-E3,98.630137,125.361529,4.419936,4.419936,63.380282,-39.114759,99.283136,83.061955,177.009223
7.738000,90.000000,135.000000,x_only_a_port,E1-E3,100.000000,523.904553,2.287342,-357.712658,70.833333,-32.019141,77.223449,58.444294,173.120951
7.738000,90.000000,0.000000,x_only_a_port,E2-E4,100.000000,521.782006,-50.574192,-50.574192,51.388889,-23.981363,0.000000,0.000000,0.000000
7.738000,90.000000,45.000000,x_only_a_port,E2-E4,100.000000,495.754334,-2.092078,-2.092078,56.944444,-20.452643,58.204129,40.286849,178.793516
7.738000,90.000000,90.000000,x_only_a_port,E2-E4,100.000000,492.595499,4.084615,4.084615,55.555556,-18.051941,61.817163,41.343263,168.426460
7.738000,90.000000,135.000000,x_only_a_port,E2-E4,100.000000,488.244553,9.783039,9.783039,50.000000,-19.661074,64.514808,41.646699,171.334987
7.738000,90.000000,0.000000,x_only_a_port,E1-E2,100.000000,292.050928,22.323666,22.323666,56.944444,-21.983575,0.000000,0.000000,0.000000
7.738000,90.000000,45.000000,x_only_a_port,E1-E2,100.000000,365.977348,21.132124,-338.867876,72.222222,-28.289905,67.682539,48.014495,177.794304
7.738000,90.000000,90.000000,x_only_a_port,E1-E2,98.630137,334.804783,16.577665,16.577665,64.788732,-39.205869,56.020628,42.443212,165.053936
7.738000,90.000000,135.000000,x_only_a_port,E1-E2,100.000000,360.000000,12.292265,-347.707735,68.055556,-28.865641,58.878276,47.237223,145.360437
7.738000,90.000000,0.000000,x_only_a_port,E2-E3,100.000000,359.543384,-10.876357,-10.876357,54.166667,-21.098917,0.000000,0.000000,0.000000
7.738000,90.000000,45.000000,x_only_a_port,E2-E3,100.000000,306.484196,-14.410558,-14.410558,58.333333,-29.868503,77.515237,64.337140,163.299215
7.738000,90.000000,90.000000,x_only_a_port,E2-E3,100.000000,290.439752,-12.157728,-12.157728,59.722222,-26.684327,82.686490,68.544374,179.903022
7.738000,90.000000,135.000000,x_only_a_port,E2-E3,100.000000,335.908855,-10.004923,-10.004923,55.555556,-32.019141,70.176938,59.356771,177.685741
7.738000,90.000000,0.000000,x_only_a_port,E3-E4,100.000000,494.442606,-39.697835,-39.697835,58.333333,-26.145742,0.000000,0.000000,0.000000
7.738000,90.000000,45.000000,x_only_a_port,E3-E4,100.000000,335.519820,12.318480,12.318480,54.166667,-29.695147,70.892800,58.183412,175.183765
7.738000,90.000000,90.000000,x_only_a_port,E3-E4,100.000000,273.194654,16.242343,16.242343,62.500000,-26.651926,85.755271,70.546537,177.570239
7.738000,90.000000,135.000000,x_only_a_port,E3-E4,100.000000,296.067843,19.787962,19.787962,58.333333,-32.019141,83.193135,69.229603,177.095788
7.738000,90.000000,0.000000,x_only_a_port,E4-E1,100.000000,359.635512,28.250526,28.250526,52.777778,-28.167268,0.000000,0.000000,0.000000
7.738000,90.000000,45.000000,x_only_a_port,E4-E1,100.000000,605.038254,-19.040046,340.959954,51.388889,-28.116549,49.562863,35.889000,170.427997
7.738000,90.000000,90.000000,x_only_a_port,E4-E1,98.630137,325.615610,-20.662280,-20.662280,54.929577,-39.173469,64.788158,46.592285,176.555543
7.738000,90.000000,135.000000,x_only_a_port,E4-E1,100.000000,597.121931,-22.075304,337.924696,51.388889,-28.596835,70.827880,53.526117,177.536508
7.738000,45.000000,0.000000,y_only_b_port,E1-E3,100.000000,324.707797,2.338788,2.338788,50.000000,-32.611745,0.000000,0.000000,0.000000
7.738000,45.000000,45.000000,y_only_b_port,E1-E3,98.630137,619.706366,-3.112725,-363.112725,59.154930,-46.108252,64.336316,47.924096,177.866891
7.738000,45.000000,90.000000,y_only_b_port,E1-E3,100.000000,207.547817,-8.978846,-8.978846,50.000000,-17.767454,76.845385,62.962894,150.662890
7.738000,45.000000,135.000000,y_only_b_port,E1-E3,100.000000,234.545019,-50.064716,-50.064716,58.333333,-16.618691,122.392573,110.256081,179.196218
7.738000,45.000000,0.000000,y_only_b_port,E2-E4,100.000000,360.000000,-3.763848,356.236152,75.000000,-28.544517,0.000000,0.000000,0.000000
7.738000,45.000000,45.000000,y_only_b_port,E2-E4,97.260274,360.000000,0.132755,360.132755,78.571429,-41.850327,33.506049,24.480760,139.002579
7.738000,45.000000,90.000000,y_only_b_port,E2-E4,100.000000,407.607746,4.669346,364.669346,73.611111,-31.790146,89.772224,67.856324,177.010812
7.738000,45.000000,135.000000,y_only_b_port,E2-E4,100.000000,605.564394,21.452715,-338.547285,58.333333,-32.744350,75.117560,57.815455,176.485517
7.738000,45.000000,0.000000,y_only_b_port,E1-E2,100.000000,331.501041,-13.821429,-13.821429,51.388889,-33.683054,0.000000,0.000000,0.000000
7.738000,45.000000,45.000000,y_only_b_port,E1-E2,100.000000,261.816231,-18.614648,-18.614648,69.444444,-34.152604,49.772222,30.166606,177.269282
7.738000,45.000000,90.000000,y_only_b_port,E1-E2,100.000000,205.157490,-23.683066,-23.683066,52.777778,-27.267984,55.088457,43.865330,139.924707
7.738000,45.000000,135.000000,y_only_b_port,E1-E2,100.000000,616.658736,-27.623590,332.376410,61.111111,-20.203114,92.763362,77.803539,178.825377
7.738000,45.000000,0.000000,y_only_b_port,E2-E3,100.000000,489.659347,16.160217,16.160217,65.277778,-30.263136,0.000000,0.000000,0.000000
7.738000,45.000000,45.000000,y_only_b_port,E2-E3,98.630137,406.181076,15.501924,15.501924,54.929577,-46.108252,49.902289,31.571332,179.027531
7.738000,45.000000,90.000000,y_only_b_port,E2-E3,100.000000,341.395729,14.704220,14.704220,55.555556,-27.792700,79.599998,59.007060,179.454673
7.738000,45.000000,135.000000,y_only_b_port,E2-E3,100.000000,530.891666,-22.441125,-382.441125,72.222222,-20.203114,92.519142,78.826984,179.916754
7.738000,45.000000,0.000000,y_only_b_port,E3-E4,100.000000,533.561850,-19.924066,340.075934,55.555556,-30.754569,0.000000,0.000000,0.000000
7.738000,45.000000,45.000000,y_only_b_port,E3-E4,95.890411,348.215085,-15.369169,-15.369169,81.159420,-46.108252,50.232468,35.609893,176.701522
7.738000,45.000000,90.000000,y_only_b_port,E3-E4,100.000000,361.992951,-10.034874,349.965126,72.222222,-33.057272,73.342807,58.026994,167.942554
7.738000,45.000000,135.000000,y_only_b_port,E3-E4,100.000000,288.604259,43.893840,43.893840,54.166667,-32.744350,113.187658,99.133671,178.089152
7.738000,45.000000,0.000000,y_only_b_port,E4-E1,100.000000,532.821476,17.585278,-342.414722,68.055556,-34.174487,0.000000,0.000000,0.000000
7.738000,45.000000,45.000000,y_only_b_port,E4-E1,97.260274,321.613026,18.481894,18.481894,64.285714,-41.786038,45.829848,25.802869,178.308324
7.738000,45.000000,90.000000,y_only_b_port,E4-E1,100.000000,360.000000,19.013720,-340.986280,65.277778,-32.532555,62.149410,39.816680,177.657297
7.738000,45.000000,135.000000,y_only_b_port,E4-E1,100.000000,363.557911,6.170876,6.170876,55.555556,-32.744350,77.205826,60.378044,176.715688
7.738000,60.000000,0.000000,y_only_b_port,E1-E3,97.260274,263.997123,0.103950,0.103950,61.428571,-42.496881,0.000000,0.000000,0.000000
7.738000,60.000000,45.000000,y_only_b_port,E1-E3,98.630137,514.990769,-4.656507,-364.656507,60.563380,-37.732370,71.207833,51.509317,174.910791
7.738000,60.000000,90.000000,y_only_b_port,E1-E3,100.000000,197.713826,-13.353034,-13.353034,59.722222,-19.988314,95.537134,78.274024,177.061798
7.738000,60.000000,135.000000,y_only_b_port,E1-E3,100.000000,720.000000,13.364005,733.364005,100.000000,-10.780978,96.667856,82.646001,177.534627
7.738000,60.000000,0.000000,y_only_b_port,E2-E4,100.000000,360.000000,-2.202455,357.797545,70.833333,-25.933677,0.000000,0.000000,0.000000
7.738000,60.000000,45.000000,y_only_b_port,E2-E4,98.630137,360.000000,1.291285,361.291285,78.873239,-36.637774,25.440263,20.313195,72.904469
7.738000,60.000000,90.000000,y_only_b_port,E2-E4,100.000000,720.000000,8.294373,728.294373,86.111111,-30.751756,81.465821,63.520877,176.827257
7.738000,60.000000,135.000000,y_only_b_port,E2-E4,95.890411,620.030006,-10.777656,-370.777656,53.623188,-37.536088,57.155825,45.013783,152.180169
7.738000,60.000000,0.000000,y_only_b_port,E1-E2,97.260274,560.695254,-15.796603,344.203397,67.142857,-43.698340,0.000000,0.000000,0.000000
7.738000,60.000000,45.000000,y_only_b_port,E1-E2,100.000000,385.154333,-19.957350,-379.957350,88.888889,-31.532110,44.700556,30.002772,159.241935
7.738000,60.000000,90.000000,y_only_b_port,E1-E2,100.000000,360.000000,-27.398980,-387.398980,73.611111,-31.692068,70.397764,57.194601,177.800179
7.738000,60.000000,135.000000,y_only_b_port,E1-E2,100.000000,401.937301,-3.697981,356.302019,80.555556,-23.472842,66.150378,53.777459,168.431250
7.738000,60.000000,0.000000,y_only_b_port,E2-E3,100.000000,360.000000,15.900553,375.900553,77.777778,-33.688149,0.000000,0.000000,0.000000
7.738000,60.000000,45.000000,y_only_b_port,E2-E3,98.630137,446.707939,15.300843,15.300843,59.154930,-37.732370,53.391562,32.166237,176.013120
7.738000,60.000000,90.000000,y_only_b_port,E2-E3,100.000000,360.000000,14.045946,374.045946,56.944444,-32.865326,59.177854,44.360674,162.101514
7.738000,60.000000,135.000000,y_only_b_port,E2-E3,100.000000,368.926620,17.061986,17.061986,61.111111,-23.472842,66.047145,43.962945,177.962446
7.738000,60.000000,0.000000,y_only_b_port,E3-E4,100.000000,226.852969,-18.103008,-18.103008,75.000000,-33.253480,0.000000,0.000000,0.000000
7.738000,60.000000,45.000000,y_only_b_port,E3-E4,97.260274,740.416904,-14.009558,705.990442,97.142857,-37.732370,57.542419,40.602771,167.923554
7.738000,60.000000,90.000000,y_only_b_port,E3-E4,100.000000,360.000000,-5.751574,354.248426,81.944444,-20.123919,84.514642,67.349619,172.041684
7.738000,60.000000,135.000000,y_only_b_port,E3-E4,95.890411,363.350775,-27.839642,-387.839642,76.811594,-37.536088,86.054649,69.272065,178.319174
7.738000,60.000000,0.000000,y_only_b_port,E4-E1,97.260274,720.000000,17.999058,-702.000942,82.857143,-43.263670,0.000000,0.000000,0.000000
7.738000,60.000000,45.000000,y_only_b_port,E4-E1,98.630137,322.996903,18.666066,18.666066,59.154930,-36.420997,35.557381,21.061577,121.808703
7.738000,60.000000,90.000000,y_only_b_port,E4-E1,100.000000,360.000000,19.104607,-340.895393,66.666667,-18.950661,42.273446,30.746386,97.557881
7.738000,60.000000,135.000000,y_only_b_port,E4-E1,95.890411,360.000000,14.475637,-345.524363,78.260870,-37.536088,58.012260,31.807410,175.587548
7.738000,75.000000,0.000000,y_only_b_port,E1-E3,100.000000,133.508655,-1.599050,-1.599050,79.166667,-34.344482,0.000000,0.000000,0.000000
7.738000,75.000000,45.000000,y_only_b_port,E1-E3,100.000000,794.473391,-6.468731,-726.468731,50.000000,-29.421593,67.199339,43.846706,174.351988
7.738000,75.000000,90.000000,y_only_b_port,E1-E3,100.000000,263.419300,-24.632007,-24.632007,68.055556,-23.191402,102.723365,85.809286,179.899008
7.738000,75.000000,135.000000,y_only_b_port,E1-E3,100.000000,720.000000,5.912802,725.912802,100.000000,-23.476289,83.070433,61.953161,177.756119
7.738000,75.000000,0.000000,y_only_b_port,E2-E4,100.000000,360.000000,-0.979236,359.020764,73.611111,-30.295289,0.000000,0.000000,0.000000
7.738000,75.000000,45.000000,y_only_b_port,E2-E4,100.000000,360.000000,2.683258,362.683258,72.222222,-27.066300,15.472552,13.032285,31.477404
7.738000,75.000000,90.000000,y_only_b_port,E2-E4,100.000000,720.000000,18.582937,738.582937,84.722222,-28.643302,77.787580,61.338534,174.337170
7.738000,75.000000,135.000000,y_only_b_port,E2-E4,100.000000,720.000000,-6.160391,713.839609,75.000000,-32.014682,31.155034,23.642968,146.861249
7.738000,75.000000,0.000000,y_only_b_port,E1-E2,100.000000,316.860000,-17.292042,-17.292042,75.000000,-33.069244,0.000000,0.000000,0.000000
7.738000,75.000000,45.000000,y_only_b_port,E1-E2,100.000000,360.000000,-21.525546,-381.525546,84.722222,-23.537865,44.910031,27.208156,165.371821
7.738000,75.000000,90.000000,y_only_b_port,E1-E2,100.000000,360.000000,-36.639982,-396.639982,72.222222,-28.670365,82.441581,67.410791,177.817843
7.738000,75.000000,135.000000,y_only_b_port,E1-E2,100.000000,226.278239,-10.627105,-10.627105,54.166667,-32.014682,58.159503,39.631970,170.084002
7.738000,75.000000,0.000000,y_only_b_port,E2-E3,98.630137,378.533316,15.692992,15.692992,74.647887,-35.657144,0.000000,0.000000,0.000000
7.738000,75.000000,45.000000,y_only_b_port,E2-E3,100.000000,681.233986,15.056815,-344.943185,63.888889,-29.421593,44.747017,23.908173,179.737252
7.738000,75.000000,90.000000,y_only_b_port,E2-E3,100.000000,360.000000,12.007975,372.007975,56.944444,-28.998300,52.034689,39.686502,178.977972
7.738000,75.000000,135.000000,y_only_b_port,E2-E3,100.000000,720.000000,16.539907,736.539907,80.555556,-32.014682,55.446304,28.793172,176.167235
7.738000,75.000000,0.000000,y_only_b_port,E3-E4,100.000000,360.000000,-16.672228,343.327772,84.722222,-34.765403,0.000000,0.000000,0.000000
7.738000,75.000000,45.000000,y_only_b_port,E3-E4,100.000000,720.000000,-12.373558,707.626442,94.444444,-29.421593,50.391469,30.818870,175.735076
7.738000,75.000000,90.000000,y_only_b_port,E3-E4,100.000000,360.000000,6.574962,366.574962,83.333333,-23.191402,91.082766,71.201218,178.131277
7.738000,75.000000,135.000000,y_only_b_port,E3-E4,100.000000,217.303005,-22.700298,-22.700298,58.333333,-26.429864,62.739331,43.047858,177.652256
7.738000,75.000000,0.000000,y_only_b_port,E4-E1,100.000000,360.000000,18.271278,-341.728722,83.333333,-32.177503,0.000000,0.000000,0.000000
7.738000,75.000000,45.000000,y_only_b_port,E4-E1,100.000000,319.362096,18.842288,18.842288,65.277778,-26.660371,39.142575,20.020410,161.186511
7.738000,75.000000,90.000000,y_only_b_port,E4-E1,100.000000,360.000000,18.057045,-341.942955,69.444444,-22.649013,42.862282,28.470015,122.973830
7.738000,75.000000,135.000000,y_only_b_port,E4-E1,100.000000,720.000000,16.787496,-703.212504,91.666667,-26.429864,50.236195,23.847079,176.027666
7.738000,90.000000,0.000000,y_only_b_port,E1-E3,100.000000,83.569699,-3.112725,-3.112725,77.777778,-28.199322,0.000000,0.000000,0.000000
7.738000,90.000000,45.000000,y_only_b_port,E1-E3,98.630137,309.170562,-8.978846,-8.978846,56.338028,-39.768663,64.163897,36.437606,167.829054
7.738000,90.000000,90.000000,y_only_b_port,E1-E3,100.000000,281.774387,-50.064716,-50.064716,70.833333,-19.961337,138.726712,131.347168,176.998833
7.738000,90.000000,135.000000,y_only_b_port,E1-E3,98.630137,720.000000,2.338788,722.338788,90.140845,-39.349979,61.288516,37.632328,179.221254
7.738000,90.000000,0.000000,y_only_b_port,E2-E4,98.630137,360.000000,0.132755,360.132755,74.647887,-36.388478,0.000000,0.000000,0.000000
7.738000,90.000000,45.000000,y_only_b_port,E2-E4,100.000000,360.000000,4.669346,364.669346,70.833333,-24.380065,6.126311,4.696947,25.724940
7.738000,90.000000,90.000000,y_only_b_port,E2-E4,97.260274,360.000000,21.452715,381.452715,58.571429,-45.662649,56.320806,43.189177,128.268556
7.738000,90.000000,135.000000,y_only_b_port,E2-E4,100.000000,720.000000,-3.763848,716.236152,79.166667,-30.195698,6.630070,4.973858,31.728641
7.738000,90.000000,0.000000,y_only_b_port,E1-E2,98.630137,341.199104,-18.614648,-18.614648,73.239437,-36.388478,0.000000,0.000000,0.000000
7.738000,90.000000,45.000000,y_only_b_port,E1-E2,98.630137,314.177272,-23.683066,-23.683066,74.647887,-39.355014,43.280820,21.956038,159.895723
7.738000,90.000000,90.000000,y_only_b_port,E1-E2,100.000000,574.924967,-27.623590,332.376410,65.277778,-28.141599,95.593959,80.539628,179.993146
7.738000,90.000000,135.000000,y_only_b_port,E1-E2,100.000000,277.037760,-13.821429,-13.821429,63.888889,-30.195698,46.488981,25.840415,176.114944
7.738000,90.000000,0.000000,y_only_b_port,E2-E3,98.630137,339.346875,15.501924,15.501924,78.873239,-36.388478,0.000000,0.000000,0.000000
7.738000,90.000000,45.000000,y_only_b_port,E2-E3,100.000000,380.823108,14.704220,14.704220,73.611111,-29.274225,32.708665,16.726497,112.433372
7.738000,90.000000,90.000000,y_only_b_port,E2-E3,100.000000,567.141797,-22.441125,-382.441125,58.333333,-28.378846,69.171270,56.484312,172.070132
7.738000,90.000000,135.000000,y_only_b_port,E2-E3,98.630137,720.000000,16.160217,736.160217,90.140845,-40.746908,31.017736,13.234631,169.100849
7.738000,90.000000,0.000000,y_only_b_port,E3-E4,100.000000,360.000000,-15.369169,344.630831,83.333333,-28.506064,0.000000,0.000000,0.000000
7.738000,90.000000,45.000000,y_only_b_port,E3-E4,100.000000,360.000000,-10.034874,349.965126,76.388889,-29.274225,35.403834,19.265153,120.586906
7.738000,90.000000,90.000000,y_only_b_port,E3-E4,97.260274,720.000000,43.893840,763.893840,60.000000,-47.999845,101.234017,88.818851,169.508258
7.738000,90.000000,135.000000,y_only_b_port,E3-E4,98.630137,360.000000,-19.924066,340.075934,77.464789,-39.621006,32.551344,15.936604,172.304870
7.738000,90.000000,0.000000,y_only_b_port,E4-E1,100.000000,360.000000,18.481894,-341.518106,84.722222,-25.361924,0.000000,0.000000,0.000000
7.738000,90.000000,45.000000,y_only_b_port,E4-E1,98.630137,360.000000,19.013720,-340.986280,77.464789,-39.644418,40.542417,18.091594,156.765796
7.738000,90.000000,90.000000,y_only_b_port,E4-E1,97.260274,720.000000,6.170876,-713.829124,77.142857,-47.762597,71.473045,51.581196,173.218371
7.738000,90.000000,135.000000,y_only_b_port,E4-E1,100.000000,720.000000,17.585278,-702.414722,93.055556,-27.329303,44.320466,22.032529,170.672508
7.738000,45.000000,0.000000,dualpol_vector_correlation,E1-E3,100.000000,360.000000,2.312989,362.312989,73.611111,-20.071382,0.000000,0.000000,0.000000
7.738000,45.000000,45.000000,dualpol_vector_correlation,E1-E3,100.000000,267.670605,-3.014133,-3.014133,50.000000,-25.470148,66.378611,47.307687,176.362400
7.738000,45.000000,90.000000,dualpol_vector_correlation,E1-E3,100.000000,422.071155,-1.363289,358.636711,63.888889,-17.739297,92.210473,66.122168,178.991119
7.738000,45.000000,135.000000,dualpol_vector_correlation,E1-E3,100.000000,365.699222,4.074634,364.074634,73.611111,-20.133333,58.723026,35.965652,179.120124
7.738000,45.000000,0.000000,dualpol_vector_correlation,E2-E4,100.000000,358.246076,2.985297,2.985297,70.833333,-19.254962,0.000000,0.000000,0.000000
7.738000,45.000000,45.000000,dualpol_vector_correlation,E2-E4,100.000000,360.000000,-0.270355,359.729645,75.000000,-20.424212,56.526044,36.402716,175.623541
7.738000,45.000000,90.000000,dualpol_vector_correlation,E2-E4,100.000000,277.134895,1.069111,1.069111,56.944444,-18.342834,90.682345,63.360070,175.333647
7.738000,45.000000,135.000000,dualpol_vector_correlation,E2-E4,100.000000,616.523438,4.196876,-355.803124,54.166667,-23.885967,64.965041,46.091296,174.746966
7.738000,45.000000,0.000000,dualpol_vector_correlation,E1-E2,100.000000,349.597477,-0.820061,-0.820061,65.277778,-17.798848,0.000000,0.000000,0.000000
7.738000,45.000000,45.000000,dualpol_vector_correlation,E1-E2,100.000000,369.837200,-18.259651,-378.259651,76.388889,-25.323594,45.560759,30.694101,162.604454
7.738000,45.000000,90.000000,dualpol_vector_correlation,E1-E2,100.000000,360.654919,-1.454500,358.545500,61.111111,-15.787068,79.969527,39.902907,178.877854
7.738000,45.000000,135.000000,dualpol_vector_correlation,E1-E2,100.000000,367.051383,16.281718,376.281718,80.555556,-23.625856,51.421123,34.688008,150.712785
7.738000,45.000000,0.000000,dualpol_vector_correlation,E2-E3,100.000000,360.000000,2.304460,362.304460,83.333333,-20.071382,0.000000,0.000000,0.000000
7.738000,45.000000,45.000000,dualpol_vector_correlation,E2-E3,100.000000,356.782115,15.099717,15.099717,63.888889,-18.401158,52.175620,33.673291,171.676254
7.738000,45.000000,90.000000,dualpol_vector_correlation,E2-E3,100.000000,360.000000,0.274733,360.274733,69.444444,-17.739297,49.034209,30.793667,133.731431
7.738000,45.000000,135.000000,dualpol_vector_correlation,E2-E3,100.000000,331.648181,-12.184420,-12.184420,59.722222,-23.625856,54.347573,32.753187,173.082388
7.738000,45.000000,0.000000,dualpol_vector_correlation,E3-E4,100.000000,355.643301,0.005647,0.005647,58.333333,-20.071382,0.000000,0.000000,0.000000
7.738000,45.000000,45.000000,dualpol_vector_correlation,E3-E4,100.000000,376.726893,-15.524383,344.475617,72.222222,-20.570766,63.143366,42.738859,172.329787
7.738000,45.000000,90.000000,dualpol_vector_correlation,E3-E4,100.000000,179.044343,1.626197,1.626197,65.277778,-18.377166,88.041061,51.377765,179.549360
7.738000,45.000000,135.000000,dualpol_vector_correlation,E3-E4,100.000000,373.979345,16.416670,-343.583330,75.000000,-20.412461,60.471028,41.959034,177.054381
7.738000,45.000000,0.000000,dualpol_vector_correlation,E4-E1,100.000000,360.000000,-1.032653,-361.032653,84.722222,-19.254962,0.000000,0.000000,0.000000
7.738000,45.000000,45.000000,dualpol_vector_correlation,E4-E1,100.000000,332.322999,18.519962,18.519962,61.111111,-25.227832,54.942669,34.668346,171.085861
7.738000,45.000000,90.000000,dualpol_vector_correlation,E4-E1,100.000000,360.000000,-0.878639,-360.878639,66.666667,-18.264005,49.921394,30.605797,139.695935
7.738000,45.000000,135.000000,dualpol_vector_correlation,E4-E1,100.000000,374.544991,-20.184755,-20.184755,63.888889,-17.984394,53.070004,33.959257,176.820021
7.738000,60.000000,0.000000,dualpol_vector_correlation,E1-E3,100.000000,341.996437,0.302491,0.302491,80.555556,-18.437955,0.000000,0.000000,0.000000
7.738000,60.000000,45.000000,dualpol_vector_correlation,E1-E3,100.000000,520.976878,-3.465346,-363.465346,56.944444,-21.940237,61.909621,43.663693,175.285384
7.738000,60.000000,90.000000,dualpol_vector_correlation,E1-E3,100.000000,170.473945,0.666002,0.666002,51.388889,-18.708630,88.869038,65.030278,177.970120
7.738000,60.000000,135.000000,dualpol_vector_correlation,E1-E3,100.000000,720.000000,4.507023,724.507023,86.111111,-17.604859,50.574318,31.918714,172.197397
7.738000,60.000000,0.000000,dualpol_vector_correlation,E2-E4,100.000000,360.000000,1.740479,361.740479,75.000000,-21.568275,0.000000,0.000000,0.000000
7.738000,60.000000,45.000000,dualpol_vector_correlation,E2-E4,100.000000,360.000000,-0.449708,359.550292,73.611111,-21.618808,44.421538,28.311050,177.071377
7.738000,60.000000,90.000000,dualpol_vector_correlation,E2-E4,100.000000,720.000000,2.313677,722.313677,84.722222,-17.301038,71.943725,45.956501,154.725703
7.738000,60.000000,135.000000,dualpol_vector_correlation,E2-E4,100.000000,376.112748,4.376530,4.376530,55.555556,-21.456213,57.874573,38.022759,162.246262
7.738000,60.000000,0.000000,dualpol_vector_correlation,E1-E2,100.000000,319.691282,-9.359544,-9.359544,76.388889,-21.568275,0.000000,0.000000,0.000000
7.738000,60.000000,45.000000,dualpol_vector_correlation,E1-E2,100.000000,360.000000,-16.546100,-376.546100,88.888889,-22.182644,39.582584,25.536065,167.321008
7.738000,60.000000,90.000000,dualpol_vector_correlation,E1-E2,100.000000,360.000000,7.803142,-352.196858,76.388889,-16.138085,70.638299,46.702254,176.280815
7.738000,60.000000,135.000000,dualpol_vector_correlation,E1-E2,100.000000,439.703405,13.891570,373.891570,58.333333,-21.287156,53.779167,34.205144,166.302633
7.738000,60.000000,0.000000,dualpol_vector_correlation,E2-E3,100.000000,360.000000,9.108337,369.108337,86.111111,-21.568275,0.000000,0.000000,0.000000
7.738000,60.000000,45.000000,dualpol_vector_correlation,E2-E3,100.000000,342.488735,12.808376,12.808376,65.277778,-20.118315,54.646888,34.198710,170.782546
7.738000,60.000000,90.000000,dualpol_vector_correlation,E2-E3,100.000000,360.000000,-6.457236,353.542764,70.833333,-18.724856,55.297171,37.663035,163.334290
7.738000,60.000000,135.000000,dualpol_vector_correlation,E2-E3,100.000000,333.637695,-9.957556,-9.957556,63.888889,-21.287156,54.662077,32.578769,174.806597
7.738000,60.000000,0.000000,dualpol_vector_correlation,E3-E4,100.000000,243.634050,-8.344029,-8.344029,76.388889,-20.590727,0.000000,0.000000,0.000000
7.738000,60.000000,45.000000,dualpol_vector_correlation,E3-E4,100.000000,360.000000,-12.780850,347.219150,93.055556,-21.376401,62.229214,41.143040,176.613202
7.738000,60.000000,90.000000,dualpol_vector_correlation,E3-E4,100.000000,360.000000,9.331481,369.331481,79.166667,-18.786405,74.653856,51.183260,178.275437
7.738000,60.000000,135.000000,dualpol_vector_correlation,E3-E4,100.000000,296.766341,14.279712,14.279712,58.333333,-19.146073,50.996632,32.503492,169.076385
7.738000,60.000000,0.000000,dualpol_vector_correlation,E4-E1,100.000000,360.000000,8.917522,-351.082478,76.388889,-20.450611,0.000000,0.000000,0.000000
7.738000,60.000000,45.000000,dualpol_vector_correlation,E4-E1,100.000000,333.060977,16.145547,16.145547,62.500000,-21.745605,45.338994,27.032171,171.784556
7.738000,60.000000,90.000000,dualpol_vector_correlation,E4-E1,100.000000,360.000000,-10.872709,-370.872709,72.222222,-17.301038,45.507954,29.343647,132.136754
7.738000,60.000000,135.000000,dualpol_vector_correlation,E4-E1,100.000000,396.487780,-17.762082,-377.762082,73.611111,-19.146073,55.585890,32.984249,178.950924
7.738000,75.000000,0.000000,dualpol_vector_correlation,E1-E3,100.000000,360.000000,-1.640910,358.359090,90.277778,-16.601478,0.000000,0.000000,0.000000
7.738000,75.000000,45.000000,dualpol_vector_correlation,E1-E3,100.000000,794.729444,-2.869502,-722.869502,56.944444,-19.096779,49.930911,33.129347,155.933726
7.738000,75.000000,90.000000,dualpol_vector_correlation,E1-E3,100.000000,244.717816,2.664913,2.664913,55.555556,-18.818430,71.136842,51.365118,175.940506
7.738000,75.000000,135.000000,dualpol_vector_correlation,E1-E3,100.000000,720.000000,3.855888,723.855888,100.000000,-16.416814,38.677077,27.076178,115.199915
7.738000,75.000000,0.000000,dualpol_vector_correlation,E2-E4,100.000000,360.000000,0.540031,360.540031,73.611111,-27.425419,0.000000,0.000000,0.000000
7.738000,75.000000,45.000000,dualpol_vector_correlation,E2-E4,100.000000,720.000000,0.049317,720.049317,77.777778,-20.205348,38.715627,23.339929,159.757875
7.738000,75.000000,90.000000,dualpol_vector_correlation,E2-E4,100.000000,486.748839,3.450146,3.450146,58.333333,-17.639458,76.687894,50.169862,173.654492
7.738000,75.000000,135.000000,dualpol_vector_correlation,E2-E4,100.000000,720.000000,3.941412,723.941412,75.000000,-20.859624,39.589460,25.439462,148.912265
7.738000,75.000000,0.000000,dualpol_vector_correlation,E1-E2,100.000000,312.000146,-15.650397,-15.650397,76.388889,-27.425419,0.000000,0.000000,0.000000
7.738000,75.000000,45.000000,dualpol_vector_correlation,E1-E2,100.000000,360.000000,-10.528056,-370.528056,86.111111,-19.517302,35.077552,19.457314,172.406245
7.738000,75.000000,90.000000,dualpol_vector_correlation,E1-E2,100.000000,360.000000,14.212945,-345.787055,73.611111,-16.647315,67.306867,43.117235,178.844722
7.738000,75.000000,135.000000,dualpol_vector_correlation,E1-E2,100.000000,263.649545,7.696570,7.696570,62.500000,-17.839149,50.868845,31.322065,175.755468
7.738000,75.000000,0.000000,dualpol_vector_correlation,E2-E3,100.000000,366.572738,13.763981,373.763981,84.722222,-27.425419,0.000000,0.000000,0.000000
7.738000,75.000000,45.000000,dualpol_vector_correlation,E2-E3,100.000000,341.312885,7.392060,7.392060,70.833333,-18.909356,56.224712,33.525191,168.381961
7.738000,75.000000,90.000000,dualpol_vector_correlation,E2-E3,100.000000,360.000000,-10.945091,349.054909,66.666667,-18.818430,54.499741,36.966527,174.038741
7.738000,75.000000,135.000000,dualpol_vector_correlation,E2-E3,100.000000,360.000000,-4.709350,355.290650,69.444444,-17.839149,51.335060,26.830326,176.141967
7.738000,75.000000,0.000000,dualpol_vector_correlation,E3-E4,100.000000,371.381306,-13.992924,346.007076,79.166667,-20.358624,0.000000,0.000000,0.000000
7.738000,75.000000,45.000000,dualpol_vector_correlation,E3-E4,100.000000,360.000000,-6.508259,353.491741,90.277778,-19.803579,43.378807,27.875095,155.850306
7.738000,75.000000,90.000000,dualpol_vector_correlation,E3-E4,100.000000,360.000000,14.629320,374.629320,77.777778,-18.970878,66.230105,43.987980,178.877585
7.738000,75.000000,135.000000,dualpol_vector_correlation,E3-E4,100.000000,262.378535,8.394920,8.394920,54.166667,-20.705965,33.070108,22.123505,102.805177
7.738000,75.000000,0.000000,dualpol_vector_correlation,E4-E1,100.000000,360.000000,15.969219,-344.030781,79.166667,-20.358624,0.000000,0.000000,0.000000
7.738000,75.000000,45.000000,dualpol_vector_correlation,E4-E1,100.000000,327.845269,9.158662,9.158662,72.222222,-19.803579,40.582913,22.738138,167.352280
7.738000,75.000000,90.000000,dualpol_vector_correlation,E4-E1,100.000000,360.000000,-17.795155,-377.795155,75.000000,-17.639458,45.509712,32.483023,144.654010
7.738000,75.000000,135.000000,dualpol_vector_correlation,E4-E1,100.000000,360.000000,-10.891828,-370.891828,72.222222,-20.705965,52.411869,33.713932,165.634625
7.738000,90.000000,0.000000,dualpol_vector_correlation,E1-E3,100.000000,362.234802,-3.014133,-3.014133,65.277778,-14.382775,0.000000,0.000000,0.000000
7.738000,90.000000,45.000000,dualpol_vector_correlation,E1-E3,100.000000,726.889012,-1.363289,-721.363289,70.833333,-17.770559,32.510746,17.472954,170.398614
7.738000,90.000000,90.000000,dualpol_vector_correlation,E1-E3,100.000000,315.630657,4.074634,4.074634,52.777778,-18.588940,52.069771,29.533388,179.865060
7.738000,90.000000,135.000000,dualpol_vector_correlation,E1-E3,100.000000,723.639163,2.312989,722.312989,76.388889,-17.799987,30.936920,18.833466,142.588637
7.738000,90.000000,0.000000,dualpol_vector_correlation,E2-E4,100.000000,360.000000,-0.270355,359.729645,72.222222,-25.094564,0.000000,0.000000,0.000000
7.738000,90.000000,45.000000,dualpol_vector_correlation,E2-E4,100.000000,720.000000,1.069111,721.069111,79.166667,-17.766053,33.428985,19.282250,161.546095
7.738000,90.000000,90.000000,dualpol_vector_correlation,E2-E4,100.000000,492.065435,4.196876,4.196876,55.555556,-17.898881,75.315013,49.355535,169.379525
7.738000,90.000000,135.000000,dualpol_vector_correlation,E2-E4,100.000000,720.000000,2.985297,722.985297,79.166667,-20.005721,34.431603,20.258998,167.870007
7.738000,90.000000,0.000000,dualpol_vector_correlation,E1-E2,100.000000,332.622938,-18.259651,-18.259651,75.000000,-25.094564,0.000000,0.000000,0.000000
7.738000,90.000000,45.000000,dualpol_vector_correlation,E1-E2,100.000000,323.386138,-1.454500,-1.454500,68.055556,-18.017324,31.729815,19.535461,119.938510
7.738000,90.000000,90.000000,dualpol_vector_correlation,E1-E2,100.000000,341.139069,16.281718,16.281718,58.333333,-17.826772,55.920336,38.005246,169.222853
7.738000,90.000000,135.000000,dualpol_vector_correlation,E1-E2,100.000000,292.377573,-0.820061,-0.820061,68.055556,-16.166613,52.325493,31.784252,179.657099
7.738000,90.000000,0.000000,dualpol_vector_correlation,E2-E3,100.000000,360.000000,15.099717,375.099717,81.944444,-25.094564,0.000000,0.000000,0.000000
7.738000,90.000000,45.000000,dualpol_vector_correlation,E2-E3,100.000000,321.241104,0.274733,0.274733,72.222222,-17.687973,52.400300,28.717212,179.122750
7.738000,90.000000,90.000000,dualpol_vector_correlation,E2-E3,100.000000,292.576924,-12.184420,-12.184420,61.111111,-18.623297,45.929544,26.867880,161.089461
7.738000,90.000000,135.000000,dualpol_vector_correlation,E2-E3,100.000000,295.344898,2.304460,2.304460,70.833333,-18.428289,27.394787,16.650433,89.154688
7.738000,90.000000,0.000000,dualpol_vector_correlation,E3-E4,100.000000,360.000000,-15.524383,344.475617,84.722222,-20.187540,0.000000,0.000000,0.000000
7.738000,90.000000,45.000000,dualpol_vector_correlation,E3-E4,100.000000,360.000000,1.626197,361.626197,77.777778,-17.353139,34.150853,23.792046,96.600773
7.738000,90.000000,90.000000,dualpol_vector_correlation,E3-E4,100.000000,272.602071,16.416670,16.416670,62.500000,-18.695405,60.062887,39.948851,172.885347
7.738000,90.000000,135.000000,dualpol_vector_correlation,E3-E4,100.000000,298.894133,0.005647,0.005647,72.222222,-19.377419,39.320240,22.921608,166.993712
7.738000,90.000000,0.000000,dualpol_vector_correlation,E4-E1,100.000000,360.000000,18.519962,-341.480038,80.555556,-20.187540,0.000000,0.000000,0.000000
7.738000,90.000000,45.000000,dualpol_vector_correlation,E4-E1,100.000000,299.535014,-0.878639,-0.878639,69.444444,-18.095404,45.638522,27.800938,163.459050
7.738000,90.000000,90.000000,dualpol_vector_correlation,E4-E1,100.000000,328.549993,-20.184755,-20.184755,61.111111,-17.450430,58.340214,41.538559,158.709866
7.738000,90.000000,135.000000,dualpol_vector_correlation,E4-E1,100.000000,360.000000,-1.032653,-361.032653,76.388889,-19.325952,26.591465,20.027819,74.123432
7.738000,45.000000,0.000000,dualpol_known_pol_vector,E1-E3,100.000000,360.000000,2.287342,362.287342,76.388889,-29.716227,0.000000,0.000000,0.000000
7.738000,45.000000,45.000000,dualpol_known_pol_vector,E1-E3,100.000000,239.529894,-5.708638,-5.708638,50.000000,-25.969741,75.465724,56.057420,178.155413
7.738000,45.000000,90.000000,dualpol_known_pol_vector,E1-E3,100.000000,207.547817,-8.978846,-8.978846,50.000000,-17.767454,87.920625,70.016415,176.158989
7.738000,45.000000,135.000000,dualpol_known_pol_vector,E1-E3,98.630137,422.070974,-1.112279,-1.112279,66.197183,-43.066861,33.875585,21.594354,145.218928
7.738000,45.000000,0.000000,dualpol_known_pol_vector,E2-E4,100.000000,682.058843,9.783039,-350.216961,54.166667,-30.868931,0.000000,0.000000,0.000000
7.738000,45.000000,45.000000,dualpol_known_pol_vector,E2-E4,100.000000,360.000000,4.195436,364.195436,79.166667,-29.854989,72.238833,51.840428,176.962007
7.738000,45.000000,90.000000,dualpol_known_pol_vector,E2-E4,100.000000,407.607746,4.669346,364.669346,73.611111,-31.790146,51.967459,37.357477,159.895268
7.738000,45.000000,135.000000,dualpol_known_pol_vector,E2-E4,100.000000,1055.893531,8.680650,-711.319350,61.111111,-31.760977,58.256952,35.895751,175.491895
7.738000,45.000000,0.000000,dualpol_known_pol_vector,E1-E2,100.000000,414.642079,12.292265,372.292265,62.500000,-31.695219,0.000000,0.000000,0.000000
7.738000,45.000000,45.000000,dualpol_known_pol_vector,E1-E2,100.000000,347.634214,-22.339665,-22.339665,70.833333,-30.006333,64.452047,48.123463,171.979135
7.738000,45.000000,90.000000,dualpol_known_pol_vector,E1-E2,100.000000,205.157490,-23.683066,-23.683066,52.777778,-27.267984,72.912298,52.710501,168.704238
7.738000,45.000000,135.000000,dualpol_known_pol_vector,E1-E2,100.000000,404.277702,11.284550,371.284550,56.944444,-32.387536,52.944449,25.900773,168.314752
7.738000,45.000000,0.000000,dualpol_known_pol_vector,E2-E3,100.000000,355.644285,-10.004923,-10.004923,58.333333,-32.529096,0.000000,0.000000,0.000000
7.738000,45.000000,45.000000,dualpol_known_pol_vector,E2-E3,100.000000,402.778273,16.631028,16.631028,68.055556,-31.022848,64.097346,42.851229,170.699070
7.738000,45.000000,90.000000,dualpol_known_pol_vector,E2-E3,100.000000,341.395729,14.704220,14.704220,55.555556,-27.792700,66.873240,50.224281,175.052558
7.738000,45.000000,135.000000,dualpol_known_pol_vector,E2-E3,98.630137,359.291918,-12.396829,-12.396829,53.521127,-43.066861,50.299309,29.153823,178.190501
7.738000,45.000000,0.000000,dualpol_known_pol_vector,E3-E4,100.000000,527.488690,19.787962,-340.212038,59.722222,-31.884979,0.000000,0.000000,0.000000
7.738000,45.000000,45.000000,dualpol_known_pol_vector,E3-E4,100.000000,361.710263,-12.435591,347.564409,79.166667,-26.788903,77.168508,55.990600,174.288156
7.738000,45.000000,90.000000,dualpol_known_pol_vector,E3-E4,100.000000,361.992951,-10.034874,349.965126,72.222222,-33.057272,83.990855,62.937194,177.747309
7.738000,45.000000,135.000000,dualpol_known_pol_vector,E3-E4,98.630137,411.677335,21.077480,-338.922520,59.154930,-43.066861,49.074634,31.302474,177.353169
7.738000,45.000000,0.000000,dualpol_known_pol_vector,E4-E1,100.000000,492.307684,-22.075304,-22.075304,63.888889,-31.051101,0.000000,0.000000,0.000000
7.738000,45.000000,45.000000,dualpol_known_pol_vector,E4-E1,100.000000,361.524706,18.144229,-341.855771,68.055556,-25.772389,61.438555,44.464276,170.817445
7.738000,45.000000,90.000000,dualpol_known_pol_vector,E4-E1,100.000000,360.000000,19.013720,-340.986280,65.277778,-32.532555,66.098745,47.789598,156.899190
7.738000,45.000000,135.000000,dualpol_known_pol_vector,E4-E1,100.000000,721.999242,-19.965201,340.034799,51.388889,-25.236158,45.378150,26.859759,153.236316
7.738000,60.000000,0.000000,dualpol_known_pol_vector,E1-E3,100.000000,360.000000,0.879758,360.879758,69.444444,-25.424650,0.000000,0.000000,0.000000
7.738000,60.000000,45.000000,dualpol_known_pol_vector,E1-E3,100.000000,270.545471,-11.186522,-11.186522,55.555556,-33.463613,73.249794,52.694083,178.781951
7.738000,60.000000,90.000000,dualpol_known_pol_vector,E1-E3,100.000000,197.713826,-13.353034,-13.353034,59.722222,-19.988314,89.080670,71.229992,179.821103
7.738000,60.000000,135.000000,dualpol_known_pol_vector,E1-E3,100.000000,484.983371,-0.383709,-360.383709,65.277778,-33.630935,50.125193,32.393367,165.369435
7.738000,60.000000,0.000000,dualpol_known_pol_vector,E2-E4,100.000000,781.496283,13.473902,-346.526098,56.944444,-29.593416,0.000000,0.000000,0.000000
7.738000,60.000000,45.000000,dualpol_known_pol_vector,E2-E4,100.000000,363.616567,4.555776,364.555776,73.611111,-26.317062,75.254225,52.836915,179.182216
7.738000,60.000000,90.000000,dualpol_known_pol_vector,E2-E4,100.000000,720.000000,8.294373,728.294373,86.111111,-30.751756,60.626725,44.589115,178.801309
7.738000,60.000000,135.000000,dualpol_known_pol_vector,E2-E4,98.630137,831.323705,13.358427,-346.641573,56.338028,-37.486425,60.886225,43.834404,164.211431
7.738000,60.000000,0.000000,dualpol_known_pol_vector,E1-E2,100.000000,499.707390,9.472944,369.472944,51.388889,-29.997301,0.000000,0.000000,0.000000
7.738000,60.000000,45.000000,dualpol_known_pol_vector,E1-E2,100.000000,411.083236,-37.217350,-37.217350,76.388889,-31.775434,66.412100,49.133998,179.890950
7.738000,60.000000,90.000000,dualpol_known_pol_vector,E1-E2,100.000000,360.000000,-27.398980,-387.398980,73.611111,-31.692068,82.988040,63.506937,172.679042
7.738000,60.000000,135.000000,dualpol_known_pol_vector,E1-E2,100.000000,383.765467,20.577402,20.577402,56.944444,-32.308898,62.787439,40.623158,179.157402
7.738000,60.000000,0.000000,dualpol_known_pol_vector,E2-E3,100.000000,386.743761,-8.593186,-8.593186,54.166667,-32.105412,0.000000,0.000000,0.000000
7.738000,60.000000,45.000000,dualpol_known_pol_vector,E2-E3,100.000000,390.802716,26.030828,26.030828,70.833333,-24.982333,69.606692,48.609900,176.274400
7.738000,60.000000,90.000000,dualpol_known_pol_vector,E2-E3,100.000000,360.000000,14.045946,374.045946,56.944444,-32.865326,85.388374,65.231384,178.877755
7.738000,60.000000,135.000000,dualpol_known_pol_vector,E2-E3,100.000000,643.314316,-20.961111,-380.961111,55.555556,-30.357290,65.757873,49.591051,168.361996
7.738000,60.000000,0.000000,dualpol_known_pol_vector,E3-E4,100.000000,570.213386,22.067088,-337.932912,52.777778,-31.644363,0.000000,0.000000,0.000000
7.738000,60.000000,45.000000,dualpol_known_pol_vector,E3-E4,100.000000,360.000000,-21.475052,338.524948,86.111111,-28.005241,73.371551,55.164273,174.126779
7.738000,60.000000,90.000000,dualpol_known_pol_vector,E3-E4,100.000000,360.000000,-5.751574,354.248426,81.944444,-20.123919,80.950096,60.791591,178.550354
7.738000,60.000000,135.000000,dualpol_known_pol_vector,E3-E4,98.630137,325.299077,34.319538,34.319538,54.929577,-39.234634,54.327835,37.197352,168.419337
7.738000,60.000000,0.000000,dualpol_known_pol_vector,E4-E1,100.000000,488.441475,-22.946846,-22.946846,56.944444,-29.536252,0.000000,0.000000,0.000000
7.738000,60.000000,45.000000,dualpol_known_pol_vector,E4-E1,100.000000,416.283709,32.661574,-327.338426,72.222222,-31.500778,63.596198,46.174890,174.475323
7.738000,60.000000,90.000000,dualpol_known_pol_vector,E4-E1,100.000000,360.000000,19.104607,-340.895393,66.666667,-18.950661,75.192210,54.643740,179.118532
7.738000,60.000000,135.000000,dualpol_known_pol_vector,E4-E1,98.630137,655.365996,-33.935829,326.064171,56.338028,-37.912597,50.465111,30.967171,172.991001
7.738000,75.000000,0.000000,dualpol_known_pol_vector,E1-E3,100.000000,479.610424,-2.151788,-362.151788,59.722222,-25.854385,0.000000,0.000000,0.000000
7.738000,75.000000,45.000000,dualpol_known_pol_vector,E1-E3,100.000000,432.986720,-23.754170,-383.754170,62.500000,-25.318315,62.088001,47.896841,176.977280
7.738000,75.000000,90.000000,dualpol_known_pol_vector,E1-E3,100.000000,263.419300,-24.632007,-24.632007,68.055556,-23.191402,73.419459,63.739678,131.769636
7.738000,75.000000,135.000000,dualpol_known_pol_vector,E1-E3,98.630137,416.969197,3.981601,-356.018399,77.464789,-36.093701,43.940597,33.142299,148.925810
7.738000,75.000000,0.000000,dualpol_known_pol_vector,E2-E4,98.630137,650.862435,20.882449,20.882449,54.929577,-48.811857,0.000000,0.000000,0.000000
7.738000,75.000000,45.000000,dualpol_known_pol_vector,E2-E4,100.000000,436.945961,2.519466,362.519466,73.611111,-29.255846,78.358290,56.880353,173.642625
7.738000,75.000000,90.000000,dualpol_known_pol_vector,E2-E4,100.000000,720.000000,18.582937,738.582937,84.722222,-28.643302,54.703015,42.597465,172.035984
7.738000,75.000000,135.000000,dualpol_known_pol_vector,E2-E4,100.000000,872.597706,22.639724,-337.360276,55.555556,-26.087241,69.370342,47.560380,173.958378
7.738000,75.000000,0.000000,dualpol_known_pol_vector,E1-E2,100.000000,477.989463,3.574734,-356.425266,68.055556,-29.192502,0.000000,0.000000,0.000000
7.738000,75.000000,45.000000,dualpol_known_pol_vector,E1-E2,100.000000,525.360729,-71.352568,-431.352568,69.444444,-23.951235,70.401993,56.305552,175.939754
7.738000,75.000000,90.000000,dualpol_known_pol_vector,E1-E2,100.000000,360.000000,-36.639982,-396.639982,72.222222,-28.670365,91.324320,74.024837,178.578488
7.738000,75.000000,135.000000,dualpol_known_pol_vector,E1-E2,100.000000,433.318685,45.448642,45.448642,52.777778,-33.796684,85.086747,66.536177,175.402206
7.738000,75.000000,0.000000,dualpol_known_pol_vector,E2-E3,100.000000,439.056279,-5.726521,-5.726521,59.722222,-31.921985,0.000000,0.000000,0.000000
7.738000,75.000000,45.000000,dualpol_known_pol_vector,E2-E3,100.000000,375.053729,47.598398,47.598398,61.111111,-18.850642,48.530377,35.035439,115.767654
7.738000,75.000000,90.000000,dualpol_known_pol_vector,E2-E3,100.000000,360.000000,12.007975,372.007975,56.944444,-28.998300,84.289119,67.321331,179.170570
7.738000,75.000000,135.000000,dualpol_known_pol_vector,E2-E3,100.000000,630.878838,-41.467041,-401.467041,58.333333,-27.278743,89.582292,74.221267,170.122354
7.738000,75.000000,0.000000,dualpol_known_pol_vector,E3-E4,98.630137,358.485237,26.608970,26.608970,53.521127,-51.541340,0.000000,0.000000,0.000000
7.738000,75.000000,45.000000,dualpol_known_pol_vector,E3-E4,100.000000,396.259533,-45.078932,314.921068,84.722222,-30.622926,81.319563,63.914595,174.725242
7.738000,75.000000,90.000000,dualpol_known_pol_vector,E3-E4,100.000000,360.000000,6.574962,366.574962,83.333333,-23.191402,83.172719,67.429000,178.985254
7.738000,75.000000,135.000000,dualpol_known_pol_vector,E3-E4,100.000000,370.796519,64.106766,64.106766,50.000000,-23.213393,60.285142,48.052235,163.665606
7.738000,75.000000,0.000000,dualpol_known_pol_vector,E4-E1,98.630137,624.826084,-24.457183,335.542817,63.380282,-48.696811,0.000000,0.000000,0.000000
7.738000,75.000000,45.000000,dualpol_known_pol_vector,E4-E1,100.000000,365.605321,68.833102,68.833102,76.388889,-28.374586,73.017488,59.970405,171.813571
7.738000,75.000000,90.000000,dualpol_known_pol_vector,E4-E1,100.000000,360.000000,18.057045,-341.942955,69.444444,-22.649013,86.642520,67.362299,174.909199
7.738000,75.000000,135.000000,dualpol_known_pol_vector,E4-E1,100.000000,625.747358,-68.088367,291.911633,55.555556,-34.902198,58.310651,43.719714,175.275342
7.738000,90.000000,0.000000,dualpol_known_pol_vector,E1-E3,100.000000,274.501499,11.447309,11.447309,52.777778,-23.120443,0.000000,0.000000,0.000000
7.738000,90.000000,45.000000,dualpol_known_pol_vector,E1-E3,100.000000,360.000000,-12.304641,-372.304641,76.388889,-32.157251,77.115259,57.998996,179.060471
7.738000,90.000000,90.000000,dualpol_known_pol_vector,E1-E3,100.000000,281.774387,-50.064716,-50.064716,70.833333,-19.961337,88.101398,62.595024,179.432626
7.738000,90.000000,135.000000,dualpol_known_pol_vector,E1-E3,100.000000,720.000000,31.057799,751.057799,80.555556,-27.842804,62.023601,42.017683,173.439862
7.738000,90.000000,0.000000,dualpol_known_pol_vector,E2-E4,100.000000,521.782006,-50.574192,-50.574192,51.388889,-23.981363,0.000000,0.000000,0.000000
7.738000,90.000000,45.000000,dualpol_known_pol_vector,E2-E4,100.000000,507.557450,-19.300386,-19.300386,54.166667,-24.397973,53.272973,35.621597,165.600305
7.738000,90.000000,90.000000,dualpol_known_pol_vector,E2-E4,97.260274,360.000000,21.452715,381.452715,58.571429,-45.662649,40.360804,34.732983,114.585925
7.738000,90.000000,135.000000,dualpol_known_pol_vector,E2-E4,100.000000,846.030286,23.566762,-336.433238,52.777778,-21.289526,57.196497,39.720809,173.165326
7.738000,90.000000,0.000000,dualpol_known_pol_vector,E1-E2,100.000000,292.050928,22.323666,22.323666,56.944444,-21.983575,0.000000,0.000000,0.000000
7.738000,90.000000,45.000000,dualpol_known_pol_vector,E1-E2,100.000000,514.210772,-179.002542,180.997458,59.722222,-32.157251,84.955174,70.052289,173.540383
7.738000,90.000000,90.000000,dualpol_known_pol_vector,E1-E2,100.000000,574.924967,-27.623590,332.376410,65.277778,-28.141599,70.425027,56.787449,145.402088
7.738000,90.000000,135.000000,dualpol_known_pol_vector,E1-E2,100.000000,615.003308,179.647401,539.647401,83.333333,-27.842804,110.273142,97.417685,178.888764
7.738000,90.000000,0.000000,dualpol_known_pol_vector,E2-E3,100.000000,359.543384,-10.876357,-10.876357,54.166667,-21.098917,0.000000,0.000000,0.000000
7.738000,90.000000,45.000000,dualpol_known_pol_vector,E2-E3,100.000000,720.000000,166.697901,-553.302099,80.555556,-13.064159,76.879016,58.377960,178.630752
7.738000,90.000000,90.000000,dualpol_known_pol_vector,E2-E3,100.000000,567.141797,-22.441125,-382.441125,58.333333,-28.378846,94.352701,75.151499,178.863648
7.738000,90.000000,135.000000,dualpol_known_pol_vector,E2-E3,100.000000,379.762510,-148.589602,211.410398,58.333333,-23.021569,116.490031,102.577739,173.947547
7.738000,90.000000,0.000000,dualpol_known_pol_vector,E3-E4,100.000000,494.442606,-39.697835,-39.697835,58.333333,-26.145742,0.000000,0.000000,0.000000
7.738000,90.000000,45.000000,dualpol_known_pol_vector,E3-E4,100.000000,720.000000,174.001713,894.001713,69.444444,-24.397973,99.519851,82.890628,175.892405
7.738000,90.000000,90.000000,dualpol_known_pol_vector,E3-E4,97.260274,720.000000,43.893840,763.893840,60.000000,-47.999845,98.729365,77.417432,179.445788
7.738000,90.000000,135.000000,dualpol_known_pol_vector,E3-E4,100.000000,720.000000,172.156364,-547.843636,84.722222,-22.336999,95.408358,80.247525,179.994231
7.738000,90.000000,0.000000,dualpol_known_pol_vector,E4-E1,100.000000,359.635512,28.250526,28.250526,52.777778,-28.167268,0.000000,0.000000,0.000000
7.738000,90.000000,45.000000,dualpol_known_pol_vector,E4-E1,100.000000,433.807576,-161.697072,-521.697072,51.388889,-32.157251,102.681081,87.164475,173.822251
7.738000,90.000000,90.000000,dualpol_known_pol_vector,E4-E1,97.260274,720.000000,6.170876,-713.829124,77.142857,-47.762597,50.059837,40.145932,118.745193
7.738000,90.000000,135.000000,dualpol_known_pol_vector,E4-E1,100.000000,362.407066,156.785837,156.785837,55.555556,-27.842804,88.983027,73.253781,177.825484
7.738000,45.000000,0.000000,dualpol_fixed_45deg_sum,E1-E3,100.000000,360.000000,1.879279,361.879279,87.500000,-27.787878,0.000000,0.000000,0.000000
7.738000,45.000000,45.000000,dualpol_fixed_45deg_sum,E1-E3,100.000000,239.529894,-5.708638,-5.708638,50.000000,-25.969741,73.577912,57.834114,170.579302
7.738000,45.000000,90.000000,dualpol_fixed_45deg_sum,E1-E3,100.000000,137.586946,-12.304641,-12.304641,55.555556,-17.478571,135.890103,131.524083,179.880931
7.738000,45.000000,135.000000,dualpol_fixed_45deg_sum,E1-E3,98.630137,360.000000,8.914098,368.914098,84.507042,-35.359646,74.669858,58.753079,173.468625
7.738000,45.000000,0.000000,dualpol_fixed_45deg_sum,E2-E4,100.000000,360.000000,2.470579,362.470579,91.666667,-23.366419,0.000000,0.000000,0.000000
7.738000,45.000000,45.000000,dualpol_fixed_45deg_sum,E2-E4,100.000000,360.000000,4.195436,364.195436,79.166667,-29.854989,72.427099,57.526917,151.162066
7.738000,45.000000,90.000000,dualpol_fixed_45deg_sum,E2-E4,100.000000,116.165814,-19.300386,-19.300386,59.722222,-12.021573,133.573868,127.497961,179.819118
7.738000,45.000000,135.000000,dualpol_fixed_45deg_sum,E2-E4,100.000000,237.919689,-0.485994,-0.485994,50.000000,-30.415590,75.610303,58.738996,178.336469
7.738000,45.000000,0.000000,dualpol_fixed_45deg_sum,E1-E2,100.000000,30.886528,-0.813607,-0.813607,65.277778,-27.608225,0.000000,0.000000,0.000000
7.738000,45.000000,45.000000,dualpol_fixed_45deg_sum,E1-E2,100.000000,347.634214,-22.339665,-22.339665,70.833333,-30.006333,75.742844,59.298945,179.815342
7.738000,45.000000,90.000000,dualpol_fixed_45deg_sum,E1-E2,100.000000,11.922911,-179.002542,-179.002542,50.000000,-10.366067,177.180697,177.136842,179.999087
7.738000,45.000000,135.000000,dualpol_fixed_45deg_sum,E1-E2,98.630137,368.188524,20.867337,20.867337,74.647887,-35.667365,78.814083,62.644664,168.990860
7.738000,45.000000,0.000000,dualpol_fixed_45deg_sum,E2-E3,100.000000,360.000000,2.692886,362.692886,87.500000,-24.907333,0.000000,0.000000,0.000000
7.738000,45.000000,45.000000,dualpol_fixed_45deg_sum,E2-E3,100.000000,402.778273,16.631028,16.631028,68.055556,-31.022848,43.768131,27.415542,161.958115
7.738000,45.000000,90.000000,dualpol_fixed_45deg_sum,E2-E3,100.000000,133.824559,166.697901,166.697901,55.555556,-17.478571,57.920986,46.879877,164.005015
7.738000,45.000000,135.000000,dualpol_fixed_45deg_sum,E2-E3,100.000000,360.000000,-11.953239,348.046761,68.055556,-29.576262,50.927816,32.105696,165.062546
7.738000,45.000000,0.000000,dualpol_fixed_45deg_sum,E3-E4,100.000000,21.994008,-0.222308,-0.222308,52.777778,-24.907333,0.000000,0.000000,0.000000
7.738000,45.000000,45.000000,dualpol_fixed_45deg_sum,E3-E4,100.000000,361.710263,-12.435591,347.564409,79.166667,-26.788903,90.117028,72.172163,179.457852
7.738000,45.000000,90.000000,dualpol_fixed_45deg_sum,E3-E4,100.000000,76.032928,174.001713,174.001713,51.388889,-17.478571,170.672050,170.322566,179.940676
7.738000,45.000000,135.000000,dualpol_fixed_45deg_sum,E3-E4,100.000000,360.421660,11.467246,-348.532754,80.555556,-24.397248,89.789758,71.187680,175.520493
7.738000,45.000000,0.000000,dualpol_fixed_45deg_sum,E4-E1,100.000000,360.000000,-1.656972,-361.656972,94.444444,-27.523589,0.000000,0.000000,0.000000
7.738000,45.000000,45.000000,dualpol_fixed_45deg_sum,E4-E1,100.000000,361.524706,18.144229,-341.855771,68.055556,-25.772389,55.166417,33.173083,179.652936
7.738000,45.000000,90.000000,dualpol_fixed_45deg_sum,E4-E1,100.000000,119.272837,-161.697072,-161.697072,59.722222,-11.015200,66.866496,53.990079,177.253077
7.738000,45.000000,135.000000,dualpol_fixed_45deg_sum,E4-E1,95.890411,393.578953,-20.381344,-380.381344,73.913043,-36.506693,46.183388,28.767273,165.106107
7.738000,60.000000,0.000000,dualpol_fixed_45deg_sum,E1-E3,100.000000,360.000000,-0.128979,359.871021,93.055556,-26.389218,0.000000,0.000000,0.000000
7.738000,60.000000,45.000000,dualpol_fixed_45deg_sum,E1-E3,100.000000,270.545471,-11.186522,-11.186522,55.555556,-33.463613,70.823152,53.891597,178.304815
7.738000,60.000000,90.000000,dualpol_fixed_45deg_sum,E1-E3,100.000000,720.000000,21.988466,741.988466,68.055556,-25.465349,121.904143,110.963252,177.924502
7.738000,60.000000,135.000000,dualpol_fixed_45deg_sum,E1-E3,93.150685,395.243260,6.050603,366.050603,86.567164,-44.165186,76.394107,52.202994,178.997084
7.738000,60.000000,0.000000,dualpol_fixed_45deg_sum,E2-E4,100.000000,360.000000,3.069457,363.069457,69.444444,-24.585464,0.000000,0.000000,0.000000
7.738000,60.000000,45.000000,dualpol_fixed_45deg_sum,E2-E4,100.000000,363.616567,4.555776,364.555776,73.611111,-26.317062,66.190555,52.678780,149.876978
7.738000,60.000000,90.000000,dualpol_fixed_45deg_sum,E2-E4,100.000000,168.812154,-10.116160,-10.116160,54.166667,-10.510885,112.993281,102.276889,176.659821
7.738000,60.000000,135.000000,dualpol_fixed_45deg_sum,E2-E4,100.000000,464.407037,0.883592,360.883592,63.888889,-31.486528,57.391891,42.618984,179.000565
7.738000,60.000000,0.000000,dualpol_fixed_45deg_sum,E1-E2,100.000000,170.554012,-6.656934,-6.656934,66.666667,-25.940138,0.000000,0.000000,0.000000
7.738000,60.000000,45.000000,dualpol_fixed_45deg_sum,E1-E2,100.000000,411.083236,-37.217350,-37.217350,76.388889,-31.775434,65.192361,51.639528,171.555525
7.738000,60.000000,90.000000,dualpol_fixed_45deg_sum,E1-E2,100.000000,392.923386,71.147468,431.147468,79.166667,-10.375765,134.158108,126.053337,178.287108
7.738000,60.000000,135.000000,dualpol_fixed_45deg_sum,E1-E2,95.890411,216.763278,11.778791,11.778791,53.623188,-44.653595,61.712787,47.529002,154.542621
7.738000,60.000000,0.000000,dualpol_fixed_45deg_sum,E2-E3,100.000000,360.000000,6.527955,366.527955,77.777778,-25.925164,0.000000,0.000000,0.000000
7.738000,60.000000,45.000000,dualpol_fixed_45deg_sum,E2-E3,100.000000,390.802716,26.030828,26.030828,70.833333,-24.982333,44.375399,26.674820,172.679475
7.738000,60.000000,90.000000,dualpol_fixed_45deg_sum,E2-E3,100.000000,360.000000,-49.159003,310.840997,55.555556,-25.176414,43.920549,38.707027,77.247839
7.738000,60.000000,135.000000,dualpol_fixed_45deg_sum,E2-E3,97.260274,360.000000,-5.728189,354.271811,78.571429,-43.485507,48.330041,27.659843,158.832946
7.738000,60.000000,0.000000,dualpol_fixed_45deg_sum,E3-E4,100.000000,107.392398,-3.458498,-3.458498,63.888889,-25.925164,0.000000,0.000000,0.000000
7.738000,60.000000,45.000000,dualpol_fixed_45deg_sum,E3-E4,100.000000,360.000000,-21.475052,338.524948,86.111111,-28.005241,85.050495,68.429438,174.012729
7.738000,60.000000,90.000000,dualpol_fixed_45deg_sum,E3-E4,100.000000,394.674077,39.042843,-320.957157,79.166667,-26.247920,135.556087,123.845250,179.559799
7.738000,60.000000,135.000000,dualpol_fixed_45deg_sum,E3-E4,97.260274,274.612762,6.611780,6.611780,52.857143,-43.516738,77.211795,57.612946,176.656372
7.738000,60.000000,0.000000,dualpol_fixed_45deg_sum,E4-E1,100.000000,360.000000,3.587478,-356.412522,87.500000,-25.725190,0.000000,0.000000,0.000000
7.738000,60.000000,45.000000,dualpol_fixed_45deg_sum,E4-E1,100.000000,416.283709,32.661574,-327.338426,72.222222,-31.500778,50.090335,29.474098,165.521127
7.738000,60.000000,90.000000,dualpol_fixed_45deg_sum,E4-E1,100.000000,360.000000,-61.031309,-421.031309,62.500000,-11.158336,42.599174,36.018070,73.994722
7.738000,60.000000,135.000000,dualpol_fixed_45deg_sum,E4-E1,95.890411,381.052497,-12.662383,-372.662383,73.913043,-44.684826,43.470247,25.123239,160.526087
7.738000,75.000000,0.000000,dualpol_fixed_45deg_sum,E1-E3,100.000000,360.000000,-2.480331,357.519669,87.500000,-26.528265,0.000000,0.000000,0.000000
7.738000,75.000000,45.000000,dualpol_fixed_45deg_sum,E1-E3,100.000000,432.986720,-23.754170,-383.754170,62.500000,-25.318315,70.678494,52.135943,178.719194
7.738000,75.000000,90.000000,dualpol_fixed_45deg_sum,E1-E3,100.000000,420.137551,13.382952,373.382952,65.277778,-29.825021,94.853298,74.561122,175.937888
7.738000,75.000000,135.000000,dualpol_fixed_45deg_sum,E1-E3,95.890411,170.719275,3.846641,3.846641,84.057971,-43.594161,50.467254,28.777369,172.259865
7.738000,75.000000,0.000000,dualpol_fixed_45deg_sum,E2-E4,100.000000,360.000000,3.639012,363.639012,73.611111,-29.109409,0.000000,0.000000,0.000000
7.738000,75.000000,45.000000,dualpol_fixed_45deg_sum,E2-E4,100.000000,436.945961,2.519466,362.519466,73.611111,-29.255846,64.689754,48.224566,174.983070
7.738000,75.000000,90.000000,dualpol_fixed_45deg_sum,E2-E4,100.000000,417.763553,-3.109986,-3.109986,61.111111,-24.971331,84.799260,65.352024,176.511790
7.738000,75.000000,135.000000,dualpol_fixed_45deg_sum,E2-E4,100.000000,720.000000,1.780856,721.780856,81.944444,-31.143740,36.285125,22.192957,155.714829
7.738000,75.000000,0.000000,dualpol_fixed_45deg_sum,E1-E2,100.000000,256.441582,-13.353005,-13.353005,66.666667,-25.706414,0.000000,0.000000,0.000000
7.738000,75.000000,45.000000,dualpol_fixed_45deg_sum,E1-E2,100.000000,525.360729,-71.352568,-431.352568,69.444444,-23.951235,59.367263,47.160020,169.115281
7.738000,75.000000,90.000000,dualpol_fixed_45deg_sum,E1-E2,100.000000,484.386841,36.021075,396.021075,52.777778,-30.018375,92.655113,73.481511,171.040935
7.738000,75.000000,135.000000,dualpol_fixed_45deg_sum,E1-E2,97.260274,360.000000,5.041256,-354.958744,62.857143,-44.216201,49.381956,28.984332,173.962139
7.738000,75.000000,0.000000,dualpol_fixed_45deg_sum,E2-E3,100.000000,360.000000,10.872674,370.872674,81.944444,-26.528265,0.000000,0.000000,0.000000
7.738000,75.000000,45.000000,dualpol_fixed_45deg_sum,E2-E3,100.000000,375.053729,47.598398,47.598398,61.111111,-18.850642,49.404849,31.392510,177.396231
7.738000,75.000000,90.000000,dualpol_fixed_45deg_sum,E2-E3,100.000000,305.644241,-22.638122,-22.638122,55.555556,-24.971331,59.721753,42.166475,172.375413
7.738000,75.000000,135.000000,dualpol_fixed_45deg_sum,E2-E3,98.630137,360.000000,-1.194615,358.805385,85.915493,-41.512637,38.694429,21.958022,173.822109
7.738000,75.000000,0.000000,dualpol_fixed_45deg_sum,E3-E4,100.000000,205.240296,-7.233661,-7.233661,63.888889,-29.524619,0.000000,0.000000,0.000000
7.738000,75.000000,45.000000,dualpol_fixed_45deg_sum,E3-E4,100.000000,396.259533,-45.078932,314.921068,84.722222,-30.622926,74.844547,59.935124,178.535832
7.738000,75.000000,90.000000,dualpol_fixed_45deg_sum,E3-E4,100.000000,245.343010,19.528136,19.528136,63.888889,-22.258773,84.492501,61.498692,177.111060
7.738000,75.000000,135.000000,dualpol_fixed_45deg_sum,E3-E4,98.630137,360.000000,2.975470,362.975470,70.422535,-41.044007,42.743037,26.869333,161.998411
7.738000,75.000000,0.000000,dualpol_fixed_45deg_sum,E4-E1,100.000000,360.000000,9.713993,-350.286007,83.333333,-28.623426,0.000000,0.000000,0.000000
7.738000,75.000000,45.000000,dualpol_fixed_45deg_sum,E4-E1,100.000000,365.605321,68.833102,68.833102,76.388889,-28.374586,43.818468,31.624326,119.416576
7.738000,75.000000,90.000000,dualpol_fixed_45deg_sum,E4-E1,100.000000,360.000000,-32.911088,-392.911088,68.055556,-29.828201,63.834149,45.778553,175.769599
7.738000,75.000000,135.000000,dualpol_fixed_45deg_sum,E4-E1,97.260274,360.000000,-6.822111,-366.822111,82.857143,-43.747572,33.185052,19.181187,143.546177
7.738000,90.000000,0.000000,dualpol_fixed_45deg_sum,E1-E3,100.000000,389.573779,-5.708638,354.291362,54.166667,-31.858331,0.000000,0.000000,0.000000
7.738000,90.000000,45.000000,dualpol_fixed_45deg_sum,E1-E3,100.000000,360.000000,-12.304641,-372.304641,76.388889,-32.157251,93.209689,81.797035,176.886413
7.738000,90.000000,90.000000,dualpol_fixed_45deg_sum,E1-E3,98.630137,478.098042,8.914098,368.914098,70.422535,-35.421463,66.974222,45.648655,177.325793
7.738000,90.000000,135.000000,dualpol_fixed_45deg_sum,E1-E3,100.000000,733.650602,1.879279,721.879279,69.444444,-34.409500,43.908214,26.268289,168.913340
7.738000,90.000000,0.000000,dualpol_fixed_45deg_sum,E2-E4,100.000000,360.000000,4.195436,364.195436,77.777778,-32.542336,0.000000,0.000000,0.000000
7.738000,90.000000,45.000000,dualpol_fixed_45deg_sum,E2-E4,100.000000,507.557450,-19.300386,-19.300386,54.166667,-24.397973,67.782260,49.471750,179.869636
7.738000,90.000000,90.000000,dualpol_fixed_45deg_sum,E2-E4,100.000000,488.980104,-0.485994,-0.485994,56.944444,-19.988276,77.551757,49.908788,171.055260
7.738000,90.000000,135.000000,dualpol_fixed_45deg_sum,E2-E4,98.630137,360.000000,2.470579,362.470579,69.014085,-38.027181,37.625321,21.504003,163.120682
7.738000,90.000000,0.000000,dualpol_fixed_45deg_sum,E1-E2,100.000000,336.555239,-22.339665,-22.339665,66.666667,-31.863098,0.000000,0.000000,0.000000
7.738000,90.000000,45.000000,dualpol_fixed_45deg_sum,E1-E2,100.000000,514.210772,-179.002542,180.997458,59.722222,-32.157251,94.586448,77.929142,166.774050
7.738000,90.000000,90.000000,dualpol_fixed_45deg_sum,E1-E2,100.000000,587.279146,20.867337,380.867337,55.555556,-34.046113,77.079901,56.539104,163.060156
7.738000,90.000000,135.000000,dualpol_fixed_45deg_sum,E1-E2,98.630137,612.162975,-0.813607,359.186393,59.154930,-38.027181,48.347606,30.004024,176.400684
7.738000,90.000000,0.000000,dualpol_fixed_45deg_sum,E2-E3,100.000000,360.000000,16.631028,376.631028,84.722222,-25.378795,0.000000,0.000000,0.000000
7.738000,90.000000,45.000000,dualpol_fixed_45deg_sum,E2-E3,100.000000,720.000000,166.697901,-553.302099,80.555556,-13.064159,79.094726,63.215153,175.310709
7.738000,90.000000,90.000000,dualpol_fixed_45deg_sum,E2-E3,98.630137,297.073162,-11.953239,-11.953239,60.563380,-35.635823,54.737819,35.110681,140.561600
7.738000,90.000000,135.000000,dualpol_fixed_45deg_sum,E2-E3,97.260274,360.000000,2.692886,362.692886,88.571429,-38.027181,28.637497,17.435588,90.761310
7.738000,90.000000,0.000000,dualpol_fixed_45deg_sum,E3-E4,100.000000,296.604795,-12.435591,-12.435591,75.000000,-32.537569,0.000000,0.000000,0.000000
7.738000,90.000000,45.000000,dualpol_fixed_45deg_sum,E3-E4,100.000000,720.000000,174.001713,894.001713,69.444444,-24.397973,77.507743,63.713506,173.562696
7.738000,90.000000,90.000000,dualpol_fixed_45deg_sum,E3-E4,98.630137,331.017259,11.467246,11.467246,54.929577,-35.421463,68.881209,41.736315,177.120489
7.738000,90.000000,135.000000,dualpol_fixed_45deg_sum,E3-E4,100.000000,307.272007,-0.222308,-0.222308,62.500000,-34.409500,35.766375,21.485204,117.316326
7.738000,90.000000,0.000000,dualpol_fixed_45deg_sum,E4-E1,100.000000,360.000000,18.144229,-341.855771,93.055556,-32.167050,0.000000,0.000000,0.000000
7.738000,90.000000,45.000000,dualpol_fixed_45deg_sum,E4-E1,100.000000,433.807576,-161.697072,-521.697072,51.388889,-32.157251,94.492598,77.230235,179.841301
7.738000,90.000000,90.000000,dualpol_fixed_45deg_sum,E4-E1,100.000000,360.000000,-20.381344,-380.381344,69.444444,-33.779371,64.244148,48.993943,169.154107
7.738000,90.000000,135.000000,dualpol_fixed_45deg_sum,E4-E1,100.000000,720.000000,-1.656972,-721.656972,84.722222,-30.353411,37.987665,25.113002,166.004406
7.738000,45.000000,0.000000,legacy_cp_minus90,E1-E3,100.000000,720.000000,-2.241296,717.758704,83.333333,-21.510774,0.000000,0.000000,0.000000
7.738000,45.000000,45.000000,legacy_cp_minus90,E1-E3,98.630137,440.973988,-3.970898,356.029102,59.154930,-42.658941,58.759967,42.061430,175.406685
7.738000,45.000000,90.000000,legacy_cp_minus90,E1-E3,100.000000,720.000000,-1.362320,718.637680,81.944444,-25.756513,84.935899,66.914301,154.250272
7.738000,45.000000,135.000000,legacy_cp_minus90,E1-E3,100.000000,720.000000,-0.048949,719.951051,81.944444,-21.721478,50.237980,36.901885,126.725303
7.738000,45.000000,0.000000,legacy_cp_minus90,E2-E4,98.630137,621.303252,5.230493,5.230493,57.746479,-39.249381,0.000000,0.000000,0.000000
7.738000,45.000000,45.000000,legacy_cp_minus90,E2-E4,100.000000,429.209906,5.826456,365.826456,72.222222,-32.470304,71.730847,47.452733,175.876386
7.738000,45.000000,90.000000,legacy_cp_minus90,E2-E4,100.000000,250.844441,5.112561,5.112561,52.777778,-18.012686,76.898158,58.924998,171.929741
7.738000,45.000000,135.000000,legacy_cp_minus90,E2-E4,98.630137,323.513804,4.777049,4.777049,57.746479,-35.044568,46.847879,36.111604,136.369682
7.738000,45.000000,0.000000,legacy_cp_minus90,E1-E2,100.000000,510.956167,-4.109757,355.890243,62.500000,-31.608297,0.000000,0.000000,0.000000
7.738000,45.000000,45.000000,legacy_cp_minus90,E1-E2,98.630137,323.257662,-23.771655,-23.771655,63.380282,-43.186615,58.987064,40.286311,176.323313
7.738000,45.000000,90.000000,legacy_cp_minus90,E1-E2,100.000000,373.678149,-0.139225,359.860775,86.111111,-18.368788,66.013726,52.548343,158.018260
7.738000,45.000000,135.000000,legacy_cp_minus90,E1-E2,100.000000,362.670814,12.567440,372.567440,81.944444,-34.023185,38.376585,28.851175,148.203037
7.738000,45.000000,0.000000,legacy_cp_minus90,E2-E3,100.000000,360.000000,1.868460,361.868460,68.055556,-31.608297,0.000000,0.000000,0.000000
7.738000,45.000000,45.000000,legacy_cp_minus90,E2-E3,100.000000,360.000000,19.800758,379.800758,84.722222,-33.022525,47.070986,34.607339,115.214403
7.738000,45.000000,90.000000,legacy_cp_minus90,E2-E3,100.000000,360.000000,-1.223095,358.776905,61.111111,-24.976612,65.989391,40.670326,167.504867
7.738000,45.000000,135.000000,legacy_cp_minus90,E2-E3,100.000000,346.346689,-12.616389,-12.616389,59.722222,-33.473291,53.713685,29.263789,174.420062
7.738000,45.000000,0.000000,legacy_cp_minus90,E3-E4,98.630137,539.770720,3.362033,-356.637967,54.929577,-39.249381,0.000000,0.000000,0.000000
7.738000,45.000000,45.000000,legacy_cp_minus90,E3-E4,100.000000,299.302850,-13.974301,-13.974301,51.388889,-33.139975,68.728556,49.908844,168.150906
7.738000,45.000000,90.000000,legacy_cp_minus90,E3-E4,100.000000,389.034150,6.335655,-353.664345,77.777778,-25.667926,79.109075,59.287276,165.637779
7.738000,45.000000,135.000000,legacy_cp_minus90,E3-E4,100.000000,375.274218,17.393438,-342.606562,76.388889,-33.117746,51.599418,39.480666,124.684410
7.738000,45.000000,0.000000,legacy_cp_minus90,E4-E1,98.630137,360.000000,-1.120736,-361.120736,64.788732,-39.249381,0.000000,0.000000,0.000000
7.738000,45.000000,45.000000,legacy_cp_minus90,E4-E1,98.630137,414.071207,17.945199,-342.054801,74.647887,-43.304065,65.950120,45.137682,169.138380
7.738000,45.000000,90.000000,legacy_cp_minus90,E4-E1,100.000000,360.000000,-4.973336,-364.973336,66.666667,-18.368788,68.769860,40.885409,179.888544
7.738000,45.000000,135.000000,legacy_cp_minus90,E4-E1,100.000000,357.345768,-17.344489,-17.344489,63.888889,-33.117746,35.882847,23.681309,114.605145
7.738000,60.000000,0.000000,legacy_cp_minus90,E1-E3,100.000000,720.000000,-3.537683,716.462317,94.444444,-18.705281,0.000000,0.000000,0.000000
7.738000,60.000000,45.000000,legacy_cp_minus90,E1-E3,98.630137,427.804588,-3.173839,356.826161,84.507042,-41.792351,41.269728,32.294194,102.243899
7.738000,60.000000,90.000000,legacy_cp_minus90,E1-E3,100.000000,720.000000,-0.674607,719.325393,95.833333,-30.831716,76.732386,54.005156,151.023017
7.738000,60.000000,135.000000,legacy_cp_minus90,E1-E3,100.000000,720.000000,-0.276581,719.723419,93.055556,-20.315591,35.748214,26.886524,76.553023
7.738000,60.000000,0.000000,legacy_cp_minus90,E2-E4,100.000000,606.927498,5.441436,5.441436,65.277778,-22.084098,0.000000,0.000000,0.000000
7.738000,60.000000,45.000000,legacy_cp_minus90,E2-E4,98.630137,466.616612,5.818023,365.818023,70.422535,-39.776365,65.549305,41.194602,179.553373
7.738000,60.000000,90.000000,legacy_cp_minus90,E2-E4,100.000000,367.607395,4.828678,4.828678,54.166667,-18.296121,90.508674,65.352552,168.586654
7.738000,60.000000,135.000000,legacy_cp_minus90,E2-E4,100.000000,386.465234,4.888735,4.888735,54.166667,-26.891246,59.087027,40.751544,169.302146
7.738000,60.000000,0.000000,legacy_cp_minus90,E1-E2,100.000000,537.848486,-13.590590,346.409410,58.333333,-20.069860,0.000000,0.000000,0.000000
7.738000,60.000000,45.000000,legacy_cp_minus90,E1-E2,97.260274,388.298278,-19.836160,-19.836160,71.428571,-42.081325,49.922900,25.764377,177.193112
7.738000,60.000000,90.000000,legacy_cp_minus90,E1-E2,100.000000,438.500601,7.806907,367.806907,65.277778,-27.649939,70.623044,52.153289,169.674526
7.738000,60.000000,135.000000,legacy_cp_minus90,E1-E2,100.000000,447.628316,9.941951,369.941951,59.722222,-23.298340,44.267867,31.047082,171.389128
7.738000,60.000000,0.000000,legacy_cp_minus90,E2-E3,100.000000,360.000000,10.052907,370.052907,84.722222,-19.354820,0.000000,0.000000,0.000000
7.738000,60.000000,45.000000,legacy_cp_minus90,E2-E3,98.630137,720.000000,16.662322,736.662322,91.549296,-39.776365,44.063937,29.604448,165.050155
7.738000,60.000000,90.000000,legacy_cp_minus90,E2-E3,100.000000,360.000000,-8.481514,351.518486,68.055556,-30.119807,57.164353,35.681778,165.697098
7.738000,60.000000,135.000000,legacy_cp_minus90,E2-E3,100.000000,392.008358,-10.218532,349.781468,69.444444,-23.298340,50.690850,29.208747,179.749962
7.738000,60.000000,0.000000,legacy_cp_minus90,E3-E4,100.000000,550.421820,-4.611470,-364.611470,52.777778,-22.084098,0.000000,0.000000,0.000000
7.738000,60.000000,45.000000,legacy_cp_minus90,E3-E4,100.000000,527.446522,-10.844299,-370.844299,55.555556,-30.228641,47.302807,34.692775,121.218429
7.738000,60.000000,90.000000,legacy_cp_minus90,E3-E4,100.000000,457.824485,13.310192,-346.689808,61.111111,-31.044721,74.435923,53.284894,175.386722
7.738000,60.000000,135.000000,legacy_cp_minus90,E3-E4,100.000000,457.580519,15.107267,-344.892733,61.111111,-26.891246,49.503123,34.054949,173.131367
7.738000,60.000000,0.000000,legacy_cp_minus90,E4-E1,100.000000,360.000000,8.149154,-351.850846,75.000000,-22.084098,0.000000,0.000000,0.000000
7.738000,60.000000,45.000000,legacy_cp_minus90,E4-E1,98.630137,389.771311,14.018138,-345.981862,74.647887,-41.792351,50.278027,34.091504,148.640754
7.738000,60.000000,90.000000,legacy_cp_minus90,E4-E1,100.000000,360.000000,-12.635585,-372.635585,66.666667,-27.862945,61.854240,39.065995,151.372012
7.738000,60.000000,135.000000,legacy_cp_minus90,E4-E1,100.000000,404.468433,-14.830686,-374.830686,68.055556,-26.891246,50.120014,31.132610,176.613401
7.738000,75.000000,0.000000,legacy_cp_minus90,E1-E3,100.000000,720.000000,-4.203382,715.796618,100.000000,-16.906752,0.000000,0.000000,0.000000
7.738000,75.000000,45.000000,legacy_cp_minus90,E1-E3,100.000000,720.000000,-2.227265,717.772735,100.000000,-27.503839,24.752159,16.903448,90.693240
7.738000,75.000000,90.000000,legacy_cp_minus90,E1-E3,100.000000,720.000000,-0.215572,719.784428,100.000000,-28.119346,45.168242,30.907942,108.264626
7.738000,75.000000,135.000000,legacy_cp_minus90,E1-E3,100.000000,720.000000,-1.014330,718.985670,100.000000,-16.884174,20.985555,16.383996,43.644448
7.738000,75.000000,0.000000,legacy_cp_minus90,E2-E4,100.000000,607.109615,5.659064,5.659064,65.277778,-26.909147,0.000000,0.000000,0.000000
7.738000,75.000000,45.000000,legacy_cp_minus90,E2-E4,100.000000,512.830475,5.529917,5.529917,58.333333,-30.430806,51.309550,32.605730,143.383709
7.738000,75.000000,90.000000,legacy_cp_minus90,E2-E4,100.000000,453.646672,4.737957,4.737957,54.166667,-18.048940,93.559261,62.026753,176.435367
7.738000,75.000000,135.000000,legacy_cp_minus90,E2-E4,100.000000,460.907028,5.043884,365.043884,65.277778,-27.198485,56.149601,36.368336,171.010957
7.738000,75.000000,0.000000,legacy_cp_minus90,E1-E2,100.000000,572.661490,-21.187668,338.812332,63.888889,-26.082825,0.000000,0.000000,0.000000
7.738000,75.000000,45.000000,legacy_cp_minus90,E1-E2,100.000000,559.334919,-10.620625,349.379375,52.777778,-30.959469,39.790386,22.955528,146.722876
7.738000,75.000000,90.000000,legacy_cp_minus90,E1-E2,100.000000,523.854649,11.968905,371.968905,56.944444,-23.694876,69.730857,49.981415,178.900553
7.738000,75.000000,135.000000,legacy_cp_minus90,E1-E2,100.000000,235.196994,4.248126,4.248126,52.777778,-26.591264,35.052488,26.313697,121.300078
7.738000,75.000000,0.000000,legacy_cp_minus90,E2-E3,100.000000,360.000000,16.984287,376.984287,84.722222,-26.082825,0.000000,0.000000,0.000000
7.738000,75.000000,45.000000,legacy_cp_minus90,E2-E3,100.000000,360.000000,8.393360,368.393360,84.722222,-30.430806,33.963015,23.470655,111.417021
7.738000,75.000000,90.000000,legacy_cp_minus90,E2-E3,100.000000,360.000000,-12.184477,347.815523,76.388889,-27.661303,52.591506,30.005986,178.799927
7.738000,75.000000,135.000000,legacy_cp_minus90,E2-E3,100.000000,720.000000,-5.262456,714.737544,87.500000,-26.591264,32.872557,19.302864,135.273770
7.738000,75.000000,0.000000,legacy_cp_minus90,E3-E4,100.000000,576.257336,-11.325223,-371.325223,55.555556,-26.326190,0.000000,0.000000,0.000000
7.738000,75.000000,45.000000,legacy_cp_minus90,E3-E4,100.000000,548.656624,-2.863442,-362.863442,51.388889,-20.764554,35.494443,26.646600,102.208962
7.738000,75.000000,90.000000,legacy_cp_minus90,E3-E4,100.000000,522.354810,16.922434,-343.077566,59.722222,-28.602341,68.113493,42.542496,177.765115
7.738000,75.000000,135.000000,legacy_cp_minus90,E3-E4,100.000000,529.962426,10.306340,-349.693660,52.777778,-25.287885,48.425970,28.105985,176.068441
7.738000,75.000000,0.000000,legacy_cp_minus90,E4-E1,100.000000,360.000000,15.528604,-344.471396,86.111111,-26.326190,0.000000,0.000000,0.000000
7.738000,75.000000,45.000000,legacy_cp_minus90,E4-E1,100.000000,360.000000,5.090707,-354.909293,77.777778,-27.503839,32.746545,24.024587,79.150194
7.738000,75.000000,90.000000,legacy_cp_minus90,E4-E1,100.000000,360.000000,-16.706862,-376.706862,76.388889,-24.177871,54.348786,37.079213,158.603938
7.738000,75.000000,135.000000,legacy_cp_minus90,E4-E1,100.000000,376.621312,-9.292010,-369.292010,72.222222,-25.287885,49.255532,30.038781,179.940419
7.738000,90.000000,0.000000,legacy_cp_minus90,E1-E3,100.000000,731.434845,-3.970898,716.029102,87.500000,-15.962394,0.000000,0.000000,0.000000
7.738000,90.000000,45.000000,legacy_cp_minus90,E1-E3,100.000000,744.690792,-1.362320,718.637680,84.722222,-28.599566,25.579917,16.591035,85.618945
7.738000,90.000000,90.000000,legacy_cp_minus90,E1-E3,100.000000,377.663925,-0.048949,359.951051,81.944444,-29.443871,36.424669,22.676172,157.283090
7.738000,90.000000,135.000000,legacy_cp_minus90,E1-E3,100.000000,723.317736,-2.241296,717.758704,91.666667,-19.961195,12.014724,8.867976,23.825614
7.738000,90.000000,0.000000,legacy_cp_minus90,E2-E4,100.000000,720.000000,5.826456,725.826456,75.000000,-32.443721,0.000000,0.000000,0.000000
7.738000,90.000000,45.000000,legacy_cp_minus90,E2-E4,100.000000,508.173973,5.112561,5.112561,52.777778,-21.607197,47.755075,29.433752,162.546810
7.738000,90.000000,90.000000,legacy_cp_minus90,E2-E4,100.000000,487.508793,4.777049,4.777049,55.555556,-18.341115,75.944321,47.533765,178.807610
7.738000,90.000000,135.000000,legacy_cp_minus90,E2-E4,98.630137,720.000000,5.230493,725.230493,76.056338,-48.153770,39.636782,25.639830,108.063206
7.738000,90.000000,0.000000,legacy_cp_minus90,E1-E2,100.000000,321.462753,-23.771655,-23.771655,58.333333,-26.532411,0.000000,0.000000,0.000000
7.738000,90.000000,45.000000,legacy_cp_minus90,E1-E2,100.000000,586.565666,-0.139225,359.860775,54.166667,-22.928601,40.104500,25.617160,166.707272
7.738000,90.000000,90.000000,legacy_cp_minus90,E1-E2,100.000000,570.140497,12.567440,372.567440,58.333333,-18.598051,53.973478,39.072883,175.395393
7.738000,90.000000,135.000000,legacy_cp_minus90,E1-E2,100.000000,263.949572,-4.109757,-4.109757,59.722222,-21.847369,24.273838,19.086559,67.029665
7.738000,90.000000,0.000000,legacy_cp_minus90,E2-E3,100.000000,720.000000,19.800758,739.800758,90.277778,-26.532411,0.000000,0.000000,0.000000
7.738000,90.000000,45.000000,legacy_cp_minus90,E2-E3,100.000000,360.000000,-1.223095,358.776905,80.555556,-27.799578,31.790144,21.148272,107.673784
7.738000,90.000000,90.000000,legacy_cp_minus90,E2-E3,100.000000,304.234509,-12.616389,-12.616389,65.277778,-29.349592,44.100551,27.584046,160.201502
7.738000,90.000000,135.000000,legacy_cp_minus90,E2-E3,100.000000,720.000000,1.868460,721.868460,91.666667,-21.847369,18.617011,13.922417,53.788095
7.738000,90.000000,0.000000,legacy_cp_minus90,E3-E4,100.000000,291.058969,-13.974301,-13.974301,58.333333,-32.143344,0.000000,0.000000,0.000000
7.738000,90.000000,45.000000,legacy_cp_minus90,E3-E4,100.000000,577.242058,6.335655,-353.664345,58.333333,-27.799578,39.932469,25.466882,167.559669
7.738000,90.000000,90.000000,legacy_cp_minus90,E3-E4,100.000000,241.345664,17.393438,17.393438,52.777778,-30.116554,66.053306,41.929065,174.625285
7.738000,90.000000,135.000000,legacy_cp_minus90,E3-E4,98.630137,290.291023,3.362033,3.362033,53.521127,-48.153770,33.564486,20.583710,103.956654
7.738000,90.000000,0.000000,legacy_cp_minus90,E4-E1,100.000000,720.000000,17.945199,-702.054801,91.666667,-32.143344,0.000000,0.000000,0.000000
7.738000,90.000000,45.000000,legacy_cp_minus90,E4-E1,100.000000,360.000000,-4.973336,-364.973336,81.944444,-21.456064,35.525930,26.094523,166.643606
7.738000,90.000000,90.000000,legacy_cp_minus90,E4-E1,100.000000,360.000000,-17.344489,-377.344489,87.500000,-19.270735,55.899027,38.215637,178.569540
7.738000,90.000000,135.000000,legacy_cp_minus90,E4-E1,98.630137,368.382751,-1.120736,-361.120736,88.732394,-48.153770,32.155231,21.200556,96.191234
7.985500,45.000000,0.000000,x_only_a_port,E1-E3,100.000000,360.000000,5.516455,365.516455,72.222222,-31.399230,0.000000,0.000000,0.000000
7.985500,45.000000,45.000000,x_only_a_port,E1-E3,100.000000,516.207601,19.951422,379.951422,50.000000,-30.100770,91.987834,73.774664,179.211079
7.985500,45.000000,90.000000,x_only_a_port,E1-E3,100.000000,403.567182,8.235125,368.235125,77.777778,-24.399660,84.517294,62.441884,178.039827
7.985500,45.000000,135.000000,x_only_a_port,E1-E3,94.520548,360.000000,6.691762,366.691762,75.000000,-51.704820,34.142243,23.077512,144.544155
7.985500,45.000000,0.000000,x_only_a_port,E2-E4,98.630137,313.156053,10.631743,10.631743,50.704225,-38.447465,0.000000,0.000000,0.000000
7.985500,45.000000,45.000000,x_only_a_port,E2-E4,100.000000,201.129570,-54.539160,-54.539160,54.166667,-22.620729,94.613691,83.822840,159.904315
7.985500,45.000000,90.000000,x_only_a_port,E2-E4,100.000000,223.351311,-3.843941,-3.843941,52.777778,-21.424650,75.972080,56.827432,166.238576
7.985500,45.000000,135.000000,x_only_a_port,E2-E4,100.000000,620.588977,3.769161,-356.230839,59.722222,-32.270069,66.761634,44.829305,179.611188
7.985500,45.000000,0.000000,x_only_a_port,E1-E2,98.630137,364.920414,11.885861,11.885861,54.929577,-38.834280,0.000000,0.000000,0.000000
7.985500,45.000000,45.000000,x_only_a_port,E1-E2,100.000000,241.869558,26.478963,26.478963,66.666667,-20.603643,84.704608,64.790904,179.132552
7.985500,45.000000,90.000000,x_only_a_port,E1-E2,100.000000,200.757884,20.541831,20.541831,51.388889,-23.339726,59.257198,43.417003,170.052918
7.985500,45.000000,135.000000,x_only_a_port,E1-E2,100.000000,250.274558,15.983702,15.983702,66.666667,-26.230858,50.877423,28.322032,170.140715
7.985500,45.000000,0.000000,x_only_a_port,E2-E3,98.630137,538.532926,-6.369406,353.630594,73.239437,-40.174602,0.000000,0.000000,0.000000
7.985500,45.000000,45.000000,x_only_a_port,E2-E3,100.000000,383.735051,-6.527541,353.472459,61.111111,-30.100770,82.233809,63.543161,176.885560
7.985500,45.000000,90.000000,x_only_a_port,E2-E3,100.000000,360.000000,-12.306706,347.693294,69.444444,-24.399660,53.642181,37.208773,154.675374
7.985500,45.000000,135.000000,x_only_a_port,E2-E3,94.520548,342.689858,-9.291940,-9.291940,61.764706,-51.704820,50.867255,28.968522,177.803473
7.985500,45.000000,0.000000,x_only_a_port,E3-E4,98.630137,750.439016,17.001149,-702.998851,77.464789,-35.691479,0.000000,0.000000,0.000000
7.985500,45.000000,45.000000,x_only_a_port,E3-E4,100.000000,360.000000,-48.011619,-408.011619,59.722222,-30.100770,91.380932,78.073897,173.296889
7.985500,45.000000,90.000000,x_only_a_port,E3-E4,100.000000,360.000000,8.462765,-351.537235,84.722222,-24.480991,68.908473,52.077989,159.858706
7.985500,45.000000,135.000000,x_only_a_port,E3-E4,94.520548,367.668595,13.061101,-346.938899,83.823529,-51.704820,44.429342,31.386075,148.508569
7.985500,45.000000,0.000000,x_only_a_port,E4-E1,100.000000,425.524721,-22.517604,-22.517604,58.333333,-34.351157,0.000000,0.000000,0.000000
7.985500,45.000000,45.000000,x_only_a_port,E4-E1,100.000000,282.870657,28.060197,28.060197,51.388889,-22.889112,77.693166,70.945500,161.621768
7.985500,45.000000,90.000000,x_only_a_port,E4-E1,100.000000,348.473293,-16.697890,-16.697890,54.166667,-23.603279,68.383442,48.810202,173.903279
7.985500,45.000000,135.000000,x_only_a_port,E4-E1,100.000000,676.248630,-19.752863,340.247137,51.388889,-32.491562,47.574783,28.790919,144.207600
7.985500,60.000000,0.000000,x_only_a_port,E1-E3,95.890411,360.000000,4.926818,364.926818,60.869565,-37.237921,0.000000,0.000000,0.000000
7.985500,60.000000,45.000000,x_only_a_port,E1-E3,100.000000,665.304302,13.279044,-346.720956,58.333333,-25.938320,69.303684,55.464279,168.174175
7.985500,60.000000,90.000000,x_only_a_port,E1-E3,100.000000,215.399515,7.544486,7.544486,58.333333,-28.600737,96.715116,70.459404,179.021411
7.985500,60.000000,135.000000,x_only_a_port,E1-E3,98.630137,360.000000,6.337034,366.337034,76.056338,-49.892794,43.491942,31.675650,134.302522
7.985500,60.000000,0.000000,x_only_a_port,E2-E4,100.000000,771.754162,14.829552,-345.170448,56.944444,-32.436892,0.000000,0.000000,0.000000
7.985500,60.000000,45.000000,x_only_a_port,E2-E4,100.000000,414.723754,-23.243136,336.756864,69.444444,-18.240502,75.190154,60.208568,168.398692
7.985500,60.000000,90.000000,x_only_a_port,E2-E4,100.000000,392.465503,-0.579885,359.420115,72.222222,-32.696221,77.613189,54.556365,178.325564
7.985500,60.000000,135.000000,x_only_a_port,E2-E4,98.630137,750.284290,5.709781,-354.290219,54.929577,-35.204168,57.226829,39.591039,166.527971
7.985500,60.000000,0.000000,x_only_a_port,E1-E2,100.000000,421.839745,9.419888,9.419888,69.444444,-32.436892,0.000000,0.000000,0.000000
7.985500,60.000000,45.000000,x_only_a_port,E1-E2,100.000000,398.248250,31.354934,-328.645066,76.388889,-27.536108,58.539183,46.886344,157.726891
7.985500,60.000000,90.000000,x_only_a_port,E1-E2,100.000000,221.722475,18.592972,18.592972,76.388889,-32.696221,72.619259,51.705377,169.606387
7.985500,60.000000,135.000000,x_only_a_port,E1-E2,100.000000,247.775181,14.819908,14.819908,70.833333,-25.801514,53.409904,29.420027,176.429762
7.985500,60.000000,0.000000,x_only_a_port,E2-E3,95.890411,419.735862,-4.493069,-4.493069,60.869565,-37.237921,0.000000,0.000000,0.000000
7.985500,60.000000,45.000000,x_only_a_port,E2-E3,100.000000,392.092379,-18.075890,-18.075890,56.944444,-25.282863,76.880329,59.797136,174.133365
7.985500,60.000000,90.000000,x_only_a_port,E2-E3,100.000000,322.300082,-11.048486,-11.048486,65.277778,-32.833742,73.362485,51.784178,171.285469
7.985500,60.000000,135.000000,x_only_a_port,E2-E3,98.630137,432.907552,-8.482874,351.517126,69.014085,-49.892794,56.474820,39.947711,170.924324
7.985500,60.000000,0.000000,x_only_a_port,E3-E4,95.890411,852.556142,19.322621,-700.677379,56.521739,-37.237921,0.000000,0.000000,0.000000
7.985500,60.000000,45.000000,x_only_a_port,E3-E4,100.000000,404.498102,-5.167247,354.832753,62.500000,-24.418020,70.389777,56.573719,179.810854
7.985500,60.000000,90.000000,x_only_a_port,E3-E4,100.000000,360.000000,10.468602,370.468602,97.222222,-29.009585,61.748946,40.125802,172.882640
7.985500,60.000000,135.000000,x_only_a_port,E3-E4,97.260274,459.901604,14.192655,-345.807345,50.000000,-49.892794,48.744473,29.009580,168.923932
7.985500,60.000000,0.000000,x_only_a_port,E4-E1,100.000000,712.762390,-24.249440,335.750560,54.166667,-27.250440,0.000000,0.000000,0.000000
7.985500,60.000000,45.000000,x_only_a_port,E4-E1,100.000000,372.041273,-8.111797,-8.111797,55.555556,-26.671265,52.168668,41.879578,142.033250
7.985500,60.000000,90.000000,x_only_a_port,E4-E1,100.000000,360.000000,-18.013088,-378.013088,77.777778,-28.816501,64.025401,41.578288,173.628777
7.985500,60.000000,135.000000,x_only_a_port,E4-E1,98.630137,691.870209,-20.529689,339.470311,54.929577,-35.194479,43.735793,28.908551,152.409042
7.985500,75.000000,0.000000,x_only_a_port,E1-E3,100.000000,470.801582,4.444948,-355.555052,68.055556,-24.998556,0.000000,0.000000,0.000000
7.985500,75.000000,45.000000,x_only_a_port,E1-E3,100.000000,464.870978,9.530793,-350.469207,61.111111,-30.674365,71.838499,56.763976,172.211868
7.985500,75.000000,90.000000,x_only_a_port,E1-E3,100.000000,146.732822,7.073263,7.073263,51.388889,-23.864109,89.793748,72.463552,176.418951
7.985500,75.000000,135.000000,x_only_a_port,E1-E3,98.630137,301.444881,5.962880,5.962880,54.929577,-39.411958,62.953378,45.427454,176.357895
7.985500,75.000000,0.000000,x_only_a_port,E2-E4,100.000000,568.811436,21.662066,21.662066,51.388889,-32.145146,0.000000,0.000000,0.000000
7.985500,75.000000,45.000000,x_only_a_port,E2-E4,100.000000,495.870196,-9.483507,-9.483507,59.722222,-21.287675,53.553909,38.835678,168.193628
7.985500,75.000000,90.000000,x_only_a_port,E2-E4,100.000000,488.710021,1.773934,1.773934,59.722222,-26.982659,58.734606,39.086894,173.274711
7.985500,75.000000,135.000000,x_only_a_port,E2-E4,98.630137,482.064986,7.865647,7.865647,52.112676,-35.904586,54.711952,32.936648,171.401917
7.985500,75.000000,0.000000,x_only_a_port,E1-E2,100.000000,467.829626,5.418909,-354.581091,77.777778,-32.145146,0.000000,0.000000,0.000000
7.985500,75.000000,45.000000,x_only_a_port,E1-E2,100.000000,371.178846,23.859171,-336.140829,79.166667,-30.860749,64.112903,45.035773,174.351854
7.985500,75.000000,90.000000,x_only_a_port,E1-E2,100.000000,297.022756,17.181379,17.181379,70.833333,-23.577660,69.106473,46.692110,175.930383
7.985500,75.000000,135.000000,x_only_a_port,E1-E2,100.000000,282.224675,13.530625,13.530625,65.277778,-30.687030,67.648686,44.572017,178.609616
7.985500,75.000000,0.000000,x_only_a_port,E2-E3,100.000000,468.844893,-0.973961,-0.973961,62.500000,-34.722202,0.000000,0.000000,0.000000
7.985500,75.000000,45.000000,x_only_a_port,E2-E3,100.000000,327.378021,-14.328378,-14.328378,54.166667,-28.114265,66.085020,53.314892,178.807922
7.985500,75.000000,90.000000,x_only_a_port,E2-E3,100.000000,299.238597,-10.108116,-10.108116,56.944444,-23.914514,79.318135,60.713713,177.478022
7.985500,75.000000,135.000000,x_only_a_port,E2-E3,98.630137,334.441716,-7.567745,-7.567745,54.929577,-39.411958,73.840131,55.504840,165.892412
7.985500,75.000000,0.000000,x_only_a_port,E3-E4,100.000000,665.523246,22.636027,-337.363973,54.166667,-24.998556,0.000000,0.000000,0.000000
7.985500,75.000000,45.000000,x_only_a_port,E3-E4,100.000000,300.205833,4.844871,4.844871,73.611111,-27.927882,51.907748,37.190118,164.244562
7.985500,75.000000,90.000000,x_only_a_port,E3-E4,100.000000,260.296456,11.882050,11.882050,68.055556,-26.932254,75.566723,51.247580,179.671922
7.985500,75.000000,135.000000,x_only_a_port,E3-E4,97.260274,569.964621,15.433392,-344.566608,51.428571,-39.411958,65.077492,46.403009,178.472854
7.985500,75.000000,0.000000,x_only_a_port,E4-E1,100.000000,970.738007,-27.080975,692.919025,65.277778,-18.980114,0.000000,0.000000,0.000000
7.985500,75.000000,45.000000,x_only_a_port,E4-E1,100.000000,633.633863,-14.375664,345.624336,50.000000,-30.530547,48.000297,34.698669,154.201918
7.985500,75.000000,90.000000,x_only_a_port,E4-E1,100.000000,313.231363,-18.955313,-18.955313,65.277778,-26.894861,54.407452,35.533904,170.770323
7.985500,75.000000,135.000000,x_only_a_port,E4-E1,98.630137,387.840904,-21.396272,-21.396272,52.112676,-35.680799,53.956208,33.175792,178.346069
7.985500,90.000000,0.000000,x_only_a_port,E1-E3,98.630137,297.658437,19.951422,19.951422,52.112676,-40.388059,0.000000,0.000000,0.000000
7.985500,90.000000,45.000000,x_only_a_port,E1-E3,98.630137,385.386760,8.235125,-351.764875,67.605634,-35.149000,66.803866,51.020182,171.457191
7.985500,90.000000,90.000000,x_only_a_port,E1-E3,100.000000,113.347229,6.691762,6.691762,58.333333,-27.690721,91.166764,75.129378,173.075372
7.985500,90.000000,135.000000,x_only_a_port,E1-E3,100.000000,492.611619,5.516455,-354.483545,68.055556,-34.229418,74.507118,58.243296,174.062568
7.985500,90.000000,0.000000,x_only_a_port,E2-E4,100.000000,539.295100,-54.539160,-54.539160,52.777778,-22.578055,0.000000,0.000000,0.000000
7.985500,90.000000,45.000000,x_only_a_port,E2-E4,100.000000,504.689262,-3.843941,-3.843941,56.944444,-21.393730,55.146399,39.008746,164.697934
7.985500,90.000000,90.000000,x_only_a_port,E2-E4,100.000000,503.021413,3.769161,3.769161,56.944444,-18.287682,61.166399,43.164277,179.663442
7.985500,90.000000,135.000000,x_only_a_port,E2-E4,100.000000,501.785761,10.631743,10.631743,52.777778,-21.658050,60.691402,42.380174,178.960664
7.985500,90.000000,0.000000,x_only_a_port,E1-E2,100.000000,265.752740,26.478963,26.478963,51.388889,-16.214443,0.000000,0.000000,0.000000
7.985500,90.000000,45.000000,x_only_a_port,E1-E2,100.000000,388.507782,20.541831,-339.458169,70.833333,-31.406668,57.018230,38.442642,140.929410
7.985500,90.000000,90.000000,x_only_a_port,E1-E2,100.000000,329.410553,15.983702,15.983702,70.833333,-26.260877,46.841420,34.258543,130.132985
7.985500,90.000000,135.000000,x_only_a_port,E1-E2,100.000000,360.000000,11.885861,-348.114139,65.277778,-33.370368,47.221420,38.961092,112.505158
7.985500,90.000000,0.000000,x_only_a_port,E2-E3,98.630137,312.252893,-6.527541,-6.527541,53.521127,-37.652134,0.000000,0.000000,0.000000
7.985500,90.000000,45.000000,x_only_a_port,E2-E3,98.630137,620.332932,-12.306706,-372.306706,53.521127,-35.149000,67.918565,54.944352,173.305806
7.985500,90.000000,90.000000,x_only_a_port,E2-E3,100.000000,287.713069,-9.291940,-9.291940,56.944444,-27.690721,78.648211,63.942112,175.782272
7.985500,90.000000,135.000000,x_only_a_port,E2-E3,100.000000,325.344539,-6.369406,-6.369406,54.166667,-31.838411,67.531801,56.380383,176.269741
7.985500,90.000000,0.000000,x_only_a_port,E3-E4,98.630137,477.278502,-48.011619,-48.011619,59.154930,-38.385768,0.000000,0.000000,0.000000
7.985500,90.000000,45.000000,x_only_a_port,E3-E4,98.630137,308.408360,8.462765,8.462765,63.380282,-35.149000,66.480280,50.319447,179.743782
7.985500,90.000000,90.000000,x_only_a_port,E3-E4,100.000000,276.015469,13.061101,13.061101,62.500000,-27.690721,80.895346,62.943853,178.415844
7.985500,90.000000,135.000000,x_only_a_port,E3-E4,100.000000,303.257356,17.001149,17.001149,56.944444,-31.838411,75.067943,59.901699,174.796231
7.985500,90.000000,0.000000,x_only_a_port,E4-E1,100.000000,364.839338,28.060197,28.060197,56.944444,-24.580347,0.000000,0.000000,0.000000
7.985500,90.000000,45.000000,x_only_a_port,E4-E1,100.000000,608.648361,-16.697890,343.302110,51.388889,-31.340180,48.936023,36.559248,156.550845
7.985500,90.000000,90.000000,x_only_a_port,E4-E1,100.000000,303.981306,-19.752863,-19.752863,61.111111,-26.041312,59.215410,41.492934,172.262519
7.985500,90.000000,135.000000,x_only_a_port,E4-E1,100.000000,601.578485,-22.517604,337.482396,50.000000,-32.979087,63.258600,48.555011,178.495609
7.985500,45.000000,0.000000,y_only_b_port,E1-E3,98.630137,317.841423,2.813715,2.813715,53.521127,-35.362362,0.000000,0.000000,0.000000
7.985500,45.000000,45.000000,y_only_b_port,E1-E3,100.000000,624.120555,-4.164113,-364.164113,59.722222,-34.362588,67.934065,48.339232,165.301255
7.985500,45.000000,90.000000,y_only_b_port,E1-E3,100.000000,224.718373,-11.665900,-11.665900,52.777778,-18.702803,79.363982,60.410209,168.197499
7.985500,45.000000,135.000000,y_only_b_port,E1-E3,100.000000,214.932556,-54.851292,-54.851292,51.388889,-17.579130,104.006199,89.013897,175.058060
7.985500,45.000000,0.000000,y_only_b_port,E2-E4,100.000000,360.000000,-0.005683,359.994317,72.222222,-27.807484,0.000000,0.000000,0.000000
7.985500,45.000000,45.000000,y_only_b_port,E2-E4,95.890411,360.000000,2.503623,362.503623,76.811594,-41.832444,34.717817,23.536781,160.857390
7.985500,45.000000,90.000000,y_only_b_port,E2-E4,100.000000,414.967576,6.045434,366.045434,77.777778,-25.473131,83.099637,61.374723,179.867147
7.985500,45.000000,135.000000,y_only_b_port,E2-E4,98.630137,463.329661,33.578742,33.578742,56.338028,-39.961031,83.489946,65.673136,178.750859
7.985500,45.000000,0.000000,y_only_b_port,E1-E2,100.000000,340.056611,-13.499381,-13.499381,54.166667,-29.722361,0.000000,0.000000,0.000000
7.985500,45.000000,45.000000,y_only_b_port,E1-E2,100.000000,251.499533,-18.126684,-18.126684,65.277778,-26.201020,44.722475,28.168275,140.921525
7.985500,45.000000,90.000000,y_only_b_port,E1-E2,100.000000,207.015453,-23.174973,-23.174973,55.555556,-23.266890,52.546708,39.985485,145.498332
7.985500,45.000000,135.000000,y_only_b_port,E1-E2,100.000000,620.977244,-32.853186,327.146814,70.833333,-19.640366,78.172725,59.024711,177.661756
7.985500,45.000000,0.000000,y_only_b_port,E2-E3,98.630137,736.402345,16.313097,-343.686903,57.746479,-36.296417,0.000000,0.000000,0.000000
7.985500,45.000000,45.000000,y_only_b_port,E2-E3,100.000000,679.184027,13.962571,-346.037429,51.388889,-34.830054,50.393934,31.538199,151.041999
7.985500,45.000000,90.000000,y_only_b_port,E2-E3,100.000000,347.725895,11.509072,11.509072,55.555556,-23.695586,71.114009,51.905058,168.555132
7.985500,45.000000,135.000000,y_only_b_port,E2-E3,100.000000,597.453558,-21.998107,-381.998107,59.722222,-19.640366,86.592028,76.575310,175.418637
7.985500,45.000000,0.000000,y_only_b_port,E3-E4,98.630137,748.071706,-16.318779,703.681221,78.873239,-37.373830,0.000000,0.000000,0.000000
7.985500,45.000000,45.000000,y_only_b_port,E3-E4,95.890411,371.457724,-11.458948,348.541052,84.057971,-41.823754,54.392538,35.909011,174.620328
7.985500,45.000000,90.000000,y_only_b_port,E3-E4,100.000000,361.586795,-5.463638,354.536362,73.611111,-25.897468,70.767727,51.707072,174.860356
7.985500,45.000000,135.000000,y_only_b_port,E3-E4,98.630137,346.936104,55.576849,55.576849,53.521127,-39.961031,94.697154,78.828790,179.343373
7.985500,45.000000,0.000000,y_only_b_port,E4-E1,100.000000,527.981191,13.505064,-346.494936,76.388889,-30.799773,0.000000,0.000000,0.000000
7.985500,45.000000,45.000000,y_only_b_port,E4-E1,95.890411,340.575283,15.623061,15.623061,62.318841,-41.823754,52.142019,30.476450,165.790031
7.985500,45.000000,90.000000,y_only_b_port,E4-E1,100.000000,360.000000,17.129539,-342.870461,68.055556,-25.473131,62.214554,41.871590,163.585970
7.985500,45.000000,135.000000,y_only_b_port,E4-E1,98.630137,413.210089,-0.725557,-360.725557,59.154930,-39.961031,80.506537,62.123984,173.854318
7.985500,60.000000,0.000000,y_only_b_port,E1-E3,100.000000,720.000000,-0.032114,719.967886,73.611111,-34.783458,0.000000,0.000000,0.000000
7.985500,60.000000,45.000000,y_only_b_port,E1-E3,97.260274,523.957589,-6.149206,-366.149206,57.142857,-37.470737,72.305873,50.642437,178.281822
7.985500,60.000000,90.000000,y_only_b_port,E1-E3,100.000000,195.196474,-17.122071,-17.122071,56.944444,-22.270485,92.378798,73.283871,178.104722
7.985500,60.000000,135.000000,y_only_b_port,E1-E3,100.000000,720.000000,15.555408,735.555408,100.000000,-13.141093,80.215705,64.927789,170.707877
7.985500,60.000000,0.000000,y_only_b_port,E2-E4,100.000000,360.000000,0.922905,360.922905,72.222222,-25.856520,0.000000,0.000000,0.000000
7.985500,60.000000,45.000000,y_only_b_port,E2-E4,98.630137,360.000000,3.356977,363.356977,70.422535,-44.087004,24.348143,17.909154,81.189372
7.985500,60.000000,90.000000,y_only_b_port,E2-E4,98.630137,412.381685,9.172745,369.172745,78.873239,-39.341472,72.697213,54.402692,177.965227
7.985500,60.000000,135.000000,y_only_b_port,E2-E4,94.520548,475.400259,-1.798867,358.201133,61.764706,-43.508519,60.600461,41.100399,178.112836
7.985500,60.000000,0.000000,y_only_b_port,E1-E2,100.000000,557.916170,-15.371084,344.628916,69.444444,-30.114120,0.000000,0.000000,0.000000
7.985500,60.000000,45.000000,y_only_b_port,E1-E2,97.260274,385.039077,-19.460238,-379.460238,85.714286,-37.777617,54.797546,32.551571,179.434004
7.985500,60.000000,90.000000,y_only_b_port,E1-E2,98.630137,271.599737,-26.824601,-26.824601,61.971831,-39.878103,65.651143,49.582713,173.157091
7.985500,60.000000,135.000000,y_only_b_port,E1-E2,98.630137,422.531581,-5.749674,354.250326,76.056338,-40.191579,50.111883,38.628092,111.352713
7.985500,60.000000,0.000000,y_only_b_port,E2-E3,98.630137,361.820728,15.338971,375.338971,74.647887,-35.936877,0.000000,0.000000,0.000000
7.985500,60.000000,45.000000,y_only_b_port,E2-E3,100.000000,684.090074,13.311033,-346.688967,58.333333,-31.839563,50.253733,30.363304,166.188755
7.985500,60.000000,90.000000,y_only_b_port,E2-E3,98.630137,360.000000,9.702530,369.702530,53.521127,-40.434758,62.976843,45.372802,163.761090
7.985500,60.000000,135.000000,y_only_b_port,E2-E3,98.630137,360.000000,21.305082,381.305082,71.830986,-40.191579,64.172936,38.624674,172.253889
7.985500,60.000000,0.000000,y_only_b_port,E3-E4,98.630137,252.764355,-14.416066,-14.416066,83.098592,-35.719600,0.000000,0.000000,0.000000
7.985500,60.000000,45.000000,y_only_b_port,E3-E4,98.630137,360.000000,-9.954056,350.045944,92.957746,-44.043034,57.976664,37.698388,176.996368
7.985500,60.000000,90.000000,y_only_b_port,E3-E4,100.000000,360.000000,-0.529785,359.470215,83.333333,-22.270485,82.390065,60.721345,178.289607
7.985500,60.000000,135.000000,y_only_b_port,E3-E4,97.260274,272.165885,-23.103949,-23.103949,61.428571,-37.350465,64.264132,46.051637,179.535527
7.985500,60.000000,0.000000,y_only_b_port,E4-E1,100.000000,720.000000,14.448179,-705.551821,93.055556,-29.896844,0.000000,0.000000,0.000000
7.985500,60.000000,45.000000,y_only_b_port,E4-E1,95.890411,337.114952,16.103261,16.103261,59.420290,-44.043034,48.195068,28.672822,173.472423
7.985500,60.000000,90.000000,y_only_b_port,E4-E1,100.000000,360.000000,17.651856,-342.348144,65.277778,-19.625315,53.910372,37.670683,150.134639
7.985500,60.000000,135.000000,y_only_b_port,E4-E1,97.260274,435.630944,7.548541,-352.451459,84.285714,-37.350465,76.732382,51.579812,177.595664
7.985500,75.000000,0.000000,y_only_b_port,E1-E3,98.630137,156.871793,-2.217145,-2.217145,90.140845,-41.119461,0.000000,0.000000,0.000000
7.985500,75.000000,45.000000,y_only_b_port,E1-E3,100.000000,809.162826,-8.472440,-728.472440,58.333333,-34.129864,60.969394,38.559916,173.975601
7.985500,75.000000,90.000000,y_only_b_port,E1-E3,100.000000,412.430586,-30.218962,-390.218962,55.555556,-29.617431,108.683431,88.428934,176.672234
7.985500,75.000000,135.000000,y_only_b_port,E1-E3,100.000000,720.000000,7.263803,727.263803,100.000000,-23.197367,72.467678,53.768765,172.000936
7.985500,75.000000,0.000000,y_only_b_port,E2-E4,100.000000,360.000000,1.725501,361.725501,73.611111,-27.275670,0.000000,0.000000,0.000000
7.985500,75.000000,45.000000,y_only_b_port,E2-E4,100.000000,360.000000,4.432172,364.432172,73.611111,-30.447529,16.888550,13.083227,45.000486
7.985500,75.000000,90.000000,y_only_b_port,E2-E4,98.630137,720.000000,18.684786,738.684786,73.239437,-35.167999,69.464430,53.564392,159.219368
7.985500,75.000000,135.000000,y_only_b_port,E2-E4,98.630137,720.000000,-1.163554,718.836446,76.056338,-36.326008,30.013149,22.452317,80.899209
7.985500,75.000000,0.000000,y_only_b_port,E1-E2,100.000000,323.313942,-16.823955,-16.823955,72.222222,-34.380136,0.000000,0.000000,0.000000
7.985500,75.000000,45.000000,y_only_b_port,E1-E2,100.000000,360.000000,-21.024597,-381.024597,84.722222,-29.443669,49.111662,26.572367,160.642891
7.985500,75.000000,90.000000,y_only_b_port,E1-E2,98.630137,360.000000,-35.179921,-395.179921,50.704225,-36.222158,81.407340,61.379737,179.323230
7.985500,75.000000,135.000000,y_only_b_port,E1-E2,100.000000,233.387937,-10.641682,-10.641682,59.722222,-26.072391,52.979321,34.432091,168.265559
7.985500,75.000000,0.000000,y_only_b_port,E2-E3,98.630137,380.759599,14.606809,374.606809,76.056338,-42.358680,0.000000,0.000000,0.000000
7.985500,75.000000,45.000000,y_only_b_port,E2-E3,100.000000,700.973977,12.552158,-347.447842,65.277778,-34.262505,40.716012,21.344882,159.612389
7.985500,75.000000,90.000000,y_only_b_port,E2-E3,100.000000,387.699235,4.960959,364.960959,50.000000,-34.590938,69.535148,48.518415,176.521671
7.985500,75.000000,135.000000,y_only_b_port,E2-E3,100.000000,720.000000,17.905485,737.905485,81.944444,-26.072391,50.839606,26.642864,179.532860
7.985500,75.000000,0.000000,y_only_b_port,E3-E4,98.630137,360.000000,-12.881308,347.118692,85.915493,-42.043770,0.000000,0.000000,0.000000
7.985500,75.000000,45.000000,y_only_b_port,E3-E4,100.000000,720.000000,-8.119986,711.880014,94.444444,-34.129864,49.482731,28.325272,172.403538
7.985500,75.000000,90.000000,y_only_b_port,E3-E4,100.000000,360.000000,13.723827,373.723827,77.777778,-28.563272,94.718394,70.179721,179.204513
7.985500,75.000000,135.000000,y_only_b_port,E3-E4,98.630137,360.000000,-19.069039,340.930961,59.154930,-36.000502,49.541504,34.049592,172.367779
7.985500,75.000000,0.000000,y_only_b_port,E4-E1,100.000000,360.000000,15.098453,-344.901547,87.500000,-34.065226,0.000000,0.000000,0.000000
7.985500,75.000000,45.000000,y_only_b_port,E4-E1,100.000000,337.916099,16.592426,16.592426,66.666667,-30.310408,41.421984,21.910618,156.207599
7.985500,75.000000,90.000000,y_only_b_port,E4-E1,100.000000,370.620111,16.495135,-343.504865,69.444444,-24.786279,62.629456,39.417009,177.571103
7.985500,75.000000,135.000000,y_only_b_port,E4-E1,98.630137,720.000000,11.805236,-708.194764,97.183099,-36.000502,51.697787,25.436949,177.114738
7.985500,90.000000,0.000000,y_only_b_port,E1-E3,100.000000,103.979443,-4.164113,-4.164113,81.944444,-29.412800,0.000000,0.000000,0.000000
7.985500,90.000000,45.000000,y_only_b_port,E1-E3,100.000000,297.844900,-11.665900,-11.665900,59.722222,-32.553885,65.298623,40.710744,179.996495
7.985500,90.000000,90.000000,y_only_b_port,E1-E3,100.000000,478.518742,-54.851292,305.148708,81.944444,-24.419561,130.635665,120.899434,176.008594
7.985500,90.000000,135.000000,y_only_b_port,E1-E3,98.630137,513.106407,2.813715,362.813715,84.507042,-42.657004,61.886120,39.720269,171.673477
7.985500,90.000000,0.000000,y_only_b_port,E2-E4,100.000000,360.000000,2.503623,362.503623,75.000000,-26.670261,0.000000,0.000000,0.000000
7.985500,90.000000,45.000000,y_only_b_port,E2-E4,100.000000,360.000000,6.045434,366.045434,72.222222,-29.408322,9.457977,6.613322,41.403873
7.985500,90.000000,90.000000,y_only_b_port,E2-E4,100.000000,505.013467,33.578742,33.578742,54.166667,-33.928677,75.369483,54.512354,178.485271
7.985500,90.000000,135.000000,y_only_b_port,E2-E4,100.000000,720.000000,-0.005683,719.994317,81.944444,-25.909146,13.181724,7.527158,76.145275
7.985500,90.000000,0.000000,y_only_b_port,E1-E2,100.000000,345.503596,-18.126684,-18.126684,72.222222,-27.687851,0.000000,0.000000,0.000000
7.985500,90.000000,45.000000,y_only_b_port,E1-E2,100.000000,307.981302,-23.174973,-23.174973,69.444444,-32.574302,42.121051,23.026177,139.895289
7.985500,90.000000,90.000000,y_only_b_port,E1-E2,100.000000,532.297820,-32.853186,327.146814,62.500000,-25.573952,90.434640,73.216724,176.521193
7.985500,90.000000,135.000000,y_only_b_port,E1-E2,100.000000,269.672217,-13.499381,-13.499381,61.111111,-25.909146,50.683902,29.134707,179.199926
7.985500,90.000000,0.000000,y_only_b_port,E2-E3,100.000000,342.440008,13.962571,13.962571,77.777778,-30.272709,0.000000,0.000000,0.000000
7.985500,90.000000,45.000000,y_only_b_port,E2-E3,100.000000,430.256397,11.509072,11.509072,68.055556,-30.189809,37.109648,20.686625,106.666377
7.985500,90.000000,90.000000,y_only_b_port,E2-E3,100.000000,458.324062,-21.998107,-21.998107,52.777778,-24.346995,61.086001,51.480808,104.673190
7.985500,90.000000,135.000000,y_only_b_port,E2-E3,98.630137,360.000000,16.313097,376.313097,84.507042,-43.893299,31.345523,15.328745,159.354435
7.985500,90.000000,0.000000,y_only_b_port,E3-E4,100.000000,360.000000,-11.458948,348.541052,84.722222,-30.101822,0.000000,0.000000,0.000000
7.985500,90.000000,45.000000,y_only_b_port,E3-E4,100.000000,360.000000,-5.463638,354.536362,79.166667,-30.169392,39.282977,23.002108,115.674266
7.985500,90.000000,90.000000,y_only_b_port,E3-E4,98.630137,311.651325,55.576849,55.576849,60.563380,-35.807792,100.942066,91.404199,168.623625
7.985500,90.000000,135.000000,y_only_b_port,E3-E4,98.630137,360.000000,-16.318779,343.681221,81.690141,-43.473606,32.904721,17.527707,170.214438
7.985500,90.000000,0.000000,y_only_b_port,E4-E1,100.000000,360.000000,15.623061,-344.376939,87.500000,-27.516963,0.000000,0.000000,0.000000
7.985500,90.000000,45.000000,y_only_b_port,E4-E1,100.000000,360.000000,17.129539,-342.870461,83.333333,-32.179494,36.737457,18.128710,129.915935
7.985500,90.000000,90.000000,y_only_b_port,E4-E1,97.260274,360.000000,-0.725557,-360.725557,64.285714,-37.034749,46.053963,37.040659,110.560398
7.985500,90.000000,135.000000,y_only_b_port,E4-E1,100.000000,720.000000,13.505064,-706.494936,94.444444,-25.451579,45.785363,23.113055,173.354581
7.985500,45.000000,0.000000,dualpol_vector_correlation,E1-E3,100.000000,494.348778,4.232746,4.232746,63.888889,-25.043992,0.000000,0.000000,0.000000
7.985500,45.000000,45.000000,dualpol_vector_correlation,E1-E3,100.000000,275.300469,-3.844800,-3.844800,51.388889,-23.661318,55.870814,38.709533,174.969008
7.985500,45.000000,90.000000,dualpol_vector_correlation,E1-E3,100.000000,425.357288,-1.696789,358.303211,70.833333,-19.085790,75.537220,55.439576,172.696774
7.985500,45.000000,135.000000,dualpol_vector_correlation,E1-E3,100.000000,372.401594,6.112579,366.112579,84.722222,-19.422058,58.975061,37.164263,176.197215
7.985500,45.000000,0.000000,dualpol_vector_correlation,E2-E4,100.000000,712.272717,4.932795,-355.067205,59.722222,-22.518580,0.000000,0.000000,0.000000
7.985500,45.000000,45.000000,dualpol_vector_correlation,E2-E4,100.000000,360.000000,1.827748,361.827748,80.555556,-19.897981,56.192299,37.219885,165.361849
7.985500,45.000000,90.000000,dualpol_vector_correlation,E2-E4,100.000000,425.694477,1.036650,361.036650,70.833333,-19.635372,77.859761,52.837079,178.515600
7.985500,45.000000,135.000000,dualpol_vector_correlation,E2-E4,100.000000,629.306926,4.186099,-355.813901,54.166667,-22.228156,56.808791,37.833586,170.502865
7.985500,45.000000,0.000000,dualpol_vector_correlation,E1-E2,100.000000,348.133137,-0.715969,-0.715969,58.333333,-17.659621,0.000000,0.000000,0.000000
7.985500,45.000000,45.000000,dualpol_vector_correlation,E1-E2,100.000000,370.381821,-17.394234,-377.394234,77.777778,-24.022142,49.339208,33.437952,166.431645
7.985500,45.000000,90.000000,dualpol_vector_correlation,E1-E2,100.000000,360.883854,-1.468780,358.531220,63.888889,-14.629814,71.908535,35.396976,179.144986
7.985500,45.000000,135.000000,dualpol_vector_correlation,E1-E2,100.000000,367.845343,15.295088,375.295088,83.333333,-22.527754,53.846947,35.417361,161.509357
7.985500,45.000000,0.000000,dualpol_vector_correlation,E2-E3,100.000000,360.000000,4.213331,364.213331,73.611111,-25.043992,0.000000,0.000000,0.000000
7.985500,45.000000,45.000000,dualpol_vector_correlation,E2-E3,100.000000,374.162412,13.507090,13.507090,63.888889,-19.334912,54.902536,31.726709,175.755230
7.985500,45.000000,90.000000,dualpol_vector_correlation,E2-E3,100.000000,360.000000,0.049690,360.049690,72.222222,-19.118042,46.514985,28.405249,167.932368
7.985500,45.000000,135.000000,dualpol_vector_correlation,E2-E3,100.000000,353.009649,-9.370462,-9.370462,59.722222,-22.489750,45.569696,27.887244,144.969286
7.985500,45.000000,0.000000,dualpol_vector_correlation,E3-E4,100.000000,355.879010,-0.144621,-0.144621,61.111111,-25.043992,0.000000,0.000000,0.000000
7.985500,45.000000,45.000000,dualpol_vector_correlation,E3-E4,100.000000,372.651213,-11.817911,348.182089,76.388889,-19.758273,56.617659,37.468552,173.894139
7.985500,45.000000,90.000000,dualpol_vector_correlation,E3-E4,100.000000,178.663964,1.649318,1.649318,58.333333,-19.635372,82.850293,47.529672,179.807144
7.985500,45.000000,135.000000,dualpol_vector_correlation,E3-E4,100.000000,368.742320,13.469277,-346.530723,77.777778,-19.384054,58.547418,40.885310,153.737205
7.985500,45.000000,0.000000,dualpol_vector_correlation,E4-E1,100.000000,411.938037,-2.882450,-2.882450,72.222222,-22.518580,0.000000,0.000000,0.000000
7.985500,45.000000,45.000000,dualpol_vector_correlation,E4-E1,100.000000,385.834918,15.726274,-344.273726,66.666667,-23.882433,42.345986,29.045226,107.232260
7.985500,45.000000,90.000000,dualpol_vector_correlation,E4-E1,100.000000,360.000000,-0.687882,-360.687882,69.444444,-19.635372,46.629377,27.888949,161.952929
7.985500,45.000000,135.000000,dualpol_vector_correlation,E4-E1,100.000000,385.587272,-19.254956,-19.254956,63.888889,-18.346672,56.053897,33.203750,179.971809
7.985500,60.000000,0.000000,dualpol_vector_correlation,E1-E3,100.000000,366.702297,1.328217,1.328217,76.388889,-24.524361,0.000000,0.000000,0.000000
7.985500,60.000000,45.000000,dualpol_vector_correlation,E1-E3,100.000000,532.510736,-4.636417,-364.636417,55.555556,-22.675337,59.818241,42.325230,171.248823
7.985500,60.000000,90.000000,dualpol_vector_correlation,E1-E3,100.000000,171.461461,1.177091,1.177091,50.000000,-20.305230,82.444883,60.028637,177.981058
7.985500,60.000000,135.000000,dualpol_vector_correlation,E1-E3,100.000000,720.000000,6.935313,726.935313,93.055556,-20.454023,55.401079,35.906818,168.261865
7.985500,60.000000,0.000000,dualpol_vector_correlation,E2-E4,100.000000,360.000000,4.062517,364.062517,75.000000,-21.077138,0.000000,0.000000,0.000000
7.985500,60.000000,45.000000,dualpol_vector_correlation,E2-E4,100.000000,360.000000,1.031972,361.031972,73.611111,-19.487894,46.999696,27.923889,167.641167
7.985500,60.000000,90.000000,dualpol_vector_correlation,E2-E4,100.000000,720.000000,1.865671,721.865671,87.500000,-17.851441,64.741601,41.868672,169.939533
7.985500,60.000000,135.000000,dualpol_vector_correlation,E2-E4,100.000000,392.047200,5.023084,5.023084,56.944444,-19.570482,61.963749,39.711654,179.356497
7.985500,60.000000,0.000000,dualpol_vector_correlation,E1-E2,100.000000,315.374933,-8.912592,-8.912592,76.388889,-21.077138,0.000000,0.000000,0.000000
7.985500,60.000000,45.000000,dualpol_vector_correlation,E1-E2,100.000000,360.000000,-15.675911,-375.675911,88.888889,-23.242895,41.478439,25.801119,177.368452
7.985500,60.000000,90.000000,dualpol_vector_correlation,E1-E2,100.000000,360.000000,7.142735,-352.857265,76.388889,-16.360363,65.471320,41.933394,175.587082
7.985500,60.000000,135.000000,dualpol_vector_correlation,E1-E2,100.000000,238.763794,13.181685,13.181685,51.388889,-19.611500,52.489949,32.723441,169.755935
7.985500,60.000000,0.000000,dualpol_vector_correlation,E2-E3,100.000000,360.000000,9.735085,369.735085,80.555556,-24.621179,0.000000,0.000000,0.000000
7.985500,60.000000,45.000000,dualpol_vector_correlation,E2-E3,100.000000,357.102073,10.947207,10.947207,62.500000,-19.400266,57.660687,35.004481,175.448644
7.985500,60.000000,90.000000,dualpol_vector_correlation,E2-E3,100.000000,360.000000,-5.378038,354.621962,68.055556,-20.400099,57.375330,40.644845,176.382568
7.985500,60.000000,135.000000,dualpol_vector_correlation,E2-E3,100.000000,364.430689,-6.905972,353.094028,69.444444,-20.454023,57.813130,33.814943,171.194884
7.985500,60.000000,0.000000,dualpol_vector_correlation,E3-E4,100.000000,268.537983,-6.620158,-6.620158,77.777778,-24.524361,0.000000,0.000000,0.000000
7.985500,60.000000,45.000000,dualpol_vector_correlation,E3-E4,100.000000,360.000000,-9.543567,350.456433,91.666667,-19.387776,58.796496,37.730789,173.479511
7.985500,60.000000,90.000000,dualpol_vector_correlation,E3-E4,100.000000,360.000000,7.724195,367.724195,80.555556,-20.380024,71.917587,48.535417,175.763283
7.985500,60.000000,135.000000,dualpol_vector_correlation,E3-E4,100.000000,296.757314,11.590296,11.590296,55.555556,-20.454023,51.665881,33.439347,178.947446
7.985500,60.000000,0.000000,dualpol_vector_correlation,E4-E1,100.000000,360.000000,6.294107,-353.705893,76.388889,-20.481414,0.000000,0.000000,0.000000
7.985500,60.000000,45.000000,dualpol_vector_correlation,E4-E1,100.000000,344.229114,13.958187,13.958187,62.500000,-23.142778,37.147610,23.532551,121.835448
7.985500,60.000000,90.000000,dualpol_vector_correlation,E4-E1,100.000000,360.000000,-9.754956,-369.754956,73.611111,-17.831366,41.700447,27.391729,123.163381
7.985500,60.000000,135.000000,dualpol_vector_correlation,E4-E1,100.000000,394.839341,-17.589521,-377.589521,73.611111,-17.758601,55.525193,33.858953,174.060417
7.985500,75.000000,0.000000,dualpol_vector_correlation,E1-E3,100.000000,361.335253,-1.650406,358.349594,88.888889,-20.921677,0.000000,0.000000,0.000000
7.985500,75.000000,45.000000,dualpol_vector_correlation,E1-E3,100.000000,443.394841,-3.834947,-363.834947,54.166667,-20.626968,49.626772,32.758813,145.900153
7.985500,75.000000,90.000000,dualpol_vector_correlation,E1-E3,100.000000,248.804850,4.021006,4.021006,54.166667,-20.156211,71.514511,50.897396,178.124634
7.985500,75.000000,135.000000,dualpol_vector_correlation,E1-E3,100.000000,720.000000,6.267319,726.267319,100.000000,-18.194121,43.239534,29.963707,159.061574
7.985500,75.000000,0.000000,dualpol_vector_correlation,E2-E4,100.000000,360.000000,2.928990,362.928990,75.000000,-23.570156,0.000000,0.000000,0.000000
7.985500,75.000000,45.000000,dualpol_vector_correlation,E2-E4,100.000000,720.000000,0.739931,720.739931,76.388889,-18.866485,40.267532,24.497043,155.133996
7.985500,75.000000,90.000000,dualpol_vector_correlation,E2-E4,100.000000,497.736722,3.021372,3.021372,58.333333,-17.257914,77.181303,50.457327,171.139162
7.985500,75.000000,135.000000,dualpol_vector_correlation,E2-E4,100.000000,720.000000,5.292897,725.292897,73.611111,-20.760627,51.129327,31.526295,167.451789
7.985500,75.000000,0.000000,dualpol_vector_correlation,E1-E2,100.000000,309.605700,-14.948222,-14.948222,76.388889,-23.570156,0.000000,0.000000,0.000000
7.985500,75.000000,45.000000,dualpol_vector_correlation,E1-E2,100.000000,321.818287,-9.941332,-9.941332,80.555556,-21.257379,34.159550,18.980044,162.962757
7.985500,75.000000,90.000000,dualpol_vector_correlation,E1-E2,100.000000,327.285729,13.205178,13.205178,65.277778,-16.559692,62.006801,39.800009,174.945064
7.985500,75.000000,135.000000,dualpol_vector_correlation,E1-E2,100.000000,271.960212,7.388536,7.388536,68.055556,-15.806454,52.041977,31.895664,177.496312
7.985500,75.000000,0.000000,dualpol_vector_correlation,E2-E3,100.000000,374.097762,13.092040,373.092040,81.944444,-23.570156,0.000000,0.000000,0.000000
7.985500,75.000000,45.000000,dualpol_vector_correlation,E2-E3,100.000000,360.265371,6.038573,6.038573,65.277778,-18.318593,57.488776,33.939199,177.467001
7.985500,75.000000,90.000000,dualpol_vector_correlation,E2-E3,100.000000,360.000000,-8.800208,351.199792,65.277778,-20.175349,55.098424,38.718801,176.739007
7.985500,75.000000,135.000000,dualpol_vector_correlation,E2-E3,100.000000,360.000000,-1.936254,358.063746,72.222222,-18.194121,49.141937,25.912957,176.043472
7.985500,75.000000,0.000000,dualpol_vector_correlation,E3-E4,100.000000,285.235564,-10.834034,-10.834034,76.388889,-21.200199,0.000000,0.000000,0.000000
7.985500,75.000000,45.000000,dualpol_vector_correlation,E3-E4,100.000000,360.000000,-4.647787,355.352213,94.444444,-18.748799,49.863469,30.642420,172.848049
7.985500,75.000000,90.000000,dualpol_vector_correlation,E3-E4,100.000000,360.000000,12.022040,372.022040,77.777778,-20.156211,70.000432,45.100614,179.156671
7.985500,75.000000,135.000000,dualpol_vector_correlation,E3-E4,100.000000,270.914365,6.632029,6.632029,54.166667,-20.873330,31.265560,21.944751,86.901114
7.985500,75.000000,0.000000,dualpol_vector_correlation,E4-E1,100.000000,360.000000,13.030430,-346.969570,79.166667,-19.491186,0.000000,0.000000,0.000000
7.985500,75.000000,45.000000,dualpol_vector_correlation,E4-E1,100.000000,339.606582,8.050774,8.050774,68.055556,-21.139692,35.401315,19.405623,149.416134
7.985500,75.000000,90.000000,dualpol_vector_correlation,E4-E1,100.000000,360.000000,-16.474937,-376.474937,75.000000,-17.127229,41.855236,29.975011,126.635740
7.985500,75.000000,135.000000,dualpol_vector_correlation,E4-E1,100.000000,360.000000,-11.707258,-371.707258,73.611111,-20.528628,53.158791,33.846221,167.923471
7.985500,90.000000,0.000000,dualpol_vector_correlation,E1-E3,100.000000,379.490902,-3.844800,-363.844800,61.111111,-15.679041,0.000000,0.000000,0.000000
7.985500,90.000000,45.000000,dualpol_vector_correlation,E1-E3,100.000000,740.435340,-1.696789,-721.696789,79.166667,-19.451350,33.945317,18.387248,162.081359
7.985500,90.000000,90.000000,dualpol_vector_correlation,E1-E3,100.000000,363.994522,6.112579,366.112579,73.611111,-19.212628,63.503696,41.389909,178.541809
7.985500,90.000000,135.000000,dualpol_vector_correlation,E1-E3,100.000000,720.000000,4.232746,724.232746,86.111111,-19.078957,43.643677,27.915906,151.818869
7.985500,90.000000,0.000000,dualpol_vector_correlation,E2-E4,100.000000,360.000000,1.827748,361.827748,75.000000,-20.386045,0.000000,0.000000,0.000000
7.985500,90.000000,45.000000,dualpol_vector_correlation,E2-E4,100.000000,720.000000,1.036650,721.036650,79.166667,-17.451220,38.920379,22.981513,129.320825
7.985500,90.000000,90.000000,dualpol_vector_correlation,E2-E4,100.000000,502.780512,4.186099,4.186099,56.944444,-18.243717,78.304721,51.612926,176.378898
7.985500,90.000000,135.000000,dualpol_vector_correlation,E2-E4,100.000000,720.000000,4.932795,724.932795,80.555556,-20.767016,41.767246,24.869931,147.056598
7.985500,90.000000,0.000000,dualpol_vector_correlation,E1-E2,100.000000,330.728642,-17.394234,-17.394234,73.611111,-20.386045,0.000000,0.000000,0.000000
7.985500,90.000000,45.000000,dualpol_vector_correlation,E1-E2,100.000000,324.830329,-1.468780,-1.468780,66.666667,-19.898503,32.891498,19.892729,130.667269
7.985500,90.000000,90.000000,dualpol_vector_correlation,E1-E2,100.000000,330.457144,15.295088,15.295088,63.888889,-16.841930,53.473832,35.693882,172.378990
7.985500,90.000000,135.000000,dualpol_vector_correlation,E1-E2,100.000000,297.682825,-0.715969,-0.715969,72.222222,-16.499023,50.183272,31.147589,178.670383
7.985500,90.000000,0.000000,dualpol_vector_correlation,E2-E3,100.000000,360.000000,13.507090,373.507090,84.722222,-20.386045,0.000000,0.000000,0.000000
7.985500,90.000000,45.000000,dualpol_vector_correlation,E2-E3,100.000000,342.570210,0.049690,0.049690,69.444444,-16.792987,52.155876,28.235868,172.177359
7.985500,90.000000,90.000000,dualpol_vector_correlation,E2-E3,100.000000,282.610341,-9.370462,-9.370462,59.722222,-19.212628,44.022071,27.654785,152.997671
7.985500,90.000000,135.000000,dualpol_vector_correlation,E2-E3,100.000000,296.510205,4.213331,4.213331,69.444444,-19.263187,28.647360,17.635004,88.949143
7.985500,90.000000,0.000000,dualpol_vector_correlation,E3-E4,100.000000,360.000000,-11.817911,348.182089,83.333333,-19.526921,0.000000,0.000000,0.000000
7.985500,90.000000,45.000000,dualpol_vector_correlation,E3-E4,100.000000,360.000000,1.649318,361.649318,77.777778,-17.263053,48.287123,28.922792,177.224582
7.985500,90.000000,90.000000,dualpol_vector_correlation,E3-E4,100.000000,275.095868,13.469277,13.469277,61.111111,-19.212628,68.691471,45.809392,179.756498
7.985500,90.000000,135.000000,dualpol_vector_correlation,E3-E4,100.000000,300.695733,-0.144621,-0.144621,72.222222,-20.582786,39.682989,25.011929,118.167581
7.985500,90.000000,0.000000,dualpol_vector_correlation,E4-E1,100.000000,360.000000,15.726274,-344.273726,75.000000,-19.526921,0.000000,0.000000,0.000000
7.985500,90.000000,45.000000,dualpol_vector_correlation,E4-E1,100.000000,315.678317,-0.687882,-0.687882,63.888889,-19.710335,43.047648,25.951120,178.861326
7.985500,90.000000,90.000000,dualpol_vector_correlation,E4-E1,100.000000,310.697930,-19.254956,-19.254956,66.666667,-18.072893,55.388002,39.130797,172.994192
7.985500,90.000000,135.000000,dualpol_vector_correlation,E4-E1,100.000000,360.000000,-2.882450,-362.882450,75.000000,-20.569636,30.108307,21.747492,91.808674
7.985500,45.000000,0.000000,dualpol_known_pol_vector,E1-E3,100.000000,360.000000,5.516455,365.516455,72.222222,-31.399230,0.000000,0.000000,0.000000
7.985500,45.000000,45.000000,dualpol_known_pol_vector,E1-E3,100.000000,254.934695,-5.861940,-5.861940,51.388889,-23.725209,68.642018,49.560954,177.812137
7.985500,45.000000,90.000000,dualpol_known_pol_vector,E1-E3,100.000000,224.718373,-11.665900,-11.665900,52.777778,-18.702803,76.990462,61.346951,174.077117
7.985500,45.000000,135.000000,dualpol_known_pol_vector,E1-E3,100.000000,488.025626,-0.210812,-0.210812,62.500000,-32.504839,42.214236,28.608185,171.071187
7.985500,45.000000,0.000000,dualpol_known_pol_vector,E2-E4,98.630137,313.156053,10.631743,10.631743,50.704225,-38.447465,0.000000,0.000000,0.000000
7.985500,45.000000,45.000000,dualpol_known_pol_vector,E2-E4,97.260274,360.000000,7.188415,367.188415,82.857143,-41.598909,68.243004,49.687362,172.687289
7.985500,45.000000,90.000000,dualpol_known_pol_vector,E2-E4,100.000000,414.967576,6.045434,366.045434,77.777778,-25.473131,57.523089,42.979076,170.552468
7.985500,45.000000,135.000000,dualpol_known_pol_vector,E2-E4,100.000000,1057.524204,8.273251,-711.726749,61.111111,-25.987313,65.524081,40.496302,175.500096
7.985500,45.000000,0.000000,dualpol_known_pol_vector,E1-E2,98.630137,364.920414,11.885861,11.885861,54.929577,-38.834280,0.000000,0.000000,0.000000
7.985500,45.000000,45.000000,dualpol_known_pol_vector,E1-E2,97.260274,335.431861,-21.014690,-21.014690,74.285714,-41.598909,65.887264,49.394652,173.164737
7.985500,45.000000,90.000000,dualpol_known_pol_vector,E1-E2,100.000000,207.015453,-23.174973,-23.174973,55.555556,-23.266890,71.818553,50.007646,179.982796
7.985500,45.000000,135.000000,dualpol_known_pol_vector,E1-E2,100.000000,386.335180,10.820107,370.820107,63.888889,-25.987313,52.575351,25.692436,172.076344
7.985500,45.000000,0.000000,dualpol_known_pol_vector,E2-E3,98.630137,538.532926,-6.369406,353.630594,73.239437,-40.174602,0.000000,0.000000,0.000000
7.985500,45.000000,45.000000,dualpol_known_pol_vector,E2-E3,97.260274,402.873834,15.152750,375.152750,70.000000,-42.459066,59.148065,36.552441,178.613822
7.985500,45.000000,90.000000,dualpol_known_pol_vector,E2-E3,100.000000,347.725895,11.509072,11.509072,55.555556,-23.695586,57.212137,41.727649,173.620461
7.985500,45.000000,135.000000,dualpol_known_pol_vector,E2-E3,100.000000,736.574817,-11.030919,-371.030919,50.000000,-32.504839,56.828837,37.219887,168.764451
7.985500,45.000000,0.000000,dualpol_known_pol_vector,E3-E4,98.630137,750.439016,17.001149,-702.998851,77.464789,-35.691479,0.000000,0.000000,0.000000
7.985500,45.000000,45.000000,dualpol_known_pol_vector,E3-E4,100.000000,361.333008,-7.964335,352.035665,81.944444,-22.557878,74.787051,54.345772,179.289122
7.985500,45.000000,90.000000,dualpol_known_pol_vector,E3-E4,100.000000,361.586795,-5.463638,354.536362,73.611111,-25.897468,80.774907,62.391788,166.303050
7.985500,45.000000,135.000000,dualpol_known_pol_vector,E3-E4,100.000000,403.048402,19.304170,-340.695830,59.722222,-32.504839,53.318544,38.099934,168.964258
7.985500,45.000000,0.000000,dualpol_known_pol_vector,E4-E1,100.000000,425.524721,-22.517604,-22.517604,58.333333,-34.351157,0.000000,0.000000,0.000000
7.985500,45.000000,45.000000,dualpol_known_pol_vector,E4-E1,100.000000,360.000000,13.826275,-346.173725,70.833333,-22.160142,47.563326,35.282548,161.721910
7.985500,45.000000,90.000000,dualpol_known_pol_vector,E4-E1,100.000000,360.000000,17.129539,-342.870461,68.055556,-25.473131,61.993681,42.442637,175.715156
7.985500,45.000000,135.000000,dualpol_known_pol_vector,E4-E1,100.000000,737.850314,-19.093358,340.906642,51.388889,-24.933547,46.005044,29.008932,132.466299
7.985500,60.000000,0.000000,dualpol_known_pol_vector,E1-E3,95.890411,360.000000,4.926818,364.926818,60.869565,-37.237921,0.000000,0.000000,0.000000
7.985500,60.000000,45.000000,dualpol_known_pol_vector,E1-E3,100.000000,256.263410,-13.497359,-13.497359,55.555556,-25.782689,62.770619,49.565749,163.835065
7.985500,60.000000,90.000000,dualpol_known_pol_vector,E1-E3,100.000000,195.196474,-17.122071,-17.122071,56.944444,-22.270485,79.870082,65.919195,177.272866
7.985500,60.000000,135.000000,dualpol_known_pol_vector,E1-E3,98.630137,288.329626,1.251564,1.251564,61.971831,-36.061095,56.334492,38.571738,165.686047
7.985500,60.000000,0.000000,dualpol_known_pol_vector,E2-E4,100.000000,771.754162,14.829552,-345.170448,56.944444,-32.436892,0.000000,0.000000,0.000000
7.985500,60.000000,45.000000,dualpol_known_pol_vector,E2-E4,100.000000,364.949495,8.286063,368.286063,73.611111,-24.691991,76.357913,56.659219,178.553780
7.985500,60.000000,90.000000,dualpol_known_pol_vector,E2-E4,98.630137,412.381685,9.172745,369.172745,78.873239,-39.341472,57.089009,45.397363,159.430130
7.985500,60.000000,135.000000,dualpol_known_pol_vector,E2-E4,100.000000,1197.682810,13.488593,-706.511407,56.944444,-27.585763,72.609311,56.397145,170.646229
7.985500,60.000000,0.000000,dualpol_known_pol_vector,E1-E2,100.000000,421.839745,9.419888,9.419888,69.444444,-32.436892,0.000000,0.000000,0.000000
7.985500,60.000000,45.000000,dualpol_known_pol_vector,E1-E2,100.000000,395.577733,-35.342531,-35.342531,77.777778,-24.691991,65.357093,48.873095,167.488570
7.985500,60.000000,90.000000,dualpol_known_pol_vector,E1-E2,98.630137,271.599737,-26.824601,-26.824601,61.971831,-39.878103,79.640070,58.370475,177.708638
7.985500,60.000000,135.000000,dualpol_known_pol_vector,E1-E2,100.000000,390.773462,19.672656,19.672656,52.777778,-34.528402,61.490297,40.357528,176.487779
7.985500,60.000000,0.000000,dualpol_known_pol_vector,E2-E3,95.890411,419.735862,-4.493069,-4.493069,60.869565,-37.237921,0.000000,0.000000,0.000000
7.985500,60.000000,45.000000,dualpol_known_pol_vector,E2-E3,100.000000,424.325770,21.845172,21.845172,68.055556,-25.958580,71.314931,49.741082,177.418512
7.985500,60.000000,90.000000,dualpol_known_pol_vector,E2-E3,98.630137,360.000000,9.702530,369.702530,53.521127,-40.434758,82.351485,66.056600,177.869511
7.985500,60.000000,135.000000,dualpol_known_pol_vector,E2-E3,100.000000,648.727031,-18.421091,-378.421091,54.166667,-29.118456,70.833610,54.147656,170.639424
7.985500,60.000000,0.000000,dualpol_known_pol_vector,E3-E4,95.890411,852.556142,19.322621,-700.677379,56.521739,-37.237921,0.000000,0.000000,0.000000
7.985500,60.000000,45.000000,dualpol_known_pol_vector,E3-E4,100.000000,360.000000,-13.559109,346.440891,86.111111,-21.582148,68.891553,51.805762,174.417467
7.985500,60.000000,90.000000,dualpol_known_pol_vector,E3-E4,100.000000,360.000000,-0.529785,359.470215,83.333333,-22.270485,74.092741,55.266574,174.041202
7.985500,60.000000,135.000000,dualpol_known_pol_vector,E3-E4,100.000000,317.274815,31.909684,31.909684,54.166667,-28.832167,56.517964,41.876110,176.007063
7.985500,60.000000,0.000000,dualpol_known_pol_vector,E4-E1,100.000000,712.762390,-24.249440,335.750560,54.166667,-27.250440,0.000000,0.000000,0.000000
7.985500,60.000000,45.000000,dualpol_known_pol_vector,E4-E1,100.000000,365.596370,27.056468,-332.943532,73.611111,-23.398060,53.261465,39.074019,171.385851
7.985500,60.000000,90.000000,dualpol_known_pol_vector,E4-E1,100.000000,360.000000,17.651856,-342.348144,65.277778,-19.625315,65.559334,47.538474,175.136081
7.985500,60.000000,135.000000,dualpol_known_pol_vector,E4-E1,100.000000,827.939799,-33.161249,326.838751,55.555556,-34.178308,51.185136,33.844911,178.512077
7.985500,75.000000,0.000000,dualpol_known_pol_vector,E1-E3,100.000000,470.801582,4.444948,-355.555052,68.055556,-24.998556,0.000000,0.000000,0.000000
7.985500,75.000000,45.000000,dualpol_known_pol_vector,E1-E3,100.000000,294.615168,-33.730208,-33.730208,63.888889,-28.823580,70.614521,58.750504,176.436145
7.985500,75.000000,90.000000,dualpol_known_pol_vector,E1-E3,100.000000,412.430586,-30.218962,-390.218962,55.555556,-29.617431,75.330371,67.012959,169.104637
7.985500,75.000000,135.000000,dualpol_known_pol_vector,E1-E3,100.000000,224.222920,6.746617,6.746617,56.944444,-30.742063,60.599693,43.137716,177.416526
7.985500,75.000000,0.000000,dualpol_known_pol_vector,E2-E4,100.000000,568.811436,21.662066,21.662066,51.388889,-32.145146,0.000000,0.000000,0.000000
7.985500,75.000000,45.000000,dualpol_known_pol_vector,E2-E4,100.000000,434.117875,7.958248,367.958248,70.833333,-23.753767,80.827417,60.478116,179.963674
7.985500,75.000000,90.000000,dualpol_known_pol_vector,E2-E4,98.630137,720.000000,18.684786,738.684786,73.239437,-35.167999,51.819626,40.633300,176.845589
7.985500,75.000000,135.000000,dualpol_known_pol_vector,E2-E4,100.000000,518.647329,25.942754,25.942754,54.166667,-25.534292,71.960083,52.881256,179.961142
7.985500,75.000000,0.000000,dualpol_known_pol_vector,E1-E2,100.000000,467.829626,5.418909,-354.581091,77.777778,-32.145146,0.000000,0.000000,0.000000
7.985500,75.000000,45.000000,dualpol_known_pol_vector,E1-E2,100.000000,480.837009,-69.937324,-69.937324,72.222222,-28.026579,76.439949,60.567155,173.521004
7.985500,75.000000,90.000000,dualpol_known_pol_vector,E1-E2,98.630137,360.000000,-35.179921,-395.179921,50.704225,-36.222158,94.573859,72.476120,178.407016
7.985500,75.000000,135.000000,dualpol_known_pol_vector,E1-E2,100.000000,333.826449,42.783251,42.783251,58.333333,-28.617317,85.601905,67.086980,178.905856
7.985500,75.000000,0.000000,dualpol_known_pol_vector,E2-E3,100.000000,468.844893,-0.973961,-0.973961,62.500000,-34.722202,0.000000,0.000000,0.000000
7.985500,75.000000,45.000000,dualpol_known_pol_vector,E2-E3,100.000000,389.740780,36.207116,36.207116,56.944444,-19.533202,48.908682,34.962617,168.028937
7.985500,75.000000,90.000000,dualpol_known_pol_vector,E2-E3,100.000000,387.699235,4.960959,364.960959,50.000000,-34.590938,92.203644,75.922476,173.026312
7.985500,75.000000,135.000000,dualpol_known_pol_vector,E2-E3,100.000000,428.717623,-36.036635,-36.036635,52.777778,-29.763378,94.015008,79.508727,179.567443
7.985500,75.000000,0.000000,dualpol_known_pol_vector,E3-E4,100.000000,665.523246,22.636027,-337.363973,54.166667,-24.998556,0.000000,0.000000,0.000000
7.985500,75.000000,45.000000,dualpol_known_pol_vector,E3-E4,100.000000,385.225264,-28.248868,331.751132,86.111111,-24.550768,81.650661,66.321608,178.337721
7.985500,75.000000,90.000000,dualpol_known_pol_vector,E3-E4,100.000000,360.000000,13.723827,373.723827,77.777778,-28.563272,90.576005,73.280337,176.913785
7.985500,75.000000,135.000000,dualpol_known_pol_vector,E3-E4,100.000000,392.351323,61.979388,61.979388,52.777778,-29.763378,61.046277,48.944497,179.517963
7.985500,75.000000,0.000000,dualpol_known_pol_vector,E4-E1,100.000000,970.738007,-27.080975,692.919025,65.277778,-18.980114,0.000000,0.000000,0.000000
7.985500,75.000000,45.000000,dualpol_known_pol_vector,E4-E1,100.000000,455.224633,61.979076,-298.020924,81.944444,-27.449797,70.179762,56.079066,176.865046
7.985500,75.000000,90.000000,dualpol_known_pol_vector,E4-E1,100.000000,370.620111,16.495135,-343.504865,69.444444,-24.786279,83.502773,64.674435,176.957565
7.985500,75.000000,135.000000,dualpol_known_pol_vector,E4-E1,100.000000,423.834780,-68.726005,-68.726005,51.388889,-29.226830,58.861907,41.529981,174.231238
7.985500,90.000000,0.000000,dualpol_known_pol_vector,E1-E3,98.630137,297.658437,19.951422,19.951422,52.112676,-40.388059,0.000000,0.000000,0.000000
7.985500,90.000000,45.000000,dualpol_known_pol_vector,E1-E3,98.630137,365.136508,-48.928553,-408.928553,78.873239,-40.217063,90.446913,74.886321,179.660635
7.985500,90.000000,90.000000,dualpol_known_pol_vector,E1-E3,100.000000,478.518742,-54.851292,305.148708,81.944444,-24.419561,79.432139,63.212411,177.162944
7.985500,90.000000,135.000000,dualpol_known_pol_vector,E1-E3,100.000000,720.000000,36.509944,756.509944,83.333333,-24.022036,60.412619,40.736578,176.184114
7.985500,90.000000,0.000000,dualpol_known_pol_vector,E2-E4,100.000000,539.295100,-54.539160,-54.539160,52.777778,-22.578055,0.000000,0.000000,0.000000
7.985500,90.000000,45.000000,dualpol_known_pol_vector,E2-E4,100.000000,495.345551,-24.171313,-24.171313,51.388889,-22.934776,52.350971,34.395998,174.338458
7.985500,90.000000,90.000000,dualpol_known_pol_vector,E2-E4,100.000000,505.013467,33.578742,33.578742,54.166667,-33.928677,58.059125,44.505820,168.166879
7.985500,90.000000,135.000000,dualpol_known_pol_vector,E2-E4,100.000000,845.833717,34.081647,-325.918353,52.777778,-22.403438,60.621299,45.386982,159.020289
7.985500,90.000000,0.000000,dualpol_known_pol_vector,E1-E2,100.000000,265.752740,26.478963,26.478963,51.388889,-16.214443,0.000000,0.000000,0.000000
7.985500,90.000000,45.000000,dualpol_known_pol_vector,E1-E2,98.630137,518.844485,-179.457067,180.542933,50.704225,-40.217063,83.570272,66.284794,179.595340
7.985500,90.000000,90.000000,dualpol_known_pol_vector,E1-E2,100.000000,532.297820,-32.853186,327.146814,62.500000,-25.573952,76.703970,59.346260,163.174853
7.985500,90.000000,135.000000,dualpol_known_pol_vector,E1-E2,100.000000,316.848715,175.100437,175.100437,75.000000,-23.374372,99.073831,83.484437,178.746704
7.985500,90.000000,0.000000,dualpol_known_pol_vector,E2-E3,98.630137,312.252893,-6.527541,-6.527541,53.521127,-37.652134,0.000000,0.000000,0.000000
7.985500,90.000000,45.000000,dualpol_known_pol_vector,E2-E3,100.000000,720.000000,130.528514,-589.471486,77.777778,-21.862401,77.064163,57.685646,179.370248
7.985500,90.000000,90.000000,dualpol_known_pol_vector,E2-E3,100.000000,458.324062,-21.998107,-21.998107,52.777778,-24.346995,86.120850,74.991827,173.338345
7.985500,90.000000,135.000000,dualpol_known_pol_vector,E2-E3,100.000000,384.474571,-138.590493,221.409507,62.500000,-23.567098,107.944651,93.227824,179.774425
7.985500,90.000000,0.000000,dualpol_known_pol_vector,E3-E4,98.630137,477.278502,-48.011619,-48.011619,59.154930,-38.385768,0.000000,0.000000,0.000000
7.985500,90.000000,45.000000,dualpol_known_pol_vector,E3-E4,100.000000,720.000000,-154.699827,565.300173,73.611111,-23.687647,92.033014,73.996906,177.539952
7.985500,90.000000,90.000000,dualpol_known_pol_vector,E3-E4,98.630137,311.651325,55.576849,55.576849,60.563380,-35.807792,94.374681,78.574417,177.732850
7.985500,90.000000,135.000000,dualpol_known_pol_vector,E3-E4,100.000000,720.000000,172.672139,-547.327861,87.500000,-22.253048,89.572946,77.285899,177.421210
7.985500,90.000000,0.000000,dualpol_known_pol_vector,E4-E1,100.000000,364.839338,28.060197,28.060197,56.944444,-24.580347,0.000000,0.000000,0.000000
7.985500,90.000000,45.000000,dualpol_known_pol_vector,E4-E1,98.630137,373.501809,-156.371620,-156.371620,52.112676,-40.217063,98.841643,82.564493,177.542988
7.985500,90.000000,90.000000,dualpol_known_pol_vector,E4-E1,97.260274,360.000000,-0.725557,-360.725557,64.285714,-37.034749,64.181305,47.958912,178.658175
7.985500,90.000000,135.000000,dualpol_known_pol_vector,E4-E1,100.000000,355.239055,150.817917,150.817917,55.555556,-23.374372,78.364768,61.110842,174.428579
7.985500,45.000000,0.000000,dualpol_fixed_45deg_sum,E1-E3,100.000000,360.000000,3.841677,363.841677,80.555556,-27.535204,0.000000,0.000000,0.000000
7.985500,45.000000,45.000000,dualpol_fixed_45deg_sum,E1-E3,100.000000,254.934695,-5.861940,-5.861940,51.388889,-23.725209,71.159825,55.419636,176.939257
7.985500,45.000000,90.000000,dualpol_fixed_45deg_sum,E1-E3,100.000000,141.459775,-48.928553,-48.928553,52.777778,-24.455127,129.292878,125.754528,178.033656
7.985500,45.000000,135.000000,dualpol_fixed_45deg_sum,E1-E3,98.630137,720.000000,12.201297,732.201297,92.957746,-36.577979,71.558993,55.647168,175.197188
7.985500,45.000000,0.000000,dualpol_fixed_45deg_sum,E2-E4,100.000000,360.000000,4.296779,364.296779,84.722222,-25.718882,0.000000,0.000000,0.000000
7.985500,45.000000,45.000000,dualpol_fixed_45deg_sum,E2-E4,97.260274,360.000000,7.188415,367.188415,82.857143,-41.598909,74.185938,56.995075,169.933204
7.985500,45.000000,90.000000,dualpol_fixed_45deg_sum,E2-E4,100.000000,118.993475,-24.171313,-24.171313,51.388889,-19.016047,129.126568,121.906821,178.315822
7.985500,45.000000,135.000000,dualpol_fixed_45deg_sum,E2-E4,100.000000,248.522162,-0.205254,-0.205254,51.388889,-27.782040,74.864702,57.649904,171.404374
7.985500,45.000000,0.000000,dualpol_fixed_45deg_sum,E1-E2,100.000000,30.899456,-0.767851,-0.767851,62.500000,-27.527136,0.000000,0.000000,0.000000
7.985500,45.000000,45.000000,dualpol_fixed_45deg_sum,E1-E2,97.260274,335.431861,-21.014690,-21.014690,74.285714,-41.598909,80.016140,62.298086,179.322740
7.985500,45.000000,90.000000,dualpol_fixed_45deg_sum,E1-E2,100.000000,19.132344,-179.457067,-179.457067,62.500000,-16.814341,175.994269,175.939275,179.984722
7.985500,45.000000,135.000000,dualpol_fixed_45deg_sum,E1-E2,98.630137,362.759228,19.601084,379.601084,85.915493,-36.577979,83.684429,65.180472,169.579739
7.985500,45.000000,0.000000,dualpol_fixed_45deg_sum,E2-E3,100.000000,360.000000,4.609528,364.609528,80.555556,-27.387867,0.000000,0.000000,0.000000
7.985500,45.000000,45.000000,dualpol_fixed_45deg_sum,E2-E3,97.260274,402.873834,15.152750,375.152750,70.000000,-42.459066,51.389319,31.762472,177.495256
7.985500,45.000000,90.000000,dualpol_fixed_45deg_sum,E2-E3,100.000000,137.986898,130.528514,130.528514,50.000000,-24.455127,59.970882,51.884005,158.795347
7.985500,45.000000,135.000000,dualpol_fixed_45deg_sum,E2-E3,100.000000,360.000000,-7.399787,352.600213,72.222222,-26.442517,49.723164,31.907240,145.107306
7.985500,45.000000,0.000000,dualpol_fixed_45deg_sum,E3-E4,100.000000,29.263511,-0.312749,-0.312749,59.722222,-27.387867,0.000000,0.000000,0.000000
7.985500,45.000000,45.000000,dualpol_fixed_45deg_sum,E3-E4,100.000000,361.333008,-7.964335,352.035665,81.944444,-22.557878,91.108126,71.213842,178.348318
7.985500,45.000000,90.000000,dualpol_fixed_45deg_sum,E3-E4,100.000000,115.361438,-154.699827,-154.699827,50.000000,-24.546441,167.504939,166.741627,179.905221
7.985500,45.000000,135.000000,dualpol_fixed_45deg_sum,E3-E4,100.000000,360.000000,7.194533,-352.805467,86.111111,-19.950841,86.883185,67.903380,172.627771
7.985500,45.000000,0.000000,dualpol_fixed_45deg_sum,E4-E1,100.000000,360.000000,-3.528928,-363.528928,87.500000,-27.317336,0.000000,0.000000,0.000000
7.985500,45.000000,45.000000,dualpol_fixed_45deg_sum,E4-E1,100.000000,360.000000,13.826275,-346.173725,70.833333,-22.160142,51.993451,32.122825,163.187476
7.985500,45.000000,90.000000,dualpol_fixed_45deg_sum,E4-E1,100.000000,121.951790,-156.371620,-156.371620,50.000000,-16.068694,73.261759,60.589322,173.683642
7.985500,45.000000,135.000000,dualpol_fixed_45deg_sum,E4-E1,98.630137,377.542755,-19.395830,-379.395830,73.239437,-37.389478,58.547122,35.938632,177.537911
7.985500,60.000000,0.000000,dualpol_fixed_45deg_sum,E1-E3,100.000000,360.000000,1.356805,361.356805,91.666667,-27.478853,0.000000,0.000000,0.000000
7.985500,60.000000,45.000000,dualpol_fixed_45deg_sum,E1-E3,100.000000,256.263410,-13.497359,-13.497359,55.555556,-25.782689,69.595262,52.745532,164.880668
7.985500,60.000000,90.000000,dualpol_fixed_45deg_sum,E1-E3,100.000000,720.000000,27.606442,747.606442,70.833333,-30.116942,118.421420,106.307474,179.412210
7.985500,60.000000,135.000000,dualpol_fixed_45deg_sum,E1-E3,98.630137,720.000000,8.852040,728.852040,100.000000,-38.186089,69.073868,48.686256,178.471271
7.985500,60.000000,0.000000,dualpol_fixed_45deg_sum,E2-E4,98.630137,360.000000,5.235742,365.235742,77.464789,-36.657428,0.000000,0.000000,0.000000
7.985500,60.000000,45.000000,dualpol_fixed_45deg_sum,E2-E4,100.000000,364.949495,8.286063,368.286063,73.611111,-24.691991,69.631907,52.211308,174.889069
7.985500,60.000000,90.000000,dualpol_fixed_45deg_sum,E2-E4,100.000000,181.839668,-16.056189,-16.056189,52.777778,-13.653935,110.212346,98.538360,177.013838
7.985500,60.000000,135.000000,dualpol_fixed_45deg_sum,E2-E4,100.000000,464.819909,1.877605,361.877605,72.222222,-26.769641,59.771316,44.275236,167.862429
7.985500,60.000000,0.000000,dualpol_fixed_45deg_sum,E1-E2,100.000000,182.564487,-6.234568,-6.234568,69.444444,-26.273028,0.000000,0.000000,0.000000
7.985500,60.000000,45.000000,dualpol_fixed_45deg_sum,E1-E2,100.000000,395.577733,-35.342531,-35.342531,77.777778,-24.691991,64.967314,50.890647,163.920889
7.985500,60.000000,90.000000,dualpol_fixed_45deg_sum,E1-E2,100.000000,390.648356,69.608355,429.608355,80.555556,-13.358367,129.332955,121.138780,179.850391
7.985500,60.000000,135.000000,dualpol_fixed_45deg_sum,E1-E2,98.630137,213.989863,11.023774,11.023774,52.112676,-38.186089,65.660682,48.201119,168.671512
7.985500,60.000000,0.000000,dualpol_fixed_45deg_sum,E2-E3,100.000000,360.000000,7.591373,367.591373,77.777778,-27.478853,0.000000,0.000000,0.000000
7.985500,60.000000,45.000000,dualpol_fixed_45deg_sum,E2-E3,100.000000,424.325770,21.845172,21.845172,68.055556,-25.958580,51.671384,31.974888,176.650193
7.985500,60.000000,90.000000,dualpol_fixed_45deg_sum,E2-E3,100.000000,360.000000,-42.001913,317.998087,56.944444,-29.020559,50.420936,42.818084,96.973480
7.985500,60.000000,135.000000,dualpol_fixed_45deg_sum,E2-E3,100.000000,720.000000,-2.171734,717.828266,83.333333,-31.222531,63.458064,34.573279,174.445867
7.985500,60.000000,0.000000,dualpol_fixed_45deg_sum,E3-E4,98.630137,136.243933,-2.355631,-2.355631,70.422535,-36.883160,0.000000,0.000000,0.000000
7.985500,60.000000,45.000000,dualpol_fixed_45deg_sum,E3-E4,100.000000,360.000000,-13.559109,346.440891,86.111111,-21.582148,86.446699,66.858950,177.759451
7.985500,60.000000,90.000000,dualpol_fixed_45deg_sum,E3-E4,100.000000,388.230068,25.945724,-334.054276,70.833333,-30.412511,126.409763,113.250598,179.488349
7.985500,60.000000,135.000000,dualpol_fixed_45deg_sum,E3-E4,100.000000,412.196000,4.049338,-355.950662,50.000000,-31.515543,76.194267,57.321476,174.007537
7.985500,60.000000,0.000000,dualpol_fixed_45deg_sum,E4-E1,98.630137,360.000000,0.998825,-359.001175,88.732394,-36.211679,0.000000,0.000000,0.000000
7.985500,60.000000,45.000000,dualpol_fixed_45deg_sum,E4-E1,100.000000,365.596370,27.056468,-332.943532,73.611111,-23.398060,48.970601,29.546555,175.216064
7.985500,60.000000,90.000000,dualpol_fixed_45deg_sum,E4-E1,100.000000,360.000000,-53.552166,-413.552166,62.500000,-10.418584,43.283750,37.212957,86.493839
7.985500,60.000000,135.000000,dualpol_fixed_45deg_sum,E4-E1,98.630137,360.000000,-12.901379,-372.901379,73.239437,-38.286146,51.542119,30.164513,175.745985
7.985500,75.000000,0.000000,dualpol_fixed_45deg_sum,E1-E3,100.000000,360.000000,-1.624601,358.375399,93.055556,-25.812662,0.000000,0.000000,0.000000
7.985500,75.000000,45.000000,dualpol_fixed_45deg_sum,E1-E3,100.000000,294.615168,-33.730208,-33.730208,63.888889,-28.823580,74.601341,56.887198,171.544704
7.985500,75.000000,90.000000,dualpol_fixed_45deg_sum,E1-E3,100.000000,400.796702,17.351163,377.351163,65.277778,-24.672830,97.776809,79.027441,178.722150
7.985500,75.000000,135.000000,dualpol_fixed_45deg_sum,E1-E3,95.890411,162.164950,6.227667,6.227667,82.608696,-40.228599,52.288005,30.675151,175.240910
7.985500,75.000000,0.000000,dualpol_fixed_45deg_sum,E2-E4,100.000000,720.000000,6.170040,726.170040,84.722222,-32.106188,0.000000,0.000000,0.000000
7.985500,75.000000,45.000000,dualpol_fixed_45deg_sum,E2-E4,100.000000,434.117875,7.958248,367.958248,70.833333,-23.753767,57.757504,42.146434,165.268940
7.985500,75.000000,90.000000,dualpol_fixed_45deg_sum,E2-E4,100.000000,413.818115,-4.289648,-4.289648,59.722222,-22.641558,89.451264,70.226541,178.289522
7.985500,75.000000,135.000000,dualpol_fixed_45deg_sum,E2-E4,100.000000,720.000000,3.239447,723.239447,76.388889,-32.341504,48.676821,30.135414,176.863779
7.985500,75.000000,0.000000,dualpol_fixed_45deg_sum,E1-E2,100.000000,271.439520,-12.518059,-12.518059,69.444444,-25.442845,0.000000,0.000000,0.000000
7.985500,75.000000,45.000000,dualpol_fixed_45deg_sum,E1-E2,100.000000,480.837009,-69.937324,-69.937324,72.222222,-28.026579,60.032857,47.039910,167.261229
7.985500,75.000000,90.000000,dualpol_fixed_45deg_sum,E1-E2,100.000000,485.551999,34.154062,394.154062,55.555556,-24.672830,89.402627,71.531330,174.378199
7.985500,75.000000,135.000000,dualpol_fixed_45deg_sum,E1-E2,97.260274,360.000000,4.707848,-355.292152,62.857143,-39.499956,50.767810,30.635569,163.420674
7.985500,75.000000,0.000000,dualpol_fixed_45deg_sum,E2-E3,100.000000,360.000000,10.893458,370.893458,81.944444,-25.812662,0.000000,0.000000,0.000000
7.985500,75.000000,45.000000,dualpol_fixed_45deg_sum,E2-E3,100.000000,389.740780,36.207116,36.207116,56.944444,-19.533202,53.615826,34.608853,174.713703
7.985500,75.000000,90.000000,dualpol_fixed_45deg_sum,E2-E3,100.000000,301.287445,-16.802898,-16.802898,54.166667,-22.641832,66.047667,47.921431,170.203291
7.985500,75.000000,135.000000,dualpol_fixed_45deg_sum,E2-E3,98.630137,363.609379,1.519820,361.519820,81.690141,-40.332971,39.373964,23.633524,142.515933
7.985500,75.000000,0.000000,dualpol_fixed_45deg_sum,E3-E4,100.000000,360.000000,-4.723418,355.276582,73.611111,-32.293746,0.000000,0.000000,0.000000
7.985500,75.000000,45.000000,dualpol_fixed_45deg_sum,E3-E4,100.000000,385.225264,-28.248868,331.751132,86.111111,-24.550768,73.901130,57.034198,175.527677
7.985500,75.000000,90.000000,dualpol_fixed_45deg_sum,E3-E4,100.000000,232.827454,12.513250,12.513250,69.444444,-22.830096,85.990278,61.569954,177.803627
7.985500,75.000000,135.000000,dualpol_fixed_45deg_sum,E3-E4,98.630137,360.000000,1.719628,361.719628,70.422535,-40.144934,50.170359,33.388870,136.155874
7.985500,75.000000,0.000000,dualpol_fixed_45deg_sum,E4-E1,100.000000,720.000000,6.348019,-713.651981,84.722222,-31.517640,0.000000,0.000000,0.000000
7.985500,75.000000,45.000000,dualpol_fixed_45deg_sum,E4-E1,100.000000,455.224633,61.979076,-298.020924,81.944444,-27.449797,55.746826,35.888011,171.594696
7.985500,75.000000,90.000000,dualpol_fixed_45deg_sum,E4-E1,100.000000,360.000000,-29.864413,-389.864413,73.611111,-24.672830,67.044582,50.608025,165.517908
7.985500,75.000000,135.000000,dualpol_fixed_45deg_sum,E4-E1,97.260274,360.000000,-7.947295,-367.947295,81.428571,-39.395584,43.144226,24.933075,163.222695
7.985500,90.000000,0.000000,dualpol_fixed_45deg_sum,E1-E3,100.000000,393.498658,-5.861940,354.138060,51.388889,-32.170347,0.000000,0.000000,0.000000
7.985500,90.000000,45.000000,dualpol_fixed_45deg_sum,E1-E3,98.630137,365.136508,-48.928553,-408.928553,78.873239,-40.217063,93.960189,84.004085,172.906643
7.985500,90.000000,90.000000,dualpol_fixed_45deg_sum,E1-E3,100.000000,223.081722,12.201297,12.201297,55.555556,-32.783525,78.025672,55.316054,174.005182
7.985500,90.000000,135.000000,dualpol_fixed_45deg_sum,E1-E3,98.630137,499.336384,3.841677,363.841677,64.788732,-41.396560,43.901119,26.787381,165.585294
7.985500,90.000000,0.000000,dualpol_fixed_45deg_sum,E2-E4,100.000000,720.000000,7.188415,727.188415,83.333333,-30.306238,0.000000,0.000000,0.000000
7.985500,90.000000,45.000000,dualpol_fixed_45deg_sum,E2-E4,100.000000,495.345551,-24.171313,-24.171313,51.388889,-22.934776,64.512278,47.651898,166.130917
7.985500,90.000000,90.000000,dualpol_fixed_45deg_sum,E2-E4,100.000000,498.185794,-0.205254,-0.205254,56.944444,-18.008211,82.483062,54.076977,177.961057
7.985500,90.000000,135.000000,dualpol_fixed_45deg_sum,E2-E4,100.000000,360.000000,4.296779,364.296779,69.444444,-28.067990,44.549941,26.149641,142.337832
7.985500,90.000000,0.000000,dualpol_fixed_45deg_sum,E1-E2,100.000000,338.626969,-21.014690,-21.014690,68.055556,-32.287271,0.000000,0.000000,0.000000
7.985500,90.000000,45.000000,dualpol_fixed_45deg_sum,E1-E2,98.630137,518.844485,-179.457067,180.542933,50.704225,-40.217063,91.351079,73.881846,170.709302
7.985500,90.000000,90.000000,dualpol_fixed_45deg_sum,E1-E2,100.000000,394.446043,19.601084,19.601084,59.722222,-32.783525,66.674069,50.663656,144.182128
7.985500,90.000000,135.000000,dualpol_fixed_45deg_sum,E1-E2,98.630137,382.395650,-0.767851,-0.767851,63.380282,-41.556941,45.798712,28.030247,175.190493
7.985500,90.000000,0.000000,dualpol_fixed_45deg_sum,E2-E3,100.000000,360.000000,15.152750,375.152750,86.111111,-26.594239,0.000000,0.000000,0.000000
7.985500,90.000000,45.000000,dualpol_fixed_45deg_sum,E2-E3,100.000000,720.000000,130.528514,-589.471486,77.777778,-21.862401,75.661875,60.306741,173.836150
7.985500,90.000000,90.000000,dualpol_fixed_45deg_sum,E2-E3,100.000000,280.688654,-7.399787,-7.399787,59.722222,-27.329996,62.642993,40.000428,170.898184
7.985500,90.000000,135.000000,dualpol_fixed_45deg_sum,E2-E3,100.000000,360.000000,4.609528,364.609528,86.111111,-33.924703,29.944664,18.291585,97.129767
7.985500,90.000000,0.000000,dualpol_fixed_45deg_sum,E3-E4,100.000000,360.000000,-7.964335,352.035665,84.722222,-30.189315,0.000000,0.000000,0.000000
7.985500,90.000000,45.000000,dualpol_fixed_45deg_sum,E3-E4,100.000000,720.000000,-154.699827,565.300173,73.611111,-23.687647,61.192777,51.855382,146.735492
7.985500,90.000000,90.000000,dualpol_fixed_45deg_sum,E3-E4,100.000000,294.078240,7.194533,7.194533,59.722222,-27.329996,72.945346,43.813413,179.289805
7.985500,90.000000,135.000000,dualpol_fixed_45deg_sum,E3-E4,100.000000,317.634151,-0.312749,-0.312749,66.666667,-33.764322,42.497036,25.952441,165.735088
7.985500,90.000000,0.000000,dualpol_fixed_45deg_sum,E4-E1,100.000000,720.000000,13.826275,-706.173725,88.888889,-31.421953,0.000000,0.000000,0.000000
7.985500,90.000000,45.000000,dualpol_fixed_45deg_sum,E4-E1,98.630137,373.501809,-156.371620,-156.371620,52.112676,-40.217063,94.952493,76.764204,177.411474
7.985500,90.000000,90.000000,dualpol_fixed_45deg_sum,E4-E1,100.000000,336.168533,-19.395830,-19.395830,62.500000,-32.783525,67.660357,49.768490,175.361076
7.985500,90.000000,135.000000,dualpol_fixed_45deg_sum,E4-E1,98.630137,720.000000,-3.528928,-723.528928,80.281690,-41.298336,43.445845,26.801444,168.547097
7.985500,45.000000,0.000000,legacy_cp_minus90,E1-E3,100.000000,720.000000,0.073593,720.073593,86.111111,-28.011338,0.000000,0.000000,0.000000
7.985500,45.000000,45.000000,legacy_cp_minus90,E1-E3,100.000000,216.388349,-6.971495,-6.971495,69.444444,-34.093252,66.699839,48.460471,176.579554
7.985500,45.000000,90.000000,legacy_cp_minus90,E1-E3,100.000000,720.000000,-3.139991,716.860009,84.722222,-26.239323,81.238587,63.363958,179.533536
7.985500,45.000000,135.000000,legacy_cp_minus90,E1-E3,100.000000,720.000000,1.220767,721.220767,81.944444,-19.567995,60.654198,42.004830,176.246491
7.985500,45.000000,0.000000,legacy_cp_minus90,E2-E4,100.000000,1062.472885,9.006255,-710.993745,55.555556,-31.265752,0.000000,0.000000,0.000000
7.985500,45.000000,45.000000,legacy_cp_minus90,E2-E4,98.630137,400.395303,9.905719,369.905719,77.464789,-35.422797,72.183490,45.393985,179.712288
7.985500,45.000000,90.000000,legacy_cp_minus90,E2-E4,100.000000,266.786194,5.569049,5.569049,52.777778,-18.467158,68.210986,50.939747,169.914518
7.985500,45.000000,135.000000,legacy_cp_minus90,E2-E4,100.000000,656.919754,6.381017,-353.618983,56.944444,-30.698472,43.141186,31.631087,175.968165
7.985500,45.000000,0.000000,legacy_cp_minus90,E1-E2,100.000000,760.025993,-1.667057,718.332943,69.444444,-31.170214,0.000000,0.000000,0.000000
7.985500,45.000000,45.000000,legacy_cp_minus90,E1-E2,100.000000,376.663214,-25.229701,-385.229701,75.000000,-33.347914,63.287382,43.822767,178.155807
7.985500,45.000000,90.000000,legacy_cp_minus90,E1-E2,100.000000,370.037179,-3.882195,356.117805,84.722222,-20.405472,59.032943,47.322413,177.109070
7.985500,45.000000,135.000000,legacy_cp_minus90,E1-E2,100.000000,364.097097,10.591622,370.591622,76.388889,-30.599466,34.193679,25.755376,139.152222
7.985500,45.000000,0.000000,legacy_cp_minus90,E2-E3,100.000000,329.203619,1.740650,1.740650,63.888889,-31.170214,0.000000,0.000000,0.000000
7.985500,45.000000,45.000000,legacy_cp_minus90,E2-E3,100.000000,360.000000,18.258206,378.258206,86.111111,-33.167300,46.529456,33.931250,160.632725
7.985500,45.000000,90.000000,legacy_cp_minus90,E2-E3,100.000000,360.000000,0.742204,360.742204,63.888889,-25.356811,65.871724,41.119226,179.605983
7.985500,45.000000,135.000000,legacy_cp_minus90,E2-E3,100.000000,367.862894,-9.370855,350.629145,65.277778,-29.861558,58.251493,32.608431,172.741222
7.985500,45.000000,0.000000,legacy_cp_minus90,E3-E4,100.000000,834.123867,7.265605,-712.734395,51.388889,-30.383716,0.000000,0.000000,0.000000
7.985500,45.000000,45.000000,legacy_cp_minus90,E3-E4,98.630137,297.225846,-8.352487,-8.352487,63.380282,-35.604456,70.138814,48.862369,177.282547
7.985500,45.000000,90.000000,legacy_cp_minus90,E3-E4,100.000000,387.310961,4.826846,-355.173154,77.777778,-25.441708,79.437974,57.442113,179.464471
7.985500,45.000000,135.000000,legacy_cp_minus90,E3-E4,100.000000,738.482881,15.751872,-704.248128,79.166667,-27.545442,59.539245,42.519452,178.003927
7.985500,45.000000,0.000000,legacy_cp_minus90,E4-E1,100.000000,353.326460,-7.339198,-7.339198,61.111111,-30.383716,0.000000,0.000000,0.000000
7.985500,45.000000,45.000000,legacy_cp_minus90,E4-E1,98.630137,307.968054,15.323982,15.323982,67.605634,-35.422797,71.718033,49.134028,178.890761
7.985500,45.000000,90.000000,legacy_cp_minus90,E4-E1,100.000000,360.000000,-1.686855,-361.686855,69.444444,-20.405472,60.597175,37.987115,176.639870
7.985500,45.000000,135.000000,legacy_cp_minus90,E4-E1,100.000000,364.506208,-16.972639,-16.972639,58.333333,-27.545442,30.380042,21.016246,80.571312
7.985500,60.000000,0.000000,legacy_cp_minus90,E1-E3,100.000000,720.000000,-2.740425,717.259575,90.277778,-22.680184,0.000000,0.000000,0.000000
7.985500,60.000000,45.000000,legacy_cp_minus90,E1-E3,98.630137,372.249833,-6.459625,353.540375,84.507042,-48.451281,44.031072,33.165942,130.100518
7.985500,60.000000,90.000000,legacy_cp_minus90,E1-E3,100.000000,720.000000,-1.415722,718.584278,100.000000,-24.716090,66.808730,47.930322,150.498090
7.985500,60.000000,135.000000,legacy_cp_minus90,E1-E3,100.000000,720.000000,1.835105,721.835105,93.055556,-22.241159,39.058044,27.964518,111.851008
7.985500,60.000000,0.000000,legacy_cp_minus90,E2-E4,100.000000,644.250258,9.705102,9.705102,62.500000,-28.834288,0.000000,0.000000,0.000000
7.985500,60.000000,45.000000,legacy_cp_minus90,E2-E4,100.000000,437.627674,8.785503,368.785503,73.611111,-30.672299,60.487181,38.685183,174.358219
7.985500,60.000000,90.000000,legacy_cp_minus90,E2-E4,100.000000,393.007845,5.187644,5.187644,58.333333,-20.594366,83.791560,59.259206,177.949916
7.985500,60.000000,135.000000,legacy_cp_minus90,E2-E4,100.000000,410.840564,7.274587,7.274587,54.166667,-28.983826,55.162230,36.412127,177.016481
7.985500,60.000000,0.000000,legacy_cp_minus90,E1-E2,100.000000,539.602652,-11.377241,348.622759,51.388889,-20.486096,0.000000,0.000000,0.000000
7.985500,60.000000,45.000000,legacy_cp_minus90,E1-E2,98.630137,360.000000,-22.504311,-382.504311,76.056338,-48.389110,54.656528,30.346489,174.668388
7.985500,60.000000,90.000000,legacy_cp_minus90,E1-E2,100.000000,441.368565,4.093826,364.093826,62.500000,-24.716090,70.601717,52.184120,174.366989
7.985500,60.000000,135.000000,legacy_cp_minus90,E1-E2,100.000000,459.120506,9.510784,369.510784,56.944444,-25.747303,43.838949,29.748930,176.454805
7.985500,60.000000,0.000000,legacy_cp_minus90,E2-E3,100.000000,360.000000,8.636817,368.636817,77.777778,-23.454754,0.000000,0.000000,0.000000
7.985500,60.000000,45.000000,legacy_cp_minus90,E2-E3,100.000000,720.000000,16.044686,736.044686,86.111111,-30.972627,45.776487,32.028409,163.341114
7.985500,60.000000,90.000000,legacy_cp_minus90,E2-E3,100.000000,360.000000,-5.509549,354.490451,68.055556,-23.016378,56.084832,32.562683,173.433867
7.985500,60.000000,135.000000,legacy_cp_minus90,E2-E3,100.000000,364.154782,-7.675679,352.324321,76.388889,-25.747303,55.864613,30.783361,167.871554
7.985500,60.000000,0.000000,legacy_cp_minus90,E3-E4,100.000000,565.144810,1.068285,-358.931715,50.000000,-28.834288,0.000000,0.000000,0.000000
7.985500,60.000000,45.000000,legacy_cp_minus90,E3-E4,100.000000,524.189098,-7.259182,-367.259182,58.333333,-29.031508,46.562630,34.751674,122.522019
7.985500,60.000000,90.000000,legacy_cp_minus90,E3-E4,100.000000,450.772685,10.697192,-349.302808,56.944444,-23.394617,65.950796,46.345244,179.456912
7.985500,60.000000,135.000000,legacy_cp_minus90,E3-E4,100.000000,469.494888,14.950265,-345.049735,61.111111,-28.983826,47.891964,33.806358,136.026536
7.985500,60.000000,0.000000,legacy_cp_minus90,E4-E1,100.000000,360.000000,1.672139,-358.327861,68.055556,-28.834288,0.000000,0.000000,0.000000
7.985500,60.000000,45.000000,legacy_cp_minus90,E4-E1,98.630137,339.629332,13.718808,13.718808,69.014085,-48.389110,47.776580,34.563522,119.620074
7.985500,60.000000,90.000000,legacy_cp_minus90,E4-E1,100.000000,360.000000,-9.281470,-369.281470,70.833333,-24.716090,67.226995,40.891339,163.980057
7.985500,60.000000,135.000000,legacy_cp_minus90,E4-E1,100.000000,406.479211,-16.785370,-376.785370,65.277778,-28.983826,47.613958,29.772239,174.348563
7.985500,75.000000,0.000000,legacy_cp_minus90,E1-E3,100.000000,720.000000,-5.646627,714.353373,100.000000,-20.360294,0.000000,0.000000,0.000000
7.985500,75.000000,45.000000,legacy_cp_minus90,E1-E3,100.000000,720.000000,-4.940412,715.059588,100.000000,-27.658408,29.632114,15.830361,116.673157
7.985500,75.000000,90.000000,legacy_cp_minus90,E1-E3,98.630137,720.000000,0.076311,720.076311,100.000000,-36.868465,41.648192,29.147537,105.542068
7.985500,75.000000,135.000000,legacy_cp_minus90,E1-E3,100.000000,720.000000,1.593158,721.593158,100.000000,-19.697513,18.525924,14.580536,52.015953
7.985500,75.000000,0.000000,legacy_cp_minus90,E2-E4,100.000000,649.178530,10.105457,10.105457,65.277778,-26.503922,0.000000,0.000000,0.000000
7.985500,75.000000,45.000000,legacy_cp_minus90,E2-E4,98.630137,532.304902,6.988907,6.988907,63.380282,-41.072093,55.404107,33.808349,167.709133
7.985500,75.000000,90.000000,legacy_cp_minus90,E2-E4,100.000000,477.955286,5.601356,5.601356,56.944444,-17.813256,87.559908,57.022286,178.372485
7.985500,75.000000,135.000000,legacy_cp_minus90,E2-E4,100.000000,464.965763,8.170061,368.170061,70.833333,-23.787821,56.793175,34.201928,175.528938
7.985500,75.000000,0.000000,legacy_cp_minus90,E1-E2,100.000000,575.885971,-20.704712,339.295288,63.888889,-26.223259,0.000000,0.000000,0.000000
7.985500,75.000000,45.000000,legacy_cp_minus90,E1-E2,98.630137,551.987192,-13.958100,346.041900,56.338028,-42.181681,55.344621,29.560975,178.696470
7.985500,75.000000,90.000000,legacy_cp_minus90,E1-E2,100.000000,527.990132,8.859005,368.859005,56.944444,-19.393302,71.564608,50.456140,178.275563
7.985500,75.000000,135.000000,legacy_cp_minus90,E1-E2,100.000000,247.617540,5.502977,5.502977,61.111111,-21.284276,34.987984,25.623168,159.702157
7.985500,75.000000,0.000000,legacy_cp_minus90,E2-E3,100.000000,360.000000,15.058085,375.058085,84.722222,-26.223259,0.000000,0.000000,0.000000
7.985500,75.000000,45.000000,legacy_cp_minus90,E2-E3,98.630137,360.000000,9.017688,369.017688,80.281690,-41.347632,45.073924,26.261979,170.578507
7.985500,75.000000,90.000000,legacy_cp_minus90,E2-E3,98.630137,360.000000,-8.782694,351.217306,69.014085,-35.873314,47.242223,30.904372,170.659811
7.985500,75.000000,135.000000,legacy_cp_minus90,E2-E3,100.000000,720.000000,-3.909819,716.090181,88.888889,-21.284276,33.656997,21.263941,147.398591
7.985500,75.000000,0.000000,legacy_cp_minus90,E3-E4,100.000000,589.223391,-4.952628,-364.952628,52.777778,-21.213582,0.000000,0.000000,0.000000
7.985500,75.000000,45.000000,legacy_cp_minus90,E3-E4,100.000000,542.538047,-2.028781,-362.028781,56.944444,-25.028676,36.148372,25.620219,105.965123
7.985500,75.000000,90.000000,legacy_cp_minus90,E3-E4,98.630137,519.147967,14.384050,-345.615950,52.112676,-36.333525,66.020566,41.987840,179.035271
7.985500,75.000000,135.000000,legacy_cp_minus90,E3-E4,100.000000,540.865152,12.079880,-347.920120,52.777778,-23.773328,50.096588,29.149316,174.571630
7.985500,75.000000,0.000000,legacy_cp_minus90,E4-E1,100.000000,360.000000,10.599255,-349.400745,81.944444,-21.213582,0.000000,0.000000,0.000000
7.985500,75.000000,45.000000,legacy_cp_minus90,E4-E1,100.000000,360.000000,6.969193,-353.030807,75.000000,-27.658408,31.642380,23.088078,69.451758
7.985500,75.000000,90.000000,legacy_cp_minus90,E4-E1,100.000000,360.000000,-14.460361,-374.460361,76.388889,-19.393302,53.043062,34.995234,143.848518
7.985500,75.000000,135.000000,legacy_cp_minus90,E4-E1,100.000000,382.023231,-13.673038,-373.673038,72.222222,-23.773328,51.537269,31.241289,168.969698
7.985500,90.000000,0.000000,legacy_cp_minus90,E1-E3,100.000000,734.800746,-6.971495,713.028505,86.111111,-18.659281,0.000000,0.000000,0.000000
7.985500,90.000000,45.000000,legacy_cp_minus90,E1-E3,100.000000,431.073143,-3.139991,356.860009,83.333333,-32.047215,39.127272,27.846844,103.587405
7.985500,90.000000,90.000000,legacy_cp_minus90,E1-E3,100.000000,369.791691,1.220767,361.220767,80.555556,-24.119049,45.404404,31.646167,165.577515
7.985500,90.000000,135.000000,legacy_cp_minus90,E1-E3,100.000000,725.345508,0.073593,720.073593,90.277778,-21.960580,16.093014,12.706452,30.980370
7.985500,90.000000,0.000000,legacy_cp_minus90,E2-E4,100.000000,360.000000,9.905719,369.905719,70.833333,-27.584067,0.000000,0.000000,0.000000
7.985500,90.000000,45.000000,legacy_cp_minus90,E2-E4,100.000000,530.043670,5.569049,5.569049,56.944444,-24.953300,60.932023,37.147829,178.725173
7.985500,90.000000,90.000000,legacy_cp_minus90,E2-E4,100.000000,501.966142,6.381017,6.381017,56.944444,-18.316419,80.775917,49.990641,178.178973
7.985500,90.000000,135.000000,legacy_cp_minus90,E2-E4,98.630137,720.000000,9.006255,729.006255,76.056338,-45.649610,48.523544,28.632232,157.679764
7.985500,90.000000,0.000000,legacy_cp_minus90,E1-E2,100.000000,329.124441,-25.229701,-25.229701,61.111111,-26.922808,0.000000,0.000000,0.000000
7.985500,90.000000,45.000000,legacy_cp_minus90,E1-E2,100.000000,586.255733,-3.882195,356.117805,51.388889,-26.435637,58.771814,36.053144,177.971651
7.985500,90.000000,90.000000,legacy_cp_minus90,E1-E2,100.000000,570.015715,10.591622,370.591622,58.333333,-18.498068,58.538187,44.245669,169.444619
7.985500,90.000000,135.000000,legacy_cp_minus90,E1-E2,100.000000,270.052008,-1.667057,-1.667057,59.722222,-19.798632,26.001911,21.547957,69.495149
7.985500,90.000000,0.000000,legacy_cp_minus90,E2-E3,100.000000,720.000000,18.258206,738.258206,91.666667,-26.922808,0.000000,0.000000,0.000000
7.985500,90.000000,45.000000,legacy_cp_minus90,E2-E3,100.000000,338.869226,0.742204,0.742204,66.666667,-31.078190,51.372851,31.323802,167.141959
7.985500,90.000000,90.000000,legacy_cp_minus90,E2-E3,100.000000,300.632499,-9.370855,-9.370855,61.111111,-23.829478,50.099812,32.815128,177.011619
7.985500,90.000000,135.000000,legacy_cp_minus90,E2-E3,100.000000,720.000000,1.740650,721.740650,90.277778,-23.126295,21.998360,16.350115,58.725817
7.985500,90.000000,0.000000,legacy_cp_minus90,E3-E4,100.000000,611.555013,-8.352487,-368.352487,56.944444,-26.946904,0.000000,0.000000,0.000000
7.985500,90.000000,45.000000,legacy_cp_minus90,E3-E4,100.000000,285.905594,4.826846,4.826846,55.555556,-31.078190,40.652052,28.850486,111.913818
7.985500,90.000000,90.000000,legacy_cp_minus90,E3-E4,100.000000,233.101272,15.751872,15.751872,55.555556,-23.861755,67.461398,43.841775,168.606934
7.985500,90.000000,135.000000,legacy_cp_minus90,E3-E4,98.630137,300.964499,7.265605,7.265605,54.929577,-45.605244,40.281374,24.144879,171.349749
7.985500,90.000000,0.000000,legacy_cp_minus90,E4-E1,100.000000,360.000000,15.323982,-344.676018,87.500000,-26.946904,0.000000,0.000000,0.000000
7.985500,90.000000,45.000000,legacy_cp_minus90,E4-E1,100.000000,360.000000,-1.686855,-361.686855,77.777778,-22.027434,32.035571,25.255515,93.370415
7.985500,90.000000,90.000000,legacy_cp_minus90,E4-E1,100.000000,360.000000,-16.972639,-376.972639,87.500000,-18.573713,52.809347,37.293337,162.684407
7.985500,90.000000,135.000000,legacy_cp_minus90,E4-E1,98.630137,377.665719,-7.339198,-367.339198,84.507042,-45.605244,41.917420,26.814072,173.138310
8.233000,45.000000,0.000000,x_only_a_port,E1-E3,100.000000,360.000000,8.968251,368.968251,72.222222,-30.017952,0.000000,0.000000,0.000000
8.233000,45.000000,45.000000,x_only_a_port,E1-E3,100.000000,520.042907,21.488431,381.488431,54.166667,-29.155343,91.647142,74.116297,174.002210
8.233000,45.000000,90.000000,x_only_a_port,E1-E3,100.000000,423.930748,8.299518,368.299518,76.388889,-22.991566,77.972825,54.938641,177.955308
8.233000,45.000000,135.000000,x_only_a_port,E1-E3,98.630137,360.000000,8.381534,368.381534,74.647887,-40.096775,36.476790,24.395561,112.889654
8.233000,45.000000,0.000000,x_only_a_port,E2-E4,100.000000,382.411376,10.041588,370.041588,65.277778,-31.042568,0.000000,0.000000,0.000000
8.233000,45.000000,45.000000,x_only_a_port,E2-E4,100.000000,459.845944,-42.077070,317.922930,66.666667,-21.721234,69.828668,58.225342,134.945857
8.233000,45.000000,90.000000,x_only_a_port,E2-E4,100.000000,230.445411,-4.083549,-4.083549,52.777778,-23.953846,72.005536,50.914179,178.147421
8.233000,45.000000,135.000000,x_only_a_port,E2-E4,100.000000,620.085736,3.500114,-356.499886,56.944444,-26.443545,65.332597,42.703869,175.650965
8.233000,45.000000,0.000000,x_only_a_port,E1-E2,100.000000,507.837304,11.262485,-348.737515,55.555556,-31.042568,0.000000,0.000000,0.000000
8.233000,45.000000,45.000000,x_only_a_port,E1-E2,100.000000,244.938989,20.933433,20.933433,63.888889,-26.619101,74.478108,54.055581,177.675148
8.233000,45.000000,90.000000,x_only_a_port,E1-E2,100.000000,198.005778,17.640657,17.640657,61.111111,-21.019317,60.939974,44.203948,179.440189
8.233000,45.000000,135.000000,x_only_a_port,E1-E2,100.000000,222.963932,14.192816,14.192816,58.333333,-26.280508,53.747954,28.990832,176.415234
8.233000,45.000000,0.000000,x_only_a_port,E2-E3,100.000000,720.000000,-2.294234,717.705766,80.555556,-32.603715,0.000000,0.000000,0.000000
8.233000,45.000000,45.000000,x_only_a_port,E2-E3,100.000000,366.145529,0.554998,360.554998,62.500000,-25.405731,86.896826,68.610029,179.386055
8.233000,45.000000,90.000000,x_only_a_port,E2-E3,100.000000,360.000000,-9.341139,350.658861,68.055556,-23.075109,60.363742,41.267406,151.489803
8.233000,45.000000,135.000000,x_only_a_port,E2-E3,98.630137,364.438434,-5.811282,-5.811282,56.338028,-40.096775,53.897328,33.477310,170.412643
8.233000,45.000000,0.000000,x_only_a_port,E3-E4,100.000000,394.912434,12.335821,-347.664179,68.055556,-30.017952,0.000000,0.000000,0.000000
8.233000,45.000000,45.000000,x_only_a_port,E3-E4,100.000000,404.751153,-42.632068,-42.632068,55.555556,-25.405731,65.699540,54.754198,166.756083
8.233000,45.000000,90.000000,x_only_a_port,E3-E4,100.000000,360.000000,5.257590,-354.742410,86.111111,-23.870303,69.718329,48.925666,176.069452
8.233000,45.000000,135.000000,x_only_a_port,E3-E4,98.630137,360.408220,9.311397,-350.688603,88.732394,-40.096775,45.310424,30.034879,173.416245
8.233000,45.000000,0.000000,x_only_a_port,E4-E1,100.000000,386.149253,-21.304072,-21.304072,59.722222,-24.334561,0.000000,0.000000,0.000000
8.233000,45.000000,45.000000,x_only_a_port,E4-E1,100.000000,362.729509,21.143637,-338.856363,59.722222,-26.060043,62.659199,54.695146,147.774723
8.233000,45.000000,90.000000,x_only_a_port,E4-E1,100.000000,352.552144,-13.557108,-13.557108,55.555556,-23.558204,66.931460,46.110068,179.983341
8.233000,45.000000,135.000000,x_only_a_port,E4-E1,100.000000,679.079825,-17.692930,342.307070,51.388889,-26.353992,49.635265,32.429658,162.744839
8.233000,60.000000,0.000000,x_only_a_port,E1-E3,97.260274,360.000000,9.645482,369.645482,52.857143,-40.007800,0.000000,0.000000,0.000000
8.233000,60.000000,45.000000,x_only_a_port,E1-E3,100.000000,315.946130,10.461356,10.461356,51.388889,-24.375166,77.299171,59.452916,169.708785
8.233000,60.000000,90.000000,x_only_a_port,E1-E3,97.260274,252.730406,8.268139,8.268139,62.857143,-40.355433,96.336515,75.566016,179.748017
8.233000,60.000000,135.000000,x_only_a_port,E1-E3,94.520548,371.005036,8.493128,368.493128,76.470588,-48.983192,54.406960,40.650395,128.267455
8.233000,60.000000,0.000000,x_only_a_port,E2-E4,100.000000,1126.929495,13.717601,-706.282399,52.777778,-34.075568,0.000000,0.000000,0.000000
8.233000,60.000000,45.000000,x_only_a_port,E2-E4,100.000000,410.462659,-22.991147,337.008853,72.222222,-23.234025,71.766410,55.718285,178.926797
8.233000,60.000000,90.000000,x_only_a_port,E2-E4,98.630137,391.020682,-0.813354,359.186646,70.422535,-35.412059,83.180904,57.911550,174.971948
8.233000,60.000000,135.000000,x_only_a_port,E2-E4,100.000000,742.659517,5.393296,-354.606704,52.777778,-28.362381,58.266122,40.692482,153.712367
8.233000,60.000000,0.000000,x_only_a_port,E1-E2,100.000000,511.083588,9.680960,369.680960,65.277778,-34.075568,0.000000,0.000000,0.000000
8.233000,60.000000,45.000000,x_only_a_port,E1-E2,100.000000,296.908175,25.357639,25.357639,72.222222,-26.645615,67.783325,51.610376,176.746518
8.233000,60.000000,90.000000,x_only_a_port,E1-E2,100.000000,213.746219,16.157277,16.157277,70.833333,-30.430169,71.581326,50.933347,173.282767
8.233000,60.000000,135.000000,x_only_a_port,E1-E2,100.000000,229.848410,13.334956,13.334956,77.777778,-25.216894,54.098682,28.217060,174.441913
8.233000,60.000000,0.000000,x_only_a_port,E2-E3,95.890411,482.621101,-0.035478,-0.035478,56.521739,-40.007800,0.000000,0.000000,0.000000
8.233000,60.000000,45.000000,x_only_a_port,E2-E3,100.000000,412.067491,-14.896282,-14.896282,56.944444,-25.232330,75.276376,58.837211,168.240433
8.233000,60.000000,90.000000,x_only_a_port,E2-E3,97.260274,337.614406,-7.889138,-7.889138,68.571429,-40.536200,79.413911,57.226192,179.102631
8.233000,60.000000,135.000000,x_only_a_port,E2-E3,94.520548,360.000000,-4.841828,355.158172,64.705882,-48.983192,59.388086,44.461820,164.000417
8.233000,60.000000,0.000000,x_only_a_port,E3-E4,97.260274,842.828303,13.753079,-706.246921,51.428571,-40.007800,0.000000,0.000000,0.000000
8.233000,60.000000,45.000000,x_only_a_port,E3-E4,100.000000,394.988151,-8.094864,351.905136,63.888889,-22.961881,59.986815,50.009770,144.137608
8.233000,60.000000,90.000000,x_only_a_port,E3-E4,95.890411,360.000000,7.075784,367.075784,69.565217,-40.355433,65.094930,38.896585,175.659855
8.233000,60.000000,135.000000,x_only_a_port,E3-E4,94.520548,444.378880,10.235124,-349.764876,52.941176,-48.983192,45.991970,28.230162,169.926369
8.233000,60.000000,0.000000,x_only_a_port,E4-E1,100.000000,687.539592,-23.398561,336.601439,54.166667,-28.303013,0.000000,0.000000,0.000000
8.233000,60.000000,45.000000,x_only_a_port,E4-E1,100.000000,360.000000,-2.366492,-362.366492,62.500000,-24.253735,54.875823,41.890574,179.346978
8.233000,60.000000,90.000000,x_only_a_port,E4-E1,98.630137,360.000000,-15.343923,-375.343923,64.788732,-35.132872,66.154853,49.399738,178.923100
8.233000,60.000000,135.000000,x_only_a_port,E4-E1,100.000000,689.828969,-18.728252,341.271748,52.777778,-28.118972,48.275705,35.788928,119.934532
8.233000,75.000000,0.000000,x_only_a_port,E1-E3,98.630137,467.296788,11.986789,-348.013211,71.830986,-43.900569,0.000000,0.000000,0.000000
8.233000,75.000000,45.000000,x_only_a_port,E1-E3,100.000000,272.684444,8.578796,8.578796,59.722222,-32.233398,74.128523,60.267810,178.790474
8.233000,75.000000,90.000000,x_only_a_port,E1-E3,100.000000,159.111662,8.306792,8.306792,52.777778,-25.853744,85.722735,69.740306,174.754799
8.233000,75.000000,135.000000,x_only_a_port,E1-E3,97.260274,388.686206,8.665211,368.665211,58.571429,-38.235140,60.755155,44.854434,178.799274
8.233000,75.000000,0.000000,x_only_a_port,E2-E4,98.630137,621.608676,18.044770,18.044770,56.338028,-39.399798,0.000000,0.000000,0.000000
8.233000,75.000000,45.000000,x_only_a_port,E2-E4,98.630137,401.198613,-9.728635,350.271365,60.563380,-35.111281,47.847995,33.053739,173.204842
8.233000,75.000000,90.000000,x_only_a_port,E2-E4,98.630137,498.758003,1.530689,1.530689,61.971831,-35.634320,52.969841,33.427014,177.894193
8.233000,75.000000,135.000000,x_only_a_port,E2-E4,98.630137,491.957113,7.461502,7.461502,50.704225,-38.237486,42.865807,25.635474,179.565101
8.233000,75.000000,0.000000,x_only_a_port,E1-E2,98.630137,720.000000,7.845696,-712.154304,81.690141,-39.399798,0.000000,0.000000,0.000000
8.233000,75.000000,45.000000,x_only_a_port,E1-E2,100.000000,305.869193,20.146737,20.146737,69.444444,-32.460923,54.988860,38.987227,175.794968
8.233000,75.000000,90.000000,x_only_a_port,E1-E2,100.000000,290.201504,15.089199,15.089199,68.055556,-22.192660,59.736697,41.030109,171.708362
8.233000,75.000000,135.000000,x_only_a_port,E1-E2,100.000000,278.063195,12.405374,12.405374,65.277778,-27.904899,57.484098,35.906726,168.883605
8.233000,75.000000,0.000000,x_only_a_port,E2-E3,97.260274,559.638490,4.141092,364.141092,57.142857,-43.900569,0.000000,0.000000,0.000000
8.233000,75.000000,45.000000,x_only_a_port,E2-E3,100.000000,325.014056,-11.567941,-11.567941,52.777778,-33.006395,67.276144,54.539847,178.571516
8.233000,75.000000,90.000000,x_only_a_port,E2-E3,100.000000,287.037806,-6.782407,-6.782407,56.944444,-26.176275,78.401378,61.033903,177.222955
8.233000,75.000000,135.000000,x_only_a_port,E2-E3,97.260274,360.000000,-3.740164,356.259836,61.428571,-38.235140,64.467138,49.087013,175.197544
8.233000,75.000000,0.000000,x_only_a_port,E3-E4,98.630137,362.561964,13.903678,13.903678,63.380282,-43.900569,0.000000,0.000000,0.000000
8.233000,75.000000,45.000000,x_only_a_port,E3-E4,100.000000,297.215852,1.839306,1.839306,83.333333,-34.338284,52.445418,38.874189,164.112906
8.233000,75.000000,90.000000,x_only_a_port,E3-E4,98.630137,249.639058,8.313096,8.313096,64.788732,-35.324102,73.738657,50.961644,179.597126
8.233000,75.000000,135.000000,x_only_a_port,E3-E4,97.260274,575.298532,11.201666,-348.798334,50.000000,-38.832001,58.741190,43.320169,163.435203
8.233000,75.000000,0.000000,x_only_a_port,E4-E1,100.000000,971.972302,-25.890467,694.109533,59.722222,-22.653444,0.000000,0.000000,0.000000
8.233000,75.000000,45.000000,x_only_a_port,E4-E1,100.000000,328.419570,-10.418102,-10.418102,52.777778,-34.095983,49.718571,33.768857,176.853162
8.233000,75.000000,90.000000,x_only_a_port,E4-E1,98.630137,307.232145,-16.619888,-16.619888,69.014085,-35.324102,53.116071,34.585197,176.705414
8.233000,75.000000,135.000000,x_only_a_port,E4-E1,98.630137,430.893617,-19.866877,-19.866877,52.112676,-37.871083,46.831151,28.752009,179.326530
8.233000,90.000000,0.000000,x_only_a_port,E1-E3,100.000000,380.171809,21.488431,21.488431,61.111111,-25.476748,0.000000,0.000000,0.000000
8.233000,90.000000,45.000000,x_only_a_port,E1-E3,97.260274,395.126897,8.299518,-351.700482,61.428571,-36.544130,79.689899,61.549438,160.376419
8.233000,90.000000,90.000000,x_only_a_port,E1-E3,100.000000,125.140826,8.381534,8.381534,56.944444,-31.127653,97.512632,79.786611,175.890776
8.233000,90.000000,135.000000,x_only_a_port,E1-E3,100.000000,267.747183,8.968251,8.968251,51.388889,-31.719663,88.886516,70.253126,177.834859
8.233000,90.000000,0.000000,x_only_a_port,E2-E4,100.000000,815.125664,-42.077070,-402.077070,58.333333,-28.336848,0.000000,0.000000,0.000000
8.233000,90.000000,45.000000,x_only_a_port,E2-E4,100.000000,510.955082,-4.083549,-4.083549,55.555556,-23.496416,59.986195,41.897422,175.650965
8.233000,90.000000,90.000000,x_only_a_port,E2-E4,100.000000,514.079848,3.500114,3.500114,55.555556,-19.364033,64.776832,45.527577,173.629131
8.233000,90.000000,135.000000,x_only_a_port,E2-E4,100.000000,523.005522,10.041588,10.041588,54.166667,-24.108933,63.984969,42.869521,178.665362
8.233000,90.000000,0.000000,x_only_a_port,E1-E2,100.000000,237.646930,20.933433,20.933433,52.777778,-25.476748,0.000000,0.000000,0.000000
8.233000,90.000000,45.000000,x_only_a_port,E1-E2,98.630137,406.387939,17.640657,-342.359343,69.014085,-37.019450,50.999924,36.831102,121.163340
8.233000,90.000000,90.000000,x_only_a_port,E1-E2,100.000000,322.805773,14.192816,14.192816,69.444444,-22.653810,48.723388,34.427821,104.973088
8.233000,90.000000,135.000000,x_only_a_port,E1-E2,100.000000,314.488524,11.262485,11.262485,61.111111,-28.804005,47.966185,36.395902,110.705826
8.233000,90.000000,0.000000,x_only_a_port,E2-E3,100.000000,353.187675,0.554998,0.554998,54.166667,-23.524535,0.000000,0.000000,0.000000
8.233000,90.000000,45.000000,x_only_a_port,E2-E3,98.630137,626.273244,-9.341139,-369.341139,53.521127,-36.460057,69.313881,54.077748,176.892953
8.233000,90.000000,90.000000,x_only_a_port,E2-E3,100.000000,268.796803,-5.811282,-5.811282,55.555556,-31.360029,83.853712,65.430726,179.757627
8.233000,90.000000,135.000000,x_only_a_port,E2-E3,100.000000,301.530430,-2.294234,-2.294234,55.555556,-31.719663,70.225487,55.988253,169.791167
8.233000,90.000000,0.000000,x_only_a_port,E3-E4,100.000000,640.814384,-42.632068,-42.632068,51.388889,-28.178184,0.000000,0.000000,0.000000
8.233000,90.000000,45.000000,x_only_a_port,E3-E4,98.630137,296.203904,5.257590,5.257590,67.605634,-35.984737,70.688791,52.367752,175.528028
8.233000,90.000000,90.000000,x_only_a_port,E3-E4,100.000000,262.864910,9.311397,9.311397,59.722222,-31.127653,85.851836,66.279818,177.741366
8.233000,90.000000,135.000000,x_only_a_port,E3-E4,100.000000,306.447808,12.335821,12.335821,56.944444,-31.719663,79.771536,62.651903,175.562729
8.233000,90.000000,0.000000,x_only_a_port,E4-E1,100.000000,638.091493,21.143637,381.143637,61.111111,-30.285405,0.000000,0.000000,0.000000
8.233000,90.000000,45.000000,x_only_a_port,E4-E1,98.630137,324.708218,-13.557108,-13.557108,56.338028,-36.414259,61.143406,44.385979,167.224306
8.233000,90.000000,90.000000,x_only_a_port,E4-E1,100.000000,296.018159,-17.692930,-17.692930,65.277778,-22.253024,68.349110,48.211814,173.457800
8.233000,90.000000,135.000000,x_only_a_port,E4-E1,100.000000,338.488206,-21.304072,-21.304072,56.944444,-28.410241,66.685199,47.643608,179.164787
8.233000,45.000000,0.000000,y_only_b_port,E1-E3,100.000000,386.714800,3.979260,363.979260,63.888889,-33.041754,0.000000,0.000000,0.000000
8.233000,45.000000,45.000000,y_only_b_port,E1-E3,100.000000,625.094549,-3.389878,-363.389878,56.944444,-26.454302,66.374186,44.667594,179.638620
8.233000,45.000000,90.000000,y_only_b_port,E1-E3,100.000000,231.932325,-11.466623,-11.466623,52.777778,-19.729710,73.265674,52.984707,178.511219
8.233000,45.000000,135.000000,y_only_b_port,E1-E3,100.000000,467.191782,-42.622991,317.377009,65.277778,-34.676165,77.016143,66.074187,146.757153
8.233000,45.000000,0.000000,y_only_b_port,E2-E4,100.000000,360.000000,4.393915,364.393915,69.444444,-34.746828,0.000000,0.000000,0.000000
8.233000,45.000000,45.000000,y_only_b_port,E2-E4,100.000000,523.370530,4.674184,4.674184,70.833333,-34.118689,36.881826,23.124164,167.047907
8.233000,45.000000,90.000000,y_only_b_port,E2-E4,100.000000,429.417173,6.249134,366.249134,75.000000,-21.526185,75.972288,53.303086,176.424558
8.233000,45.000000,135.000000,y_only_b_port,E2-E4,100.000000,469.871022,33.578353,33.578353,52.777778,-31.483170,82.097410,66.702177,169.421516
8.233000,45.000000,0.000000,y_only_b_port,E1-E2,100.000000,506.236905,-12.011453,347.988547,55.555556,-33.450409,0.000000,0.000000,0.000000
8.233000,45.000000,45.000000,y_only_b_port,E1-E2,100.000000,228.525287,-15.570234,-15.570234,58.333333,-27.219850,47.139115,27.958047,157.946352
8.233000,45.000000,90.000000,y_only_b_port,E1-E2,100.000000,206.250871,-19.681385,-19.681385,61.111111,-20.857213,57.744632,42.222491,174.563342
8.233000,45.000000,135.000000,y_only_b_port,E1-E2,100.000000,621.160649,-25.362007,334.637993,72.222222,-34.676165,65.212687,47.161655,175.947806
8.233000,45.000000,0.000000,y_only_b_port,E2-E3,100.000000,388.021660,15.990713,15.990713,61.111111,-24.921150,0.000000,0.000000,0.000000
8.233000,45.000000,45.000000,y_only_b_port,E2-E3,100.000000,682.696286,12.180356,-347.819644,51.388889,-27.219850,49.800933,32.749584,160.961516
8.233000,45.000000,90.000000,y_only_b_port,E2-E3,100.000000,350.385877,8.214761,8.214761,56.944444,-20.857213,67.262196,47.593752,176.654416
8.233000,45.000000,135.000000,y_only_b_port,E2-E3,100.000000,507.349629,-17.260984,-17.260984,51.388889,-24.373452,66.572687,59.170451,129.449180
8.233000,45.000000,0.000000,y_only_b_port,E3-E4,100.000000,382.244013,-11.596798,348.403202,70.833333,-34.746828,0.000000,0.000000,0.000000
8.233000,45.000000,45.000000,y_only_b_port,E3-E4,100.000000,363.979279,-7.506173,352.493827,81.944444,-34.118689,45.192720,30.149297,132.408642
8.233000,45.000000,90.000000,y_only_b_port,E3-E4,100.000000,360.000000,-1.965627,358.034373,83.333333,-21.522967,69.320286,48.072080,178.925306
8.233000,45.000000,135.000000,y_only_b_port,E3-E4,100.000000,395.036910,50.839337,50.839337,54.166667,-31.483170,64.883774,53.192139,173.038988
8.233000,45.000000,0.000000,y_only_b_port,E4-E1,100.000000,720.000000,7.617538,-712.382462,79.166667,-34.958991,0.000000,0.000000,0.000000
8.233000,45.000000,45.000000,y_only_b_port,E4-E1,100.000000,363.833538,10.896050,10.896050,55.555556,-34.118689,63.998596,38.836869,178.667204
8.233000,45.000000,90.000000,y_only_b_port,E4-E1,100.000000,360.000000,13.432251,-346.567749,68.055556,-21.522967,65.268958,43.677343,176.496701
8.233000,45.000000,135.000000,y_only_b_port,E4-E1,98.630137,375.203380,-8.216346,-368.216346,66.197183,-37.682585,88.852716,71.380228,176.742836
8.233000,60.000000,0.000000,y_only_b_port,E1-E3,100.000000,412.504128,1.008294,361.008294,79.166667,-34.788422,0.000000,0.000000,0.000000
8.233000,60.000000,45.000000,y_only_b_port,E1-E3,100.000000,529.194062,-5.523533,-365.523533,52.777778,-28.083285,69.622409,48.968728,171.408553
8.233000,60.000000,90.000000,y_only_b_port,E1-E3,100.000000,195.047793,-17.284161,-17.284161,54.166667,-28.159071,88.610827,69.397131,179.541507
8.233000,60.000000,135.000000,y_only_b_port,E1-E3,100.000000,720.000000,15.765666,735.765666,100.000000,-19.882868,72.241400,54.253847,176.313558
8.233000,60.000000,0.000000,y_only_b_port,E2-E4,100.000000,360.000000,4.363428,364.363428,73.611111,-27.937787,0.000000,0.000000,0.000000
8.233000,60.000000,45.000000,y_only_b_port,E2-E4,100.000000,568.200576,4.965776,4.965776,69.444444,-33.797221,31.660317,19.769543,159.820327
8.233000,60.000000,90.000000,y_only_b_port,E2-E4,100.000000,425.331538,8.203603,368.203603,76.388889,-27.277084,69.002593,50.988557,161.082723
8.233000,60.000000,135.000000,y_only_b_port,E2-E4,100.000000,573.306489,8.133071,368.133071,70.833333,-32.951723,64.910489,43.565551,176.661640
8.233000,60.000000,0.000000,y_only_b_port,E1-E2,100.000000,550.937524,-13.409024,346.590976,69.444444,-27.131423,0.000000,0.000000,0.000000
8.233000,60.000000,45.000000,y_only_b_port,E1-E2,100.000000,316.829801,-16.645057,-16.645057,77.777778,-28.399792,52.581406,31.222353,179.416552
8.233000,60.000000,90.000000,y_only_b_port,E1-E2,100.000000,258.506441,-22.646925,-22.646925,55.555556,-27.807198,63.956543,45.877517,178.610251
8.233000,60.000000,135.000000,y_only_b_port,E1-E2,100.000000,245.042183,-7.721830,-7.721830,66.666667,-29.254306,42.817237,29.605297,109.129090
8.233000,60.000000,0.000000,y_only_b_port,E2-E3,98.630137,403.442085,14.417318,14.417318,70.422535,-35.219578,0.000000,0.000000,0.000000
8.233000,60.000000,45.000000,y_only_b_port,E2-E3,100.000000,685.704220,11.121524,-348.878476,56.944444,-26.477544,46.152667,29.223620,164.229586
8.233000,60.000000,90.000000,y_only_b_port,E2-E3,100.000000,374.921744,5.362764,5.362764,51.388889,-27.703340,69.530612,49.874699,177.310600
8.233000,60.000000,135.000000,y_only_b_port,E2-E3,100.000000,400.379494,23.487496,383.487496,72.222222,-28.459995,65.041407,40.584829,178.872790
8.233000,60.000000,0.000000,y_only_b_port,E3-E4,98.630137,360.000000,-10.053890,349.946110,85.915493,-35.303604,0.000000,0.000000,0.000000
8.233000,60.000000,45.000000,y_only_b_port,E3-E4,100.000000,360.000000,-6.155748,353.844252,91.666667,-33.783520,53.821521,34.723833,175.697843
8.233000,60.000000,90.000000,y_only_b_port,E3-E4,100.000000,360.000000,2.840838,362.840838,86.111111,-27.703340,83.084765,58.901589,177.829133
8.233000,60.000000,135.000000,y_only_b_port,E3-E4,100.000000,300.550021,-15.354425,-15.354425,54.166667,-24.007448,55.971279,38.266738,165.063885
8.233000,60.000000,0.000000,y_only_b_port,E4-E1,100.000000,720.000000,9.045596,-710.954404,91.666667,-27.937787,0.000000,0.000000,0.000000
8.233000,60.000000,45.000000,y_only_b_port,E4-E1,100.000000,349.335786,11.679281,11.679281,58.333333,-33.783520,58.448826,36.755672,170.173104
8.233000,60.000000,90.000000,y_only_b_port,E4-E1,100.000000,360.000000,14.443323,-345.556677,63.888889,-20.724335,64.510916,45.195794,153.584197
8.233000,60.000000,135.000000,y_only_b_port,E4-E1,100.000000,720.000000,-0.411241,-720.411241,86.111111,-24.007448,76.628187,53.326894,169.817410
8.233000,75.000000,0.000000,y_only_b_port,E1-E3,97.260274,179.562717,-1.308088,-1.308088,88.571429,-40.233076,0.000000,0.000000,0.000000
8.233000,75.000000,45.000000,y_only_b_port,E1-E3,98.630137,386.835175,-8.027425,-8.027425,73.239437,-39.801661,52.937762,33.368429,169.678410
8.233000,75.000000,90.000000,y_only_b_port,E1-E3,100.000000,278.067449,-30.509422,-30.509422,58.333333,-32.113580,112.807251,93.383329,179.941256
8.233000,75.000000,135.000000,y_only_b_port,E1-E3,100.000000,720.000000,8.467599,728.467599,100.000000,-29.316018,68.398516,49.364330,179.448715
8.233000,75.000000,0.000000,y_only_b_port,E2-E4,100.000000,360.000000,4.477109,364.477109,75.000000,-34.050616,0.000000,0.000000,0.000000
8.233000,75.000000,45.000000,y_only_b_port,E2-E4,98.630137,360.000000,5.421698,365.421698,70.422535,-40.039528,19.217249,13.480619,55.334136
8.233000,75.000000,90.000000,y_only_b_port,E2-E4,100.000000,422.251313,15.690192,375.690192,66.666667,-27.888869,69.032123,52.381593,173.414864
8.233000,75.000000,135.000000,y_only_b_port,E2-E4,98.630137,1080.000000,4.892924,1084.892924,81.690141,-38.793305,39.240094,24.291676,161.697614
8.233000,75.000000,0.000000,y_only_b_port,E1-E2,98.630137,334.556413,-14.536293,-14.536293,70.422535,-36.453783,0.000000,0.000000,0.000000
8.233000,75.000000,45.000000,y_only_b_port,E1-E2,98.630137,405.566569,-17.919611,-17.919611,78.873239,-40.169698,49.811572,23.039522,178.193486
8.233000,75.000000,90.000000,y_only_b_port,E1-E2,100.000000,370.413748,-28.899117,-28.899117,55.555556,-32.113580,86.338198,63.032473,179.224593
8.233000,75.000000,135.000000,y_only_b_port,E1-E2,100.000000,246.092766,-10.050992,-10.050992,58.333333,-26.824506,52.258365,30.961081,155.938281
8.233000,75.000000,0.000000,y_only_b_port,E2-E3,98.630137,394.043647,13.228205,13.228205,73.239437,-40.826572,0.000000,0.000000,0.000000
8.233000,75.000000,45.000000,y_only_b_port,E2-E3,98.630137,485.534882,9.892186,9.892186,70.422535,-35.187225,34.064641,18.820084,126.825198
8.233000,75.000000,90.000000,y_only_b_port,E2-E3,100.000000,461.790861,-1.610305,-1.610305,52.777778,-26.919667,67.417335,51.192802,156.540341
8.233000,75.000000,135.000000,y_only_b_port,E2-E3,100.000000,720.000000,18.518591,738.518591,83.333333,-30.435971,52.324242,28.821052,179.645792
8.233000,75.000000,0.000000,y_only_b_port,E3-E4,98.630137,360.000000,-8.751097,351.248903,87.323944,-40.863301,0.000000,0.000000,0.000000
8.233000,75.000000,45.000000,y_only_b_port,E3-E4,97.260274,388.105233,-4.470488,355.529512,81.428571,-39.960033,43.837151,26.752115,140.210645
8.233000,75.000000,90.000000,y_only_b_port,E3-E4,100.000000,512.050561,17.300497,377.300497,68.055556,-27.564307,93.318166,71.350300,179.967237
8.233000,75.000000,135.000000,y_only_b_port,E3-E4,98.630137,360.000000,-13.625666,346.374334,66.197183,-38.793305,44.071290,29.195390,160.914092
8.233000,75.000000,0.000000,y_only_b_port,E4-E1,98.630137,720.000000,10.059185,-709.940815,95.774648,-36.490512,0.000000,0.000000,0.000000
8.233000,75.000000,45.000000,y_only_b_port,E4-E1,98.630137,352.851146,12.497913,12.497913,69.014085,-40.090203,43.073963,22.403684,147.494574
8.233000,75.000000,90.000000,y_only_b_port,E4-E1,100.000000,404.790763,13.208924,-346.791076,70.833333,-32.113580,67.165419,44.322881,178.662542
8.233000,75.000000,135.000000,y_only_b_port,E4-E1,98.630137,720.000000,5.158068,-714.841932,98.591549,-38.793305,51.696772,27.784647,174.048827
8.233000,90.000000,0.000000,y_only_b_port,E1-E3,100.000000,108.537638,-3.389878,-3.389878,79.166667,-30.163973,0.000000,0.000000,0.000000
8.233000,90.000000,45.000000,y_only_b_port,E1-E3,100.000000,481.848800,-11.466623,-371.466623,73.611111,-28.597505,76.140276,52.596971,177.499592
8.233000,90.000000,90.000000,y_only_b_port,E1-E3,100.000000,427.930549,-42.622991,317.377009,83.333333,-21.232449,133.232354,122.207025,178.526115
8.233000,90.000000,135.000000,y_only_b_port,E1-E3,100.000000,491.465412,3.979260,363.979260,81.944444,-32.867655,64.092212,44.021399,174.849916
8.233000,90.000000,0.000000,y_only_b_port,E2-E4,98.630137,360.000000,4.674184,364.674184,76.056338,-36.163524,0.000000,0.000000,0.000000
8.233000,90.000000,45.000000,y_only_b_port,E2-E4,100.000000,363.783732,6.249134,366.249134,77.777778,-34.192789,9.568249,7.076467,32.959746
8.233000,90.000000,90.000000,y_only_b_port,E2-E4,100.000000,523.270587,33.578353,33.578353,54.166667,-23.776480,81.981472,58.890555,179.221154
8.233000,90.000000,135.000000,y_only_b_port,E2-E4,100.000000,720.000000,4.393915,724.393915,84.722222,-29.838757,18.376569,8.583645,129.439016
8.233000,90.000000,0.000000,y_only_b_port,E1-E2,100.000000,350.670188,-15.570234,-15.570234,70.833333,-28.515953,0.000000,0.000000,0.000000
8.233000,90.000000,45.000000,y_only_b_port,E1-E2,100.000000,320.261974,-19.681385,-19.681385,68.055556,-28.734378,41.649990,24.047649,130.683079
8.233000,90.000000,90.000000,y_only_b_port,E1-E2,100.000000,509.452341,-25.362007,334.637993,63.888889,-23.905148,91.413246,72.353439,179.802921
8.233000,90.000000,135.000000,y_only_b_port,E1-E2,100.000000,262.210855,-12.011453,-12.011453,58.333333,-27.180847,55.325107,31.809967,175.266914
8.233000,90.000000,0.000000,y_only_b_port,E2-E3,100.000000,343.118041,12.180356,12.180356,76.388889,-30.830705,0.000000,0.000000,0.000000
8.233000,90.000000,45.000000,y_only_b_port,E2-E3,100.000000,620.295342,8.214761,-351.785239,50.000000,-25.768865,54.867584,31.593250,178.415638
8.233000,90.000000,90.000000,y_only_b_port,E2-E3,100.000000,465.031253,-17.260984,-17.260984,50.000000,-22.741455,66.003646,56.494863,115.760405
8.233000,90.000000,135.000000,y_only_b_port,E2-E3,100.000000,360.000000,15.990713,375.990713,77.777778,-33.578273,31.829018,19.027426,128.842123
8.233000,90.000000,0.000000,y_only_b_port,E3-E4,98.630137,360.000000,-7.506173,352.493827,81.690141,-36.163524,0.000000,0.000000,0.000000
8.233000,90.000000,45.000000,y_only_b_port,E3-E4,100.000000,720.000000,-1.965627,718.034373,93.055556,-34.055917,55.503911,33.381162,170.478273
8.233000,90.000000,90.000000,y_only_b_port,E3-E4,100.000000,240.477556,50.839337,50.839337,56.944444,-27.234201,106.853780,95.445880,176.655072
8.233000,90.000000,135.000000,y_only_b_port,E3-E4,100.000000,360.000000,-11.596798,348.403202,83.333333,-33.825672,32.644676,19.169730,152.216140
8.233000,90.000000,0.000000,y_only_b_port,E4-E1,98.630137,360.000000,10.896050,-349.103950,90.140845,-36.163524,0.000000,0.000000,0.000000
8.233000,90.000000,45.000000,y_only_b_port,E4-E1,100.000000,360.000000,13.432251,-346.567749,88.888889,-33.871095,35.753359,19.817078,117.415020
8.233000,90.000000,90.000000,y_only_b_port,E4-E1,100.000000,360.000000,-8.216346,-368.216346,61.111111,-28.397894,44.346856,37.870570,91.524309
8.233000,90.000000,135.000000,y_only_b_port,E4-E1,100.000000,720.000000,7.617538,-712.382462,94.444444,-29.838757,48.419330,25.558354,175.754474
8.233000,45.000000,0.000000,dualpol_vector_correlation,E1-E3,100.000000,491.491215,6.588686,6.588686,65.277778,-25.231284,0.000000,0.000000,0.000000
8.233000,45.000000,45.000000,dualpol_vector_correlation,E1-E3,100.000000,285.516140,-2.885368,-2.885368,52.777778,-21.683214,53.816349,37.157330,162.450016
8.233000,45.000000,90.000000,dualpol_vector_correlation,E1-E3,100.000000,428.578470,-1.708117,358.291883,73.611111,-21.066625,69.642733,50.933516,175.686670
8.233000,45.000000,135.000000,dualpol_vector_correlation,E1-E3,100.000000,720.000000,7.695855,727.695855,90.277778,-18.683139,55.098714,33.728657,168.544777
8.233000,45.000000,0.000000,dualpol_vector_correlation,E2-E4,100.000000,738.338650,6.978321,-353.021679,61.111111,-22.164755,0.000000,0.000000,0.000000
8.233000,45.000000,45.000000,dualpol_vector_correlation,E2-E4,100.000000,360.000000,3.914713,363.914713,84.722222,-20.327442,52.984949,33.993002,166.407857
8.233000,45.000000,90.000000,dualpol_vector_correlation,E2-E4,100.000000,430.634400,1.040244,361.040244,75.000000,-21.915535,69.452562,48.994044,172.200889
8.233000,45.000000,135.000000,dualpol_vector_correlation,E2-E4,100.000000,639.337876,4.170834,-355.829166,50.000000,-20.752459,54.872408,37.073947,164.761978
8.233000,45.000000,0.000000,dualpol_vector_correlation,E1-E2,100.000000,349.369504,-0.236828,-0.236828,55.555556,-18.285815,0.000000,0.000000,0.000000
8.233000,45.000000,45.000000,dualpol_vector_correlation,E1-E2,100.000000,367.467099,-14.584655,-374.584655,77.777778,-21.976212,55.280894,35.766343,178.086299
8.233000,45.000000,90.000000,dualpol_vector_correlation,E1-E2,100.000000,363.273115,-1.112851,358.887149,59.722222,-16.480970,73.045246,36.704486,179.418415
8.233000,45.000000,135.000000,dualpol_vector_correlation,E1-E2,100.000000,365.561304,13.220991,373.220991,79.166667,-20.760151,56.922157,36.444566,173.398086
8.233000,45.000000,0.000000,dualpol_vector_correlation,E2-E3,100.000000,401.753833,6.307619,6.307619,69.444444,-25.231284,0.000000,0.000000,0.000000
8.233000,45.000000,45.000000,dualpol_vector_correlation,E2-E3,100.000000,431.916992,11.858953,371.858953,68.055556,-20.327442,58.627403,35.639459,166.541889
8.233000,45.000000,90.000000,dualpol_vector_correlation,E2-E3,100.000000,360.000000,-0.119431,359.880569,72.222222,-21.075242,44.846158,28.995054,167.181577
8.233000,45.000000,135.000000,dualpol_vector_correlation,E2-E3,100.000000,374.121657,-5.932357,-5.932357,62.500000,-20.752459,31.475519,22.375093,83.737276
8.233000,45.000000,0.000000,dualpol_vector_correlation,E3-E4,100.000000,721.779722,-0.243351,719.756649,76.388889,-25.231284,0.000000,0.000000,0.000000
8.233000,45.000000,45.000000,dualpol_vector_correlation,E3-E4,100.000000,364.841444,-7.939278,352.060722,80.555556,-18.071294,46.523544,32.435482,115.014430
8.233000,45.000000,90.000000,dualpol_vector_correlation,E3-E4,100.000000,178.909294,1.647840,1.647840,59.722222,-21.906918,81.950766,45.598562,177.333620
8.233000,45.000000,135.000000,dualpol_vector_correlation,E3-E4,100.000000,361.149531,9.823937,-350.176063,81.944444,-17.875038,54.792763,38.675693,160.296375
8.233000,45.000000,0.000000,dualpol_vector_correlation,E4-E1,100.000000,404.808505,-5.406789,-5.406789,72.222222,-22.158621,0.000000,0.000000,0.000000
8.233000,45.000000,45.000000,dualpol_vector_correlation,E4-E1,100.000000,360.000000,11.034233,-348.965767,68.055556,-21.793406,35.788586,25.623439,130.437080
8.233000,45.000000,90.000000,dualpol_vector_correlation,E4-E1,100.000000,360.000000,-0.693560,-360.693560,72.222222,-21.791698,46.108214,27.899045,163.748895
8.233000,45.000000,135.000000,dualpol_vector_correlation,E4-E1,100.000000,414.349291,-17.378541,-377.378541,68.055556,-18.683139,60.511670,36.639120,176.181468
8.233000,60.000000,0.000000,dualpol_vector_correlation,E1-E3,100.000000,280.022908,3.419638,3.419638,72.222222,-28.516647,0.000000,0.000000,0.000000
8.233000,60.000000,45.000000,dualpol_vector_correlation,E1-E3,100.000000,538.641929,-4.270739,-364.270739,51.388889,-24.252641,58.860179,41.167308,170.567862
8.233000,60.000000,90.000000,dualpol_vector_correlation,E1-E3,100.000000,178.037350,1.527262,1.527262,54.166667,-23.986830,76.855503,55.412053,173.474192
8.233000,60.000000,135.000000,dualpol_vector_correlation,E1-E3,100.000000,720.000000,9.016089,729.016089,95.833333,-24.092085,57.603190,36.109742,171.552567
8.233000,60.000000,0.000000,dualpol_vector_correlation,E2-E4,100.000000,360.000000,6.481583,366.481583,75.000000,-20.551245,0.000000,0.000000,0.000000
8.233000,60.000000,45.000000,dualpol_vector_correlation,E2-E4,100.000000,360.000000,2.482831,362.482831,83.333333,-18.729073,54.657028,31.584070,176.851530
8.233000,60.000000,90.000000,dualpol_vector_correlation,E2-E4,100.000000,720.000000,1.462558,721.462558,86.111111,-18.793692,65.048615,42.057972,171.774333
8.233000,60.000000,135.000000,dualpol_vector_correlation,E2-E4,100.000000,400.341223,5.677132,5.677132,58.333333,-18.897770,65.757182,43.129229,168.700399
8.233000,60.000000,0.000000,dualpol_vector_correlation,E1-E2,100.000000,307.865208,-7.184944,-7.184944,76.388889,-20.551245,0.000000,0.000000,0.000000
8.233000,60.000000,45.000000,dualpol_vector_correlation,E1-E2,100.000000,360.000000,-13.162669,-373.162669,87.500000,-24.663176,43.496724,25.536631,160.109691
8.233000,60.000000,90.000000,dualpol_vector_correlation,E1-E2,100.000000,360.000000,6.186242,-353.813758,77.777778,-17.922761,61.971006,38.829446,171.431195
8.233000,60.000000,135.000000,dualpol_vector_correlation,E1-E2,100.000000,245.767293,11.459315,11.459315,54.166667,-18.897770,54.697540,32.788746,174.426920
8.233000,60.000000,0.000000,dualpol_vector_correlation,E2-E3,100.000000,422.274059,10.280762,10.280762,70.833333,-28.549410,0.000000,0.000000,0.000000
8.233000,60.000000,45.000000,dualpol_vector_correlation,E2-E3,100.000000,384.583009,9.139621,9.139621,61.111111,-20.081710,58.648926,35.504607,178.304757
8.233000,60.000000,90.000000,dualpol_vector_correlation,E2-E3,100.000000,360.000000,-4.180242,355.819758,69.444444,-24.227839,55.990147,41.887539,171.301180
8.233000,60.000000,135.000000,dualpol_vector_correlation,E2-E3,100.000000,360.000000,-3.128291,356.871709,72.222222,-24.166964,59.725030,33.506859,179.599225
8.233000,60.000000,0.000000,dualpol_vector_correlation,E3-E4,100.000000,360.000000,-4.560708,355.439292,84.722222,-28.516647,0.000000,0.000000,0.000000
8.233000,60.000000,45.000000,dualpol_vector_correlation,E3-E4,100.000000,360.000000,-6.313860,353.686140,94.444444,-19.893386,51.119057,35.141325,164.131625
8.233000,60.000000,90.000000,dualpol_vector_correlation,E3-E4,100.000000,360.000000,5.994537,365.994537,81.944444,-23.999259,72.694281,48.777326,178.787818
8.233000,60.000000,135.000000,dualpol_vector_correlation,E3-E4,100.000000,297.035747,8.173385,8.173385,55.555556,-24.092085,50.279911,35.177709,157.231750
8.233000,60.000000,0.000000,dualpol_vector_correlation,E4-E1,100.000000,360.000000,2.065993,-357.934007,70.833333,-19.709938,0.000000,0.000000,0.000000
8.233000,60.000000,45.000000,dualpol_vector_correlation,E4-E1,100.000000,352.516433,10.388942,10.388942,65.277778,-24.474852,30.678171,20.838608,112.266537
8.233000,60.000000,90.000000,dualpol_vector_correlation,E4-E1,100.000000,360.000000,-8.327133,-368.327133,73.611111,-18.565112,41.216334,27.137232,110.328443
8.233000,60.000000,135.000000,dualpol_vector_correlation,E4-E1,100.000000,387.155196,-16.581470,-376.581470,73.611111,-18.044712,59.680211,37.407223,174.521557
8.233000,75.000000,0.000000,dualpol_vector_correlation,E1-E3,100.000000,363.208839,-0.059151,359.940849,83.333333,-24.725557,0.000000,0.000000,0.000000
8.233000,75.000000,45.000000,dualpol_vector_correlation,E1-E3,100.000000,448.542670,-3.837544,-363.837544,50.000000,-24.344785,54.797986,36.456801,152.950145
8.233000,75.000000,90.000000,dualpol_vector_correlation,E1-E3,100.000000,268.624419,4.970675,4.970675,52.777778,-23.346340,77.298898,53.693566,178.966864
8.233000,75.000000,135.000000,dualpol_vector_correlation,E1-E3,100.000000,720.000000,8.617606,728.617606,100.000000,-21.207989,48.843926,33.373976,172.239112
8.233000,75.000000,0.000000,dualpol_vector_correlation,E2-E4,100.000000,360.000000,5.365194,365.365194,75.000000,-22.106652,0.000000,0.000000,0.000000
8.233000,75.000000,45.000000,dualpol_vector_correlation,E2-E4,100.000000,379.123121,1.427508,361.427508,70.833333,-18.414925,48.656992,27.588737,174.196518
8.233000,75.000000,90.000000,dualpol_vector_correlation,E2-E4,100.000000,501.563986,2.612275,2.612275,59.722222,-17.012626,80.437030,52.925655,175.735805
8.233000,75.000000,135.000000,dualpol_vector_correlation,E2-E4,100.000000,469.452744,6.698802,366.698802,72.222222,-21.424644,57.427912,35.341767,163.584609
8.233000,75.000000,0.000000,dualpol_vector_correlation,E1-E2,100.000000,307.344799,-12.399782,-12.399782,75.000000,-22.106652,0.000000,0.000000,0.000000
8.233000,75.000000,45.000000,dualpol_vector_correlation,E1-E2,100.000000,309.217658,-8.286557,-8.286557,76.388889,-24.957844,34.963184,19.903814,152.361193
8.233000,75.000000,90.000000,dualpol_vector_correlation,E1-E2,100.000000,305.067903,11.383542,11.383542,65.277778,-17.732904,63.042707,39.622428,178.132004
8.233000,75.000000,135.000000,dualpol_vector_correlation,E1-E2,100.000000,279.652841,6.579706,6.579706,72.222222,-16.922693,51.224101,30.876999,177.166580
8.233000,75.000000,0.000000,dualpol_vector_correlation,E2-E3,100.000000,404.026651,12.277555,12.277555,70.833333,-25.110193,0.000000,0.000000,0.000000
8.233000,75.000000,45.000000,dualpol_vector_correlation,E2-E3,100.000000,403.790223,4.768444,4.768444,59.722222,-20.571652,54.903061,33.150410,177.625861
8.233000,75.000000,90.000000,dualpol_vector_correlation,E2-E3,100.000000,289.831023,-6.306629,-6.306629,55.555556,-23.742157,53.746616,38.817421,124.400391
8.233000,75.000000,135.000000,dualpol_vector_correlation,E2-E3,100.000000,360.000000,1.374884,361.374884,75.000000,-21.207989,48.396940,27.392174,166.258410
8.233000,75.000000,0.000000,dualpol_vector_correlation,E3-E4,100.000000,360.000000,-7.330430,352.669570,81.944444,-24.941014,0.000000,0.000000,0.000000
8.233000,75.000000,45.000000,dualpol_vector_correlation,E3-E4,100.000000,363.752404,-2.842472,357.157528,94.444444,-20.269015,52.239494,32.912325,179.030530
8.233000,75.000000,90.000000,dualpol_vector_correlation,E3-E4,100.000000,360.000000,9.004797,369.004797,70.833333,-23.373438,78.595762,50.564150,178.167803
8.233000,75.000000,135.000000,dualpol_vector_correlation,E3-E4,100.000000,279.234576,4.462420,4.462420,55.555556,-21.451201,39.627101,27.740850,100.512853
8.233000,75.000000,0.000000,dualpol_vector_correlation,E4-E1,100.000000,360.000000,8.046430,-351.953570,72.222222,-18.619186,0.000000,0.000000,0.000000
8.233000,75.000000,45.000000,dualpol_vector_correlation,E4-E1,100.000000,349.458697,6.179393,6.179393,68.055556,-24.655207,29.773214,16.873290,154.069796
8.233000,75.000000,90.000000,dualpol_vector_correlation,E4-E1,100.000000,360.000000,-14.427618,-374.427618,72.222222,-17.364184,35.629217,25.584550,98.336875
8.233000,75.000000,135.000000,dualpol_vector_correlation,E4-E1,100.000000,360.000000,-12.248260,-372.248260,75.000000,-21.148731,54.186489,33.377462,169.625815
8.233000,90.000000,0.000000,dualpol_vector_correlation,E1-E3,100.000000,379.689444,-2.885368,-362.885368,50.000000,-17.886842,0.000000,0.000000,0.000000
8.233000,90.000000,45.000000,dualpol_vector_correlation,E1-E3,100.000000,403.534276,-1.708117,-361.708117,80.555556,-21.708637,44.363131,27.521979,152.081333
8.233000,90.000000,90.000000,dualpol_vector_correlation,E1-E3,100.000000,365.273547,7.695855,367.695855,76.388889,-20.235259,79.070773,55.546617,178.575652
8.233000,90.000000,135.000000,dualpol_vector_correlation,E1-E3,100.000000,720.000000,6.588686,726.588686,88.888889,-20.968509,51.701427,34.994682,161.608732
8.233000,90.000000,0.000000,dualpol_vector_correlation,E2-E4,100.000000,720.000000,3.914713,723.914713,86.111111,-18.751717,0.000000,0.000000,0.000000
8.233000,90.000000,45.000000,dualpol_vector_correlation,E2-E4,100.000000,720.000000,1.040244,721.040244,76.388889,-18.300619,48.408158,27.306407,174.157387
8.233000,90.000000,90.000000,dualpol_vector_correlation,E2-E4,100.000000,513.920357,4.170834,4.170834,56.944444,-19.215923,81.611155,53.874254,176.812841
8.233000,90.000000,135.000000,dualpol_vector_correlation,E2-E4,100.000000,720.000000,6.978321,726.978321,81.944444,-21.887147,45.305412,26.838996,153.838891
8.233000,90.000000,0.000000,dualpol_vector_correlation,E1-E2,100.000000,331.475701,-14.584655,-14.584655,70.833333,-18.751717,0.000000,0.000000,0.000000
8.233000,90.000000,45.000000,dualpol_vector_correlation,E1-E2,100.000000,327.537190,-1.112851,-1.112851,65.277778,-22.377637,32.693354,20.906091,116.440868
8.233000,90.000000,90.000000,dualpol_vector_correlation,E1-E2,100.000000,326.093869,13.220991,13.220991,66.666667,-16.652752,54.209323,34.264235,175.980284
8.233000,90.000000,135.000000,dualpol_vector_correlation,E1-E2,100.000000,302.133934,-0.236828,-0.236828,70.833333,-17.560291,48.248668,30.933619,143.282251
8.233000,90.000000,0.000000,dualpol_vector_correlation,E2-E3,100.000000,360.000000,11.858953,371.858953,88.888889,-18.751717,0.000000,0.000000,0.000000
8.233000,90.000000,45.000000,dualpol_vector_correlation,E2-E3,100.000000,395.905800,-0.119431,-0.119431,62.500000,-17.913122,54.177285,29.282191,179.168971
8.233000,90.000000,90.000000,dualpol_vector_correlation,E2-E3,100.000000,267.790192,-5.932357,-5.932357,61.111111,-20.540932,49.193778,33.454980,144.005046
8.233000,90.000000,135.000000,dualpol_vector_correlation,E2-E3,100.000000,360.000000,6.307619,366.307619,75.000000,-21.046854,28.571316,18.889326,81.664705
8.233000,90.000000,0.000000,dualpol_vector_correlation,E3-E4,100.000000,360.000000,-7.939278,352.060722,81.944444,-18.410791,0.000000,0.000000,0.000000
8.233000,90.000000,45.000000,dualpol_vector_correlation,E3-E4,100.000000,360.000000,1.647840,361.647840,79.166667,-17.850093,46.061772,27.766888,160.370243
8.233000,90.000000,90.000000,dualpol_vector_correlation,E3-E4,100.000000,258.041516,9.823937,9.823937,61.111111,-20.235259,75.045257,49.430834,176.419633
8.233000,90.000000,135.000000,dualpol_vector_correlation,E3-E4,100.000000,301.747562,-0.243351,-0.243351,70.833333,-21.808802,44.184714,27.456202,141.491869
8.233000,90.000000,0.000000,dualpol_vector_correlation,E4-E1,100.000000,360.000000,11.034233,-348.965767,73.611111,-18.410791,0.000000,0.000000,0.000000
8.233000,90.000000,45.000000,dualpol_vector_correlation,E4-E1,100.000000,360.000000,-0.693560,-360.693560,69.444444,-21.927111,34.462970,22.813861,100.753321
8.233000,90.000000,90.000000,dualpol_vector_correlation,E4-E1,100.000000,307.683900,-17.378541,-17.378541,69.444444,-18.809285,52.256169,36.800032,169.799224
8.233000,90.000000,135.000000,dualpol_vector_correlation,E4-E1,100.000000,360.922192,-5.406789,-365.406789,75.000000,-21.768617,34.627038,23.373310,111.985880
8.233000,45.000000,0.000000,dualpol_known_pol_vector,E1-E3,100.000000,360.000000,8.968251,368.968251,72.222222,-30.017952,0.000000,0.000000,0.000000
8.233000,45.000000,45.000000,dualpol_known_pol_vector,E1-E3,100.000000,283.617839,-2.784381,-2.784381,54.166667,-28.785148,68.724093,51.117256,174.852853
8.233000,45.000000,90.000000,dualpol_known_pol_vector,E1-E3,100.000000,231.932325,-11.466623,-11.466623,52.777778,-19.729710,78.313211,62.426417,173.534494
8.233000,45.000000,135.000000,dualpol_known_pol_vector,E1-E3,100.000000,531.397720,0.754283,0.754283,62.500000,-31.980725,46.002390,30.633108,179.452107
8.233000,45.000000,0.000000,dualpol_known_pol_vector,E2-E4,100.000000,382.411376,10.041588,370.041588,65.277778,-31.042568,0.000000,0.000000,0.000000
8.233000,45.000000,45.000000,dualpol_known_pol_vector,E2-E4,100.000000,720.000000,9.547184,729.547184,87.500000,-33.893472,59.671640,45.635825,170.149921
8.233000,45.000000,90.000000,dualpol_known_pol_vector,E2-E4,100.000000,429.417173,6.249134,366.249134,75.000000,-21.526185,63.600549,47.350193,175.317562
8.233000,45.000000,135.000000,dualpol_known_pol_vector,E2-E4,100.000000,1051.360291,6.481199,-713.518801,58.333333,-25.983090,70.648525,44.907971,169.324584
8.233000,45.000000,0.000000,dualpol_known_pol_vector,E1-E2,100.000000,507.837304,11.262485,-348.737515,55.555556,-31.042568,0.000000,0.000000,0.000000
8.233000,45.000000,45.000000,dualpol_known_pol_vector,E1-E2,100.000000,360.337385,-16.925508,-376.925508,77.777778,-33.893472,62.284246,46.824399,179.461135
8.233000,45.000000,90.000000,dualpol_known_pol_vector,E1-E2,100.000000,206.250871,-19.681385,-19.681385,61.111111,-20.857213,76.779040,56.309971,179.711381
8.233000,45.000000,135.000000,dualpol_known_pol_vector,E1-E2,100.000000,378.398462,9.909216,369.909216,63.888889,-25.983090,60.042534,35.630933,176.487757
8.233000,45.000000,0.000000,dualpol_known_pol_vector,E2-E3,100.000000,720.000000,-2.294234,717.705766,80.555556,-32.603715,0.000000,0.000000,0.000000
8.233000,45.000000,45.000000,dualpol_known_pol_vector,E2-E3,100.000000,371.939076,14.141127,374.141127,70.833333,-34.635309,65.897666,40.233493,178.964025
8.233000,45.000000,90.000000,dualpol_known_pol_vector,E2-E3,100.000000,350.385877,8.214761,8.214761,56.944444,-20.857213,58.512923,41.512723,174.183201
8.233000,45.000000,135.000000,dualpol_known_pol_vector,E2-E3,100.000000,757.109554,-9.154933,-369.154933,51.388889,-32.088863,66.469590,45.331737,172.623726
8.233000,45.000000,0.000000,dualpol_known_pol_vector,E3-E4,100.000000,394.912434,12.335821,-347.664179,68.055556,-30.017952,0.000000,0.000000,0.000000
8.233000,45.000000,45.000000,dualpol_known_pol_vector,E3-E4,100.000000,360.000000,-4.593942,355.406058,87.500000,-28.785148,67.567267,50.217222,171.741520
8.233000,45.000000,90.000000,dualpol_known_pol_vector,E3-E4,100.000000,360.000000,-1.965627,358.034373,83.333333,-21.522967,81.974627,64.502045,176.876077
8.233000,45.000000,135.000000,dualpol_known_pol_vector,E3-E4,100.000000,391.351420,15.636132,-344.363868,68.055556,-31.980725,65.673277,47.445033,176.008551
8.233000,45.000000,0.000000,dualpol_known_pol_vector,E4-E1,100.000000,386.149253,-21.304072,-21.304072,59.722222,-24.334561,0.000000,0.000000,0.000000
8.233000,45.000000,45.000000,dualpol_known_pol_vector,E4-E1,100.000000,360.000000,7.378323,-352.621677,75.000000,-22.062001,40.052385,28.229481,167.731410
8.233000,45.000000,90.000000,dualpol_known_pol_vector,E4-E1,100.000000,360.000000,13.432251,-346.567749,68.055556,-21.522967,56.697316,38.819547,164.788064
8.233000,45.000000,135.000000,dualpol_known_pol_vector,E4-E1,100.000000,757.090174,-16.390415,343.609585,51.388889,-25.641820,53.931787,35.992572,154.740832
8.233000,60.000000,0.000000,dualpol_known_pol_vector,E1-E3,97.260274,360.000000,9.645482,369.645482,52.857143,-40.007800,0.000000,0.000000,0.000000
8.233000,60.000000,45.000000,dualpol_known_pol_vector,E1-E3,100.000000,249.474673,-10.010190,-10.010190,52.777778,-27.951225,54.877311,43.693326,154.720764
8.233000,60.000000,90.000000,dualpol_known_pol_vector,E1-E3,100.000000,195.047793,-17.284161,-17.284161,54.166667,-28.159071,73.517181,61.172396,179.162777
8.233000,60.000000,135.000000,dualpol_known_pol_vector,E1-E3,100.000000,306.639714,2.744778,2.744778,61.111111,-32.120482,71.846817,53.874391,174.017798
8.233000,60.000000,0.000000,dualpol_known_pol_vector,E2-E4,100.000000,1126.929495,13.717601,-706.282399,52.777778,-34.075568,0.000000,0.000000,0.000000
8.233000,60.000000,45.000000,dualpol_known_pol_vector,E2-E4,100.000000,363.965946,11.099201,371.099201,73.611111,-31.392743,72.353083,55.453346,174.025901
8.233000,60.000000,90.000000,dualpol_known_pol_vector,E2-E4,100.000000,425.331538,8.203603,368.203603,76.388889,-27.277084,59.259669,45.745228,172.114166
8.233000,60.000000,135.000000,dualpol_known_pol_vector,E2-E4,100.000000,1191.066574,10.941218,-709.058782,56.944444,-29.826453,81.051135,63.427040,174.142163
8.233000,60.000000,0.000000,dualpol_known_pol_vector,E1-E2,100.000000,511.083588,9.680960,369.680960,65.277778,-34.075568,0.000000,0.000000,0.000000
8.233000,60.000000,45.000000,dualpol_known_pol_vector,E1-E2,100.000000,372.432947,-28.891994,-28.891994,77.777778,-31.392743,65.586627,47.931949,177.102157
8.233000,60.000000,90.000000,dualpol_known_pol_vector,E1-E2,100.000000,258.506441,-22.646925,-22.646925,55.555556,-27.807198,82.498155,59.483393,178.776813
8.233000,60.000000,135.000000,dualpol_known_pol_vector,E1-E2,100.000000,525.079931,17.858425,377.858425,51.388889,-31.523999,73.971443,49.764068,170.887219
8.233000,60.000000,0.000000,dualpol_known_pol_vector,E2-E3,95.890411,482.621101,-0.035478,-0.035478,56.521739,-40.007800,0.000000,0.000000,0.000000
8.233000,60.000000,45.000000,dualpol_known_pol_vector,E2-E3,100.000000,458.860465,18.881804,18.881804,66.666667,-32.546126,64.639529,46.673161,178.008240
8.233000,60.000000,90.000000,dualpol_known_pol_vector,E2-E3,100.000000,374.921744,5.362764,5.362764,51.388889,-27.703340,73.767756,59.250038,168.770937
8.233000,60.000000,135.000000,dualpol_known_pol_vector,E2-E3,100.000000,648.993547,-15.113647,-375.113647,56.944444,-30.876636,78.970804,60.461109,174.483151
8.233000,60.000000,0.000000,dualpol_known_pol_vector,E3-E4,97.260274,842.828303,13.753079,-706.246921,51.428571,-40.007800,0.000000,0.000000,0.000000
8.233000,60.000000,45.000000,dualpol_known_pol_vector,E3-E4,100.000000,360.000000,-7.782603,352.217397,88.888889,-27.951225,59.209844,43.482026,161.926403
8.233000,60.000000,90.000000,dualpol_known_pol_vector,E3-E4,100.000000,360.000000,2.840838,362.840838,86.111111,-27.703340,74.309785,54.436552,171.144639
8.233000,60.000000,135.000000,dualpol_known_pol_vector,E3-E4,100.000000,645.960487,26.054866,-333.945134,51.388889,-30.876636,76.067700,60.197596,179.097323
8.233000,60.000000,0.000000,dualpol_known_pol_vector,E4-E1,100.000000,687.539592,-23.398561,336.601439,54.166667,-28.303013,0.000000,0.000000,0.000000
8.233000,60.000000,45.000000,dualpol_known_pol_vector,E4-E1,100.000000,360.000000,17.792793,-342.207207,75.000000,-20.686989,50.349524,36.504436,165.782937
8.233000,60.000000,90.000000,dualpol_known_pol_vector,E4-E1,100.000000,360.000000,14.443323,-345.556677,63.888889,-20.724335,59.126118,43.668437,164.211209
8.233000,60.000000,135.000000,dualpol_known_pol_vector,E4-E1,100.000000,834.764995,-28.799643,331.200357,51.388889,-31.091829,63.179985,42.578858,164.833344
8.233000,75.000000,0.000000,dualpol_known_pol_vector,E1-E3,98.630137,467.296788,11.986789,-348.013211,71.830986,-43.900569,0.000000,0.000000,0.000000
8.233000,75.000000,45.000000,dualpol_known_pol_vector,E1-E3,100.000000,272.121015,-30.584768,-30.584768,62.500000,-24.618951,74.005902,64.119541,170.155453
8.233000,75.000000,90.000000,dualpol_known_pol_vector,E1-E3,100.000000,278.067449,-30.509422,-30.509422,58.333333,-32.113580,76.780200,66.625326,176.316443
8.233000,75.000000,135.000000,dualpol_known_pol_vector,E1-E3,100.000000,360.000000,9.328863,369.328863,66.666667,-34.493493,72.742021,54.790815,179.679552
8.233000,75.000000,0.000000,dualpol_known_pol_vector,E2-E4,98.630137,621.608676,18.044770,18.044770,56.338028,-39.399798,0.000000,0.000000,0.000000
8.233000,75.000000,45.000000,dualpol_known_pol_vector,E2-E4,100.000000,430.164289,12.502803,372.502803,70.833333,-19.293378,77.024996,54.953979,179.726071
8.233000,75.000000,90.000000,dualpol_known_pol_vector,E2-E4,100.000000,422.251313,15.690192,375.690192,66.666667,-27.888869,47.722493,34.300630,174.829060
8.233000,75.000000,135.000000,dualpol_known_pol_vector,E2-E4,100.000000,517.475256,23.914343,23.914343,54.166667,-26.846325,76.523195,55.346840,179.984616
8.233000,75.000000,0.000000,dualpol_known_pol_vector,E1-E2,98.630137,720.000000,7.845696,-712.154304,81.690141,-39.399798,0.000000,0.000000,0.000000
8.233000,75.000000,45.000000,dualpol_known_pol_vector,E1-E2,100.000000,455.935599,-59.546469,-59.546469,72.222222,-23.460711,73.907238,55.523538,179.339277
8.233000,75.000000,90.000000,dualpol_known_pol_vector,E1-E2,100.000000,370.413748,-28.899117,-28.899117,55.555556,-32.113580,90.276705,67.879914,176.879349
8.233000,75.000000,135.000000,dualpol_known_pol_vector,E1-E2,100.000000,324.809741,38.785247,38.785247,54.166667,-26.846325,85.283274,67.870964,175.733409
8.233000,75.000000,0.000000,dualpol_known_pol_vector,E2-E3,97.260274,559.638490,4.141092,364.141092,57.142857,-43.900569,0.000000,0.000000,0.000000
8.233000,75.000000,45.000000,dualpol_known_pol_vector,E2-E3,100.000000,411.330416,28.961701,28.961701,56.944444,-20.243207,51.294996,36.704702,167.993979
8.233000,75.000000,90.000000,dualpol_known_pol_vector,E2-E3,100.000000,461.790861,-1.610305,-1.610305,52.777778,-26.919667,94.625430,79.939740,178.471169
8.233000,75.000000,135.000000,dualpol_known_pol_vector,E2-E3,100.000000,381.141957,-29.456384,330.543616,59.722222,-34.493493,95.611351,79.257915,176.352012
8.233000,75.000000,0.000000,dualpol_known_pol_vector,E3-E4,98.630137,362.561964,13.903678,13.903678,63.380282,-43.900569,0.000000,0.000000,0.000000
8.233000,75.000000,45.000000,dualpol_known_pol_vector,E3-E4,100.000000,380.648219,-16.458899,343.541101,87.500000,-20.451618,78.672643,65.220641,174.594301
8.233000,75.000000,90.000000,dualpol_known_pol_vector,E3-E4,100.000000,512.050561,17.300497,377.300497,68.055556,-27.564307,91.440598,76.539284,177.276288
8.233000,75.000000,135.000000,dualpol_known_pol_vector,E3-E4,100.000000,595.164164,53.370727,-306.629273,62.500000,-34.493493,64.872005,53.764058,176.941041
8.233000,75.000000,0.000000,dualpol_known_pol_vector,E4-E1,100.000000,971.972302,-25.890467,694.109533,59.722222,-22.653444,0.000000,0.000000,0.000000
8.233000,75.000000,45.000000,dualpol_known_pol_vector,E4-E1,100.000000,377.914910,47.043667,-312.956333,86.111111,-23.249602,61.686437,46.689759,170.354063
8.233000,75.000000,90.000000,dualpol_known_pol_vector,E4-E1,100.000000,404.790763,13.208924,-346.791076,70.833333,-32.113580,76.848928,58.405805,178.099528
8.233000,75.000000,135.000000,dualpol_known_pol_vector,E4-E1,100.000000,408.727405,-62.699590,-62.699590,54.166667,-24.012788,63.508725,45.488563,174.269656
8.233000,90.000000,0.000000,dualpol_known_pol_vector,E1-E3,100.000000,380.171809,21.488431,21.488431,61.111111,-25.476748,0.000000,0.000000,0.000000
8.233000,90.000000,45.000000,dualpol_known_pol_vector,E1-E3,98.630137,599.106201,-119.529329,-479.529329,74.647887,-41.602230,99.747301,86.889084,175.079269
8.233000,90.000000,90.000000,dualpol_known_pol_vector,E1-E3,100.000000,427.930549,-42.622991,317.377009,83.333333,-21.232449,83.134526,67.605091,177.788162
8.233000,90.000000,135.000000,dualpol_known_pol_vector,E1-E3,100.000000,720.000000,44.069431,764.069431,79.166667,-22.318539,70.178812,54.331347,177.202487
8.233000,90.000000,0.000000,dualpol_known_pol_vector,E2-E4,100.000000,815.125664,-42.077070,-402.077070,58.333333,-28.336848,0.000000,0.000000,0.000000
8.233000,90.000000,45.000000,dualpol_known_pol_vector,E2-E4,97.260274,415.354446,-27.644111,332.355889,50.000000,-46.625819,60.414958,41.475901,179.172705
8.233000,90.000000,90.000000,dualpol_known_pol_vector,E2-E4,100.000000,523.270587,33.578353,33.578353,54.166667,-23.776480,67.850213,52.735425,176.354315
8.233000,90.000000,135.000000,dualpol_known_pol_vector,E2-E4,100.000000,473.377264,47.209543,47.209543,51.388889,-30.613907,76.569164,63.167761,168.392369
8.233000,90.000000,0.000000,dualpol_known_pol_vector,E1-E2,100.000000,237.646930,20.933433,20.933433,52.777778,-25.476748,0.000000,0.000000,0.000000
8.233000,90.000000,45.000000,dualpol_known_pol_vector,E1-E2,100.000000,352.225972,-179.548758,-179.548758,51.388889,-26.291905,77.914207,60.513725,177.572913
8.233000,90.000000,90.000000,dualpol_known_pol_vector,E1-E2,100.000000,509.452341,-25.362007,334.637993,63.888889,-23.905148,86.291678,66.538780,178.686314
8.233000,90.000000,135.000000,dualpol_known_pol_vector,E1-E2,100.000000,311.676912,172.891402,172.891402,69.444444,-30.613907,96.588032,80.435884,178.695009
8.233000,90.000000,0.000000,dualpol_known_pol_vector,E2-E3,100.000000,353.187675,0.554998,0.554998,54.166667,-23.524535,0.000000,0.000000,0.000000
8.233000,90.000000,45.000000,dualpol_known_pol_vector,E2-E3,98.630137,753.774253,60.019430,-659.980570,70.422535,-41.602230,79.718031,60.827610,175.719834
8.233000,90.000000,90.000000,dualpol_known_pol_vector,E2-E3,100.000000,465.031253,-17.260984,-17.260984,50.000000,-22.741455,84.770201,76.571143,171.460238
8.233000,90.000000,135.000000,dualpol_known_pol_vector,E2-E3,100.000000,399.667040,-128.821971,231.178029,70.833333,-30.613907,104.738541,89.542034,179.218281
8.233000,90.000000,0.000000,dualpol_known_pol_vector,E3-E4,100.000000,640.814384,-42.632068,-42.632068,51.388889,-28.178184,0.000000,0.000000,0.000000
8.233000,90.000000,45.000000,dualpol_known_pol_vector,E3-E4,95.890411,517.194789,-87.663540,272.336460,78.260870,-49.196675,82.456919,64.076714,172.994340
8.233000,90.000000,90.000000,dualpol_known_pol_vector,E3-E4,100.000000,240.477556,50.839337,50.839337,56.944444,-27.234201,100.589512,90.591951,176.877646
8.233000,90.000000,135.000000,dualpol_known_pol_vector,E3-E4,100.000000,720.000000,176.031513,-543.968487,86.111111,-22.318539,97.351922,83.935921,175.551950
8.233000,90.000000,0.000000,dualpol_known_pol_vector,E4-E1,100.000000,638.091493,21.143637,381.143637,61.111111,-30.285405,0.000000,0.000000,0.000000
8.233000,90.000000,45.000000,dualpol_known_pol_vector,E4-E1,97.260274,430.139572,-152.807131,-152.807131,52.857143,-49.074525,96.107177,81.754602,177.079718
8.233000,90.000000,90.000000,dualpol_known_pol_vector,E4-E1,100.000000,360.000000,-8.216346,-368.216346,61.111111,-28.397894,72.948947,55.903154,175.198569
8.233000,90.000000,135.000000,dualpol_known_pol_vector,E4-E1,100.000000,347.808609,139.899055,139.899055,58.333333,-17.653797,82.799152,65.324211,169.563742
8.233000,45.000000,0.000000,dualpol_fixed_45deg_sum,E1-E3,95.890411,360.000000,6.308316,366.308316,78.260870,-38.208548,0.000000,0.000000,0.000000
8.233000,45.000000,45.000000,dualpol_fixed_45deg_sum,E1-E3,100.000000,283.617839,-2.784381,-2.784381,54.166667,-28.785148,67.054598,50.289291,160.549405
8.233000,45.000000,90.000000,dualpol_fixed_45deg_sum,E1-E3,98.630137,189.607533,-119.529329,-119.529329,59.154930,-36.741123,130.263474,125.093929,178.018201
8.233000,45.000000,135.000000,dualpol_fixed_45deg_sum,E1-E3,100.000000,720.000000,14.309043,734.309043,95.833333,-28.031209,66.833753,48.930529,176.109840
8.233000,45.000000,0.000000,dualpol_fixed_45deg_sum,E2-E4,100.000000,360.000000,6.322723,366.322723,77.777778,-34.120468,0.000000,0.000000,0.000000
8.233000,45.000000,45.000000,dualpol_fixed_45deg_sum,E2-E4,100.000000,720.000000,9.547184,729.547184,87.500000,-33.893472,72.305362,54.495983,175.273223
8.233000,45.000000,90.000000,dualpol_fixed_45deg_sum,E2-E4,100.000000,401.693118,-27.644111,332.355889,63.888889,-30.477832,128.827359,120.697221,179.569226
8.233000,45.000000,135.000000,dualpol_fixed_45deg_sum,E2-E4,100.000000,274.825745,1.786124,1.786124,54.166667,-28.191262,72.300572,55.281458,160.871520
8.233000,45.000000,0.000000,dualpol_fixed_45deg_sum,E1-E2,100.000000,34.478411,-0.308490,-0.308490,65.277778,-29.664746,0.000000,0.000000,0.000000
8.233000,45.000000,45.000000,dualpol_fixed_45deg_sum,E1-E2,100.000000,360.337385,-16.925508,-376.925508,77.777778,-33.893472,84.819838,63.461657,177.826032
8.233000,45.000000,90.000000,dualpol_fixed_45deg_sum,E1-E2,100.000000,121.198992,-179.548758,-179.548758,59.722222,-31.024577,174.035764,173.671858,179.884239
8.233000,45.000000,135.000000,dualpol_fixed_45deg_sum,E1-E2,100.000000,360.110553,16.410029,376.410029,80.555556,-28.031209,85.781728,63.972705,179.030996
8.233000,45.000000,0.000000,dualpol_fixed_45deg_sum,E2-E3,95.890411,360.000000,6.616806,366.616806,76.811594,-38.230184,0.000000,0.000000,0.000000
8.233000,45.000000,45.000000,dualpol_fixed_45deg_sum,E2-E3,100.000000,371.939076,14.141127,374.141127,70.833333,-34.635309,66.135069,39.993025,171.207841
8.233000,45.000000,90.000000,dualpol_fixed_45deg_sum,E2-E3,98.630137,473.904333,60.019430,420.019430,63.380282,-36.741123,63.231959,51.340689,168.794902
8.233000,45.000000,135.000000,dualpol_fixed_45deg_sum,E2-E3,100.000000,360.000000,-2.100986,357.899014,75.000000,-26.820391,41.516993,26.966539,127.957925
8.233000,45.000000,0.000000,dualpol_fixed_45deg_sum,E3-E4,95.890411,72.093367,-0.294083,-0.294083,63.768116,-38.208548,0.000000,0.000000,0.000000
8.233000,45.000000,45.000000,dualpol_fixed_45deg_sum,E3-E4,100.000000,360.000000,-4.593942,355.406058,87.500000,-28.785148,85.176680,64.257561,179.199579
8.233000,45.000000,90.000000,dualpol_fixed_45deg_sum,E3-E4,98.630137,139.061621,-87.663540,-87.663540,59.154930,-36.741123,166.193333,164.729391,179.853295
8.233000,45.000000,135.000000,dualpol_fixed_45deg_sum,E3-E4,100.000000,360.000000,3.887110,-356.112890,87.500000,-23.186038,79.739494,60.601185,175.436363
8.233000,45.000000,0.000000,dualpol_fixed_45deg_sum,E4-E1,100.000000,360.000000,-6.014232,-366.014232,80.555556,-33.934409,0.000000,0.000000,0.000000
8.233000,45.000000,45.000000,dualpol_fixed_45deg_sum,E4-E1,100.000000,360.000000,7.378323,-352.621677,75.000000,-22.062001,48.004538,30.559184,136.402166
8.233000,45.000000,90.000000,dualpol_fixed_45deg_sum,E4-E1,100.000000,135.871365,-152.807131,-152.807131,59.722222,-31.583697,77.955937,63.477010,179.478132
8.233000,45.000000,135.000000,dualpol_fixed_45deg_sum,E4-E1,100.000000,367.457513,-18.196153,-378.196153,75.000000,-28.748434,67.465450,42.003768,177.866028
8.233000,60.000000,0.000000,dualpol_fixed_45deg_sum,E1-E3,100.000000,360.000000,3.973844,363.973844,91.666667,-32.435092,0.000000,0.000000,0.000000
8.233000,60.000000,45.000000,dualpol_fixed_45deg_sum,E1-E3,100.000000,249.474673,-10.010190,-10.010190,52.777778,-27.951225,70.049571,51.071184,177.090305
8.233000,60.000000,90.000000,dualpol_fixed_45deg_sum,E1-E3,100.000000,720.000000,30.821688,750.821688,72.222222,-28.255606,115.635146,101.678366,177.933356
8.233000,60.000000,135.000000,dualpol_fixed_45deg_sum,E1-E3,98.630137,720.000000,11.065953,731.065953,100.000000,-35.346961,60.562496,41.439950,169.403433
8.233000,60.000000,0.000000,dualpol_fixed_45deg_sum,E2-E4,100.000000,720.000000,7.316800,727.316800,83.333333,-33.573317,0.000000,0.000000,0.000000
8.233000,60.000000,45.000000,dualpol_fixed_45deg_sum,E2-E4,100.000000,363.965946,11.099201,371.099201,73.611111,-31.392743,66.579169,46.467089,179.066340
8.233000,60.000000,90.000000,dualpol_fixed_45deg_sum,E2-E4,100.000000,193.692534,-14.830844,-14.830844,55.555556,-16.569150,109.389432,96.205575,179.500955
8.233000,60.000000,135.000000,dualpol_fixed_45deg_sum,E2-E4,100.000000,475.144495,3.857971,363.857971,77.777778,-29.753748,69.244833,49.594539,178.756002
8.233000,60.000000,0.000000,dualpol_fixed_45deg_sum,E1-E2,100.000000,201.676480,-4.779922,-4.779922,72.222222,-28.024661,0.000000,0.000000,0.000000
8.233000,60.000000,45.000000,dualpol_fixed_45deg_sum,E1-E2,100.000000,372.432947,-28.891994,-28.891994,77.777778,-31.392743,65.016194,48.346768,177.155513
8.233000,60.000000,90.000000,dualpol_fixed_45deg_sum,E1-E2,100.000000,378.016829,59.969113,419.969113,80.555556,-16.112255,125.451738,116.490320,178.194274
8.233000,60.000000,135.000000,dualpol_fixed_45deg_sum,E1-E2,98.630137,227.245613,9.345969,9.345969,60.563380,-35.346961,64.917494,43.948657,174.726656
8.233000,60.000000,0.000000,dualpol_fixed_45deg_sum,E2-E3,100.000000,360.000000,8.753766,368.753766,80.555556,-32.435092,0.000000,0.000000,0.000000
8.233000,60.000000,45.000000,dualpol_fixed_45deg_sum,E2-E3,100.000000,458.860465,18.881804,18.881804,66.666667,-32.546126,60.889269,38.842895,173.154398
8.233000,60.000000,90.000000,dualpol_fixed_45deg_sum,E2-E3,100.000000,360.000000,-29.147425,330.852575,65.277778,-27.578217,57.762921,44.669168,136.967778
8.233000,60.000000,135.000000,dualpol_fixed_45deg_sum,E2-E3,100.000000,720.000000,1.719984,721.719984,87.500000,-29.566231,57.600299,32.079920,162.834879
8.233000,60.000000,0.000000,dualpol_fixed_45deg_sum,E3-E4,100.000000,360.000000,-1.436966,358.563034,77.777778,-33.828518,0.000000,0.000000,0.000000
8.233000,60.000000,45.000000,dualpol_fixed_45deg_sum,E3-E4,100.000000,360.000000,-7.782603,352.217397,88.888889,-27.951225,69.494135,52.965989,175.287575
8.233000,60.000000,90.000000,dualpol_fixed_45deg_sum,E3-E4,100.000000,367.618434,14.316581,-345.683419,72.222222,-28.712501,110.831089,97.307407,179.563356
8.233000,60.000000,135.000000,dualpol_fixed_45deg_sum,E3-E4,100.000000,418.859164,2.137987,-357.862013,50.000000,-29.089259,64.936790,48.999169,164.764174
8.233000,60.000000,0.000000,dualpol_fixed_45deg_sum,E4-E1,100.000000,720.000000,-2.536878,-722.536878,90.277778,-33.143732,0.000000,0.000000,0.000000
8.233000,60.000000,45.000000,dualpol_fixed_45deg_sum,E4-E1,100.000000,360.000000,17.792793,-342.207207,75.000000,-20.686989,47.035080,30.511441,149.002221
8.233000,60.000000,90.000000,dualpol_fixed_45deg_sum,E4-E1,100.000000,360.000000,-45.138269,-405.138269,66.666667,-11.835189,55.151536,45.451989,176.449317
8.233000,60.000000,135.000000,dualpol_fixed_45deg_sum,E4-E1,98.630137,360.000000,-13.203940,-373.203940,71.830986,-35.346961,60.784027,36.473534,176.018269
8.233000,75.000000,0.000000,dualpol_fixed_45deg_sum,E1-E3,100.000000,360.000000,1.182715,361.182715,94.444444,-27.944724,0.000000,0.000000,0.000000
8.233000,75.000000,45.000000,dualpol_fixed_45deg_sum,E1-E3,100.000000,272.121015,-30.584768,-30.584768,62.500000,-24.618951,78.615423,60.101088,177.007183
8.233000,75.000000,90.000000,dualpol_fixed_45deg_sum,E1-E3,100.000000,388.113234,19.455786,379.455786,66.666667,-25.342795,100.034608,81.535002,177.628003
8.233000,75.000000,135.000000,dualpol_fixed_45deg_sum,E1-E3,97.260274,164.650922,8.563193,8.563193,78.571429,-47.481569,53.817752,31.555598,176.179153
8.233000,75.000000,0.000000,dualpol_fixed_45deg_sum,E2-E4,100.000000,720.000000,8.345474,728.345474,83.333333,-25.201221,0.000000,0.000000,0.000000
8.233000,75.000000,45.000000,dualpol_fixed_45deg_sum,E2-E4,100.000000,430.164289,12.502803,372.502803,70.833333,-19.293378,56.813662,36.183049,169.727377
8.233000,75.000000,90.000000,dualpol_fixed_45deg_sum,E2-E4,100.000000,421.846351,-2.268025,-2.268025,58.333333,-21.455805,90.454337,70.163694,179.415697
8.233000,75.000000,135.000000,dualpol_fixed_45deg_sum,E2-E4,98.630137,360.000000,5.233050,365.233050,66.197183,-40.110107,49.535392,30.941709,151.592308
8.233000,75.000000,0.000000,dualpol_fixed_45deg_sum,E1-E2,100.000000,284.477531,-9.928601,-9.928601,70.833333,-27.639658,0.000000,0.000000,0.000000
8.233000,75.000000,45.000000,dualpol_fixed_45deg_sum,E1-E2,100.000000,455.935599,-59.546469,-59.546469,72.222222,-23.460711,58.519550,43.725448,178.763983
8.233000,75.000000,90.000000,dualpol_fixed_45deg_sum,E1-E2,100.000000,484.392687,28.565761,388.565761,58.333333,-20.825805,87.857440,69.964492,177.944248
8.233000,75.000000,135.000000,dualpol_fixed_45deg_sum,E1-E2,98.630137,312.883885,4.170384,4.170384,71.830986,-35.662358,48.403856,28.432721,152.169636
8.233000,75.000000,0.000000,dualpol_fixed_45deg_sum,E2-E3,100.000000,360.000000,11.111315,371.111315,81.944444,-26.945356,0.000000,0.000000,0.000000
8.233000,75.000000,45.000000,dualpol_fixed_45deg_sum,E2-E3,100.000000,411.330416,28.961701,28.961701,56.944444,-20.243207,56.427418,37.624801,174.278506
8.233000,75.000000,90.000000,dualpol_fixed_45deg_sum,E2-E3,100.000000,307.635243,-9.109976,-9.109976,52.777778,-24.365072,71.926730,50.734306,169.923637
8.233000,75.000000,135.000000,dualpol_fixed_45deg_sum,E2-E3,98.630137,349.003912,4.392810,4.392810,74.647887,-47.600580,35.715766,21.798491,117.467507
8.233000,75.000000,0.000000,dualpol_fixed_45deg_sum,E3-E4,100.000000,360.000000,-2.765841,357.234159,73.611111,-26.945356,0.000000,0.000000,0.000000
8.233000,75.000000,45.000000,dualpol_fixed_45deg_sum,E3-E4,100.000000,380.648219,-16.458899,343.541101,87.500000,-20.451618,68.712208,51.298180,170.918111
8.233000,75.000000,90.000000,dualpol_fixed_45deg_sum,E3-E4,100.000000,222.602478,6.841951,6.841951,66.666667,-24.365072,78.492457,59.488138,157.972096
8.233000,75.000000,135.000000,dualpol_fixed_45deg_sum,E3-E4,97.260274,360.000000,0.840240,360.840240,64.285714,-47.481569,51.159548,33.560541,164.848789
8.233000,75.000000,0.000000,dualpol_fixed_45deg_sum,E4-E1,100.000000,720.000000,1.583126,-718.416874,83.333333,-27.161272,0.000000,0.000000,0.000000
8.233000,75.000000,45.000000,dualpol_fixed_45deg_sum,E4-E1,100.000000,377.914910,47.043667,-312.956333,86.111111,-23.249602,51.841663,32.115833,146.533647
8.233000,75.000000,90.000000,dualpol_fixed_45deg_sum,E4-E1,100.000000,360.000000,-26.297737,-386.297737,73.611111,-22.472498,67.745273,51.820132,178.202370
8.233000,75.000000,135.000000,dualpol_fixed_45deg_sum,E4-E1,97.260274,360.000000,-9.403433,-369.403433,77.142857,-39.935292,46.528636,27.550389,165.180757
8.233000,90.000000,0.000000,dualpol_fixed_45deg_sum,E1-E3,100.000000,395.450159,-2.784381,357.215619,51.388889,-25.298079,0.000000,0.000000,0.000000
8.233000,90.000000,45.000000,dualpol_fixed_45deg_sum,E1-E3,98.630137,599.106201,-119.529329,-479.529329,74.647887,-41.602230,101.750844,91.753625,174.137234
8.233000,90.000000,90.000000,dualpol_fixed_45deg_sum,E1-E3,100.000000,378.294768,14.309043,374.309043,75.000000,-34.879860,91.973214,68.594148,178.984881
8.233000,90.000000,135.000000,dualpol_fixed_45deg_sum,E1-E3,100.000000,483.566879,6.308316,366.308316,58.333333,-33.542280,49.946901,29.933868,164.532333
8.233000,90.000000,0.000000,dualpol_fixed_45deg_sum,E2-E4,100.000000,720.000000,9.547184,729.547184,83.333333,-24.745040,0.000000,0.000000,0.000000
8.233000,90.000000,45.000000,dualpol_fixed_45deg_sum,E2-E4,97.260274,415.354446,-27.644111,332.355889,50.000000,-46.625819,62.935918,44.444377,178.598306
8.233000,90.000000,90.000000,dualpol_fixed_45deg_sum,E2-E4,100.000000,512.397466,1.786124,1.786124,56.944444,-17.889031,80.231798,52.831192,168.797735
8.233000,90.000000,135.000000,dualpol_fixed_45deg_sum,E2-E4,100.000000,360.000000,6.322723,366.322723,70.833333,-26.849226,43.824336,25.681492,148.083529
8.233000,90.000000,0.000000,dualpol_fixed_45deg_sum,E1-E2,100.000000,340.554160,-16.925508,-16.925508,68.055556,-25.045454,0.000000,0.000000,0.000000
8.233000,90.000000,45.000000,dualpol_fixed_45deg_sum,E1-E2,100.000000,352.225972,-179.548758,-179.548758,51.388889,-26.291905,87.649901,68.602957,179.694713
8.233000,90.000000,90.000000,dualpol_fixed_45deg_sum,E1-E2,100.000000,572.480924,16.410029,376.410029,51.388889,-34.879860,67.349623,52.276811,167.661591
8.233000,90.000000,135.000000,dualpol_fixed_45deg_sum,E1-E2,100.000000,361.189991,-0.308490,-0.308490,69.444444,-33.576615,40.214709,25.120766,145.607835
8.233000,90.000000,0.000000,dualpol_fixed_45deg_sum,E2-E3,100.000000,360.000000,14.141127,374.141127,87.500000,-24.158430,0.000000,0.000000,0.000000
8.233000,90.000000,45.000000,dualpol_fixed_45deg_sum,E2-E3,98.630137,753.774253,60.019430,-659.980570,70.422535,-41.602230,71.543406,56.994477,167.412886
8.233000,90.000000,90.000000,dualpol_fixed_45deg_sum,E2-E3,100.000000,245.502434,-2.100986,-2.100986,59.722222,-29.778206,69.447848,46.134512,164.618418
8.233000,90.000000,135.000000,dualpol_fixed_45deg_sum,E2-E3,100.000000,360.000000,6.616806,366.616806,83.333333,-30.815154,32.458518,21.032507,99.328601
8.233000,90.000000,0.000000,dualpol_fixed_45deg_sum,E3-E4,100.000000,360.000000,-4.593942,355.406058,75.000000,-24.997665,0.000000,0.000000,0.000000
8.233000,90.000000,45.000000,dualpol_fixed_45deg_sum,E3-E4,95.890411,517.194789,-87.663540,272.336460,78.260870,-49.196675,51.194214,43.498076,109.584350
8.233000,90.000000,90.000000,dualpol_fixed_45deg_sum,E3-E4,100.000000,276.433882,3.887110,3.887110,55.555556,-29.862342,68.775979,41.621158,174.037313
8.233000,90.000000,135.000000,dualpol_fixed_45deg_sum,E3-E4,100.000000,327.513454,-0.294083,-0.294083,65.277778,-30.780819,43.937517,25.886905,165.993832
8.233000,90.000000,0.000000,dualpol_fixed_45deg_sum,E4-E1,100.000000,720.000000,7.378323,-712.621677,87.500000,-24.454754,0.000000,0.000000,0.000000
8.233000,90.000000,45.000000,dualpol_fixed_45deg_sum,E4-E1,97.260274,430.139572,-152.807131,-152.807131,52.857143,-49.074525,90.915158,74.703366,177.441462
8.233000,90.000000,90.000000,dualpol_fixed_45deg_sum,E4-E1,100.000000,360.000000,-18.196153,-378.196153,69.444444,-34.879860,75.469139,54.208060,174.985453
8.233000,90.000000,135.000000,dualpol_fixed_45deg_sum,E4-E1,100.000000,363.717180,-6.014232,-366.014232,76.388889,-33.419377,51.499206,30.923050,178.646143
8.233000,45.000000,0.000000,legacy_cp_minus90,E1-E3,97.260274,465.700417,3.431009,363.431009,80.000000,-37.227252,0.000000,0.000000,0.000000
8.233000,45.000000,45.000000,legacy_cp_minus90,E1-E3,98.630137,360.000000,-7.604672,352.395328,70.422535,-46.262708,67.372192,51.265261,170.699552
8.233000,45.000000,90.000000,legacy_cp_minus90,E1-E3,100.000000,720.000000,-3.961165,716.038835,86.111111,-26.982117,62.053284,50.066879,120.306010
8.233000,45.000000,135.000000,legacy_cp_minus90,E1-E3,100.000000,720.000000,2.969935,722.969935,84.722222,-18.416849,41.463790,31.528013,106.217546
8.233000,45.000000,0.000000,legacy_cp_minus90,E2-E4,100.000000,1063.477091,11.887276,-708.112724,55.555556,-33.284502,0.000000,0.000000,0.000000
8.233000,45.000000,45.000000,legacy_cp_minus90,E2-E4,98.630137,379.119015,12.216227,372.216227,78.873239,-43.721418,71.725928,43.770576,179.822452
8.233000,45.000000,90.000000,legacy_cp_minus90,E2-E4,100.000000,279.318858,4.746438,4.746438,54.166667,-21.511939,67.596924,49.481832,178.830974
8.233000,45.000000,135.000000,legacy_cp_minus90,E2-E4,100.000000,666.075710,7.372246,-352.627754,54.166667,-24.271158,42.526726,31.379456,153.977288
8.233000,45.000000,0.000000,legacy_cp_minus90,E1-E2,100.000000,754.370828,-0.978709,719.021291,70.833333,-33.284502,0.000000,0.000000,0.000000
8.233000,45.000000,45.000000,legacy_cp_minus90,E1-E2,100.000000,397.372791,-23.245741,-383.245741,75.000000,-33.238043,63.097272,42.320795,175.400005
8.233000,45.000000,90.000000,legacy_cp_minus90,E1-E2,100.000000,363.535931,-3.403928,356.596072,84.722222,-23.409229,57.547390,44.066044,171.981950
8.233000,45.000000,135.000000,legacy_cp_minus90,E1-E2,100.000000,362.823890,8.605887,368.605887,83.333333,-24.705713,34.465249,24.069217,158.525130
8.233000,45.000000,0.000000,legacy_cp_minus90,E2-E3,97.260274,344.038359,4.409718,4.409718,62.857143,-37.952675,0.000000,0.000000,0.000000
8.233000,45.000000,45.000000,legacy_cp_minus90,E2-E3,98.630137,360.000000,15.641070,375.641070,85.915493,-46.262708,46.730297,33.530442,164.141672
8.233000,45.000000,90.000000,legacy_cp_minus90,E2-E3,100.000000,360.000000,-0.557238,359.442762,65.277778,-26.290403,49.161587,32.192739,170.598348
8.233000,45.000000,135.000000,legacy_cp_minus90,E2-E3,100.000000,360.000000,-5.635952,354.364048,66.666667,-24.271158,35.526879,22.042236,144.923083
8.233000,45.000000,0.000000,legacy_cp_minus90,E3-E4,97.260274,598.317583,7.477558,-352.522442,57.142857,-37.876777,0.000000,0.000000,0.000000
8.233000,45.000000,45.000000,legacy_cp_minus90,E3-E4,97.260274,327.062636,-3.424843,-3.424843,67.142857,-46.262708,63.845806,43.827185,179.882068
8.233000,45.000000,90.000000,legacy_cp_minus90,E3-E4,100.000000,382.774892,5.303675,-354.696325,76.388889,-26.290403,70.563761,51.434512,175.255689
8.233000,45.000000,135.000000,legacy_cp_minus90,E3-E4,100.000000,733.959728,13.008198,-706.991802,79.166667,-23.312256,42.022541,34.253052,88.541373
8.233000,45.000000,0.000000,legacy_cp_minus90,E4-E1,100.000000,360.998139,-10.908567,-10.908567,59.722222,-29.434094,0.000000,0.000000,0.000000
8.233000,45.000000,45.000000,legacy_cp_minus90,E4-E1,98.630137,351.325150,11.029515,11.029515,57.746479,-43.721418,69.588017,48.695158,177.673231
8.233000,45.000000,90.000000,legacy_cp_minus90,E4-E1,100.000000,360.000000,-1.342510,-361.342510,72.222222,-23.409229,60.717026,41.880624,176.457422
8.233000,45.000000,135.000000,legacy_cp_minus90,E4-E1,100.000000,382.400876,-15.978132,-15.978132,54.166667,-23.998820,33.223133,23.914104,85.711203
8.233000,60.000000,0.000000,legacy_cp_minus90,E1-E3,98.630137,720.000000,0.131027,720.131027,87.323944,-38.188601,0.000000,0.000000,0.000000
8.233000,60.000000,45.000000,legacy_cp_minus90,E1-E3,98.630137,394.156618,-8.055917,351.944083,84.507042,-48.373328,45.266311,33.100464,154.308004
8.233000,60.000000,90.000000,legacy_cp_minus90,E1-E3,100.000000,720.000000,-1.367537,718.632463,94.444444,-28.989827,67.382342,45.938078,178.595154
8.233000,60.000000,135.000000,legacy_cp_minus90,E1-E3,100.000000,720.000000,4.317515,724.317515,93.055556,-22.969687,47.462158,29.446394,176.416647
8.233000,60.000000,0.000000,legacy_cp_minus90,E2-E4,100.000000,880.235335,12.890190,-347.109810,54.166667,-32.117881,0.000000,0.000000,0.000000
8.233000,60.000000,45.000000,legacy_cp_minus90,E2-E4,100.000000,412.363968,9.669020,369.669020,75.000000,-33.360419,59.825045,39.283738,172.862456
8.233000,60.000000,90.000000,legacy_cp_minus90,E2-E4,100.000000,404.808907,4.740733,4.740733,58.333333,-24.538670,77.728712,53.853762,178.628658
8.233000,60.000000,135.000000,legacy_cp_minus90,E2-E4,98.630137,782.885062,8.986091,-351.013909,53.521127,-35.582576,48.902104,31.530691,152.219772
8.233000,60.000000,0.000000,legacy_cp_minus90,E1-E2,100.000000,538.173229,-9.427282,350.572718,54.166667,-21.060448,0.000000,0.000000,0.000000
8.233000,60.000000,45.000000,legacy_cp_minus90,E1-E2,98.630137,368.143179,-20.630424,-380.630424,69.014085,-47.391203,57.745524,35.148564,170.851744
8.233000,60.000000,90.000000,legacy_cp_minus90,E1-E2,100.000000,439.067052,3.279039,363.279039,56.944444,-24.281981,72.934641,53.890288,164.440742
8.233000,60.000000,135.000000,legacy_cp_minus90,E1-E2,100.000000,458.653805,7.861673,367.861673,54.166667,-30.167806,43.423037,29.321235,160.650972
8.233000,60.000000,0.000000,legacy_cp_minus90,E2-E3,98.630137,360.000000,9.558308,369.558308,74.647887,-38.406563,0.000000,0.000000,0.000000
8.233000,60.000000,45.000000,legacy_cp_minus90,E2-E3,100.000000,720.000000,12.574507,732.574507,80.555556,-34.206442,56.630538,39.953313,178.036589
8.233000,60.000000,90.000000,legacy_cp_minus90,E2-E3,100.000000,360.000000,-4.646576,355.353424,68.055556,-27.946015,47.904724,30.235819,171.912817
8.233000,60.000000,135.000000,legacy_cp_minus90,E2-E3,100.000000,360.000000,-3.544158,356.455842,79.166667,-30.167806,59.345703,31.544195,179.257272
8.233000,60.000000,0.000000,legacy_cp_minus90,E3-E4,98.630137,640.253167,3.331881,-356.668119,52.112676,-38.700088,0.000000,0.000000,0.000000
8.233000,60.000000,45.000000,legacy_cp_minus90,E3-E4,100.000000,526.535974,-2.905486,-362.905486,52.777778,-33.683597,55.100972,40.976386,139.389976
8.233000,60.000000,90.000000,legacy_cp_minus90,E3-E4,100.000000,440.187658,9.387309,-350.612691,56.944444,-27.946015,60.992675,43.962089,172.084343
8.233000,60.000000,135.000000,legacy_cp_minus90,E3-E4,98.630137,472.431815,12.530249,-347.469751,59.154930,-35.071087,47.006584,31.993724,158.922585
8.233000,60.000000,0.000000,legacy_cp_minus90,E4-E1,100.000000,351.187294,-3.462908,-3.462908,59.722222,-32.117881,0.000000,0.000000,0.000000
8.233000,60.000000,45.000000,legacy_cp_minus90,E4-E1,98.630137,364.428816,10.961404,10.961404,56.338028,-47.527305,54.170854,39.887927,176.689414
8.233000,60.000000,90.000000,legacy_cp_minus90,E4-E1,100.000000,360.000000,-8.019772,-368.019772,75.000000,-26.177263,67.694303,42.876267,174.498108
8.233000,60.000000,135.000000,legacy_cp_minus90,E4-E1,98.630137,395.669517,-16.847764,-16.847764,64.788732,-35.087734,40.016890,26.861919,126.358117
8.233000,75.000000,0.000000,legacy_cp_minus90,E1-E3,100.000000,720.000000,-4.379948,715.620052,100.000000,-30.011320,0.000000,0.000000,0.000000
8.233000,75.000000,45.000000,legacy_cp_minus90,E1-E3,98.630137,360.715026,-6.437953,353.562047,98.591549,-35.558638,39.739886,23.598791,137.551855
8.233000,75.000000,90.000000,legacy_cp_minus90,E1-E3,98.630137,360.000000,1.004207,361.004207,94.366197,-36.391151,50.278602,36.930893,164.386774
8.233000,75.000000,135.000000,legacy_cp_minus90,E1-E3,100.000000,720.000000,4.670582,724.670582,100.000000,-23.047887,20.850040,15.846045,75.033248
8.233000,75.000000,0.000000,legacy_cp_minus90,E2-E4,100.000000,701.214024,13.186043,13.186043,63.888889,-31.881549,0.000000,0.000000,0.000000
8.233000,75.000000,45.000000,legacy_cp_minus90,E2-E4,98.630137,542.102286,6.558985,6.558985,61.971831,-36.836866,51.154522,32.359917,170.384321
8.233000,75.000000,90.000000,legacy_cp_minus90,E2-E4,100.000000,495.449101,5.841518,5.841518,58.333333,-18.629345,80.950718,51.692640,179.314286
8.233000,75.000000,135.000000,legacy_cp_minus90,E2-E4,100.000000,470.864873,10.527608,370.527608,70.833333,-27.966472,52.050550,30.110384,171.282017
8.233000,75.000000,0.000000,legacy_cp_minus90,E1-E2,100.000000,582.137596,-18.416755,341.583245,63.888889,-29.191986,0.000000,0.000000,0.000000
8.233000,75.000000,45.000000,legacy_cp_minus90,E1-E2,98.630137,546.172277,-12.402180,347.597820,54.929577,-37.693807,57.291558,33.760778,177.875238
8.233000,75.000000,90.000000,legacy_cp_minus90,E1-E2,100.000000,528.469313,7.157670,367.157670,56.944444,-19.665917,76.327814,53.317891,174.105573
8.233000,75.000000,135.000000,legacy_cp_minus90,E1-E2,100.000000,259.258733,4.796474,4.796474,62.500000,-18.819851,34.910764,25.133798,128.067120
8.233000,75.000000,0.000000,legacy_cp_minus90,E2-E3,100.000000,360.000000,14.036808,374.036808,81.944444,-30.011320,0.000000,0.000000,0.000000
8.233000,75.000000,45.000000,legacy_cp_minus90,E2-E3,97.260274,384.737979,5.964227,5.964227,70.000000,-37.464307,48.861440,29.431764,160.528945
8.233000,75.000000,90.000000,legacy_cp_minus90,E2-E3,98.630137,354.595763,-6.153463,-6.153463,60.563380,-35.555471,49.648465,36.702142,164.233623
8.233000,75.000000,135.000000,legacy_cp_minus90,E2-E3,100.000000,720.000000,-0.125892,719.874108,90.277778,-23.771984,36.866924,24.814924,145.708051
8.233000,75.000000,0.000000,legacy_cp_minus90,E3-E4,100.000000,614.591160,-0.850764,-360.850764,51.388889,-31.881549,0.000000,0.000000,0.000000
8.233000,75.000000,45.000000,legacy_cp_minus90,E3-E4,98.630137,243.718928,0.594758,0.594758,50.704225,-35.329139,41.326355,29.690499,102.354558
8.233000,75.000000,90.000000,legacy_cp_minus90,E3-E4,98.630137,210.052912,11.994981,11.994981,54.929577,-35.297463,70.016198,48.478441,173.053345
8.233000,75.000000,135.000000,legacy_cp_minus90,E3-E4,100.000000,549.619093,10.653500,-349.346500,50.000000,-27.592930,52.690793,31.364643,165.410511
8.233000,75.000000,0.000000,legacy_cp_minus90,E4-E1,100.000000,360.000000,5.230712,-354.769288,65.277778,-31.881549,0.000000,0.000000,0.000000
8.233000,75.000000,45.000000,legacy_cp_minus90,E4-E1,100.000000,360.000000,5.843195,-354.156805,73.611111,-27.117246,35.925702,25.795976,78.713578
8.233000,75.000000,90.000000,legacy_cp_minus90,E4-E1,100.000000,360.000000,-12.999188,-372.999188,76.388889,-19.665917,55.766881,37.141449,132.576884
8.233000,75.000000,135.000000,legacy_cp_minus90,E4-E1,100.000000,383.517936,-15.324082,-375.324082,73.611111,-27.592930,55.139646,32.754435,170.504093
8.233000,90.000000,0.000000,legacy_cp_minus90,E1-E3,100.000000,746.578461,-7.604672,712.395328,84.722222,-24.189420,0.000000,0.000000,0.000000
8.233000,90.000000,45.000000,legacy_cp_minus90,E1-E3,100.000000,391.281590,-3.961165,356.038835,79.166667,-26.961671,55.320366,40.819986,135.467372
8.233000,90.000000,90.000000,legacy_cp_minus90,E1-E3,100.000000,367.132005,2.969935,362.969935,80.555556,-21.185128,56.784949,43.372667,177.914568
8.233000,90.000000,135.000000,legacy_cp_minus90,E1-E3,100.000000,725.741452,3.431009,723.431009,91.666667,-23.942525,23.974430,19.808761,44.243706
8.233000,90.000000,0.000000,legacy_cp_minus90,E2-E4,100.000000,360.000000,12.216227,372.216227,70.833333,-24.790269,0.000000,0.000000,0.000000
8.233000,90.000000,45.000000,legacy_cp_minus90,E2-E4,100.000000,554.283578,4.746438,4.746438,56.944444,-27.145680,61.532646,40.485759,178.614451
8.233000,90.000000,90.000000,legacy_cp_minus90,E2-E4,100.000000,515.192041,7.372246,7.372246,55.555556,-18.984195,77.392763,50.215839,174.305770
8.233000,90.000000,135.000000,legacy_cp_minus90,E2-E4,98.630137,720.000000,11.887276,731.887276,74.647887,-39.862607,51.982867,29.757929,170.079987
8.233000,90.000000,0.000000,legacy_cp_minus90,E1-E2,100.000000,328.890207,-23.245741,-23.245741,62.500000,-23.853186,0.000000,0.000000,0.000000
8.233000,90.000000,45.000000,legacy_cp_minus90,E1-E2,100.000000,590.914753,-3.403928,356.596072,52.777778,-28.481037,59.364614,39.221071,161.515020
8.233000,90.000000,90.000000,legacy_cp_minus90,E1-E2,100.000000,569.115634,8.605887,368.605887,58.333333,-20.484580,69.526012,50.751921,169.300757
8.233000,90.000000,135.000000,legacy_cp_minus90,E1-E2,100.000000,274.472104,-0.978709,-0.978709,61.111111,-18.874338,30.302160,24.550693,80.653014
8.233000,90.000000,0.000000,legacy_cp_minus90,E2-E3,100.000000,720.000000,15.641070,735.641070,90.277778,-24.294659,0.000000,0.000000,0.000000
8.233000,90.000000,45.000000,legacy_cp_minus90,E2-E3,100.000000,358.152630,-0.557238,-0.557238,62.500000,-27.757297,65.090524,42.378701,178.451788
8.233000,90.000000,90.000000,legacy_cp_minus90,E2-E3,100.000000,313.430239,-5.635952,-5.635952,59.722222,-21.249768,55.715296,39.940374,164.226051
8.233000,90.000000,135.000000,legacy_cp_minus90,E2-E3,100.000000,720.000000,4.409718,724.409718,91.666667,-24.878012,28.923407,21.210404,76.141038
8.233000,90.000000,0.000000,legacy_cp_minus90,E3-E4,100.000000,630.758570,-3.424843,-363.424843,58.333333,-24.685029,0.000000,0.000000,0.000000
8.233000,90.000000,45.000000,legacy_cp_minus90,E3-E4,100.000000,247.812743,5.303675,5.303675,51.388889,-26.237932,46.579753,34.556952,141.378896
8.233000,90.000000,90.000000,legacy_cp_minus90,E3-E4,100.000000,218.724478,13.008198,13.008198,56.944444,-20.857643,70.932472,48.449822,177.785575
8.233000,90.000000,135.000000,legacy_cp_minus90,E3-E4,98.630137,313.290575,7.477558,7.477558,53.521127,-39.777596,44.999874,28.499246,167.943884
8.233000,90.000000,0.000000,legacy_cp_minus90,E4-E1,100.000000,360.000000,11.029515,-348.970485,84.722222,-24.419664,0.000000,0.000000,0.000000
8.233000,90.000000,45.000000,legacy_cp_minus90,E4-E1,100.000000,360.000000,-1.342510,-361.342510,73.611111,-22.628564,37.158993,28.117059,88.312759
8.233000,90.000000,90.000000,legacy_cp_minus90,E4-E1,100.000000,360.000000,-15.978132,-375.978132,90.277778,-20.419940,50.733253,37.079947,145.017055
8.233000,90.000000,135.000000,legacy_cp_minus90,E4-E1,98.630137,382.124202,-10.908567,-370.908567,81.690141,-39.777596,47.607370,30.873505,172.358987
