candidate,rationale,elapsed_s,project,params_json,native_export_log,freq_center_ghz,freq_start_ghz,freq_stop_ghz,freq_step_ghz,target_start_ghz,target_stop_ghz,element_spacing_mm,board_diameter_mm,total_height_limit_mm,substrate_h_mm,copper_t_mm,epsr,tan_delta,ground_radius_mm,patch_side_mm,corner_cut_mm,feed_offset_u_mm,feed_offset_v_mm,feed_pad_radius_mm,port_width_mm,microstrip_feed_enabled,microstrip_feed_offset_mm,microstrip_feedline_length_mm,microstrip_feedline_width_mm,microstrip_match_length_mm,microstrip_match_width_mm,microstrip_transform2_length_mm,microstrip_transform2_width_mm,microstrip_stub_length_mm,microstrip_stub_width_mm,microstrip_stub_offset_mm,microstrip_feed_mirror_enabled,neutralization_branch_enabled,neutralization_branch_length_mm,neutralization_branch_width_mm,neutralization_branch_offset_mm,weak_coupling_open_line_enabled,weak_coupling_open_line_length_mm,weak_coupling_open_line_width_mm,weak_coupling_open_line_offset_mm,weak_coupling_open_line_gap_mm,via_fence_enabled,via_fence_count,via_fence_radius_mm,via_fence_pitch_mm,via_fence_edge_offset_mm,via_fence_center_mm,local_dgs_enabled,local_dgs_length_mm,local_dgs_width_mm,local_dgs_offset_mm,hybrid_output_match_length_mm,hybrid_output_match_width_mm,dualpol_parasitic_enabled,parasitic_side_mm,parasitic_corner_cut_mm,parasitic_rotation_deg,parasitic_offset_u_mm,parasitic_offset_v_mm,air_gap_mm,dualpol_slotcoupled_enabled,feed_substrate_h_mm,slot_coupled_aperture_length_a_mm,slot_coupled_aperture_length_b_mm,slot_coupled_aperture_width_mm,slot_coupled_offset_a_mm,slot_coupled_offset_b_mm,slot_coupled_aperture_center_a_v_mm,slot_coupled_aperture_center_b_u_mm,slot_coupled_feedline_length_mm,slot_coupled_feedline_width_mm,slot_coupled_feedline_offset_a_v_mm,slot_coupled_feedline_offset_b_u_mm,slot_coupled_b_feed_layer_offset_mm,slot_coupled_bridge_enabled,slot_coupled_bridge_gap_mm,slot_coupled_bridge_offset_mm,slot_coupled_bridge_width_mm,slot_coupled_bridge_resonator_width_mm,slot_coupled_bridge_overhang_mm,slot_coupled_a_resonator_length_mm,slot_coupled_a_resonator_width_mm,slot_coupled_shield_via_enabled,slot_coupled_shield_via_count,slot_coupled_shield_via_radius_mm,slot_coupled_shield_via_offset_mm,slot_coupled_shield_via_pitch_mm,slot_coupled_shield_via_grounded,slot_coupled_shield_via_top_gap_mm,slot_coupled_a_neck_enabled,slot_coupled_a_neck_length_mm,slot_coupled_a_neck_width_mm,slot_coupled_underfeed_neutralizer_enabled,slot_coupled_underfeed_neutralizer_length_mm,slot_coupled_underfeed_neutralizer_width_mm,slot_coupled_underfeed_neutralizer_offset_mm,slot_coupled_underfeed_neutralizer_z_offset_mm,slot_coupled_patch_slit_enabled,slot_coupled_patch_slit_length_mm,slot_coupled_patch_slit_width_mm,slot_coupled_patch_slit_angle_deg,slot_coupled_patch_slit_offset_u_mm,slot_coupled_patch_slit_offset_v_mm,slot_coupled_horizon_loop_enabled,slot_coupled_horizon_loop_inner_side_mm,slot_coupled_horizon_loop_offset_u_mm,slot_coupled_horizon_loop_offset_v_mm,slot_coupled_edge_arm_enabled,slot_coupled_edge_arm_length_mm,slot_coupled_edge_arm_width_mm,slot_coupled_edge_arm_offset_mm,slot_coupled_edge_arm_gap_mm,slot_coupled_edge_wall_enabled,slot_coupled_edge_wall_height_mm,slot_coupled_edge_wall_width_mm,slot_coupled_edge_wall_offset_mm,slot_coupled_board_edge_ifa_enabled,slot_coupled_board_edge_ifa_length_mm,slot_coupled_board_edge_ifa_width_mm,slot_coupled_board_edge_ifa_height_mm,slot_coupled_board_edge_ifa_gap_mm,slot_coupled_board_edge_ifa_offset_mm,slot_coupled_folded_edge_arm_enabled,slot_coupled_folded_edge_arm_radial_length_mm,slot_coupled_folded_edge_arm_tangent_length_mm,slot_coupled_folded_edge_arm_width_mm,slot_coupled_folded_edge_arm_height_mm,slot_coupled_folded_edge_arm_offset_mm,slot_coupled_folded_edge_arm_gap_mm,slot_coupled_folded_edge_arm_turn_sign,board_edge_fed_monopole_enabled,board_edge_fed_monopole_height_mm,board_edge_fed_monopole_width_mm,board_edge_fed_monopole_gap_mm,board_edge_fed_monopole_offset_mm,board_edge_fed_monopole_topload_length_mm,board_edge_fed_ifa_enabled,board_edge_fed_ifa_length_mm,board_edge_fed_ifa_height_mm,board_edge_fed_ifa_width_mm,board_edge_fed_ifa_gap_mm,board_edge_fed_ifa_feed_offset_mm,board_edge_fed_ifa_offset_mm,board_edge_fed_l_match_enabled,board_edge_fed_l_match_stub_length_mm,board_edge_fed_l_match_stub_width_mm,board_edge_fed_l_match_stub_side_sign,board_edge_fed_l_match_fold_enabled,board_edge_fed_l_match_fold_length_mm,board_edge_fed_l_match_fold_width_mm,board_edge_fed_l_match_fold_radial_sign,board_edge_fed_l_match_capacitance_pf,board_edge_fed_l_match_inductance_nh,board_edge_fed_l_match_resistance_ohm,board_edge_fed_l_feed_neck_enabled,board_edge_fed_l_feed_neck_length_mm,board_edge_fed_l_feed_neck_width_mm,board_edge_fed_l_feed_neck_side_sign,slot_coupled_ab_cancel_enabled,slot_coupled_ab_cancel_coupling_length_mm,slot_coupled_ab_cancel_trace_width_mm,slot_coupled_ab_cancel_gap_mm,slot_coupled_ab_cancel_phase_offset_mm,slot_coupled_ab_cancel_side_sign,slot_coupled_ab_cancel_z_offset_mm,rf_switch_equiv_enabled,rf_switch_active_pol,rf_switch_off_resistance_ohm,rf_switch_off_capacitance_pf,rf_switch_off_inductance_nh,slot_coupled_stub_enabled,slot_coupled_stub_length_mm,slot_coupled_stub_width_mm,slot_coupled_stub_offset_mm,slot_coupled_stub_side_sign,slot_coupled_stub2_enabled,slot_coupled_stub2_length_mm,slot_coupled_stub2_width_mm,slot_coupled_stub2_offset_mm,slot_coupled_stub2_side_sign,slot_coupled_step_enabled,slot_coupled_step_length_mm,slot_coupled_step_width_mm,isolation_slot_enabled,isolation_slot_length_mm,isolation_slot_width_mm,isolation_slot_inner_mm,analysis_cores,analysis_tasks,air_frequency_ghz,cp_axial_ratio_target_db,fov_min_gain_target_dbi,single_source_feed_enabled,single_source_feed_name,s_csv,s11_expr,s11_worst_freq_ghz,s11_worst_db,s11_pass,ff_sample_count,all_phi_gain_total_min_dbi,all_phi_gain_total_min_theta_deg,all_phi_gain_total_min_phi_deg,best_270deg_window_start_phi_deg,best_270deg_window_stop_phi_deg,best_270deg_gain_total_min_dbi,best_270deg_gain_total_min_theta_deg,best_270deg_gain_total_min_phi_deg,gain_pass,pass,candidate_index,board_edge_fed_l_series_match_enabled,board_edge_fed_l_series_match_width_mm,board_edge_fed_l_series_match_capacitance_pf,board_edge_fed_l_series_match_inductance_nh,board_edge_fed_l_series_match_resistance_ohm,slot_coupled_folded_edge_arm_sidewall_metallized_enabled,board_edge_fed_ifa_sidewall_metallized_enabled,board_edge_fed_ifa_sidewall_plane_enabled
edgeifa_s17_h5p6_l4p2_f0p60_g0p25,True board-edge fed IFA baseline: P1 is placed near the D44 board rim and P1L is the only active low-elevation source.,125.45375156402588,D:\WorkSpace\HFSS Sim\UWB-Antenna-Simulation-By-HFSS\UWB_CH9_Diamond_CP_Array_D44_BEDGE_edgeifa_s17_h5p6_l4p2_f0p60_g0p25.aedt,D:\WorkSpace\HFSS Sim\UWB-Antenna-Simulation-By-HFSS\reports_d44_board_edge_low_angle_single_element\UWB_CH9_D44_BOARD_EDGE_LOW_ANGLE_SINGLE_ELEMENT_edgeifa_s17_h5p6_l4p2_f0p60_g0p25_params.json,D:\WorkSpace\HFSS Sim\UWB-Antenna-Simulation-By-HFSS\reports_d44_board_edge_low_angle_single_element\edgeifa_s17_h5p6_l4p2_f0p60_g0p25_native_report_export.log,8.0,7.7,8.3,0.02,7.738,8.233,17.0,44.0,8.0,2.0,0.035,3.48,0.0037,21.4,8.0,0.0,3.4,0.0,0.22,0.42,0.0,0.0,1.78,0.58,0.48,0.34,0.55,0.5,0.0,0.24,0.6,1.0,0.0,0.85,0.12,0.65,0.0,2.2,0.12,1.65,0.08,0.0,3.0,0.1,0.55,0.45,3.3,0.0,3.6,0.18,0.75,0.95,0.4,0.0,0.0,0.0,0.0,0.0,0.0,0.0,1.0,0.254,2.8,2.8,0.38,0.0,0.0,0.0,0.0,7.4,0.42,0.0,0.0,0.0,0.0,1.1,0.0,0.6,0.0,0.0,0.0,0.0,0.0,1.0,0.06,0.68,0.42,1.0,0.03,0.0,2.2,0.3,0.0,2.2,0.12,1.2,0.06,0.0,3.0,0.1,45.0,0.0,0.0,0.0,6.2,0.0,0.0,0.0,2.4,0.3,0.0,0.0,0.0,2.0,0.5,0.0,0.0,4.6,0.35,3.8,0.15,0.0,0.0,1.8,5.5,0.3,5.2,0.0,0.0,1.0,0.0,4.8,0.24,0.8,0.0,0.0,1.0,4.2,5.6,0.24,0.25,0.6,0.0,0.0,0.0,0.18,1.0,0.0,0.0,0.14,1.0,0.0,0.0,0.0,0.0,0.0,0.14,1.0,0.0,1.6,0.12,0.08,2.0,1.0,0.0,1.0,0.0,50.0,0.08,0.0,0.0,0.0,0.25,2.0,1.0,0.0,0.0,0.25,3.0,-1.0,0.0,0.0,0.8,0.0,10.0,0.42,3.2,8.0,8.0,7.0,3.0,-5.0,1.0,P1L,D:\WorkSpace\HFSS Sim\UWB-Antenna-Simulation-By-HFSS\reports_d44_board_edge_low_angle_single_element\edgeifa_s17_h5p6_l4p2_f0p60_g0p25_native_s_parameters.csv,"dB(S(P1L,P1L)) []",8.0,-2.1749422508817,False,720,-13.758794820622,55.0,260.0,290.0,200.0,-7.14227170813965,45.0,190.0,False,False,1,,,,,,,,
edgeifa_s17_h5p8_l4p8_f0p75_g0p25,Lengthen the printed IFA arm and lift it close to the 8 mm envelope to move the board-edge resonance toward 8 GHz.,124.76206636428833,D:\WorkSpace\HFSS Sim\UWB-Antenna-Simulation-By-HFSS\UWB_CH9_Diamond_CP_Array_D44_BEDGE_edgeifa_s17_h5p8_l4p8_f0p75_g0p25.aedt,D:\WorkSpace\HFSS Sim\UWB-Antenna-Simulation-By-HFSS\reports_d44_board_edge_low_angle_single_element\UWB_CH9_D44_BOARD_EDGE_LOW_ANGLE_SINGLE_ELEMENT_edgeifa_s17_h5p8_l4p8_f0p75_g0p25_params.json,D:\WorkSpace\HFSS Sim\UWB-Antenna-Simulation-By-HFSS\reports_d44_board_edge_low_angle_single_element\edgeifa_s17_h5p8_l4p8_f0p75_g0p25_native_report_export.log,8.0,7.7,8.3,0.02,7.738,8.233,17.0,44.0,8.0,2.0,0.035,3.48,0.0037,21.4,8.0,0.0,3.4,0.0,0.22,0.42,0.0,0.0,1.78,0.58,0.48,0.34,0.55,0.5,0.0,0.24,0.6,1.0,0.0,0.85,0.12,0.65,0.0,2.2,0.12,1.65,0.08,0.0,3.0,0.1,0.55,0.45,3.3,0.0,3.6,0.18,0.75,0.95,0.4,0.0,0.0,0.0,0.0,0.0,0.0,0.0,1.0,0.254,2.8,2.8,0.38,0.0,0.0,0.0,0.0,7.4,0.42,0.0,0.0,0.0,0.0,1.1,0.0,0.6,0.0,0.0,0.0,0.0,0.0,1.0,0.06,0.68,0.42,1.0,0.03,0.0,2.2,0.3,0.0,2.2,0.12,1.2,0.06,0.0,3.0,0.1,45.0,0.0,0.0,0.0,6.2,0.0,0.0,0.0,2.4,0.3,0.0,0.0,0.0,2.0,0.5,0.0,0.0,4.6,0.35,3.8,0.15,0.0,0.0,1.8,5.5,0.3,5.2,0.0,0.0,1.0,0.0,4.8,0.24,0.8,0.0,0.0,1.0,4.8,5.8,0.24,0.25,0.75,0.0,0.0,0.0,0.18,1.0,0.0,0.0,0.14,1.0,0.0,0.0,0.0,0.0,0.0,0.14,1.0,0.0,1.6,0.12,0.08,2.0,1.0,0.0,1.0,0.0,50.0,0.08,0.0,0.0,0.0,0.25,2.0,1.0,0.0,0.0,0.25,3.0,-1.0,0.0,0.0,0.8,0.0,10.0,0.42,3.2,8.0,8.0,7.0,3.0,-5.0,1.0,P1L,D:\WorkSpace\HFSS Sim\UWB-Antenna-Simulation-By-HFSS\reports_d44_board_edge_low_angle_single_element\edgeifa_s17_h5p8_l4p8_f0p75_g0p25_native_s_parameters.csv,"dB(S(P1L,P1L)) []",8.0,-2.25952946627088,False,720,-13.2463929912378,50.0,255.0,290.0,200.0,-6.6471086531862,45.0,190.0,False,False,2,,,,,,,,
edgeifa_s17_h5p4_l5p4_f0p95_g0p20_patch7p4,Use a slightly smaller local patch footprint so a longer IFA arm still fits inside the circular D44 outline.,124.27427530288696,D:\WorkSpace\HFSS Sim\UWB-Antenna-Simulation-By-HFSS\UWB_CH9_Diamond_CP_Array_D44_BEDGE_edgeifa_s17_h5p4_l5p4_f0p95_g0p20_pa.aedt,D:\WorkSpace\HFSS Sim\UWB-Antenna-Simulation-By-HFSS\reports_d44_board_edge_low_angle_single_element\UWB_CH9_D44_BOARD_EDGE_LOW_ANGLE_SINGLE_ELEMENT_edgeifa_s17_h5p4_l5p4_f0p95_g0p20_pa_params.json,D:\WorkSpace\HFSS Sim\UWB-Antenna-Simulation-By-HFSS\reports_d44_board_edge_low_angle_single_element\edgeifa_s17_h5p4_l5p4_f0p95_g0p20_patch7p4_native_report_export.log,8.0,7.7,8.3,0.02,7.738,8.233,17.0,44.0,8.0,2.0,0.035,3.48,0.0037,21.4,7.4,0.0,3.4,0.0,0.22,0.42,0.0,0.0,1.78,0.58,0.48,0.34,0.55,0.5,0.0,0.24,0.6,1.0,0.0,0.85,0.12,0.65,0.0,2.2,0.12,1.65,0.08,0.0,3.0,0.1,0.55,0.45,3.3,0.0,3.6,0.18,0.75,0.95,0.4,0.0,0.0,0.0,0.0,0.0,0.0,0.0,1.0,0.254,2.8,2.8,0.38,0.0,0.0,0.0,0.0,6.8,0.42,0.0,0.0,0.0,0.0,1.1,0.0,0.6,0.0,0.0,0.0,0.0,0.0,1.0,0.06,0.68,0.42,1.0,0.03,0.0,2.2,0.3,0.0,2.2,0.12,1.2,0.06,0.0,3.0,0.1,45.0,0.0,0.0,0.0,6.2,0.0,0.0,0.0,2.4,0.3,0.0,0.0,0.0,2.0,0.5,0.0,0.0,4.6,0.35,3.8,0.15,0.0,0.0,1.8,5.5,0.3,5.2,0.0,0.0,1.0,0.0,4.8,0.24,0.8,0.0,0.0,1.0,5.4,5.4,0.24,0.2,0.95,0.0,0.0,0.0,0.18,1.0,0.0,0.0,0.14,1.0,0.0,0.0,0.0,0.0,0.0,0.14,1.0,0.0,1.6,0.12,0.08,2.0,1.0,0.0,1.0,0.0,50.0,0.08,0.0,0.0,0.0,0.25,2.0,1.0,0.0,0.0,0.25,3.0,-1.0,0.0,0.0,0.8,0.0,10.0,0.42,3.2,8.0,8.0,7.0,3.0,-5.0,1.0,P1L,D:\WorkSpace\HFSS Sim\UWB-Antenna-Simulation-By-HFSS\reports_d44_board_edge_low_angle_single_element\edgeifa_s17_h5p4_l5p4_f0p95_g0p20_patch7p4_native_s_parameters.csv,"dB(S(P1L,P1L)) []",8.0,-1.52608921315539,False,720,-9.74825174058242,55.0,250.0,265.0,175.0,-7.48029835812822,90.0,175.0,False,False,3,,,,,,,,
edgeifa_s17_h5p8_l4p8_f1p35_g0p25,Move the IFA feed tap toward the open end to bracket the input resistance without adding discrete parts.,125.39756035804749,D:\WorkSpace\HFSS Sim\UWB-Antenna-Simulation-By-HFSS\UWB_CH9_Diamond_CP_Array_D44_BEDGE_edgeifa_s17_h5p8_l4p8_f1p35_g0p25.aedt,D:\WorkSpace\HFSS Sim\UWB-Antenna-Simulation-By-HFSS\reports_d44_board_edge_low_angle_single_element\UWB_CH9_D44_BOARD_EDGE_LOW_ANGLE_SINGLE_ELEMENT_edgeifa_s17_h5p8_l4p8_f1p35_g0p25_params.json,D:\WorkSpace\HFSS Sim\UWB-Antenna-Simulation-By-HFSS\reports_d44_board_edge_low_angle_single_element\edgeifa_s17_h5p8_l4p8_f1p35_g0p25_native_report_export.log,8.0,7.7,8.3,0.02,7.738,8.233,17.0,44.0,8.0,2.0,0.035,3.48,0.0037,21.4,8.0,0.0,3.4,0.0,0.22,0.42,0.0,0.0,1.78,0.58,0.48,0.34,0.55,0.5,0.0,0.24,0.6,1.0,0.0,0.85,0.12,0.65,0.0,2.2,0.12,1.65,0.08,0.0,3.0,0.1,0.55,0.45,3.3,0.0,3.6,0.18,0.75,0.95,0.4,0.0,0.0,0.0,0.0,0.0,0.0,0.0,1.0,0.254,2.8,2.8,0.38,0.0,0.0,0.0,0.0,7.4,0.42,0.0,0.0,0.0,0.0,1.1,0.0,0.6,0.0,0.0,0.0,0.0,0.0,1.0,0.06,0.68,0.42,1.0,0.03,0.0,2.2,0.3,0.0,2.2,0.12,1.2,0.06,0.0,3.0,0.1,45.0,0.0,0.0,0.0,6.2,0.0,0.0,0.0,2.4,0.3,0.0,0.0,0.0,2.0,0.5,0.0,0.0,4.6,0.35,3.8,0.15,0.0,0.0,1.8,5.5,0.3,5.2,0.0,0.0,1.0,0.0,4.8,0.24,0.8,0.0,0.0,1.0,4.8,5.8,0.24,0.25,1.35,0.0,0.0,0.0,0.18,1.0,0.0,0.0,0.14,1.0,0.0,0.0,0.0,0.0,0.0,0.14,1.0,0.0,1.6,0.12,0.08,2.0,1.0,0.0,1.0,0.0,50.0,0.08,0.0,0.0,0.0,0.25,2.0,1.0,0.0,0.0,0.25,3.0,-1.0,0.0,0.0,0.8,0.0,10.0,0.42,3.2,8.0,8.0,7.0,3.0,-5.0,1.0,P1L,D:\WorkSpace\HFSS Sim\UWB-Antenna-Simulation-By-HFSS\reports_d44_board_edge_low_angle_single_element\edgeifa_s17_h5p8_l4p8_f1p35_g0p25_native_s_parameters.csv,"dB(S(P1L,P1L)) []",8.0,-2.51596025368077,False,720,-14.1472045125103,50.0,255.0,295.0,205.0,-6.41939835185114,45.0,190.0,False,False,4,,,,,,,,
edgeifa_s17_h5p8_l4p8_f0p75_g0p25_stub1p2_c0p18,Add a low-cost L-port shunt capacitance and short printed stub to the gain-oriented IFA point.,125.49006938934326,D:\WorkSpace\HFSS Sim\UWB-Antenna-Simulation-By-HFSS\UWB_CH9_Diamond_CP_Array_D44_BEDGE_edgeifa_s17_h5p8_l4p8_f0p75_g0p25_st.aedt,D:\WorkSpace\HFSS Sim\UWB-Antenna-Simulation-By-HFSS\reports_d44_board_edge_low_angle_single_element\UWB_CH9_D44_BOARD_EDGE_LOW_ANGLE_SINGLE_ELEMENT_edgeifa_s17_h5p8_l4p8_f0p75_g0p25_st_params.json,D:\WorkSpace\HFSS Sim\UWB-Antenna-Simulation-By-HFSS\reports_d44_board_edge_low_angle_single_element\edgeifa_s17_h5p8_l4p8_f0p75_g0p25_stub1p2_c0p18_native_report_export.log,8.0,7.7,8.3,0.02,7.738,8.233,17.0,44.0,8.0,2.0,0.035,3.48,0.0037,21.4,8.0,0.0,3.4,0.0,0.22,0.42,0.0,0.0,1.78,0.58,0.48,0.34,0.55,0.5,0.0,0.24,0.6,1.0,0.0,0.85,0.12,0.65,0.0,2.2,0.12,1.65,0.08,0.0,3.0,0.1,0.55,0.45,3.3,0.0,3.6,0.18,0.75,0.95,0.4,0.0,0.0,0.0,0.0,0.0,0.0,0.0,1.0,0.254,2.8,2.8,0.38,0.0,0.0,0.0,0.0,7.4,0.42,0.0,0.0,0.0,0.0,1.1,0.0,0.6,0.0,0.0,0.0,0.0,0.0,1.0,0.06,0.68,0.42,1.0,0.03,0.0,2.2,0.3,0.0,2.2,0.12,1.2,0.06,0.0,3.0,0.1,45.0,0.0,0.0,0.0,6.2,0.0,0.0,0.0,2.4,0.3,0.0,0.0,0.0,2.0,0.5,0.0,0.0,4.6,0.35,3.8,0.15,0.0,0.0,1.8,5.5,0.3,5.2,0.0,0.0,1.0,0.0,4.8,0.24,0.8,0.0,0.0,1.0,4.8,5.8,0.24,0.25,0.75,0.0,1.0,1.2,0.18,1.0,0.0,0.0,0.14,1.0,0.18,0.0,0.0,0.0,0.0,0.14,1.0,0.0,1.6,0.12,0.08,2.0,1.0,0.0,1.0,0.0,50.0,0.08,0.0,0.0,0.0,0.25,2.0,1.0,0.0,0.0,0.25,3.0,-1.0,0.0,0.0,0.8,0.0,10.0,0.42,3.2,8.0,8.0,7.0,3.0,-5.0,1.0,P1L,D:\WorkSpace\HFSS Sim\UWB-Antenna-Simulation-By-HFSS\reports_d44_board_edge_low_angle_single_element\edgeifa_s17_h5p8_l4p8_f0p75_g0p25_stub1p2_c0p18_native_s_parameters.csv,"dB(S(P1L,P1L)) []",8.0,-2.06834608184194,False,720,-14.0887893455861,50.0,255.0,290.0,200.0,-6.58225373200729,45.0,190.0,False,False,5,,,,,,,,
edgemono_s17_h5p8_g0p35_top2p2,True board-edge monopole/PIFA branch with a small printed top load; this checks the cheapest vertical edge radiator.,125.18833231925964,D:\WorkSpace\HFSS Sim\UWB-Antenna-Simulation-By-HFSS\UWB_CH9_Diamond_CP_Array_D44_BEDGE_edgemono_s17_h5p8_g0p35_top2p2.aedt,D:\WorkSpace\HFSS Sim\UWB-Antenna-Simulation-By-HFSS\reports_d44_board_edge_low_angle_single_element\UWB_CH9_D44_BOARD_EDGE_LOW_ANGLE_SINGLE_ELEMENT_edgemono_s17_h5p8_g0p35_top2p2_params.json,D:\WorkSpace\HFSS Sim\UWB-Antenna-Simulation-By-HFSS\reports_d44_board_edge_low_angle_single_element\edgemono_s17_h5p8_g0p35_top2p2_native_report_export.log,8.0,7.7,8.3,0.02,7.738,8.233,17.0,44.0,8.0,2.0,0.035,3.48,0.0037,21.4,8.0,0.0,3.4,0.0,0.22,0.42,0.0,0.0,1.78,0.58,0.48,0.34,0.55,0.5,0.0,0.24,0.6,1.0,0.0,0.85,0.12,0.65,0.0,2.2,0.12,1.65,0.08,0.0,3.0,0.1,0.55,0.45,3.3,0.0,3.6,0.18,0.75,0.95,0.4,0.0,0.0,0.0,0.0,0.0,0.0,0.0,1.0,0.254,2.8,2.8,0.38,0.0,0.0,0.0,0.0,7.4,0.42,0.0,0.0,0.0,0.0,1.1,0.0,0.6,0.0,0.0,0.0,0.0,0.0,1.0,0.06,0.68,0.42,1.0,0.03,0.0,2.2,0.3,0.0,2.2,0.12,1.2,0.06,0.0,3.0,0.1,45.0,0.0,0.0,0.0,6.2,0.0,0.0,0.0,2.4,0.3,0.0,0.0,0.0,2.0,0.5,0.0,0.0,4.6,0.35,3.8,0.15,0.0,0.0,1.8,5.5,0.3,5.2,0.0,0.0,1.0,1.0,5.8,0.24,0.35,0.0,2.2,0.0,3.8,5.2,0.24,0.6,0.7,0.0,0.0,0.0,0.18,1.0,0.0,0.0,0.14,1.0,0.0,0.0,0.0,0.0,0.0,0.14,1.0,0.0,1.6,0.12,0.08,2.0,1.0,0.0,1.0,0.0,50.0,0.08,0.0,0.0,0.0,0.25,2.0,1.0,0.0,0.0,0.25,3.0,-1.0,0.0,0.0,0.8,0.0,10.0,0.42,3.2,8.0,8.0,7.0,3.0,-5.0,1.0,P1L,D:\WorkSpace\HFSS Sim\UWB-Antenna-Simulation-By-HFSS\reports_d44_board_edge_low_angle_single_element\edgemono_s17_h5p8_g0p35_top2p2_native_s_parameters.csv,"dB(S(P1L,P1L)) []",8.0,-7.73725116823866,False,720,-12.8696801323817,55.0,245.0,260.0,170.0,-9.30563406511693,55.0,260.0,False,False,6,,,,,,,,
edgemono_s17_h5p9_g0p25_top1p4_neck0p6,"Slightly taller monopole with a short feed neck, keeping total height inside 8 mm.",124.11476492881775,D:\WorkSpace\HFSS Sim\UWB-Antenna-Simulation-By-HFSS\UWB_CH9_Diamond_CP_Array_D44_BEDGE_edgemono_s17_h5p9_g0p25_top1p4_neck0.aedt,D:\WorkSpace\HFSS Sim\UWB-Antenna-Simulation-By-HFSS\reports_d44_board_edge_low_angle_single_element\UWB_CH9_D44_BOARD_EDGE_LOW_ANGLE_SINGLE_ELEMENT_edgemono_s17_h5p9_g0p25_top1p4_neck0_params.json,D:\WorkSpace\HFSS Sim\UWB-Antenna-Simulation-By-HFSS\reports_d44_board_edge_low_angle_single_element\edgemono_s17_h5p9_g0p25_top1p4_neck0p6_native_report_export.log,8.0,7.7,8.3,0.02,7.738,8.233,17.0,44.0,8.0,2.0,0.035,3.48,0.0037,21.4,8.0,0.0,3.4,0.0,0.22,0.42,0.0,0.0,1.78,0.58,0.48,0.34,0.55,0.5,0.0,0.24,0.6,1.0,0.0,0.85,0.12,0.65,0.0,2.2,0.12,1.65,0.08,0.0,3.0,0.1,0.55,0.45,3.3,0.0,3.6,0.18,0.75,0.95,0.4,0.0,0.0,0.0,0.0,0.0,0.0,0.0,1.0,0.254,2.8,2.8,0.38,0.0,0.0,0.0,0.0,7.4,0.42,0.0,0.0,0.0,0.0,1.1,0.0,0.6,0.0,0.0,0.0,0.0,0.0,1.0,0.06,0.68,0.42,1.0,0.03,0.0,2.2,0.3,0.0,2.2,0.12,1.2,0.06,0.0,3.0,0.1,45.0,0.0,0.0,0.0,6.2,0.0,0.0,0.0,2.4,0.3,0.0,0.0,0.0,2.0,0.5,0.0,0.0,4.6,0.35,3.8,0.15,0.0,0.0,1.8,5.5,0.3,5.2,0.0,0.0,1.0,1.0,5.9,0.24,0.25,0.0,1.4,0.0,3.8,5.2,0.24,0.6,0.7,0.0,0.0,0.0,0.18,1.0,0.0,0.0,0.14,1.0,0.0,0.0,0.0,1.0,0.6,0.14,1.0,0.0,1.6,0.12,0.08,2.0,1.0,0.0,1.0,0.0,50.0,0.08,0.0,0.0,0.0,0.25,2.0,1.0,0.0,0.0,0.25,3.0,-1.0,0.0,0.0,0.8,0.0,10.0,0.42,3.2,8.0,8.0,7.0,3.0,-5.0,1.0,P1L,D:\WorkSpace\HFSS Sim\UWB-Antenna-Simulation-By-HFSS\reports_d44_board_edge_low_angle_single_element\edgemono_s17_h5p9_g0p25_top1p4_neck0p6_native_s_parameters.csv,"dB(S(P1L,P1L)) []",8.0,-7.52183030107197,False,720,-13.5190914484544,60.0,245.0,260.0,170.0,-9.33261558812899,90.0,170.0,False,False,7,,,,,,,,
edgemono_s17_h5p8_g0p35_top2p2_stub1p0_l1p8,Use a manufacturable shunt inductive match plus printed stub on the top-loaded monopole candidate.,119.78352689743042,D:\WorkSpace\HFSS Sim\UWB-Antenna-Simulation-By-HFSS\UWB_CH9_Diamond_CP_Array_D44_BEDGE_edgemono_s17_h5p8_g0p35_top2p2_stub1.aedt,D:\WorkSpace\HFSS Sim\UWB-Antenna-Simulation-By-HFSS\reports_d44_board_edge_low_angle_single_element\UWB_CH9_D44_BOARD_EDGE_LOW_ANGLE_SINGLE_ELEMENT_edgemono_s17_h5p8_g0p35_top2p2_stub1_params.json,D:\WorkSpace\HFSS Sim\UWB-Antenna-Simulation-By-HFSS\reports_d44_board_edge_low_angle_single_element\edgemono_s17_h5p8_g0p35_top2p2_stub1p0_l1p8_native_report_export.log,8.0,7.7,8.3,0.02,7.738,8.233,17.0,44.0,8.0,2.0,0.035,3.48,0.0037,21.4,8.0,0.0,3.4,0.0,0.22,0.42,0.0,0.0,1.78,0.58,0.48,0.34,0.55,0.5,0.0,0.24,0.6,1.0,0.0,0.85,0.12,0.65,0.0,2.2,0.12,1.65,0.08,0.0,3.0,0.1,0.55,0.45,3.3,0.0,3.6,0.18,0.75,0.95,0.4,0.0,0.0,0.0,0.0,0.0,0.0,0.0,1.0,0.254,2.8,2.8,0.38,0.0,0.0,0.0,0.0,7.4,0.42,0.0,0.0,0.0,0.0,1.1,0.0,0.6,0.0,0.0,0.0,0.0,0.0,1.0,0.06,0.68,0.42,1.0,0.03,0.0,2.2,0.3,0.0,2.2,0.12,1.2,0.06,0.0,3.0,0.1,45.0,0.0,0.0,0.0,6.2,0.0,0.0,0.0,2.4,0.3,0.0,0.0,0.0,2.0,0.5,0.0,0.0,4.6,0.35,3.8,0.15,0.0,0.0,1.8,5.5,0.3,5.2,0.0,0.0,1.0,1.0,5.8,0.24,0.35,0.0,2.2,0.0,3.8,5.2,0.24,0.6,0.7,0.0,1.0,1.0,0.18,1.0,0.0,0.0,0.14,1.0,0.0,1.8,0.0,0.0,0.0,0.14,1.0,0.0,1.6,0.12,0.08,2.0,1.0,0.0,1.0,0.0,50.0,0.08,0.0,0.0,0.0,0.25,2.0,1.0,0.0,0.0,0.25,3.0,-1.0,0.0,0.0,0.8,0.0,10.0,0.42,3.2,8.0,8.0,7.0,3.0,-5.0,1.0,P1L,D:\WorkSpace\HFSS Sim\UWB-Antenna-Simulation-By-HFSS\reports_d44_board_edge_low_angle_single_element\edgemono_s17_h5p8_g0p35_top2p2_stub1p0_l1p8_native_s_parameters.csv,"dB(S(P1L,P1L)) []",8.0,-3.83998599081986,False,720,-9.51122960869318,55.0,240.0,260.0,170.0,-6.7426162527638,90.0,170.0,False,False,8,,,,,,,,
edgeifa_s18p5_p6p2_h6p3_l4p8_f1p35_g0p18,"Move the true-fed IFA closer to the circular board rim, shrink the inactive A/B patch background, and use more vertical height inside the 8 mm envelope.",115.45885562896729,D:\WorkSpace\HFSS Sim\UWB-Antenna-Simulation-By-HFSS\UWB_CH9_Diamond_CP_Array_D44_BEDGE_edgeifa_s18p5_p6p2_h6p3_l4p8_f1p35_g.aedt,D:\WorkSpace\HFSS Sim\UWB-Antenna-Simulation-By-HFSS\reports_d44_board_edge_low_angle_single_element\UWB_CH9_D44_BOARD_EDGE_LOW_ANGLE_SINGLE_ELEMENT_edgeifa_s18p5_p6p2_h6p3_l4p8_f1p35_g_params.json,D:\WorkSpace\HFSS Sim\UWB-Antenna-Simulation-By-HFSS\reports_d44_board_edge_low_angle_single_element\edgeifa_s18p5_p6p2_h6p3_l4p8_f1p35_g0p18_native_report_export.log,8.0,7.7,8.3,0.02,7.738,8.233,18.5,44.0,8.0,1.6,0.035,3.48,0.0037,21.4,6.2,0.0,3.4,0.0,0.22,0.42,0.0,0.0,1.78,0.58,0.48,0.34,0.55,0.5,0.0,0.24,0.6,1.0,0.0,0.85,0.12,0.65,0.0,2.2,0.12,1.65,0.08,0.0,3.0,0.1,0.55,0.45,3.3,0.0,3.6,0.18,0.75,0.95,0.4,0.0,0.0,0.0,0.0,0.0,0.0,0.0,1.0,0.254,2.2,2.2,0.38,0.0,0.0,0.0,0.0,5.8,0.42,0.0,0.0,0.0,0.0,1.1,0.0,0.6,0.0,0.0,0.0,0.0,0.0,1.0,0.06,0.68,0.42,1.0,0.03,0.0,2.2,0.3,0.0,2.2,0.12,1.2,0.06,0.0,3.0,0.1,45.0,0.0,0.0,0.0,6.2,0.0,0.0,0.0,2.4,0.3,0.0,0.0,0.0,2.0,0.5,0.0,0.0,4.6,0.35,3.8,0.15,0.0,0.0,1.8,5.5,0.3,5.2,0.0,0.0,1.0,0.0,4.8,0.24,0.8,0.0,0.0,1.0,4.8,6.3,0.28,0.18,1.35,0.0,0.0,0.0,0.18,1.0,0.0,0.0,0.14,1.0,0.0,0.0,0.0,0.0,0.0,0.14,1.0,0.0,1.6,0.12,0.08,2.0,1.0,0.0,1.0,0.0,50.0,0.08,0.0,0.0,0.0,0.25,2.0,1.0,0.0,0.0,0.25,3.0,-1.0,0.0,0.0,0.8,0.0,10.0,0.42,3.2,8.0,8.0,7.0,3.0,-5.0,1.0,P1L,D:\WorkSpace\HFSS Sim\UWB-Antenna-Simulation-By-HFSS\reports_d44_board_edge_low_angle_single_element\edgeifa_s18p5_p6p2_h6p3_l4p8_f1p35_g0p18_native_s_parameters.csv,"dB(S(P1L,P1L)) []",8.0,-1.55287929966104,False,720,-6.36685526428641,45.0,175.0,255.0,165.0,-5.52692766191844,60.0,165.0,False,False,9,,,,,,,,
edgeifa_s18p5_p6p2_h6p3_l4p8_f2p10_g0p18,Same rim-pushed IFA as #9 with a farther feed tap to lower the very high input resistance.,114.85583019256592,D:\WorkSpace\HFSS Sim\UWB-Antenna-Simulation-By-HFSS\UWB_CH9_Diamond_CP_Array_D44_BEDGE_edgeifa_s18p5_p6p2_h6p3_l4p8_f2p10_g.aedt,D:\WorkSpace\HFSS Sim\UWB-Antenna-Simulation-By-HFSS\reports_d44_board_edge_low_angle_single_element\UWB_CH9_D44_BOARD_EDGE_LOW_ANGLE_SINGLE_ELEMENT_edgeifa_s18p5_p6p2_h6p3_l4p8_f2p10_g_params.json,D:\WorkSpace\HFSS Sim\UWB-Antenna-Simulation-By-HFSS\reports_d44_board_edge_low_angle_single_element\edgeifa_s18p5_p6p2_h6p3_l4p8_f2p10_g0p18_native_report_export.log,8.0,7.7,8.3,0.02,7.738,8.233,18.5,44.0,8.0,1.6,0.035,3.48,0.0037,21.4,6.2,0.0,3.4,0.0,0.22,0.42,0.0,0.0,1.78,0.58,0.48,0.34,0.55,0.5,0.0,0.24,0.6,1.0,0.0,0.85,0.12,0.65,0.0,2.2,0.12,1.65,0.08,0.0,3.0,0.1,0.55,0.45,3.3,0.0,3.6,0.18,0.75,0.95,0.4,0.0,0.0,0.0,0.0,0.0,0.0,0.0,1.0,0.254,2.2,2.2,0.38,0.0,0.0,0.0,0.0,5.8,0.42,0.0,0.0,0.0,0.0,1.1,0.0,0.6,0.0,0.0,0.0,0.0,0.0,1.0,0.06,0.68,0.42,1.0,0.03,0.0,2.2,0.3,0.0,2.2,0.12,1.2,0.06,0.0,3.0,0.1,45.0,0.0,0.0,0.0,6.2,0.0,0.0,0.0,2.4,0.3,0.0,0.0,0.0,2.0,0.5,0.0,0.0,4.6,0.35,3.8,0.15,0.0,0.0,1.8,5.5,0.3,5.2,0.0,0.0,1.0,0.0,4.8,0.24,0.8,0.0,0.0,1.0,4.8,6.3,0.28,0.18,2.1,0.0,0.0,0.0,0.18,1.0,0.0,0.0,0.14,1.0,0.0,0.0,0.0,0.0,0.0,0.14,1.0,0.0,1.6,0.12,0.08,2.0,1.0,0.0,1.0,0.0,50.0,0.08,0.0,0.0,0.0,0.25,2.0,1.0,0.0,0.0,0.25,3.0,-1.0,0.0,0.0,0.8,0.0,10.0,0.42,3.2,8.0,8.0,7.0,3.0,-5.0,1.0,P1L,D:\WorkSpace\HFSS Sim\UWB-Antenna-Simulation-By-HFSS\reports_d44_board_edge_low_angle_single_element\edgeifa_s18p5_p6p2_h6p3_l4p8_f2p10_g0p18_native_s_parameters.csv,"dB(S(P1L,P1L)) []",8.0,-2.20413061225986,False,720,-7.6649811510416,45.0,175.0,250.0,160.0,-6.23522671335731,55.0,250.0,False,False,10,,,,,,,,
edgeifa_s19p5_p4p8_h6p3_l5p2_f1p80_g0p18,Use a very small inactive patch footprint so the printed IFA can sit at the real board rim with a longer top arm.,113.92133259773254,D:\WorkSpace\HFSS Sim\UWB-Antenna-Simulation-By-HFSS\UWB_CH9_Diamond_CP_Array_D44_BEDGE_edgeifa_s19p5_p4p8_h6p3_l5p2_f1p80_g.aedt,D:\WorkSpace\HFSS Sim\UWB-Antenna-Simulation-By-HFSS\reports_d44_board_edge_low_angle_single_element\UWB_CH9_D44_BOARD_EDGE_LOW_ANGLE_SINGLE_ELEMENT_edgeifa_s19p5_p4p8_h6p3_l5p2_f1p80_g_params.json,D:\WorkSpace\HFSS Sim\UWB-Antenna-Simulation-By-HFSS\reports_d44_board_edge_low_angle_single_element\edgeifa_s19p5_p4p8_h6p3_l5p2_f1p80_g0p18_native_report_export.log,8.0,7.7,8.3,0.02,7.738,8.233,19.5,44.0,8.0,1.6,0.035,3.48,0.0037,21.4,4.8,0.0,3.4,0.0,0.22,0.42,0.0,0.0,1.78,0.58,0.48,0.34,0.55,0.5,0.0,0.24,0.6,1.0,0.0,0.85,0.12,0.65,0.0,2.2,0.12,1.65,0.08,0.0,3.0,0.1,0.55,0.45,3.3,0.0,3.6,0.18,0.75,0.95,0.4,0.0,0.0,0.0,0.0,0.0,0.0,0.0,1.0,0.254,1.8,1.8,0.38,0.0,0.0,0.0,0.0,4.6,0.42,0.0,0.0,0.0,0.0,1.1,0.0,0.6,0.0,0.0,0.0,0.0,0.0,1.0,0.06,0.68,0.42,1.0,0.03,0.0,2.2,0.3,0.0,2.2,0.12,1.2,0.06,0.0,3.0,0.1,45.0,0.0,0.0,0.0,6.2,0.0,0.0,0.0,2.4,0.3,0.0,0.0,0.0,2.0,0.5,0.0,0.0,4.6,0.35,3.8,0.15,0.0,0.0,1.8,5.5,0.3,5.2,0.0,0.0,1.0,0.0,4.8,0.24,0.8,0.0,0.0,1.0,5.2,6.3,0.28,0.18,1.8,0.0,0.0,0.0,0.18,1.0,0.0,0.0,0.14,1.0,0.0,0.0,0.0,0.0,0.0,0.14,1.0,0.0,1.6,0.12,0.08,2.0,1.0,0.0,1.0,0.0,50.0,0.08,0.0,0.0,0.0,0.25,2.0,1.0,0.0,0.0,0.25,3.0,-1.0,0.0,0.0,0.8,0.0,10.0,0.42,3.2,8.0,8.0,7.0,3.0,-5.0,1.0,P1L,D:\WorkSpace\HFSS Sim\UWB-Antenna-Simulation-By-HFSS\reports_d44_board_edge_low_angle_single_element\edgeifa_s19p5_p4p8_h6p3_l5p2_f1p80_g0p18_native_s_parameters.csv,"dB(S(P1L,P1L)) []",8.0,-1.61225715235184,False,720,-7.06679283014074,45.0,175.0,190.0,100.0,-5.64386724896001,50.0,250.0,False,False,11,,,,,,,,
edgeifa_s19p5_p4p8_h6p3_l5p2_f2p60_g0p18,Farther feed tap on the rim IFA to search for a better 50 ohm transform point before adding a discrete series element.,114.59722757339478,D:\WorkSpace\HFSS Sim\UWB-Antenna-Simulation-By-HFSS\UWB_CH9_Diamond_CP_Array_D44_BEDGE_edgeifa_s19p5_p4p8_h6p3_l5p2_f2p60_g.aedt,D:\WorkSpace\HFSS Sim\UWB-Antenna-Simulation-By-HFSS\reports_d44_board_edge_low_angle_single_element\UWB_CH9_D44_BOARD_EDGE_LOW_ANGLE_SINGLE_ELEMENT_edgeifa_s19p5_p4p8_h6p3_l5p2_f2p60_g_params.json,D:\WorkSpace\HFSS Sim\UWB-Antenna-Simulation-By-HFSS\reports_d44_board_edge_low_angle_single_element\edgeifa_s19p5_p4p8_h6p3_l5p2_f2p60_g0p18_native_report_export.log,8.0,7.7,8.3,0.02,7.738,8.233,19.5,44.0,8.0,1.6,0.035,3.48,0.0037,21.4,4.8,0.0,3.4,0.0,0.22,0.42,0.0,0.0,1.78,0.58,0.48,0.34,0.55,0.5,0.0,0.24,0.6,1.0,0.0,0.85,0.12,0.65,0.0,2.2,0.12,1.65,0.08,0.0,3.0,0.1,0.55,0.45,3.3,0.0,3.6,0.18,0.75,0.95,0.4,0.0,0.0,0.0,0.0,0.0,0.0,0.0,1.0,0.254,1.8,1.8,0.38,0.0,0.0,0.0,0.0,4.6,0.42,0.0,0.0,0.0,0.0,1.1,0.0,0.6,0.0,0.0,0.0,0.0,0.0,1.0,0.06,0.68,0.42,1.0,0.03,0.0,2.2,0.3,0.0,2.2,0.12,1.2,0.06,0.0,3.0,0.1,45.0,0.0,0.0,0.0,6.2,0.0,0.0,0.0,2.4,0.3,0.0,0.0,0.0,2.0,0.5,0.0,0.0,4.6,0.35,3.8,0.15,0.0,0.0,1.8,5.5,0.3,5.2,0.0,0.0,1.0,0.0,4.8,0.24,0.8,0.0,0.0,1.0,5.2,6.3,0.3,0.18,2.6,0.0,0.0,0.0,0.18,1.0,0.0,0.0,0.14,1.0,0.0,0.0,0.0,0.0,0.0,0.14,1.0,0.0,1.6,0.12,0.08,2.0,1.0,0.0,1.0,0.0,50.0,0.08,0.0,0.0,0.0,0.25,2.0,1.0,0.0,0.0,0.25,3.0,-1.0,0.0,0.0,0.8,0.0,10.0,0.42,3.2,8.0,8.0,7.0,3.0,-5.0,1.0,P1L,D:\WorkSpace\HFSS Sim\UWB-Antenna-Simulation-By-HFSS\reports_d44_board_edge_low_angle_single_element\edgeifa_s19p5_p4p8_h6p3_l5p2_f2p60_g0p18_native_s_parameters.csv,"dB(S(P1L,P1L)) []",8.0,-2.58370418857027,False,720,-7.12581408901743,45.0,175.0,250.0,160.0,-5.73118812523452,50.0,250.0,False,False,12,,,,,,,,
edgeifa_s20p0_p4p2_h6p3_l5p4_f2p00_g0p15,Push the IFA to the most aggressive board-rim placement that still fits the D44 circular outline.,109.61913228034973,D:\WorkSpace\HFSS Sim\UWB-Antenna-Simulation-By-HFSS\UWB_CH9_Diamond_CP_Array_D44_BEDGE_edgeifa_s20p0_p4p2_h6p3_l5p4_f2p00_g.aedt,D:\WorkSpace\HFSS Sim\UWB-Antenna-Simulation-By-HFSS\reports_d44_board_edge_low_angle_single_element\UWB_CH9_D44_BOARD_EDGE_LOW_ANGLE_SINGLE_ELEMENT_edgeifa_s20p0_p4p2_h6p3_l5p4_f2p00_g_params.json,D:\WorkSpace\HFSS Sim\UWB-Antenna-Simulation-By-HFSS\reports_d44_board_edge_low_angle_single_element\edgeifa_s20p0_p4p2_h6p3_l5p4_f2p00_g0p15_native_report_export.log,8.0,7.7,8.3,0.02,7.738,8.233,20.0,44.0,8.0,1.6,0.035,3.48,0.0037,21.4,4.2,0.0,3.4,0.0,0.22,0.42,0.0,0.0,1.78,0.58,0.48,0.34,0.55,0.5,0.0,0.24,0.6,1.0,0.0,0.85,0.12,0.65,0.0,2.2,0.12,1.65,0.08,0.0,3.0,0.1,0.55,0.45,3.3,0.0,3.6,0.18,0.75,0.95,0.4,0.0,0.0,0.0,0.0,0.0,0.0,0.0,1.0,0.254,1.6,1.6,0.38,0.0,0.0,0.0,0.0,4.0,0.42,0.0,0.0,0.0,0.0,1.1,0.0,0.6,0.0,0.0,0.0,0.0,0.0,1.0,0.06,0.68,0.42,1.0,0.03,0.0,2.2,0.3,0.0,2.2,0.12,1.2,0.06,0.0,3.0,0.1,45.0,0.0,0.0,0.0,6.2,0.0,0.0,0.0,2.4,0.3,0.0,0.0,0.0,2.0,0.5,0.0,0.0,4.6,0.35,3.8,0.15,0.0,0.0,1.8,5.5,0.3,5.2,0.0,0.0,1.0,0.0,4.8,0.24,0.8,0.0,0.0,1.0,5.4,6.3,0.3,0.15,2.0,0.0,0.0,0.0,0.18,1.0,0.0,0.0,0.14,1.0,0.0,0.0,0.0,0.0,0.0,0.14,1.0,0.0,1.6,0.12,0.08,2.0,1.0,0.0,1.0,0.0,50.0,0.08,0.0,0.0,0.0,0.25,2.0,1.0,0.0,0.0,0.25,3.0,-1.0,0.0,0.0,0.8,0.0,10.0,0.42,3.2,8.0,8.0,7.0,3.0,-5.0,1.0,P1L,D:\WorkSpace\HFSS Sim\UWB-Antenna-Simulation-By-HFSS\reports_d44_board_edge_low_angle_single_element\edgeifa_s20p0_p4p2_h6p3_l5p4_f2p00_g0p15_native_s_parameters.csv,"dB(S(P1L,P1L)) []",8.0,-1.77853602646835,False,720,-6.39180388781842,45.0,175.0,255.0,165.0,-5.29783144834228,60.0,165.0,False,False,13,,,,,,,,
edgeifa_s20p0_p4p2_h6p3_l5p4_f2p80_g0p15,"High-feed-tap endpoint on the aggressive rim IFA, checking whether the resistance trend continues.",109.17098140716553,D:\WorkSpace\HFSS Sim\UWB-Antenna-Simulation-By-HFSS\UWB_CH9_Diamond_CP_Array_D44_BEDGE_edgeifa_s20p0_p4p2_h6p3_l5p4_f2p80_g.aedt,D:\WorkSpace\HFSS Sim\UWB-Antenna-Simulation-By-HFSS\reports_d44_board_edge_low_angle_single_element\UWB_CH9_D44_BOARD_EDGE_LOW_ANGLE_SINGLE_ELEMENT_edgeifa_s20p0_p4p2_h6p3_l5p4_f2p80_g_params.json,D:\WorkSpace\HFSS Sim\UWB-Antenna-Simulation-By-HFSS\reports_d44_board_edge_low_angle_single_element\edgeifa_s20p0_p4p2_h6p3_l5p4_f2p80_g0p15_native_report_export.log,8.0,7.7,8.3,0.02,7.738,8.233,20.0,44.0,8.0,1.6,0.035,3.48,0.0037,21.4,4.2,0.0,3.4,0.0,0.22,0.42,0.0,0.0,1.78,0.58,0.48,0.34,0.55,0.5,0.0,0.24,0.6,1.0,0.0,0.85,0.12,0.65,0.0,2.2,0.12,1.65,0.08,0.0,3.0,0.1,0.55,0.45,3.3,0.0,3.6,0.18,0.75,0.95,0.4,0.0,0.0,0.0,0.0,0.0,0.0,0.0,1.0,0.254,1.6,1.6,0.38,0.0,0.0,0.0,0.0,4.0,0.42,0.0,0.0,0.0,0.0,1.1,0.0,0.6,0.0,0.0,0.0,0.0,0.0,1.0,0.06,0.68,0.42,1.0,0.03,0.0,2.2,0.3,0.0,2.2,0.12,1.2,0.06,0.0,3.0,0.1,45.0,0.0,0.0,0.0,6.2,0.0,0.0,0.0,2.4,0.3,0.0,0.0,0.0,2.0,0.5,0.0,0.0,4.6,0.35,3.8,0.15,0.0,0.0,1.8,5.5,0.3,5.2,0.0,0.0,1.0,0.0,4.8,0.24,0.8,0.0,0.0,1.0,5.4,6.3,0.3,0.15,2.8,0.0,0.0,0.0,0.18,1.0,0.0,0.0,0.14,1.0,0.0,0.0,0.0,0.0,0.0,0.14,1.0,0.0,1.6,0.12,0.08,2.0,1.0,0.0,1.0,0.0,50.0,0.08,0.0,0.0,0.0,0.25,2.0,1.0,0.0,0.0,0.25,3.0,-1.0,0.0,0.0,0.8,0.0,10.0,0.42,3.2,8.0,8.0,7.0,3.0,-5.0,1.0,P1L,D:\WorkSpace\HFSS Sim\UWB-Antenna-Simulation-By-HFSS\reports_d44_board_edge_low_angle_single_element\edgeifa_s20p0_p4p2_h6p3_l5p4_f2p80_g0p15_native_s_parameters.csv,"dB(S(P1L,P1L)) []",8.0,-2.34858702196601,False,720,-7.52496188125768,45.0,175.0,195.0,105.0,-5.93892533989188,50.0,250.0,False,False,14,,,,,,,,
edgeifa_s19p0_p5p4_h6p3_l5p0_f1p80_foldpar,Add a passive folded edge arm beside the true-fed IFA as a low-cost parasitic aperture to strengthen low-elevation current.,125.79939079284668,D:\WorkSpace\HFSS Sim\UWB-Antenna-Simulation-By-HFSS\UWB_CH9_Diamond_CP_Array_D44_BEDGE_edgeifa_s19p0_p5p4_h6p3_l5p0_f1p80_f.aedt,D:\WorkSpace\HFSS Sim\UWB-Antenna-Simulation-By-HFSS\reports_d44_board_edge_low_angle_single_element\UWB_CH9_D44_BOARD_EDGE_LOW_ANGLE_SINGLE_ELEMENT_edgeifa_s19p0_p5p4_h6p3_l5p0_f1p80_f_params.json,D:\WorkSpace\HFSS Sim\UWB-Antenna-Simulation-By-HFSS\reports_d44_board_edge_low_angle_single_element\edgeifa_s19p0_p5p4_h6p3_l5p0_f1p80_foldpar_native_report_export.log,8.0,7.7,8.3,0.02,7.738,8.233,19.0,44.0,8.0,1.6,0.035,3.48,0.0037,21.4,6.2,0.0,3.4,0.0,0.22,0.42,0.0,0.0,1.78,0.58,0.48,0.34,0.55,0.5,0.0,0.24,0.6,1.0,0.0,0.85,0.12,0.65,0.0,2.2,0.12,1.65,0.08,0.0,3.0,0.1,0.55,0.45,3.3,0.0,3.6,0.18,0.75,0.95,0.4,0.0,0.0,0.0,0.0,0.0,0.0,0.0,1.0,0.254,2.0,2.0,0.38,0.0,0.0,0.0,0.0,5.8,0.42,0.0,0.0,0.0,0.0,1.1,0.0,0.6,0.0,0.0,0.0,0.0,0.0,1.0,0.06,0.68,0.42,1.0,0.03,0.0,2.2,0.3,0.0,2.2,0.12,1.2,0.06,0.0,3.0,0.1,45.0,0.0,0.0,0.0,6.2,0.0,0.0,0.0,2.4,0.3,0.0,0.0,0.0,2.0,0.5,0.0,0.0,4.6,0.35,3.8,0.15,0.0,1.0,1.0,2.7,0.24,5.9,0.0,0.0,1.0,0.0,4.8,0.24,0.8,0.0,0.0,1.0,5.0,6.3,0.28,0.18,1.8,0.0,0.0,0.0,0.18,1.0,0.0,0.0,0.14,1.0,0.0,0.0,0.0,0.0,0.0,0.14,1.0,0.0,1.6,0.12,0.08,2.0,1.0,0.0,1.0,0.0,50.0,0.08,0.0,0.0,0.0,0.25,2.0,1.0,0.0,0.0,0.25,3.0,-1.0,0.0,0.0,0.8,0.0,10.0,0.42,3.2,8.0,8.0,7.0,3.0,-5.0,1.0,P1L,D:\WorkSpace\HFSS Sim\UWB-Antenna-Simulation-By-HFSS\reports_d44_board_edge_low_angle_single_element\edgeifa_s19p0_p5p4_h6p3_l5p0_f1p80_foldpar_native_s_parameters.csv,"dB(S(P1L,P1L)) []",8.0,-2.66411643265035,False,720,-6.18996574440216,55.0,245.0,255.0,165.0,-4.8022473957102,50.0,255.0,True,False,15,,,,,,,,
edgeifa_s19p5_p4p8_h6p3_l5p2_f1p80_hloop,Keep the real board-edge IFA and open a small horizon loop in the inactive patch background to reduce stored energy near A/B loads.,114.98482322692871,D:\WorkSpace\HFSS Sim\UWB-Antenna-Simulation-By-HFSS\UWB_CH9_Diamond_CP_Array_D44_BEDGE_edgeifa_s19p5_p4p8_h6p3_l5p2_f1p80_h.aedt,D:\WorkSpace\HFSS Sim\UWB-Antenna-Simulation-By-HFSS\reports_d44_board_edge_low_angle_single_element\UWB_CH9_D44_BOARD_EDGE_LOW_ANGLE_SINGLE_ELEMENT_edgeifa_s19p5_p4p8_h6p3_l5p2_f1p80_h_params.json,D:\WorkSpace\HFSS Sim\UWB-Antenna-Simulation-By-HFSS\reports_d44_board_edge_low_angle_single_element\edgeifa_s19p5_p4p8_h6p3_l5p2_f1p80_hloop_native_report_export.log,8.0,7.7,8.3,0.02,7.738,8.233,19.5,44.0,8.0,1.6,0.035,3.48,0.0037,21.4,4.8,0.0,3.4,0.0,0.22,0.42,0.0,0.0,1.78,0.58,0.48,0.34,0.55,0.5,0.0,0.24,0.6,1.0,0.0,0.85,0.12,0.65,0.0,2.2,0.12,1.65,0.08,0.0,3.0,0.1,0.55,0.45,3.3,0.0,3.6,0.18,0.75,0.95,0.4,0.0,0.0,0.0,0.0,0.0,0.0,0.0,1.0,0.254,1.8,1.8,0.38,0.0,0.0,0.0,0.0,4.6,0.42,0.0,0.0,0.0,0.0,1.1,0.0,0.6,0.0,0.0,0.0,0.0,0.0,1.0,0.06,0.68,0.42,1.0,0.03,0.0,2.2,0.3,0.0,2.2,0.12,1.2,0.06,0.0,3.0,0.1,45.0,0.0,0.0,1.0,2.8,0.0,0.0,0.0,2.4,0.3,0.0,0.0,0.0,2.0,0.5,0.0,0.0,4.6,0.35,3.8,0.15,0.0,0.0,1.8,5.5,0.3,5.2,0.0,0.0,1.0,0.0,4.8,0.24,0.8,0.0,0.0,1.0,5.2,6.3,0.28,0.18,1.8,0.0,0.0,0.0,0.18,1.0,0.0,0.0,0.14,1.0,0.0,0.0,0.0,0.0,0.0,0.14,1.0,0.0,1.6,0.12,0.08,2.0,1.0,0.0,1.0,0.0,50.0,0.08,0.0,0.0,0.0,0.25,2.0,1.0,0.0,0.0,0.25,3.0,-1.0,0.0,0.0,0.8,0.0,10.0,0.42,3.2,8.0,8.0,7.0,3.0,-5.0,1.0,P1L,D:\WorkSpace\HFSS Sim\UWB-Antenna-Simulation-By-HFSS\reports_d44_board_edge_low_angle_single_element\edgeifa_s19p5_p4p8_h6p3_l5p2_f1p80_hloop_native_s_parameters.csv,"dB(S(P1L,P1L)) []",8.0,-2.10037320203787,False,720,-6.61605403778324,45.0,170.0,250.0,160.0,-5.7160472223132,50.0,250.0,False,False,16,,,,,,,,
edgeifa_s19p0_foldpar_match_c0p173_l6p1,Apply the load-side L-match solved from #15 impedance: about 0.173 pF series C plus 6.1 nH shunt L.,129.87370777130127,D:\WorkSpace\HFSS Sim\UWB-Antenna-Simulation-By-HFSS\UWB_CH9_Diamond_CP_Array_D44_BEDGE_edgeifa_s19p0_foldpar_match_c0p173_l.aedt,D:\WorkSpace\HFSS Sim\UWB-Antenna-Simulation-By-HFSS\reports_d44_board_edge_low_angle_single_element\UWB_CH9_D44_BOARD_EDGE_LOW_ANGLE_SINGLE_ELEMENT_edgeifa_s19p0_foldpar_match_c0p173_l_params.json,D:\WorkSpace\HFSS Sim\UWB-Antenna-Simulation-By-HFSS\reports_d44_board_edge_low_angle_single_element\edgeifa_s19p0_foldpar_match_c0p173_l6p1_native_report_export.log,8.0,7.7,8.3,0.02,7.738,8.233,19.0,44.0,8.0,1.6,0.035,3.48,0.0037,21.4,6.2,0.0,3.4,0.0,0.22,0.42,0.0,0.0,1.78,0.58,0.48,0.34,0.55,0.5,0.0,0.24,0.6,1.0,0.0,0.85,0.12,0.65,0.0,2.2,0.12,1.65,0.08,0.0,3.0,0.1,0.55,0.45,3.3,0.0,3.6,0.18,0.75,0.95,0.4,0.0,0.0,0.0,0.0,0.0,0.0,0.0,1.0,0.254,2.0,2.0,0.38,0.0,0.0,0.0,0.0,5.8,0.42,0.0,0.0,0.0,0.0,1.1,0.0,0.6,0.0,0.0,0.0,0.0,0.0,1.0,0.06,0.68,0.42,1.0,0.03,0.0,2.2,0.3,0.0,2.2,0.12,1.2,0.06,0.0,3.0,0.1,45.0,0.0,0.0,0.0,6.2,0.0,0.0,0.0,2.4,0.3,0.0,0.0,0.0,2.0,0.5,0.0,0.0,4.6,0.35,3.8,0.15,0.0,1.0,1.0,2.7,0.24,5.9,0.0,0.0,1.0,0.0,4.8,0.24,0.8,0.0,0.0,1.0,5.0,6.3,0.28,0.18,1.8,0.0,1.0,0.0,0.18,1.0,0.0,0.0,0.14,1.0,0.0,6.1,0.0,0.0,0.8,0.16,1.0,0.0,1.6,0.12,0.08,2.0,1.0,0.0,1.0,0.0,50.0,0.08,0.0,0.0,0.0,0.25,2.0,1.0,0.0,0.0,0.25,3.0,-1.0,0.0,0.0,0.8,0.0,10.0,0.42,3.2,8.0,8.0,7.0,3.0,-5.0,1.0,P1L,D:\WorkSpace\HFSS Sim\UWB-Antenna-Simulation-By-HFSS\reports_d44_board_edge_low_angle_single_element\edgeifa_s19p0_foldpar_match_c0p173_l6p1_native_s_parameters.csv,"dB(S(P1L,P1L)) []",8.0,-12.3075378648041,True,720,-8.35462745953282,55.0,250.0,260.0,170.0,-5.43944829040372,55.0,260.0,False,False,17,1.0,0.16,0.173,0.0,0.0,,,
edgeifa_s19p0_foldpar_match_c0p160_l5p6,Slightly weaker series/shunt match around the #15 solution to absorb source-island and pad parasitics.,125.41088557243347,D:\WorkSpace\HFSS Sim\UWB-Antenna-Simulation-By-HFSS\UWB_CH9_Diamond_CP_Array_D44_BEDGE_edgeifa_s19p0_foldpar_match_c0p160_l.aedt,D:\WorkSpace\HFSS Sim\UWB-Antenna-Simulation-By-HFSS\reports_d44_board_edge_low_angle_single_element\UWB_CH9_D44_BOARD_EDGE_LOW_ANGLE_SINGLE_ELEMENT_edgeifa_s19p0_foldpar_match_c0p160_l_params.json,D:\WorkSpace\HFSS Sim\UWB-Antenna-Simulation-By-HFSS\reports_d44_board_edge_low_angle_single_element\edgeifa_s19p0_foldpar_match_c0p160_l5p6_native_report_export.log,8.0,7.7,8.3,0.02,7.738,8.233,19.0,44.0,8.0,1.6,0.035,3.48,0.0037,21.4,6.2,0.0,3.4,0.0,0.22,0.42,0.0,0.0,1.78,0.58,0.48,0.34,0.55,0.5,0.0,0.24,0.6,1.0,0.0,0.85,0.12,0.65,0.0,2.2,0.12,1.65,0.08,0.0,3.0,0.1,0.55,0.45,3.3,0.0,3.6,0.18,0.75,0.95,0.4,0.0,0.0,0.0,0.0,0.0,0.0,0.0,1.0,0.254,2.0,2.0,0.38,0.0,0.0,0.0,0.0,5.8,0.42,0.0,0.0,0.0,0.0,1.1,0.0,0.6,0.0,0.0,0.0,0.0,0.0,1.0,0.06,0.68,0.42,1.0,0.03,0.0,2.2,0.3,0.0,2.2,0.12,1.2,0.06,0.0,3.0,0.1,45.0,0.0,0.0,0.0,6.2,0.0,0.0,0.0,2.4,0.3,0.0,0.0,0.0,2.0,0.5,0.0,0.0,4.6,0.35,3.8,0.15,0.0,1.0,1.0,2.7,0.24,5.9,0.0,0.0,1.0,0.0,4.8,0.24,0.8,0.0,0.0,1.0,5.0,6.3,0.28,0.18,1.8,0.0,1.0,0.0,0.18,1.0,0.0,0.0,0.14,1.0,0.0,5.6,0.0,0.0,0.7,0.16,1.0,0.0,1.6,0.12,0.08,2.0,1.0,0.0,1.0,0.0,50.0,0.08,0.0,0.0,0.0,0.25,2.0,1.0,0.0,0.0,0.25,3.0,-1.0,0.0,0.0,0.8,0.0,10.0,0.42,3.2,8.0,8.0,7.0,3.0,-5.0,1.0,P1L,D:\WorkSpace\HFSS Sim\UWB-Antenna-Simulation-By-HFSS\reports_d44_board_edge_low_angle_single_element\edgeifa_s19p0_foldpar_match_c0p160_l5p6_native_s_parameters.csv,"dB(S(P1L,P1L)) []",8.0,-9.90907128992395,False,720,-8.06004604205722,55.0,250.0,260.0,170.0,-5.50986901979833,50.0,170.0,False,False,18,1.0,0.16,0.16,0.0,0.0,,,
edgeifa_s19p0_foldpar_match_c0p190_l6p8,"Stronger matched endpoint around the #15 solution, checking whether the physical series island needs more compensation.",130.98991703987122,D:\WorkSpace\HFSS Sim\UWB-Antenna-Simulation-By-HFSS\UWB_CH9_Diamond_CP_Array_D44_BEDGE_edgeifa_s19p0_foldpar_match_c0p190_l.aedt,D:\WorkSpace\HFSS Sim\UWB-Antenna-Simulation-By-HFSS\reports_d44_board_edge_low_angle_single_element\UWB_CH9_D44_BOARD_EDGE_LOW_ANGLE_SINGLE_ELEMENT_edgeifa_s19p0_foldpar_match_c0p190_l_params.json,D:\WorkSpace\HFSS Sim\UWB-Antenna-Simulation-By-HFSS\reports_d44_board_edge_low_angle_single_element\edgeifa_s19p0_foldpar_match_c0p190_l6p8_native_report_export.log,8.0,7.7,8.3,0.02,7.738,8.233,19.0,44.0,8.0,1.6,0.035,3.48,0.0037,21.4,6.2,0.0,3.4,0.0,0.22,0.42,0.0,0.0,1.78,0.58,0.48,0.34,0.55,0.5,0.0,0.24,0.6,1.0,0.0,0.85,0.12,0.65,0.0,2.2,0.12,1.65,0.08,0.0,3.0,0.1,0.55,0.45,3.3,0.0,3.6,0.18,0.75,0.95,0.4,0.0,0.0,0.0,0.0,0.0,0.0,0.0,1.0,0.254,2.0,2.0,0.38,0.0,0.0,0.0,0.0,5.8,0.42,0.0,0.0,0.0,0.0,1.1,0.0,0.6,0.0,0.0,0.0,0.0,0.0,1.0,0.06,0.68,0.42,1.0,0.03,0.0,2.2,0.3,0.0,2.2,0.12,1.2,0.06,0.0,3.0,0.1,45.0,0.0,0.0,0.0,6.2,0.0,0.0,0.0,2.4,0.3,0.0,0.0,0.0,2.0,0.5,0.0,0.0,4.6,0.35,3.8,0.15,0.0,1.0,1.0,2.7,0.24,5.9,0.0,0.0,1.0,0.0,4.8,0.24,0.8,0.0,0.0,1.0,5.0,6.3,0.28,0.18,1.8,0.0,1.0,0.0,0.18,1.0,0.0,0.0,0.14,1.0,0.0,6.8,0.0,0.0,0.9,0.16,1.0,0.0,1.6,0.12,0.08,2.0,1.0,0.0,1.0,0.0,50.0,0.08,0.0,0.0,0.0,0.25,2.0,1.0,0.0,0.0,0.25,3.0,-1.0,0.0,0.0,0.8,0.0,10.0,0.42,3.2,8.0,8.0,7.0,3.0,-5.0,1.0,P1L,D:\WorkSpace\HFSS Sim\UWB-Antenna-Simulation-By-HFSS\reports_d44_board_edge_low_angle_single_element\edgeifa_s19p0_foldpar_match_c0p190_l6p8_native_s_parameters.csv,"dB(S(P1L,P1L)) []",8.0,-11.9868267657847,True,720,-8.39654113376442,55.0,250.0,260.0,170.0,-5.54916907264302,55.0,260.0,False,False,19,1.0,0.16,0.19,0.0,0.0,,,
edgeifa_s19p0_foldpar_hiarm_raw,Raise and widen the passive folded edge arm around #15 to add gain margin before applying the matching network.,115.96468734741211,D:\WorkSpace\HFSS Sim\UWB-Antenna-Simulation-By-HFSS\UWB_CH9_Diamond_CP_Array_D44_BEDGE_edgeifa_s19p0_foldpar_hiarm_raw.aedt,D:\WorkSpace\HFSS Sim\UWB-Antenna-Simulation-By-HFSS\reports_d44_board_edge_low_angle_single_element\UWB_CH9_D44_BOARD_EDGE_LOW_ANGLE_SINGLE_ELEMENT_edgeifa_s19p0_foldpar_hiarm_raw_params.json,D:\WorkSpace\HFSS Sim\UWB-Antenna-Simulation-By-HFSS\reports_d44_board_edge_low_angle_single_element\edgeifa_s19p0_foldpar_hiarm_raw_native_report_export.log,8.0,7.7,8.3,0.02,7.738,8.233,19.0,44.0,8.0,1.6,0.035,3.48,0.0037,21.4,6.2,0.0,3.4,0.0,0.22,0.42,0.0,0.0,1.78,0.58,0.48,0.34,0.55,0.5,0.0,0.24,0.6,1.0,0.0,0.85,0.12,0.65,0.0,2.2,0.12,1.65,0.08,0.0,3.0,0.1,0.55,0.45,3.3,0.0,3.6,0.18,0.75,0.95,0.4,0.0,0.0,0.0,0.0,0.0,0.0,0.0,1.0,0.254,2.0,2.0,0.38,0.0,0.0,0.0,0.0,5.8,0.42,0.0,0.0,0.0,0.0,1.1,0.0,0.6,0.0,0.0,0.0,0.0,0.0,1.0,0.06,0.68,0.42,1.0,0.03,0.0,2.2,0.3,0.0,2.2,0.12,1.2,0.06,0.0,3.0,0.1,45.0,0.0,0.0,0.0,6.2,0.0,0.0,0.0,2.4,0.3,0.0,0.0,0.0,2.0,0.5,0.0,0.0,4.6,0.35,3.8,0.15,0.0,1.0,1.2,2.65,0.3,6.3,0.0,0.0,1.0,0.0,4.8,0.24,0.8,0.0,0.0,1.0,5.0,6.3,0.34,0.18,1.8,0.0,0.0,0.0,0.18,1.0,0.0,0.0,0.14,1.0,0.0,0.0,0.0,0.0,0.0,0.14,1.0,0.0,1.6,0.12,0.08,2.0,1.0,0.0,1.0,0.0,50.0,0.08,0.0,0.0,0.0,0.25,2.0,1.0,0.0,0.0,0.25,3.0,-1.0,0.0,0.0,0.8,0.0,10.0,0.42,3.2,8.0,8.0,7.0,3.0,-5.0,1.0,P1L,D:\WorkSpace\HFSS Sim\UWB-Antenna-Simulation-By-HFSS\reports_d44_board_edge_low_angle_single_element\edgeifa_s19p0_foldpar_hiarm_raw_native_s_parameters.csv,"dB(S(P1L,P1L)) []",8.0,-2.08392639865456,False,720,-6.18631292109597,50.0,245.0,255.0,165.0,-5.23589542876219,50.0,255.0,False,False,20,0.0,0.14,0.0,0.0,0.0,,,
edgeifa_s19p0_foldpar_hiarm_match_c0p173_l6p1,"Apply the #15 solved L-match to the higher passive-arm geometry, targeting simultaneous gain and S11 pass.",129.6911325454712,D:\WorkSpace\HFSS Sim\UWB-Antenna-Simulation-By-HFSS\UWB_CH9_Diamond_CP_Array_D44_BEDGE_edgeifa_s19p0_foldpar_hiarm_match_c0.aedt,D:\WorkSpace\HFSS Sim\UWB-Antenna-Simulation-By-HFSS\reports_d44_board_edge_low_angle_single_element\UWB_CH9_D44_BOARD_EDGE_LOW_ANGLE_SINGLE_ELEMENT_edgeifa_s19p0_foldpar_hiarm_match_c0_params.json,D:\WorkSpace\HFSS Sim\UWB-Antenna-Simulation-By-HFSS\reports_d44_board_edge_low_angle_single_element\edgeifa_s19p0_foldpar_hiarm_match_c0p173_l6p1_native_report_export.log,8.0,7.7,8.3,0.02,7.738,8.233,19.0,44.0,8.0,1.6,0.035,3.48,0.0037,21.4,6.2,0.0,3.4,0.0,0.16,0.34,0.0,0.0,1.78,0.58,0.48,0.34,0.55,0.5,0.0,0.24,0.6,1.0,0.0,0.85,0.12,0.65,0.0,2.2,0.12,1.65,0.08,0.0,3.0,0.1,0.55,0.45,3.3,0.0,3.6,0.18,0.75,0.95,0.4,0.0,0.0,0.0,0.0,0.0,0.0,0.0,1.0,0.254,2.0,2.0,0.38,0.0,0.0,0.0,0.0,5.8,0.42,0.0,0.0,0.0,0.0,1.1,0.0,0.6,0.0,0.0,0.0,0.0,0.0,1.0,0.06,0.68,0.42,1.0,0.03,0.0,2.2,0.3,0.0,2.2,0.12,1.2,0.06,0.0,3.0,0.1,45.0,0.0,0.0,0.0,6.2,0.0,0.0,0.0,2.4,0.3,0.0,0.0,0.0,2.0,0.5,0.0,0.0,4.6,0.35,3.8,0.15,0.0,1.0,1.2,2.65,0.3,6.3,0.0,0.0,1.0,0.0,4.8,0.24,0.8,0.0,0.0,1.0,5.0,6.3,0.34,0.18,1.8,0.0,1.0,0.0,0.18,1.0,0.0,0.0,0.14,1.0,0.0,6.1,0.0,0.0,0.8,0.14,1.0,0.0,1.6,0.12,0.08,2.0,1.0,0.0,1.0,0.0,50.0,0.08,0.0,0.0,0.0,0.25,2.0,1.0,0.0,0.0,0.25,3.0,-1.0,0.0,0.0,0.8,0.0,10.0,0.42,3.2,8.0,8.0,7.0,3.0,-5.0,1.0,P1L,D:\WorkSpace\HFSS Sim\UWB-Antenna-Simulation-By-HFSS\reports_d44_board_edge_low_angle_single_element\edgeifa_s19p0_foldpar_hiarm_match_c0p173_l6p1_native_s_parameters.csv,"dB(S(P1L,P1L)) []",8.0,-12.6780529829045,True,720,-8.07442040841299,55.0,250.0,260.0,170.0,-5.32331445562441,55.0,260.0,False,False,21,1.0,0.14,0.173,0.0,0.0,,,
edgeifa_s19p0_foldpar_hiarm_match_c0p190_l6p8,Stronger matched endpoint on the higher passive-arm geometry.,129.71807765960693,D:\WorkSpace\HFSS Sim\UWB-Antenna-Simulation-By-HFSS\UWB_CH9_Diamond_CP_Array_D44_BEDGE_edgeifa_s19p0_foldpar_hiarm_match_c0.aedt,D:\WorkSpace\HFSS Sim\UWB-Antenna-Simulation-By-HFSS\reports_d44_board_edge_low_angle_single_element\UWB_CH9_D44_BOARD_EDGE_LOW_ANGLE_SINGLE_ELEMENT_edgeifa_s19p0_foldpar_hiarm_match_c0_params.json,D:\WorkSpace\HFSS Sim\UWB-Antenna-Simulation-By-HFSS\reports_d44_board_edge_low_angle_single_element\edgeifa_s19p0_foldpar_hiarm_match_c0p190_l6p8_native_report_export.log,8.0,7.7,8.3,0.02,7.738,8.233,19.0,44.0,8.0,1.6,0.035,3.48,0.0037,21.4,6.2,0.0,3.4,0.0,0.16,0.34,0.0,0.0,1.78,0.58,0.48,0.34,0.55,0.5,0.0,0.24,0.6,1.0,0.0,0.85,0.12,0.65,0.0,2.2,0.12,1.65,0.08,0.0,3.0,0.1,0.55,0.45,3.3,0.0,3.6,0.18,0.75,0.95,0.4,0.0,0.0,0.0,0.0,0.0,0.0,0.0,1.0,0.254,2.0,2.0,0.38,0.0,0.0,0.0,0.0,5.8,0.42,0.0,0.0,0.0,0.0,1.1,0.0,0.6,0.0,0.0,0.0,0.0,0.0,1.0,0.06,0.68,0.42,1.0,0.03,0.0,2.2,0.3,0.0,2.2,0.12,1.2,0.06,0.0,3.0,0.1,45.0,0.0,0.0,0.0,6.2,0.0,0.0,0.0,2.4,0.3,0.0,0.0,0.0,2.0,0.5,0.0,0.0,4.6,0.35,3.8,0.15,0.0,1.0,1.2,2.65,0.3,6.3,0.0,0.0,1.0,0.0,4.8,0.24,0.8,0.0,0.0,1.0,5.0,6.3,0.34,0.18,1.8,0.0,1.0,0.0,0.18,1.0,0.0,0.0,0.14,1.0,0.0,6.8,0.0,0.0,0.9,0.14,1.0,0.0,1.6,0.12,0.08,2.0,1.0,0.0,1.0,0.0,50.0,0.08,0.0,0.0,0.0,0.25,2.0,1.0,0.0,0.0,0.25,3.0,-1.0,0.0,0.0,0.8,0.0,10.0,0.42,3.2,8.0,8.0,7.0,3.0,-5.0,1.0,P1L,D:\WorkSpace\HFSS Sim\UWB-Antenna-Simulation-By-HFSS\reports_d44_board_edge_low_angle_single_element\edgeifa_s19p0_foldpar_hiarm_match_c0p190_l6p8_native_s_parameters.csv,"dB(S(P1L,P1L)) []",8.0,-13.4061215717036,True,720,-8.07020996002895,55.0,250.0,260.0,170.0,-5.53010934918555,55.0,260.0,False,False,22,1.0,0.14,0.19,0.0,0.0,,,
edgeifa_s19p0_foldpar_hiarm_neg_match_c0p173_l6p1,Mirror the passive folded arm tangent direction to check whether the best-270 weak side moves out of the selected window.,125.01914596557617,D:\WorkSpace\HFSS Sim\UWB-Antenna-Simulation-By-HFSS\UWB_CH9_Diamond_CP_Array_D44_BEDGE_edgeifa_s19p0_foldpar_hiarm_neg_matc.aedt,D:\WorkSpace\HFSS Sim\UWB-Antenna-Simulation-By-HFSS\reports_d44_board_edge_low_angle_single_element\UWB_CH9_D44_BOARD_EDGE_LOW_ANGLE_SINGLE_ELEMENT_edgeifa_s19p0_foldpar_hiarm_neg_matc_params.json,D:\WorkSpace\HFSS Sim\UWB-Antenna-Simulation-By-HFSS\reports_d44_board_edge_low_angle_single_element\edgeifa_s19p0_foldpar_hiarm_neg_match_c0p173_l6p1_native_report_export.log,8.0,7.7,8.3,0.02,7.738,8.233,19.0,44.0,8.0,1.6,0.035,3.48,0.0037,21.4,6.2,0.0,3.4,0.0,0.16,0.34,0.0,0.0,1.78,0.58,0.48,0.34,0.55,0.5,0.0,0.24,0.6,1.0,0.0,0.85,0.12,0.65,0.0,2.2,0.12,1.65,0.08,0.0,3.0,0.1,0.55,0.45,3.3,0.0,3.6,0.18,0.75,0.95,0.4,0.0,0.0,0.0,0.0,0.0,0.0,0.0,1.0,0.254,2.0,2.0,0.38,0.0,0.0,0.0,0.0,5.8,0.42,0.0,0.0,0.0,0.0,1.1,0.0,0.6,0.0,0.0,0.0,0.0,0.0,1.0,0.06,0.68,0.42,1.0,0.03,0.0,2.2,0.3,0.0,2.2,0.12,1.2,0.06,0.0,3.0,0.1,45.0,0.0,0.0,0.0,6.2,0.0,0.0,0.0,2.4,0.3,0.0,0.0,0.0,2.0,0.5,0.0,0.0,4.6,0.35,3.8,0.15,0.0,1.0,1.2,2.65,0.3,6.3,0.0,0.0,-1.0,0.0,4.8,0.24,0.8,0.0,0.0,1.0,5.0,6.3,0.34,0.18,1.8,0.0,1.0,0.0,0.18,1.0,0.0,0.0,0.14,1.0,0.0,6.1,0.0,0.0,0.8,0.14,1.0,0.0,1.6,0.12,0.08,2.0,1.0,0.0,1.0,0.0,50.0,0.08,0.0,0.0,0.0,0.25,2.0,1.0,0.0,0.0,0.25,3.0,-1.0,0.0,0.0,0.8,0.0,10.0,0.42,3.2,8.0,8.0,7.0,3.0,-5.0,1.0,P1L,D:\WorkSpace\HFSS Sim\UWB-Antenna-Simulation-By-HFSS\reports_d44_board_edge_low_angle_single_element\edgeifa_s19p0_foldpar_hiarm_neg_match_c0p173_l6p1_native_s_parameters.csv,"dB(S(P1L,P1L)) []",8.0,-17.9705866441347,True,720,-8.31956776015766,55.0,250.0,265.0,175.0,-5.58613482421977,45.0,175.0,False,False,23,1.0,0.14,0.173,0.0,0.0,,,
edgeifa_s19p0_foldpar_mini_match_c0p173_l6p1,Return to the #15 gain-oriented radiator and use a smaller source island/series strip so the externalizable L-match perturbs the low-angle current less.,124.32849216461182,D:\WorkSpace\HFSS Sim\UWB-Antenna-Simulation-By-HFSS\UWB_CH9_Diamond_CP_Array_D44_BEDGE_edgeifa_s19p0_foldpar_mini_m_f1b380b.aedt,D:\WorkSpace\HFSS Sim\UWB-Antenna-Simulation-By-HFSS\reports_d44_board_edge_low_angle_single_element\UWB_CH9_D44_BOARD_EDGE_LOW_ANGLE_SINGLE_ELEMENT_edgeifa_s19p0_foldpar_mini_m_f1b380b_params.json,D:\WorkSpace\HFSS Sim\UWB-Antenna-Simulation-By-HFSS\reports_d44_board_edge_low_angle_single_element\edgeifa_s19p0_foldpar_mini_match_c0p173_l6p1_native_report_export.log,8.0,7.7,8.3,0.02,7.738,8.233,19.0,44.0,8.0,1.6,0.035,3.48,0.0037,21.4,6.2,0.0,3.4,0.0,0.16,0.34,0.0,0.0,1.78,0.58,0.48,0.34,0.55,0.5,0.0,0.24,0.6,1.0,0.0,0.85,0.12,0.65,0.0,2.2,0.12,1.65,0.08,0.0,3.0,0.1,0.55,0.45,3.3,0.0,3.6,0.18,0.75,0.95,0.4,0.0,0.0,0.0,0.0,0.0,0.0,0.0,1.0,0.254,2.0,2.0,0.38,0.0,0.0,0.0,0.0,5.8,0.42,0.0,0.0,0.0,0.0,1.1,0.0,0.6,0.0,0.0,0.0,0.0,0.0,1.0,0.06,0.68,0.42,1.0,0.03,0.0,2.2,0.3,0.0,2.2,0.12,1.2,0.06,0.0,3.0,0.1,45.0,0.0,0.0,0.0,6.2,0.0,0.0,0.0,2.4,0.3,0.0,0.0,0.0,2.0,0.5,0.0,0.0,4.6,0.35,3.8,0.15,0.0,1.0,1.0,2.7,0.24,5.9,0.0,0.0,1.0,0.0,4.8,0.24,0.8,0.0,0.0,1.0,5.0,6.3,0.28,0.18,1.8,0.0,1.0,0.0,0.18,1.0,0.0,0.0,0.14,1.0,0.0,6.1,0.0,0.0,0.8,0.14,1.0,0.0,1.6,0.12,0.08,2.0,1.0,0.0,1.0,0.0,50.0,0.08,0.0,0.0,0.0,0.25,2.0,1.0,0.0,0.0,0.25,3.0,-1.0,0.0,0.0,0.8,0.0,10.0,0.42,3.2,8.0,8.0,7.0,3.0,-5.0,1.0,P1L,D:\WorkSpace\HFSS Sim\UWB-Antenna-Simulation-By-HFSS\reports_d44_board_edge_low_angle_single_element\edgeifa_s19p0_foldpar_mini_match_c0p173_l6p1_native_s_parameters.csv,"dB(S(P1L,P1L)) []",8.0,-14.5405626412451,True,720,-8.87364209809188,55.0,250.0,265.0,175.0,-5.63017055883108,45.0,175.0,False,False,24,1.0,0.14,0.173,0.0,0.0,,,
edgeifa_s19p0_foldpar_mini_match_c0p165_l5p8,Slightly weaker mini L-match around the #15 solution to recover gain if the compact source island adds extra capacitance.,123.90102314949036,D:\WorkSpace\HFSS Sim\UWB-Antenna-Simulation-By-HFSS\UWB_CH9_Diamond_CP_Array_D44_BEDGE_edgeifa_s19p0_foldpar_mini_m_728b9d9.aedt,D:\WorkSpace\HFSS Sim\UWB-Antenna-Simulation-By-HFSS\reports_d44_board_edge_low_angle_single_element\UWB_CH9_D44_BOARD_EDGE_LOW_ANGLE_SINGLE_ELEMENT_edgeifa_s19p0_foldpar_mini_m_728b9d9_params.json,D:\WorkSpace\HFSS Sim\UWB-Antenna-Simulation-By-HFSS\reports_d44_board_edge_low_angle_single_element\edgeifa_s19p0_foldpar_mini_match_c0p165_l5p8_native_report_export.log,8.0,7.7,8.3,0.02,7.738,8.233,19.0,44.0,8.0,1.6,0.035,3.48,0.0037,21.4,6.2,0.0,3.4,0.0,0.16,0.34,0.0,0.0,1.78,0.58,0.48,0.34,0.55,0.5,0.0,0.24,0.6,1.0,0.0,0.85,0.12,0.65,0.0,2.2,0.12,1.65,0.08,0.0,3.0,0.1,0.55,0.45,3.3,0.0,3.6,0.18,0.75,0.95,0.4,0.0,0.0,0.0,0.0,0.0,0.0,0.0,1.0,0.254,2.0,2.0,0.38,0.0,0.0,0.0,0.0,5.8,0.42,0.0,0.0,0.0,0.0,1.1,0.0,0.6,0.0,0.0,0.0,0.0,0.0,1.0,0.06,0.68,0.42,1.0,0.03,0.0,2.2,0.3,0.0,2.2,0.12,1.2,0.06,0.0,3.0,0.1,45.0,0.0,0.0,0.0,6.2,0.0,0.0,0.0,2.4,0.3,0.0,0.0,0.0,2.0,0.5,0.0,0.0,4.6,0.35,3.8,0.15,0.0,1.0,1.0,2.7,0.24,5.9,0.0,0.0,1.0,0.0,4.8,0.24,0.8,0.0,0.0,1.0,5.0,6.3,0.28,0.18,1.8,0.0,1.0,0.0,0.18,1.0,0.0,0.0,0.14,1.0,0.0,5.8,0.0,0.0,0.8,0.14,1.0,0.0,1.6,0.12,0.08,2.0,1.0,0.0,1.0,0.0,50.0,0.08,0.0,0.0,0.0,0.25,2.0,1.0,0.0,0.0,0.25,3.0,-1.0,0.0,0.0,0.8,0.0,10.0,0.42,3.2,8.0,8.0,7.0,3.0,-5.0,1.0,P1L,D:\WorkSpace\HFSS Sim\UWB-Antenna-Simulation-By-HFSS\reports_d44_board_edge_low_angle_single_element\edgeifa_s19p0_foldpar_mini_match_c0p165_l5p8_native_s_parameters.csv,"dB(S(P1L,P1L)) []",8.0,-15.1849492279973,True,720,-9.10268279867107,55.0,250.0,265.0,175.0,-5.74632572121331,45.0,175.0,False,False,25,1.0,0.14,0.165,0.0,0.0,,,
edgeifa_s19p0_foldpar_mini_match_c0p185_l6p4,"Slightly stronger mini L-match around the #15 solution, checking the high-Q side without adding extra printed stub length.",123.47886824607849,D:\WorkSpace\HFSS Sim\UWB-Antenna-Simulation-By-HFSS\UWB_CH9_Diamond_CP_Array_D44_BEDGE_edgeifa_s19p0_foldpar_mini_m_2da74b5.aedt,D:\WorkSpace\HFSS Sim\UWB-Antenna-Simulation-By-HFSS\reports_d44_board_edge_low_angle_single_element\UWB_CH9_D44_BOARD_EDGE_LOW_ANGLE_SINGLE_ELEMENT_edgeifa_s19p0_foldpar_mini_m_2da74b5_params.json,D:\WorkSpace\HFSS Sim\UWB-Antenna-Simulation-By-HFSS\reports_d44_board_edge_low_angle_single_element\edgeifa_s19p0_foldpar_mini_match_c0p185_l6p4_native_report_export.log,8.0,7.7,8.3,0.02,7.738,8.233,19.0,44.0,8.0,1.6,0.035,3.48,0.0037,21.4,6.2,0.0,3.4,0.0,0.16,0.34,0.0,0.0,1.78,0.58,0.48,0.34,0.55,0.5,0.0,0.24,0.6,1.0,0.0,0.85,0.12,0.65,0.0,2.2,0.12,1.65,0.08,0.0,3.0,0.1,0.55,0.45,3.3,0.0,3.6,0.18,0.75,0.95,0.4,0.0,0.0,0.0,0.0,0.0,0.0,0.0,1.0,0.254,2.0,2.0,0.38,0.0,0.0,0.0,0.0,5.8,0.42,0.0,0.0,0.0,0.0,1.1,0.0,0.6,0.0,0.0,0.0,0.0,0.0,1.0,0.06,0.68,0.42,1.0,0.03,0.0,2.2,0.3,0.0,2.2,0.12,1.2,0.06,0.0,3.0,0.1,45.0,0.0,0.0,0.0,6.2,0.0,0.0,0.0,2.4,0.3,0.0,0.0,0.0,2.0,0.5,0.0,0.0,4.6,0.35,3.8,0.15,0.0,1.0,1.0,2.7,0.24,5.9,0.0,0.0,1.0,0.0,4.8,0.24,0.8,0.0,0.0,1.0,5.0,6.3,0.28,0.18,1.8,0.0,1.0,0.0,0.18,1.0,0.0,0.0,0.14,1.0,0.0,6.4,0.0,0.0,0.8,0.14,1.0,0.0,1.6,0.12,0.08,2.0,1.0,0.0,1.0,0.0,50.0,0.08,0.0,0.0,0.0,0.25,2.0,1.0,0.0,0.0,0.25,3.0,-1.0,0.0,0.0,0.8,0.0,10.0,0.42,3.2,8.0,8.0,7.0,3.0,-5.0,1.0,P1L,D:\WorkSpace\HFSS Sim\UWB-Antenna-Simulation-By-HFSS\reports_d44_board_edge_low_angle_single_element\edgeifa_s19p0_foldpar_mini_match_c0p185_l6p4_native_s_parameters.csv,"dB(S(P1L,P1L)) []",8.0,-13.8189686373533,True,720,-8.83747498105044,55.0,250.0,265.0,175.0,-5.66815226106641,45.0,175.0,False,False,26,1.0,0.14,0.185,0.0,0.0,,,
edgeifa_s19p0_foldpar_mini_match_stub0p45_c0p173_l6p1,"Move the shunt inductor a short distance along a printed side stub, reducing direct loading at the radiator feed while keeping a low-cost layout.",129.6351134777069,D:\WorkSpace\HFSS Sim\UWB-Antenna-Simulation-By-HFSS\UWB_CH9_Diamond_CP_Array_D44_BEDGE_edgeifa_s19p0_foldpar_mini_m_fe08284.aedt,D:\WorkSpace\HFSS Sim\UWB-Antenna-Simulation-By-HFSS\reports_d44_board_edge_low_angle_single_element\UWB_CH9_D44_BOARD_EDGE_LOW_ANGLE_SINGLE_ELEMENT_edgeifa_s19p0_foldpar_mini_m_fe08284_params.json,D:\WorkSpace\HFSS Sim\UWB-Antenna-Simulation-By-HFSS\reports_d44_board_edge_low_angle_single_element\edgeifa_s19p0_foldpar_mini_match_stub0p45_c0p173_l6p1_native_report_export.log,8.0,7.7,8.3,0.02,7.738,8.233,19.0,44.0,8.0,1.6,0.035,3.48,0.0037,21.4,6.2,0.0,3.4,0.0,0.16,0.34,0.0,0.0,1.78,0.58,0.48,0.34,0.55,0.5,0.0,0.24,0.6,1.0,0.0,0.85,0.12,0.65,0.0,2.2,0.12,1.65,0.08,0.0,3.0,0.1,0.55,0.45,3.3,0.0,3.6,0.18,0.75,0.95,0.4,0.0,0.0,0.0,0.0,0.0,0.0,0.0,1.0,0.254,2.0,2.0,0.38,0.0,0.0,0.0,0.0,5.8,0.42,0.0,0.0,0.0,0.0,1.1,0.0,0.6,0.0,0.0,0.0,0.0,0.0,1.0,0.06,0.68,0.42,1.0,0.03,0.0,2.2,0.3,0.0,2.2,0.12,1.2,0.06,0.0,3.0,0.1,45.0,0.0,0.0,0.0,6.2,0.0,0.0,0.0,2.4,0.3,0.0,0.0,0.0,2.0,0.5,0.0,0.0,4.6,0.35,3.8,0.15,0.0,1.0,1.0,2.7,0.24,5.9,0.0,0.0,1.0,0.0,4.8,0.24,0.8,0.0,0.0,1.0,5.0,6.3,0.28,0.18,1.8,0.0,1.0,0.45,0.14,1.0,0.0,0.0,0.14,1.0,0.0,6.1,0.0,0.0,0.8,0.14,1.0,0.0,1.6,0.12,0.08,2.0,1.0,0.0,1.0,0.0,50.0,0.08,0.0,0.0,0.0,0.25,2.0,1.0,0.0,0.0,0.25,3.0,-1.0,0.0,0.0,0.8,0.0,10.0,0.42,3.2,8.0,8.0,7.0,3.0,-5.0,1.0,P1L,D:\WorkSpace\HFSS Sim\UWB-Antenna-Simulation-By-HFSS\reports_d44_board_edge_low_angle_single_element\edgeifa_s19p0_foldpar_mini_match_stub0p45_c0p173_l6p1_native_s_parameters.csv,"dB(S(P1L,P1L)) []",8.0,-5.79980673050837,False,720,-8.58981207687766,55.0,250.0,265.0,175.0,-5.40450541930991,45.0,175.0,False,False,27,1.0,0.14,0.173,0.0,0.0,,,
edgeifa_s19p0_foldpar_tall_mini_match_c0p173_l6p1,"Use a modestly taller parasitic edge arm with the compact L-match, seeking a little gain margin without the wider high-arm penalty seen in #20.",124.58769345283508,D:\WorkSpace\HFSS Sim\UWB-Antenna-Simulation-By-HFSS\UWB_CH9_Diamond_CP_Array_D44_BEDGE_edgeifa_s19p0_foldpar_tall_m_bedcdd8.aedt,D:\WorkSpace\HFSS Sim\UWB-Antenna-Simulation-By-HFSS\reports_d44_board_edge_low_angle_single_element\UWB_CH9_D44_BOARD_EDGE_LOW_ANGLE_SINGLE_ELEMENT_edgeifa_s19p0_foldpar_tall_m_bedcdd8_params.json,D:\WorkSpace\HFSS Sim\UWB-Antenna-Simulation-By-HFSS\reports_d44_board_edge_low_angle_single_element\edgeifa_s19p0_foldpar_tall_mini_match_c0p173_l6p1_native_report_export.log,8.0,7.7,8.3,0.02,7.738,8.233,19.0,44.0,8.0,1.6,0.035,3.48,0.0037,21.4,6.2,0.0,3.4,0.0,0.16,0.34,0.0,0.0,1.78,0.58,0.48,0.34,0.55,0.5,0.0,0.24,0.6,1.0,0.0,0.85,0.12,0.65,0.0,2.2,0.12,1.65,0.08,0.0,3.0,0.1,0.55,0.45,3.3,0.0,3.6,0.18,0.75,0.95,0.4,0.0,0.0,0.0,0.0,0.0,0.0,0.0,1.0,0.254,2.0,2.0,0.38,0.0,0.0,0.0,0.0,5.8,0.42,0.0,0.0,0.0,0.0,1.1,0.0,0.6,0.0,0.0,0.0,0.0,0.0,1.0,0.06,0.68,0.42,1.0,0.03,0.0,2.2,0.3,0.0,2.2,0.12,1.2,0.06,0.0,3.0,0.1,45.0,0.0,0.0,0.0,6.2,0.0,0.0,0.0,2.4,0.3,0.0,0.0,0.0,2.0,0.5,0.0,0.0,4.6,0.35,3.8,0.15,0.0,1.0,1.1,2.75,0.26,6.15,0.0,0.0,1.0,0.0,4.8,0.24,0.8,0.0,0.0,1.0,5.0,6.3,0.3,0.18,1.8,0.0,1.0,0.0,0.18,1.0,0.0,0.0,0.14,1.0,0.0,6.1,0.0,0.0,0.8,0.14,1.0,0.0,1.6,0.12,0.08,2.0,1.0,0.0,1.0,0.0,50.0,0.08,0.0,0.0,0.0,0.25,2.0,1.0,0.0,0.0,0.25,3.0,-1.0,0.0,0.0,0.8,0.0,10.0,0.42,3.2,8.0,8.0,7.0,3.0,-5.0,1.0,P1L,D:\WorkSpace\HFSS Sim\UWB-Antenna-Simulation-By-HFSS\reports_d44_board_edge_low_angle_single_element\edgeifa_s19p0_foldpar_tall_mini_match_c0p173_l6p1_native_s_parameters.csv,"dB(S(P1L,P1L)) []",8.0,-11.2061669035675,True,720,-8.54558772462832,55.0,250.0,260.0,170.0,-5.52667656591631,55.0,260.0,False,False,28,1.0,0.14,0.173,0.0,0.0,,,
edgeifa_s19p0_foldpar_stub0p45_c0p150_l8p0,Retune the 0.45 mm displaced shunt point with weaker inductive loading and a smaller series capacitance after #27 showed low input resistance.,124.07608008384705,D:\WorkSpace\HFSS Sim\UWB-Antenna-Simulation-By-HFSS\UWB_CH9_Diamond_CP_Array_D44_BEDGE_edgeifa_s19p0_foldpar_stub0p_3fd518d.aedt,D:\WorkSpace\HFSS Sim\UWB-Antenna-Simulation-By-HFSS\reports_d44_board_edge_low_angle_single_element\UWB_CH9_D44_BOARD_EDGE_LOW_ANGLE_SINGLE_ELEMENT_edgeifa_s19p0_foldpar_stub0p_3fd518d_params.json,D:\WorkSpace\HFSS Sim\UWB-Antenna-Simulation-By-HFSS\reports_d44_board_edge_low_angle_single_element\edgeifa_s19p0_foldpar_stub0p45_c0p150_l8p0_native_report_export.log,8.0,7.7,8.3,0.02,7.738,8.233,19.0,44.0,8.0,1.6,0.035,3.48,0.0037,21.4,6.2,0.0,3.4,0.0,0.16,0.34,0.0,0.0,1.78,0.58,0.48,0.34,0.55,0.5,0.0,0.24,0.6,1.0,0.0,0.85,0.12,0.65,0.0,2.2,0.12,1.65,0.08,0.0,3.0,0.1,0.55,0.45,3.3,0.0,3.6,0.18,0.75,0.95,0.4,0.0,0.0,0.0,0.0,0.0,0.0,0.0,1.0,0.254,2.0,2.0,0.38,0.0,0.0,0.0,0.0,5.8,0.42,0.0,0.0,0.0,0.0,1.1,0.0,0.6,0.0,0.0,0.0,0.0,0.0,1.0,0.06,0.68,0.42,1.0,0.03,0.0,2.2,0.3,0.0,2.2,0.12,1.2,0.06,0.0,3.0,0.1,45.0,0.0,0.0,0.0,6.2,0.0,0.0,0.0,2.4,0.3,0.0,0.0,0.0,2.0,0.5,0.0,0.0,4.6,0.35,3.8,0.15,0.0,1.0,1.0,2.7,0.24,5.9,0.0,0.0,1.0,0.0,4.8,0.24,0.8,0.0,0.0,1.0,5.0,6.3,0.28,0.18,1.8,0.0,1.0,0.45,0.14,1.0,0.0,0.0,0.14,1.0,0.0,8.0,0.0,0.0,0.8,0.14,1.0,0.0,1.6,0.12,0.08,2.0,1.0,0.0,1.0,0.0,50.0,0.08,0.0,0.0,0.0,0.25,2.0,1.0,0.0,0.0,0.25,3.0,-1.0,0.0,0.0,0.8,0.0,10.0,0.42,3.2,8.0,8.0,7.0,3.0,-5.0,1.0,P1L,D:\WorkSpace\HFSS Sim\UWB-Antenna-Simulation-By-HFSS\reports_d44_board_edge_low_angle_single_element\edgeifa_s19p0_foldpar_stub0p45_c0p150_l8p0_native_s_parameters.csv,"dB(S(P1L,P1L)) []",8.0,-2.46219144670624,False,720,-7.37548148573004,55.0,245.0,260.0,170.0,-5.38585278803816,45.0,170.0,False,False,29,1.0,0.14,0.15,0.0,0.0,,,
edgeifa_s19p0_foldpar_stub0p45_c0p140_l9p5,"Move farther toward the raw high-impedance radiator from the #27 point, aiming to recover low-elevation gain while retaining an L-match.",129.11586546897888,D:\WorkSpace\HFSS Sim\UWB-Antenna-Simulation-By-HFSS\UWB_CH9_Diamond_CP_Array_D44_BEDGE_edgeifa_s19p0_foldpar_stub0p_96c3bf0.aedt,D:\WorkSpace\HFSS Sim\UWB-Antenna-Simulation-By-HFSS\reports_d44_board_edge_low_angle_single_element\UWB_CH9_D44_BOARD_EDGE_LOW_ANGLE_SINGLE_ELEMENT_edgeifa_s19p0_foldpar_stub0p_96c3bf0_params.json,D:\WorkSpace\HFSS Sim\UWB-Antenna-Simulation-By-HFSS\reports_d44_board_edge_low_angle_single_element\edgeifa_s19p0_foldpar_stub0p45_c0p140_l9p5_native_report_export.log,8.0,7.7,8.3,0.02,7.738,8.233,19.0,44.0,8.0,1.6,0.035,3.48,0.0037,21.4,6.2,0.0,3.4,0.0,0.16,0.34,0.0,0.0,1.78,0.58,0.48,0.34,0.55,0.5,0.0,0.24,0.6,1.0,0.0,0.85,0.12,0.65,0.0,2.2,0.12,1.65,0.08,0.0,3.0,0.1,0.55,0.45,3.3,0.0,3.6,0.18,0.75,0.95,0.4,0.0,0.0,0.0,0.0,0.0,0.0,0.0,1.0,0.254,2.0,2.0,0.38,0.0,0.0,0.0,0.0,5.8,0.42,0.0,0.0,0.0,0.0,1.1,0.0,0.6,0.0,0.0,0.0,0.0,0.0,1.0,0.06,0.68,0.42,1.0,0.03,0.0,2.2,0.3,0.0,2.2,0.12,1.2,0.06,0.0,3.0,0.1,45.0,0.0,0.0,0.0,6.2,0.0,0.0,0.0,2.4,0.3,0.0,0.0,0.0,2.0,0.5,0.0,0.0,4.6,0.35,3.8,0.15,0.0,1.0,1.0,2.7,0.24,5.9,0.0,0.0,1.0,0.0,4.8,0.24,0.8,0.0,0.0,1.0,5.0,6.3,0.28,0.18,1.8,0.0,1.0,0.45,0.14,1.0,0.0,0.0,0.14,1.0,0.0,9.5,0.0,0.0,0.8,0.14,1.0,0.0,1.6,0.12,0.08,2.0,1.0,0.0,1.0,0.0,50.0,0.08,0.0,0.0,0.0,0.25,2.0,1.0,0.0,0.0,0.25,3.0,-1.0,0.0,0.0,0.8,0.0,10.0,0.42,3.2,8.0,8.0,7.0,3.0,-5.0,1.0,P1L,D:\WorkSpace\HFSS Sim\UWB-Antenna-Simulation-By-HFSS\reports_d44_board_edge_low_angle_single_element\edgeifa_s19p0_foldpar_stub0p45_c0p140_l9p5_native_s_parameters.csv,"dB(S(P1L,P1L)) []",8.0,-2.82605603019253,False,720,-7.43084395141949,55.0,245.0,260.0,170.0,-5.34358318057484,45.0,170.0,False,False,30,1.0,0.14,0.14,0.0,0.0,,,
edgeifa_s19p0_foldpar_stub0p45_c0p130_l11p0,"Weakest 0.45 mm displaced shunt endpoint, checking whether the gain can approach #15 before the match becomes too light.",124.51509618759155,D:\WorkSpace\HFSS Sim\UWB-Antenna-Simulation-By-HFSS\UWB_CH9_Diamond_CP_Array_D44_BEDGE_edgeifa_s19p0_foldpar_stub0p_d54c183.aedt,D:\WorkSpace\HFSS Sim\UWB-Antenna-Simulation-By-HFSS\reports_d44_board_edge_low_angle_single_element\UWB_CH9_D44_BOARD_EDGE_LOW_ANGLE_SINGLE_ELEMENT_edgeifa_s19p0_foldpar_stub0p_d54c183_params.json,D:\WorkSpace\HFSS Sim\UWB-Antenna-Simulation-By-HFSS\reports_d44_board_edge_low_angle_single_element\edgeifa_s19p0_foldpar_stub0p45_c0p130_l11p0_native_report_export.log,8.0,7.7,8.3,0.02,7.738,8.233,19.0,44.0,8.0,1.6,0.035,3.48,0.0037,21.4,6.2,0.0,3.4,0.0,0.16,0.34,0.0,0.0,1.78,0.58,0.48,0.34,0.55,0.5,0.0,0.24,0.6,1.0,0.0,0.85,0.12,0.65,0.0,2.2,0.12,1.65,0.08,0.0,3.0,0.1,0.55,0.45,3.3,0.0,3.6,0.18,0.75,0.95,0.4,0.0,0.0,0.0,0.0,0.0,0.0,0.0,1.0,0.254,2.0,2.0,0.38,0.0,0.0,0.0,0.0,5.8,0.42,0.0,0.0,0.0,0.0,1.1,0.0,0.6,0.0,0.0,0.0,0.0,0.0,1.0,0.06,0.68,0.42,1.0,0.03,0.0,2.2,0.3,0.0,2.2,0.12,1.2,0.06,0.0,3.0,0.1,45.0,0.0,0.0,0.0,6.2,0.0,0.0,0.0,2.4,0.3,0.0,0.0,0.0,2.0,0.5,0.0,0.0,4.6,0.35,3.8,0.15,0.0,1.0,1.0,2.7,0.24,5.9,0.0,0.0,1.0,0.0,4.8,0.24,0.8,0.0,0.0,1.0,5.0,6.3,0.28,0.18,1.8,0.0,1.0,0.45,0.14,1.0,0.0,0.0,0.14,1.0,0.0,11.0,0.0,0.0,0.8,0.14,1.0,0.0,1.6,0.12,0.08,2.0,1.0,0.0,1.0,0.0,50.0,0.08,0.0,0.0,0.0,0.25,2.0,1.0,0.0,0.0,0.25,3.0,-1.0,0.0,0.0,0.8,0.0,10.0,0.42,3.2,8.0,8.0,7.0,3.0,-5.0,1.0,P1L,D:\WorkSpace\HFSS Sim\UWB-Antenna-Simulation-By-HFSS\reports_d44_board_edge_low_angle_single_element\edgeifa_s19p0_foldpar_stub0p45_c0p130_l11p0_native_s_parameters.csv,"dB(S(P1L,P1L)) []",8.0,-1.24067393209971,False,720,-6.82545555992326,55.0,245.0,255.0,165.0,-5.30308459032863,55.0,255.0,False,False,31,1.0,0.14,0.13,0.0,0.0,,,
edgeifa_s19p0_foldpar_stub0p30_c0p155_l8p0,"Bring the shunt point slightly closer than #27 and retune with weaker loading, bracketing the electrical length of the printed stub.",130.08541536331177,D:\WorkSpace\HFSS Sim\UWB-Antenna-Simulation-By-HFSS\UWB_CH9_Diamond_CP_Array_D44_BEDGE_edgeifa_s19p0_foldpar_stub0p_5bc84db.aedt,D:\WorkSpace\HFSS Sim\UWB-Antenna-Simulation-By-HFSS\reports_d44_board_edge_low_angle_single_element\UWB_CH9_D44_BOARD_EDGE_LOW_ANGLE_SINGLE_ELEMENT_edgeifa_s19p0_foldpar_stub0p_5bc84db_params.json,D:\WorkSpace\HFSS Sim\UWB-Antenna-Simulation-By-HFSS\reports_d44_board_edge_low_angle_single_element\edgeifa_s19p0_foldpar_stub0p30_c0p155_l8p0_native_report_export.log,8.0,7.7,8.3,0.02,7.738,8.233,19.0,44.0,8.0,1.6,0.035,3.48,0.0037,21.4,6.2,0.0,3.4,0.0,0.16,0.34,0.0,0.0,1.78,0.58,0.48,0.34,0.55,0.5,0.0,0.24,0.6,1.0,0.0,0.85,0.12,0.65,0.0,2.2,0.12,1.65,0.08,0.0,3.0,0.1,0.55,0.45,3.3,0.0,3.6,0.18,0.75,0.95,0.4,0.0,0.0,0.0,0.0,0.0,0.0,0.0,1.0,0.254,2.0,2.0,0.38,0.0,0.0,0.0,0.0,5.8,0.42,0.0,0.0,0.0,0.0,1.1,0.0,0.6,0.0,0.0,0.0,0.0,0.0,1.0,0.06,0.68,0.42,1.0,0.03,0.0,2.2,0.3,0.0,2.2,0.12,1.2,0.06,0.0,3.0,0.1,45.0,0.0,0.0,0.0,6.2,0.0,0.0,0.0,2.4,0.3,0.0,0.0,0.0,2.0,0.5,0.0,0.0,4.6,0.35,3.8,0.15,0.0,1.0,1.0,2.7,0.24,5.9,0.0,0.0,1.0,0.0,4.8,0.24,0.8,0.0,0.0,1.0,5.0,6.3,0.28,0.18,1.8,0.0,1.0,0.3,0.14,1.0,0.0,0.0,0.14,1.0,0.0,8.0,0.0,0.0,0.8,0.14,1.0,0.0,1.6,0.12,0.08,2.0,1.0,0.0,1.0,0.0,50.0,0.08,0.0,0.0,0.0,0.25,2.0,1.0,0.0,0.0,0.25,3.0,-1.0,0.0,0.0,0.8,0.0,10.0,0.42,3.2,8.0,8.0,7.0,3.0,-5.0,1.0,P1L,D:\WorkSpace\HFSS Sim\UWB-Antenna-Simulation-By-HFSS\reports_d44_board_edge_low_angle_single_element\edgeifa_s19p0_foldpar_stub0p30_c0p155_l8p0_native_s_parameters.csv,"dB(S(P1L,P1L)) []",8.0,-5.57292595418607,False,720,-7.43204486764184,55.0,245.0,260.0,170.0,-5.47200344961808,45.0,170.0,False,False,32,1.0,0.14,0.155,0.0,0.0,,,
edgeifa_s19p0_foldpar_stub0p25_c0p160_l7p0,"Short displaced shunt variant with moderate loading, targeting S11 recovery with less gain penalty than the feed-point shunt.",129.63546085357666,D:\WorkSpace\HFSS Sim\UWB-Antenna-Simulation-By-HFSS\UWB_CH9_Diamond_CP_Array_D44_BEDGE_edgeifa_s19p0_foldpar_stub0p_75c88e2.aedt,D:\WorkSpace\HFSS Sim\UWB-Antenna-Simulation-By-HFSS\reports_d44_board_edge_low_angle_single_element\UWB_CH9_D44_BOARD_EDGE_LOW_ANGLE_SINGLE_ELEMENT_edgeifa_s19p0_foldpar_stub0p_75c88e2_params.json,D:\WorkSpace\HFSS Sim\UWB-Antenna-Simulation-By-HFSS\reports_d44_board_edge_low_angle_single_element\edgeifa_s19p0_foldpar_stub0p25_c0p160_l7p0_native_report_export.log,8.0,7.7,8.3,0.02,7.738,8.233,19.0,44.0,8.0,1.6,0.035,3.48,0.0037,21.4,6.2,0.0,3.4,0.0,0.16,0.34,0.0,0.0,1.78,0.58,0.48,0.34,0.55,0.5,0.0,0.24,0.6,1.0,0.0,0.85,0.12,0.65,0.0,2.2,0.12,1.65,0.08,0.0,3.0,0.1,0.55,0.45,3.3,0.0,3.6,0.18,0.75,0.95,0.4,0.0,0.0,0.0,0.0,0.0,0.0,0.0,1.0,0.254,2.0,2.0,0.38,0.0,0.0,0.0,0.0,5.8,0.42,0.0,0.0,0.0,0.0,1.1,0.0,0.6,0.0,0.0,0.0,0.0,0.0,1.0,0.06,0.68,0.42,1.0,0.03,0.0,2.2,0.3,0.0,2.2,0.12,1.2,0.06,0.0,3.0,0.1,45.0,0.0,0.0,0.0,6.2,0.0,0.0,0.0,2.4,0.3,0.0,0.0,0.0,2.0,0.5,0.0,0.0,4.6,0.35,3.8,0.15,0.0,1.0,1.0,2.7,0.24,5.9,0.0,0.0,1.0,0.0,4.8,0.24,0.8,0.0,0.0,1.0,5.0,6.3,0.28,0.18,1.8,0.0,1.0,0.25,0.14,1.0,0.0,0.0,0.14,1.0,0.0,7.0,0.0,0.0,0.8,0.14,1.0,0.0,1.6,0.12,0.08,2.0,1.0,0.0,1.0,0.0,50.0,0.08,0.0,0.0,0.0,0.25,2.0,1.0,0.0,0.0,0.25,3.0,-1.0,0.0,0.0,0.8,0.0,10.0,0.42,3.2,8.0,8.0,7.0,3.0,-5.0,1.0,P1L,D:\WorkSpace\HFSS Sim\UWB-Antenna-Simulation-By-HFSS\reports_d44_board_edge_low_angle_single_element\edgeifa_s19p0_foldpar_stub0p25_c0p160_l7p0_native_s_parameters.csv,"dB(S(P1L,P1L)) []",8.0,-7.46562501852518,False,720,-7.72592635981222,55.0,245.0,260.0,170.0,-5.67988915297814,45.0,170.0,False,False,33,1.0,0.14,0.16,0.0,0.0,,,
edgeifa_s19p0_foldpar_stub0p60_c0p140_l10p0,Longer displaced shunt variant that reduces current loading at the radiator feed and checks whether a looser externalizable match is viable.,130.19620442390442,D:\WorkSpace\HFSS Sim\UWB-Antenna-Simulation-By-HFSS\UWB_CH9_Diamond_CP_Array_D44_BEDGE_edgeifa_s19p0_foldpar_stub0p_8b7811a.aedt,D:\WorkSpace\HFSS Sim\UWB-Antenna-Simulation-By-HFSS\reports_d44_board_edge_low_angle_single_element\UWB_CH9_D44_BOARD_EDGE_LOW_ANGLE_SINGLE_ELEMENT_edgeifa_s19p0_foldpar_stub0p_8b7811a_params.json,D:\WorkSpace\HFSS Sim\UWB-Antenna-Simulation-By-HFSS\reports_d44_board_edge_low_angle_single_element\edgeifa_s19p0_foldpar_stub0p60_c0p140_l10p0_native_report_export.log,8.0,7.7,8.3,0.02,7.738,8.233,19.0,44.0,8.0,1.6,0.035,3.48,0.0037,21.4,6.2,0.0,3.4,0.0,0.16,0.34,0.0,0.0,1.78,0.58,0.48,0.34,0.55,0.5,0.0,0.24,0.6,1.0,0.0,0.85,0.12,0.65,0.0,2.2,0.12,1.65,0.08,0.0,3.0,0.1,0.55,0.45,3.3,0.0,3.6,0.18,0.75,0.95,0.4,0.0,0.0,0.0,0.0,0.0,0.0,0.0,1.0,0.254,2.0,2.0,0.38,0.0,0.0,0.0,0.0,5.8,0.42,0.0,0.0,0.0,0.0,1.1,0.0,0.6,0.0,0.0,0.0,0.0,0.0,1.0,0.06,0.68,0.42,1.0,0.03,0.0,2.2,0.3,0.0,2.2,0.12,1.2,0.06,0.0,3.0,0.1,45.0,0.0,0.0,0.0,6.2,0.0,0.0,0.0,2.4,0.3,0.0,0.0,0.0,2.0,0.5,0.0,0.0,4.6,0.35,3.8,0.15,0.0,1.0,1.0,2.7,0.24,5.9,0.0,0.0,1.0,0.0,4.8,0.24,0.8,0.0,0.0,1.0,5.0,6.3,0.28,0.18,1.8,0.0,1.0,0.6,0.14,1.0,0.0,0.0,0.14,1.0,0.0,10.0,0.0,0.0,0.8,0.14,1.0,0.0,1.6,0.12,0.08,2.0,1.0,0.0,1.0,0.0,50.0,0.08,0.0,0.0,0.0,0.25,2.0,1.0,0.0,0.0,0.25,3.0,-1.0,0.0,0.0,0.8,0.0,10.0,0.42,3.2,8.0,8.0,7.0,3.0,-5.0,1.0,P1L,D:\WorkSpace\HFSS Sim\UWB-Antenna-Simulation-By-HFSS\reports_d44_board_edge_low_angle_single_element\edgeifa_s19p0_foldpar_stub0p60_c0p140_l10p0_native_s_parameters.csv,"dB(S(P1L,P1L)) []",8.0,-0.00486589636556895,False,720,-6.0557299114177,45.0,350.0,20.0,290.0,-5.61324073533712,45.0,165.0,False,False,34,1.0,0.14,0.14,0.0,0.0,,,
edgeifa_s19p0_foldpar_match_short_offset_m0p6,Shorten the passive folded edge arm so it can be shifted toward the weak azimuth side while preserving the #17 S11-passing L-match.,0.03860116004943848,D:\WorkSpace\HFSS Sim\UWB-Antenna-Simulation-By-HFSS\UWB_CH9_Diamond_CP_Array_D44_BEDGE_edgeifa_s19p0_foldpar_match_9023981.aedt,D:\WorkSpace\HFSS Sim\UWB-Antenna-Simulation-By-HFSS\reports_d44_board_edge_low_angle_single_element\UWB_CH9_D44_BOARD_EDGE_LOW_ANGLE_SINGLE_ELEMENT_edgeifa_s19p0_foldpar_match_9023981_params.json,D:\WorkSpace\HFSS Sim\UWB-Antenna-Simulation-By-HFSS\reports_d44_board_edge_low_angle_single_element\edgeifa_s19p0_foldpar_match_short_offset_m0p6_native_report_export.log,8.0,7.7,8.3,0.02,7.738,8.233,19.0,44.0,8.0,1.6,0.035,3.48,0.0037,21.4,6.2,0.0,3.4,0.0,0.22,0.42,0.0,0.0,1.78,0.58,0.48,0.34,0.55,0.5,0.0,0.24,0.6,1.0,0.0,0.85,0.12,0.65,0.0,2.2,0.12,1.65,0.08,0.0,3.0,0.1,0.55,0.45,3.3,0.0,3.6,0.18,0.75,0.95,0.4,0.0,0.0,0.0,0.0,0.0,0.0,0.0,1.0,0.254,2.0,2.0,0.38,0.0,0.0,0.0,0.0,5.8,0.42,0.0,0.0,0.0,0.0,1.1,0.0,0.6,0.0,0.0,0.0,0.0,0.0,1.0,0.06,0.68,0.42,1.0,0.03,0.0,2.2,0.3,0.0,2.2,0.12,1.2,0.06,0.0,3.0,0.1,45.0,0.0,0.0,0.0,6.2,0.0,0.0,0.0,2.4,0.3,0.0,0.0,0.0,2.0,0.5,0.0,0.0,4.6,0.35,3.8,0.15,0.0,1.0,1.0,2.0,0.24,5.9,-0.6,0.0,1.0,0.0,4.8,0.24,0.8,0.0,0.0,1.0,5.0,6.3,0.28,0.18,1.8,0.0,1.0,0.0,0.18,1.0,0.0,0.0,0.14,1.0,0.0,6.1,0.0,0.0,0.8,0.16,1.0,0.0,1.6,0.12,0.08,2.0,1.0,0.0,1.0,0.0,50.0,0.08,0.0,0.0,0.0,0.25,2.0,1.0,0.0,0.0,0.25,3.0,-1.0,0.0,0.0,0.8,0.0,10.0,0.42,3.2,8.0,8.0,7.0,3.0,-5.0,1.0,P1L,D:\WorkSpace\HFSS Sim\UWB-Antenna-Simulation-By-HFSS\reports_d44_board_edge_low_angle_single_element\edgeifa_s19p0_foldpar_match_short_offset_m0p6_native_s_parameters.csv,"dB(S(P1L,P1L)) []",8.0,-5.53402575680547,False,720,-10.9079383739998,50.0,245.0,280.0,190.0,-2.28602478962323,45.0,170.0,True,False,35,1.0,0.16,0.173,0.0,0.0,,,
edgeifa_s19p0_short_m0p6_match_c0p142_l3p65,Retune the high-gain #35 shortened/offset folded arm using the de-embedded 389+j148 ohm radiator estimate.,128.94353604316711,D:\WorkSpace\HFSS Sim\UWB-Antenna-Simulation-By-HFSS\UWB_CH9_Diamond_CP_Array_D44_BEDGE_edgeifa_s19p0_short_m0p6_mat_963db04.aedt,D:\WorkSpace\HFSS Sim\UWB-Antenna-Simulation-By-HFSS\reports_d44_board_edge_low_angle_single_element\UWB_CH9_D44_BOARD_EDGE_LOW_ANGLE_SINGLE_ELEMENT_edgeifa_s19p0_short_m0p6_mat_963db04_params.json,D:\WorkSpace\HFSS Sim\UWB-Antenna-Simulation-By-HFSS\reports_d44_board_edge_low_angle_single_element\edgeifa_s19p0_short_m0p6_match_c0p142_l3p65_native_report_export.log,8.0,7.7,8.3,0.02,7.738,8.233,19.0,44.0,8.0,1.6,0.035,3.48,0.0037,21.4,6.2,0.0,3.4,0.0,0.22,0.42,0.0,0.0,1.78,0.58,0.48,0.34,0.55,0.5,0.0,0.24,0.6,1.0,0.0,0.85,0.12,0.65,0.0,2.2,0.12,1.65,0.08,0.0,3.0,0.1,0.55,0.45,3.3,0.0,3.6,0.18,0.75,0.95,0.4,0.0,0.0,0.0,0.0,0.0,0.0,0.0,1.0,0.254,2.0,2.0,0.38,0.0,0.0,0.0,0.0,5.8,0.42,0.0,0.0,0.0,0.0,1.1,0.0,0.6,0.0,0.0,0.0,0.0,0.0,1.0,0.06,0.68,0.42,1.0,0.03,0.0,2.2,0.3,0.0,2.2,0.12,1.2,0.06,0.0,3.0,0.1,45.0,0.0,0.0,0.0,6.2,0.0,0.0,0.0,2.4,0.3,0.0,0.0,0.0,2.0,0.5,0.0,0.0,4.6,0.35,3.8,0.15,0.0,1.0,1.0,2.0,0.24,5.9,-0.6,0.0,1.0,0.0,4.8,0.24,0.8,0.0,0.0,1.0,5.0,6.3,0.28,0.18,1.8,0.0,1.0,0.0,0.18,1.0,0.0,0.0,0.14,1.0,0.0,3.65,0.0,0.0,0.8,0.16,1.0,0.0,1.6,0.12,0.08,2.0,1.0,0.0,1.0,0.0,50.0,0.08,0.0,0.0,0.0,0.25,2.0,1.0,0.0,0.0,0.25,3.0,-1.0,0.0,0.0,0.8,0.0,10.0,0.42,3.2,8.0,8.0,7.0,3.0,-5.0,1.0,P1L,D:\WorkSpace\HFSS Sim\UWB-Antenna-Simulation-By-HFSS\reports_d44_board_edge_low_angle_single_element\edgeifa_s19p0_short_m0p6_match_c0p142_l3p65_native_s_parameters.csv,"dB(S(P1L,P1L)) []",8.0,-7.43583162785604,False,720,-10.8172266661579,50.0,245.0,275.0,185.0,-2.55800179667571,45.0,170.0,True,False,41,1.0,0.16,0.142,0.0,0.0,,,
edgeifa_s19p0_short_m0p6_match_c0p124_l3p00,"Second-pass retune from #41 complex impedance, using stronger shunt loading while keeping the high-gain shortened offset arm.",124.44056630134583,D:\WorkSpace\HFSS Sim\UWB-Antenna-Simulation-By-HFSS\UWB_CH9_Diamond_CP_Array_D44_BEDGE_edgeifa_s19p0_short_m0p6_mat_828d97f.aedt,D:\WorkSpace\HFSS Sim\UWB-Antenna-Simulation-By-HFSS\reports_d44_board_edge_low_angle_single_element\UWB_CH9_D44_BOARD_EDGE_LOW_ANGLE_SINGLE_ELEMENT_edgeifa_s19p0_short_m0p6_mat_828d97f_params.json,D:\WorkSpace\HFSS Sim\UWB-Antenna-Simulation-By-HFSS\reports_d44_board_edge_low_angle_single_element\edgeifa_s19p0_short_m0p6_match_c0p124_l3p00_native_report_export.log,8.0,7.7,8.3,0.02,7.738,8.233,19.0,44.0,8.0,1.6,0.035,3.48,0.0037,21.4,6.2,0.0,3.4,0.0,0.22,0.42,0.0,0.0,1.78,0.58,0.48,0.34,0.55,0.5,0.0,0.24,0.6,1.0,0.0,0.85,0.12,0.65,0.0,2.2,0.12,1.65,0.08,0.0,3.0,0.1,0.55,0.45,3.3,0.0,3.6,0.18,0.75,0.95,0.4,0.0,0.0,0.0,0.0,0.0,0.0,0.0,1.0,0.254,2.0,2.0,0.38,0.0,0.0,0.0,0.0,5.8,0.42,0.0,0.0,0.0,0.0,1.1,0.0,0.6,0.0,0.0,0.0,0.0,0.0,1.0,0.06,0.68,0.42,1.0,0.03,0.0,2.2,0.3,0.0,2.2,0.12,1.2,0.06,0.0,3.0,0.1,45.0,0.0,0.0,0.0,6.2,0.0,0.0,0.0,2.4,0.3,0.0,0.0,0.0,2.0,0.5,0.0,0.0,4.6,0.35,3.8,0.15,0.0,1.0,1.0,2.0,0.24,5.9,-0.6,0.0,1.0,0.0,4.8,0.24,0.8,0.0,0.0,1.0,5.0,6.3,0.28,0.18,1.8,0.0,1.0,0.0,0.18,1.0,0.0,0.0,0.14,1.0,0.0,3.0,0.0,0.0,0.8,0.16,1.0,0.0,1.6,0.12,0.08,2.0,1.0,0.0,1.0,0.0,50.0,0.08,0.0,0.0,0.0,0.25,2.0,1.0,0.0,0.0,0.25,3.0,-1.0,0.0,0.0,0.8,0.0,10.0,0.42,3.2,8.0,8.0,7.0,3.0,-5.0,1.0,P1L,D:\WorkSpace\HFSS Sim\UWB-Antenna-Simulation-By-HFSS\reports_d44_board_edge_low_angle_single_element\edgeifa_s19p0_short_m0p6_match_c0p124_l3p00_native_s_parameters.csv,"dB(S(P1L,P1L)) []",8.0,-8.25070151244864,False,720,-11.2154493939449,50.0,245.0,275.0,185.0,-2.74338686219246,45.0,170.0,True,False,45,1.0,0.16,0.124,0.0,0.0,,,
edgeifa_s19p0_short_m0p6_match_c0p125_l2p98,Neighbor around the second-pass retune point with slightly higher series capacitance and lower shunt inductance.,129.3066680431366,D:\WorkSpace\HFSS Sim\UWB-Antenna-Simulation-By-HFSS\UWB_CH9_Diamond_CP_Array_D44_BEDGE_edgeifa_s19p0_short_m0p6_mat_d28fc28.aedt,D:\WorkSpace\HFSS Sim\UWB-Antenna-Simulation-By-HFSS\reports_d44_board_edge_low_angle_single_element\UWB_CH9_D44_BOARD_EDGE_LOW_ANGLE_SINGLE_ELEMENT_edgeifa_s19p0_short_m0p6_mat_d28fc28_params.json,D:\WorkSpace\HFSS Sim\UWB-Antenna-Simulation-By-HFSS\reports_d44_board_edge_low_angle_single_element\edgeifa_s19p0_short_m0p6_match_c0p125_l2p98_native_report_export.log,8.0,7.7,8.3,0.02,7.738,8.233,19.0,44.0,8.0,1.6,0.035,3.48,0.0037,21.4,6.2,0.0,3.4,0.0,0.22,0.42,0.0,0.0,1.78,0.58,0.48,0.34,0.55,0.5,0.0,0.24,0.6,1.0,0.0,0.85,0.12,0.65,0.0,2.2,0.12,1.65,0.08,0.0,3.0,0.1,0.55,0.45,3.3,0.0,3.6,0.18,0.75,0.95,0.4,0.0,0.0,0.0,0.0,0.0,0.0,0.0,1.0,0.254,2.0,2.0,0.38,0.0,0.0,0.0,0.0,5.8,0.42,0.0,0.0,0.0,0.0,1.1,0.0,0.6,0.0,0.0,0.0,0.0,0.0,1.0,0.06,0.68,0.42,1.0,0.03,0.0,2.2,0.3,0.0,2.2,0.12,1.2,0.06,0.0,3.0,0.1,45.0,0.0,0.0,0.0,6.2,0.0,0.0,0.0,2.4,0.3,0.0,0.0,0.0,2.0,0.5,0.0,0.0,4.6,0.35,3.8,0.15,0.0,1.0,1.0,2.0,0.24,5.9,-0.6,0.0,1.0,0.0,4.8,0.24,0.8,0.0,0.0,1.0,5.0,6.3,0.28,0.18,1.8,0.0,1.0,0.0,0.18,1.0,0.0,0.0,0.14,1.0,0.0,2.98,0.0,0.0,0.8,0.16,1.0,0.0,1.6,0.12,0.08,2.0,1.0,0.0,1.0,0.0,50.0,0.08,0.0,0.0,0.0,0.25,2.0,1.0,0.0,0.0,0.25,3.0,-1.0,0.0,0.0,0.8,0.0,10.0,0.42,3.2,8.0,8.0,7.0,3.0,-5.0,1.0,P1L,D:\WorkSpace\HFSS Sim\UWB-Antenna-Simulation-By-HFSS\reports_d44_board_edge_low_angle_single_element\edgeifa_s19p0_short_m0p6_match_c0p125_l2p98_native_s_parameters.csv,"dB(S(P1L,P1L)) []",8.0,-7.46257579912664,False,720,-11.2878081930061,50.0,245.0,275.0,185.0,-2.62935477250053,45.0,170.0,True,False,46,1.0,0.16,0.125,0.0,0.0,,,
edgeifa_s19p0_short_m0p6_match_c0p122_l3p05,Low-capacitance/high-inductance neighbor around the second-pass retune point.,131.19772481918335,D:\WorkSpace\HFSS Sim\UWB-Antenna-Simulation-By-HFSS\UWB_CH9_Diamond_CP_Array_D44_BEDGE_edgeifa_s19p0_short_m0p6_mat_9cdd125.aedt,D:\WorkSpace\HFSS Sim\UWB-Antenna-Simulation-By-HFSS\reports_d44_board_edge_low_angle_single_element\UWB_CH9_D44_BOARD_EDGE_LOW_ANGLE_SINGLE_ELEMENT_edgeifa_s19p0_short_m0p6_mat_9cdd125_params.json,D:\WorkSpace\HFSS Sim\UWB-Antenna-Simulation-By-HFSS\reports_d44_board_edge_low_angle_single_element\edgeifa_s19p0_short_m0p6_match_c0p122_l3p05_native_report_export.log,8.0,7.7,8.3,0.02,7.738,8.233,19.0,44.0,8.0,1.6,0.035,3.48,0.0037,21.4,6.2,0.0,3.4,0.0,0.22,0.42,0.0,0.0,1.78,0.58,0.48,0.34,0.55,0.5,0.0,0.24,0.6,1.0,0.0,0.85,0.12,0.65,0.0,2.2,0.12,1.65,0.08,0.0,3.0,0.1,0.55,0.45,3.3,0.0,3.6,0.18,0.75,0.95,0.4,0.0,0.0,0.0,0.0,0.0,0.0,0.0,1.0,0.254,2.0,2.0,0.38,0.0,0.0,0.0,0.0,5.8,0.42,0.0,0.0,0.0,0.0,1.1,0.0,0.6,0.0,0.0,0.0,0.0,0.0,1.0,0.06,0.68,0.42,1.0,0.03,0.0,2.2,0.3,0.0,2.2,0.12,1.2,0.06,0.0,3.0,0.1,45.0,0.0,0.0,0.0,6.2,0.0,0.0,0.0,2.4,0.3,0.0,0.0,0.0,2.0,0.5,0.0,0.0,4.6,0.35,3.8,0.15,0.0,1.0,1.0,2.0,0.24,5.9,-0.6,0.0,1.0,0.0,4.8,0.24,0.8,0.0,0.0,1.0,5.0,6.3,0.28,0.18,1.8,0.0,1.0,0.0,0.18,1.0,0.0,0.0,0.14,1.0,0.0,3.05,0.0,0.0,0.8,0.16,1.0,0.0,1.6,0.12,0.08,2.0,1.0,0.0,1.0,0.0,50.0,0.08,0.0,0.0,0.0,0.25,2.0,1.0,0.0,0.0,0.25,3.0,-1.0,0.0,0.0,0.8,0.0,10.0,0.42,3.2,8.0,8.0,7.0,3.0,-5.0,1.0,P1L,D:\WorkSpace\HFSS Sim\UWB-Antenna-Simulation-By-HFSS\reports_d44_board_edge_low_angle_single_element\edgeifa_s19p0_short_m0p6_match_c0p122_l3p05_native_s_parameters.csv,"dB(S(P1L,P1L)) []",8.0,-7.27340120828151,False,720,-11.3572516115292,50.0,245.0,275.0,185.0,-2.70774531541681,45.0,170.0,True,False,47,1.0,0.16,0.122,0.0,0.0,,,
edgeifa_s19p0_short_m0p6_match_c0p127_l2p95,High-capacitance/low-inductance neighbor around the second-pass retune point.,140.01050686836243,D:\WorkSpace\HFSS Sim\UWB-Antenna-Simulation-By-HFSS\UWB_CH9_Diamond_CP_Array_D44_BEDGE_edgeifa_s19p0_short_m0p6_mat_a05f57f.aedt,D:\WorkSpace\HFSS Sim\UWB-Antenna-Simulation-By-HFSS\reports_d44_board_edge_low_angle_single_element\UWB_CH9_D44_BOARD_EDGE_LOW_ANGLE_SINGLE_ELEMENT_edgeifa_s19p0_short_m0p6_mat_a05f57f_params.json,D:\WorkSpace\HFSS Sim\UWB-Antenna-Simulation-By-HFSS\reports_d44_board_edge_low_angle_single_element\edgeifa_s19p0_short_m0p6_match_c0p127_l2p95_native_report_export.log,8.0,7.7,8.3,0.02,7.738,8.233,19.0,44.0,8.0,1.6,0.035,3.48,0.0037,21.4,6.2,0.0,3.4,0.0,0.22,0.42,0.0,0.0,1.78,0.58,0.48,0.34,0.55,0.5,0.0,0.24,0.6,1.0,0.0,0.85,0.12,0.65,0.0,2.2,0.12,1.65,0.08,0.0,3.0,0.1,0.55,0.45,3.3,0.0,3.6,0.18,0.75,0.95,0.4,0.0,0.0,0.0,0.0,0.0,0.0,0.0,1.0,0.254,2.0,2.0,0.38,0.0,0.0,0.0,0.0,5.8,0.42,0.0,0.0,0.0,0.0,1.1,0.0,0.6,0.0,0.0,0.0,0.0,0.0,1.0,0.06,0.68,0.42,1.0,0.03,0.0,2.2,0.3,0.0,2.2,0.12,1.2,0.06,0.0,3.0,0.1,45.0,0.0,0.0,0.0,6.2,0.0,0.0,0.0,2.4,0.3,0.0,0.0,0.0,2.0,0.5,0.0,0.0,4.6,0.35,3.8,0.15,0.0,1.0,1.0,2.0,0.24,5.9,-0.6,0.0,1.0,0.0,4.8,0.24,0.8,0.0,0.0,1.0,5.0,6.3,0.28,0.18,1.8,0.0,1.0,0.0,0.18,1.0,0.0,0.0,0.14,1.0,0.0,2.95,0.0,0.0,0.8,0.16,1.0,0.0,1.6,0.12,0.08,2.0,1.0,0.0,1.0,0.0,50.0,0.08,0.0,0.0,0.0,0.25,2.0,1.0,0.0,0.0,0.25,3.0,-1.0,0.0,0.0,0.8,0.0,10.0,0.42,3.2,8.0,8.0,7.0,3.0,-5.0,1.0,P1L,D:\WorkSpace\HFSS Sim\UWB-Antenna-Simulation-By-HFSS\reports_d44_board_edge_low_angle_single_element\edgeifa_s19p0_short_m0p6_match_c0p127_l2p95_native_s_parameters.csv,"dB(S(P1L,P1L)) []",8.0,-7.61104576617878,False,720,-10.9199339630435,50.0,245.0,275.0,185.0,-2.82688737830043,45.0,170.0,True,False,48,1.0,0.16,0.127,0.0,0.0,,,
edgeifa_s19p0_short_m0p6_match_c0p110_l2p70,Third-pass retune from #45 complex impedance; stronger shunt loading targets the remaining high-resistance S11 miss.,125.42905569076538,D:\WorkSpace\HFSS Sim\UWB-Antenna-Simulation-By-HFSS\UWB_CH9_Diamond_CP_Array_D44_BEDGE_edgeifa_s19p0_short_m0p6_mat_1c2b646.aedt,D:\WorkSpace\HFSS Sim\UWB-Antenna-Simulation-By-HFSS\reports_d44_board_edge_low_angle_single_element\UWB_CH9_D44_BOARD_EDGE_LOW_ANGLE_SINGLE_ELEMENT_edgeifa_s19p0_short_m0p6_mat_1c2b646_params.json,D:\WorkSpace\HFSS Sim\UWB-Antenna-Simulation-By-HFSS\reports_d44_board_edge_low_angle_single_element\edgeifa_s19p0_short_m0p6_match_c0p110_l2p70_native_report_export.log,8.0,7.7,8.3,0.02,7.738,8.233,19.0,44.0,8.0,1.6,0.035,3.48,0.0037,21.4,6.2,0.0,3.4,0.0,0.22,0.42,0.0,0.0,1.78,0.58,0.48,0.34,0.55,0.5,0.0,0.24,0.6,1.0,0.0,0.85,0.12,0.65,0.0,2.2,0.12,1.65,0.08,0.0,3.0,0.1,0.55,0.45,3.3,0.0,3.6,0.18,0.75,0.95,0.4,0.0,0.0,0.0,0.0,0.0,0.0,0.0,1.0,0.254,2.0,2.0,0.38,0.0,0.0,0.0,0.0,5.8,0.42,0.0,0.0,0.0,0.0,1.1,0.0,0.6,0.0,0.0,0.0,0.0,0.0,1.0,0.06,0.68,0.42,1.0,0.03,0.0,2.2,0.3,0.0,2.2,0.12,1.2,0.06,0.0,3.0,0.1,45.0,0.0,0.0,0.0,6.2,0.0,0.0,0.0,2.4,0.3,0.0,0.0,0.0,2.0,0.5,0.0,0.0,4.6,0.35,3.8,0.15,0.0,1.0,1.0,2.0,0.24,5.9,-0.6,0.0,1.0,0.0,4.8,0.24,0.8,0.0,0.0,1.0,5.0,6.3,0.28,0.18,1.8,0.0,1.0,0.0,0.18,1.0,0.0,0.0,0.14,1.0,0.0,2.7,0.0,0.0,0.8,0.16,1.0,0.0,1.6,0.12,0.08,2.0,1.0,0.0,1.0,0.0,50.0,0.08,0.0,0.0,0.0,0.25,2.0,1.0,0.0,0.0,0.25,3.0,-1.0,0.0,0.0,0.8,0.0,10.0,0.42,3.2,8.0,8.0,7.0,3.0,-5.0,1.0,P1L,D:\WorkSpace\HFSS Sim\UWB-Antenna-Simulation-By-HFSS\reports_d44_board_edge_low_angle_single_element\edgeifa_s19p0_short_m0p6_match_c0p110_l2p70_native_s_parameters.csv,"dB(S(P1L,P1L)) []",8.0,-8.14436456846983,False,720,-10.7484725231741,50.0,245.0,275.0,185.0,-2.93515020633849,45.0,170.0,True,False,49,1.0,0.16,0.11,0.0,0.0,,,
edgeifa_s19p0_short_m0p6_damped_c0p156_l2p20_r820,Damped low-cost discrete match for the high-gain short-offset arm; accepts some resistor loss to close the remaining S11 gap.,133.92459058761597,D:\WorkSpace\HFSS Sim\UWB-Antenna-Simulation-By-HFSS\UWB_CH9_Diamond_CP_Array_D44_BEDGE_edgeifa_s19p0_short_m0p6_dam_8ae409f.aedt,D:\WorkSpace\HFSS Sim\UWB-Antenna-Simulation-By-HFSS\reports_d44_board_edge_low_angle_single_element\UWB_CH9_D44_BOARD_EDGE_LOW_ANGLE_SINGLE_ELEMENT_edgeifa_s19p0_short_m0p6_dam_8ae409f_params.json,D:\WorkSpace\HFSS Sim\UWB-Antenna-Simulation-By-HFSS\reports_d44_board_edge_low_angle_single_element\edgeifa_s19p0_short_m0p6_damped_c0p156_l2p20_r820_native_report_export.log,8.0,7.7,8.3,0.02,7.738,8.233,19.0,44.0,8.0,1.6,0.035,3.48,0.0037,21.4,6.2,0.0,3.4,0.0,0.22,0.42,0.0,0.0,1.78,0.58,0.48,0.34,0.55,0.5,0.0,0.24,0.6,1.0,0.0,0.85,0.12,0.65,0.0,2.2,0.12,1.65,0.08,0.0,3.0,0.1,0.55,0.45,3.3,0.0,3.6,0.18,0.75,0.95,0.4,0.0,0.0,0.0,0.0,0.0,0.0,0.0,1.0,0.254,2.0,2.0,0.38,0.0,0.0,0.0,0.0,5.8,0.42,0.0,0.0,0.0,0.0,1.1,0.0,0.6,0.0,0.0,0.0,0.0,0.0,1.0,0.06,0.68,0.42,1.0,0.03,0.0,2.2,0.3,0.0,2.2,0.12,1.2,0.06,0.0,3.0,0.1,45.0,0.0,0.0,0.0,6.2,0.0,0.0,0.0,2.4,0.3,0.0,0.0,0.0,2.0,0.5,0.0,0.0,4.6,0.35,3.8,0.15,0.0,1.0,1.0,2.0,0.24,5.9,-0.6,0.0,1.0,0.0,4.8,0.24,0.8,0.0,0.0,1.0,5.0,6.3,0.28,0.18,1.8,0.0,1.0,0.0,0.18,1.0,0.0,0.0,0.14,1.0,0.0,2.2,820.0,0.0,0.8,0.16,1.0,0.0,1.6,0.12,0.08,2.0,1.0,0.0,1.0,0.0,50.0,0.08,0.0,0.0,0.0,0.25,2.0,1.0,0.0,0.0,0.25,3.0,-1.0,0.0,0.0,0.8,0.0,10.0,0.42,3.2,8.0,8.0,7.0,3.0,-5.0,1.0,P1L,D:\WorkSpace\HFSS Sim\UWB-Antenna-Simulation-By-HFSS\reports_d44_board_edge_low_angle_single_element\edgeifa_s19p0_short_m0p6_damped_c0p156_l2p20_r820_native_s_parameters.csv,"dB(S(P1L,P1L)) []",8.0,-10.0983241717141,True,720,-12.4796081389975,50.0,245.0,275.0,185.0,-3.06384920782576,45.0,335.0,True,True,50,1.0,0.16,0.156,0.0,0.0,,,
edgeifa_s19p0_short_m0p6_damped_c0p146_l2p30_r1000,Moderate-damping neighbor with a 1 kohm shunt resistor in the discrete match.,129.95997524261475,D:\WorkSpace\HFSS Sim\UWB-Antenna-Simulation-By-HFSS\UWB_CH9_Diamond_CP_Array_D44_BEDGE_edgeifa_s19p0_short_m0p6_dam_a1a590f.aedt,D:\WorkSpace\HFSS Sim\UWB-Antenna-Simulation-By-HFSS\reports_d44_board_edge_low_angle_single_element\UWB_CH9_D44_BOARD_EDGE_LOW_ANGLE_SINGLE_ELEMENT_edgeifa_s19p0_short_m0p6_dam_a1a590f_params.json,D:\WorkSpace\HFSS Sim\UWB-Antenna-Simulation-By-HFSS\reports_d44_board_edge_low_angle_single_element\edgeifa_s19p0_short_m0p6_damped_c0p146_l2p30_r1000_native_report_export.log,8.0,7.7,8.3,0.02,7.738,8.233,19.0,44.0,8.0,1.6,0.035,3.48,0.0037,21.4,6.2,0.0,3.4,0.0,0.22,0.42,0.0,0.0,1.78,0.58,0.48,0.34,0.55,0.5,0.0,0.24,0.6,1.0,0.0,0.85,0.12,0.65,0.0,2.2,0.12,1.65,0.08,0.0,3.0,0.1,0.55,0.45,3.3,0.0,3.6,0.18,0.75,0.95,0.4,0.0,0.0,0.0,0.0,0.0,0.0,0.0,1.0,0.254,2.0,2.0,0.38,0.0,0.0,0.0,0.0,5.8,0.42,0.0,0.0,0.0,0.0,1.1,0.0,0.6,0.0,0.0,0.0,0.0,0.0,1.0,0.06,0.68,0.42,1.0,0.03,0.0,2.2,0.3,0.0,2.2,0.12,1.2,0.06,0.0,3.0,0.1,45.0,0.0,0.0,0.0,6.2,0.0,0.0,0.0,2.4,0.3,0.0,0.0,0.0,2.0,0.5,0.0,0.0,4.6,0.35,3.8,0.15,0.0,1.0,1.0,2.0,0.24,5.9,-0.6,0.0,1.0,0.0,4.8,0.24,0.8,0.0,0.0,1.0,5.0,6.3,0.28,0.18,1.8,0.0,1.0,0.0,0.18,1.0,0.0,0.0,0.14,1.0,0.0,2.3,1000.0,0.0,0.8,0.16,1.0,0.0,1.6,0.12,0.08,2.0,1.0,0.0,1.0,0.0,50.0,0.08,0.0,0.0,0.0,0.25,2.0,1.0,0.0,0.0,0.25,3.0,-1.0,0.0,0.0,0.8,0.0,10.0,0.42,3.2,8.0,8.0,7.0,3.0,-5.0,1.0,P1L,D:\WorkSpace\HFSS Sim\UWB-Antenna-Simulation-By-HFSS\reports_d44_board_edge_low_angle_single_element\edgeifa_s19p0_short_m0p6_damped_c0p146_l2p30_r1000_native_s_parameters.csv,"dB(S(P1L,P1L)) []",8.0,-9.37007020733506,False,720,-12.0372133463396,50.0,245.0,275.0,185.0,-3.06806953303365,45.0,170.0,True,False,51,1.0,0.16,0.146,0.0,0.0,,,
edgeifa_s19p0_short_m0p6_damped_c0p134_l2p40_r1500,"Light-damping neighbor with a 1.5 kohm shunt resistor, trading less loss against a shallower S11 correction.",129.12537693977356,D:\WorkSpace\HFSS Sim\UWB-Antenna-Simulation-By-HFSS\UWB_CH9_Diamond_CP_Array_D44_BEDGE_edgeifa_s19p0_short_m0p6_dam_dfcbf77.aedt,D:\WorkSpace\HFSS Sim\UWB-Antenna-Simulation-By-HFSS\reports_d44_board_edge_low_angle_single_element\UWB_CH9_D44_BOARD_EDGE_LOW_ANGLE_SINGLE_ELEMENT_edgeifa_s19p0_short_m0p6_dam_dfcbf77_params.json,D:\WorkSpace\HFSS Sim\UWB-Antenna-Simulation-By-HFSS\reports_d44_board_edge_low_angle_single_element\edgeifa_s19p0_short_m0p6_damped_c0p134_l2p40_r1500_native_report_export.log,8.0,7.7,8.3,0.02,7.738,8.233,19.0,44.0,8.0,1.6,0.035,3.48,0.0037,21.4,6.2,0.0,3.4,0.0,0.22,0.42,0.0,0.0,1.78,0.58,0.48,0.34,0.55,0.5,0.0,0.24,0.6,1.0,0.0,0.85,0.12,0.65,0.0,2.2,0.12,1.65,0.08,0.0,3.0,0.1,0.55,0.45,3.3,0.0,3.6,0.18,0.75,0.95,0.4,0.0,0.0,0.0,0.0,0.0,0.0,0.0,1.0,0.254,2.0,2.0,0.38,0.0,0.0,0.0,0.0,5.8,0.42,0.0,0.0,0.0,0.0,1.1,0.0,0.6,0.0,0.0,0.0,0.0,0.0,1.0,0.06,0.68,0.42,1.0,0.03,0.0,2.2,0.3,0.0,2.2,0.12,1.2,0.06,0.0,3.0,0.1,45.0,0.0,0.0,0.0,6.2,0.0,0.0,0.0,2.4,0.3,0.0,0.0,0.0,2.0,0.5,0.0,0.0,4.6,0.35,3.8,0.15,0.0,1.0,1.0,2.0,0.24,5.9,-0.6,0.0,1.0,0.0,4.8,0.24,0.8,0.0,0.0,1.0,5.0,6.3,0.28,0.18,1.8,0.0,1.0,0.0,0.18,1.0,0.0,0.0,0.14,1.0,0.0,2.4,1500.0,0.0,0.8,0.16,1.0,0.0,1.6,0.12,0.08,2.0,1.0,0.0,1.0,0.0,50.0,0.08,0.0,0.0,0.0,0.25,2.0,1.0,0.0,0.0,0.25,3.0,-1.0,0.0,0.0,0.8,0.0,10.0,0.42,3.2,8.0,8.0,7.0,3.0,-5.0,1.0,P1L,D:\WorkSpace\HFSS Sim\UWB-Antenna-Simulation-By-HFSS\reports_d44_board_edge_low_angle_single_element\edgeifa_s19p0_short_m0p6_damped_c0p134_l2p40_r1500_native_s_parameters.csv,"dB(S(P1L,P1L)) []",8.0,-9.11544672763949,False,720,-11.9311100029551,50.0,245.0,275.0,185.0,-3.00359991564416,45.0,340.0,True,False,52,1.0,0.16,0.134,0.0,0.0,,,
edgeifa_s19p0_short_m0p6_damped_c0p142_l2p00_r680,Post-#50 retune with moderate damping and lower shunt inductance to add S11 margin.,0.02108907699584961,D:\WorkSpace\HFSS Sim\UWB-Antenna-Simulation-By-HFSS\UWB_CH9_Diamond_CP_Array_D44_BEDGE_edgeifa_s19p0_short_m0p6_dam_765a917.aedt,D:\WorkSpace\HFSS Sim\UWB-Antenna-Simulation-By-HFSS\reports_d44_board_edge_low_angle_single_element\UWB_CH9_D44_BOARD_EDGE_LOW_ANGLE_SINGLE_ELEMENT_edgeifa_s19p0_short_m0p6_dam_765a917_params.json,D:\WorkSpace\HFSS Sim\UWB-Antenna-Simulation-By-HFSS\reports_d44_board_edge_low_angle_single_element\edgeifa_s19p0_short_m0p6_damped_c0p142_l2p00_r680_native_report_export.log,8.0,7.7,8.3,0.02,7.738,8.233,19.0,44.0,8.0,1.6,0.035,3.48,0.0037,21.4,6.2,0.0,3.4,0.0,0.22,0.42,0.0,0.0,1.78,0.58,0.48,0.34,0.55,0.5,0.0,0.24,0.6,1.0,0.0,0.85,0.12,0.65,0.0,2.2,0.12,1.65,0.08,0.0,3.0,0.1,0.55,0.45,3.3,0.0,3.6,0.18,0.75,0.95,0.4,0.0,0.0,0.0,0.0,0.0,0.0,0.0,1.0,0.254,2.0,2.0,0.38,0.0,0.0,0.0,0.0,5.8,0.42,0.0,0.0,0.0,0.0,1.1,0.0,0.6,0.0,0.0,0.0,0.0,0.0,1.0,0.06,0.68,0.42,1.0,0.03,0.0,2.2,0.3,0.0,2.2,0.12,1.2,0.06,0.0,3.0,0.1,45.0,0.0,0.0,0.0,6.2,0.0,0.0,0.0,2.4,0.3,0.0,0.0,0.0,2.0,0.5,0.0,0.0,4.6,0.35,3.8,0.15,0.0,1.0,1.0,2.0,0.24,5.9,-0.6,0.0,1.0,0.0,4.8,0.24,0.8,0.0,0.0,1.0,5.0,6.3,0.28,0.18,1.8,0.0,1.0,0.0,0.18,1.0,0.0,0.0,0.14,1.0,0.0,2.0,680.0,0.0,0.8,0.16,1.0,0.0,1.6,0.12,0.08,2.0,1.0,0.0,1.0,0.0,50.0,0.08,0.0,0.0,0.0,0.25,2.0,1.0,0.0,0.0,0.25,3.0,-1.0,0.0,0.0,0.8,0.0,10.0,0.42,3.2,8.0,8.0,7.0,3.0,-5.0,1.0,P1L,D:\WorkSpace\HFSS Sim\UWB-Antenna-Simulation-By-HFSS\reports_d44_board_edge_low_angle_single_element\edgeifa_s19p0_short_m0p6_damped_c0p142_l2p00_r680_native_s_parameters.csv,"dB(S(P1L,P1L)) []",8.0,-11.1657837660311,True,720,-12.2938532127468,50.0,245.0,275.0,185.0,-3.32302546075812,45.0,335.0,True,True,53,1.0,0.16,0.142,0.0,0.0,,,
edgeifa_s19p0_short_m0p6_damped_c0p130_l2p10_r820,Post-#50 retune keeping 820 ohm damping but reducing both series capacitance and shunt inductance.,125.49362325668335,D:\WorkSpace\HFSS Sim\UWB-Antenna-Simulation-By-HFSS\UWB_CH9_Diamond_CP_Array_D44_BEDGE_edgeifa_s19p0_short_m0p6_dam_ea49574.aedt,D:\WorkSpace\HFSS Sim\UWB-Antenna-Simulation-By-HFSS\reports_d44_board_edge_low_angle_single_element\UWB_CH9_D44_BOARD_EDGE_LOW_ANGLE_SINGLE_ELEMENT_edgeifa_s19p0_short_m0p6_dam_ea49574_params.json,D:\WorkSpace\HFSS Sim\UWB-Antenna-Simulation-By-HFSS\reports_d44_board_edge_low_angle_single_element\edgeifa_s19p0_short_m0p6_damped_c0p130_l2p10_r820_native_report_export.log,8.0,7.7,8.3,0.02,7.738,8.233,19.0,44.0,8.0,1.6,0.035,3.48,0.0037,21.4,6.2,0.0,3.4,0.0,0.22,0.42,0.0,0.0,1.78,0.58,0.48,0.34,0.55,0.5,0.0,0.24,0.6,1.0,0.0,0.85,0.12,0.65,0.0,2.2,0.12,1.65,0.08,0.0,3.0,0.1,0.55,0.45,3.3,0.0,3.6,0.18,0.75,0.95,0.4,0.0,0.0,0.0,0.0,0.0,0.0,0.0,1.0,0.254,2.0,2.0,0.38,0.0,0.0,0.0,0.0,5.8,0.42,0.0,0.0,0.0,0.0,1.1,0.0,0.6,0.0,0.0,0.0,0.0,0.0,1.0,0.06,0.68,0.42,1.0,0.03,0.0,2.2,0.3,0.0,2.2,0.12,1.2,0.06,0.0,3.0,0.1,45.0,0.0,0.0,0.0,6.2,0.0,0.0,0.0,2.4,0.3,0.0,0.0,0.0,2.0,0.5,0.0,0.0,4.6,0.35,3.8,0.15,0.0,1.0,1.0,2.0,0.24,5.9,-0.6,0.0,1.0,0.0,4.8,0.24,0.8,0.0,0.0,1.0,5.0,6.3,0.28,0.18,1.8,0.0,1.0,0.0,0.18,1.0,0.0,0.0,0.14,1.0,0.0,2.1,820.0,0.0,0.8,0.16,1.0,0.0,1.6,0.12,0.08,2.0,1.0,0.0,1.0,0.0,50.0,0.08,0.0,0.0,0.0,0.25,2.0,1.0,0.0,0.0,0.25,3.0,-1.0,0.0,0.0,0.8,0.0,10.0,0.42,3.2,8.0,8.0,7.0,3.0,-5.0,1.0,P1L,D:\WorkSpace\HFSS Sim\UWB-Antenna-Simulation-By-HFSS\reports_d44_board_edge_low_angle_single_element\edgeifa_s19p0_short_m0p6_damped_c0p130_l2p10_r820_native_s_parameters.csv,"dB(S(P1L,P1L)) []",8.0,-10.838449679727,True,720,-12.0595877646969,50.0,245.0,275.0,185.0,-3.30435682981147,45.0,340.0,True,True,54,1.0,0.16,0.13,0.0,0.0,,,
edgeifa_s19p0_short_m0p6_damped_c0p178_l1p80_r390,High-damping endpoint to confirm the achievable S11 floor and remaining GainTotal margin.,130.33465600013733,D:\WorkSpace\HFSS Sim\UWB-Antenna-Simulation-By-HFSS\UWB_CH9_Diamond_CP_Array_D44_BEDGE_edgeifa_s19p0_short_m0p6_dam_c51ccde.aedt,D:\WorkSpace\HFSS Sim\UWB-Antenna-Simulation-By-HFSS\reports_d44_board_edge_low_angle_single_element\UWB_CH9_D44_BOARD_EDGE_LOW_ANGLE_SINGLE_ELEMENT_edgeifa_s19p0_short_m0p6_dam_c51ccde_params.json,D:\WorkSpace\HFSS Sim\UWB-Antenna-Simulation-By-HFSS\reports_d44_board_edge_low_angle_single_element\edgeifa_s19p0_short_m0p6_damped_c0p178_l1p80_r390_native_report_export.log,8.0,7.7,8.3,0.02,7.738,8.233,19.0,44.0,8.0,1.6,0.035,3.48,0.0037,21.4,6.2,0.0,3.4,0.0,0.22,0.42,0.0,0.0,1.78,0.58,0.48,0.34,0.55,0.5,0.0,0.24,0.6,1.0,0.0,0.85,0.12,0.65,0.0,2.2,0.12,1.65,0.08,0.0,3.0,0.1,0.55,0.45,3.3,0.0,3.6,0.18,0.75,0.95,0.4,0.0,0.0,0.0,0.0,0.0,0.0,0.0,1.0,0.254,2.0,2.0,0.38,0.0,0.0,0.0,0.0,5.8,0.42,0.0,0.0,0.0,0.0,1.1,0.0,0.6,0.0,0.0,0.0,0.0,0.0,1.0,0.06,0.68,0.42,1.0,0.03,0.0,2.2,0.3,0.0,2.2,0.12,1.2,0.06,0.0,3.0,0.1,45.0,0.0,0.0,0.0,6.2,0.0,0.0,0.0,2.4,0.3,0.0,0.0,0.0,2.0,0.5,0.0,0.0,4.6,0.35,3.8,0.15,0.0,1.0,1.0,2.0,0.24,5.9,-0.6,0.0,1.0,0.0,4.8,0.24,0.8,0.0,0.0,1.0,5.0,6.3,0.28,0.18,1.8,0.0,1.0,0.0,0.18,1.0,0.0,0.0,0.14,1.0,0.0,1.8,390.0,0.0,0.8,0.16,1.0,0.0,1.6,0.12,0.08,2.0,1.0,0.0,1.0,0.0,50.0,0.08,0.0,0.0,0.0,0.25,2.0,1.0,0.0,0.0,0.25,3.0,-1.0,0.0,0.0,0.8,0.0,10.0,0.42,3.2,8.0,8.0,7.0,3.0,-5.0,1.0,P1L,D:\WorkSpace\HFSS Sim\UWB-Antenna-Simulation-By-HFSS\reports_d44_board_edge_low_angle_single_element\edgeifa_s19p0_short_m0p6_damped_c0p178_l1p80_r390_native_s_parameters.csv,"dB(S(P1L,P1L)) []",8.0,-11.0797979343335,True,720,-12.7419000157919,50.0,245.0,275.0,185.0,-3.45095863523961,45.0,335.0,True,True,55,1.0,0.16,0.178,0.0,0.0,,,
sidewall_pifa_s19p0_short_m0p6_c0p142_l2p00_r680,Manufacturing conversion of the passing #53 geometry: active IFA/PIFA and folded parasitic path are implemented as thick-PCB sidewall metallization/via-wall copper.,128.48588275909424,D:\WorkSpace\HFSS Sim\UWB-Antenna-Simulation-By-HFSS\UWB_CH9_Diamond_CP_Array_D44_BEDGE_sidewall_pifa_s19p0_short_m0_8beec48.aedt,D:\WorkSpace\HFSS Sim\UWB-Antenna-Simulation-By-HFSS\reports_d44_board_edge_low_angle_single_element\UWB_CH9_D44_BOARD_EDGE_LOW_ANGLE_SINGLE_ELEMENT_sidewall_pifa_s19p0_short_m0_8beec48_params.json,D:\WorkSpace\HFSS Sim\UWB-Antenna-Simulation-By-HFSS\reports_d44_board_edge_low_angle_single_element\sidewall_pifa_s19p0_short_m0p6_c0p142_l2p00_r680_native_report_export.log,8.0,7.7,8.3,0.02,7.738,8.233,19.0,44.0,8.0,7.6,0.035,3.48,0.0037,21.4,6.2,0.0,3.4,0.0,0.22,0.42,0.0,0.0,1.78,0.58,0.48,0.34,0.55,0.5,0.0,0.24,0.6,1.0,0.0,0.85,0.12,0.65,0.0,2.2,0.12,1.65,0.08,0.0,3.0,0.1,0.55,0.45,3.3,0.0,3.6,0.18,0.75,0.95,0.4,0.0,0.0,0.0,0.0,0.0,0.0,0.0,1.0,0.254,2.0,2.0,0.38,0.0,0.0,0.0,0.0,5.8,0.42,0.0,0.0,0.0,0.0,1.1,0.0,0.6,0.0,0.0,0.0,0.0,0.0,1.0,0.06,0.68,0.42,1.0,0.03,0.0,2.2,0.3,0.0,2.2,0.12,1.2,0.06,0.0,3.0,0.1,45.0,0.0,0.0,0.0,6.2,0.0,0.0,0.0,2.4,0.3,0.0,0.0,0.0,2.0,0.5,0.0,0.0,4.6,0.35,3.8,0.15,0.0,1.0,1.0,2.0,0.24,5.9,-0.6,0.0,1.0,0.0,4.8,0.24,0.8,0.0,0.0,1.0,5.0,6.3,0.28,0.18,1.8,0.0,1.0,0.0,0.18,1.0,0.0,0.0,0.14,1.0,0.0,2.0,680.0,0.0,0.8,0.16,1.0,0.0,1.6,0.12,0.08,2.0,1.0,0.0,1.0,0.0,50.0,0.08,0.0,0.0,0.0,0.25,2.0,1.0,0.0,0.0,0.25,3.0,-1.0,0.0,0.0,0.8,0.0,10.0,0.42,3.2,8.0,8.0,7.0,3.0,-5.0,1.0,P1L,D:\WorkSpace\HFSS Sim\UWB-Antenna-Simulation-By-HFSS\reports_d44_board_edge_low_angle_single_element\sidewall_pifa_s19p0_short_m0p6_c0p142_l2p00_r680_native_s_parameters.csv,"dB(S(P1L,P1L)) []",8.0,-2.66127177519003,False,720,-16.0476753909122,45.0,185.0,190.0,100.0,-15.5191819053329,90.0,350.0,False,False,56,1.0,0.16,0.142,0.0,0.0,1.0,1.0,
sidewall_pifa_foam_s19p0_short_m0p6_c0p142_l2p00_r680,"Same sidewall-metallized PIFA geometry, but using a low-epsilon thick carrier/foam equivalent instead of solid RO4350B to check whether the manufacturing conversion can preserve the air-supported radiation mode.",137.689857006073,D:\WorkSpace\HFSS Sim\UWB-Antenna-Simulation-By-HFSS\UWB_CH9_Diamond_CP_Array_D44_BEDGE_sidewall_pifa_foam_s19p0_sho_6b612ff.aedt,D:\WorkSpace\HFSS Sim\UWB-Antenna-Simulation-By-HFSS\reports_d44_board_edge_low_angle_single_element\UWB_CH9_D44_BOARD_EDGE_LOW_ANGLE_SINGLE_ELEMENT_sidewall_pifa_foam_s19p0_sho_6b612ff_params.json,D:\WorkSpace\HFSS Sim\UWB-Antenna-Simulation-By-HFSS\reports_d44_board_edge_low_angle_single_element\sidewall_pifa_foam_s19p0_short_m0p6_c0p142_l2p00_r680_native_report_export.log,8.0,7.7,8.3,0.02,7.738,8.233,19.0,44.0,8.0,7.6,0.035,1.12,0.0008,21.4,6.2,0.0,3.4,0.0,0.22,0.42,0.0,0.0,1.78,0.58,0.48,0.34,0.55,0.5,0.0,0.24,0.6,1.0,0.0,0.85,0.12,0.65,0.0,2.2,0.12,1.65,0.08,0.0,3.0,0.1,0.55,0.45,3.3,0.0,3.6,0.18,0.75,0.95,0.4,0.0,0.0,0.0,0.0,0.0,0.0,0.0,1.0,0.254,2.0,2.0,0.38,0.0,0.0,0.0,0.0,5.8,0.42,0.0,0.0,0.0,0.0,1.1,0.0,0.6,0.0,0.0,0.0,0.0,0.0,1.0,0.06,0.68,0.42,1.0,0.03,0.0,2.2,0.3,0.0,2.2,0.12,1.2,0.06,0.0,3.0,0.1,45.0,0.0,0.0,0.0,6.2,0.0,0.0,0.0,2.4,0.3,0.0,0.0,0.0,2.0,0.5,0.0,0.0,4.6,0.35,3.8,0.15,0.0,1.0,1.0,2.0,0.24,5.9,-0.6,0.0,1.0,0.0,4.8,0.24,0.8,0.0,0.0,1.0,5.0,6.3,0.28,0.18,1.8,0.0,1.0,0.0,0.18,1.0,0.0,0.0,0.14,1.0,0.0,2.0,680.0,0.0,0.8,0.16,1.0,0.0,1.6,0.12,0.08,2.0,1.0,0.0,1.0,0.0,50.0,0.08,0.0,0.0,0.0,0.25,2.0,1.0,0.0,0.0,0.25,3.0,-1.0,0.0,0.0,0.8,0.0,10.0,0.42,3.2,8.0,8.0,7.0,3.0,-5.0,1.0,P1L,D:\WorkSpace\HFSS Sim\UWB-Antenna-Simulation-By-HFSS\reports_d44_board_edge_low_angle_single_element\sidewall_pifa_foam_s19p0_short_m0p6_c0p142_l2p00_r680_native_s_parameters.csv,"dB(S(P1L,P1L)) []",8.0,-7.94005396050247,False,720,-16.0039961384677,45.0,180.0,250.0,160.0,-11.2747156680189,65.0,250.0,False,False,60,1.0,0.16,0.142,0.0,0.0,1.0,1.0,
edgeplate_pifa_air_s19p0_short_m0p6_c0p142_l2p00_r680,PCB edge-plated IFA/PIFA conversion: the active IFA trace is rotated onto the vertical board-edge sidewall plane while the low-elevation folded parasitic keeps the air-supported current path.,128.66410303115845,D:\WorkSpace\HFSS Sim\UWB-Antenna-Simulation-By-HFSS\UWB_CH9_Diamond_CP_Array_D44_BEDGE_edgeplate_pifa_air_s19p0_sho_a3f8eb0.aedt,D:\WorkSpace\HFSS Sim\UWB-Antenna-Simulation-By-HFSS\reports_d44_board_edge_low_angle_single_element\UWB_CH9_D44_BOARD_EDGE_LOW_ANGLE_SINGLE_ELEMENT_edgeplate_pifa_air_s19p0_sho_a3f8eb0_params.json,D:\WorkSpace\HFSS Sim\UWB-Antenna-Simulation-By-HFSS\reports_d44_board_edge_low_angle_single_element\edgeplate_pifa_air_s19p0_short_m0p6_c0p142_l2p00_r680_native_report_export.log,8.0,7.7,8.3,0.02,7.738,8.233,19.0,44.0,8.0,1.6,0.035,3.48,0.0037,21.4,6.2,0.0,3.4,0.0,0.22,0.42,0.0,0.0,1.78,0.58,0.48,0.34,0.55,0.5,0.0,0.24,0.6,1.0,0.0,0.85,0.12,0.65,0.0,2.2,0.12,1.65,0.08,0.0,3.0,0.1,0.55,0.45,3.3,0.0,3.6,0.18,0.75,0.95,0.4,0.0,0.0,0.0,0.0,0.0,0.0,0.0,1.0,0.254,2.0,2.0,0.38,0.0,0.0,0.0,0.0,5.8,0.42,0.0,0.0,0.0,0.0,1.1,0.0,0.6,0.0,0.0,0.0,0.0,0.0,1.0,0.06,0.68,0.42,1.0,0.03,0.0,2.2,0.3,0.0,2.2,0.12,1.2,0.06,0.0,3.0,0.1,45.0,0.0,0.0,0.0,6.2,0.0,0.0,0.0,2.4,0.3,0.0,0.0,0.0,2.0,0.5,0.0,0.0,4.6,0.35,3.8,0.15,0.0,1.0,1.0,2.0,0.24,5.9,-0.6,0.0,1.0,0.0,4.8,0.24,0.8,0.0,0.0,1.0,5.0,6.3,0.28,0.18,1.8,0.0,1.0,0.0,0.18,1.0,0.0,0.0,0.14,1.0,0.0,2.0,680.0,0.0,0.8,0.16,1.0,0.0,1.6,0.12,0.08,2.0,1.0,0.0,1.0,0.0,50.0,0.08,0.0,0.0,0.0,0.25,2.0,1.0,0.0,0.0,0.25,3.0,-1.0,0.0,0.0,0.8,0.0,10.0,0.42,3.2,8.0,8.0,7.0,3.0,-5.0,1.0,P1L,D:\WorkSpace\HFSS Sim\UWB-Antenna-Simulation-By-HFSS\reports_d44_board_edge_low_angle_single_element\edgeplate_pifa_air_s19p0_short_m0p6_c0p142_l2p00_r680_native_s_parameters.csv,"dB(S(P1L,P1L)) []",8.0,-3.14836517647967,False,720,-8.56521932796805,90.0,245.0,250.0,160.0,-8.5127166695806,75.0,110.0,False,False,62,1.0,0.16,0.142,0.0,0.0,0.0,0.0,1.0
edgeplate_pifa_air_nofold_s19p0_c0p142_l2p00_r680,"Active sidewall-plane IFA/PIFA only, disabling the folded parasitic arm to isolate whether the manufacturable edge-plated PIFA can carry the low-elevation coverage by itself.",127.74945116043091,D:\WorkSpace\HFSS Sim\UWB-Antenna-Simulation-By-HFSS\UWB_CH9_Diamond_CP_Array_D44_BEDGE_edgeplate_pifa_air_nofold_s1_598c7c3.aedt,D:\WorkSpace\HFSS Sim\UWB-Antenna-Simulation-By-HFSS\reports_d44_board_edge_low_angle_single_element\UWB_CH9_D44_BOARD_EDGE_LOW_ANGLE_SINGLE_ELEMENT_edgeplate_pifa_air_nofold_s1_598c7c3_params.json,D:\WorkSpace\HFSS Sim\UWB-Antenna-Simulation-By-HFSS\reports_d44_board_edge_low_angle_single_element\edgeplate_pifa_air_nofold_s19p0_c0p142_l2p00_r680_native_report_export.log,8.0,7.7,8.3,0.02,7.738,8.233,19.0,44.0,8.0,1.6,0.035,3.48,0.0037,21.4,6.2,0.0,3.4,0.0,0.22,0.42,0.0,0.0,1.78,0.58,0.48,0.34,0.55,0.5,0.0,0.24,0.6,1.0,0.0,0.85,0.12,0.65,0.0,2.2,0.12,1.65,0.08,0.0,3.0,0.1,0.55,0.45,3.3,0.0,3.6,0.18,0.75,0.95,0.4,0.0,0.0,0.0,0.0,0.0,0.0,0.0,1.0,0.254,2.0,2.0,0.38,0.0,0.0,0.0,0.0,5.8,0.42,0.0,0.0,0.0,0.0,1.1,0.0,0.6,0.0,0.0,0.0,0.0,0.0,1.0,0.06,0.68,0.42,1.0,0.03,0.0,2.2,0.3,0.0,2.2,0.12,1.2,0.06,0.0,3.0,0.1,45.0,0.0,0.0,0.0,6.2,0.0,0.0,0.0,2.4,0.3,0.0,0.0,0.0,2.0,0.5,0.0,0.0,4.6,0.35,3.8,0.15,0.0,0.0,1.0,2.0,0.24,5.9,-0.6,0.0,1.0,0.0,4.8,0.24,0.8,0.0,0.0,1.0,5.0,6.3,0.28,0.18,1.8,0.0,1.0,0.0,0.18,1.0,0.0,0.0,0.14,1.0,0.0,2.0,680.0,0.0,0.8,0.16,1.0,0.0,1.6,0.12,0.08,2.0,1.0,0.0,1.0,0.0,50.0,0.08,0.0,0.0,0.0,0.25,2.0,1.0,0.0,0.0,0.25,3.0,-1.0,0.0,0.0,0.8,0.0,10.0,0.42,3.2,8.0,8.0,7.0,3.0,-5.0,1.0,P1L,D:\WorkSpace\HFSS Sim\UWB-Antenna-Simulation-By-HFSS\reports_d44_board_edge_low_angle_single_element\edgeplate_pifa_air_nofold_s19p0_c0p142_l2p00_r680_native_s_parameters.csv,"dB(S(P1L,P1L)) []",8.0,-1.85515462354802,False,720,-13.1717541918311,80.0,185.0,260.0,170.0,-10.1000160764108,45.0,260.0,False,False,63,1.0,0.16,0.142,0.0,0.0,0.0,0.0,1.0
edgeplate_riser_pifa_s19p0_short_m0p6_c0p142_l2p00_r680,"Manufacturable edge-plated riser conversion of the passing #53 EM current path: keep the raised radial IFA/PIFA arm and short folded parasitic path, but implement the vertical sections as plated sidewall/castellated risers or a low-cost plated vertical carrier.",0.036271095275878906,D:\WorkSpace\HFSS Sim\UWB-Antenna-Simulation-By-HFSS\UWB_CH9_Diamond_CP_Array_D44_BEDGE_edgeplate_riser_pifa_s19p0_s_0b2d3f9.aedt,D:\WorkSpace\HFSS Sim\UWB-Antenna-Simulation-By-HFSS\reports_d44_board_edge_low_angle_single_element\UWB_CH9_D44_BOARD_EDGE_LOW_ANGLE_SINGLE_ELEMENT_edgeplate_riser_pifa_s19p0_s_0b2d3f9_params.json,D:\WorkSpace\HFSS Sim\UWB-Antenna-Simulation-By-HFSS\reports_d44_board_edge_low_angle_single_element\edgeplate_riser_pifa_s19p0_short_m0p6_c0p142_l2p00_r680_native_report_export.log,8.0,7.7,8.3,0.02,7.738,8.233,19.0,44.0,8.0,1.6,0.035,3.48,0.0037,21.4,6.2,0.0,3.4,0.0,0.22,0.42,0.0,0.0,1.78,0.58,0.48,0.34,0.55,0.5,0.0,0.24,0.6,1.0,0.0,0.85,0.12,0.65,0.0,2.2,0.12,1.65,0.08,0.0,3.0,0.1,0.55,0.45,3.3,0.0,3.6,0.18,0.75,0.95,0.4,0.0,0.0,0.0,0.0,0.0,0.0,0.0,1.0,0.254,2.0,2.0,0.38,0.0,0.0,0.0,0.0,5.8,0.42,0.0,0.0,0.0,0.0,1.1,0.0,0.6,0.0,0.0,0.0,0.0,0.0,1.0,0.06,0.68,0.42,1.0,0.03,0.0,2.2,0.3,0.0,2.2,0.12,1.2,0.06,0.0,3.0,0.1,45.0,0.0,0.0,0.0,6.2,0.0,0.0,0.0,2.4,0.3,0.0,0.0,0.0,2.0,0.5,0.0,0.0,4.6,0.35,3.8,0.15,0.0,1.0,1.0,2.0,0.24,5.9,-0.6,0.0,1.0,0.0,4.8,0.24,0.8,0.0,0.0,1.0,5.0,6.3,0.28,0.18,1.8,0.0,1.0,0.0,0.18,1.0,0.0,0.0,0.14,1.0,0.0,2.0,680.0,0.0,0.8,0.16,1.0,0.0,1.6,0.12,0.08,2.0,1.0,0.0,1.0,0.0,50.0,0.08,0.0,0.0,0.0,0.25,2.0,1.0,0.0,0.0,0.25,3.0,-1.0,0.0,0.0,0.8,0.0,10.0,0.42,3.2,8.0,8.0,7.0,3.0,-5.0,1.0,P1L,D:\WorkSpace\HFSS Sim\UWB-Antenna-Simulation-By-HFSS\reports_d44_board_edge_low_angle_single_element\edgeplate_riser_pifa_s19p0_short_m0p6_c0p142_l2p00_r680_native_s_parameters.csv,"dB(S(P1L,P1L)) []",8.0,-11.1657837661243,True,720,-12.2938532127227,50.0,245.0,275.0,185.0,-3.32302546078413,45.0,335.0,True,True,64,1.0,0.16,0.142,0.0,0.0,0.0,0.0,0.0
