"Theta [deg]","Freq [GHz]","Phi [deg]","re(rETheta) [mV]","Phi [deg]","im(rETheta) [mV]","Phi [deg]","re(rEPhi) [mV]","Phi [deg]","im(rEPhi) [mV]"
0,8,0,-69.579504872854,0,78.2532968810282,0,-34.9967704441369,0,-35.3438364599887
0,8,5,-72.364903372014,5,74.8751011428576,5,-28.7993437395752,5,-42.0295667037815
0,8,10,-74.5995612613896,10,70.9270606741676,10,-22.3827366396362,10,-48.3954265668123
0,8,15,-76.2664714451194,15,66.439222446817,15,-15.7957833988036,15,-54.3929680117121
0,8,20,-77.3529477301973,20,61.4457416195469,20,-9.08861470855131,20,-59.9765461266707
0,8,25,-77.8507213760615,25,55.9846215965987,25,-2.31227617251135,25,-65.1036665107767
0,8,30,-77.7560040247032,30,50.0974247988617,30,4.48166018139197,30,-69.735308682067
0,8,35,-77.0695165323579,35,43.8289563487532,35,11.2414883952145,35,-73.8362230469562
0,8,40,-75.796483483355,40,37.2269230761832,40,17.9157620945531,40,-77.3751991709276
0,8,45,-73.9465934278757,45,30.3415704407728,45,24.4536860265193,45,-80.3253033087856
0,8,50,-71.5339251462363,50,23.225300133567,50,30.8055026422843,50,-82.6640833867195
0,8,55,-68.5768405008692,55,15.932271268525,55,36.9228707820705,55,-84.3737398761422
0,8,60,-65.097844691462,60,8.5179881989612,60,42.7592335805662,60,-85.4412612588504
0,8,65,-61.1234149767995,65,1.0388780959014,65,48.2701727927827,65,-85.8585230525347
0,8,70,-56.6837991668364,70,-6.44813849675997,70,53.4137468437188,70,-85.6223496429955
0,8,75,-51.8127854186001,75,-13.8860808619685,75,58.1508100290721,75,-84.7345384524849
0,8,80,-46.5474450879129,80,-21.2183417671726,80,62.445310437685,80,-83.2018462602377
0,8,85,-40.927850593991,85,-28.3891182795435,85,66.2645643283579,85,-81.0359377793017
0,8,90,-34.996770444137,90,-35.3438364599887,90,69.579504872854,90,-78.2532968810282
5,8,0,-98.2818482342462,0,72.8245866784682,0,-27.3891447840021,0,-11.9193603967133
5,8,5,-100.811392776674,5,69.5180565375973,5,-21.1867624778608,5,-18.5055140326812
5,8,10,-102.786003465717,10,65.6537149631516,10,-14.771442523773,10,-24.7662632275048
5,8,15,-104.191993004008,15,61.2629326134155,15,-8.19305394402407,15,-30.6542891293071
5,8,20,-105.020240583006,20,56.3810874287593,20,-1.50245311326051,20,-36.1254722427763
5,8,25,-105.266216580526,25,51.0472306181212,25,5.24895839437063,25,-41.1392552128531
5,8,30,-104.929957778359,30,45.3037125591366,30,12.0096724818116,30,-45.6589655141151
5,8,35,-104.015994163635,35,39.195774016916,35,18.7285022908977,35,-49.6520906102771
5,8,40,-102.533230052741,40,32.7711100702231,40,25.3549917496886,40,-53.0904991103139
5,8,45,-100.494783966432,45,26.0794159266299,45,31.8398002329231,45,-55.9506030721263
5,8,50,-97.9177932235783,50,19.1719251904703,50,38.1350567778934,50,-58.2134588447891
5,8,55,-94.8231904454643,55,12.1009519080003,55,44.1946798438733,55,-59.8648065713983
5,8,60,-91.2354599319477,60,4.9194476786434,60,49.9746604727089,60,-60.8950514941161
5,8,65,-87.182382083453,65,-2.3194158194681,65,55.4333087529014,65,-61.2991932432942
5,8,70,-82.6947736494903,70,-9.56263040552344,70,60.531465535432,70,-61.0767120438311
5,8,75,-77.8062305946446,75,-16.7576952880052,75,65.2326832154577,75,-60.231422916724
5,8,80,-72.5528788548742,80,-23.8529188202575,80,69.503380910616,80,-58.7713102076676
5,8,85,-66.9731363298366,85,-30.7976793375345,85,73.312980394149,85,-56.7083549276787
5,8,90,-61.1074872787914,90,-37.5426499329201,90,76.6340295823173,90,-54.0583663436328
10,8,0,-125.236619392321,0,65.8824597184654,0,-20.8103377295685,0,12.5168297468278
10,8,5,-127.122936000762,5,62.9336756957377,5,-14.6334562347859,5,6.11959822858375
10,8,10,-128.447478077306,10,59.4437286811692,10,-8.24275927434189,10,0.0376410319586455
10,8,15,-129.202096663474,15,55.4427122162667,15,-1.69021086530418,15,-5.68065430279078
10,8,20,-129.383806632524,20,50.9652477320955,20,4.9712937915683,20,-10.9902646753411
10,8,25,-128.994836250064,25,46.0501655905072,25,11.6885498278476,25,-15.85016753551
10,8,30,-128.042570398078,30,40.7400680910072,30,18.4086814444715,30,-20.223945889806
10,8,35,-126.539375463085,35,35.0807721842875,35,25.0797703104821,35,-24.0803252551909
10,8,40,-124.502303115945,40,29.1206397535048,40,31.651443558666,40,-27.3936028514168
10,8,45,-121.952680807298,45,22.9098152279424,45,38.0753918890146,45,-30.1439301787325
10,8,50,-118.915607554648,50,16.4994029461123,50,44.305792076585,50,-32.3174156397498
10,8,55,-115.419383180525,55,9.94062847821966,55,50.2996149364761,55,-33.9060246137947
10,8,60,-111.494906312944,60,3.28403704223644,60,56.0168089158707,60,-34.9072701772876
10,8,65,-107.175080163373,65,-3.42121386143177,65,61.4203600273103,65,-35.3237072999354
10,8,70,-102.494264755339,70,-10.1279130859612,70,66.4762396450431,70,-35.1622646742575
10,8,75,-97.4878098308547,75,-16.7911612857145,75,71.1532615085124,75,-34.4334684708998
10,8,80,-92.1916946352191,80,-23.368515877542,80,75.4228769614531,80,-33.1506281038664
10,8,85,-86.6422902099102,85,-29.819910898417,85,79.2589421393754,85,-31.3290626947955
10,8,90,-80.8762480777232,90,-36.1073726455356,90,82.6374920927278,90,-28.9854463673023
15,8,0,-148.885104878925,0,58.0625726671393,0,-15.2571352376262,0,36.5262960225281
15,8,5,-149.79433028509,5,55.7052411279367,5,-9.14350306358024,5,30.3721524380327
15,8,10,-150.135926895843,10,52.8269829041491,10,-2.8086187403329,10,24.509057624008
15,8,15,-149.907765436972,15,49.4535641356926,15,3.69278527651269,15,18.9896178448422
15,8,20,-149.113586144739,20,45.6162703958254,20,10.3047475656821,20,13.8633717430352
15,8,25,-147.763359197193,25,41.3517726572785,25,16.9710126449186,25,9.17561211112832
15,8,30,-145.873446283559,30,36.7017747780411,30,23.636037653263,30,4.96616211126616
15,8,35,-143.466498711461,35,31.7124073435464,35,30.2460035462542,35,1.26818136114169
15,8,40,-140.571051841658,40,26.4333440578663,40,36.7497562498874,40,-1.89289880531036
15,8,45,-137.220808620334,45,20.9166394776829,45,43.0996039527959,45,-4.50019183839442
15,8,50,-133.453642555264,50,15.2153216879424,50,49.2519058944566,50,-6.54579757781029
15,8,55,-129.3103874346,55,9.38181737949124,55,55.1674049796434,55,-8.03075451639229
15,8,60,-124.833511779744,60,3.46633224997238,60,60.8112798130023,60,-8.96442476509559
15,8,65,-120.065795267584,65,-2.48465368301344,65,66.1529191504303,65,-9.36329357844175
15,8,70,-115.049128302124,70,-8.42959906198961,70,71.165450513839,70,-9.24924125359428
15,8,75,-109.823542956982,75,-14.3326557756782,75,75.8250813005052,75,-8.64742496751512
15,8,80,-104.426555051825,80,-20.1638384525852,80,80.1103310679555,80,-7.58397690426467
15,8,85,-98.8928578523396,85,-25.8985483060191,85,84.0012438736918,85,-6.08376914964451
15,8,90,-93.2543651679066,90,-31.5164737177519,90,87.4786670766934,90,-4.16850578559097
20,8,0,-168.041505975242,0,50.0118829032653,0,-10.5664336126949,0,58.7770254900989
20,8,5,-167.722020866563,5,48.4082238236655,5,-4.55186256493792,5,52.8799438351884
20,8,10,-166.835492926198,10,46.3053827676922,10,1.69473936707684,10,47.2395110335128
20,8,15,-165.3846417688,15,43.7225176081071,15,8.11509884275877,15,41.9160462426794
20,8,20,-163.378316349716,20,40.6854620485491,20,14.6494572902109,20,36.9674124942171
20,8,25,-160.83264320036,25,37.2268019971758,25,21.2379402067196,25,32.4471666418281
20,8,30,-157.771921063628,30,33.3857035479332,30,27.822032928048,30,28.402512616853
20,8,35,-154.229054016537,35,29.2074310482126,35,34.3460416468342,35,24.8721319806889
20,8,40,-150.245356279786,40,24.7424672110674,40,40.7584075974985,40,21.8840416876404
20,8,45,-145.869639463918,45,20.0451446310783,45,47.0127517368357,45,19.4537173546142
20,8,50,-141.156594598352,50,15.1717384556488,50,53.0685539648982,50,17.5827918192301
20,8,55,-136.164589890451,55,10.1780589879693,55,58.8914068921677,55,16.2586593402322
20,8,60,-130.953102615996,60,5.11670672232447,60,64.4528220619404,60,15.4552597914152
20,8,65,-125.580072583065,65,0.0342792662929509,65,69.7296041796487,65,15.1351795363918
20,8,70,-120.09949036274,70,-5.03108902955082,70,74.7028486562572,70,15.2530071306325
20,8,75,-114.55950617295,75,-10.0514503200141,75,79.3566614636251,75,15.7596643436362
20,8,80,-109.001264538544,80,-15.0096833654472,80,83.6767433416746,80,16.6072456807418
20,8,85,-103.458548502559,85,-19.8988372210755,85,87.6490100094683,85,17.753784076789
20,8,90,-97.9581817114533,90,-24.7201473243611,90,91.2584198981883,90,19.1673390255648
25,8,0,-181.998500177501,0,42.2826072001567,0,-6.45578919600972,0,78.2031420551699
25,8,5,-180.300097599191,5,41.5208841848844,5,-0.569160066262798,5,72.543516613826
25,8,10,-178.047922118285,10,40.2786068519697,10,5.55889547128088,10,67.1006009536199
25,8,15,-175.24723362114,15,38.5673688665138,15,11.8656051080421,15,61.9456428236587
25,8,20,-171.908330752852,20,36.4069173998095,20,18.2871861021487,20,57.1480222482442
25,8,25,-168.049135681567,25,33.8250856705301,25,24.7607170248214,25,52.7727486067402
25,8,30,-163.697689546171,30,30.8575035857772,30,31.2260829071799,30,48.8775664065123
25,8,35,-158.894017538681,35,27.5471424626463,35,37.6277791099935,35,45.5096565309527
25,8,40,-153.690865473355,40,23.9436162558066,40,43.9163429732906,40,42.702076365746
25,8,45,-148.152972960116,45,20.1020237794825,45,50.0492462440292,45,40.4703120538485
25,8,50,-142.35479256297,50,16.0810603931739,50,55.9911956547131,50,38.8095459197823
25,8,55,-136.376838404255,55,11.940215124545,55,61.7138937206137,55,37.6933673190425
25,8,60,-130.301102686436,60,7.73609939692921,60,67.1953578049486,60,37.0745859040607
25,8,65,-124.206170623278,65,3.51825596945194,65,72.4188785507189,65,36.8885163866114
25,8,70,-118.162752222854,70,-0.674938631751312,70,77.371661425669,70,37.0586537842368
25,8,75,-112.230299315403,75,-4.81953657036386,75,82.0431948434952,75,37.5041749605428
25,8,80,-106.455176547216,80,-8.90775667740484,80,86.4234538233277,80,38.148325646744
25,8,85,-100.870534647742,85,-12.9477198698882,85,90.5011539650091,85,38.9265759378468
25,8,90,-95.4976688644111,90,-16.9610089923784,90,94.2623474920736,90,39.7934688427772
30,8,0,-190.555067800599,0,35.2751352175356,0,-2.58501247288023,0,94.1035752214228
30,8,5,-187.431840370405,5,35.3748330015143,5,3.15151659578302,5,88.6435305769953
30,8,10,-183.784581322496,10,35.0025610985966,10,9.13277492692494,10,83.3580593910204
30,8,15,-179.619036003685,15,34.1622772661034,15,15.2905762076798,15,78.3319192742735
30,8,20,-174.942497161407,20,32.8689939824455,20,21.5575137037402,20,73.6483419251086
30,8,25,-169.768455365306,25,31.1477276854963,25,27.869351631822,25,69.3858660922436
30,8,30,-164.121892843266,30,29.0320145872586,30,34.1674547344295,30,65.6146063275761
30,8,35,-158.044020683831,35,26.562587971642,35,40.4007916349176,35,62.3917746733148
30,8,40,-151.595225798026,40,23.7865146077453,40,46.5269898774636,40,59.7564964320825
30,8,45,-144.855296338493,45,20.7565950885707,45,52.5121714135118,45,57.7244086380378
30,8,50,-137.920531462561,50,17.5304045628757,50,58.3297347399961,50,56.2830596250002
30,8,55,-130.897975163786,55,14.1682380873522,55,63.9586156544616,55,55.3894764265814
30,8,60,-123.897616553674,60,10.7295245601903,60,69.3816289101001,60,54.9711813394125
30,8,65,-117.02386124463,65,7.26786302043533,65,74.5842330081697,65,54.9313394098966
30,8,70,-110.367798047486,70,3.82544358315758,70,79.5536513263778,70,55.1577738885455
30,8,75,-104.001673835728,75,0.427977114704199,75,84.2780013215546,75,55.5346461301948
30,8,80,-97.9765155783965,80,-2.91874556079728,80,88.745116711232,80,55.9550084075414
30,8,85,-92.3230789647551,85,-6.22984663525753,85,92.9410713244633,85,56.3323703695151
30,8,90,-87.0554563790785,90,-9.53951726939647,90,96.8488102596661,90,56.6097930648077
35,8,0,-193.972553819929,0,29.2336913101018,0,1.37680913967435,0,106.16046034451
35,8,5,-189.468637558012,5,30.1502938393458,5,6.94351535909253,5,100.86098035617
35,8,10,-184.485228385531,10,30.5867482333931,10,12.7487575110829,10,95.6926174866538
35,8,15,-179.02912009178,15,30.539030665313,15,18.71848543922,15,90.7556099769758
35,8,20,-173.101821095895,20,30.0203964855908,20,24.7826593184817,20,86.1488501076839
35,8,25,-166.706362517089,25,29.0581735320311,25,30.8781400450552,25,81.9657357489146
35,8,30,-159.856675244929,30,27.6890530506199,30,36.951836819958,30,78.2894032918899
35,8,35,-152.587251734877,35,25.9547904282776,35,42.9630321380487,35,75.1869753309958
35,8,40,-144.960408560521,40,23.8998216587389,40,48.8835610961266,40,72.7026424387906
35,8,45,-137.06888926797,45,21.5711316824795,45,54.6952011263428,45,70.8501173064523
35,8,50,-129.03261961126,50,19.019371907862,50,60.384914960157,50,69.6060253224699
35,8,55,-120.989824261154,55,16.2994396272669,55,65.9397058777957,55,68.9065438426215
35,8,60,-113.084091758228,60,13.4689228842582,60,71.3430539700228,60,68.6494662639789
35,8,65,-105.450024740819,65,10.5838404756785,65,76.5740268889653,65,68.7026530352647
35,8,70,-98.2005676538814,70,7.69237093901433,70,81.6087202703537,70,68.9179707554017
35,8,75,-91.4187741524794,75,4.82810958101057,75,86.4225568691858,75,69.1481639005827
35,8,80,-85.1556484669446,80,2.00450539743218,80,90.9918080252875,80,69.2634188275643
35,8,85,-79.4340236163684,85,-0.788329095901663,85,95.2935216838016,85,69.1648907595123
35,8,90,-74.2567220809947,90,-3.58383951522109,90,99.3042829060084,90,68.7937513178382
40,8,0,-192.873895832115,0,24.2810815952165,0,5.69484827439694,0,114.385221319229
40,8,5,-187.097886411752,5,25.9082648260882,5,11.0681913116696,5,109.217986951795
40,8,10,-180.894192845934,10,27.0274139611614,10,16.6631538250983,10,104.135846164714
40,8,15,-174.276483387795,15,27.6247698222219,15,22.4003082311898,15,99.2561598042328
40,8,20,-167.242328073821,20,27.7152130528503,20,28.2084592673401,20,94.6952741542899
40,8,25,-159.780908996459,25,27.3358435136086,25,34.0279450978393,25,90.5625975167924
40,8,30,-151.88737618247,30,26.5353542041388,30,39.815072428047,30,86.9542421750497
40,8,35,-143.580135562239,35,25.3634521627307,35,45.5454291258049,35,83.9457539317477
40,8,40,-134.915811993155,40,23.8643935426981,40,51.2130304711583,40,81.5833859695642
40,8,45,-125.99686509112,45,22.0765409689732,45,56.8236463078917,45,79.8743989161188
40,8,50,-116.968748464096,50,20.0367731087398,50,62.3836621718343,50,78.7786551790501
40,8,55,-108.006455531612,55,17.7862371597734,55,67.8886233288791,55,78.2051567875162
40,8,60,-99.293387540622,60,15.3735818499987,60,73.3162840667429,60,78.0168831718281
40,8,65,-90.9978019924324,65,12.853467216221,65,78.6269216236697,65,78.0449416635481
40,8,70,-83.2529238531265,70,10.2806492379729,70,83.770064397253,70,78.1096331919912
40,8,75,-76.1457797960323,75,7.70177850529055,75,88.6938078483884,75,78.0433843624496
40,8,80,-69.7171746964372,80,5.14741508091618,80,93.3522286027307,80,77.7100819294414
40,8,85,-63.9717984916863,85,2.62593735657303,85,97.7082076989721,85,77.0173142995885
40,8,90,-58.8943897235143,90,0.119997128785488,90,101.73195067535,90,75.9211378604906
45,8,0,-188.10766589327,0,20.4696053914013,0,10.5335363510103,0,119.020959495617
45,8,5,-181.205094620371,5,22.6420864293968,5,15.6800570224801,5,113.971467819494
45,8,10,-173.923246445637,10,24.2622063478661,10,21.0220307656738,10,108.956724585361
45,8,15,-166.295323669359,15,25.3029476012637,15,26.4764220537394,15,104.112778306386
45,8,20,-158.323465238433,20,25.7829987433781,20,31.9727223564225,20,99.575361076009
45,8,25,-149.983982222831,25,25.7567993746335,25,37.4564658840663,25,95.4710445804538
45,8,30,-141.246590206124,30,25.2954285279864,30,42.8957841012812,30,91.9085015957996
45,8,35,-132.102586922109,35,24.4658328565645,35,48.2869710765563,35,88.9693631562833
45,8,40,-122.592652901642,40,23.316741071959,40,53.6530596909212,40,86.6975933331894
45,8,45,-112.824025102431,45,21.8764115544505,45,59.0316785128665,45,85.0877127604162
45,8,50,-102.969767633199,50,20.161501297661,50,64.454299725361,50,84.0750899552743
45,8,55,-93.2487565881099,55,18.1910305161861,55,69.9248643230399,55,83.5337746151279
45,8,60,-83.8916615436773,60,15.9976642193662,60,75.4075328390963,60,83.2866526083313
45,8,65,-75.1031487812271,65,13.6310609023752,65,80.829333844011,65,83.1284759518526
45,8,70,-67.0318438066571,70,11.1528123120351,70,86.0960645830215,70,82.8565748084443
45,8,75,-59.7567429327953,75,8.62633078577572,75,91.1135271139152,75,82.3002432011694
45,8,80,-53.2929047838721,80,6.10593192220261,80,95.804652016708,80,81.3403761379938
45,8,85,-47.6127367636511,85,3.62768718782568,85,100.11660321477,85,79.9156353704463
45,8,90,-42.6744562172045,90,1.20243155031002,90,104.017928894254,90,78.0174280687567
50,8,0,-180.602776927996,0,17.82583611379,0,15.9460305958147,0,120.436135111325
50,8,5,-172.734879020415,5,20.3274517382527,5,20.8181093401909,5,115.499735925215
50,8,10,-164.523146427339,10,22.2250561148998,10,25.8544965737403,10,110.543070995711
50,8,15,-156.039059297539,15,23.4738136549797,15,30.9716875144481,15,105.722309391377
50,8,20,-147.304396665891,20,24.0960060302499,20,36.1018520481939,20,101.194134076196
50,8,25,-138.288252818401,25,24.1684776945113,25,41.196331445285,25,97.1029214936349
50,8,30,-128.929497877225,30,23.7935720856859,30,46.2352255768059,30,93.5689997169957
50,8,35,-119.179295845213,35,23.0645802920546,35,51.2368550484696,35,90.6773631492391
50,8,40,-109.048746529791,40,22.0400867775419,40,56.2568798408866,40,88.4650184673972
50,8,45,-98.6425446755794,45,20.7378885070324,45,61.3699050308261,45,86.9071611165306
50,8,50,-88.1634035382851,50,19.1494365960288,50,66.6361956200078,50,85.9067726675753
50,8,55,-77.8829148643419,55,17.2654110622979,55,72.0667813898071,55,85.2954988897128
50,8,60,-68.0879728913065,60,15.0984383260529,60,77.6039918219979,60,84.8521076892982
50,8,65,-59.0217991699303,65,12.6926358169324,65,83.1277955078314,65,84.3377753878244
50,8,70,-50.8404059964205,70,10.1184078109059,70,88.485123277222,70,83.5386058430435
50,8,75,-43.5984077849971,75,7.4584466685293,75,93.5280853481441,75,82.3009381805573
50,8,80,-37.2660727568089,80,4.79277508222562,80,98.1442973563985,80,80.5477248401323
50,8,85,-31.7681522979336,85,2.1872089416472,85,102.268889756338,85,78.2731668373986
50,8,90,-27.028887851106,90,-0.315203885932894,90,105.878251856535,90,75.5225577746818
55,8,0,-171.239249161982,0,16.375460186453,0,21.8838455465525,0,119.03685899458
55,8,5,-162.571758145165,5,18.9544767480555,5,26.4185770238851,5,114.212555369492
55,8,10,-153.577945728169,10,20.8823322801187,10,31.0879284742502,10,109.310471675507
55,8,15,-144.389093728249,15,22.0923518026015,15,35.8122591694938,15,104.507743742957
55,8,20,-135.065719778938,20,22.6077220712049,20,40.528198784394,20,99.9821936717678
55,8,25,-125.578886655183,25,22.5286120720519,25,45.1921010881383,25,95.8951240146205
55,8,30,-115.832447568975,30,21.9934414644942,30,49.793561844812,30,92.3766049056048
55,8,35,-105.722829484248,35,21.128139957096,35,54.3704392102898,35,89.51212912766
55,8,40,-95.214808963331,40,20.0052764263393,40,59.0100021288437,40,87.3278103090827
55,8,45,-84.4007987768617,45,18.6320325391405,45,63.8243077614884,45,85.7744084268785
55,8,50,-73.5148726364259,50,16.9714255830409,50,68.9024764545623,50,84.7167759588061
55,8,55,-62.8914177387771,55,14.9831473255915,55,74.2595950248048,55,83.9395286461698
55,8,60,-52.8834016405192,60,12.6608494075519,60,79.8087308086174,60,83.1766022899015
55,8,65,-43.7736912296537,65,10.0478998731867,65,85.3724780163302,65,82.1614965950685
55,8,70,-35.7148695301102,70,7.22885158930972,70,90.7295320329002,70,80.6825776552075
55,8,75,-28.7181899596895,75,4.30758557416496,75,95.6739184930028,75,78.6225131514971
55,8,80,-22.68974531455,80,1.38649726275757,80,100.060605217491,80,75.9672193702957
55,8,85,-17.4938310406447,85,-1.44573251552619,85,103.821728966922,85,72.7841339956617
55,8,90,-13.0173867162709,90,-4.12000722005371,90,106.954155152964,90,69.1834115703484
60,8,0,-160.753857046864,0,16.1458735216579,0,28.2181002326305,0,115.210268689104
60,8,5,-151.454702330067,5,18.5357650393145,5,32.3399956122402,5,110.496938757982
60,8,10,-141.829666586599,10,20.2420335843278,10,36.5753328547039,10,105.650268191857
60,8,15,-132.089339029482,15,21.1744624126084,15,40.8535677073831,15,100.867917776011
60,8,20,-122.351924015192,20,21.3532604593346,20,45.1169876016333,20,96.3466573636427
60,8,25,-112.60104309513,25,20.8989210317139,25,49.3246164265202,25,92.2613662015777
60,8,30,-102.702803808166,30,19.98573975461,30,53.4706333321487,30,88.7483309492329
60,8,35,-92.484423026093,35,18.7740376587716,35,57.6063431281965,35,85.8905134876629
60,8,40,-81.8464282811884,40,17.3514175149229,40,61.8447759647583,40,83.7006683927527
60,8,45,-70.8578768561422,45,15.7132197929968,45,66.3305299647238,45,82.1030409830859
60,8,50,-59.7853982365533,50,13.7921213318141,50,71.1771567311529,50,80.92298590446
60,8,55,-49.0362433231796,55,11.5179959798587,55,76.3988976555253,55,79.8987117823434
60,8,60,-39.0385860986733,60,8.8722133027801,60,81.8740509213558,60,78.7237670539794
60,8,65,-30.1140142893618,65,5.90790014064644,65,87.3632631171018,65,77.1133844540278
60,8,70,-22.3986260947286,70,2.7326672224041,70,92.5759144353553,70,74.8717592062356
60,8,75,-15.8410442730887,75,-0.526760331207667,75,97.252250393165,75,71.9326160844918
60,8,80,-10.266955573137,80,-3.75335281151087,80,101.224157617186,80,68.356763184504
60,8,85,-5.47339124384368,85,-6.84991694641569,85,104.433489223618,85,64.2910736950033
60,8,90,-1.31291485612355,90,-9.73608681701768,90,106.910480218137,90,59.9105629518821
65,8,0,-149.688367432695,0,17.1533493907994,0,34.7634306135889,0,109.297829447489
65,8,5,-139.930390504174,5,19.0948974412864,5,38.3908665579794,5,104.694849081533
65,8,10,-129.835480843642,10,20.3401743784074,10,42.12465048918,10,99.9103850692649
65,8,15,-119.706498959443,15,20.7773474192319,15,45.9091994838122,15,95.1602487158945
65,8,20,-109.733732239244,20,20.4207750299775,20,49.6929500369794,20,90.6551094572142
65,8,25,-99.922864652002,25,19.4063487159041,25,53.4338447460854,25,86.5772286486736
65,8,30,-90.1013156876976,30,17.9398699525645,30,57.1238616172254,30,83.0636236424835
65,8,35,-80.0154327642967,35,16.2127896360874,35,60.8189853565268,35,80.1913407919249
65,8,40,-69.4857387236266,40,14.3245472243398,40,64.6482728549946,40,77.9590540272912
65,8,45,-58.5476629493866,45,12.2552772568195,45,68.7792279428337,45,76.2664111343104
65,8,50,-47.500961446537,50,9.9060508300844,50,73.3413720740589,50,74.903800563902
65,8,55,-36.8338466324506,55,7.18123903335789,55,78.3419309480747,55,73.5704423714412
65,8,60,-27.0558238845686,60,4.06103662286388,60,83.6218455027772,60,71.9299186697171
65,8,65,-18.523311768805,65,0.622787994874205,65,88.8821122185727,65,69.6916263279751
65,8,70,-11.3418053460819,70,-2.99186985926448,70,93.7705849034446,70,66.6873922966326
65,8,75,-5.38047872445929,75,-6.63202935267954,75,97.9860990128539,75,62.9095739742704
65,8,80,-0.374369228345546,80,-10.176014016376,80,101.351903355336,80,58.4944502784523
65,8,85,3.94603860513819,85,-13.5358606507051,85,103.83296160386,85,53.6617284153611
65,8,90,7.75362543566546,90,-16.6386613300152,90,105.502889259407,90,48.6403207021151
70,8,0,-138.376762586569,0,19.3850260689085,0,41.298225234167,0,101.590055358765
70,8,5,-128.341523077565,5,20.6455147237495,5,44.3526390093629,5,97.1013346173597
70,8,10,-117.954723771021,10,21.2159069156748,10,47.5226265761054,10,92.3953682992329
70,8,15,-107.61513497459,15,20.9687018825468,15,50.7738467122639,15,87.7015006096057
70,8,20,-97.5916409751996,20,19.9127389911809,20,54.0609609981256,20,83.2366401295434
70,8,25,-87.9180871086296,25,18.1951672150753,25,57.3362140879217,25,79.1817598461266
70,8,30,-78.3842098045577,30,16.0466396113749,30,60.5815459049348,30,75.6672678252528
70,8,35,-68.6494594314803,35,13.6820551548035,35,63.8473996371561,35,72.7603910116487
70,8,40,-58.4446771751413,40,11.2050682955317,40,67.2668402365815,40,70.4466362109575
70,8,45,-47.7648020515709,45,8.57486334933765,45,71.0176881358056,45,68.6071847374241
70,8,50,-36.9424933583591,50,5.65998642706092,50,75.2346076862476,50,67.0083118577393
70,8,55,-26.5506869902141,55,2.3456776945801,55,79.9117151640443,55,65.3245904051754
70,8,60,-17.1809662873169,60,-1.37600529139311,60,84.8536803361203,60,63.2053739516035
70,8,65,-9.21741360924992,65,-5.38850050258919,65,89.7108282296844,65,60.3681824198156
70,8,70,-2.72181569316698,70,-9.50585988416919,70,94.0847056397027,70,56.6807645287223
70,8,75,2.52759458745169,75,-13.5522877478134,75,97.6505242725414,75,52.1935070088345
70,8,80,6.88920659912475,80,-17.4108311733669,80,100.238880201506,80,47.1079154794843
70,8,85,10.6918801580808,85,-21.0186113754844,85,101.848741474539,85,41.6993336264757
70,8,90,14.1219082354538,90,-24.327059102853,90,102.60195157419,90,36.2317559610163
75,8,0,-126.960654054564,0,22.7839761929824,0,47.5786637199493,0,92.3332888306355
75,8,5,-116.841029898865,5,23.1708917619828,5,49.994850536034,5,87.9721989063808
75,8,10,-106.359411686519,10,22.8871063636733,10,52.5502061952975,10,83.3739177532529
75,8,15,-96.0042216518272,15,21.7987792743906,15,55.2380398437477,15,78.7745925985961
75,8,20,-86.1199965424387,20,19.913899216643,20,58.0194965853286,20,74.3878747501524
75,8,25,-76.7697618399044,25,17.3895280710311,25,60.8365451829941,25,70.3832135094221
75,8,30,-67.7083524458054,30,14.4740757810146,30,63.6531491008509,30,66.8758061194548
75,8,35,-58.5100549864186,35,11.3950763505766,35,66.5037075466607,35,63.9187490313979
75,8,40,-48.8157742037845,40,8.24938642895235,40,69.5126986408607,40,61.4866652708643
75,8,45,-38.5787503575303,45,4.96812194155548,45,72.8549780892131,45,59.4520876910406
75,8,50,-28.1631391419142,50,1.38718648921684,50,76.6595207887693,50,57.5734746171319
75,8,55,-18.2237307968178,55,-2.61997839994378,55,80.9030164803023,55,55.5205674702682
75,8,60,-9.4277725016922,60,-7.03753274168805,60,85.358949997903,60,52.9475228747106
75,8,65,-2.17722065539647,65,-11.6981633823602,65,89.6412356798773,65,49.5933842684639
75,8,70,3.51918285160945,70,-16.3649868672515,70,93.3248379652254,70,45.3654168229147
75,8,75,7.97778586553574,75,-20.8375067408323,75,96.080841399361,75,40.363933351007
75,8,80,11.6457678990356,80,-25.0094949308547,80,97.761279521799,80,34.8374907075773
75,8,85,14.9007695537022,85,-28.852510706171,85,98.405272999409,85,29.0937788063752
75,8,90,17.931894146129,90,-32.3526853946955,90,98.1819078878,90,23.4099210481585
80,8,0,-115.420733318844,0,27.2410510442072,0,53.3472410427587,0,81.7419220828003
80,8,5,-105.42173841941,5,26.6098768177365,5,55.0830831176445,5,77.5347920545821
80,8,10,-95.0602795345422,10,25.3335077068383,10,56.9903561464134,10,73.0879250075198
80,8,15,-84.8994237842116,15,23.2829427420171,15,59.0960405684035,15,68.6359105205008
80,8,20,-75.3471858486101,20,20.4737126333488,20,61.3687681035239,20,64.3787542349601
80,8,25,-66.4911256190743,25,17.0745281793661,25,63.736706625448,25,60.4637021562714
80,8,30,-58.0554676440653,30,13.3450604468966,30,66.1388019512492,30,56.9818928034638
80,8,35,-49.5398038381347,35,9.51326429405932,35,68.58366430611,35,53.9681448439143
80,8,40,-40.5060458608986,40,5.65706331615377,40,71.1755016871178,40,51.38964147854
80,8,45,-30.8712359644608,45,1.67321370693613,45,74.0743490849544,45,49.1225873740737
80,8,50,-21.0277720192992,50,-2.63328280683262,50,77.3949246081598,50,46.9372381563117
80,8,55,-11.7011741299584,55,-7.39347612228126,55,81.0953907361615,55,44.5210286273389
80,8,60,-3.62011150274227,60,-12.5598273000935,60,84.9268583716684,60,41.5524419853095
80,8,65,2.80655881926138,65,-17.9096233142835,65,88.4841757261701,65,37.802933244399
80,8,70,7.62606810204905,70,-23.1542830796947,70,91.336472144449,70,33.2180046657869
80,8,75,11.2435757668803,75,-28.0697286582118,75,93.168340974423,75,27.9344092385904
80,8,80,14.1842381483355,80,-32.5613200498048,80,93.8629917512387,80,22.2257834825054
80,8,85,16.8643051186366,85,-36.6354719211767,85,93.5004287728436,85,16.4078446149107
80,8,90,19.4707724521448,90,-40.3147855872068,90,92.2911448701826,90,10.7502745564564
85,8,0,-103.615194721086,0,32.5931354349914,0,58.3380335930152,0,70.0126909276336
85,8,5,-93.9531710603072,5,30.8505619085761,5,59.3825248117717,5,65.9996856585992
85,8,10,-83.9409366125757,10,28.4889497671561,10,60.6313409963657,10,61.7616651761186
85,8,15,-74.194413333015,15,25.3951074560295,15,62.1499253743828,15,57.522305095939
85,8,20,-65.1654005143874,20,21.601898904808,20,63.9162982834194,20,53.4575447081212
85,8,25,-56.9565194314928,25,17.2929461685665,25,65.8431537037842,25,49.6824288829822
85,8,30,-49.2672336979024,30,12.7334223758077,30,67.8392711414081,30,46.2562678035187
85,8,35,-41.5413418757505,35,8.14012656235706,35,69.8795089123009,35,43.1926241089978
85,8,40,-33.2834681042811,40,3.5619331091141,40,72.0382504262867,40,40.4557440521311
85,8,45,-24.386010427218,45,-1.14145976138444,45,74.4517964066411,45,37.938641894622
85,8,50,-15.2637103242517,50,-6.19127240396224,50,77.215758064065,50,35.4432835359159
85,8,55,-6.69307188147789,55,-11.7166848555013,55,80.2724884261407,55,32.6965622261815
85,8,60,0.557187308663197,60,-17.6366195768962,60,83.362353104071,60,29.4184992149945
85,8,65,6.08183634178609,65,-23.6770762649477,65,86.0791813702044,65,25.4201477107946
85,8,70,9.97912714955492,70,-29.5037002785371,70,88.0050197296854,70,20.6800299258441
85,8,75,12.727800350681,75,-34.8708086122532,75,88.8513062549176,75,15.3554055902509
85,8,80,14.9157291895027,80,-39.6909023362068,80,88.5368998134675,80,9.72335902937155
85,8,85,16.9906377306252,85,-43.9970708523008,85,87.1788337634859,85,4.08643042189036
85,8,90,19.1402775757634,90,-47.8422789083661,90,85.0203398750806,90,-1.30924878078915
90,8,0,-91.3207685024254,0,38.6255056575026,0,62.2810530428501,0,57.3397864606746
90,8,5,-82.2207112083836,5,35.7301525359455,5,62.6601163033659,5,53.5730221891857
90,8,10,-72.7949547209696,10,32.2405765131411,10,63.2684929546803,10,49.6115782695465
90,8,15,-63.6857936343239,15,28.0680675614724,15,64.2124850882059,15,45.6585029033851
90,8,20,-55.3643473628099,20,23.270794309083,20,65.481847914214,20,41.8559942906215
90,8,25,-47.9362261395085,25,18.0495222011508,25,66.974338050602,25,38.2787089481783
90,8,30,-41.0840659696406,30,12.6695945384829,30,68.5662523342638,30,34.9488942282105
90,8,35,-34.2216575287161,35,7.32784623711735,35,70.1936475358263,35,31.8581986685005
90,8,40,-26.826038714014,40,2.0391827608581,40,71.8946688697902,40,28.9733695977635
90,8,45,-18.7802179275891,45,-3.37055432241768,45,73.7766288615389,45,26.2162614933522
90,8,50,-10.512127422257,50,-9.14072805725364,50,75.9151362983691,50,23.4374968470166
90,8,55,-2.82213005059589,55,-15.3940568348855,55,78.2427691639378,55,20.4210698114036
90,8,60,3.50756696388894,60,-22.0209223540695,60,80.5022238541661,60,16.9412859306312
90,8,65,8.08431394586176,65,-28.7088026194827,65,82.3031155577573,65,12.8520799841334
90,8,70,11.0450305481253,70,-35.0896099036383,70,83.2553832114233,70,8.15755360192883
90,8,75,12.9189670138287,75,-40.8989901188545,75,83.105545541238,75,3.02003967322913
90,8,80,14.3385036141764,80,-46.0483722339494,80,81.8079115288698,80,-2.29806169048964
90,8,85,15.7790302274663,85,-50.5834318033803,85,79.5098467110087,85,-7.52304153480108
90,8,90,17.4385869731987,90,-54.5761339763679,90,76.4779788225276,90,-12.4427110363267
95,8,0,-78.2759094139084,0,45.0760836903256,0,64.9075848611429,0,43.9303065885704
95,8,5,-69.9657225772524,5,41.0386147656909,5,64.687369666983,5,40.4695136247636
95,8,10,-61.3635376150634,10,36.4316987659398,10,64.7062540556223,10,36.8568250457512
95,8,15,-53.1088650408699,15,31.1959599230007,15,65.1100322873438,15,33.2652441163022
95,8,20,-45.6661944417732,20,25.4182284276298,20,65.9019823148545,20,29.7951801240428
95,8,25,-39.1324851076163,25,19.3154000662349,25,66.9675365262315,25,26.4757236578117
95,8,30,-33.184203425949,30,13.1479248555277,30,68.1517921620197,30,23.2906815484217
95,8,35,-27.2350912190514,35,7.08839906673224,35,69.3510174396065,35,20.2122993685801
95,8,40,-20.7676913825634,40,1.12012552894754,40,70.5646467382389,40,17.2158594873052
95,8,45,-13.6711408868738,45,-4.95497394260282,45,71.8693823738342,45,14.2611783005353
95,8,50,-6.3740957058999,50,-11.3834420151648,50,73.3230107239765,50,11.2587912701251
95,8,55,0.330970653351157,55,-18.2792292600956,55,74.8562637761705,55,8.06081833169238
95,8,60,5.6773513083777,60,-25.5152179002238,60,76.2271736528304,60,4.50295158246306
95,8,65,9.29217644512123,65,-32.7598357996684,65,77.075577789423,65,0.481934200497231
95,8,70,11.3338007033096,70,-39.6278925005115,70,77.0502178358739,70,-3.98036390274135
95,8,75,12.3540545568434,75,-45.8407530090619,75,75.9365950837979,75,-8.72924064704924
95,8,80,13.0094929198565,80,-51.2996134214624,80,73.7212210986956,80,-13.5299296682405
95,8,85,13.8004169549564,85,-56.046671039537,85,70.5741667270131,85,-18.1470085061435
95,8,90,14.9472124864405,90,-60.1594799173148,90,66.7769840680177,90,-22.4071645267894
100,8,0,-64.2275849669472,0,51.6406144232344,0,65.9583833755169,0,30.0193465073163
100,8,5,-56.9274093241515,5,46.5242024199495,5,65.2452836249817,5,26.9253914277435
100,8,10,-49.3739326316646,10,40.8658225435672,10,64.7611854783294,10,23.7299738480731
100,8,15,-42.1742081128082,15,34.6360303616596,15,64.6849841913635,15,20.5677588283396
100,8,20,-35.7619197226371,20,27.9479357180437,20,65.033460067918,20,17.4920866092016
100,8,25,-30.2169397494077,25,21.0295996642033,25,65.6838663867527,25,14.485527494691
100,8,30,-25.222930021947,30,14.1321064821988,30,66.4553486308317,30,11.4967846500714
100,8,35,-20.2240214521904,35,7.40485659307477,35,67.2082771477591,35,8.48453865472434
100,8,40,-14.73931265941,40,0.809242542639065,40,67.90528565925,40,5.43859053629768
100,8,45,-8.67633992541921,45,-5.861251600844,45,68.5939515843756,45,2.3616388142615
100,8,50,-2.44941066880101,50,-12.8479269762053,50,69.3180410882189,50,-0.771825193701421
100,8,55,3.18955823434228,55,-20.2559103946815,55,70.014481566809,55,-4.03829590555656
100,8,60,7.51782565719542,60,-27.9554673498045,60,70.4682422963057,60,-7.53946441365122
100,8,65,10.1884294977172,65,-35.6189708393129,65,70.3611478215872,65,-11.3384054622695
100,8,70,11.3628776037386,70,-42.8634179969889,70,69.3884772802294,70,-15.4023096873466
100,8,75,11.5864447233464,75,-49.402553242864,75,67.3760558423493,75,-19.5929935299922
100,8,80,11.5176200209122,80,-55.120459518299,80,64.3382969049488,80,-23.7108982460753
100,8,85,11.6760257403757,85,-60.0417227281891,85,60.460919081475,85,-27.5628965090754
100,8,90,12.3131362575933,90,-64.2367491540933,90,56.0333838868115,90,-31.0152095444122
105,8,0,-48.9826994762924,0,57.9791819640557,0,65.1972841410641,0,15.8830463440075
105,8,5,-42.8879097221168,5,51.9001166939579,5,64.1332092363007,5,13.2096385927602
105,8,10,-36.5802633669968,10,45.3110725181828,10,63.2669452980823,10,10.4864661958526
105,8,15,-30.6067762158987,15,38.2097550987432,15,62.7984485573786,15,7.80383976091365
105,8,20,-25.350585813406,20,30.7285524328602,20,62.7551346420296,20,5.16684722443202
105,8,25,-20.8706374347263,25,23.0989681723906,25,63.010921908432,25,2.51576164015892
105,8,30,-16.8724645906329,30,15.559517848305,30,63.3678858393673,30,-0.227669293219729
105,8,35,-12.8572223947772,35,8.24209660381556,35,63.6592788489578,35,-3.10983516666087
105,8,40,-8.40456811577194,40,1.10088774034658,40,63.8171015815904,40,-6.12133516287317
105,8,45,-3.44689681147524,45,-6.06109202439452,45,63.8636994587324,45,-9.21637423067331
105,8,50,1.63207166532366,50,-13.4679798687216,50,63.8329307153823,50,-12.3597169291397
105,8,55,6.15073838677735,55,-21.2176499501028,55,63.6746028244168,55,-15.5607004773215
105,8,60,9.45562421254881,60,-29.1934280660091,60,63.2099043435546,60,-18.8625519642747
105,8,65,11.2317194992451,65,-37.0945266057881,65,62.1719278410772,65,-22.2927181210184
105,8,70,11.6282136410856,70,-44.5600966576561,70,60.3083849095837,70,-25.8128022720136
105,8,75,11.1569720613335,75,-51.3058694186617,75,57.4861561380954,75,-29.306296738478
105,8,80,10.4543930723672,80,-57.1968438951928,80,53.7439210327373,80,-32.6119910171706
105,8,85,10.0472639949625,85,-62.2307022001621,85,49.2773461009069,85,-35.5791918063167
105,8,90,10.2181225353923,90,-66.4604116031907,90,44.3779348739024,90,-38.1115936280163
110,8,0,-32.4627367161049,0,63.7252499964589,0,62.4335346915253,0,1.84631587738339
110,8,5,-27.7212025670545,5,56.8526444149773,5,61.1848061393228,5,-0.369427166962008
110,8,10,-22.8085561017898,10,49.5059168248441,10,60.0840728303531,10,-2.58931302265046
110,8,15,-18.1893937500436,15,41.7056994258109,15,59.3353128722775,15,-4.76973221074995
110,8,20,-14.1826551799802,20,33.5949475154329,20,58.9705371526695,20,-6.94979870257778
110,8,25,-10.8265609122851,25,25.4006257412121,25,58.8649083484386,25,-9.22186944253026
110,8,30,-7.8616314083163,30,17.3473045836915,30,58.8147364158176,30,-11.6790146520124
110,8,35,-4.86471340505642,35,9.5575909359435,35,58.6387217981268,35,-14.3628744863069
110,8,40,-1.48949607972299,40,1.99409364753065,40,58.247835072782,40,-17.2410807668307
110,8,45,2.3070874554469,45,-5.51424594334403,45,57.6448584493314,45,-20.2288845769765
110,8,50,6.18741626433937,50,-13.1649751666171,50,56.8575167804255,50,-23.2395013539338
110,8,55,9.56385934786921,55,-21.0509736935224,55,55.8531357850859,55,-26.2254089499961
110,8,60,11.872226869005,60,-29.0820340186571,60,54.4956454772321,60,-29.1799608270009
110,8,65,12.8359255664177,65,-37.0036568143177,65,52.5764062444921,65,-32.1011617774065
110,8,70,12.5817589628021,70,-44.4958045976559,70,49.9005621445394,70,-34.9492230636361
110,8,75,11.5662680564234,75,-51.2886546513686,75,46.3774531595591,75,-37.6316838702952
110,8,80,10.3787131747907,80,-57.2322576587091,80,42.0679728469127,80,-40.0259207956745
110,8,85,9.53269268142042,85,-62.2943810515569,85,37.17342502428,85,-42.0217538994555
110,8,90,9.33010667173581,90,-66.5036341635554,90,31.9817987588692,90,-43.5570975701137
115,8,0,-14.7566550516845,0,68.4980854011714,0,57.5555302784198,0,-11.7197882725068
115,8,5,-11.4440421978217,5,61.0516186206557,5,56.2948969581911,5,-13.4666176866912
115,8,10,-8.00621506184442,10,53.1679562942652,10,55.1193772742674,10,-15.1848445317349
115,8,15,-4.81129065405364,15,44.8872056686293,15,54.2172642817201,15,-16.8750368105039
115,8,20,-2.10701504844203,20,36.3558114666227,20,53.6167123148183,20,-18.6108767406177
115,8,25,0.0869599434911777,25,27.7904632451871,25,53.1975931203708,25,-20.5030625253584
115,8,30,1.98707174366255,30,19.4021628707845,30,52.762233868783,30,-22.6450562717828
115,8,35,3.93314555499551,35,11.3120039323001,35,52.1290115039244,35,-25.0642473347754
115,8,40,6.19579013714236,40,3.50311369399903,40,51.1994459656233,40,-27.7041736944341
115,8,45,8.79990987221995,45,-4.15863497815338,45,49.9636857609298,45,-30.4486042807644
115,8,50,11.4667945337442,50,-11.8388405429517,50,48.4468389820825,50,-33.1723018516343
115,8,55,13.7181417032138,55,-19.6275013973134,55,46.6364689031738,55,-35.7851649773775
115,8,60,15.0922272655913,60,-27.469729008211,60,44.4429290101465,60,-38.2424675988015
115,8,65,15.3572058716917,65,-35.1707688275497,65,41.7204037977677,65,-40.5204577974888
115,8,70,14.6134241974547,70,-42.4666931233408,70,38.3355261600342,70,-42.5817342699695
115,8,75,13.2466491715283,75,-49.1161190085951,75,34.2421899283613,75,-44.3587435061769
115,8,80,11.7748860670066,80,-54.9637622510144,80,29.5228475130937,80,-45.7663194531449
115,8,85,10.6717484930615,85,-59.9507072971981,85,24.3809299471627,85,-46.732333906137
115,8,90,10.2362223453683,90,-64.0781157044991,90,19.0948138811995,90,-47.2256659756347
120,8,0,3.83576850520077,0,71.9181851858433,0,50.5752068465548,0,-24.4167679679951
120,8,5,5.73591305146882,5,64.1637206390945,5,49.4589412040424,5,-25.7165927840495
120,8,10,7.70672272156931,10,56.0071084407834,10,48.3591705099797,10,-26.9719426540097
120,8,15,9.48012660740048,15,47.5066479312994,15,47.4299204132135,15,-28.2198004700557
120,8,20,10.8802029229968,20,38.8089350527136,20,46.6865140166605,20,-29.5541776075012
120,8,25,11.904103576958,25,30.1180805485158,25,46.0154767062503,25,-31.0872805043288
120,8,30,12.7247701661436,30,21.6327498196853,30,45.2352955913858,30,-32.898598919308
120,8,35,13.6029965008603,35,13.4770747188226,35,44.1773317494531,35,-34.9936936723346
120,8,40,14.7426883336547,40,5.65997100521533,40,42.7453820034801,40,-37.2932766242865
120,8,45,16.160946174149,45,-1.91243504611784,45,40.9246053337316,45,-39.6590723091564
120,8,50,17.6463745059115,50,-9.37324323482989,50,38.7411514194058,50,-41.9421001238916
120,8,55,18.8359885903146,55,-16.8111038433383,55,36.2041731956748,55,-44.0256651338133
120,8,60,19.3757239621183,60,-24.2097228304846,60,33.271339281172,60,-45.840507683964
120,8,65,19.0831020737627,65,-31.4401123380769,65,29.861126472623,65,-47.349993315356
120,8,70,18.0326702901214,70,-38.3043890557321,70,25.9036197921327,70,-48.5230796243724
120,8,75,16.530950864313,75,-44.6026815120344,75,21.3987147594733,75,-49.3175011217029
120,8,80,15.0046559841574,80,-50.1871912954346,80,16.4499199964503,80,-49.6840780177911
120,8,85,13.8592954409509,85,-54.9805482039217,85,11.2591658050332,85,-49.5865613693161
120,8,90,13.363260307652,90,-58.9574477128714,90,6.08820207867749,90,-49.0221669861638
125,8,0,22.7781352737038,0,73.6243688408993,0,41.675683420885,0,-35.8571566256345
125,8,5,23.3820804497587,5,65.8684255177765,5,40.8206095314803,5,-36.7684601472787
125,8,10,23.9908359146823,10,57.7429542941861,10,39.9151084659343,10,-37.6351558951359
125,8,15,24.4292798522997,15,49.3249908350339,15,39.0657260861052,15,-38.518584804306
125,8,20,24.5883947053176,20,40.7614236130995,20,38.2680164601382,20,-39.5166804535847
125,8,25,24.4819328595804,25,32.2441543724876,25,37.4158704977793,25,-40.7268672312059
125,8,30,24.2465424688419,30,23.9601775041875,30,36.3509098431567,30,-42.2029751180357
125,8,35,24.0782455680782,35,16.0364355959924,35,34.9276418835984,35,-43.9244243273674
125,8,40,24.1306031158546,40,8.50516108826799,40,33.0622182032021,40,-45.7926384383844
125,8,45,24.4243834180417,45,1.30834357061144,45,30.7423819934505,45,-47.657391263966
125,8,50,24.8182862197212,50,-5.65851620142388,50,27.9992326992045,50,-49.3602831506546
125,8,55,25.0611919058519,55,-12.4836061993909,55,24.8638838254253,55,-50.7736188884316
125,8,60,24.903361350622,60,-19.1871865748518,60,21.3393710569836,60,-51.8172879834205
125,8,65,24.2126765272144,65,-25.7044285198899,65,17.4059174240429,65,-52.4510694132975
125,8,70,23.0410581229035,70,-31.9065407535697,70,13.0551592575295,70,-52.6544535803984
125,8,75,21.6141506859331,75,-37.6444318566336,75,8.3316626097566,75,-52.4107071143572
125,8,80,20.2550585094191,80,-42.7906226771271,80,3.35785955679918,80,-51.7050405274153
125,8,85,19.2786812719147,85,-47.2604460746739,85,-1.67038341865528,85,-50.5351652923775
125,8,90,18.8973676931778,90,-51.0071274814723,90,-6.51547346712221,90,-48.9245888664733
130,8,0,41.2943706454511,0,73.2922350091272,0,31.2467274115715,0,-45.7203541188078
130,8,5,40.8092864714923,5,65.8763396457942,5,30.7137103723856,5,-46.336327048276
130,8,10,40.2546427373216,10,58.1243600867214,10,30.0712339166056,10,-46.9158779463855
130,8,15,39.5327925710509,15,50.1322444337573,15,29.3737276025903,15,-47.5305648782427
130,8,20,38.5922808300942,20,42.0482560654036,20,28.5944023040151,20,-48.267043195499
130,8,25,37.4641551587152,25,34.0528564888169,25,27.6348967420055,25,-49.1955865689638
130,8,30,36.2607235070916,30,26.3201699398839,30,26.3633697583475,30,-50.3377076528731
130,8,35,35.1327875398898,35,18.975163073928,35,24.6633039150379,35,-51.6465810567174
130,8,40,34.2024569395574,40,12.0648289870815,40,22.470259688788,40,-53.0099211614524
130,8,45,33.5036648265576,45,5.55712278021414,45,19.7809737121667,45,-54.2753337503979
130,8,50,32.9617761120286,50,-0.63072428406702,50,16.6350623869189,50,-55.2875198976775
130,8,55,32.4255318920063,55,-6.58671189356597,55,13.0847965015976,55,-55.9213067909533
130,8,60,31.7380633192954,60,-12.361487570012,60,9.1735741374473,60,-56.0979180284302
130,8,65,30.8137751774424,65,-17.9461734038832,65,4.93605770024001,65,-55.7820277383345
130,8,70,29.6856657361788,70,-23.2767872331184,70,0.418193067980782,70,-54.9673150145735
130,8,75,28.5032120019882,75,-28.2582486363135,75,-4.29673800488016,75,-53.6622262992294
130,8,80,27.4842021767438,80,-32.793137901714,80,-9.07256262534178,80,-51.8840705510006
130,8,85,26.8422130064416,85,-36.8011129827588,85,-13.7252267501294,85,-49.6620862924525
130,8,90,26.7176352797332,90,-40.222243628008,90,-18.048211914544,90,-47.0439770782605
135,8,0,58.3904590028318,0,70.6571896185916,0,19.8877766356816,0,-53.8140287676166
135,8,5,57.0905381530265,5,63.9510652602091,5,19.6772689571144,5,-54.2547660974043
135,8,10,55.6477746470955,10,56.9492250708861,10,19.3106306429257,10,-54.6630893959044
135,8,15,54.0222677240663,15,49.7633426876425,15,18.7949928230132,15,-55.1073710059721
135,8,20,52.2077635063878,20,42.5416739076355,20,18.084102923458,20,-55.6522104687415
135,8,25,50.2522752136666,25,35.4518939282385,25,17.0884231249592,25,-56.3348992668877
135,8,30,48.2557195811025,30,28.6516536367906,30,15.7031451264687,30,-57.1444516091389
135,8,35,46.342503659456,35,22.2563608392665,35,13.842256870864,35,-58.0122531491218
135,8,40,44.6195392725181,40,16.3165057731939,40,11.46405670226,40,-58.819652822905
135,8,45,43.1387745982088,45,10.8141383732335,45,8.57831497233177,45,-59.4210191401926
135,8,50,41.8827623530602,50,5.68056453240389,50,5.23520363014304,50,-59.6741019085338
135,8,55,40.7813959739319,55,0.828395360992295,55,1.50546597269908,55,-59.4666014739425
135,8,60,39.7527950453104,60,-3.81472242357704,60,-2.53537421317339,60,-58.7303867806005
135,8,65,38.7494983594695,65,-8.28306598115165,65,-6.81029025522189,65,-57.441319622968
135,8,70,37.7888488691721,70,-12.5668587616867,70,-11.2318373361682,70,-55.6092655873079
135,8,75,36.9543758020597,75,-16.6215264480293,75,-15.6890322165903,75,-53.2659618112742
135,8,80,36.368256398539,80,-20.3842793040461,80,-20.0403768589456,80,-50.4568722673162
135,8,85,36.1467481606393,85,-23.7887978437811,85,-24.1199782119901,85,-47.238760026561
135,8,90,36.3560469063574,90,-26.7720609247362,90,-27.7572553544066,90,-43.6804591951131
140,8,0,72.9035245319475,0,65.5486565671461,0,8.3621799594801,0,-60.120516772617
140,8,5,71.0985938093467,5,59.9376476504353,5,8.42375590531189,5,-60.5194415773704
140,8,10,69.0926578300425,10,54.0839818401918,10,8.29801257906628,10,-60.8720713945324
140,8,15,66.8840072567036,15,48.106587676295,15,7.95720259634785,15,-61.2334247770642
140,8,20,64.4978535368523,20,42.1476562378321,20,7.34321183606962,20,-61.6415650323188
140,8,25,61.9960531226743,25,36.3573111123401,25,6.37756509203228,25,-62.1023603222241
140,8,30,59.4736984600301,30,30.8712220418886,30,4.98119815039747,30,-62.5785507450637
140,8,35,57.0417371910008,35,25.7872743883183,35,3.0967370611781,35,-62.9882277020144
140,8,40,54.801521608872,40,21.1490524416325,40,0.704838917782457,40,-63.2149947533676
140,8,45,52.8217059215877,45,16.9422972678588,45,-2.17091013179432,45,-63.1277927322802
140,8,50,51.1275756317336,50,13.1060555174785,50,-5.47045282029577,50,-62.6045817035622
140,8,55,49.7074837860619,55,9.55482565592994,55,-9.10980725727067,55,-61.5526742966812
140,8,60,48.5331382293958,60,6.20413087033908,60,-12.9924993517166,60,-59.9202470954376
140,8,65,47.5840585358956,65,2.99138962814062,65,-17.0148501885062,65,-57.69748547702
140,8,70,46.8648155909432,70,-0.113200195745839,70,-21.0647907811335,70,-54.9098590187215
140,8,75,46.407310652346,75,-3.1064171732413,75,-25.0182280595725,75,-51.6082033436548
140,8,80,46.2572511783931,80,-5.95898938422043,80,-28.7386402290884,80,-47.8598567802159
140,8,85,46.4507467312184,85,-8.62460916743674,85,-32.08397822961,85,-43.7428093262406
140,8,90,46.990763220686,90,-11.0467781751259,90,-34.9212716448543,90,-39.3422361072078
145,8,0,83.5861775122072,0,57.9403128328341,0,-2.4982856192986,0,-64.8057279639911
145,8,5,81.591901050077,5,53.800189543109,5,-2.24535472407943,5,-65.2914408019461
145,8,10,79.3665155959164,10,49.4847818629015,10,-2.19306529431627,10,-65.6894095739127
145,8,15,76.9302536845148,15,45.1072470847541,15,-2.38789555511425,15,-66.0358130196598
145,8,20,74.3263818443876,20,40.793489336283,20,-2.88984936163321,20,-66.3438965161
145,8,25,71.6243214535917,25,36.6686436543112,25,-3.76341150095235,25,-66.5957362174876
145,8,30,68.9155788568263,30,32.8403691213941,30,-5.0641162424295,30,-66.7385968146066
145,8,35,66.3023893915117,35,29.3827388559783,35,-6.82479561352047,35,-66.6881938710074
145,8,40,63.8822023184752,40,26.3252430893566,40,-9.04589885982003,40,-66.3393165675106
145,8,45,61.7332365452095,45,23.650437142188,45,-11.6926338378002,45,-65.581875295956
145,8,50,59.9061551743745,50,21.3012889022735,50,-14.6988549774148,50,-64.3185309831108
145,8,55,58.4243714463227,55,19.1962568568169,55,-17.9750535767605,55,-62.4795207739191
145,8,60,57.2917626197804,60,17.2478153466121,60,-21.4167889694568,60,-60.0313854334447
145,8,65,56.503434504995,65,15.3794882246356,65,-24.9108355902136,65,-56.9785138287089
145,8,70,56.0541406269357,70,13.5376252661851,70,-28.3385231053445,70,-53.3587225179109
145,8,75,55.9404274543773,75,11.696489502112,75,-31.5778981791072,75,-49.2354992502583
145,8,80,56.1557411730001,80,9.8575963276469,80,-34.507279852989,80,-44.6896167853521
145,8,85,56.6810740015869,85,8.0456658805872,85,-37.0121152200267,85,-39.8118261209046
145,8,90,57.475809583365,90,6.30360914783607,90,-38.9952145740155,90,-34.6969878404294
150,8,0,89.2386823481148,0,48.0107863734518,0,-11.917140976547,0,-68.1778978286709
150,8,5,87.3535009029589,5,45.6654586752715,5,-11.5589694009383,5,-68.8542522284337
150,8,10,85.2410326329713,10,43.2218552850608,10,-11.3951308838283,10,-69.3723891654413
150,8,15,82.9315795826257,15,40.7732287794174,15,-11.4754011400366,15,-69.7490238104415
150,8,20,80.4748089341657,20,38.4179987871872,20,-11.8523757201377,20,-69.9787031921443
150,8,25,77.9395700665231,25,36.248758933673,25,-12.5741567827474,25,-70.0304456407775
150,8,30,75.409818720924,30,34.3404257098523,30,-13.6756277200508,30,-69.8482800447852
150,8,35,72.976889208218,35,32.7397870876197,35,-15.1704117330951,35,-69.3563875346558
150,8,40,70.729712268284,40,31.4588681557703,40,-17.045577718254,40,-68.4684829160841
150,8,45,68.7454252699072,45,30.4738961149182,45,-19.2603222274297,45,-67.0998983022102
150,8,50,67.0827240776521,50,29.7303421491891,50,-21.748575123574,50,-65.1799999640019
150,8,55,65.7792537553048,55,29.15297193504,55,-24.4243343194749,55,-62.6624333770956
150,8,60,64.8527839587336,60,28.6586072239509,60,-27.1880400173057,60,-59.5313249256825
150,8,65,64.3045686752418,65,28.1688245358184,65,-29.9326119812911,65,-55.8027227852515
150,8,70,64.1227495947401,70,27.6202128050188,70,-32.5486348779799,70,-51.5217793210594
150,8,75,64.2841311183654,75,26.9708409089565,75,-34.9290686880951,75,-46.7570204835416
150,8,80,64.7538595806131,80,26.2027829563741,80,-36.9742979619928,80,-41.5932842814096
150,8,85,65.483889985424,85,25.3214500445222,85,-38.5981068415782,85,-36.1246015029441
150,8,90,66.4120057047004,90,24.3528224927585,90,-39.7344202333656,90,-30.4477182092328
155,8,0,88.8950495598213,0,36.1934238809264,0,-19.2862628265362,0,-70.6036914427327
155,8,5,87.3822398446132,5,35.8590242372514,5,-18.8927325987486,5,-71.5328152267821
155,8,10,85.6755623843013,10,35.503060803774,10,-18.6670360696719,10,-72.2118989501964
155,8,15,83.807286713117,15,35.1881162954954,15,-18.6510412382121,15,-72.6415511689055
155,8,20,81.8244547709685,20,34.9771369752165,20,-18.8838668285554,20,-72.8055939563288
155,8,25,79.7875173938721,25,34.925621752251,25,-19.3966857814655,25,-72.6704517814203
155,8,30,77.7668636780368,30,35.0739901954894,30,-20.2074260700681,30,-72.1872876627846
155,8,35,75.837533794545,35,35.441395838296,35,-21.3163701283462,35,-71.2968938257313
155,8,40,74.0729121615636,40,36.0221728835739,40,-22.7035433607549,40,-69.9368009512467
155,8,45,72.5384964035616,45,36.7857069973358,45,-24.3283945331525,45,-68.0495619116834
155,8,50,71.2867952204672,50,37.6798743064348,50,-26.1317441535682,50,-65.5908595413005
155,8,55,70.35403249859,55,38.6374700653534,55,-28.03951166221,55,-62.5360983392931
155,8,60,69.7587784743872,60,39.584463468392,60,-29.9674961848462,60,-58.8844759505723
155,8,65,69.5021219777441,65,40.4486377086422,65,-31.8265335656611,65,-54.6600861832393
155,8,70,69.5687413684768,70,41.1672636173833,70,-33.5276045087314,70,-49.9102037003225
155,8,75,69.9283042749207,75,41.6928408502207,75,-34.986758149944,75,-44.7013656417749
155,8,80,70.5369530794578,80,41.9964611162385,80,-36.1298776307906,80,-39.1140921277849
155,8,85,71.3390288346851,85,42.0688241622457,85,-36.8972684505761,85,-33.2370732676514
155,8,90,72.2694446623702,90,41.9192452249892,90,-37.2478337429452,90,-27.1614785968848
160,8,0,82.0453360155817,0,23.183111629186,0,-24.2301375004786,0,-72.4098236244978
160,8,5,81.1144009598175,5,24.911882345833,5,-23.8422810518825,5,-73.6036924749259
160,8,10,80.0396266423475,10,26.6842725641393,10,-23.5770167992987,10,-74.4482748133345
160,8,15,78.8496698469073,15,28.5279325762395,15,-23.4629838109719,15,-74.9338243530516
160,8,20,77.5827888405227,20,30.4684533665675,20,-23.5242018313143,20,-75.0409614965558
160,8,25,76.2854000196476,25,32.5247650755502,25,-23.7769213250037,25,-74.7412107059235
160,8,30,75.0095374910107,30,34.7049478856431,30,-24.2267560005969,30,-73.9991239522454
160,8,35,73.8094249464797,35,37.0030905143903,35,-24.8665403746484,35,-72.7758300268353
160,8,40,72.7375429428327,40,39.3977246976847,40,-25.6752719562078,40,-71.0336057061456
160,8,45,71.8406729999514,45,41.8521458083392,45,-26.6183330919677,45,-68.7408705657068
160,8,50,71.156391365479,50,44.3166355885393,50,-27.6489859220947,50,-65.8769128560238
160,8,55,70.7103749663444,55,46.7322947941618,55,-28.7109521344178,55,-62.4356880927869
160,8,60,70.5147108837426,60,49.0359416247383,60,-29.7417735636231,60,-58.428190022681
160,8,65,70.5672285352519,65,51.165392026204,65,-30.6766174456459,65,-53.8831367376279
160,8,70,70.8517540571469,70,53.0644337650855,70,-31.4522247705283,70,-48.8459830772443
160,8,75,71.3391440404225,75,54.6869228271304,75,-32.0107623259978,75,-43.3765033150077
160,8,80,71.9889786856972,80,55.9996237026936,80,-32.3033874776127,80,-37.545343095656
160,8,85,72.7518421690023,85,56.9836287310589,85,-32.293346755693,85,-31.4300032305948
160,8,90,73.5721427933739,90,57.6343789405891,90,-31.9584106710375,90,-25.1107040253245
165,8,0,68.842459936777,0,9.874340279488,0,-26.6059635003835,0,-73.8059455687649
165,8,5,68.6262207324188,5,13.5174148813595,5,-26.2344681237703,5,-75.2303077620039
165,8,10,68.316455619578,10,17.2499761329655,10,-25.9253917570087,10,-76.2137884829291
165,8,15,67.9341863791117,15,21.0673580662946,15,-25.6943772527771,15,-76.7425034986579
165,8,20,67.5053627737371,20,24.9622458041116,20,-25.5528440520633,20,-76.7994090996672
165,8,25,67.0597662981646,25,28.9226204665611,25,-25.5064639420524,25,-76.3650355039528
165,8,30,66.6294172764915,30,32.9300165861263,30,-25.5539108452325,30,-75.4189270371757
165,8,35,66.2465988214518,35,36.9583519853026,35,-25.6860581404725,35,-73.9416681031807
165,8,40,65.9416679215678,40,40.9735284459159,40,-25.8857552813691,40,-71.9172829989164
165,8,45,65.7408570877305,45,44.9339061622017,45,-26.1282522886983,45,-69.3357338121771
165,8,50,65.6642732912868,50,48.7916401544841,50,-26.3822676955478,50,-66.1952163847827
165,8,55,65.7242753550749,55,52.4947516534358,55,-26.611626170105,55,-62.5039750200987
165,8,60,65.9243642811197,60,55.9897117731419,60,-26.7773375751863,60,-58.2814188323013
165,8,65,66.2586648228815,65,59.2242543888547,65,-26.8399556003817,65,-53.5584147099404
165,8,70,66.7120222247556,70,62.1501181509937,70,-26.7620411038182,70,-48.3767368168447
165,8,75,67.2606927730016,75,64.7254430317477,75,-26.5105581060806,75,-42.7877523898342
165,8,80,67.873572345441,80,66.9166058709799,80,-26.059042745838,80,-36.8505035507268
165,8,85,68.5138805921508,85,68.6993585863389,85,-25.3894030050875,85,-30.6293961818296
165,8,90,69.1411951200132,90,70.0592178735639,90,-24.4932288139503,90,-24.1917275171749
170,8,0,50.2184602577418,0,-2.76960191483713,0,-26.4572706731584,0,-74.8520505916183
170,8,5,50.7495196226689,5,2.4351526050518,5,-26.0905333937717,5,-76.441839624244
170,8,10,51.2241266989571,10,7.75447574180471,10,-25.7169295696744,10,-77.5182230784434
170,8,15,51.6528951244608,15,13.1588415714375,15,-25.3431126571862,15,-78.0679964659008
170,8,20,52.0481468832343,20,18.6166497850473,20,-24.9730341609627,20,-78.0792625178832
170,8,25,52.4232563498919,25,24.0937303603108,25,-24.6074530692914,25,-77.5419322698379
170,8,30,52.7918359124982,30,29.5530052223596,30,-24.2436056942032,30,-76.4484296363061
170,8,35,53.1668113501337,35,34.9543793295096,35,-23.875087116388,35,-74.7945463905163
170,8,40,53.5594507629184,40,40.2549121793261,40,-23.4919799333864,40,-72.5803707106612
170,8,45,53.9784203679291,45,45.4092915198385,45,-23.0812455653689,45,-69.8111972741979
170,8,50,54.4289425969959,50,50.3705978438438,50,-22.627370405505,50,-66.4983226957412
170,8,55,54.9121264670228,55,55.0913155088568,55,-22.1132363356049,55,-62.6596377263191
170,8,60,55.4245279976219,60,59.5245184871085,60,-21.5211651047719,60,-58.319946104817
170,8,65,55.9579811676259,65,63.6251394543767,65,-20.8340707551776,65,-53.5109667215161
170,8,70,56.4997195657326,70,67.3512224589208,70,-20.0366448583087,70,-48.2710071372836
170,8,75,57.0327875368609,75,70.6650624014493,75,-19.1164962056757,75,-42.6443283515731
170,8,80,57.5367190233116,80,73.5341480089917,80,-18.0651695803707,80,-36.6802491041432
170,8,85,57.988443855073,85,75.9318466018392,85,-16.8789767338999,85,-30.432059803627
170,8,90,58.3633660537812,90,77.8377956322229,90,-15.5595859038665,90,-23.9558294248433
175,8,0,27.8439737514765,0,-13.882673787063,0,-23.9605046286925,0,-75.4684311357695
175,8,5,29.0411206880151,5,-7.63664274690008,5,-23.5779556342951,5,-77.1486217122006
175,8,10,30.1987919227863,10,-1.26729898652924,10,-23.117158242846,10,-78.2670450053264
175,8,15,31.3158662105276,15,5.18033087294736,15,-22.5811941629657,15,-78.8132937045201
175,8,20,32.3915214705751,20,11.6601078479407,20,-21.9723433940183,20,-78.7806082389318
175,8,25,33.4249878335881,25,18.1249802434493,25,-21.2920399419093,25,-78.166067867088
175,8,30,34.4152855787997,30,24.5272289618166,30,-20.5408852707657,30,-76.9707879745809
175,8,35,35.3609616715473,35,30.8187656548459,35,-19.7187249892144,35,-75.2001109230038
175,8,40,36.2598404548742,40,36.9514870210801,40,-18.8247907170449,40,-72.8637753477826
175,8,45,37.1088048577317,45,42.877683922928,45,-17.8579049557185,45,-69.9760476250019
175,8,50,37.9036240990807,50,48.5504990768889,50,-16.816742420794,50,-66.5557995302735
175,8,55,38.6388422453626,55,53.9244223576788,55,-15.7001370513652,55,-62.6265179446151
175,8,60,39.3077391881451,60,58.9558087490195,60,-14.5074201575659,60,-58.2162356973969
175,8,65,39.9023718283499,65,63.6034010960979,65,-13.2387722322903,65,-53.357376987957
175,8,70,40.4136987531062,70,67.8288383716533,70,-11.8955690990266,70,-48.0865158825533
175,8,75,40.8317868041205,75,71.5971303069903,75,-10.480702463357,75,-42.4440516532811
175,8,80,41.1460930271251,80,74.8770809377742,80,-8.99885564480251,80,-36.4738097049227
175,8,85,41.3458109234027,85,77.6416466859612,85,-7.45671724334251,85,-30.2225810604946
175,8,90,41.4202660267926,90,79.8682187215911,90,-5.86311859462052,90,-23.7396164747349
180,8,0,3.91103142680537,0,-22.8419525852766,0,-19.3991843342452,0,-75.4665407033009
180,8,5,5.58689909080359,5,-16.177689651923,5,-18.9844957321668,5,-77.1701750753299
180,8,10,7.22024707925888,10,-9.39030473196218,10,-18.4253236544147,10,-78.2864978184098
180,8,15,8.79864462773665,15,-2.53145392297013,15,-17.725923738138,15,-78.8070130424119
180,8,20,10.3100791778304,20,4.34666277890937,20,-16.8916188390086,20,-78.7277593121857
180,8,25,11.7430477999849,25,11.1916987524547,25,-15.9287585210761,25,-78.049339796473
180,8,30,13.0866447377353,30,17.9515591407614,30,-14.8446707327507,30,-76.7769176774293
180,8,35,14.3306444070995,35,24.574797324559,35,-13.6476060366919,35,-74.9201768556899
180,8,40,15.4655792194459,40,31.0110064620484,40,-12.3466748180441,40,-72.4932482500391
180,8,45,16.4828116355604,45,37.2112031154041,45,-10.9517779489048,45,-69.5146022525854
180,8,50,17.3745999025344,50,43.1282000443127,50,-9.47353143671004,50,-66.0069081579251
180,8,55,18.1341569731799,55,48.7169653293649,55,-7.92318563000724,55,-61.9968616361221
180,8,60,18.7557021595561,60,53.9349650921527,60,-6.31253959650983,60,-57.5149815625396
180,8,65,19.2345051274955,65,58.7424872037669,65,-4.65385132506734,65,-52.5953777507709
180,8,70,19.5669218973029,70,63.1029435180769,70,-2.9597444349688,70,-47.2754913563614
180,8,75,19.7504225766414,75,66.9831483296152,75,-1.24311210257762,75,-41.5958099270079
180,8,80,19.7836106145405,80,70.3535709368345,80,0.482981063525753,80,-35.5995592678731
180,8,85,19.6662334299921,85,73.1885603885767,85,2.20539845210379,85,-29.3323744671082
180,8,90,19.3991843342451,90,75.466540703301,90,3.91103142680536,90,-22.8419525852766
185,8,0,19.2155825400185,0,29.3433235705928,0,13.1722435709803,0,74.5796789782389
185,8,5,17.3213430187179,5,22.9098382294332,5,12.7217861728462,5,76.2572535308062
185,8,10,15.4881633139303,10,16.3554583990041,10,12.0721332956926,10,77.3389397824183
185,8,15,13.7375868298411,15,9.73130020752888,15,11.2316269870103,15,77.8150485150695
185,8,20,12.0897514481332,20,3.08944096294014,20,10.2113145931197,20,77.6807352569406
185,8,25,10.563041711495,25,-3.51753018276253,25,9.0246967893393,25,76.9361590846514
185,8,30,9.17378817686115,30,-10.0369995691298,30,7.68742709933233,30,75.5865872036
185,8,35,7.93602059813521,35,-16.4168453275914,35,6.2169715302133,35,73.6424353897507
185,8,40,6.8612801674231,40,-22.605970985135,40,4.63223801105033,40,71.1192366960177
185,8,45,5.95849438365179,45,-28.5548427917972,45,2.9531861934655,45,68.0375338302146
185,8,50,5.23391623388886,50,-34.2160161646679,50,1.20042877485755,50,64.422694068219
185,8,55,4.69112730462112,55,-39.5446366080583,55,-0.605164251172376,55,60.3046491923624
185,8,60,4.33110226533606,60,-44.4989014408441,60,-2.44284720967805,60,55.7175664337978
185,8,65,4.15233000065277,65,-49.0404705472803,65,-4.29235571609971,65,50.6994594509357
185,8,70,4.15098465521265,70,-53.1348169833128,70,-6.1342297190649,70,45.2917507404247
185,8,75,4.32113815628555,75,-56.7515113600866,75,-7.95009504350806,75,39.5387983741036
185,8,80,4.65500454323583,80,-59.8644371911646,80,-9.72289798161811,80,33.4874005034128
185,8,85,5.14320577984708,85,-62.4519375262006,85,-11.4370898570162,85,27.18629069681
185,8,90,5.77504872203637,90,-64.496895931577,90,-13.0787609407933,90,20.6856360017284
190,8,0,39.3821732643822,0,33.388374614319,0,5.81230648823259,0,72.4909119455066
190,8,5,37.5509642604688,5,27.7896663277636,5,5.33647470076524,5,74.1108099575006
190,8,10,35.8091958184016,10,22.0702435443848,10,4.62252011547718,10,75.1361055050941
190,8,15,34.1840270599795,15,16.2753091409505,15,3.68401045367092,15,75.5520391664122
190,8,20,32.6999820426569,20,10.4526789615027,20,2.53853194915452,20,75.349010057964
190,8,25,31.3784350347429,25,4.65226298451991,25,1.20721106919815,25,74.5232183812001
190,8,30,30.2371744990716,30,-1.07463265318556,30,-0.285843316503458,30,73.0772047930948
190,8,35,29.2900570252721,35,-6.67615710317449,35,-1.91416822467721,35,71.0202352013044
190,8,40,28.5467634801854,40,-12.1008782221159,40,-3.64963382378207,40,68.368487788212
190,8,45,28.0126702004434,45,-17.2988034204604,45,-5.46317432887908,45,65.1450126568112
190,8,50,27.6888471442518,50,-22.2223951711178,50,-7.32554198118625,50,61.3794523508372
190,8,55,27.5721916107657,55,-26.8275164814205,55,-9.20805777460843,55,57.1075317300018
190,8,60,27.6556998977114,60,-31.0742467027212,60,-11.083327469092,60,52.3703458591508
190,8,65,27.9288702814424,65,-34.9275198188238,65,-12.9258884994985,65,47.213492128632
190,8,70,28.3782199621907,70,-38.3575545284906,70,-14.7127540158936,70,41.6861054388473
190,8,75,28.9878877880463,75,-41.3400658990734,75,-16.4238252695543,75,35.8398612357824
190,8,80,29.7402856357568,80,-43.8562694548784,80,-18.0421528132652,80,29.7280096347716
190,8,85,30.616756104654,85,-45.89270744444,85,-19.5540395034371,85,23.4044950095038
190,8,90,31.5981938782945,90,-47.4409411238712,90,-20.9489923139505,90,16.923200498181
195,8,0,54.9586978073474,0,35.2032313167942,0,-2.0224982270559,0,68.8736777771431
195,8,5,53.4373795751842,5,30.9437685673427,5,-2.50465819835312,5,70.4180553238449
195,8,10,52.0395808065808,10,26.5614224755821,10,-3.24702830503841,10,71.3743701729036
195,8,15,50.7941273973966,15,22.0911989177936,15,-4.23028894479943,15,71.7194604550721
195,8,20,49.7258828355715,20,17.573484936423,20,-5.43015512214664,20,71.4355991246736
195,8,25,48.8552138094249,25,13.053537810415,25,-6.81808566399255,25,70.5120164184493
195,8,30,48.1975613618953,30,8.58051065340742,30,-8.36206240597148,30,68.9462978372082
195,8,35,47.7631029158408,35,4.20604138814054,35,-10.0274363542543,35,66.7454981476349
195,8,40,47.5565008968563,40,-0.017509398259853,40,-11.7778505498661,40,63.9268227937254
195,8,45,47.5767544806156,45,-4.03903232044415,45,-13.5762522800851,45,60.5177635524814
195,8,50,47.8171941331876,50,-7.81067666826958,50,-15.3859954852348,50,56.5556309144744
195,8,55,48.2656736632785,55,-11.2896976134744,55,-17.1720082674572,55,52.0864932838339
195,8,60,48.9050126032469,60,-14.4399601922522,60,-18.9019667821523,60,47.1636024953348
195,8,65,49.713719129663,65,-17.2329539371439,65,-20.5473859811201,65,41.8454461873268
195,8,70,50.6669835470487,70,-19.6482299630507,70,-22.0845207355174,70,36.1936116524771
195,8,75,51.7378838990001,75,-21.6732434376214,75,-23.4949755855339,75,30.2706667877474
195,8,80,52.8987011600803,80,-23.3026588498372,80,-24.7659494906335,80,24.1382584527354
195,8,85,54.1222136450881,85,-24.5372427573501,85,-25.8900884601698,85,17.8555967974753
195,8,90,55.3828363481969,90,-25.3825186384415,90,-26.8649735376618,90,11.4784390937654
200,8,0,65.0076806195777,0,35.1343457468691,0,-9.60576876995788,0,63.4596536582093
200,8,5,63.9650976199192,5,32.5843179376582,5,-10.0758908937909,5,64.9211811415044
200,8,10,63.0846980240578,10,29.9106897128814,10,-10.8138974618951,10,65.8073003499177
200,8,15,62.3933826236,15,27.1340165547357,15,-11.7931124717303,15,66.0841233292643
200,8,20,61.9119782094102,20,24.2836686471228,20,-12.9813275412098,20,65.7226785360602
200,8,25,61.6550440334839,25,21.397745776122,25,-14.3420633788745,25,64.7018539503925
200,8,30,61.6309580149206,30,18.522036698053,30,-15.8357209950533,30,63.0113533960543
200,8,35,61.8420887762647,35,15.7079802672718,35,-17.4205877565169,35,60.6542473460574
200,8,40,62.284883125058,40,13.0097537302688,40,-19.0537695402073,40,57.6487115165513
200,8,45,62.9497987866073,45,10.4807734240754,45,-20.6921912518578,45,54.0286376242087
200,8,50,63.8211506852222,50,8.17001104309609,50,-22.2938102279165,50,49.8429496524959
200,8,55,64.8770606659113,55,6.11858202590668,55,-23.8191133491283,55,45.1536346943002
200,8,60,66.089754937862,60,4.35704310183161,60,-25.2328420230655,60,40.0326684548246
200,8,65,67.4264149451806,65,2.90374874529299,65,-26.5057544044271,65,34.5581572314373
200,8,70,68.8506643190657,70,1.76447628874985,70,-27.6161412987492,70,28.810115613685
200,8,75,70.3246060481924,75,0.933357475839923,75,-28.5507976844805,75,22.866345247078
200,8,80,71.811164537625,80,0.394973311161296,80,-29.3052256431284,80,16.7988721897672
200,8,85,73.2763869969851,85,0.127302710989791,85,-29.8829870008581,85,10.6713377994419
200,8,90,74.6913465803587,90,0.105086970780613,90,-30.2942934181327,90,4.53762177369497
205,8,0,69.2952007055448,0,33.5632084078226,0,-16.242393413139,0,56.1269820228048
205,8,5,68.7998686156987,5,32.9421900252421,5,-16.6921526980475,5,57.5091011275435
205,8,10,68.5124077914379,10,32.2060448569347,10,-17.4079162123952,10,58.3414460243318
205,8,15,68.4548592396485,15,31.355935980621,15,-18.3516352970262,15,58.5775302204594
205,8,20,68.6386797815889,20,30.4051073874965,20,-19.4795480709338,20,58.1732120269519
205,8,25,69.0657378100324,25,29.3801060258555,25,-20.7449395404183,25,57.0919699716385
205,8,30,69.7302454451774,30,28.3203064372393,30,-22.1002087752631,30,55.310605871541
205,8,35,70.6208260061801,35,27.275492531686,35,-23.4980430366595,35,52.8243998311856
205,8,40,71.7219480192449,40,26.3016289159567,40,-24.8918910064969,40,49.6507930143346
205,8,45,73.0142908976649,45,25.4553155391231,45,-26.2362279310726,45,45.8309222743398
205,8,50,74.4741094242713,50,24.787687970183,50,-27.4871907289267,50,41.4286947837523
205,8,55,76.0721336318372,55,24.3386531987711,55,-28.6039933123326,55,36.5274746344352
205,8,60,77.772793316366,60,24.132322872461,60,-29.5511754701201,60,31.2247792416447
205,8,65,79.5344983082852,65,24.1743379723426,65,-30.3013312268717,65,25.6256116791152
205,8,70,81.3113663449358,70,24.4515070622412,70,-30.8376616534517,70,19.8351842905239
205,8,75,83.0563038775194,75,24.9338487261951,75,-31.1556171810324,75,13.9518387425369
205,8,80,84.7248906040428,80,25.5787810771446,80,-31.2630663169617,80,8.06095592907264
205,8,85,86.2792493152805,85,26.3368769726184,85,-31.1787910791995,85,2.23057570154557
205,8,90,87.6910730163172,90,27.1583415499574,90,-30.929540099975,90,-3.49070707479899
210,8,0,68.1814620705421,0,30.8579196225098,0,-21.3778159735153,0,46.9770398528345
210,8,5,68.200135304366,5,32.2340583163596,5,-21.8144199521331,5,48.2964572423963
210,8,10,68.4848930483667,10,33.5229411956557,10,-22.5106787638016,10,49.1146830463372
210,8,15,69.0502710906657,15,34.701155853675,15,-23.4106424940708,15,49.3702038594826
210,8,20,69.8910192337923,20,35.7591347079003,20,-24.4528527479643,20,48.99801424611
210,8,25,70.9859521152759,25,36.7048614923612,25,-25.5762404755045,25,47.9386813057732
210,8,30,72.3043711090817,30,37.5650300820547,30,-26.724107660277,30,46.1485384773837
210,8,35,73.81276572734,35,38.3830336024712,35,-27.8455612301581,35,43.6090097263172
210,8,40,75.4795284263455,40,39.2138049346161,40,-28.8947736610973,40,40.3332775626028
210,8,45,77.276317157017,45,40.1161647616428,45,-29.8292680019447,45,36.3691219708977
210,8,50,79.1761007865816,50,41.1438414700926,50,-30.6087321726458,50,31.7975464225847
210,8,55,81.1492455380416,55,42.3366191505973,55,-31.1955413666514,55,26.7275339828431
210,8,60,83.1597208185528,60,43.7130969576603,60,-31.5573538608848,60,21.2877797058827
210,8,65,85.1633711902305,65,45.2663077088999,65,-31.6711827092473,65,15.6164857295631
210,8,70,87.1093309239854,70,46.9629988104335,70,-31.5276172376278,70,9.85035194697268
210,8,75,88.9444447775532,75,48.746809801692,75,-31.1336480747168,75,4.11386302980122
210,8,80,90.6194904166396,80,50.5449784647781,80,-30.5129039503059,80,-1.49005386591626
210,8,85,92.0954452001802,85,52.2776471264694,85,-29.7028874069681,85,-6.88694416162953
210,8,90,93.3481280831538,90,53.8683825243349,90,-28.7497072290551,90,-12.0343430990127
215,8,0,62.4521877023541,0,27.3534551240422,0,-24.6763294273757,0,36.3610209275382
215,8,5,62.8628582792896,5,30.6552809225379,5,-25.1215718961607,5,37.6489672903749
215,8,10,63.6171046392754,10,33.9263103068917,10,-25.8185308154244,10,38.514861190515
215,8,15,64.7189161299802,15,37.1151822845553,15,-26.6858785802054,15,38.8787124101144
215,8,20,66.1362038194332,20,40.1828268613201,20,-27.6372952527461,20,38.6474690446679
215,8,25,67.8102093211269,25,43.1095324338132,25,-28.5925161724307,25,37.7297198935954
215,8,30,69.6706872671289,30,45.8990579990474,30,-29.4845427668804,30,36.0524015761418
215,8,35,71.6515894257114,35,48.5786436317906,35,-30.261535845243,35,33.5759371492172
215,8,40,73.7019477517144,40,51.1944891207466,40,-30.8839482286828,40,30.3047967207236
215,8,45,75.7887260163487,45,53.8030942938083,45,-31.3192206385796,45,26.2917413974954
215,8,50,77.891697676325,50,56.4597094058241,50,-31.537121234693,50,21.6355028223622
215,8,55,79.9934894015293,55,59.2058695372008,55,-31.5082629661493,55,16.4728730237377
215,8,60,82.0695275560264,60,62.0583684525106,60,-31.2067618430994,60,10.9668367784036
215,8,65,84.0821922307184,65,65.0019043994262,65,-30.6160986002196,65,5.29246388885453
215,8,70,85.9813992033853,70,67.9869983544273,70,-29.7358019917973,70,-0.377970951939213
215,8,75,87.7111352655402,75,70.9338077811797,75,-28.5861281928347,75,-5.88943711006045
215,8,80,89.2193253272705,80,73.7413830008995,80,-27.2085737496946,80,-11.1170246934212
215,8,85,90.4675619003461,85,76.3009545622568,85,-25.6615023256771,85,-15.9759680678097
215,8,90,91.4377652752995,90,78.5111201066197,90,-24.0118053826339,90,-20.4273883687141
220,8,0,53.1449213236601,0,23.3411293159886,0,-26.040361034511,0,24.8364753525277
220,8,5,53.7571432509766,5,28.3791211054863,5,-26.5232764125542,5,26.1360676316309
220,8,10,54.8145715411909,10,33.4748978276828,10,-27.2476001935007,10,27.1232941257171
220,8,15,56.3068911848712,15,38.5507351741049,15,-28.1011134829542,15,27.6960092486958
220,8,20,58.1625882348886,20,43.534414379171,20,-28.9671292738023,20,27.726460588853
220,8,25,60.2675274865069,25,48.3692496298736,25,-29.7424148879092,25,27.0832293122399
220,8,30,62.4946933195209,30,53.0222820463015,30,-30.3489945239493,30,25.6561003361725
220,8,35,64.7347161862692,35,57.4889849909462,35,-30.7369145616039,35,23.3782792562546
220,8,40,66.9165374818148,40,61.7928611256225,40,-30.8785136205041,40,20.2414259637236
220,8,45,69.0117343156153,45,65.9788574557317,45,-30.7579751874609,45,16.3011603706993
220,8,50,71.02282132605,50,70.1008442370043,50,-30.3614989092842,50,11.6731620127368
220,8,55,72.9621606442369,55,74.2052232281338,55,-29.6726506999834,55,6.52186245995345
220,8,60,74.8311405700371,60,78.3142998481415,60,-28.6747876330827,60,1.04450969893226
220,8,65,76.6079505195147,65,82.4135910442555,65,-27.3591661214662,65,-4.54687849055782
220,8,70,78.2476519630635,70,86.4464306188227,70,-25.7348640674477,70,-10.043939009355
220,8,75,79.692791885231,75,90.3174054729664,75,-23.83593188069,75,-15.2596909228258
220,8,80,80.8890163056351,80,93.9040406020471,80,-21.7223531127165,80,-20.044623557955
220,8,85,81.7993262805458,85,97.0744306521616,85,-19.4737876792933,85,-24.2998379635601
220,8,90,82.4124919460873,90,99.7075012636224,90,-17.1776482296988,90,-27.9854427886609
225,8,0,41.3998366898463,0,19.0544442094763,0,-25.5678390707211,0,13.0669110306466
225,8,5,41.9781082877866,5,25.5492356109094,5,-26.1141409079948,5,14.4267402740513
225,8,10,43.126785567073,10,32.2170269444149,10,-26.8850311786923,10,15.6048583668432
225,8,15,44.8173520807728,15,38.9630614316399,15,-27.7370298388127,15,16.4749548238531
225,8,20,46.9258109489234,20,45.6847632431285,20,-28.5220194479109,20,16.8715218064169
225,8,25,49.2642842542025,25,52.2820276230789,25,-29.1127286413095,25,16.6194141309236
225,8,30,51.631960901446,30,58.6697993807722,30,-29.4202965755638,30,15.5673618463448
225,8,35,53.8673425837522,35,64.7911734010072,35,-29.3987616217501,35,13.6177727168283
225,8,40,55.8826734284296,40,70.6269731682551,40,-29.0364024606831,40,10.7465710699704
225,8,45,57.6688654737389,45,76.1969060910465,45,-28.3391793586389,45,7.00995763190136
225,8,50,59.2719322976397,50,81.5492592507955,50,-27.3144390011757,50,2.53859597636051
225,8,55,60.7537340993249,55,86.740293707963,55,-25.9621639753422,55,-2.47755805353981
225,8,60,62.1550162691735,60,91.8089721417679,60,-24.276958210395,60,-7.80960674529521
225,8,65,63.4752824152027,65,96.7549945120764,65,-22.2587830630233,65,-13.2117437853155
225,8,70,64.6745730184679,70,101.527108843221,70,-19.9266284686614,70,-18.4429071177775
225,8,75,65.6920664535185,75,106.0250008617,75,-17.3283592530944,75,-23.2871286655585
225,8,80,66.4704732441677,80,110.113716883179,80,-14.5419631899429,80,-27.5719304783657
225,8,85,66.9754064779381,85,113.646427896002,85,-11.6670958318323,85,-31.1836316266014
225,8,90,67.2038220423999,90,116.49014677038,90,-8.8094296140822,90,-34.0777272236665
230,8,0,28.3411858347937,0,14.6530648908604,0,-23.4691014625736,0,1.70341072937199
230,8,5,28.6297164768901,5,22.2669009282036,5,-24.0926202412086,5,3.16999281020457
230,8,10,29.6292384651051,10,30.181343135508,10,-24.911828815373,10,4.59000065329002
230,8,15,31.2904268450276,15,38.3024124949301,15,-25.75875631024,15,5.81458216168643
230,8,20,33.426540650166,20,46.5084308259155,20,-26.4588278226872,20,6.64355897978764
230,8,25,35.7610080284872,25,54.6550517592482,25,-26.8630493395069,25,6.86093270576087
230,8,30,38.0058962932709,30,62.5910969772853,30,-26.8722170174698,30,6.27578640422761
230,8,35,39.942967344968,35,70.1843431743044,35,-26.4446837365354,35,4.75931942174994
230,8,40,41.4758806918399,40,77.3491628312231,40,-25.5858019063861,40,2.26990240162198
230,8,45,42.6339491815178,45,84.0636488474553,45,-24.3252768437892,45,-1.13822303762966
230,8,50,43.5296760250368,50,90.3661981722602,50,-22.6937940357072,50,-5.32219230287088
230,8,55,44.2927648904086,55,96.3301313901944,55,-20.7096313970385,55,-10.0695310706024
230,8,60,45.011529530756,60,102.025173164007,60,-18.3801352997236,60,-15.1233361513163
230,8,65,45.7050464991028,65,107.480634334098,65,-15.7152998418234,65,-20.2088947790546
230,8,70,46.3315713189427,70,112.663760215896,70,-12.7451993118507,70,-25.0589281079548
230,8,75,46.8212811083278,75,117.479404604704,75,-9.5320419915501,75,-29.4362143813117
230,8,80,47.1131311415069,80,121.788584547361,80,-6.17091590778667,80,-33.1529343881979
230,8,85,47.178842961452,85,125.437964693635,85,-2.77861443590593,85,-36.0859241900833
230,8,90,47.0276032840992,90,128.291416506839,90,0.525488816587753,90,-38.1866635749576
235,8,0,14.9844928904826,0,10.2157317383621,0,-19.9773118128765,0,-8.70871692502568
235,8,5,14.7320337402181,5,18.5837349064176,5,-20.6780208071844,5,-7.09645411303124
235,8,10,15.3314808115254,10,27.3736514345775,10,-21.5290753561981,10,-5.4086269301177
235,8,15,16.7129754501746,15,36.5163397526818,15,-22.3515798031088,15,-3.81062189759776
235,8,20,18.6228592942795,20,45.8900297992386,20,-22.9550849320549,20,-2.52756071865391
235,8,25,20.6881707487692,25,55.3121702712425,25,-23.1740560649191,25,-1.80676481085514
235,8,30,22.5272995673993,30,64.5557282569275,30,-22.8993413837523,30,-1.87247573697023
235,8,35,23.8662003582689,35,73.391776934859,35,-22.0915554447758,35,-2.8826288324364
235,8,40,24.6120784707183,40,81.6445187084938,40,-20.7708708721216,40,-4.8977568419999
235,8,45,24.8535753973549,45,89.2342755460919,45,-18.9894067244846,45,-7.86858384172155
235,8,50,24.7913385361338,50,96.1864781457934,50,-16.8009193602699,50,-11.6431355412955
235,8,55,24.6361376845352,55,102.600414382767,55,-14.2426502249456,55,-15.9890524380225
235,8,60,24.524025188284,60,108.591494337011,60,-11.3363095382677,60,-20.624337869234
235,8,65,24.4833338885488,65,114.232976572928,65,-8.10443260174557,65,-25.2501651769817
235,8,70,24.4574230748852,70,119.52083468555,70,-4.59093355375022,70,-29.5812177726174
235,8,75,24.359365164942,75,124.37173505683,75,-0.874032459048493,75,-33.3708527253233
235,8,80,24.1247539133222,80,128.64847550639,80,2.93499266748612,80,-36.4296726226879
235,8,85,23.7382203690251,85,132.198438257035,85,6.70645023589235,85,-38.6371763612051
235,8,90,23.2287002472508,90,134.891082479653,90,10.3142083457638,90,-39.9471702580748
240,8,0,2.16595828112543,0,5.75054978500162,0,-15.2830808036909,0,-17.7722191246115
240,8,5,1.14832255112638,5,14.5086273815184,5,-16.0530381543813,5,-15.9847488468224
240,8,10,1.10570958983273,10,23.786883900148,10,-16.9104704245333,10,-14.0249740787423
240,8,15,1.95168280424592,15,33.5666001413214,15,-17.6830352647084,15,-12.0655502795258
240,8,20,3.36932556728325,20,43.7490408625887,20,-18.1782379385356,20,-10.3421977445804
240,8,25,4.89102275944497,25,54.1252597818404,25,-18.2207092986334,25,-9.11960041504735
240,8,30,6.04338709106228,30,64.3888113442811,30,-17.6912502365952,30,-8.64595320643694
240,8,35,6.50328976105877,35,74.1982707036645,35,-16.5486266838622,35,-9.10497578493382
240,8,40,6.1959716130159,40,83.2685648075391,40,-14.8228407480425,40,-10.5774785142713
240,8,45,5.28897781515259,45,91.4496435875577,45,-12.5845917743538,45,-13.0224960334936
240,8,50,4.0877705338405,50,98.7530915897129,50,-9.90885396478897,50,-16.2817623853576
240,8,55,2.88964320582234,55,105.313260046474,55,-6.85216640611549,55,-20.1044479782258
240,8,60,1.86993873994206,60,111.303870786073,60,-3.45307594482512,60,-24.1846824812342
240,8,65,1.04893304333002,65,116.852048582216,65,0.249259568020509,65,-28.2031961800953
240,8,70,0.338377969926352,70,121.987485205096,70,4.19276400623984,70,-31.865316657386
240,8,75,-0.373951779360518,75,126.64080254038,75,8.28068393826442,75,-34.929421591918
240,8,80,-1.15337352912609,80,130.679558867508,80,12.386717192159,80,-37.2226601112638
240,8,85,-1.99303635697072,85,133.957815547194,85,16.3738454403157,85,-38.6444462922915
240,8,90,-2.83470512671404,90,136.35883837432,90,20.1181579123101,90,-39.1619081297734
245,8,0,-9.5035049441026,0,1.22138213420184,0,-9.5090910793998,0,-25.2284011434543
245,8,5,-11.4660719925613,5,10.0283471759236,5,-10.3436243689864,5,-23.2442834172521
245,8,10,-12.3642411522535,10,19.4213949052404,10,-11.1881695250516,10,-21.020402656203
245,8,15,-12.2940345901089,15,29.4537296301976,15,-11.893874137872,15,-18.7267697478943
245,8,20,-11.6248870434354,20,40.0714283642858,20,-12.2799143679958,20,-16.5945015758656
245,8,25,-10.9081893363755,25,51.053557859844,25,-12.1678578604335,25,-14.8907775874359
245,8,30,-10.6987439881727,30,62.0170981738641,30,-11.4281006296791,30,-13.8776598937541
245,8,35,-11.3568100200226,35,72.5010614230618,35,-10.0125636075041,35,-13.7609144464205
245,8,40,-12.92417555907,40,82.10081444977,40,-7.95475819123019,40,-14.6428186569814
245,8,45,-15.1392509899657,45,90.589909709144,45,-5.33894944438728,45,-16.4937483879607
245,8,50,-17.5829739643555,50,97.9677744869683,50,-2.25906988552689,50,-19.1512270139005
245,8,55,-19.874816148229,55,104.410913190584,55,1.20808258238768,55,-22.346213192913
245,8,60,-21.8153601627075,60,110.158373644444,60,5.00328813652201,60,-25.7489648541057
245,8,65,-23.4126758265069,65,115.394039231274,65,9.06529904264764,65,-29.0226657344795
245,8,70,-24.8026582758856,70,120.180249992411,70,13.308871620914,70,-31.8719549465299
245,8,75,-26.1286221955927,75,124.460016202463,75,17.6165261731322,75,-34.0753529619224
245,8,80,-27.452547226446,80,128.107141940759,80,21.8491995593649,80,-35.4957287151641
245,8,85,-28.7360112125396,85,130.987869476166,85,25.8694489672923,85,-36.0708217943718
245,8,90,-29.8829773572215,90,133.006846574769,90,29.5657270873778,90,-35.7933930654468
250,8,0,-19.6545739132611,0,-3.41941538047923,0,-2.72277557138802,0,-30.914603095349
250,8,5,-22.6869288105991,5,5.13334966465461,5,-3.63190049373691,5,-28.7180427859426
250,8,10,-24.6088191171273,10,14.3061496401709,10,-4.46524286027173,10,-26.2391572534649
250,8,15,-25.517849336598,15,24.2369016472543,15,-5.10949645588167,15,-23.6376591452144
250,8,20,-25.8210991940024,20,34.9314608233249,20,-5.40603503724854,20,-21.127950840338
250,8,25,-26.1360720410126,25,46.1697637170895,25,-5.17915924506296,25,-18.9673609068206
250,8,30,-27.0814145362881,30,57.5001421190551,30,-4.28891849223761,30,-17.4228855979657
250,8,35,-29.0382404077109,35,68.3452791639435,35,-2.67599112229776,35,-16.7183594314661
250,8,40,-32.0016009988071,40,78.1824245764572,40,-0.371268138116548,40,-16.9775929894108
250,8,45,-35.6074968634775,45,86.7113513307015,45,2.5323655046408,45,-18.1840270858826
250,8,50,-39.3240453734998,50,93.9234267034317,50,5.92370983971709,50,-20.1721816263816
250,8,55,-42.6988074282212,55,100.040275301463,55,9.70348072203098,55,-22.6549603813298
250,8,60,-45.5266713604483,60,105.365191366053,60,13.7865266298989,60,-25.279343590151
250,8,65,-47.8621922438558,65,110.133490263845,65,18.0833914556995,65,-27.69461105154
250,8,70,-49.9000225690492,70,114.433693294915,70,22.4813773590177,70,-29.6134381554143
250,8,75,-51.8163834620429,75,118.217722070533,75,26.8419375392824,75,-30.8482414336415
250,8,80,-53.6652155619123,80,121.367302408122,80,31.0175311316601,80,-31.3138744506128
250,8,85,-55.3702356568073,85,123.766648567758,85,34.8783470882947,85,-31.0011788937186
250,8,90,-56.7933887325965,90,125.348575788513,90,38.3352364664507,90,-29.9380359315613
255,8,0,-28.144644783357,0,-8.20333770953973,0,5.02738092046713,0,-34.7138789495391
255,8,5,-32.312990243555,5,-0.161039673771723,5,4.01183603465245,5,-32.2930970706938
255,8,10,-35.3700934834298,10,8.51210659551646,10,3.15815642151,10,-29.5627755469315
255,8,15,-37.4087488777573,15,18.040372941148,15,2.53961406868337,15,-26.6688795287152
255,8,20,-38.8583940145141,20,28.4937685089021,20,2.28715046535682,20,-23.8027615305372
255,8,25,-40.3812780729428,25,39.6607560136854,25,2.56942628422451,25,-21.2043185783089
255,8,30,-42.6368404327214,30,51.0319239127737,30,3.53565273835288,30,-19.1386543636712
255,8,35,-46.0074371000824,35,61.9270267935998,35,5.25904938793013,35,-17.8429999748539
255,8,40,-50.4299844770953,40,71.7193496422748,40,7.71614849614277,40,-17.4604323189091
255,8,45,-55.4378806011253,45,80.0467901409507,45,10.8094536605237,45,-17.9869728742448
255,8,50,-60.3971201326953,50,86.8986408962178,50,14.411102851349,50,-19.2547678262423
255,8,55,-64.8007202290777,55,92.5392556787974,55,18.3957730758619,55,-20.9604051208732
255,8,60,-68.4552019668112,60,97.3262535844044,60,22.6462393597073,60,-22.7311653687634
255,8,65,-71.4729403641457,65,101.533388683532,65,27.0391891762036,65,-24.2086771002718
255,8,70,-74.1106076353591,70,105.265097363758,70,31.4322852509267,70,-25.1226239070795
255,8,75,-76.5749805260212,75,108.478472987119,75,35.6685352821701,75,-25.3297779659761
255,8,80,-78.9086822005718,80,111.06588383328,80,39.5985897131846,80,-24.8067840353662
255,8,85,-80.9968351620995,85,112.935574828355,85,43.108908618289,85,-23.604695893875
255,8,90,-82.6614656573705,90,114.054188637187,90,46.1412932887822,90,-21.7898908457659
260,8,0,-35.0172884501548,0,-13.1298785042102,0,13.6699914999489,0,-36.5171023304399
260,8,5,-40.3304594502022,5,-5.80346166448586,5,12.4935284653283,5,-33.8643097721075
260,8,10,-44.5733269775634,10,2.15480725762212,10,11.5571481320033,10,-30.8795783675619
260,8,15,-47.83117099922,15,11.0459765346394,15,10.897536214537,15,-27.6961924627692
260,8,20,-50.5428179802665,20,20.9968130204506,20,10.617871100606,20,-24.4825781256277
260,8,25,-53.3925473370248,25,31.804858341687,25,10.8771692701268,25,-21.4589966898223
260,8,30,-57.0536515818341,30,42.9149142509975,30,11.8316835757881,30,-18.8840015133699
260,8,35,-61.8879040382571,35,53.5658733500422,35,13.5689896293293,35,-17.0022528782078
260,8,40,-67.766024979473,40,63.0527741766435,40,16.0758747999771,40,-15.9706465291655
260,8,45,-74.1272645472251,45,70.9718051673631,45,19.252785025143,45,-15.7947269932951
260,8,50,-80.2552348828025,50,77.3173114605979,50,22.9546641097191,50,-16.3049894513085
260,8,55,-85.6091750661238,55,82.3887475778493,55,27.025874965385,55,-17.1866876402576
260,8,60,-90.0198957812512,60,86.5806629309304,60,31.3112487878045,60,-18.0559105106015
260,8,65,-93.6592010333596,65,90.1867756904103,65,35.6497332114788,65,-18.5567397886353
260,8,70,-96.840249189139,70,93.3152884664126,70,39.8701647999448,70,-18.4449317300614
260,8,75,-99.794791220286,75,95.9252027454386,75,43.8028355798813,75,-17.6272401057556
260,8,80,-102.553889498598,80,97.9228136496611,80,47.3050536460746,80,-16.1431897793927
260,8,85,-104.969987070259,85,99.2457801670057,85,50.2877429032755,85,-14.1013860855192
260,8,90,-106.833904785536,90,99.8985845869565,90,52.7295541630472,90,-11.6026052700281
265,8,0,-40.4474309726205,0,-18.162610053002,0,23.0777056383316,0,-36.2074707985921
265,8,5,-46.8612684500734,5,-11.7050257883423,5,21.6676971290431,5,-33.319934265313
265,8,10,-52.2822105507001,10,-4.61128915324133,10,20.561149378466,10,-30.0749589920616
265,8,15,-56.7895760352175,15,3.47729618900481,15,19.767954267965,15,-26.59755731089
265,8,20,-60.821527497727,20,12.7265250842349,20,19.3681043736982,20,-23.0385849373857
265,8,25,-65.0611964621421,25,22.9369237166051,25,19.5102065213676,25,-19.6009248003189
265,8,30,-70.1662360499945,30,33.5195679600662,30,20.3546548036789,30,-16.5335160556143
265,8,35,-76.4552945008074,35,43.660926476142,35,22.0017645244165,35,-14.080880332417
265,8,40,-83.7290778545301,40,52.6120558929137,40,24.4491075285028,40,-12.4051112693787
265,8,45,-91.3493441431684,45,59.9532653040739,45,27.5958565583472,45,-11.5160789440067
265,8,50,-98.5441637917103,50,65.6913159173946,50,31.2784165450176,50,-11.2442816070334
265,8,55,-104.760502264895,55,70.1493213653761,55,35.3070157329486,55,-11.2728215000241
265,8,60,-109.859377683352,60,73.7370563379055,60,39.4845457115718,60,-11.2206636508029
265,8,65,-114.063384431679,65,76.7475378529236,65,43.6113144478287,65,-10.7482655954821
265,8,70,-117.728781595848,70,79.2805189038601,70,47.4913248946212,70,-9.64595653861445
265,8,75,-121.104876525165,75,81.2939172063315,75,50.9500684095623,75,-7.87042823371964
265,8,80,-124.214657491095,80,82.7103054100771,80,53.8602817861735,80,-5.51601408031288
265,8,85,-126.889995504209,85,83.4999522212184,85,56.1637643913003,85,-2.73668919965581
265,8,90,-128.904708794188,90,83.7068890022495,90,57.8785164059428,90,0.343196700252389
270,8,0,-44.685344285534,0,-23.2331315613004,0,33.0502764633674,0,-33.6678361058825
270,8,5,-52.10882331401,5,-17.7440018513465,5,31.3234100445563,5,-30.5488675021867
270,8,10,-58.6499198339987,10,-11.6023326748395,10,29.9434986994314,10,-27.0406460813424
270,8,15,-64.3865054765379,15,-4.41786474505945,15,28.9072273299909,15,-23.2657222647144
270,8,20,-69.7474111881136,20,3.98961560486871,20,28.2793539539865,20,-19.3654954020629
270,8,25,-75.3906950634486,25,13.4135300617317,25,28.1992435215744,25,-15.5301928376192
270,8,30,-81.9277393308632,30,23.2436890494757,30,28.8285063177537,30,-11.9967496910191
270,8,35,-89.6128088719594,35,32.646397988634,35,30.2768322987239,35,-9.00061456756235
270,8,40,-98.1777782675568,40,40.8672785266914,40,32.5506081807355,40,-6.69832158109632
270,8,45,-106.930327291711,45,47.4985729113455,45,35.5466112881582,45,-5.09794346075722
270,8,50,-115.074117791804,50,52.5660588249392,50,39.0811797319524,50,-4.03328259771842
270,8,55,-122.063893291769,55,56.4034576718902,55,42.9285361602683,55,-3.19845629254419
270,8,60,-127.789971067037,60,59.4137842557577,60,46.8491844161747,60,-2.23382839309916
270,8,65,-132.508718160468,65,61.8700959108813,65,50.6077425320031,65,-0.832527486167067
270,8,70,-136.60058462919,70,63.852962895189,70,53.9900439312019,70,1.17358540651404
270,8,75,-140.324395873133,75,65.3158949645727,75,56.8252352412311,75,3.78342866435166
270,8,80,-143.701797039598,80,66.197483649583,80,59.0086320235217,80,6.86360829950779
270,8,85,-146.560697096582,85,66.5001127302435,85,60.5162421516428,85,10.2341313518931
270,8,90,-148.675701410421,90,66.3060247429037,90,61.4042850343277,90,13.7623066528778
275,8,0,-48.0097272951826,0,-28.2486461681957,0,43.3146561231903,0,-28.8054334318752
275,8,5,-56.3122111747574,5,-23.773825105342,5,41.1848522885232,5,-25.4643442507699
275,8,10,-63.8758751147633,10,-18.615980921844,10,39.4227884427669,10,-21.6977347261397
275,8,15,-70.7818627725975,15,-12.3833429736526,15,38.026840046509,15,-17.6310112771798
275,8,20,-77.4397993251474,20,-4.90818947407772,20,37.056499607855,20,-13.4041273992677
275,8,25,-84.4575882371047,25,3.58569590558029,25,36.6448499960917,25,-9.19938724132459
275,8,30,-92.3705324819567,30,12.4808564346519,30,36.9521654829007,30,-5.23904629136914
275,8,35,-101.350912482786,35,20.9570264797652,35,38.092636647061,35,-1.73998165909019
275,8,40,-111.068270372918,40,28.2925637776963,40,40.0769776437508,40,1.1578439345539
275,8,45,-120.803935766771,45,34.1174788474086,45,42.7967343991737,45,3.45352108545983
275,8,50,-129.769223890715,50,38.4814360482647,50,46.0473265735064,50,5.30470299016898
275,8,55,-137.443776691985,55,41.7163419545505,55,49.5684489223398,55,6.99062704279817
275,8,60,-143.741183964152,60,44.1999119712463,60,53.0825322654942,60,8.82925713147258
275,8,65,-148.929852558023,65,46.1704545691229,65,56.3255501691145,65,11.0786425302121
275,8,70,-153.393076406819,70,47.6813760028437,70,59.0735250905462,70,13.8609217493857
275,8,75,-157.391307982116,75,48.6778257824777,75,61.1665078837917,75,17.1404005745456
275,8,80,-160.95334033738,80,49.1105848636994,80,62.5262541370112,80,20.7649301774447
275,8,85,-163.921764543048,85,49.0090429798451,85,63.1624002017172,85,24.5512340322316
275,8,90,-166.09114625143,90,48.4885384300052,90,63.1649157173644,90,28.3748353954932
280,8,0,-50.6945414434083,0,-33.1016199502144,0,53.5389710368008,0,-21.5864673420723
280,8,5,-59.7136464238621,5,-29.6343155258355,5,50.9246237668487,5,-18.0372806474393
280,8,10,-68.1724343379304,10,-25.4445334711771,10,48.6754481571282,10,-14.0277213587106
280,8,15,-76.1570618288897,15,-20.1697223616452,15,46.8058678043089,15,-9.68955077683365
280,8,20,-84.0447765986949,20,-13.6790976173049,20,45.3808128782861,20,-5.16672998317221
280,8,25,-92.3677008366912,25,-6.21975546757909,25,44.5312539724716,25,-0.636183942125428
280,8,30,-101.558803740262,30,1.60018976395534,30,44.4138613701956,30,3.69812076004785
280,8,35,-111.696782164156,35,9.00642531350399,35,45.1411253118905,35,7.64670044204359
280,8,40,-122.400257933061,40,15.343615258001,40,46.7214953191877,40,11.0951969606307
280,8,45,-132.953067614506,45,20.3000299197079,45,49.0374456921359,45,14.0528624375373
280,8,50,-142.603718555817,50,23.951604663631,50,51.8642375345936,50,16.6619849226333
280,8,55,-150.870177067732,55,26.6182592888125,55,54.912685381824,55,19.1596230472983
280,8,60,-157.680946611301,60,28.6397588675194,60,57.876478627747,60,21.8037177003085
280,8,65,-163.294500070059,65,30.2112246629714,65,60.4735429904984,65,24.7904286864921
280,8,70,-168.076471670644,70,31.3546475723405,70,62.4789982930889,70,28.1945325880117
280,8,75,-172.281640343826,75,32.0027117030451,75,63.7486164221643,75,31.9575587969427
280,8,80,-175.954222087719,80,32.1113109842888,80,64.2303967711785,80,35.9293674320552
280,8,85,-178.96933973589,85,31.7272016001882,85,63.9631086836288,85,39.9451292123158
280,8,90,-181.159715729624,90,30.9894763840414,90,63.0634310862361,90,43.9033636356887
285,8,0,-52.9880213213493,0,-37.6830367059665,0,63.3555231631092,0,-12.073206831387
285,8,5,-62.5370001160054,5,-35.1683223867784,5,60.186449191281,5,-8.33261124513606
285,8,10,-71.7394553444371,10,-31.8931656682785,10,57.3578952742537,10,-4.1060826243686
285,8,15,-80.6830093818687,15,-27.5519663811977,15,54.912892820304,15,0.467229783747905
285,8,20,-89.6958000216026,20,-22.0687504848823,20,52.9319491701542,20,5.23791969644943
285,8,25,-99.2102193109959,25,-15.7133466118621,25,51.5482741831884,25,10.0353244819281
285,8,30,-109.537440091685,30,-9.06530527369599,30,50.9125524073925,30,14.6783013638199
285,8,35,-120.658773455626,35,-2.82398079281262,35,51.1284789663772,35,19.0114797425459
285,8,40,-132.157078193399,40,2.44734338768797,40,52.1946412220067,40,22.9512468248422
285,8,45,-143.345323866815,45,6.50820061907827,45,53.9808387002866,45,26.5167062808286
285,8,50,-153.533251874534,50,9.46030828854703,50,56.2452988011614,50,29.8274514267385
285,8,55,-162.286674180786,55,11.6043594493404,55,58.6796409653177,55,33.0659279759578
285,8,60,-169.54121241385,60,13.236115872622,60,60.9621965914637,60,36.4173180367999
285,8,65,-175.52736755292,65,14.5058391506782,65,62.8056728827102,65,40.0085114396154
285,8,70,-180.57643889155,70,15.4041745443225,70,63.9927103847674,70,43.8688160427421
285,8,75,-184.931231921331,75,15.8483190004403,75,64.3968793136479,75,47.9283615527905
285,8,80,-188.657587354135,80,15.7906209192423,80,63.9886420941257,80,52.0560893424543
285,8,85,-191.677401104362,85,15.2823344162111,85,62.8284787958217,85,56.1222464481761
285,8,90,-193.87624842092,90,14.4729923591962,90,61.0513090195598,90,60.0587749593278
290,8,0,-55.0972475205648,0,-41.9018107610057,0,72.3877365956514,0,-0.457245172928386
290,8,5,-64.9700872416631,5,-40.2456801587955,5,68.6130351558818,5,3.45757617791853
290,8,10,-74.7403169899318,10,-37.8049260339682,10,65.1348761911817,10,7.8670439608272
290,8,15,-84.4878649265314,15,-34.3516904363,15,62.0345540234131,15,12.6261544495251
290,8,20,-94.473578228533,20,-29.8733415780385,20,59.4163058721458,20,17.5827951672138
290,8,25,-105.011416647848,25,-24.6546651664767,25,57.4189146495162,25,22.5767006978349
290,8,30,-116.281117500425,30,-19.2264775243072,30,56.1843299032816,30,27.4541935976591
290,8,35,-128.171384159928,35,-14.1902879164904,35,55.8004626333239,35,32.0973749198439
290,8,40,-140.246512036499,40,-10.0014311111988,40,56.2492123625277,40,36.4536610202826
290,8,45,-151.870176348142,45,-6.82434674755639,45,57.3858495954929,45,40.5485359154596
290,8,50,-162.42992378676,50,-4.53486736714661,50,58.9573539347725,50,44.4726625739762
290,8,55,-171.545165828833,55,-2.85603021139217,55,60.6487061031793,55,48.3471947998316
290,8,60,-179.153548183039,60,-1.53639073597011,60,62.1382836519465,60,52.2801348560616
290,8,65,-185.446424330381,65,-0.466390813890364,65,63.1468000360403,65,56.328990602074
290,8,70,-190.71013563628,70,0.317690864747565,70,63.4716116058727,70,60.4824513751247
290,8,75,-195.170751709019,75,0.717148379359774,75,63.0040522229106,75,64.6680189733133
290,8,80,-198.918606086889,80,0.673069977851378,80,61.7312771660831,80,68.7839353516598
290,8,85,-201.930598337906,85,0.227513594824609,85,59.7269314420671,85,72.7441004668086
290,8,90,-204.153814300182,90,-0.475498908555031,90,57.1356183821646,90,76.5182409569355
295,8,0,-57.1692871091807,0,-45.7106653498754,0,80.2765404952933,0,12.9164683819895
295,8,5,-67.1418301411533,5,-44.792735439806,5,75.8740047440746,5,16.9899440590768
295,8,10,-77.2725124204566,10,-43.0897020734177,10,71.7084770176364,10,21.5447244655209
295,8,15,-87.6209274349993,15,-40.4617487806741,15,67.9049081044955,15,26.4337401422942
295,8,20,-98.3650593172006,20,-36.9577805538526,20,64.5959439699547,20,31.5079946325873
295,8,25,-109.690892340956,25,-32.8643061737794,25,61.9273128376541,25,36.6234675317456
295,8,30,-121.648850277017,30,-28.6453961850857,30,60.0293923938159,30,41.6572831040781
295,8,35,-134.047911114894,35,-24.7905085752559,35,58.9689896455712,35,46.5283052798427
295,8,40,-146.451200427649,40,-21.6418858414211,40,58.7073140429174,40,51.2107264666281
295,8,45,-158.287919182252,45,-19.2910248772208,45,59.0863112463029,45,55.7310226694727
295,8,50,-169.031855057407,50,-17.5971193085646,50,59.8498477936304,50,60.1474800256123
295,8,55,-178.358339807661,55,-16.3094447985287,55,60.6898049550053,55,64.5205816039103
295,8,60,-186.205539477459,60,-15.217273264976,60,61.2995077756071,60,68.8859732990859
295,8,65,-192.722436839774,65,-14.2436417099134,65,61.4194007456661,65,73.2390574224968
295,8,70,-198.146857661953,70,-13.4436773141817,70,60.8671340694852,70,77.5350821839659
295,8,75,-202.685416350005,75,-12.9287238466565,75,59.550856642642,75,81.70394558384
295,8,80,-206.451990853811,80,-12.7732181038363,80,57.4687832180709,80,85.6752456569123
295,8,85,-209.479144021514,85,-12.9558394848569,85,54.700133351567,85,89.4059639996131
295,8,90,-211.776033858272,90,-13.3541836849587,90,51.3918013939885,90,92.9013362369001
300,8,0,-59.2613424890622,0,-49.1335672290691,0,86.7028572437765,0,27.5394443193981
300,8,5,-69.0884669905995,5,-48.8200380103675,5,81.6886806275896,5,31.7600478765074
300,8,10,-79.3301085799464,10,-47.7485864374023,10,76.8408217261468,10,36.4248858709499
300,8,15,-90.0135011827136,15,-45.8652340031281,15,72.3274837228939,15,41.3901594293652
300,8,20,-101.225541331305,20,-43.2692272521933,20,68.3096835336811,20,46.5169535986429
300,8,25,-113.026820779019,25,-40.2333315084707,25,64.9391425224231,25,51.6827893504746
300,8,30,-125.352514114058,30,-37.1425296607348,30,62.332552176162,30,56.7962119758778
300,8,35,-137.951193109833,35,-34.3706183225857,35,60.5336228446111,35,61.8082068719679
300,8,40,-150.400790962487,40,-32.1522150851587,40,59.483317971715,40,66.7124263865557
300,8,45,-162.203765856426,45,-30.5156791323329,45,59.0151414038819,45,71.5309038932757
300,8,50,-172.921081293842,50,-29.3113070833613,50,58.8794800242551,50,76.2900818216685
300,8,55,-182.283331029134,55,-28.3160217672237,55,58.7876421362247,55,80.9976216208061
300,8,60,-190.230889165218,60,-27.3543786867899,60,58.4600873902623,60,85.6297476011577
300,8,65,-196.874226481913,65,-26.3722443431398,65,57.6657944326686,65,90.1330165482218
300,8,70,-202.405624790298,70,-25.4333504548437,70,56.2465981315643,70,94.437910212094
300,8,75,-207.011629808271,75,-24.6547805469989,75,54.1267775248568,75,98.4781415672862
300,8,80,-210.825064082032,80,-24.1258180957797,80,51.3119013521508,80,102.209463312951
300,8,85,-213.926908676933,85,-23.8526009247534,85,47.8817287306052,85,105.623317854793
300,8,90,-216.380032977134,90,-23.7474519607951,90,43.9800494964591,90,108.752276532702
305,8,0,-61.2981284574873,0,-52.2838105854026,0,91.4046158738529,0,42.7469386844882
305,8,5,-70.7102003792534,5,-52.4359848247774,5,85.839869285292,5,47.1104122387983
305,8,10,-80.7630500759318,10,-51.881362567393,10,80.3644285916145,10,51.8592791505984
305,8,15,-91.4447392924787,15,-50.6377558188384,15,75.1825045891129,15,56.8587813859763
305,8,20,-102.75392537661,20,-48.8369396828533,20,70.4781984782128,20,61.9860752116042
305,8,25,-114.641459703575,25,-46.7237872470145,25,66.4062027832784,25,67.1429539799769
305,8,30,-126.951549331403,30,-44.6000365049257,30,63.0690109352786,30,72.2665761461665
305,8,35,-139.395650498991,35,-42.7312259112918,35,60.4895564150575,35,77.3324933365692
305,8,40,-151.579972616805,40,-41.2591298510097,40,58.593941087023,40,82.3454993944655
305,8,45,-163.081753655656,45,-40.1638760248844,45,57.215438590607,45,87.319423301371
305,8,50,-173.544180130489,50,-39.2958888114949,50,56.1209651485322,50,92.2535260989538
305,8,55,-182.749988722929,55,-38.4608084538197,55,55.0513203341675,55,97.1159691592399
305,8,60,-190.645261870858,60,-37.5130284814596,60,53.7623682292441,60,101.841708374135
305,8,65,-197.310395638784,65,-36.4120786166298,65,52.0569468737139,65,106.345126703696
305,8,70,-202.899513729682,70,-35.2200083250503,70,49.8034282288502,70,110.541203389017
305,8,75,-207.5798434542,75,-34.0505627661524,75,46.9424078708668,75,114.36652336464
305,8,80,-211.495441441125,80,-33.0024687191028,80,43.4857236744744,80,117.793330745331
305,8,85,-214.761659367775,85,-32.1098305429009,85,39.5116673123351,85,120.833909378831
305,8,90,-217.478866066949,90,-31.326945073053,90,35.1576780157491,90,123.536135136788
310,8,0,-63.0238450254056,0,-55.3586702747702,0,94.1886852188249,0,57.7445142232893
310,8,5,-71.7286745762599,5,-55.8336770605962,5,88.17802389135,5,62.2575976132844
310,8,10,-81.2459934412734,10,-55.666368849601,10,82.178505632662,10,67.0802181808074
310,8,15,-91.5262381804354,15,-54.9241249471712,15,76.4166429883934,15,72.0914973061907
310,8,20,-102.49486711437,20,-53.7509293424607,20,71.0896756175089,20,77.1880633410857
310,8,25,-114.020066782616,25,-52.3537759199887,25,66.3508287108537,25,82.2952014954299
310,8,30,-125.886296175351,30,-50.9556821181778,30,62.2898159097648,30,87.3728444487145
310,8,35,-137.79246492166,35,-49.7306565130065,35,58.9151021441137,35,92.4122678022639
310,8,40,-149.383569683716,40,-48.7490980259176,40,56.1472784906924,40,97.4219811112725
310,8,45,-160.308620841908,45,-47.9608002645794,45,53.8296545765615,45,102.40637342591
310,8,50,-170.284270960736,50,-47.2258285957047,50,51.7549783450855,50,107.345220781954
310,8,55,-179.140330999954,55,-46.3797391784354,55,49.7006100157231,55,112.182982239986
310,8,60,-186.83203976882,60,-45.3026101126764,60,47.4622272418199,60,116.832883215176
310,8,65,-193.419319166087,65,-43.9609421092738,65,44.8787375642131,65,121.194163805367
310,8,70,-199.026728063476,70,-42.4071257350261,70,41.846102366897,70,125.175280796594
310,8,75,-203.802812824028,75,-40.7428409065273,75,38.3220864719542,75,128.714163181031
310,8,80,-207.892800582366,80,-39.0680908962356,80,34.325666760256,80,131.789142185203
310,8,85,-211.428028183536,85,-37.439715080678,85,29.9338525501781,85,134.418867512078
310,8,90,-214.525413079379,90,-35.8538693478772,90,25.2760678137673,90,136.6536220106
315,8,0,-63.9655723934691,0,-58.5997823022977,0,94.9395515449576,0,71.6526911383518
315,8,5,-71.6624895045869,5,-59.2441696991407,5,88.6191616477773,5,76.3358986772088
315,8,10,-80.2725772297876,10,-59.30976680722,10,82.235883557541,10,81.2420533473422
315,8,15,-89.7187296458656,15,-58.8888341995928,15,76.0206948313054,15,86.2668346503324
315,8,20,-99.878085382996,20,-58.1192409325535,20,70.1711932898425,20,91.3264781330995
315,8,25,-110.570477765679,25,-57.1658395951703,25,64.834076354824,25,96.3658189259084
315,8,30,-121.554517820891,30,-56.1845013697962,30,60.0890891186616,30,101.360031392419
315,8,35,-132.53994085808,35,-55.2801321868049,35,55.9388241085831,35,106.307696735834
315,8,40,-143.218185860456,40,-54.4761129813582,40,52.3094708252227,40,111.215642778903
315,8,45,-153.304442517322,45,-53.7102028400633,45,49.0648413366733,45,116.079824291497
315,8,50,-162.578306856957,50,-52.8610815937288,50,46.0312570904817,50,120.869233279606
315,8,55,-170.910107594932,55,-51.7956424813468,55,43.026989128294,55,125.519526619112
315,8,60,-178.265877216354,60,-50.4174785481187,60,39.8890587471467,60,129.939428051368
315,8,65,-184.692532131632,65,-48.6970309251321,65,36.492477638073,65,134.027693346255
315,8,70,-190.291625785101,70,-46.6732818883314,70,32.7607505853753,70,137.694218052513
315,8,75,-195.192014874141,75,-44.4301683762658,75,28.6695008042605,75,140.877761533134
315,8,80,-199.528754851668,80,-42.0609857862008,80,24.2460692201913,80,143.554988172497
315,8,85,-203.429864768089,85,-39.6365341984214,85,19.5668756770556,85,145.739553961226
315,8,90,-207.007623121234,90,-37.1879017700457,90,14.7522286691568,90,147.473588276559
320,8,0,-63.4302261147376,0,-62.2193654821981,0,93.6267160684835,0,83.5647580645002
320,8,5,-69.838978086611,5,-62.8610309017797,5,87.1425184946039,5,88.452049212643
320,8,10,-77.1871990367707,10,-62.972944982518,10,80.5303925464792,10,93.4715722294163
320,8,15,-85.3858610591987,15,-62.650853576758,15,74.0076942969881,15,98.5354671321186
320,8,20,-94.2930676631948,20,-62.0137855814537,20,67.7594853670319,20,103.576747726383
320,8,25,-103.71581872444,25,-61.1860474375405,25,61.9210791714315,25,108.55393449619
320,8,30,-113.418777801963,30,-60.2719883473618,30,56.5653296485753,30,113.449855009764
320,8,35,-123.142511314849,35,-59.3310231378869,35,51.6973981460128,35,118.263642708424
320,8,40,-132.629977383576,40,-58.362589254458,40,47.2592375415352,40,122.997260977705
320,8,45,-141.656021523277,45,-57.3084015505948,45,43.143879291063,45,127.640360820163
320,8,50,-150.05250854969,50,-56.0729934251309,50,39.216752966588,50,132.158654361569
320,8,55,-157.722720206812,55,-54.5559409435964,55,35.3392365529665,55,136.490270000596
320,8,60,-164.64229961156,60,-52.6841633035644,60,31.3895063766568,60,140.551786857136
320,8,65,-170.848467915211,65,-50.4328603571443,65,27.2774781706177,65,144.252002355281
320,8,70,-176.422360227884,70,-47.8288294057869,70,22.953143461274,70,147.508669582845
320,8,75,-181.469914332864,75,-44.9373517390323,75,18.4095705965652,75,150.262721771265
320,8,80,-186.105003516777,80,-41.8398855477392,80,13.6824284460118,80,152.486033855524
320,8,85,-190.435762054581,85,-38.6119095305923,85,8.84713884106431,85,154.181590262229
320,8,90,-194.552953307151,90,-35.3081889755869,90,4.01342145726724,90,155.377578065498
325,8,0,-60.5545690565122,0,-66.3082468723481,0,90.3115782418046,0,92.6098156080547
325,8,5,-65.4545502227651,5,-66.7548606692376,5,83.7933045226041,5,97.7435232982682
325,8,10,-71.2572573286235,10,-66.6978358912008,10,77.0947323307072,10,102.920656043293
325,8,15,-77.8780672870206,15,-66.2220749514371,15,70.4054012464148,15,108.067218699658
325,8,20,-85.1829595230825,20,-65.4222124284156,20,63.8876866465777,20,113.128228043209
325,8,25,-92.9963408266577,25,-64.3882864795469,25,57.6617277833686,25,118.069555291956
325,8,30,-101.11431560204,30,-63.1895266979712,30,51.7957994675103,30,122.875288014283
325,8,35,-109.322903420646,35,-61.8606724450338,35,46.3037568968179,35,127.540489212585
325,8,40,-117.419021925646,40,-60.3956399733972,40,41.1502559884433,40,132.060767155249
325,8,45,-125.230618636575,45,-58.7516516929127,45,36.2629220847605,45,136.421459792592
325,8,50,-132.631999767528,50,-56.8635400577739,50,31.5490417732571,50,140.589800295392
325,8,55,-139.551482902138,55,-54.6642209227161,55,26.9134017394463,55,144.512743768545
325,8,60,-145.9705743457,60,-52.104994364164,60,22.274039859414,60,148.121336933671
325,8,65,-151.916029071328,65,-49.1694897890511,65,17.5737974327908,65,151.340302856031
325,8,70,-157.447500677934,70,-45.8776446649221,70,12.7870753851044,70,154.099825853722
325,8,75,-162.643623914853,75,-42.2798655787832,75,7.92238507716504,75,156.346046225201
325,8,80,-167.588523849796,80,-38.4447733580378,80,3.02170214027204,80,158.047607955049
325,8,85,-172.359585229604,85,-34.4454020494597,85,-1.84268996010123,85,159.197238955064
325,8,90,-177.01656021345,90,-30.3481110995157,90,-6.57380554182022,90,159.808982489174
330,8,0,-54.4162155127251,0,-70.7556125065735,0,85.1527270200652,0,98.0129588047232
330,8,5,-57.684932301746,5,-70.8062909758093,5,78.6920590453745,5,103.434020828813
330,8,10,-61.7794381534951,10,-70.355610614043,10,72.0132873005469,10,108.816375373967
330,8,15,-66.6320383579293,15,-69.4712488490867,15,65.2706889752757,15,114.095868104812
330,8,20,-72.1354543848949,20,-68.2242937541194,20,58.5986197819712,20,119.22415757996
330,8,25,-78.1513640065066,25,-66.6793760056477,25,52.1001316678974,25,124.168853577848
330,8,30,-84.522713304322,30,-64.8851156159972,30,45.8401035945861,30,128.910688236799
330,8,35,-91.0884385473132,35,-62.8671756399803,35,39.8438403333348,35,133.43796986899
330,8,40,-97.6986056747729,40,-60.6260447388167,40,34.1012398555585,40,137.739418722186
330,8,45,-104.227666608776,45,-58.140638100348,45,28.5756394257197,45,141.797145396912
330,8,50,-110.583776956478,50,-55.377174883027,50,23.2155945105973,50,145.581699190014
330,8,55,-116.712923132805,55,-52.3011507615231,55,17.9674136559333,55,149.050638486085
330,8,60,-122.59771521329,60,-48.8892414225752,60,12.7864131058178,60,152.151073433016
330,8,65,-128.251724544622,65,-45.1380653665752,65,7.64547696856927,65,154.825456164705
330,8,70,-133.710852269918,70,-41.0678614548809,70,2.54032678364884,70,157.01898671543
330,8,75,-139.023293676737,75,-36.7208177237128,75,-2.50841181067325,75,158.68668744068
330,8,80,-144.239349533423,80,-32.1553427252808,80,-7.45591564917896,80,159.798535687119
330,8,85,-149.401913888961,85,-27.438443941649,85,-12.2362091606897,85,160.341820614173
330,8,90,-154.538204808395,90,-22.6383736614063,90,-16.7672564075918,90,160.320744844054
335,8,0,-44.1957044483148,0,-75.2145773372275,0,78.4070544964572,0,99.1482919830716
335,8,5,-45.8338037173494,5,-74.6863883320141,5,72.0469593189095,5,104.883828359859
335,8,10,-48.2077143170812,10,-73.6414488175675,10,65.4455445943701,10,110.508142767789
335,8,15,-51.272938528996,15,-72.1302750824269,15,58.7217302072291,15,115.962869884217
335,8,20,-54.9571846328311,20,-70.2052993774148,20,51.9819230859969,20,121.20171104641
335,8,25,-59.1668388743356,25,-67.9148437122027,25,45.3125197864901,25,126.189956053077
335,8,30,-63.7957604986356,30,-65.2979064300007,30,38.7753952994148,30,130.902268935919
335,8,35,-68.7352307499766,35,-62.3807982829836,35,32.4069244671661,35,135.319054500981
335,8,40,-73.8836832835987,40,-59.1764388885414,40,26.2205086202272,40,139.422106040599
335,8,45,-79.1548693468037,45,-55.6866011676095,45,20.2120065829582,45,143.190491474541
335,8,50,-84.4833933224235,50,-51.9066977785005,50,14.3670221565364,50,146.597651882743
335,8,55,-89.8270401643676,55,-47.8320574044555,55,8.66878613353356,55,149.610424259138
335,8,60,-95.1658816582452,60,-43.4642642856306,60,3.10542989505223,60,152.190222461843
335,8,65,-100.49864438319,65,-38.8161661279796,65,-2.32426794905156,65,154.29606482273
335,8,70,-105.837136768839,70,-33.9145776724381,70,-7.60718576513172,70,155.888699435026
335,8,75,-111.199633673977,75,-28.8003605800231,75,-12.7143630470881,75,156.934880278473
335,8,80,-116.604054205098,80,-23.5262137386759,80,-17.6015866802921,80,157.410924965642
335,8,85,-122.061635601586,85,-18.1529578638701,85,-22.2117967313714,85,157.304972079417
335,8,90,-127.571684797425,90,-12.7452459126695,90,-26.4789761815828,90,156.617724775185
340,8,0,-29.360819675958,0,-79.1373449296631,0,70.4234278086316,0,95.5865652681742
340,8,5,-29.4960890933355,5,-77.9015371874447,5,64.1615938311245,5,101.638114176288
340,8,10,-30.2871686858062,10,-76.1259971636718,10,57.6483853834713,10,107.516488224192
340,8,15,-31.7128319177929,15,-73.8480383463407,15,50.9730302533352,15,113.166178183137
340,8,20,-33.734414770861,20,-71.1077414199577,20,44.2184372948743,20,118.540099041884
340,8,25,-36.2995888788073,25,-67.9446592761665,25,37.4569216836182,25,123.59924099728
340,8,30,-39.3473659744827,30,-64.3951344102346,30,30.7475320519324,30,128.311409491237
340,8,35,-42.8136528341084,35,-60.4906373915722,35,24.1352649202384,35,132.649290432895
340,8,40,-46.6366092953843,40,-56.2573935768563,40,17.6521548490571,40,136.588216103051
340,8,45,-50.7611160254054,45,-51.7173418162215,45,11.3199441714808,45,140.104083580418
340,8,50,-55.1418236532965,50,-46.8902110115337,50,5.15381695137054,50,143.171859061943
340,8,55,-59.7444962527796,55,-41.7962745404574,55,-0.833433717840958,55,145.764982416741
340,8,60,-64.5456288876025,60,-36.4592119660624,60,-6.62743498876492,60,147.855792231692
340,8,65,-69.5305580931792,65,-30.9085088063224,65,-12.208988230646,65,149.416872487301
340,8,70,-74.6904567426193,70,-25.1809547902078,70,-17.5519101711615,70,150.423035572209
340,8,75,-80.0186952882954,75,-19.3210168169012,75,-22.622137902476,75,150.853548099098
340,8,80,-85.5070674465767,80,-13.3801007609973,80,-27.3781036776277,80,150.694194577999
340,8,85,-91.1423408558348,85,-7.41491430515201,85,-31.7722472176766,85,149.938847956544
340,8,90,-96.9035229586696,90,-1.48526147534117,90,-35.7534283204856,90,148.590342262042
345,8,0,-9.83072439104857,0,-81.8807208289581,0,61.6257473308908,0,87.143048688781
345,8,5,-8.70233648567268,5,-79.8980989068334,5,55.429792547892,5,93.4787910993088
345,8,10,-8.17262007498152,10,-77.354915876936,10,48.9831848217859,10,99.5894887682546
345,8,15,-8.2393074769084,15,-74.2807128812946,15,42.3540465064447,15,105.421147680089
345,8,20,-8.88987757127267,20,-70.7090592522412,20,35.6085160413767,20,110.925207213002
345,8,25,-10.103207697534,25,-66.6759552441271,25,28.80863807936,25,116.058593789874
345,8,30,-11.8517607997216,30,-62.2185101876661,30,22.010926704827,30,120.783352649343
345,8,35,-14.104021012112,35,-57.3740389388258,35,15.2657243103799,35,125.065978033044
345,8,40,-16.8268669577294,40,-52.1796571468414,40,8.6173628860186,40,128.876603393792
345,8,45,-19.9875948867812,45,-46.6723767764884,45,2.10502223618544,45,132.188229865237
345,8,50,-23.555367888731,50,-40.8896212030676,50,-4.23591066525972,50,134.976157423538
345,8,55,-27.5019601824474,55,-34.8700102885015,55,-10.3722320096085,55,137.217739724369
345,8,60,-31.8017701526275,60,-28.654224521567,60,-16.2713258985551,60,138.892518451938
345,8,65,-36.4311751743017,65,-22.2857519202171,65,-21.8998230656697,65,139.982719498318
345,8,70,-41.3673813000141,70,-15.8113518568906,70,-27.2226974987272,70,140.474026592378
345,8,75,-46.5869729125226,75,-9.28112795355543,75,-32.2029108940776,75,140.356501077562
345,8,80,-52.0643886221317,80,-2.74817386886262,80,-36.801635039404,80,139.625496900898
345,8,85,-57.7705418125114,85,3.73217403656389,85,-40.9790070638251,85,138.282428262253
345,8,90,-63.6717718434481,90,10.1033870906476,90,-44.6953096013746,90,136.335278596485
350,8,0,13.9249392959257,0,-82.8556444017644,0,52.4830745480255,0,73.928074999061
350,8,5,15.9936027218122,5,-80.1984339812647,5,46.3113393218556,5,80.4813918072075
350,8,10,17.4961126439233,10,-76.9681251256335,10,39.8972913375047,10,86.7672834201551
350,8,15,18.4221481207135,15,-73.1915904968043,15,33.2966122610689,15,92.7332427079468
350,8,20,18.7677009809858,20,-68.9003620744813,20,26.5654343311304,20,98.3302578588191
350,8,25,18.5346380092725,25,-64.1299537899978,25,19.7593897748234,25,103.513167007061
350,8,30,17.7300780285094,30,-58.9192293178875,30,12.9328531300851,30,108.240854133781
350,8,35,16.365664187712,35,-53.3098582423942,35,6.13841514344379,35,112.47632095794
350,8,40,14.4568188856081,40,-47.3458860059265,40,-0.573403564851495,40,116.186680137892
350,8,45,12.0220640852636,45,-41.0734226163596,45,-7.15422122431231,45,119.343118822601
350,8,50,9.08247437044309,50,-34.5404350052339,50,-13.5576940374148,50,121.920877912252
350,8,55,5.66130662056291,55,-27.7966112135825,55,-19.7393116057199,55,123.899281974604
350,8,60,1.78382235750816,60,-20.8932537532388,60,-25.6561624311232,60,125.261839414501
350,8,65,-2.5227092482219,65,-13.8831560605583,65,-31.2667406851213,65,125.996414839411
350,8,70,-7.22886421078831,70,-6.82042013896692,70,-36.5308535365485,70,126.095458566573
350,8,75,-12.3028268144555,75,0.239815819838253,75,-41.409669442898,75,125.556264602487
350,8,80,-17.7101268755706,80,7.24175597230426,80,-45.8659250157584,80,124.381220179572
350,8,85,-23.4134156537657,85,14.1294308986995,85,-49.8642846627462,85,122.578007993415
350,8,90,-29.372337096601,90,20.8472708906848,90,-53.3718262542805,90,120.159726461226
355,8,0,40.8846860249981,0,-81.6751558263672,0,43.4665815522828,0,56.3919719846377
355,8,5,43.5152198403659,5,-78.5253716050179,5,37.2871997457773,5,63.0673211172618
355,8,10,45.5931058629735,10,-74.7998850462259,10,30.8774956632439,10,69.4429459264785
355,8,15,47.1019420512689,15,-70.5264765658333,15,24.2875454643746,15,75.4683180736228
355,8,20,48.0300135135449,20,-65.7374544272688,20,17.5687688932881,20,81.0956235275321
355,8,25,48.3703315551631,25,-60.4693540420699,25,10.7734438535326,25,86.280180651223
355,8,30,48.120613708205,30,-54.762603143256,30,3.95423838610452,30,90.9808141412373
355,8,35,47.2832142727757,35,-48.6611616437614,35,-2.83623121683368,35,95.1601845856648
355,8,40,45.8650162366316,40,-42.2121434583318,40,-9.5458110060644,40,98.785075364747
355,8,45,43.8772954990759,45,-35.4654256294624,45,-16.1231872030749,45,101.826639825035
355,8,50,41.3355671713325,50,-28.4732480611028,50,-22.5182331363599,50,104.2606120595
355,8,55,38.2594215743651,55,-21.2898053240464,55,-28.6823297960355,55,106.067484276734
355,8,60,34.6723547384026,60,-13.9708306020099,60,-34.5686661637133,60,107.232652795143
355,8,65,30.6015951258089,65,-6.57317106521257,65,-40.1325260001944,65,107.74653337754
355,8,70,26.0779253610658,70,0.845646142908838,70,-45.3315671942802,70,107.604645189272
355,8,75,21.1354953254143,75,8.22785757569235,75,-50.1260982485698,75,106.807661377653
355,8,80,15.8116213364969,80,15.5159160172395,80,-54.4793542699379,80,105.361423350735
355,8,85,10.1465654424438,85,22.6529497026493,85,-58.3577722790443,85,103.276915428654
355,8,90,4.1832891400927,90,29.5832245694931,90,-61.7312631095357,90,100.57019671364
360,8,0,69.579504872854,0,-78.2532968810282,0,34.9967704441369,0,35.3438364599887
360,8,5,72.364903372014,5,-74.8751011428576,5,28.7993437395752,5,42.0295667037815
360,8,10,74.5995612613896,10,-70.9270606741676,10,22.3827366396362,10,48.3954265668123
360,8,15,76.2664714451194,15,-66.439222446817,15,15.7957833988036,15,54.3929680117121
360,8,20,77.3529477301973,20,-61.4457416195468,20,9.08861470855127,20,59.9765461266707
360,8,25,77.8507213760616,25,-55.9846215965987,25,2.31227617251131,25,65.1036665107767
360,8,30,77.7560040247032,30,-50.0974247988617,30,-4.48166018139197,30,69.735308682067
360,8,35,77.0695165323579,35,-43.8289563487531,35,-11.2414883952145,35,73.8362230469562
360,8,40,75.796483483355,40,-37.2269230761832,40,-17.9157620945531,40,77.3751991709276
360,8,45,73.9465934278757,45,-30.3415704407728,45,-24.4536860265193,45,80.3253033087856
360,8,50,71.5339251462363,50,-23.225300133567,50,-30.8055026422843,50,82.6640833867195
360,8,55,68.5768405008692,55,-15.932271268525,55,-36.9228707820705,55,84.3737398761422
360,8,60,65.097844691462,60,-8.51798819896119,60,-42.7592335805662,60,85.4412612588504
360,8,65,61.1234149767995,65,-1.03887809590138,65,-48.2701727927827,65,85.8585230525347
360,8,70,56.6837991668364,70,6.44813849675996,70,-53.4137468437188,70,85.6223496429955
360,8,75,51.8127854186001,75,13.8860808619685,75,-58.1508100290721,75,84.7345384524849
360,8,80,46.5474450879129,80,21.2183417671726,80,-62.445310437685,80,83.2018462602377
360,8,85,40.927850593991,85,28.3891182795435,85,-66.2645643283578,85,81.0359377793017
360,8,90,34.996770444137,90,35.3438364599888,90,-69.579504872854,90,78.2532968810282
