"Theta [deg]","Freq [GHz]","Phi [deg]","re(rETheta) [mV]","Phi [deg]","im(rETheta) [mV]","Phi [deg]","re(rEPhi) [mV]","Phi [deg]","im(rEPhi) [mV]"
0,8,0,-29.5446925609695,0,-40.0348529038298,0,-64.9195321393543,0,70.3097956200351
0,8,5,-35.0903761284243,5,-33.754605741978,5,-62.0975040954189,5,73.5315129612198
0,8,10,-40.3690007453934,10,-27.2174656488415,10,-58.8028765498193,10,76.1936110892281
0,8,15,-45.340392891221,15,-20.4731842077622,15,-55.0607236075279,15,78.2758298298871
0,8,20,-49.9667172698686,20,-13.5730894728153,20,-50.8995253120093,20,79.7623222413024
0,8,25,-54.2127647593638,25,-6.56969533132469,25,-46.3509508948926,25,80.6417752186544
0,8,30,-58.0462203744778,30,0.483698158527786,30,-41.4496177539965,30,80.9074955937572
0,8,35,-61.437909203276,35,7.53341041332889,35,-36.2328279940289,35,80.55746107411
0,8,40,-64.3620184458133,40,14.525788866087,40,-30.740284535047,40,79.5943356337639
0,8,45,-66.7962938651287,45,21.4076172946631,45,-25.0137889492622,45,78.0254492388711
0,8,50,-68.7222091554255,50,28.126520829354,50,-19.0969233258348,50,75.862742062216
0,8,55,-70.1251069384451,55,34.631364557276,55,-13.0347185848602,55,73.1226736112914
0,8,60,-70.9943103149659,60,40.8726426899274,60,-6.8733117648765,60,69.8260974615074
0,8,65,-71.3232041224532,65,46.802855332132,65,-0.659594892143008,65,65.9981025478909
0,8,70,-71.1092852804404,70,52.3768699849225,70,5.55914189599398,70,61.6678222231411
0,8,75,-70.3541818404832,75,57.5522650311089,75,11.7355702576008,75,56.868212535224
0,8,80,-69.0636405957034,80,62.2896525894008,80,17.8226838434162,80,51.6358014119483
0,8,85,-67.247483344224,85,66.5529782799667,85,23.7741560435525,85,46.0104106613784
0,8,90,-64.9195321393543,90,70.3097956200352,90,29.5446925609694,90,40.0348529038298
5,8,0,-53.1550355233151,0,-43.7947848255209,0,-71.3226427890568,0,46.6429525850806
5,8,5,-58.5770167001383,5,-37.6853480021018,5,-68.560418377273,5,49.8483719667336
5,8,10,-63.7682995903753,10,-31.3146580461246,10,-65.3491829309564,10,52.5165789878451
5,8,15,-68.692703043608,15,-24.7287562363524,15,-61.7097086290323,15,54.6240777403161
5,8,20,-73.3152034415286,20,-17.9760872547355,20,-57.6653588695773,20,56.1511839204984
5,8,25,-77.6020649447517,25,-11.1072061008987,25,-53.2421282513009,25,57.0823740025592
5,8,30,-81.5210171273376,30,-4.17441651677657,30,-48.4686903153251,30,57.4066104035637
5,8,35,-85.0414839293672,35,2.76865472342962,35,-43.3764368935446,35,57.11762587634
5,8,40,-88.1348629422005,40,9.6675390111661,40,-37.9994920683087,40,56.2141523482873
5,8,45,-90.7748490643317,45,16.4674505714969,45,-32.3746844167344,45,54.7000825169514
5,8,50,-92.9377920005946,50,23.1138403966286,50,-26.5414633493248,50,52.5845563125832
5,8,55,-94.6030733584494,55,29.5529643376748,55,-20.5417487556046,55,49.881968386463
5,8,60,-95.7534865644108,60,35.7324505594529,60,-14.4197075008484,60,46.6118966366187
5,8,65,-96.3756016881368,65,41.6018528746195,65,-8.2214551436783,65,42.798955069989
5,8,70,-96.4600975683059,70,47.1131784665065,70,-1.99468609054014,70,38.4725767755629
5,8,75,-96.0020452691302,75,52.2213808229581,75,4.21176018229933,75,33.6667343486787
5,8,80,-95.0011296063615,80,56.8848109928396,80,10.3483855988189,80,28.4196058121531
5,8,85,-93.4617989173531,85,61.0656222715718,85,16.3655588509284,85,22.773194096206
5,8,90,-91.3933370189755,90,64.7301249599727,90,22.2140644764743,90,16.7729077132188
10,8,0,-71.2800174741653,0,-43.6815044145209,0,-76.6972488299433,0,22.3093141743144
10,8,5,-76.502405221551,5,-37.97553841076,5,-73.9322574792502,5,25.3488597957278
10,8,10,-81.5684308664041,10,-32.0158920406393,10,-70.7628835630035,10,27.9034095757742
10,8,15,-86.4500453411741,15,-25.8400743061938,15,-67.203276982633,15,29.9424439982781
10,8,20,-91.1178734506549,20,-19.490246461891,20,-63.2681281821394,20,31.4379658884907
10,8,25,-95.5408926219271,25,-13.0130702979838,25,-58.9733375441505,25,32.3656386725834
10,8,30,-99.6863584986202,30,-6.45925348702288,30,-54.3368163763094,30,32.7058713802361
10,8,35,-103.520009807197,35,0.11717385411065,35,-49.3793364578538,35,32.4447570491935
10,8,40,-107.006557218062,40,6.65979003538615,40,-44.1253354750965,40,31.574790246115
10,8,45,-110.110431168142,45,13.1108405654125,45,-38.6035864510405,45,30.0953173293804
10,8,50,-112.796735666218,50,19.4123387069266,50,-32.8476510908141,50,28.0127056011334
10,8,55,-115.032332907038,55,25.5071273615426,55,-26.8960587723492,55,25.3402494955858
10,8,60,-116.786970381145,60,31.3398382408249,60,-20.7921819838988,60,22.0978583579108
10,8,65,-118.034360076948,65,36.8577080293586,65,-14.5838112914114,65,18.3115871755771
10,8,70,-118.753128537958,70,42.0112376686686,70,-8.32246370366116,70,14.0130767033405
10,8,75,-118.927575265715,75,46.7547050316966,75,-2.06248310969899,75,9.23896294560795
10,8,80,-118.548201943337,80,51.0465588923944,80,4.13999309671365,80,4.03030030828277
10,8,85,-117.612001937544,85,54.8497305846733,85,10.2281226658289,85,-1.56797807957811
10,8,90,-116.122524165273,90,58.131898507573,90,16.1454301093839,90,-7.50756062660854
15,8,0,-82.8910882513115,0,-39.9134818138124,0,-81.1240327856816,0,-1.52860106326477
15,8,5,-87.8858160664181,5,-34.8133198496932,5,-78.2828927699038,5,1.22721704900668
15,8,10,-92.8305392099356,10,-29.4726059181155,10,-75.0982289699568,10,3.58086032486452
15,8,15,-97.708183689709,15,-23.9157900381455,15,-71.576482302935,15,5.48880661552277
15,8,20,-102.49678082627,20,-18.1763182665906,20,-67.7210693472982,20,6.90799868016165
15,8,25,-107.168348214902,25,-12.2966223828232,25,-63.5340345137208,25,7.79872670572374
15,8,30,-111.688358738176,30,-6.32725760756772,30,-59.0181480225506,30,8.12737871028347
15,8,35,-116.015910987763,35,-0.325299449619917,35,-54.1792359454204,35,7.86874560693627
15,8,40,-120.104639092323,40,5.64778893244869,40,-49.0284788550034,40,7.00762819513587
15,8,45,-123.904309067932,45,11.5285393489559,45,-43.5843979277106,45,5.53959698689902
15,8,50,-127.362955656335,50,17.2538103313084,50,-37.8742704715437,50,3.47088588999288
15,8,55,-130.42933503907,55,22.762798423479,55,-31.9347826667747,55,0.817533244990686
15,8,60,-133.05542152415,60,27.998537929229,60,-25.8118283829746,60,-2.39600780374163
15,8,65,-135.198672231092,65,32.9088077141259,65,-19.5594827189371,65,-6.13850528058375
15,8,70,-136.823826105695,70,37.4464810758243,70,-13.2382948857321,70,-10.3735422879871
15,8,75,-137.904084874747,75,41.5694546659481,75,-6.91313422579377,75,-15.0608333460378
15,8,80,-138.421627174583,80,45.240354324743,80,-0.650868174299667,80,-20.1571231492172
15,8,85,-138.367511401406,85,48.4262284114066,85,5.48185526443728,85,-25.6166422023342
15,8,90,-137.741106858043,90,51.098403663119,90,11.4205006848432,90,-31.3912007216623
20,8,0,-87.4898351202026,0,-33.2983440247828,0,-84.7926221415071,0,-23.6574633126157
20,8,5,-92.2928888856143,5,-28.9354702646273,5,-81.806054120833,5,-21.2873105093077
20,8,10,-97.1779430740007,10,-24.3473941081408,10,-78.5440721673814,10,-19.206994911095
20,8,15,-102.138383634104,15,-19.5419558242957,15,-75.0060852821597,15,-17.478850939347
20,8,20,-107.158534539704,20,-14.5424856554011,20,-71.1836440664824,20,-16.1683047062404
20,8,25,-112.211579024194,25,-9.38801483027366,25,-67.0631537841565,25,-15.3380417252045
20,8,30,-117.258448419913,30,-4.13166852661343,30,-62.6295975950049,30,-15.0422683081689
20,8,35,-122.247950318979,35,1.16254026785619,35,-57.8709284228643,35,-15.3218596530703
20,8,40,-127.118283987496,40,6.42403113027916,40,-52.7826243096286,40,-16.2010872027191
20,8,45,-131.799902672118,45,11.5804129858797,45,-47.3717881506118,45,-17.6863706934417
20,8,50,-136.219456356003,50,16.5619304047946,50,-41.660156658354,50,-19.7671448101132
20,8,55,-140.304334003358,55,21.3049337774786,55,-35.6854976325376,55,-22.4185397225714
20,8,60,-143.987180934791,60,25.7539296815334,60,-29.5011173427098,60,-25.605240437472
20,8,65,-147.209744348351,65,29.862082935495,65,-23.1735274152821,65,-29.2856958130765
20,8,70,-149.925517767856,70,33.5903755579811,70,-16.7786562169532,70,-33.4158441381647
20,8,75,-152.100891994314,75,36.9058987869389,75,-10.3972469171098,75,-37.9517069938457
20,8,80,-153.714817779634,80,39.7798983061038,80,-4.11019674060167,80,-42.8505236435368
20,8,85,-154.757267558734,85,42.1861812532228,85,2.00546416879571,85,-48.0704667306246
20,8,90,-155.226981085513,90,44.1003398154559,90,7.87945462825253,90,-53.5693021157836
25,8,0,-85.2425430379351,0,-25.106281657136,0,-87.9446014803354,0,-42.92453277658
25,8,5,-89.9436500861862,5,-21.5090731904679,5,-84.7733296815323,5,-41.0446209931669
25,8,10,-94.8792319789611,10,-17.7017463892829,10,-81.3877974060834,10,-39.3170552799486
25,8,15,-100.048054579677,15,-13.6747398017717,15,-77.7825149905331,15,-37.8256674041287
25,8,20,-105.435654264396,20,-9.4420845016617,20,-73.9394225108471,20,-36.6635387002891
25,8,25,-111.011539624995,25,-5.04186298077458,25,-69.831140614395,25,-35.9231444345651
25,8,30,-116.727567742833,30,-0.533488813765488,30,-65.4259330776547,30,-35.6861014610754
25,8,35,-122.518024954699,35,4.00784651434547,35,-60.6941320711002,35,-36.0141313642758
25,8,40,-128.301822192801,40,8.49867353406052,40,-55.6153784884749,40,-36.9427971887487
25,8,45,-133.986907509623,45,12.8553930623607,45,-50.1856251064591,45,-38.4791475910423
25,8,50,-139.476540735483,50,17.0016123395141,50,-44.4226073696759,50,-40.6036538872966
25,8,55,-144.676583379548,55,20.8733716943757,55,-38.3685586681098,55,-43.2759122261125
25,8,60,-149.502595368917,60,24.4214429742343,60,-32.0893945753643,60,-46.4427464000878
25,8,65,-153.885450030036,65,27.6105676248413,65,-25.6703315120813,65,-50.0468350340989
25,8,70,-157.774448184683,70,30.4162165563708,70,-19.2087273518581,70,-54.0339624332244
25,8,75,-161.137475769869,75,32.8199997129453,75,-12.8055699536759,75,-58.3574636655931
25,8,80,-163.958439925408,80,34.8050865238654,80,-6.55728716167752,80,-62.9792485539971
25,8,85,-166.232822136284,85,36.3528746275988,85,-0.549345155143127,85,-67.8676907089336
25,8,90,-167.962529220706,90,37.4417256756741,90,5.14745834654224,90,-72.9933956512341
30,8,0,-77.0173812835776,0,-16.8236294835803,0,-90.7965956424769,0,-58.3706210339301
30,8,5,-81.7221939132868,5,-13.9084302881739,5,-87.4568269403106,5,-57.0954896253452
30,8,10,-86.8283294393882,10,-10.7926711660772,10,-83.9395595022285,10,-55.8199810433847
30,8,15,-92.3319754764785,15,-7.45359347469272,15,-80.2369548843317,15,-54.6467975385521
30,8,20,-98.2125116923851,20,-3.90100654618358,20,-76.326579248492,20,-53.6972269153292
30,8,25,-104.429377978437,25,-0.177541050300805,25,-72.1738839033875,25,-53.0968864260596
30,8,30,-110.919999249241,30,3.64586935543093,30,-67.7368774219075,30,-52.9598023881757
30,8,35,-117.599740508747,35,7.47871566535358,35,-62.9734012644591,35,-53.3735059830477
30,8,40,-124.364805218015,40,11.2224053991178,40,-57.8506556727816,40,-54.3880501873924
30,8,45,-131.098504534797,45,14.7823919965618,45,-52.3555872803956,45,-56.0113572400041
30,8,50,-137.680470311045,50,18.0785603013619,50,-46.5038682538952,50,-58.2120473843643
30,8,55,-143.997402764831,55,21.0518099756661,55,-40.3449417673202,55,-60.929120306122
30,8,60,-149.953204633558,60,23.6656676674565,60,-33.9612624221093,60,-64.0860772764607
30,8,65,-155.476208672951,65,25.9029978713076,65,-27.4613223820514,65,-67.605901981954
30,8,70,-160.521808318164,70,27.7591060331274,70,-20.9678279513241,70,-71.4232086124689
30,8,75,-165.069998941594,75,29.2333576077421,75,-14.6037910695592,75,-75.4908717893754
30,8,80,-169.118710292777,80,30.3216383165022,80,-8.47977959524452,80,-79.7801978919602
30,8,85,-172.674861306358,85,31.0115490951126,85,-2.68498871268063,85,-84.2755459576275
30,8,90,-175.745452417895,90,31.2813662345426,90,2.71653354991672,90,-88.9656494423943
35,8,0,-64.2836279899905,0,-9.846179615486,0,-93.4719961106449,0,-69.3504403895
35,8,5,-69.0633811190516,5,-7.43952575862708,5,-90.0474781989282,5,-68.7941173348371
35,8,10,-74.4144136808232,10,-4.8270522650416,10,-86.4423982135878,10,-68.0858963850827
35,8,15,-80.3245066583647,15,-1.98279343724028,15,-82.6481967007307,15,-67.3392076233185
35,8,20,-86.7622317427724,20,1.07717329900156,20,-78.6452646697145,20,-66.697631856036
35,8,25,-93.6730425020964,25,4.29594458300575,25,-74.4027650280356,25,-66.3170854354102
35,8,30,-100.97611887557,30,7.58347268291724,30,-69.880372947615,30,-66.3442690327441
35,8,35,-108.56384528593,35,10.8296678803401,35,-65.0338890405841,35,-66.8949964380712
35,8,40,-116.305685315576,40,13.9206089898316,40,-59.8255062414035,40,-68.0369187388104
35,8,45,-124.057280089847,45,16.7546345158874,45,-54.2374285550744,45,-69.7809769502724
35,8,50,-131.674001007828,50,19.2548836073509,50,-48.2853724032031,50,-72.0842499518399
35,8,55,-139.026424777167,55,21.3755866200618,55,-42.0273423432414,55,-74.8638996753121
35,8,60,-146.013990086665,60,23.1009867218847,60,-35.5637951826718,60,-78.0185751049397
35,8,65,-152.573090084195,65,24.4377552128995,65,-29.0278808993675,65,-81.4512591029357
35,8,70,-158.677261059998,70,25.403468344189,70,-22.5678745136719,70,-85.0872026721438
35,8,75,-164.329502273061,75,26.0145498271249,75,-16.3266525422075,75,-88.8824871639851
35,8,80,-169.549155932024,80,26.2768313377445,80,-10.4238793362747,80,-92.82206889013
35,8,85,-174.357205566977,85,26.1807801340683,85,-4.94519087654292,85,-96.9094983436398
35,8,90,-178.763814517847,90,25.7020115177859,90,0.0600924307589856,90,-101.152616853871
40,8,0,-48.8755074058422,0,-5.2031877237719,0,-95.9651038070923,0,-75.6040280424363
40,8,5,-53.7275736538935,5,-3.08962366657381,5,-92.5989370591586,5,-75.8562532480357
40,8,10,-59.3049848036617,10,-0.739971629756199,10,-89.0021912233356,10,-75.826983197418
40,8,15,-65.5895419677259,15,1.86166706852722,15,-85.1652277677441,15,-75.6288404915998
40,8,20,-72.5434053287458,20,4.67885228567215,20,-81.0782456193624,20,-75.4155488279594
40,8,25,-80.1018003507006,25,7.62719503870356,25,-76.7266512095472,25,-75.3627747097688
40,8,30,-88.166440890317,30,10.5872640659278,30,-72.0868426298926,30,-75.6428663874478
40,8,35,-96.6035139850782,35,13.4240497548493,35,-67.1267979404917,35,-76.3972475127901
40,8,40,-105.249412637931,40,16.0091282268032,40,-61.8144775743915,40,-77.7122722017387
40,8,45,-113.92525172687,45,18.2405295440554,45,-56.133634792117,45,-79.6052346149132
40,8,50,-122.458095142059,50,20.0555349964777,50,-50.1024262601279,50,-82.0256728735848
40,8,55,-130.703832100689,55,21.4334309457582,55,-43.7873666854471,55,-84.8728384970161
40,8,60,-138.565090719369,60,22.3881902445517,60,-37.305602582945,60,-88.0246051471456
40,8,65,-145.998453051619,65,22.9540687726327,65,-30.8125546378136,65,-91.3687325544158
40,8,70,-153.008533738164,70,23.1689678749911,70,-24.4779376476445,70,-94.8265621024706
40,8,75,-159.630963865386,75,23.060408052901,75,-18.4579850903395,75,-98.3624353493726
40,8,80,-165.910003027612,80,22.6372920676803,80,-12.872907441439,80,-101.977818025303
40,8,85,-171.877728837644,85,21.8882807016354,85,-7.79579086326039,85,-105.694555202283
40,8,90,-177.540145716619,90,20.7856889022648,90,-3.25408587315824,90,-109.534583007159
45,8,0,-32.677183729426,0,-3.39846458930627,0,-98.1463535837341,0,-77.2583953122853
45,8,5,-37.5150669549825,5,-1.37632298514973,5,-95.0157373917588,5,-78.3595662816432
45,8,10,-43.191977546789,10,0.942247992698197,10,-91.5627834835197,10,-79.0913455630197
45,8,15,-49.6978357606032,15,3.55232469178895,15,-87.7740542650924,15,-79.554236308466
45,8,20,-57.0057682602742,20,6.38472861843762,20,-83.653613503085,20,-79.8961384799545
45,8,25,-65.0558852107925,25,9.31435017504151,25,-79.2132019475822,25,-80.2950024717331
45,8,30,-73.7403598266113,30,12.1803442603936,30,-74.459920276513,30,-80.9337648587094
45,8,35,-82.8975924343168,35,14.8150018249776,35,-69.3886503007975,35,-81.9699537357411
45,8,40,-92.3212245646846,40,17.0746487988376,40,-63.9854414590164,40,-83.5058869448634
45,8,45,-101.784908739835,45,18.8641621519344,45,-58.2434827125201,45,-85.5683935320573
45,8,50,-111.077530922417,50,20.1479143421195,50,-52.1864719850572,50,-88.1065904040643
45,8,55,-120.038480482723,55,20.9442604783482,55,-45.888666757235,55,-91.0109639758872
45,8,60,-128.581090003156,60,21.3065086659192,60,-39.4804033805985,60,-94.1485545476761
45,8,65,-136.695808626712,65,21.2980083667786,65,-33.133670135811,65,-97.4017998787239
45,8,70,-144.432032172812,70,20.9702759560914,70,-27.0316943482326,70,-100.696833006412
45,8,75,-151.865600096399,75,20.3504800483788,75,-21.334159597505,75,-104.01194412442
45,8,80,-159.063924720991,80,19.4397740454219,80,-16.1512317046043,80,-107.365802550697
45,8,85,-166.060215865106,85,18.2195666766116,85,-11.5345173612301,85,-110.793148325393
45,8,90,-172.842912967664,90,16.6609146969289,90,-7.48483168215552,90,-114.319219486975
50,8,0,-17.3208448365896,0,-4.40978284518651,0,-99.8003624311177,0,-74.7633734155343
50,8,5,-21.9969944031396,5,-2.33398626793721,5,-97.0850091504143,5,-76.6900479568581
50,8,10,-27.5624163478519,10,0.123765952001497,10,-93.9307554879214,10,-78.2140559522147
50,8,15,-34.0387692084664,15,2.93611748062079,15,-90.3156435872511,15,-79.4161816758279
50,8,20,-41.4389950845757,20,5.99740137305971,20,-86.256530147934,20,-80.4225540787693
50,8,25,-49.7343706339354,25,9.13379136155208,25,-81.7951879507523,25,-81.3922518779931
50,8,30,-58.8236355902281,30,12.1314845069784,30,-76.9778779459618,30,-82.4975907946502
50,8,35,-68.5188983169133,35,14.7788751554346,35,-71.8378983021325,35,-83.8962035725511
50,8,40,-78.5589932032793,40,16.9115004989651,40,-66.3910007569451,40,-85.6989503436191
50,8,45,-88.651206371544,45,18.4447294696627,45,-60.6485861899635,45,-87.9438598610755
50,8,50,-98.5301017111947,50,19.3819253670336,50,-54.6441048166703,50,-90.5884994177969
50,8,55,-108.013091655483,55,19.7950999302422,55,-48.4589843195134,55,-93.5277211041713
50,8,60,-117.031543699633,60,19.786710381631,60,-42.2320881235173,60,-96.6322400780262
50,8,65,-125.62517828744,65,19.4489760239796,65,-36.1440927400227,65,-99.7925992819648
50,8,70,-133.902673210642,70,18.8365979195624,70,-30.3815530116544,70,-102.949844755854
50,8,75,-141.985342102371,75,17.9606541286072,75,-25.0964680433928,75,-106.10096365987
50,8,80,-149.956425748153,80,16.8007411423524,80,-20.3789535852306,80,-109.279728068467
50,8,85,-157.833412939705,85,15.3250950117178,85,-16.252657389833,85,-112.524686582069
50,8,90,-165.568350563192,90,13.5076204869918,90,-12.690578020659,90,-115.850031187969
55,8,0,-3.98417064943151,0,-7.8233887623931,0,-100.678343245165,0,-68.7865667672008
55,8,5,-8.33308757882276,5,-5.62169164412105,5,-98.5343535297354,5,-71.4528048860848
55,8,10,-13.5446101936411,10,-2.94212944111157,10,-95.8335888967094,10,-73.7400953906715
55,8,15,-19.6978648285044,15,0.17681369481961,15,-92.5396680914355,15,-75.7074574263117
55,8,20,-26.8787957693053,20,3.6027693466248,20,-88.675281519382,20,-77.4471093068481
55,8,25,-35.122695122288,25,7.11512922106257,25,-84.3074746608777,25,-79.0790698010948
55,8,30,-44.3581131823395,30,10.4390662747133,30,-79.5218555923193,30,-80.7418032098499
55,8,35,-54.3773972507071,35,13.3048671385918,35,-74.3957810170298,35,-82.5730914706344
55,8,40,-64.8534971173545,40,15.5149354420077,40,-68.983691718341,40,-84.6808807938788
55,8,45,-75.4055923794676,45,16.9919266578724,45,-63.3239639918578,45,-87.1137013869984
55,8,50,-85.6935135115729,50,17.7857885364172,50,-57.4651078364661,50,-89.8465010169806
55,8,55,-95.504329554696,55,18.0352701638258,55,-51.4958934060029,55,-92.7935042784097
55,8,60,-104.79445319803,60,17.9015758901936,60,-45.5587861911687,60,-95.8457454992506
55,8,65,-113.669380240637,65,17.5049898404522,65,-39.8344212181046,65,-98.9160963266991
55,8,70,-122.311730516475,70,16.8914602890846,70,-34.5022260190775,70,-101.969341104256
55,8,75,-130.891167889518,75,16.0383809736366,75,-29.6968413745717,75,-105.022987133595
55,8,80,-139.494836474844,80,14.8886584269838,80,-25.481829979755,80,-108.120604135359
55,8,85,-148.102754018785,85,13.391040729286,85,-21.8510430619377,85,-111.29342075454
55,8,90,-156.608660233921,90,11.5267379601066,90,-18.7525179071496,90,-114.530116393599
60,8,0,6.67127384036024,0,-13.031508530865,0,-100.546347066901,0,-60.1000517794782
60,8,5,2.7897490483532,5,-10.6937669561267,5,-99.0925020244627,5,-63.3719287249165
60,8,10,-1.85180326689895,10,-7.79113055533019,10,-96.9854167773442,10,-66.3375351088841
60,8,15,-7.40866152066972,15,-4.3505629264526,15,-94.1680902840887,15,-69.0372052922127
60,8,20,-14.0675565192156,20,-0.507932108823705,20,-90.6572440144087,20,-71.5232501965424
60,8,25,-21.9597874210652,25,3.48286636028334,25,-86.5327427034851,25,-73.8618079958784
60,8,30,-31.0709814519323,30,7.28405079880634,30,-81.911568197562,30,-76.1372136519538
60,8,35,-41.1867377275156,35,10.552896641914,35,-76.9143009248877,35,-78.4474589001591
60,8,40,-51.9085586805611,40,13.0403217994366,40,-71.6393831826753,40,-80.8840957238666
60,8,45,-62.7482292910593,45,14.6651675104338,45,-66.1598631653332,45,-83.5030603436866
60,8,50,-73.2701169277448,50,15.5250474254958,50,-60.5450136960608,50,-86.3041109622491
60,8,55,-83.2212242992038,55,15.8349325603704,55,-54.8917072069407,55,-89.235282204902
60,8,60,-92.5889385397461,60,15.8233981082858,60,-49.3413018525644,60,-92.2238405099473
60,8,65,-101.56015130037,65,15.6385432869667,65,-44.0659957868997,65,-95.21706638249
60,8,70,-110.404571115646,70,15.306790013148,70,-39.2292343365247,70,-98.208450970856
60,8,75,-119.340696316544,75,14.7554640915544,75,-34.9423427536702,75,-101.233360800425
60,8,80,-128.445251666834,80,13.8763863757065,80,-31.2413265278027,80,-104.336690401674
60,8,85,-137.637893820675,85,12.5921788737924,85,-28.0939966965873,85,-107.531039362629
60,8,90,-146.732756917861,90,10.8941344398506,90,-25.4296965842526,90,-110.768317086432
65,8,0,14.4372864387786,0,-19.4115534595053,0,-99.2180842827178,0,-49.4853915189389
65,8,5,11.1110470515513,5,-16.9627520738374,5,-98.5346577788542,5,-53.2012413127602
65,8,10,7.18862151957677,10,-13.8866635201584,10,-97.1385478690321,10,-56.7175110100958
65,8,15,2.43332842042021,15,-10.1712842401769,15,-94.9463298663668,15,-60.0618713044365
65,8,20,-3.45679968203219,20,-5.92508892278069,20,-91.9546047243855,20,-63.2470809261518
65,8,25,-10.7327949508551,25,-1.41282681431412,25,-88.239205648936,25,-66.2785613447018
65,8,30,-19.4640422811448,30,2.97018057245563,30,-83.9351859782255,30,-69.1732892725244
65,8,35,-29.4485181545696,35,6.79641171341321,35,-79.2004917814273,35,-71.9736535449491
65,8,40,-40.2198259650366,40,9.74493481734207,40,-74.1791033232379,40,-74.7420964622037
65,8,45,-51.1710744433545,45,11.7138508976146,45,-68.9842261362896,45,-77.5372580863723
65,8,50,-61.7548633248596,50,12.842573269866,50,-63.7106450920772,50,-80.3885429169464
65,8,55,-71.6688942392323,55,13.426361659059,55,-58.4638682675049,55,-83.2893544579016
65,8,60,-80.9349901144759,60,13.7674915155531,60,-53.3797561081603,60,-86.2157002257635
65,8,65,-89.8330698373165,65,14.0426979093932,65,-48.6149731431346,65,-89.1569148537839
65,8,70,-98.729158527274,70,14.2515969534948,70,-44.3110990863706,70,-92.1348946170808
65,8,75,-107.888880481893,75,14.2592209246921,75,-40.5549929548521,75,-95.195404218974
65,8,80,-117.364950687573,80,13.8947134296756,80,-37.3597888998365,80,-98.3737694164074
65,8,85,-126.997346072413,85,13.0478743279135,85,-34.6757002414426,85,-101.654052779048
65,8,90,-136.504026513064,90,11.7196450772714,90,-32.4214011232961,90,-104.945417246001
70,8,0,19.4288016873765,0,-26.4343717094093,0,-96.5700376475604,0,-37.6700537685851
70,8,5,16.6888470311319,5,-23.9058756064925,5,-96.7052991585059,5,-41.6589213394812
70,8,10,13.5551665306321,10,-20.718350469238,10,-96.1107995117615,10,-45.5719900478671
70,8,15,9.71869453487296,15,-16.7971817903299,15,-94.6717156171496,15,-49.4304892663623
70,8,20,4.76399079572359,20,-12.1939666001223,20,-92.3511508135322,20,-53.2126765277409
70,8,25,-1.69036057185714,25,-7.15902778859907,25,-89.2042283844749,25,-56.8645386136001
70,8,30,-9.81852660133678,30,-2.1333226859014,30,-85.3697562812611,30,-60.3314811646723
70,8,35,-19.4532209328315,35,2.3661536144876,35,-81.0348389888027,35,-63.5916317751162
70,8,40,-30.0736629995573,40,5.93027404230145,40,-76.3872984200917,40,-66.6691694637335
70,8,45,-40.954918018211,45,8.41828642589287,45,-71.5826809577712,45,-69.6205171614057
70,8,50,-51.4302512908816,50,9.99995394422979,50,-66.7434495420276,50,-72.5064959256052
70,8,55,-61.1412221592564,55,11.0481652796438,55,-61.982961360203,55,-75.3727279377135
70,8,60,-70.1436098368695,60,11.941127940403,60,-57.4274695225942,60,-78.2510096141059
70,8,65,-78.8146572696928,65,12.8857160367838,65,-53.2130653264883,65,-81.1747584335187
70,8,70,-87.6195733258026,70,13.8523711206388,70,-49.4572487188744,70,-84.1888859838253
70,8,75,-96.8676768278788,75,14.6379945063775,75,-46.2257731097404,75,-87.3385475820084
70,8,80,-106.578158151745,80,15.0020033927545,80,-43.5176116878859,80,-90.6377354894807
70,8,85,-116.500001749529,85,14.795173311074,85,-41.275995128345,85,-94.0345761815696
70,8,90,-126.246529106882,90,14.023883973348,90,-39.4165359142108,90,-97.3951629882623
75,8,0,21.9496654361719,0,-33.69245510238,0,-92.5427257612848,0,-25.2952847477115
75,8,5,19.7831191546223,5,-31.1022116217845,5,-93.5209638963663,5,-29.3892405298303
75,8,10,17.4404634920966,10,-27.8464652521719,10,-93.7902740609192,10,-33.5336239364487
75,8,15,14.5591182224464,15,-23.7752255068213,15,-93.2006198238319,15,-37.7475340665503
75,8,20,10.6255087424351,20,-18.8639587758262,20,-91.6718658409033,20,-41.9818589308335
75,8,25,5.13132385617582,25,-13.327688018298,25,-89.226195422489,25,-46.1305254615093
75,8,30,-2.21342349888458,30,-7.63730538300039,30,-85.9949787242263,30,-50.0717116947171
75,8,35,-11.296902983518,35,-2.39419377486526,35,-82.1866216159497,35,-53.7190397530022
75,8,40,-21.5650663383114,40,1.89791879956304,40,-78.0286024788707,40,-57.0549372623219
75,8,45,-32.1886502986424,45,5.04573427883972,45,-73.7168847748124,45,-60.1300464698894
75,8,50,-42.3857170692835,50,7.23496928420882,50,-69.3998493444473,50,-63.0354429978885
75,8,55,-51.7390862358141,55,8.90624204478062,55,-65.1957283401491,55,-65.8699980700789
75,8,60,-60.3332620927339,60,10.5099796575947,60,-61.2173668941832,60,-68.721682194102
75,8,65,-68.6372692000833,65,12.2842063413683,65,-57.5777984824715,65,-71.6643584122868
75,8,70,-77.2101948372037,70,14.1729950610879,70,-54.3718752627367,70,-74.7570142222934
75,8,75,-86.4004327840502,75,15.9068555654891,75,-51.6507292386721,75,-78.0321131761065
75,8,80,-96.1908024776984,80,17.1742106271467,80,-49.4091567979588,80,-81.4718035388881
75,8,85,-106.238990753085,85,17.7819376020549,85,-47.5931017525002,85,-84.9840820776212
75,8,90,-116.055223743554,90,17.7343042599817,90,-46.1203859952225,90,-88.3963042372145
80,8,0,22.3966296546225,0,-40.8721616090096,0,-87.1339947777743,0,-12.9077338791164
80,8,5,20.7672876622118,5,-38.2173567360213,5,-88.9604466360567,5,-16.947588586263
80,8,10,19.1755787092819,10,-34.9021165335966,10,-90.1255933504857,10,-21.1564201334923
80,8,15,17.2271716435434,15,-30.7024648436788,15,-90.4419575159762,15,-25.5527270731037
80,8,20,14.3332379670454,20,-25.5141435669802,20,-89.7820167492305,20,-30.0667334424353
80,8,25,9.87408219289491,25,-19.5061531776153,25,-88.1299781916453,25,-34.5506836202126
80,8,30,3.44546053013148,30,-13.1633341790568,30,-85.6043047979552,30,-38.8261976778056
80,8,35,-4.91001501832771,35,-7.15624410305524,35,-82.4289106044676,35,-42.7500540245315
80,8,40,-14.6291605937913,40,-2.07596447197318,40,-78.864833960215,40,-46.2660371547983
80,8,45,-24.803613366983,45,1.82706280287513,45,-75.1421484898043,45,-49.41805350718
80,8,50,-34.5531648972534,50,4.74028128406453,50,-71.4289443920637,50,-52.3238961923835
80,8,55,-43.4051689871385,55,7.15545526263258,55,-67.8429447825048,55,-55.1306555716139
80,8,60,-51.4632681397997,60,9.58433395103212,60,-64.4802727373218,60,-57.9759866637407
80,8,65,-59.2720665298871,65,12.2950545658243,65,-61.4310790922116,65,-60.9657239234934
80,8,70,-67.4702633505523,70,15.2124532577899,70,-58.7719438668975,70,-64.1626316968203
80,8,75,-76.4397062599585,75,18.0100197381268,75,-56.5470825230355,75,-67.5761718634991
80,8,80,-86.1316300000041,80,20.3103942759337,80,-54.7556603987987,80,-71.1495878939568
80,8,85,-96.1240286923792,85,21.8740749256344,85,-53.3526671715992,85,-74.7501936129929
80,8,90,-105.835961712705,90,22.6935465236508,90,-52.2600699461614,90,-78.1739931306801
85,8,0,21.2131257394689,0,-47.7047007189139,0,-80.3893453049993,0,-0.965262519073375
85,8,5,20.0799464874336,5,-44.9643237456108,5,-83.0501119942092,5,-4.80187351683418
85,8,10,19.1812460234947,10,-41.5637333797704,10,-85.1104201220873,10,-8.91268551589834
85,8,15,18.1094100518667,15,-37.2198013751152,15,-86.3453531805021,15,-13.3146651251983
85,8,20,16.2245638239872,20,-31.7613531593574,20,-86.5822252660158,20,-17.9220989623344
85,8,25,12.8195392732892,25,-25.3131832971979,25,-85.7700799291846,25,-22.5561333585
85,8,30,7.39046554947963,30,-18.3608033436174,30,-84.0151470872088,30,-26.9960276212963
85,8,35,-0.0921640133939403,35,-11.6205078886411,35,-81.5533649039666,35,-31.055527134076
85,8,40,-9.07823012989126,40,-5.74950511636816,40,-78.6715625550067,40,-34.6490416873152
85,8,45,-18.6135451024774,45,-1.04859871106995,45,-75.6236230236395,45,-37.8158394253982
85,8,50,-27.7484673919415,50,2.66012111119684,50,-72.5872604705878,50,-40.6952103153312
85,8,55,-35.9651005056472,55,5.89803121342067,55,-69.6724944367135,55,-43.4720237283882
85,8,60,-43.3739591389069,60,9.22008207059461,60,-66.956197390256,60,-46.3210680060313
85,8,65,-50.569594988105,65,12.9200284003976,65,-64.5080950220919,65,-49.3682140981568
85,8,70,-58.2474671014638,70,16.9131944510122,70,-62.3925856281062,70,-52.670400579063
85,8,75,-66.8157843407788,75,20.8320038330892,75,-60.6540673590643,75,-56.2078444463181
85,8,80,-76.2055169383653,80,24.2451308241698,80,-59.3014129328056,80,-59.8829512235745
85,8,85,-85.9372115420542,85,26.8677980650745,85,-58.3006344756698,85,-63.525700295284
85,8,90,-95.3603238751486,90,28.6706703907597,90,-57.5766209260568,90,-66.9097411706989
90,8,0,18.8808626659092,0,-53.922661968392,0,-72.3925624074017,0,10.1507523516435
90,8,5,18.2088972155056,5,-51.0650358916689,5,-75.8499427400142,5,6.65662601584312
90,8,10,17.9426894989687,10,-47.5292061101513,10,-78.7688293901308,10,2.79935769517382
90,8,15,17.6733279074239,15,-42.9977783084804,15,-80.8899009336101,15,-1.43414737659854
90,8,20,16.7316107501459,20,-37.2585369535492,20,-82.003557217509,20,-5.94482410555926
90,8,25,14.3518484881309,25,-30.4050392210313,25,-82.0330381485458,25,-10.5320988102932
90,8,30,9.95670162986184,30,-22.9143433263802,30,-81.0775605017293,30,-14.9483842667171
90,8,35,3.45368150800163,35,-15.5201598174115,35,-79.3828082354468,35,-18.9820522350377
90,8,40,-4.6368885562072,40,-8.91360588436292,40,-77.2518955640768,40,-22.5318704267387
90,8,45,-13.3520930505534,45,-3.42836296657588,45,-74.9492244767805,45,-25.6369978894969
90,8,50,-21.7108513723606,50,1.09748483502236,50,-72.649724941004,50,-28.4518629713574
90,8,55,-29.1672429908631,55,5.19115259111759,55,-70.4479965314754,55,-31.184662275582
90,8,60,-35.8262361348967,60,9.42691276046178,60,-68.4002550079964,60,-34.0304322426339
90,8,65,-42.3003912832345,65,14.1154298606353,65,-66.559748591612,65,-37.1213195187024
90,8,70,-49.3120643368928,70,19.1725967630728,70,-64.9850258564117,70,-40.50091048238
90,8,75,-57.2862488056843,75,24.2102479730481,75,-63.7258341815342,75,-44.1190991465355
90,8,80,-66.148565846162,80,28.760930115123,80,-62.8024143657427,80,-47.8413518869064
90,8,85,-75.3919210872813,85,32.5003753314861,85,-62.1899718319761,85,-51.467611194779
90,8,90,-84.3258386643082,90,35.3691023690485,90,-61.8130814880796,90,-54.7589060961305
95,8,0,15.9274161912239,0,-59.2339485900582,0,-63.2587344131294,0,20.1214952226189
95,8,5,15.6901092917983,5,-56.2252395003647,5,-67.4437970256361,5,17.0985661096947
95,8,10,15.9969948756894,10,-52.4956473437327,10,-71.1455238271244,10,13.6425715881054
95,8,15,16.4436854712158,15,-47.7239954115475,15,-74.0769904622539,15,9.74675726444517
95,8,20,16.3503867968631,20,-41.6902338867765,20,-76.0047296825642,20,5.52189895719605
95,8,25,14.9247576104551,25,-34.4765283216547,25,-76.8394450089405,25,1.18175602334657
95,8,30,11.5506292562108,30,-26.5461094968331,30,-76.6802363976601,30,-3.0150537371444
95,8,35,6.09182752575361,35,-18.6205651110497,35,-75.7795921212905,35,-6.85077811515933
95,8,40,-0.97120320290965,40,-11.3869435903058,40,-74.4455044085827,40,-10.2241819866752
95,8,45,-8.70372554024494,45,-5.18690713864897,45,-72.9380205593526,45,-13.1797206373674
95,8,50,-16.136162692366,50,0.124305274296286,50,-71.4166407675738,50,-15.8797371629553
95,8,55,-22.7175269295544,55,5.05687755622763,55,-69.9538885186537,55,-18.5391591022687
95,8,60,-28.5372858734145,60,10.1776061639364,60,-68.5853116390845,60,-21.3544056204215
95,8,65,-34.1921862903144,65,15.8014269882056,65,-67.3521392911328,65,-24.44999143202
95,8,70,-40.3973822128658,70,21.8530097168102,70,-66.3122886814193,70,-27.851237837913
95,8,75,-47.5816562898718,75,27.9457442549721,75,-65.5234528462915,75,-31.4815229334239
95,8,80,-55.6798726721239,80,33.5984097460903,80,-65.015867665129,80,-35.1786257561301
95,8,85,-64.1903626548167,85,38.4583062042354,85,-64.7699008693979,85,-38.7233614743544
95,8,90,-72.4181870337227,90,42.4312960912288,90,-64.7061944672039,90,-41.8742759304493
100,8,0,12.9292123066117,0,-63.3132003233413,0,-53.1314629262959,0,28.6783028207192
100,8,5,13.1038232122836,5,-60.125295588715,5,-57.9362531668271,5,26.2425111069029
100,8,10,13.9202822242303,10,-56.1510896531873,10,-62.3035415995112,10,23.3271744907166
100,8,15,14.9812493215091,15,-51.0972110852552,15,-65.9297019461351,15,19.9333095070932
100,8,20,15.6140837518999,20,-44.769910086824,20,-68.5734240494402,20,16.1806607239352
100,8,25,15.0335415220217,25,-37.2611023832245,25,-70.1468773566447,25,12.2868120325461
100,8,30,12.623716551436,30,-29.0168076671211,30,-70.7544831003736,30,8.50527156596103
100,8,35,8.22994082153576,35,-20.7188673198863,35,-70.6501051202927,35,5.0409869828583
100,8,40,2.28830643044779,40,-13.0124989161994,40,-70.1333448752514,40,1.98044542560175
100,8,45,-4.32805994735542,45,-6.21991216138796,45,-69.4449777905043,45,-0.730440626464777
100,8,50,-10.7039211890026,50,-0.210234986209187,50,-68.7182046904301,50,-3.25395288296191
100,8,55,-16.309249974297,55,5.49058295878817,55,-67.9992350782349,55,-5.79502381671001
100,8,60,-21.2124375318995,60,11.4158119396264,60,-67.3044306100548,60,-8.5331725244281
100,8,65,-25.9635505129502,65,17.8695376457407,65,-66.6670849079394,65,-11.5727883224003
100,8,70,-31.2360668415839,70,24.7899064909213,70,-66.1476798151533,70,-14.9184769429214
100,8,75,-37.4461606287821,75,31.812447213141,75,-65.8119144205054,75,-18.4743728824363
100,8,80,-44.5485557575895,80,38.4665223398174,80,-65.6968780777909,80,-22.0635556759742
100,8,85,-52.0785199592332,85,44.3869012002572,85,-65.7837969724651,85,-25.4612730601696
100,8,90,-59.3745192942112,90,49.445721539457,90,-65.9869586281677,90,-28.4339477639033
105,8,0,10.4959729042627,0,-65.8060833021665,0,-42.1861127618726,0,35.5948867931506
105,8,5,11.0548556570483,5,-62.4240842381136,5,-47.4581446061073,5,33.8459087641871
105,8,10,12.3041981749964,10,-58.1775973660986,10,-52.331887166767,10,31.6007611591293
105,8,15,13.8566653196665,15,-52.8294949322466,15,-56.5015879132026,15,28.8677501330857
105,8,20,15.066092698592,20,-46.2415108662504,20,-59.7349197837328,20,25.7697541006538
105,8,25,15.1889761795058,25,-38.5324400467112,25,-61.9572997950053,25,22.5161890069919
105,8,30,13.6486153701989,30,-30.1275429062846,30,-63.28001022855,30,19.338707346057
105,8,35,10.2975782186892,35,-21.6454706033973,35,-63.9493835868677,35,16.4123796438903
105,8,40,5.5264666414981,40,-13.6574356398165,40,-64.2420665791194,40,13.7974208611475
105,8,45,0.11930716076824,45,-6.44139003478252,45,-64.3660717303107,45,11.4284024658287
105,8,50,-5.10059393409556,50,0.125431802775465,50,-64.4206357669613,50,9.15156935783384
105,8,55,-9.64963308857,55,6.46754871737907,55,-64.4245243610246,55,6.78692666510559
105,8,60,-13.5746067068909,60,13.0630769347426,60,-64.3777104293247,60,4.18721348566346
105,8,65,-17.3552747025605,65,20.1900462501673,65,-64.3086657148821,65,1.27793898921098
105,8,70,-21.5931305904436,70,27.8007129850487,70,-64.2813204821467,70,-1.92426778651042
105,8,75,-26.6735565285677,75,35.5688107416764,75,-64.3674440283264,75,-5.31297016107386
105,8,80,-32.5755999307666,80,43.0572747231908,80,-64.6074172700196,80,-8.71078882731733
105,8,85,-38.8969021589953,85,49.907254857201,85,-64.9803541247448,85,-11.9018617313828
105,8,90,-45.044987840562,90,55.9640175863126,90,-65.3940814217793,90,-14.6705625580918
110,8,0,9.2306661695753,0,-66.3428031690387,0,-30.6403042008072,0,40.6883477165003
110,8,5,10.1311621711648,5,-62.7727798967896,5,-36.1822434276374,5,39.7058317372576
110,8,10,11.715925215716,10,-58.2635508259493,10,-41.3650393525418,10,38.2469162188748
110,8,15,13.613920757814,15,-52.6554868765033,15,-45.8976289378227,15,36.3243584841343
110,8,20,15.22745373054,20,-45.8853128833686,20,-49.5719544461208,20,34.0543539578574
110,8,25,15.8881961849735,25,-38.1079145550858,25,-52.3340653106548,25,31.6229790201937
110,8,30,15.0926450104312,30,-29.72250237527,30,-54.2986961928333,30,29.223112308007
110,8,35,12.7218637259381,35,-21.2667728068333,35,-55.6926481943151,35,26.9860295715477
110,8,40,9.12091984381853,40,-13.2152404721671,40,-56.7550668509814,40,24.9387269658127
110,8,45,4.96499827770956,45,-5.78367594550726,45,-57.6504468837149,45,23.0058567484117
110,8,50,0.957530909232344,50,1.14855519367393,50,-58.4402080325217,50,21.0504067492426
110,8,55,-2.48536829480726,55,7.94943393429136,55,-59.117480233666,55,18.9287993344967
110,8,60,-5.39279802164767,60,15.0275526319511,60,-59.6694607026922,60,16.5366658614874
110,8,65,-8.16070596925958,65,22.6223781855823,65,-60.1216733340698,65,13.8355307285525
110,8,70,-11.2968885797427,70,30.6975396300749,70,-60.5403484497908,70,10.862457381117
110,8,75,-15.1391359247728,75,38.974560560767,75,-61.0001913258188,75,7.72651607603217
110,8,80,-19.6891206127076,80,47.0680561353434,80,-61.5419198644646,80,4.59291119284087
110,8,85,-24.6228755107615,85,54.6443348940471,85,-62.1417826682371,85,1.65568591033953
110,8,90,-29.4450976552906,90,61.5333862859396,90,-62.7037714593351,90,-0.896173853047613
115,8,0,9.66680662176097,0,-64.560310426231,0,-18.7706093954069,0,43.8335400151216
115,8,5,10.8424086991562,5,-60.8371205573852,5,-24.348098114329,5,43.6740221927243
115,8,10,12.642080486693,10,-56.1231980650746,10,-29.6136797336306,10,43.0973295942484
115,8,15,14.7216150676707,15,-50.346933696911,15,-34.3075742018873,15,42.1156201001464
115,8,20,16.5548662984922,20,-43.5267107623149,20,-38.2574581756347,20,40.8255863163181
115,8,25,17.577207488742,25,-35.8528958278818,25,-41.4319554223661,25,39.3732543897198
115,8,30,17.3829025547179,30,-27.6912160682773,30,-43.9415245421774,30,37.8974199747132
115,8,35,15.894801546574,35,-19.4873020021077,35,-45.9802093948208,35,36.4760305722149
115,8,40,13.4122275603827,40,-11.6077933159508,40,-47.7371499856205,40,35.1007088453155
115,8,45,10.490763352267,45,-4.19774495052991,45,-49.3264294988561,45,33.6899844518777
115,8,50,7.69859916832001,50,2.86550083116262,50,-50.7714785614092,50,32.130260217729
115,8,55,5.37079814994208,55,9.89228089525413,55,-52.0436529414425,55,30.3210284561524
115,8,60,3.48925903975479,60,17.2159269319743,60,-53.1210507439738,60,28.2056332005299
115,8,65,1.74428622463365,65,25.0299185543533,65,-54.026843383489,65,25.783582496274
115,8,70,-0.268338171954308,70,33.3048365379755,70,-54.8269986661069,70,23.1107361676103
115,8,75,-2.82720192013574,75,41.8126519337086,75,-55.5956170189632,75,20.2932591093022
115,8,80,-5.95075261181456,80,50.2301704254077,80,-56.3719095708339,80,17.4756977159182
115,8,85,-9.3985885108481,85,58.2638163038922,85,-57.1307667625707,85,14.8214305854833
115,8,90,-12.7884303014529,90,65.7418614590022,90,-57.7773480740174,90,12.4870021254165
120,8,0,12.1920680293605,0,-60.1348442249182,0,-6.93045995816654,0,44.9930183670984
120,8,5,13.547559757257,5,-56.3285880636194,5,-12.2901084069766,5,45.6881018776134
120,8,10,15.4233342665537,10,-51.5227065856745,10,-17.400184224713,10,46.0603504681976
120,8,15,17.5153023817177,15,-45.7311480571928,15,-22.0454453942741,15,46.1149131092925
120,8,20,19.3889833951384,20,-39.0467000301704,20,-26.0950937058377,20,45.916025317472
120,8,25,20.602425721748,25,-31.6850676642736,25,-29.5370464213208,25,45.5551294224194
120,8,30,20.8594755090761,30,-23.9697682082988,30,-32.467539885473,30,45.1062343117867
120,8,35,20.1287160252201,35,-16.2504287020779,35,-35.0363138872865,35,44.5900064880709
120,8,40,18.6633269883686,40,-8.78627971628956,40,-37.3743795868216,40,43.9646987982919
120,8,45,16.8980254289721,45,-1.65292531172439,45,-39.5432459313462,45,43.1472904312691
120,8,50,15.263891800794,50,5.27551789289986,50,-41.531292179951,50,42.0512085014233
120,8,55,14.0104918785032,55,12.2552348379373,55,-43.2928383421252,55,40.6199554960308
120,8,60,13.1232074464458,60,19.5468802875429,60,-44.7998425050062,60,38.843273322055
120,8,65,12.3710841236445,65,27.2968536492369,65,-46.0725294481389,65,36.7564371488275
120,8,70,11.450536491078,70,35.4786099434278,70,-47.1733040515198,70,34.4318507436551
120,8,75,10.1456478033608,75,43.9114413029938,75,-48.1722929278762,75,31.9703865801499
120,8,80,8.42814477192444,80,52.3362800165649,80,-49.1064331057128,80,29.4930495345892
120,8,85,6.4597015324623,85,60.5078591755007,85,-49.9523350380028,85,27.1295871648471
120,8,90,4.50841728437987,90,68.2647695146206,90,-50.6226743562948,90,25.0024978276271
125,8,0,16.9722162805631,0,-52.826258036898,0,4.44013665569564,0,44.2584011663141
125,8,5,18.3852984738797,5,-49.0452045991605,5,-0.456787320056371,5,45.8144005791553
125,8,10,20.1911841854974,10,-44.3129055619065,10,-5.1847598623179,10,47.1631655019392
125,8,15,22.1387107452479,15,-38.713560033164,15,-9.5800558824455,15,48.2965447492782
125,8,20,23.8972871390901,20,-32.3947614792329,20,-13.5526040896455,20,49.2370586772071
125,8,25,25.1531577583641,25,-25.5802694972187,25,-17.1024932400076,25,50.0136917503439
125,8,30,25.7175382926,30,-18.5430883208647,30,-20.3024540252986,30,50.6327755624429
125,8,35,25.600097352745,35,-11.5399702909364,35,-23.2510530745386,35,51.0602649040875
125,8,40,25.0080655462265,40,-4.73320858328086,40,-26.0193578397094,40,51.2262581192372
125,8,45,24.2629929445567,45,1.86154361029092,45,-28.6192922353423,45,51.0499452319613
125,8,50,23.6692057237238,50,8.37162313160355,50,-31.0095357475686,50,50.4712719028793
125,8,55,23.3951991795189,55,15.0055059457598,55,-33.1320201754919,55,49.4728790990576
125,8,60,23.4233055573287,60,21.9602768852327,60,-34.9543158294708,60,48.0839357910965
125,8,65,23.586724200619,65,29.340202291895,65,-36.4921355569182,65,46.3694650639789
125,8,70,23.668526629164,70,37.1194719307643,70,-37.8008509116202,70,44.4154522667604
125,8,75,23.510082630271,75,45.1580742451846,75,-38.9437048813011,75,42.3178416265752
125,8,80,23.0786244019796,80,53.255626359985,80,-39.9552331678933,80,40.1765832383315
125,8,85,22.469166290712,85,61.2156670688039,85,-40.8172673687339,85,38.0909171130869
125,8,90,21.8481003055857,90,68.8948622228918,90,-41.456235826724,90,36.1523039552599
130,8,0,23.8901466468362,0,-42.5331386198938,0,14.8246353159787,0,41.8894623401747
130,8,5,25.22111994636,5,-38.921116178371,5,10.5945557589291,5,44.288464438909
130,8,10,26.8187998276146,10,-34.4689615750901,10,6.43697139121436,10,46.5952548515216
130,8,15,28.4935762408444,15,-29.3061526652048,15,2.4650328463763,15,48.7839234336519
130,8,20,30.0195164666309,20,-23.6075534580503,20,-1.26503191264736,20,50.8329148801274
130,8,25,31.2018514604328,25,-17.5846127063628,25,-4.75669590723205,25,52.7107628837523
130,8,30,31.9443547032179,30,-11.4539069741899,30,-8.05322421632501,30,54.3629358346847
130,8,35,32.2869279274609,35,-5.38853919047204,35,-11.2017746057446,35,55.7099504278368
130,8,40,32.3924844606648,40,0.528717947788952,40,-14.2186704052866,40,56.6613323808485
130,8,45,32.4842448277664,45,6.32742614640817,45,-17.0740842342531,45,57.1406748697836
130,8,50,32.7591582965048,50,12.1325497536873,50,-19.7040964284259,50,57.1099269519687
130,8,55,33.3160436505469,55,18.1126459367602,55,-22.0423786345546,55,56.581195673454
130,8,60,34.1298815422785,60,24.414127153605,60,-24.0527215387498,60,55.6117629609755
130,8,65,35.0803179052348,65,31.1083912188999,65,-25.7442357414702,65,54.2873513930853
130,8,70,36.0163590808086,70,38.170775103807,70,-27.1620925736971,70,52.7035105763215
130,8,75,36.8244721177893,75,45.4944638887784,75,-28.3602777615073,75,50.9529331304671
130,8,80,37.4698360702443,80,52.9279524957728,80,-29.3708396452205,80,49.1204422140125
130,8,85,37.9963054124654,85,60.3179883189602,85,-30.1835145219003,85,47.2823499724885
130,8,90,38.4902023732687,90,67.5420150189713,90,-30.7431010691314,90,45.5058576180509
135,8,0,32.5105726132366,0,-29.354155981616,0,23.6681554383376,0,38.3288565290378
135,8,5,33.6198105384817,5,-26.0812845200116,5,20.2401489032448,5,41.530942212993
135,8,10,34.893846153913,10,-22.135819307791,10,16.7806808062731,10,44.7310061156317
135,8,15,36.2064265988244,15,-17.6636287148215,15,13.3606328691379,15,47.8841017230452
135,8,20,37.4251745137352,20,-12.8378163714141,20,10.0132873155819,20,50.9301988052732
135,8,25,38.4527686692416,25,-7.83889912856443,25,6.73983693341793,25,53.789481750019
135,8,30,39.2621930174796,30,-2.82508805287395,30,3.52759188513854,30,56.3623358586087
135,8,35,39.9098150080692,35,2.10067194599239,35,0.374313920727749,35,58.5386558747517
135,8,40,40.5176547312722,40,6.91462012717937,40,-2.69278373544827,40,60.2166058647283
135,8,45,41.229663855359,45,11.6751609150949,45,-5.6135740570928,45,61.3251298386507
135,8,50,42.159466767858,50,16.5004223595898,50,-8.30970927864653,50,61.8411295980777
135,8,55,43.3516550218235,55,21.5268797034073,55,-10.7103115538093,55,61.7938751370721
135,8,60,44.7723760456588,60,26.8640379258202,60,-12.7754812938815,60,61.255196331964
135,8,65,46.3309761492669,65,32.5614654046598,65,-14.5058352919501,65,60.3206269341144
135,8,70,47.9204497714669,70,38.5981636464806,70,-15.9339658398098,70,59.0899014518719
135,8,75,49.4574460702445,75,44.8942605313317,75,-17.1028101469695,75,57.6535658863515
135,8,80,50.9051064144492,80,51.3366695326237,80,-18.0414042809927,80,56.0877848042026
135,8,85,52.2714679051605,85,57.8071131828046,85,-18.7483077193824,85,54.4550733627813
135,8,90,53.5873106343486,90,64.202909281146,90,-19.1885484244348,90,52.8070135141204
140,8,0,42.0746413690271,0,-13.6474827514926,0,30.4426509363898,0,34.1697501728421
140,8,5,42.8452651166302,5,-10.8942326726734,5,27.8689666151199,5,38.1158243555077
140,8,10,43.715845605334,10,-7.67504681121518,10,25.1649406570945,10,42.1064113154063
140,8,15,44.6179226196842,15,-4.12599166104636,15,22.3719863600447,15,46.0798614773948
140,8,20,45.4927889782155,20,-0.394509113925397,20,19.5121469414974,20,49.9495613881627
140,8,25,46.3122917577714,25,3.38244241304136,25,16.5965745168163,25,53.6062951360533
140,8,30,47.0924688853074,30,7.10223764854362,30,13.6394239480151,30,56.9264595156874
140,8,35,47.8928788622453,35,10.7166463728965,35,10.6719745049937,35,59.7869377765143
140,8,40,48.7996731832496,40,14.241066859677,40,7.75029786726723,40,62.0843967546257
140,8,45,49.897553067889,45,17.7479941352101,45,4.95177911235822,45,63.7537566885038
140,8,50,51.2411923346211,50,21.3449996161962,50,2.36077072612514,50,64.7795868472867
140,8,55,52.8374266523679,55,25.1435109495155,55,0.0490929120988311,55,65.1962412444346
140,8,60,54.6448700719903,60,29.2283862407326,60,-1.94010460920055,60,65.0768641731772
140,8,65,56.5899342713666,65,33.6376896116959,65,-3.59809090518164,65,64.5156927678501
140,8,70,58.591393172507,70,38.3575681533314,70,-4.943800634872,70,63.6100814580554
140,8,75,60.5828517347264,75,43.3311219504617,75,-6.00807099409526,75,62.4475535905291
140,8,80,62.5245839252258,80,48.4755433446905,80,-6.81583219982619,80,61.0999869618891
140,8,85,64.4016192550869,85,53.7003071719221,85,-7.37327809015764,85,59.6237710348623
140,8,90,66.2109148492047,90,58.9207298070148,90,-7.6643356647225,90,58.0630435905009
145,8,0,51.5262485450894,0,3.92306881079292,0,34.7248650145727,0,30.0660876370229
145,8,5,51.8873261597279,5,5.98755400911214,5,32.9806700524869,5,34.6804907237855
145,8,10,52.3192839723366,10,8.29600101009079,10,31.0260058615174,10,39.3356323819031
145,8,15,52.8001241220382,15,10.7404217196876,15,28.8859301844953,15,43.9584002600214
145,8,20,53.3214461477362,20,13.2132241165021,20,26.5804410803505,20,48.4500739286824
145,8,25,53.8960707528571,25,15.6253221591198,25,24.132029987487,25,52.6923588396081
145,8,30,54.5598532630937,30,17.9225207507284,30,21.5743985165758,30,56.5586422868402
145,8,35,55.365579963447,35,20.0961164451602,35,18.958928396344,35,59.9293787546258
145,8,40,56.3697468907685,40,22.1842134704725,40,16.3555833083123,40,62.708768319261
145,8,45,57.6161434837183,45,24.2624016744322,45,13.846683317285,45,64.8386720310596
145,8,50,59.1219350479952,50,26.4256462928038,50,11.514875356914,50,66.3058676889242
145,8,55,60.8713059434388,55,28.7662054381154,55,9.42928924328319,55,67.1405440670744
145,8,60,62.8188254124,60,31.3537264299261,60,7.63491729906501,60,67.4067301774541
145,8,65,64.9008504588911,65,34.2226941220287,65,6.14906714900355,65,67.1879143407463
145,8,70,67.0502778831309,70,37.3695625302391,70,4.96586516367644,70,66.5722692431317
145,8,75,69.209097106121,75,40.7585191689586,75,4.06662788960895,75,65.641257379769
145,8,80,71.3346593978743,80,44.3323564442624,80,3.43189450339674,80,64.4634687609011
145,8,85,73.3984899000288,85,48.0241844583565,85,3.05073763095976,85,63.0933998677096
145,8,90,75.3794681965483,90,51.766630971485,90,2.92441833010876,90,61.5734694153393
150,8,0,59.5765624160267,0,22.3694314227327,0,36.2637364467102,0,26.5994720479319
150,8,5,59.5210065519398,5,23.6129270736862,5,35.2707814733647,5,31.7917205421107
150,8,10,59.5290861734403,10,24.8867618483811,10,34.0171029890392,10,36.9784321774153
150,8,15,59.6110619720134,15,26.1192042196497,15,32.5210693197584,15,42.081609310827
150,8,20,59.7872816769706,20,27.2458894571767,20,30.8051089201173,20,47.003375425044
150,8,25,60.0889879060881,25,28.2219274183001,25,28.9004792140292,25,51.6326761514343
150,8,30,60.5555095099957,30,29.0313827645773,30,26.8514008064102,30,55.8556736146807
150,8,35,61.2278247598456,35,29.6917671729207,35,24.7167029329667,35,59.5683279965441
150,8,40,62.1398197257828,40,30.2520790792799,40,22.5676377210108,40,62.688811335519
150,8,45,63.3096501047927,45,30.7844411435459,45,20.4816951620701,45,65.1670716241734
150,8,50,64.7338988067726,50,31.3711083635689,50,18.5337108549857,50,66.9893387477405
150,8,55,66.3864609086184,55,32.0899349805376,55,16.786695835834,55,68.1766079213173
150,8,60,68.2225194628358,60,33.0017587131369,60,15.2850899536344,60,68.7777575111111
150,8,65,70.1862357247097,65,34.1424132749812,65,14.0523712890555,65,68.8593528814201
150,8,70,72.2195923358745,70,35.5205152790402,70,13.0934469076205,70,68.4948336651774
150,8,75,74.2696600919527,75,37.1204220324071,75,12.4006367775681,75,67.755495068226
150,8,80,76.2924039240802,80,38.9084755623991,80,11.9609844508129,80,66.7046802453483
150,8,85,78.2525784581964,85,40.8402124999638,85,11.7624395040056,85,65.3953860755425
150,8,90,80.12068391497,90,42.866606265305,90,11.7971105426694,90,63.8705303989909
155,8,0,64.820745201785,0,40.4044270251106,0,35.0159912094841,0,24.1420725273274
155,8,5,64.4123819774507,5,40.7580551419822,5,34.6735832297684,5,29.8080298509288
155,8,10,64.0627150845974,10,40.954482964909,10,34.0557121711924,10,35.3985222896009
155,8,15,63.8001377584741,15,40.9573610545347,15,33.1784977989006,15,40.8367843423628
155,8,20,63.6573046678458,20,40.7403445642618,20,32.0663116294117,20,46.0343662543928
155,8,25,63.6694530254465,25,40.2936243693871,25,30.7537213828399,25,50.8966456336855
155,8,30,63.8710256900866,30,39.6283118708151,30,29.2864696150375,30,55.3304296997737
155,8,35,64.2910603247958,35,38.777556100783,35,27.7206930715858,35,59.2524927727168
155,8,40,64.948297512575,40,37.7939126220433,40,26.1199988442367,40,62.5975497450512
155,8,45,65.8472183272825,45,36.7433154300585,45,24.5506287467174,45,65.3241570814129
155,8,50,66.9761062908831,50,35.6968050719849,50,23.0755731626605,50,67.4174161207017
155,8,55,68.3077315008899,55,34.7216904801297,55,21.7489062441248,55,68.888055691547
155,8,60,69.8025262793629,60,33.873892070279,60,20.6116308272596,60,69.7682935295867
155,8,65,71.41341880772,65,33.1928059718865,65,19.6899141516353,65,70.1055632563951
155,8,70,73.0910688574735,70,32.6992910314348,70,18.9959025529687,70,69.9555365828531
155,8,75,74.788251010897,75,32.3965693407579,75,18.5305736030948,75,69.3757915844671
155,8,80,76.4625308384754,80,32.2732074967626,80,18.2875699935052,80,68.4210557265657
155,8,85,78.0770076598583,85,32.3070697806026,85,18.2568147375366,85,67.1403734901224
155,8,90,79.5995191203583,90,32.4692191125296,90,18.4269393733787,90,65.5760186917423
160,8,0,65.919177060954,0,56.5254580571785,0,31.1432663896178,0,22.7658016333766
160,8,5,65.2854456220555,5,56.0060545288862,5,31.3529214685825,5,28.789954044877
160,8,10,64.6919066404187,10,55.1774212901193,10,31.3068681576082,10,34.6675112079288
160,8,15,64.1731234553863,15,54.0317485317156,15,31.0188718209129,15,40.3272651944151
160,8,20,63.763393570215,20,52.5708678887991,20,30.5114628075113,20,45.6936780496506
160,8,25,63.4948087305192,25,50.8089174033032,25,29.8160471667427,25,50.6905830248197
160,8,30,63.3948145001073,30,48.7736965084822,30,28.9723043702202,30,55.2457897658215
160,8,35,63.4836078678305,35,46.5062962740393,35,28.0266437965953,35,59.2959535018436
160,8,40,63.7718406778322,40,44.058908071763,40,27.0296956363018,40,62.790958205735
160,8,45,64.2591119967195,45,41.4910741551757,45,26.0330597684292,45,65.697109755517
160,8,50,64.9336124510179,50,38.864958219591,50,25.0857552656555,50,67.9986387059827
160,8,55,65.7730504852239,55,36.2404003058724,55,24.2309308970175,55,69.6973298028747
160,8,60,66.7467081014328,60,33.6705291773676,60,23.5033681541316,60,70.8104475533336
160,8,65,67.818226711286,65,31.1985388420217,65,22.9281345989022,65,71.3674230071104
160,8,70,68.948587606407,70,28.8559481436506,70,22.5204771091113,70,71.4059337710435
160,8,75,70.0987644478784,75,26.6623396040763,75,22.2867634484474,75,70.9680165920801
160,8,80,71.2316752672349,80,24.6263039545422,80,22.2260696769758,80,70.0967183628075
160,8,85,72.3132937349127,85,22.747160759746,85,22.3319262368534,85,68.8335738199199
160,8,90,73.3130179625639,90,21.0170009336914,90,22.593789557711,90,67.2169673495674
165,8,0,61.8348471175174,0,69.1627714432968,0,24.9832347984236,0,22.2339294892212
165,8,5,61.1450872921868,5,67.8846914551855,5,25.6577043693038,5,28.4950754280747
165,8,10,60.4580724450078,10,66.1835058158103,10,26.1239707539844,10,34.5555825639594
165,8,15,59.8056825806492,15,64.0705821487035,15,26.391102456387,15,40.3518474787319
165,8,20,59.2176971201927,20,61.565159114981,20,26.475310610914,20,45.8207206793312
165,8,25,58.7203612110657,25,58.6949435961289,25,26.3993729567771,25,50.9016184006411
165,8,30,58.3349659438886,30,55.4960745262485,30,26.1916637642193,30,55.5388828404008
165,8,35,58.076590234038,35,52.0123493679536,35,25.8847776780867,35,59.6841267473859
165,8,40,57.9531670001053,40,48.2937234813126,40,25.5138037580822,40,63.29827427669
165,8,45,57.9650156208317,45,44.3942117706421,45,25.1143771906732,45,66.3530381535842
165,8,50,58.1049268609644,50,40.3694206161731,50,24.7206910350547,50,68.8316498079142
165,8,55,58.3588061371964,55,36.2739948574187,55,24.3636724534401,55,70.7287690320839
165,8,60,58.7067946483441,60,32.1592679999519,60,24.0695087534988,60,72.0496195821621
165,8,65,59.1247167100473,65,28.0713553992821,65,23.8586510476584,65,72.8085016900346
165,8,70,59.5856631001777,70,24.0498438235718,70,23.7453410271184,70,73.0269011704095
165,8,75,60.061522778265,75,20.1271284142475,75,23.7376197064104,75,72.7314371981194
165,8,80,60.5243160070097,80,16.3283530669587,80,23.8377071258467,80,71.9518684360318
165,8,85,60.9472476129896,85,12.6718411821,85,24.0426044869056,85,70.7193218778584
165,8,90,61.3054711505717,90,9.16987002932436,90,24.344770979905,90,69.0648382245714
170,8,0,52.0831343071946,0,76.8805261219214,0,17.0175682460759,0,22.077199015571
170,8,5,51.5166013346101,5,75.0507139136134,5,18.0741826001373,5,28.458616771501
170,8,10,50.9026242566472,10,72.7213956715162,10,18.9879380268497,10,34.6119795981465
170,8,15,50.2647149800649,15,69.9138562607683,15,19.7610609151597,15,40.4812911638595
170,8,20,49.6246811597261,20,66.6553407860696,20,20.4004641650022,20,46.013084213344
170,8,25,49.0017753775661,25,62.9788586854588,25,20.9172353550985,25,51.1574843127679
170,8,30,48.4119531386374,30,58.9227449572166,30,21.3259428265118,30,55.8692704770549
170,8,35,47.8672859943135,35,54.5299713860203,35,21.6437867591925,35,60.108854387792
170,8,40,47.3755703213208,40,49.847228626292,40,21.8896372075476,40,63.8430987417799
170,8,45,46.9401602429412,45,44.9238274127374,45,22.0830138493495,45,67.0459052845208
170,8,50,46.5600359071746,50,39.8104893614871,50,22.2430700595378,50,69.6985231150268
170,8,55,46.2300982184282,55,34.5581110659931,55,22.3876447415587,55,71.7895548304092
170,8,60,45.9416614062599,60,29.2165874453112,60,22.5324383728407,60,73.3146676718225
170,8,65,45.6830988736656,65,23.8337716316127,65,22.6903558205247,65,74.2760443557109
170,8,70,45.4405882591071,70,18.4546311493171,70,22.8710400234413,70,74.6816296901193
170,8,75,45.1988998732132,75,13.1206372372408,75,23.08060092792,75,74.5442417910423
170,8,80,44.9421782812296,80,7.86939997436727,80,23.3215265680544,80,73.8806199849942
170,8,85,44.6546779313707,85,2.73454013215916,85,23.5927506799177,85,72.7104763635715
170,8,90,44.3214275248783,90,-2.25422793289469,90,23.8898452224322,90,71.0556068303156
175,8,0,36.9204018638869,0,78.5963573754526,0,7.85276408341733,0,21.7217066995576
175,8,5,36.6315645574576,5,76.4902089986487,5,9.19924974313542,5,28.1238628005213
175,8,10,36.2455521920875,10,73.8442616370539,10,10.4758609902297,10,34.2979458567099
175,8,15,35.7746001508135,15,70.6820028974887,15,11.6773937186938,15,40.1939971492841
175,8,20,35.2306178964495,20,67.0315081174044,20,12.8008549827028,20,45.7647567968813
175,8,25,34.6248125014879,25,62.9251240287172,25,13.8452706385447,25,50.9661806650249
175,8,30,33.9673640414952,30,58.3990792973072,30,14.8114259236251,30,55.7579138743458
175,8,35,33.2671649300994,35,53.493028761327,35,15.7015516455722,35,60.1037060443479
175,8,40,32.5316322975282,40,48.2495419969348,40,16.5189709991778,40,63.9717548065087
175,8,45,31.7665990128335,45,42.7135502554399,45,17.2677236104211,45,67.334966664341
175,8,50,30.9762851371628,50,36.93176846906,50,17.9521840843332,50,70.1711278150378
175,8,55,30.1633477343211,55,30.9521106131256,55,18.5766920398977,55,72.462981796862
175,8,60,29.3290033355325,60,24.8231170555224,60,19.1452093745541,60,74.1982154177048
175,8,65,28.4732142187348,65,18.5934115743453,65,19.6610184312673,65,75.3693589432401
175,8,70,27.5949272249676,70,12.3112035789872,70,20.1264720413261,70,75.9736105842583
175,8,75,26.6923522192118,75,6.02384794663512,75,20.5428033379016,75,76.0125985950038
175,8,80,25.7632665387848,80,-0.222528911926887,80,20.9100000470442,80,75.4920965529802
175,8,85,24.8053317957891,85,-6.38333227566938,85,21.2267449103146,85,74.4217085301744
175,8,90,23.8164100755496,90,-12.415731278566,90,21.490421168513,90,72.8145408960571
180,8,0,17.3977246551254,0,73.7682728149194,0,-1.7898986626891,0,20.620917505359
180,8,5,17.4875210076857,5,71.6903308842905,5,-0.266775943455671,5,26.9717772970222
180,8,10,17.4442267661236,10,69.0667822478267,10,1.25837710179113,10,33.1173655774505
180,8,15,17.2681714257591,15,65.9175936947936,15,2.77395313746446,15,39.0109107090223
180,8,20,16.9606948740377,20,62.2667324516119,20,4.26841771480299,20,44.6075592546667
180,8,25,16.5241371931773,25,58.1419837767923,25,5.73039705599076,25,49.8647173396023
180,8,30,15.96182085073,30,53.5747394983417,30,7.14876461547408,30,54.7423748164439
180,8,35,15.2780254135977,35,48.5997591029966,35,8.51272575969161,35,59.2034097665828
180,8,40,14.4779549779439,40,43.2549051955408,40,9.81189992075353,40,63.2138710204018
180,8,45,13.5676985628798,45,37.580855341521,45,11.0363995988313,45,66.7432365461766
180,8,50,12.5541837693517,50,31.6207924864114,50,12.1769056120017,50,69.7646457411668
180,8,55,11.4451240569155,55,25.4200763073237,55,13.2247380208482,55,72.2551038570221
180,8,60,10.2489600396513,60,19.0258979984756,60,14.1719221880409,60,74.1956570037008
180,8,65,8.97479524799405,65,12.4869211177077,65,15.0112494701419,65,75.5715364000188
180,8,70,7.63232684537006,70,5.85291122742492,70,15.7363320797349,70,76.3722707729913
180,8,75,6.23177182692785,75,-0.825642851382962,75,16.3416517003442,75,76.5917660505434
180,8,80,4.78378926203599,80,-7.49791328955502,80,16.8226014841547,80,76.2283517410781
180,8,85,3.29939917232914,85,-14.1131200802298,85,17.1755211129062,85,75.284793646926
180,8,90,1.78989866268917,90,-20.6209175053591,90,17.3977246551254,90,73.7682728149195
185,8,0,4.75579160118065,0,-62.4976691253962,0,11.0968473214333,0,-18.3554990980792
185,8,5,4.25601730976911,5,-60.7373655379658,5,9.53368072455001,5,-24.6127816056505
185,8,10,3.90271319294623,10,-58.4574401391935,10,7.90484638079248,10,-30.704815156125
185,8,15,3.70622909412843,15,-55.6703197158978,15,6.22627695457311,15,-36.5840007590562
185,8,20,3.67504490134499,20,-52.3927841164272,20,4.5155255181454,20,-42.2034877911474
185,8,25,3.81551362147793,25,-48.6459800958331,25,2.79150938981334,25,-47.5176904450509
185,8,30,4.13164084682777,30,-44.4553559249607,30,1.07421368624983,30,-52.4828147354595
185,8,35,4.62490688865956,35,-39.8505157767557,35,-0.61564023726109,35,-57.057378964205
185,8,40,5.29413721096003,40,-34.8649971641484,40,-2.25695523424454,40,-61.2027111003962
185,8,45,6.13542592810182,45,-29.5359785569684,45,-3.82864048170432,45,-64.8834082558093
185,8,50,7.14211603866162,50,-23.9039274175546,50,-5.31000717037393,50,-68.0677461332264
185,8,55,8.30483879048631,55,-18.0122010172391,55,-6.68116899563466,55,-70.7280297020077
185,8,60,9.61161316765023,60,-11.9066133932832,60,-7.92343822248283,60,-72.8408800544729
185,8,65,11.0480050254657,65,-5.63498167068562,65,-9.01970789457322,65,-74.3874560440748
185,8,70,12.5973439363344,70,0.753336176646196,70,-9.95481079328056,70,-75.3536125553009
185,8,75,14.2409943897404,75,7.20790199236283,75,-10.7158460012653,75,-75.7299998289136
185,8,80,15.9586766326774,80,13.6776488369937,80,-11.2924643553082,80,-75.5121099880837
185,8,85,17.7288311390693,85,20.1113180362485,85,-11.6771046642627,85,-74.7002777206022
185,8,90,19.5290194433919,90,26.4578792690413,90,-11.8651733195812,90,-73.2996420230455
190,8,0,27.3954541789911,0,-45.5181762445466,0,19.2202633852448,0,-14.6900346639787
190,8,5,26.524985543435,5,-44.3127225193612,5,17.7708970509404,5,-20.8323142718408
190,8,10,25.7884093850237,10,-42.6416004205339,10,16.207004640435,10,-26.8628979855112
190,8,15,25.2039989600177,15,-40.5065981075689,15,14.5459877539966,15,-32.728534113022
190,8,20,24.7879663077986,20,-37.9153449843746,20,12.8080282529561,20,-38.3751492865731
190,8,25,24.5540331833122,25,-34.8815943119237,25,11.0158167102044,25,-43.7490032145831
190,8,30,24.5130212253595,30,-31.4252381503546,30,9.19420882382755,30,-48.7978908452998
190,8,35,24.672479598398,35,-27.5720519165294,35,7.36980543749703,35,-53.4723122981862
190,8,40,25.0363714396927,40,-23.3531904871653,40,5.57045846339009,40,-57.7265341907571
190,8,45,25.6048398579361,45,-18.8044803904653,45,3.82471259941503,45,-61.5194775289961
190,8,50,26.3740699534451,50,-13.9655702514875,50,2.16119946057994,50,-64.8153859209677
190,8,55,27.3362563186532,55,-8.87901187547168,55,0.608005046578791,55,-67.5842512189917
190,8,60,28.4796773943506,60,-3.58934575589196,60,-0.807967522809433,60,-69.8019987183076
190,8,65,29.7888708134647,65,1.85774272748249,65,-2.06162028509387,65,-71.4504573595452
190,8,70,31.2448990808492,70,7.4161453326932,70,-3.1302524511016,70,-72.5171588869959
190,8,75,32.8256934814415,75,13.0399005037908,75,-3.99411194716087,75,-72.9950213029232
190,8,80,34.5064658432726,80,18.6836021638091,80,-4.6369001842567,80,-72.8819751266544
190,8,85,36.2601816050927,85,24.3026605736169,85,-5.04622514109849,85,-72.1805861598279
190,8,90,38.0580918065787,90,29.8534449331374,90,-5.21399614314864,90,-70.8977171505686
195,8,0,48.2937854272048,0,-24.0749814530939,0,25.3771656073519,0,-9.59556981264057
195,8,5,47.1510383221699,5,-23.5874260375524,5,24.2025181350441,5,-15.6038334894378
195,8,10,46.1034395935348,10,-22.7127681949981,10,22.8852601175183,10,-21.5662738991401
195,8,15,45.1732195800889,15,-21.439062847573,15,21.4402076783013,15,-27.4193440977221
195,8,20,44.3815477930399,20,-19.7627897878312,20,19.8854483753775,20,-33.0962456702122
195,8,25,43.7479624419982,25,-17.6896832574458,25,18.2424217396736,25,-38.5292909915048
195,8,30,43.2896528114637,30,-15.2349191678439,30,16.5358558589384,30,-43.6524308837237
195,8,35,43.0206747671768,35,-12.4226186318733,35,14.7934942851288,35,-48.4037238315452
195,8,40,42.9512065055033,40,-9.28470412229271,40,13.0455888392665,40,-52.7275207928939
195,8,45,43.0869528282186,45,-5.85922443431104,45,11.3241816370036,45,-56.5761675815994
195,8,50,43.4287810434148,50,-2.18833357842375,50,9.66224105759012,50,-59.9110835264729
195,8,55,43.9726265307903,55,1.6838462640216,55,8.09274021929131,55,-62.7031535736368
195,8,60,44.7096532044478,60,5.71323619162015,60,6.64776641698961,60,-64.9324590574245
195,8,65,45.6266080951535,65,9.8574705855057,65,5.3577264054547,65,-66.5874550835845
195,8,70,46.7062827818088,70,14.0770684650448,70,4.25067285238992,70,-67.6637654746939
195,8,75,47.9279944742956,75,18.3360296833748,75,3.35173418499179,75,-68.1627991559623
195,8,80,49.2680253324932,80,22.6018670123259,80,2.6825971419175,80,-68.0903907566845
195,8,85,50.7000015862852,85,26.8451639866724,85,2.26097941625667,85,-67.4556361147923
195,8,90,52.1952406918046,90,31.0388059328628,90,2.10004333601187,90,-66.27003900913
200,8,0,65.4526689080032,0,0.266932824093658,0,28.9688505993507,0,-3.25042246114471
200,8,5,64.1766815678829,5,-0.0459056854237845,5,28.2263859741229,5,-9.08610427739196
200,8,10,62.9323258353239,10,-0.0740078677215528,10,27.3380049706365,10,-14.9541549506234
200,8,15,61.7410049547943,15,0.211886559982682,15,26.3100138539937,15,-20.7778815812271
200,8,20,60.6262774068144,20,0.829700144225994,20,25.1517969858612,20,-26.4734190660043
200,8,25,59.6130327501057,25,1.78397746499733,25,23.8770202433469,25,-31.9537747465933
200,8,30,58.7259921844811,30,3.06498275366626,30,22.504460205678,30,-37.1333749543544
200,8,35,57.9878060591049,35,4.64915869731497,35,21.0582155246616,35,-41.9326549779567
200,8,40,57.4171287393606,40,6.500999970969,40,19.5672079215911,40,-46.2821816610017
200,8,45,57.0270651615307,45,8.57618218777286,45,18.0640540901304,45,-50.1258239554567
200,8,50,56.8242945647798,50,10.825572239829,50,16.5835403846867,50,-53.4226009966192
200,8,55,56.8090054864482,55,13.1995801163843,55,15.1610170781676,55,-56.1470273977776
200,8,60,56.975568342334,60,15.652240298326,60,13.8310218932831,60,-58.2880068486244
200,8,65,57.3136880274853,65,18.1444564472304,65,12.6263432054724,65,-59.8465483775901
200,8,70,57.8096745382359,70,20.6459988766759,70,11.5775703939847,70,-60.8327449057662
200,8,75,58.447476397341,75,23.1360726327521,75,10.7130027632419,75,-61.2625262809946
200,8,80,59.2092357796516,80,25.6025195560603,80,10.0586559245795,80,-61.1546701856218
200,8,85,60.0753071173562,85,28.0399260069062,85,9.63805925023084,85,-60.5284427045327
200,8,90,61.0238732115422,90,30.4470423545108,90,9.47159582293194,90,-59.4020826592251
205,8,0,77.3272508791491,0,25.8299565947404,0,29.6818407786306,0,3.97691471814209
205,8,5,76.0776283427591,5,24.7113882374844,5,29.5148690306224,5,-1.61060564398458
205,8,10,74.7752950977522,10,23.7492923403783,10,29.2231654269286,10,-7.32038636914326
205,8,15,73.4356004534108,15,22.9938791263059,15,28.7967484305416,15,-13.0632152697449
205,8,20,72.0825071966907,20,22.4825082389147,20,28.2281767464106,20,-18.73675573341
205,8,25,70.7473166761179,25,22.2353061155844,25,27.516007780061,25,-24.231348801654
205,8,30,69.4655779306333,30,22.2522736189695,30,26.6673336924869,30,-29.4370782474166
205,8,35,68.2728253918678,35,22.5126221384505,35,25.6988122828614,35,-34.2513471989172
205,8,40,67.2001113678601,40,22.9767972377945,40,24.6359852200444,40,-38.5859927578364
205,8,45,66.2703846895592,45,23.5911803458258,45,23.5111109648446,45,-42.3729140236465
205,8,50,65.496563589458,50,24.2949007358925,50,22.3601239179277,50,-45.5673624290839
205,8,55,64.8816916970501,55,25.0276948157135,55,21.2195526392245,55,-48.1484310597422
205,8,60,64.4209744996628,60,25.7374744441315,60,20.1242082599845,60,-50.1167990049111
205,8,65,64.1049540791391,65,26.3863103191846,65,19.1061767321009,65,-51.4903015542855
205,8,70,63.922774770539,70,26.953896215997,70,18.1951889518071,70,-52.2982626191394
205,8,75,63.8645293542955,75,27.4381214235432,75,17.4199471255592,75,-52.5756447794793
205,8,80,63.9220392750526,80,27.8529639535308,80,16.8096235862271,80,-52.3579347642712
205,8,85,64.0879779357969,85,28.2243590909602,85,16.3946470695055,85,-51.6773669388599
205,8,90,64.3537941796805,90,28.5849091782267,90,16.2060857224281,90,-50.5607225672734
210,8,0,82.9385226110059,0,50.9971469364514,0,27.5326955037391,0,11.5668329591407
210,8,5,81.8768967416315,5,49.1381124725185,5,28.0572320393962,5,6.34615882291433
210,8,10,80.6666145791583,10,47.2788750551222,10,28.497028728173,10,0.904172817189517
210,8,15,79.3113816227691,15,45.4928534753647,15,28.817583211351,15,-4.66249712787764
210,8,20,77.8334220755698,20,43.8428221105511,20,28.9867321116977,20,-10.2358061877771
210,8,25,76.2718321130427,25,42.3727187846982,25,28.9815002103397,25,-15.683291588747
210,8,30,74.6771386259239,30,41.1007058445671,30,28.7930695663484,30,-20.8677856172642
210,8,35,73.1031761347502,35,40.0152952543166,35,28.4287959332035,35,-25.6587891107308
210,8,40,71.5982173327568,40,39.0760148852572,40,27.9109054053056,40,-29.9438370798859
210,8,45,70.1976472599598,45,38.2192148710447,45,27.272346723166,45,-33.6379090164807
210,8,50,68.9201497392416,50,37.3683746086365,50,26.5510528936869,50,-36.6891487560699
210,8,55,67.7683833842539,55,36.4470406096645,55,25.7843420265218,55,-39.0798735985571
210,8,60,66.7337342282266,60,35.3917401178017,60,25.0051595288337,60,-40.8229010037782
210,8,65,65.803417367647,65,34.1621971187531,65,24.2412646037084,65,-41.9542845202884
210,8,70,64.967462531529,70,32.7469619814916,70,23.5174363351092,70,-42.5242689416452
210,8,75,64.2232615238984,75,31.1638535396938,75,22.8596610351109,75,-42.5884055715606
210,8,80,63.5763262827626,80,29.455893798165,80,22.2994809395661,80,-42.2003123954781
210,8,85,63.0373052319393,85,27.6842235313986,85,21.876540106346,85,-41.4067735172064
210,8,90,62.6165724361873,90,25.9196305190397,90,21.637903743239,90,-40.2451223422969
215,8,0,81.8912025758508,0,74.3273141615309,0,22.8393386174904,0,18.911885118554
215,8,5,81.1646531937882,5,71.8564524882839,5,24.1274608214829,5,14.2114810893211
215,8,10,80.1980631887525,10,69.2017331246009,10,25.3801554461688,10,9.18639222397366
215,8,15,78.9771362867569,15,66.4587516682495,15,26.5323246498739,15,3.93134440765888
215,8,20,77.5183325873006,20,63.7203715508825,20,27.5219131059578,20,-1.42686361955682
215,8,25,75.867872235134,25,61.0633387397971,25,28.3008036791832,25,-6.73633808321717
215,8,30,74.093884368316,30,58.5348118139653,30,28.8425906250349,30,-11.8321960854177
215,8,35,72.2730914198207,35,56.1423920821524,35,29.1455410232531,35,-16.5524581360352
215,8,40,70.4753349429987,40,53.8510534600118,40,29.2301345110802,40,-20.7550627516057
215,8,45,68.7503500718099,45,51.5889689949683,45,29.1319497322384,45,-24.3326205090197
215,8,50,67.1208628210333,50,49.2618497137007,50,28.8920257867585,50,-27.2217387507256
215,8,55,65.5841974055668,55,46.7727816579081,55,28.5477320803408,55,-29.4049624205966
215,8,60,64.1216842842257,60,44.0426907537374,60,28.1271975879171,60,-30.905303789405
215,8,65,62.7123398831101,65,41.0263443556585,65,27.649267995901,65,-31.7753386783399
215,8,70,61.3457403924122,70,37.7204123050923,70,27.1289993378301,70,-32.0841499698903
215,8,75,60.0294559751077,75,34.162877512192,75,26.5865515638815,75,-31.9054497736304
215,8,80,58.7886811094586,80,30.4257314497915,80,26.0559103442511,80,-31.3090279141969
215,8,85,57.6587727568121,85,26.6042345319967,85,25.5897765978191,85,-30.3558977954572
215,8,90,56.6739363924458,90,22.8056562440317,90,25.258237399678,90,-29.0960736288749
220,8,0,74.3308752353177,0,94.616577695251,0,16.1300363397429,0,25.3964499817964
220,8,5,74.0568977798415,5,91.7155250788686,5,18.1927644027669,5,21.3835825403706
220,8,10,73.477311008222,10,88.4290833197114,10,20.269206923759,10,16.9451061305865
220,8,15,72.5520758123587,15,84.8691680134943,15,22.2625247771646,15,12.1619502417123
220,8,20,71.2842844678179,20,81.1592282607214,20,24.0803047724824,20,7.15977423150406
220,8,25,69.7224802961887,25,77.4150153257672,25,25.6494080191157,25,2.10367903536108
220,8,30,67.9516038597924,30,73.7224020194721,30,26.9265885278808,30,-2.81574664959498
220,8,35,66.0735912076188,35,70.1182455657879,35,27.9023699166363,35,-7.40342320568383
220,8,40,64.1827467240476,40,66.5806980386488,40,28.5971095328104,40,-11.4838187569045
220,8,45,62.3437500426414,45,63.0334886920373,45,29.0502361791704,45,-14.9226415655321
220,8,50,60.5800377701117,50,59.3646645430547,50,29.3058178300966,50,-17.6409514668723
220,8,55,58.8769337398867,55,55.4553095685719,55,29.3991737072119,55,-19.6183371621467
220,8,60,57.198365523705,60,51.2099414916513,60,29.3494036909253,60,-20.8850268539658
220,8,65,55.5105649266504,65,46.5795803014774,65,29.1609832248346,65,-21.5062784382265
220,8,70,53.8032966933852,70,41.5715437622235,70,28.8342532215534,70,-21.5646414711579
220,8,75,52.10033565039,75,36.2455104420138,75,28.3809604745162,75,-21.1455435855223
220,8,80,50.4556307411658,80,30.700511097025,80,27.8386766587752,80,-20.3291214264303
220,8,85,48.9375897437351,85,25.0596279784999,85,27.2781214377908,85,-19.1876409009012
220,8,90,47.6083674991228,90,19.4574544135576,90,26.8000111121667,90,-17.7852387735859
225,8,0,60.8684403034637,0,110.928755852988,0,8.02332269152459,0,30.4751445436548
225,8,5,61.1222179581045,5,107.814599701598,5,10.7995654823722,5,27.3038721846582
225,8,10,61.0514239169033,10,104.113134194195,10,13.6328185517024,10,23.6163674183813
225,8,15,60.5810985328418,15,99.9415710263301,15,16.3998425918281,15,19.467899244572
225,8,20,59.689482452322,20,95.4480367526262,20,18.9825065028198,20,14.9721748392883
225,8,25,58.4182289180189,25,90.7872318365323,25,21.2858911076863,25,10.2995362161478
225,8,30,56.8647444905828,30,86.0885163274274,30,23.2518131989122,30,5.6619495487323
225,8,35,55.1561859131743,35,81.4251297307457,35,24.8639651075663,35,1.28665482222141
225,8,40,53.4126407375744,40,76.7950346016445,40,26.1427000862543,40,-2.61593423895982
225,8,45,51.7127616934616,45,72.1218413442531,45,27.1304831061772,45,-5.88221692529773
225,8,50,50.0754894900606,50,67.2781144623757,50,27.872293738727,50,-8.41537505773074
225,8,55,48.4656794934601,55,62.1249089094548,55,28.3976982879165,55,-10.1900229089889
225,8,60,46.8215991339565,60,56.5543764237477,60,28.7116957613493,60,-11.241118432577
225,8,65,45.0927527281638,65,50.5206347271115,65,28.7989297780844,65,-11.642305796506
225,8,70,43.2719116342878,70,44.0493896503525,70,28.6407646055456,70,-11.4825980452412
225,8,75,41.4079811378003,75,37.2267030861726,75,28.2390316316147,75,-10.8499699024879
225,8,80,39.5951263351283,80,30.1764433682561,80,27.6368573019462,80,-9.82580668435434
225,8,85,37.9439675696595,85,23.039156898665,85,26.9278422653624,85,-8.48768482375135
225,8,90,36.5475582385536,90,15.9607592104178,90,26.2495016929224,90,-6.91344568521343
230,8,0,42.4834479310558,0,122.616125488727,0,-0.8818055817387,0,33.7305720582756
230,8,5,43.2899045622049,5,119.515776724892,5,2.47597877227995,5,31.5169947854452
230,8,10,43.8127716292436,10,115.648558159052,10,5.92797731012131,10,28.7145861964166
230,8,15,43.9328091092259,15,111.122056552745,15,9.33584018895688,15,25.3439125607091
230,8,20,43.5899610561785,20,106.096353451143,20,12.5641647776741,20,21.4970528382766
230,8,25,42.8074080411916,25,100.757050955694,25,15.5009947358868,25,17.3408994398496
230,8,30,41.6888351994358,30,95.2743519300209,30,18.0747038715332,30,13.1022269624337
230,8,35,40.3854084947642,35,89.7594172681596,35,20.2613381827705,35,9.03645096385267
230,8,40,39.043179179212,40,84.2334869573817,40,22.0789214278173,40,5.38720461219716
230,8,45,37.7522106871408,45,78.6236865955531,45,23.5695860519723,45,2.34722195632738
230,8,50,36.5197680343591,50,72.7908143114229,50,24.7750624060663,50,0.0315394667676321
230,8,55,35.2801086665866,55,66.5812387241921,55,25.7144656332402,55,-1.52907895524096
230,8,60,33.9370020826881,60,59.8834581113301,60,26.3739303080002,60,-2.37329499036876
230,8,65,32.4199634802515,65,52.6667326940519,65,26.7142382196771,65,-2.58009146528384
230,8,70,30.7289022625193,70,44.9876048274893,70,26.6954442465388,70,-2.23861479585432
230,8,75,28.9476844527315,75,36.9663454414298,75,26.3094670816195,75,-1.42989734121055
230,8,80,27.2218970277507,80,28.7502355780611,80,25.6071030950172,80,-0.226001838144002
230,8,85,25.7121164366582,85,20.4851535666649,85,24.7078922070562,85,1.29850330383858
230,8,90,24.5433137950171,90,12.3085290066208,90,23.7886281011848,90,3.05521569671053
235,8,0,20.4064528021376,0,129.337615428654,0,-10.0767195464828,0,34.898590545125
235,8,5,21.7399425241729,5,126.45833585816,5,-6.32506317136549,5,33.7055425636971
235,8,10,22.8915212262225,10,122.677137435212,10,-2.44414089997485,10,31.8752588115569
235,8,15,23.6906907408566,15,118.075903988151,15,1.42730111756846,15,29.3894814668446
235,8,20,24.0274711446335,20,112.80904643275,20,5.14662285565733,20,26.3116506116812
235,8,25,23.8962632852875,25,107.077880699984,25,8.58954839578492,25,22.7965240042571
235,8,30,23.4016302263662,30,101.083227842013,30,11.6712620586222,30,19.0769503340011
235,8,35,22.717682960122,35,94.9692634942479,35,14.3572804501853,35,15.4292990345592
235,8,40,22.0158615978224,40,88.7797243431721,40,16.6584858732168,40,12.1256557724431
235,8,45,21.3934766585148,45,82.4472745897668,45,18.6109669561166,45,9.38551537695927
235,8,50,20.8371589820779,50,75.8254827329556,50,20.2475733791319,50,7.34121208289592
235,8,55,20.239439770989,55,68.7538543414958,55,21.572322924658,55,6.02834351180913
235,8,60,19.4609757840919,60,61.1289954877744,60,22.5494821982148,60,5.40414641187783
235,8,65,18.4088364252659,65,52.9499672852138,65,23.1148754454647,65,5.38507484693125
235,8,70,17.0941641724653,70,44.3182765449035,70,23.207864254864,70,5.88539367554864
235,8,75,15.6435848195683,75,35.397140404611,75,22.8120586807445,75,6.83808458604596
235,8,80,14.2613989377775,80,26.3565407674915,80,21.987283217774,80,8.18989588420076
235,8,85,13.161573836164,85,17.3364861408846,85,20.8787378780458,85,9.87842471783263
235,8,90,12.4992700926688,90,8.44708511352575,90,19.6997550448474,90,11.8105548433065
240,8,0,-4.01791149485533,0,131.06602487813,0,-19.1659767912787,0,33.8614547903553
240,8,5,-2.22511035088021,5,128.569647129824,5,-15.2389855108717,5,33.6956279852512
240,8,10,-0.46455331353244,10,125.09617819975,10,-11.1446885044536,10,32.8717069898504
240,8,15,1.04028463173567,15,120.688073502297,15,-7.00755996441313,15,31.3341917947356
240,8,20,2.1238621311028,20,115.475339189111,20,-2.96790099085149,20,29.1143205995949
240,8,25,2.74652029431621,25,109.655890929289,25,0.841801151353148,25,26.3466339018599
240,8,30,3.01140827640361,30,103.445440994139,30,4.32290482159657,30,23.2595299960742
240,8,35,3.11550465955834,35,97.0106921593785,35,7.42610487523848,35,20.140158310048
240,8,40,3.25431724164913,40,90.4128239727196,40,10.1484434629935,40,17.281626894314
240,8,45,3.52667703967229,45,83.5899685048962,45,12.5124420814257,45,14.9264441124925
240,8,50,3.88848862886677,50,76.3930632042651,50,14.5356349718716,50,13.2232886176078
240,8,55,4.17966227614599,55,68.6637638513899,55,16.2033213355825,55,12.2124525408422
240,8,60,4.21053607144467,60,60.3192655443387,60,17.4578529747612,60,11.8462060950095
240,8,65,3.86431533547677,65,51.4021205758394,65,18.2129913432043,65,12.0349739724063
240,8,70,3.16611605308291,70,42.0703770184121,70,18.3914434425065,70,12.6960445906349
240,8,75,2.28840017051417,75,32.5364191699468,75,17.971414079063,75,13.7789457228034
240,8,80,1.49447029532321,80,22.991947697839,80,17.0215374407539,80,15.2551573003132
240,8,85,1.04861433717517,85,13.5631229467683,85,15.7083203555036,85,17.0823675976188
240,8,90,1.13133251603929,90,4.3197961517482,90,14.2735891760594,90,19.1702536199844
245,8,0,-29.4743948389786,0,128.070525819396,0,-27.8515635753948,0,30.619282761751
245,8,5,-27.3164903555454,5,126.058185051395,5,-23.9721870024191,5,31.4388107508914
245,8,10,-25.0156617962881,10,123.057977871864,10,-19.8810166272239,10,31.6068813703883
245,8,15,-22.8430893143889,15,119.064765042027,15,-15.6766458023537,15,31.0373914099292
245,8,20,-21.0167374481594,20,114.168757053482,20,-11.489038760894,20,29.7293635630737
245,8,25,-19.6081602972034,25,108.54587341022,25,-7.4549613463818,25,27.7903107942223
245,8,30,-18.5136142819584,30,102.40896343107,30,-3.68724128365811,30,25.4327456922948
245,8,35,-17.5122892072097,35,95.9332905434032,35,-0.25456217974946,35,22.9422600642841
245,8,40,-16.386938691965,40,89.1889803947376,40,2.81847224150331,40,20.6235278543052
245,8,45,-15.0441948855943,45,82.1173666488832,45,5.53196586951661,45,18.7376172402577
245,8,50,-13.5689326920351,50,74.5706474364962,50,7.88133980294004,50,17.4495167182425
245,8,55,-12.1829547359223,55,66.4013939155752,55,9.83112820035405,55,16.8057906274321
245,8,60,-11.1309370693916,60,57.5582965825594,60,11.3052424946815,60,16.7538378459744
245,8,65,-10.5539111119591,65,48.1369430428582,65,12.2025625107545,65,17.1953960467882
245,8,70,-10.4124538458702,70,38.3573812803029,70,12.4364067550677,70,18.0466534178652
245,8,75,-10.491395275093,75,28.4819510824731,75,11.9832058233951,75,19.2708344691769
245,8,80,-10.4762875688672,80,18.7216999528519,80,10.9181734557064,80,20.8648426076649
245,8,85,-10.0624521652484,85,9.18546091186117,85,9.42103307208367,85,22.8111840686396
245,8,90,-9.05159912240904,90,-0.100921012990527,90,7.75016736202589,90,25.0297970536851
250,8,0,-54.8043180802405,0,120.867912714815,0,-35.898039209111,0,25.254147737573
250,8,5,-52.3834355584318,5,119.378109868871,5,-32.2730641685506,5,26.9813196874697
250,8,10,-49.6447480246514,10,116.94717341946,10,-28.3850468191461,10,28.0881163012543
250,8,15,-46.895258779862,15,113.52161043751,15,-24.2996437159727,15,28.4678747943527
250,8,20,-44.3931717007116,20,109.143410096597,20,-20.1301347664389,20,28.0905491282892
250,8,25,-42.2320100176076,25,103.95263159619,25,-16.0129440688676,25,27.0318196452916
250,8,30,-40.3012855033242,30,98.1432399557993,30,-12.0740142532845,30,25.4772320071125
250,8,35,-38.3548964653639,35,91.884303723904,35,-8.40524684078632,35,23.6974403396904
250,8,40,-36.1574285081926,40,85.2443847753833,40,-5.06115208396814,40,21.997784730551
250,8,45,-33.6284856936297,45,78.1638057339003,45,-2.07383787882374,45,20.6528545798701
250,8,50,-30.9021509491856,50,70.4984808553741,50,0.523046905407467,50,19.8449557890713
250,8,55,-28.2676925026871,55,62.1189677500141,55,2.67281906557888,55,19.6308615103228
250,8,60,-26.0264260279261,60,53.012941582295,60,4.28769854930963,60,19.9554953461966
250,8,65,-24.3434628534653,65,43.3325545264974,65,5.26259644262025,65,20.7097706509086
250,8,70,-23.1678872538795,70,33.3576492930493,70,5.51120817370115,70,21.8023490067308
250,8,75,-22.2510593845367,75,23.3948725260285,75,5.01202157857979,75,23.2024989654038
250,8,80,-21.242116728014,80,13.6704291645957,80,3.84277507037525,80,24.9275283895971
250,8,85,-19.8109966949144,85,4.27692373903722,85,2.18585663984997,85,26.9849515655918
250,8,90,-17.7506731486734,90,-4.79783601226057,90,0.302666579247651,90,29.3106540782491
255,8,0,-79.0932198895776,0,110.149336055228,0,-43.0980960160821,0,17.8986371749614
255,8,5,-76.5026805039531,5,109.167404566021,5,-39.9071253452516,5,20.4319797295531
255,8,10,-73.442235062419,10,107.332982268622,10,-36.3977614938315,10,22.3956525211559
255,8,15,-70.2385495892162,15,104.550781534612,15,-32.599927697956,15,23.673936079721
255,8,20,-67.1710492128143,20,100.814805885839,20,-28.6049330512521,20,24.2133373461998
255,8,25,-64.3392691969948,25,96.2229224324891,25,-24.5430026943049,25,24.0554647034298
255,8,30,-61.616997366842,30,90.9390077236595,30,-20.5502528971807,30,23.3494386554587
255,8,35,-58.7317335031951,35,85.1130607980298,35,-16.7444881558435,35,22.3377412334351
255,8,40,-55.4347125678148,40,78.8013310543616,40,-13.2183171804411,40,21.3144947898881
255,8,45,-51.6654606466821,45,71.9375822179684,45,-10.0462902811888,45,20.5617745633025
255,8,50,-47.6123926034428,50,64.3819154848104,50,-7.29805370072856,50,20.2804592455231
255,8,55,-43.6334830660253,55,56.0269491057499,55,-5.05079805599013,55,20.5434941661356
255,8,60,-40.0853412513829,60,46.9021530680734,60,-3.39504860339091,60,21.2987896207247
255,8,65,-37.1574141349901,65,37.2133635750084,65,-2.42657201383485,65,22.4266483058142
255,8,70,-34.7936275115178,70,27.2910950786729,70,-2.22005588812324,70,23.8216901996071
255,8,75,-32.725815341457,75,17.475487896939,75,-2.79108398152445,75,25.4484931667976
255,8,80,-30.5852460000728,80,8.00251992905781,80,-4.06434887042494,80,27.3347012836813
255,8,85,-28.0333374639541,85,-1.04664837297713,85,-5.86596639074431,85,29.5080303400335
255,8,90,-24.8632944088493,90,-9.70877070023866,90,-7.94435553782874,90,31.922952458867
260,8,0,-101.705822773306,0,96.6992970222175,0,-49.2511865318525,0,8.71488103392725
260,8,5,-99.0189619443763,5,96.1731874460919,5,-46.6442848652034,5,11.9369839061286
260,8,10,-95.7475529265531,10,94.9053569963722,10,-43.6639118575441,10,14.6546544285924
260,8,15,-92.2206326523693,15,92.7707465670209,15,-40.3041723974182,15,16.7544742171956
260,8,20,-88.7166814614215,20,89.7237534304291,20,-36.6295143725306,20,18.1667710763941
260,8,25,-85.3224008338022,25,85.8220850066846,25,-32.7570786643825,25,18.8995397106814
260,8,30,-81.8861621999808,30,81.1949333528739,30,-28.8288308006172,30,19.0585275158908
260,8,35,-78.1092708948225,35,75.9643725388254,35,-24.9900870443197,35,18.8460018313141
260,8,40,-73.7354585340208,40,70.1651821091582,40,-21.3790766608368,40,18.5324540783547
260,8,45,-68.7294180356198,45,63.7186437351885,45,-18.1225460528432,45,18.3998281721607
260,8,50,-63.334370757926,50,56.4873752332045,50,-15.3325997875669,50,18.6677007159389
260,8,55,-57.9731189433224,55,48.3862269263099,55,-13.1057484980518,55,19.4319113654617
260,8,60,-53.0537368414373,60,39.4839517852171,60,-11.5258787702296,60,20.6517270565434
260,8,65,-48.7915337111551,65,30.0314943434939,65,-10.6657771433211,65,22.2007553149537
260,8,70,-45.1349758699979,70,20.3963185891779,70,-10.5769726059788,70,23.9553563500822
260,8,75,-41.8129526723943,75,10.9388937452535,75,-11.264915221383,75,25.864032413251
260,8,80,-38.4576963877179,80,1.89977901701945,80,-12.6610215346308,80,27.9512630948523
260,8,85,-34.7374740963745,85,-6.6442519872989,85,-14.6096551600703,85,30.2556276856312
260,8,90,-30.4531573705038,90,-14.7374451430685,90,-16.8794851077009,90,32.7492370643506
265,8,0,-122.26989179188,0,81.3250000692059,0,-54.1590108826677,0,-2.11558595478239
265,8,5,-119.535852437817,5,81.1816433516458,5,-52.2591547488615,5,1.6650395366567
265,8,10,-116.145399710995,10,80.410108596182,10,-49.935567094316,10,5.01681120784792
265,8,15,-112.414116745746,15,78.8702436705377,15,-47.1473214232082,15,7.83883129400047
265,8,20,-108.598061394001,20,76.4911227944503,20,-43.9272728113609,20,10.0532915390346
265,8,25,-104.75305467194,25,73.2996273867011,25,-40.3725369975023,25,11.63735703472
265,8,30,-100.694159852009,30,69.3925185533057,30,-36.6263491257247,30,12.6493153594251
265,8,35,-96.0989682948441,35,64.8603249757601,35,-32.8623465294141,35,13.2412143607371
265,8,40,-90.7102845402198,40,59.7103536851836,40,-29.27035177897,40,13.6476242311282
265,8,45,-84.5206594299468,45,53.8463142659114,45,-26.0371590272448,45,14.1408778920343
265,8,50,-77.8233279220166,50,47.1299392145121,50,-23.3225021934684,50,14.9568336663014
265,8,55,-71.0969444004228,55,39.4943791110071,55,-21.2412152746538,55,16.2198070670165
265,8,60,-64.7951838219597,60,31.039899699984,60,-19.8628115415654,60,17.9104695711761
265,8,65,-59.1621655244506,65,22.0495949763377,65,-19.2254780086359,65,19.9036924430171
265,8,70,-54.1630905278334,70,12.9122850845542,70,-19.3470601335238,70,22.057594672673
265,8,75,-49.5410572090182,75,3.99626926463886,75,-20.217853617405,75,24.2952829568363
265,8,80,-44.9456983470669,80,-4.45687658148337,80,-21.7778090734394,80,26.6235493344933
265,8,85,-40.0637577609699,85,-12.3669172110614,85,-23.8959199156722,85,29.0793508357678
265,8,90,-34.7088403249255,90,-19.7690560228799,90,-26.3681385824014,90,31.6480987256073
270,8,0,-140.622238968154,0,64.8075401447362,0,-57.6347668454787,0,-14.393904771211
270,8,5,-137.867807359153,5,64.9654264987133,5,-56.5406635008571,5,-10.1973317870704
270,8,10,-134.424885629114,10,64.5960296089619,10,-54.980848267647,10,-6.34648961474534
270,8,15,-130.582486548856,15,63.5586751002655,15,-52.8797945385022,15,-2.92120305408755
270,8,20,-126.556436031774,20,61.7742162468034,20,-50.2346367424583,20,0.000529770653748121
270,8,25,-122.357825759685,25,59.2528733895305,25,-47.1168931209554,25,2.36942868633786
270,8,30,-117.764740983332,30,56.0668424848567,30,-43.6674747080638,30,4.19504061417902
270,8,35,-112.436650026665,35,52.2768091227003,35,-40.0884616409771,35,5.5719527688915
270,8,40,-106.122489838052,40,47.8607609189824,40,-36.6245086981725,40,6.68764194816393
270,8,45,-98.8425379734794,45,42.7018319146249,45,-33.5266511037965,45,7.79386330709958
270,8,50,-90.9303116119408,50,36.6567341721101,50,-31.0049909814688,50,9.1368935988305
270,8,55,-82.9068639295913,55,29.6696040239919,55,-29.1922493469799,55,10.8719188972039
270,8,60,-75.2636636758685,60,21.8600797512301,60,-28.1393447001791,60,13.010575076988
270,8,65,-68.2770937015721,65,13.5275976056028,65,-27.8426409732842,65,15.4400286820066
270,8,70,-61.9421266140477,70,5.06700893201779,70,-28.278282393614,70,18.005372490979
270,8,75,-56.0321252559014,75,-3.15540487943018,75,-29.4154202639218,75,20.599619874844
270,8,80,-50.2270337233804,80,-10.8982596098901,80,-31.2004252089328,80,23.1993458056413
270,8,85,-44.2394734591458,85,-18.0704841815556,85,-33.5284053645645,85,25.8265169794898
270,8,90,-37.898472286077,90,-24.6853158173992,90,-36.2257220094394,90,28.4729575277638
275,8,0,-156.734542826999,0,47.8766884814268,0,-59.5198667804042,0,-27.900996533194
275,8,5,-153.969422226382,5,48.2526051571481,5,-59.3059533452158,5,-23.4423888751656
275,8,10,-150.51488200638,10,48.1800209911985,10,-58.5943600152949,10,-19.2404295035435
275,8,15,-146.622910446768,15,47.5301888096989,15,-57.2748990428642,15,-15.347435128876
275,8,20,-142.45667867749,20,46.2325380813307,20,-55.3065294623938,20,-11.8346273376015
275,8,25,-137.975332378912,25,44.296402195164,25,-52.7324021557874,25,-8.77256109033685
275,8,30,-132.922272061316,30,41.7805358532654,30,-49.6893603611349,30,-6.1990822688506
275,8,35,-126.947996143581,35,38.7218107656911,35,-46.407103776933,35,-4.08081663523569
275,8,40,-119.814968920153,40,35.0714460273541,40,-43.1843388495653,40,-2.28610319862536
275,8,45,-111.568648169189,45,30.6921009215189,45,-40.3352120827743,45,-0.595100125138539
275,8,50,-102.569415971094,50,25.4319987401543,50,-38.1192949010868,50,1.23954146742097
275,8,55,-93.3639146908977,55,19.237185870094,55,-36.6871842242683,55,3.4014737116223
275,8,60,-84.4713962084251,60,12.2319062653307,60,-36.0715284855121,60,5.93975549688026
275,8,65,-76.2026304803718,65,4.71489356074755,65,-36.2257536829731,65,8.7657578104565
275,8,70,-68.5939765231681,70,-2.92692016324783,70,-37.080328721649,70,11.7215858368881
275,8,75,-61.4627817623743,75,-10.3361162911092,75,-38.5769342115871,75,14.6719412000412
275,8,80,-54.5289928537708,80,-17.2707477674459,80,-40.6619589131216,80,17.5558344978062
275,8,85,-47.5354032284061,85,-23.6229910966626,85,-43.2524752767229,85,20.368914727569
275,8,90,-40.3275382894572,90,-29.3762336903579,90,-46.2042152722094,90,23.1013506166824
280,8,0,-170.634449250008,0,31.2032387563573,0,-59.7019509919143,0,-42.391396450519
280,8,5,-167.856809622819,5,31.7133401828136,5,-60.4143560641596,5,-37.8319009765835
280,8,10,-164.408932948281,10,31.8288377767031,10,-60.6072270451856,10,-33.4350161595917
280,8,15,-160.497384594903,15,31.4421452278354,15,-60.1360487712626,15,-29.2219259386442
280,8,20,-156.226202480991,20,30.5050888090571,20,-58.922151745208,20,-25.2519860853506
280,8,25,-151.503018418828,25,29.0401871674347,25,-56.9813481340169,25,-21.6117417930753
280,8,30,-146.045296851541,30,27.1042499808242,30,-54.4467180214131,30,-18.382522651524
280,8,35,-139.507034554214,35,24.7189031951176,35,-51.5732300390382,35,-15.5916806727822
280,8,40,-131.671811082428,40,21.814971205437,40,-48.707835446345,40,-13.1681671334966
280,8,45,-122.606245053264,45,18.238327400822,45,-46.2202841021835,45,-10.9340852808252
280,8,50,-112.682389851438,50,13.8273345249451,50,-44.4141678637847,50,-8.65288771136584
280,8,55,-102.453816777488,55,8.52131963287616,55,-43.4576993012102,55,-6.12027414226871
280,8,60,-92.4550500213211,60,2.43416089114144,60,-43.3698947269247,60,-3.24867536860723
280,8,65,-83.0299223315091,65,-4.15269875698205,65,-44.0667172921435,65,-0.0925930144205197
280,8,70,-74.2639363585823,70,-10.8725772513418,70,-45.4342438416459,70,3.20020448022902
280,8,75,-66.0288121737466,75,-17.3818234434791,75,-47.3815294140893,75,6.4749048122624
280,8,80,-58.0919472530073,80,-23.4366232215016,80,-49.8454553791979,80,9.63332519040584
280,8,85,-50.2294002195598,85,-28.9087219829198,85,-52.7557695858406,85,12.6384832365869
280,8,90,-42.303844916447,90,-33.7487445127026,90,-55.9924241784016,90,15.4713462392846
285,8,0,-182.332318270465,0,15.3995702828625,0,-58.12996280204,0,-57.5841370060393
285,8,5,-179.532076376604,5,15.9565239667296,5,-59.7790976813017,5,-53.0839472797013
285,8,10,-176.090617848898,10,16.1515360956932,10,-60.896267629785,10,-48.6486192721276
285,8,15,-172.162431668418,15,15.9037825499688,15,-61.3047618516589,15,-44.268316724978
285,8,20,-167.791622048148,20,15.1963326831468,20,-60.8928377825108,20,-39.9881299292121
285,8,25,-162.841818624307,25,14.0744601394231,25,-59.6539695395539,25,-35.9056123115176
285,8,30,-157.018663935812,30,12.6021567352554,30,-57.71930671654,30,-32.139044074494
285,8,35,-149.994254454557,35,10.7947751639749,35,-55.3645550358165,35,-28.7711672263029
285,8,40,-141.580728465641,40,8.57164097533612,40,-52.9737699325694,40,-25.7911471252124
285,8,45,-131.86149606278,45,5.76884542331464,45,-50.9584059339896,45,-23.06991662089
285,8,50,-121.20543783984,50,2.21662458543315,50,-49.6558022384809,50,-20.3943068405892
285,8,55,-110.154298053928,55,-2.1583603891191,55,-49.2502561766918,55,-17.5518268233915
285,8,60,-99.2430114591618,60,-7.2650977178781,60,-49.7545651718931,60,-14.4217435673016
285,8,65,-88.8421889882934,65,-12.8537732351993,65,-51.0582222618257,65,-11.0191215123156
285,8,70,-79.0884051754553,70,-18.5887058944483,70,-53.0098357820458,70,-7.46817999767499
285,8,75,-69.9138708264287,75,-24.1445968500611,75,-55.483803872739,75,-3.92870159659726
285,8,80,-61.1393258783365,80,-29.2757533768573,80,-58.3974418988808,80,-0.527152982210884
285,8,85,-52.5775636266891,85,-33.8326939995505,85,-61.6807138852468,85,2.66758544326064
285,8,90,-44.1097150904456,90,-37.734408272369,90,-65.2292030419305,90,5.62193283357964
290,8,0,-191.759940811157,0,1.02014663665659,0,-54.8241591361758,0,-73.1508707518327
290,8,5,-188.918763547953,5,1.52884957428407,5,-57.3761071517309,5,-68.8580388291857
290,8,10,-185.468256347046,10,1.6959127961354,10,-59.3929434570265,10,-64.5308961683497
290,8,15,-181.506416423765,15,1.46918294684387,15,-60.6709180531301,15,-60.1331668898315
290,8,20,-177.021545215284,20,0.865665009955118,20,-61.0738800938198,20,-55.6964307695662
290,8,25,-171.845892725234,25,-0.0433345635095528,25,-60.5810636394435,25,-51.324728966798
290,8,30,-165.690195977031,30,-1.18188113277464,30,-59.323958416276,30,-47.164155183363
290,8,35,-158.259283250476,35,-2.53352643247625,35,-57.5918976970509,35,-43.3425301670981
290,8,40,-149.400419257011,40,-4.18081361963842,40,-55.7902447294895,40,-39.9030083475914
290,8,45,-139.209938133046,45,-6.28819043509767,45,-54.3530869405744,45,-36.7675385349856
290,8,50,-128.040897133578,50,-9.02849558493621,50,-53.6370024466936,50,-33.7572640853411
290,8,55,-116.406192491868,55,-12.4893763611132,55,-53.8385943251681,55,-30.6664044928843
290,8,60,-104.824931855523,60,-16.6103934585553,60,-54.9722324416638,60,-27.352118776556
290,8,65,-93.6831179658771,65,-21.1836727494809,65,-56.914984089485,65,-23.7907994506873
290,8,70,-83.1636305791421,70,-25.9134222030701,70,-59.4897157098031,70,-20.0724558461411
290,8,75,-73.260172227678,75,-30.4980804340692,75,-62.5388425654191,75,-16.3446623320032
290,8,80,-63.8509033118363,80,-34.6927783226356,80,-65.9527743862048,80,-12.7464256003958
290,8,85,-54.7895291485963,85,-38.3293185940856,85,-69.6492347386916,85,-9.3706728716167
290,8,90,-45.9780128321322,90,-41.2991404682289,90,-73.528999918926,90,-6.26754993419287
295,8,0,-198.72668787653,0,-11.4426522010175,0,-49.8801386826174,0,-88.702864045956
295,8,5,-195.815646178035,5,-11.0882352796193,5,-53.2500615845558,5,-84.7420782084302
295,8,10,-192.327792211079,10,-11.0556636439067,10,-56.0927007587617,10,-80.6502912295493
295,8,15,-188.30368773191,15,-11.3700376824968,15,-58.1859137319898,15,-76.3737046676712
295,8,20,-183.683927386354,20,-11.9840441824502,20,-59.3808163724979,20,-71.9340661984796
295,8,25,-178.28430580002,25,-12.8037805313834,25,-59.6517551445527,25,-67.4378067826084
295,8,30,-171.836965126029,30,-13.7418289492474,30,-59.131915040246,30,-63.0475104078858
295,8,35,-164.091490823611,35,-14.7763520996084,35,-58.1146771407247,35,-58.9215199837091
295,8,40,-154.934814172312,40,-15.9832955080656,40,-57.0079239313924,40,-55.145295074262
295,8,45,-144.473062097878,45,-17.5178408786114,45,-56.2464276171557,45,-51.6884645061402
295,8,50,-133.03415941605,50,-19.5482660893631,50,-56.188734736722,50,-48.4134413701057
295,8,55,-121.088523083815,55,-22.1733730905878,55,-57.0372532498599,55,-45.1353379792475
295,8,60,-109.123640358268,60,-25.3648502435235,60,-58.8136456679863,60,-41.7035033028376
295,8,65,-97.5259189863688,65,-28.9615897817805,65,-61.3964626153039,65,-38.0622619758508
295,8,70,-86.5137096198214,70,-32.7138299474043,70,-64.5972968363941,70,-34.2620257210599
295,8,75,-76.1376172970364,75,-36.3498118234665,75,-68.2343474529175,75,-30.4226464759371
295,8,80,-66.3342831590372,80,-39.6311618798292,80,-72.1692026364962,80,-26.6772711222018
295,8,85,-57.0020187546979,85,-42.3767362891314,85,-76.298389424614,85,-23.1302506137648
295,8,90,-48.0664775699525,90,-44.4566534006909,90,-80.5180051588588,90,-19.8468774208039
300,8,0,-202.900343017817,0,-21.5677876253021,0,-43.4660667614225,0,-103.780761361745
300,8,5,-199.877734524339,5,-21.4845451287673,5,-47.5172400440989,5,-100.246081038451
300,8,10,-196.31381996375,10,-21.6923055019592,10,-51.0638956451069,10,-96.491729961344
300,8,15,-192.195657092438,15,-22.1937718816913,15,-53.8770804255145,15,-92.4581609230257
300,8,20,-187.427183187633,20,-22.9202410545102,20,-55.8077832276753,20,-88.1627627690512
300,8,25,-181.822142195931,25,-23.7642801159004,25,-56.833746765169,25,-83.7105301682353
300,8,30,-175.146561282298,30,-24.6322185213628,30,-57.0890952366226,30,-79.2680410731112
300,8,35,-167.201776241557,35,-25.4962321288402,35,-56.859887961255,35,-75.0070929146456
300,8,40,-157.915613888641,40,-26.4199055375126,40,-56.5370645744391,40,-71.0398064277463
300,8,45,-147.401173431564,45,-27.5406345167265,45,-56.5341519293358,45,-67.3748471910553
300,8,50,-135.955527964039,50,-29.013429552838,50,-57.1937605197556,50,-63.917223526808
300,8,55,-123.997519010641,55,-30.9411096390973,55,-58.7152345016551,55,-60.5131993569131
300,8,60,-111.969868768096,60,-33.3229145813353,60,-61.1295284696323,60,-57.0184256215583
300,8,65,-100.243523233099,65,-36.0431334621914,65,-64.3275107232594,65,-53.3558095481314
300,8,70,-89.057427000713,70,-38.9001922826614,70,-68.1239103638613,70,-49.5372890248087
300,8,75,-78.5091881297196,75,-41.6574844329317,75,-72.3243720894099,75,-45.6453477715097
300,8,80,-68.590490317388,80,-44.09061355199,80,-76.766198877955,80,-41.791651125876
300,8,85,-59.2453202513631,85,-46.0137481538583,85,-81.3218551172827,85,-38.0787307940471
300,8,90,-50.4249673000426,90,-47.2835184607156,90,-85.876052917856,90,-34.5832082213583
305,8,0,-203.821449120355,0,-29.0173860771643,0,-35.8118892143053,0,-117.852680451929
305,8,5,-200.633784911119,5,-29.3284442030735,5,-40.3633053640684,5,-114.807679615097
305,8,10,-196.948400874855,10,-29.8811737638757,10,-44.4532005492741,10,-111.468625658283
305,8,15,-192.708420240853,15,-30.6626234956906,15,-47.8588637184888,15,-107.782148323472
305,8,20,-187.794157191083,20,-31.5947169423849,20,-50.4423269487248,20,-103.766717147015
305,8,25,-182.029192962796,25,-32.5687531294341,25,-52.1899401572233,25,-99.5221780089469
305,8,30,-175.220137844237,30,-33.4931339695156,30,-53.2333160232522,30,-95.2069457944886
305,8,35,-167.220729106293,35,-34.3367238738314,35,-53.8391873338058,35,-90.9891776754825
305,8,40,-157.996773165114,40,-35.1484106757196,40,-54.3638433810233,40,-86.9904691224089
305,8,45,-147.66507877323,45,-36.0420347974677,45,-55.1804703376364,45,-83.2459327448551
305,8,50,-136.48916866728,50,-37.1513883743903,50,-56.5995309721389,50,-79.6985171509247
305,8,55,-124.832059407272,55,-38.5740415999217,55,-58.8072540365573,55,-76.2298542227641
305,8,60,-113.082995100271,60,-40.327502276339,60,-61.8418388037945,60,-72.7126973112249
305,8,65,-101.58364849279,65,-42.3343122741434,65,-65.6124166059574,65,-69.060646454332
305,8,70,-90.5774363072992,70,-44.4383546012379,70,-69.948498465235,70,-65.2544417960442
305,8,75,-80.1950103498248,75,-46.4408756910987,75,-74.6562543951046,75,-61.3380343830688
305,8,80,-70.474407210365,80,-48.1386259133264,80,-79.5585743367387,80,-57.3933903679676
305,8,85,-61.4018433503702,85,-49.3503606454568,85,-84.5077409335638,85,-53.5116803847016
305,8,90,-52.953761984829,90,-49.9281086048517,90,-89.3753419056745,90,-49.7763631204088
310,8,0,-200.957604371174,0,-33.5479370074669,0,-27.1895846044713,0,-130.325894019205
310,8,5,-197.545648664272,5,-34.3734753800202,5,-32.0330549494054,5,-127.812200278073
310,8,10,-193.692472798713,10,-35.3728011537475,10,-36.4826783050388,10,-124.949458654244
310,8,15,-189.311906286229,15,-36.524743239164,15,-40.3345074059364,15,-121.699477042987
310,8,20,-184.274702500729,20,-37.7540210660691,20,-43.469512054146,20,-118.085319992705
310,8,25,-178.422956790665,25,-38.9628653124988,25,-45.8838641219751,25,-114.198036549257
310,8,30,-171.604773446848,30,-40.0706089097803,30,-47.7008739408964,30,-110.177687122948
310,8,35,-163.721059567743,35,-41.0473071921697,35,-49.1567454924453,35,-106.174277313425
310,8,40,-154.76876463547,40,-41.9278808882873,40,-50.5591686608954,40,-102.302956092891
310,8,45,-144.864180819691,45,-42.8002054254225,45,-52.2268362452063,45,-98.6110805182768
310,8,50,-134.236567729196,50,-43.7711961070921,50,-54.4255172655435,50,-95.0701942381492
310,8,55,-123.193061060342,55,-44.9240624761895,55,-57.3187497633589,55,-91.5952893840758
310,8,60,-112.065758681808,60,-46.2830289210498,60,-60.9468535384081,60,-88.0820534172674
310,8,65,-101.157329443757,65,-47.7976556947716,65,-65.2380172790434,65,-84.4459482653132
310,8,70,-90.7009484436846,70,-49.3498567979005,70,-70.0436365907027,70,-80.6481335952804
310,8,75,-80.8443720552611,75,-50.7774595012572,75,-75.1820492271914,75,-76.7013021855545
310,8,80,-71.6587855439133,80,-51.9031426741663,80,-80.4741469426468,80,-72.6587567083025
310,8,85,-63.1642395783984,85,-52.5587647950984,85,-85.7611230813671,85,-68.597028311266
310,8,90,-55.3586691114126,90,-52.6008664476119,90,-90.9048578813594,90,-64.6027949413237
315,8,0,-193.795544052429,0,-35.0195221726832,0,-17.885372398817,0,-140.57465692779
315,8,5,-190.104823367478,5,-36.4646329509721,5,-22.8100436065467,5,-138.626040785447
315,8,10,-186.0441008257,10,-38.0057006268842,10,-27.4343677171329,10,-136.294397013557
315,8,15,-181.5155048802,15,-39.6198590635954,15,-31.5830817054291,15,-133.560560428247
315,8,20,-176.394217243288,20,-41.2439942532414,20,-35.159900661153,20,-130.45262127464
315,8,25,-170.54675666095,25,-42.8001623264343,25,-38.1684912594801,25,-127.049406297171
315,8,30,-163.859614950918,30,-44.2252119903389,30,-40.7170152327528,30,-123.465660400206
315,8,35,-156.271936294713,35,-45.4946084021776,35,-43.0022349110621,35,-119.823328882686
315,8,40,-147.80255373646,40,-46.6317502122336,40,-45.2743096099969,40,-116.218982119829
315,8,45,-138.562226429667,45,-47.6990752551785,45,-47.7892763130891,45,-112.699224045962
315,8,50,-128.7462215667,50,-48.7740187158118,50,-50.7605150162832,50,-109.252848381704
315,8,55,-118.608553105414,55,-49.9184636621324,55,-54.3213607359302,55,-105.82181981136
315,8,60,-108.424775848323,60,-51.1523059784812,60,-58.507803429904,60,-102.325892274337
315,8,65,-98.4533856330576,65,-52.4394711683156,65,-63.2638582086382,65,-98.6910886277166
315,8,70,-88.9057525946457,70,-53.6894370576197,70,-68.4649815195191,70,-94.8722110273246
315,8,75,-79.9312282258773,75,-54.7715582495907,75,-73.9496995918877,75,-90.863641229087
315,8,80,-71.6186734746079,80,-55.5358284460566,80,-79.5485635779698,80,-86.6985874033837
315,8,85,-64.010096470226,85,-55.8335237416152,85,-85.1029342105883,85,-82.4415960565443
315,8,90,-57.118606009159,90,-55.533906206191,90,-90.4720046760484,90,-78.1804069492334
320,8,0,-181.955867724051,0,-33.4052989982806,0,-8.16828889197699,0,-147.982530798166
320,8,5,-177.94831996677,5,-35.5480005143153,5,-12.9875260616293,5,-146.638181402791
320,8,10,-173.654452443235,10,-37.7143926307795,10,-17.6221148068128,10,-144.894446871937
320,8,15,-168.981998067689,15,-39.8841028828906,15,-21.9311300056637,15,-142.749421428129
320,8,20,-163.82307010296,20,-42.0106425654004,20,-25.8409525052592,20,-140.233645606983
320,8,25,-158.072572246652,25,-44.0392075937256,25,-29.3583463766978,25,-137.410914241433
320,8,30,-151.650752342199,30,-45.9262859286277,30,-32.5701985621817,30,-134.367520326719
320,8,35,-144.525346201613,35,-47.6546369591735,35,-35.6284594543623,35,-131.192990372003
320,8,40,-136.727690268756,40,-49.2385047002876,40,-38.7223002091254,40,-127.958618428769
320,8,45,-128.358117071438,45,-50.717163565153,45,-42.0429426433657,45,-124.701022280751
320,8,50,-119.578617046571,50,-52.1388835241657,50,-45.7487979117702,50,-121.416115858817
320,8,55,-110.594153258579,55,-53.5405892256837,55,-49.9386092551063,55,-118.065099690069
320,8,60,-101.626980662699,60,-54.9296805272386,60,-54.6380898321176,60,-114.589924575366
320,8,65,-92.8899738567567,65,-56.2733468171719,65,-59.8017230728688,65,-110.932855375941
320,8,70,-84.5648862399798,70,-57.4978600293191,70,-65.3271909648209,70,-107.0542463606
320,8,75,-76.789680555176,75,-58.4970321550623,75,-71.0767599445657,75,-102.944367422188
320,8,80,-69.6561012639558,80,-59.1466210256933,80,-76.8989873350684,80,-98.6280551002018
320,8,85,-63.2154971055753,85,-59.3207846861938,85,-82.6455466602334,85,-94.1636200371163
320,8,90,-57.4887429837978,90,-58.9076212005948,90,-88.1809810002537,90,-89.6386234958739
325,8,0,-165.304216685426,0,-28.8066693594637,0,1.73673958903585,0,-151.993554319321
325,8,5,-160.966271818034,5,-31.6895478536445,5,-2.83728472389574,5,-151.303128985843
325,8,10,-156.433144796579,10,-34.5469938254847,10,-7.35639670072951,10,-150.2065379274
325,8,15,-151.631829447936,15,-37.3621414426553,15,-11.7145707336671,15,-148.713142260535
325,8,20,-146.480712400958,20,-40.104021457825,20,-15.8577311788189,20,-146.851576192291
325,8,25,-140.905418768827,25,-42.7381348962419,25,-19.7909828020414,25,-144.668951803161
325,8,30,-134.855617907698,30,-45.2375181236695,30,-23.5760908703289,30,-142.223695735355
325,8,35,-128.319679043343,35,-47.5906518845842,35,-27.3190666668661,35,-139.573901071556
325,8,40,-121.334035187213,40,-49.8035087363656,40,-31.1498564474106,40,-136.764734932839
325,8,45,-113.985023178119,45,-51.8948976385491,45,-35.1979787804519,45,-133.818867955981
325,8,50,-106.402587221845,50,-53.8864108773785,50,-39.5689318708149,50,-130.73293600717
325,8,55,-98.7470654476447,55,-55.789959679954,55,-44.3259666988236,55,-127.481105686515
325,8,60,-91.1917886483175,60,-57.5965483693132,60,-49.4804293695739,60,-124.024649763719
325,8,65,-83.9050150445578,65,-59.2694265296054,65,-54.9917087856643,65,-120.324828186869
325,8,70,-77.0346231829646,70,-60.7433467904008,70,-60.7755137381658,70,-116.355809501583
325,8,75,-70.6980256735033,75,-61.9299152676771,75,-66.7174301658046,75,-112.114897219641
325,8,80,-64.9782177612065,80,-62.7275868298571,80,-72.6879879406486,80,-107.628557186817
325,8,85,-59.9252144335095,85,-63.0341565941641,85,-78.5559362196563,85,-102.954055494949
325,8,90,-55.5609161398061,90,-62.7596751421315,90,-84.1977734233382,90,-98.1773596681636
330,8,0,-144.031040780454,0,-21.479373140437,0,11.6617239313129,0,-152.164314811358
330,8,5,-139.374676189612,5,-25.1068335592621,5,7.41333296508662,5,-152.180045076999
330,8,10,-134.616573925004,10,-28.6960704984321,10,3.08702263057966,10,-151.782297425792
330,8,15,-129.710672001805,15,-32.2316463952875,15,-1.24187291160504,15,-150.983998151215
330,8,20,-124.606309375822,20,-35.6924397058167,20,-5.53377667004965,20,-149.807499634068
330,8,25,-119.26005289998,25,-39.0566130314199,25,-9.78828284109857,25,-148.283230050282
330,8,30,-113.647276426495,30,-42.3065033126345,30,-14.0412223491128,30,-146.445415562741
330,8,35,-107.77149639123,35,-45.4316710747309,35,-18.3556922508877,35,-144.325905349413
330,8,40,-101.669740557335,40,-48.428898726577,40,-22.8085601104132,40,-141.947861316343
330,8,45,-95.4129187031279,45,-51.2988711450218,45,-27.4748709643547,45,-139.321243373109
330,8,50,-89.101118619203,50,-54.0403044410054,50,-32.4129774889263,50,-136.441574139924
330,8,55,-82.8547264418892,55,-56.6430851839072,55,-37.6529781299068,55,-133.292571130165
330,8,60,-76.80302789546,60,-59.0823073997869,60,-43.1902477809047,60,-129.852200862859
330,8,65,-71.072317639494,65,-61.3148784297332,65,-48.9846938445487,65,-126.100866907207
330,8,70,-65.7754602522178,70,-63.2797134241287,70,-54.9651666229745,70,-122.030020673124
330,8,75,-61.0043478346348,75,-64.9016841197851,75,-61.037501408317,75,-117.649539089482
330,8,80,-56.825925770964,80,-66.0986972121281,80,-67.0941941128399,80,-112.992638309058
330,8,85,-53.2816264915288,85,-66.790751047974,85,-73.023786095151,85,-108.117675184897
330,8,90,-50.3893972876938,90,-66.9096214897977,90,-78.7185555175418,90,-103.106716315252
335,8,0,-118.682719979203,0,-11.8697014219688,0,21.4877708188017,0,-148.208932880332
335,8,5,-113.739718672987,5,-16.2099636225188,5,17.5866888251645,5,-148.965810713686
335,8,10,-108.787211681294,10,-20.5388494290487,10,13.4831069655923,10,-149.293072784922
335,8,15,-103.807292353294,15,-24.8383017439939,15,9.22916970313658,15,-149.200368079512
335,8,20,-98.7796498881895,20,-29.0891452697859,20,4.85570972369706,20,-148.700903920682
335,8,25,-93.6891394161654,25,-33.2725529263983,25,0.370995146446139,25,-147.810252441437
335,8,30,-88.5328881784854,30,-37.3712986522438,30,-4.23690600879154,30,-146.544165869157
335,8,35,-83.3257756526357,35,-41.3701226777046,35,-8.99447428271766,35,-144.915894412949
335,8,40,-78.1033736603255,40,-45.254802907457,40,-13.9347295902683,40,-142.933765297173
335,8,45,-72.9218644537506,45,-49.0099336414918,45,-19.088213742176,45,-140.599824882548
335,8,50,-67.8549800571816,50,-52.615839578687,50,-24.4744621876802,50,-137.910149375027
335,8,55,-62.9885109706233,55,-56.0453738624719,55,-30.0953112587589,55,-134.857051723731
335,8,60,-58.4133112995882,60,-59.2614741444317,60,-35.9309801082443,60,-131.432963963029
335,8,65,-54.2179090609061,65,-62.2162510360248,65,-41.9393046726547,65,-127.635378926412
335,8,70,-50.4817907811759,70,-64.8520941095656,70,-48.0579155396304,70,-123.471989222532
335,8,75,-47.2701934783344,75,-67.1048849733935,75,-54.2086708147858,75,-118.965108173598
335,8,80,-44.6308712731328,80,-68.9090059635704,80,-60.3033731682932,80,-114.154583316558
335,8,85,-42.5929009591019,85,-70.2035130378066,85,-66.2497551123876,85,-109.098662508718
335,8,90,-41.1672463829772,90,-70.9386513631789,90,-71.9568832696195,90,-103.872576175076
340,8,0,-90.1445416760079,0,-0.648835874815675,0,31.1178695233486,0,-140.030863125828
340,8,5,-84.9582724247627,5,-5.63739713684961,5,27.5396388497666,5,-141.522138800702
340,8,10,-79.8509726896926,10,-10.6726073339308,10,23.6522346870996,10,-142.555765316121
340,8,15,-74.8289823130849,15,-15.7296348175161,15,19.4931905721771,15,-143.133893146643
340,8,20,-69.8972559356033,20,-20.7840173978181,20,15.0898404791687,20,-143.259985187713
340,8,25,-65.0633724726824,25,-25.8115491107111,25,10.4590550481904,25,-142.938084352778
340,8,30,-60.3412041611023,30,-30.7880092051181,30,5.60872720466926,30,-142.171961944363
340,8,35,-55.7536650498445,35,-35.6885743282966,35,0.54079640359727,35,-140.964344059543
340,8,40,-51.3340997590952,40,-40.4868580750608,40,-4.74465699256207,40,-139.316478500766
340,8,45,-47.126091033484,45,-45.1536628453198,45,-10.244888040553,45,-137.228296798441
340,8,50,-43.1817168522281,50,-49.6556672924645,50,-15.9502295731487,50,-134.699340170981
340,8,55,-39.5585260174876,55,-53.9543684110817,55,-21.8407257022273,55,-131.730472291728
340,8,60,-36.315681464129,60,-58.0056216924481,60,-27.8841061757015,60,-128.326230049628
340,8,65,-33.5098134219075,65,-61.7600657665794,65,-34.0353108378326,65,-124.497506761816
340,8,70,-31.1911198360365,70,-65.1645900058951,70,-40.2375186403374,70,-120.264156175611
340,8,75,-29.4001589647373,75,-68.1648315068201,75,-46.4244160463887,75,-115.657072221792
340,8,80,-28.1656251498011,80,-70.7085068548982,80,-52.5232930452593,80,-110.719343873926
340,8,85,-27.5032194821731,85,-72.7492285208798,85,-58.4585001750595,85,-105.506196086761
340,8,90,-27.4155597808507,90,-74.2503519864476,90,-64.1548344807838,90,-100.083585701408
345,8,0,-59.5903540363569,0,11.2776270203793,0,40.4415347888263,0,-127.738720601465
345,8,5,-54.2109921250138,5,5.73655717081987,5,37.1351615037988,5,-129.897461295204
345,8,10,-48.9911942708044,10,0.0768595734464871,10,33.4374779425969,10,-131.562111307338
345,8,15,-43.9549694488393,15,-5.66746690960661,15,29.3788287673601,15,-132.726290587542
345,8,20,-39.1250437484652,20,-11.4625156206364,20,24.9867316675963,20,-133.385199897004
345,8,25,-34.5244623827974,25,-17.2740967478111,25,20.2858859684084,25,-133.535338745802
345,8,30,-30.1780120838707,30,-23.0672980151099,30,15.2988563941514,30,-133.174345374003
345,8,35,-26.1132357073866,35,-28.8059944763044,35,10.0473327116345,35,-132.301015618173
345,8,40,-22.360867868108,40,-34.4523484414449,40,4.55377719430331,40,-130.915557813639
345,8,45,-18.954604550449,45,-39.9663726233469,45,-1.15678669118581,45,-129.02012301496
345,8,50,-15.9302161538665,50,-45.3056558864183,50,-7.05510950387098,50,-126.619613739543
345,8,55,-13.324105706171,55,-50.425362052668,55,-13.1064166204288,55,-123.722725299585
345,8,60,-11.171486852097,60,-55.2786015810309,60,-19.2696567310829,60,-120.343120796034
345,8,65,-9.50439890521003,65,-59.8172418436451,65,-25.4973967768254,65,-116.500595097252
345,8,70,-8.34978410519615,70,-63.9931677266254,70,-31.7363705315336,70,-112.222054997985
345,8,75,-7.72782719127615,75,-67.7599384873487,75,-37.9286042464712,75,-107.542139622175
345,8,80,-7.65070707018595,80,-71.0747201294954,80,-44.0129797008545,80,-102.503329870003
345,8,85,-8.12184597964045,85,-73.9003165345809,85,-49.9270604460009,85,-97.1554462575457
345,8,90,-9.1356755266302,90,-76.207087179737,90,-55.6090026496597,90,-91.5545044141862
350,8,0,-28.4164068211115,0,22.8106784064298,0,49.3092532484683,0,-111.647542697985
350,8,5,-22.9028239722395,5,16.8460309760881,5,46.2164275874424,5,-114.343708557097
350,8,10,-17.6138085239102,10,10.6960336427783,10,42.6778612213957,10,-116.509666280775
350,8,15,-12.5841840275595,15,4.40344742779384,15,38.7214366615825,15,-118.132056093405
350,8,20,-7.84697562165781,20,-1.98828037122734,20,34.3763402682297,20,-119.200448524212
350,8,25,-3.43372353742583,25,-8.43496779882531,25,29.6729995312046,25,-119.707339491368
350,8,30,0.625267265632081,30,-14.8916454827049,30,24.6431958923298,30,-119.648226170517
350,8,35,4.30080187192184,35,-21.3125271683362,35,19.3203195770456,35,-119.021769917259
350,8,40,7.56483932693498,40,-27.6510342943742,40,13.7397118169606,40,-117.830044518976
350,8,45,10.3907280985184,45,-33.8599064853474,45,7.93902598563448,45,-116.078857806743
350,8,50,12.7536299009731,50,-39.8914277457123,50,1.95853461550417,50,-113.778122866151
350,8,55,14.6311036358826,55,-45.6977918195328,55,-4.15868544446513,55,-110.942243136618
350,8,60,16.0038002111777,60,-51.2316192417136,60,-10.3667433755542,60,-107.590465472905
350,8,65,16.8562048373682,65,-56.4466235069196,65,-16.617133362576,65,-103.747148813875
350,8,70,17.1773576051763,70,-61.2984058840191,70,-22.8591515899262,70,-99.4418952651399
350,8,75,16.9614858702445,75,-65.7453398382758,75,-29.0405171931955,75,-94.7094963079494
350,8,80,16.2084920611215,80,-69.7494893816637,80,-35.1081629960922,80,-89.5896597040971
350,8,85,14.9242558647421,85,-73.2774935860183,85,-41.0091473620154,85,-84.1265016037258
350,8,90,13.1207277001458,90,-76.3013441902991,90,-46.6916306922379,90,-78.3678114832932
355,8,0,1.83193251995433,0,32.7647683159018,0,57.5331674617212,0,-92.2708095465368
355,8,5,7.40634675550748,5,26.5417291135778,5,54.6000454221798,5,-95.3271850573745
355,8,10,12.7172170067667,10,20.0857649661667,10,51.1946374763488,10,-97.8283505460247
355,8,15,17.7246922299023,15,13.4453955263867,15,47.3439337025892,15,-99.7565977231807
355,8,20,22.3912990220157,20,6.67037338652637,20,43.078029585967,20,-101.098321238647
355,8,25,26.6821373446493,25,-0.1886079983761,25,38.4299236252438,25,-101.844106269805
355,8,30,30.5650723413519,30,-7.0802155404007,30,33.4353194898352,30,-101.988809595126
355,8,35,34.0109282959577,35,-13.9527919854398,35,28.1324279737053,35,-101.531632148573
355,8,40,36.9936885178124,40,-20.754690047083,40,22.5617618249097,40,-100.476179000976
355,8,45,39.4907020316289,45,-27.4346283381506,45,16.7659152234822,45,-98.8305008391793
355,8,50,41.4828947169685,50,-33.942070323171,50,10.7893194221101,50,-96.6071095123328
355,8,55,42.9549793552217,55,-40.2276251025128,55,4.67796691392772,55,-93.8229592845192
355,8,60,43.8956562668675,60,-46.2434660891812,60,-1.52090162271261,60,-90.4993852467696
355,8,65,44.2977941743874,65,-51.9437607825226,65,-7.75915062518714,65,-86.6619910228533
355,8,70,44.1585798330987,70,-57.2851021560454,70,-13.9881429330391,70,-82.3404795012083
355,8,75,43.479624946812,75,-62.2269299576138,75,-20.1591693004809,75,-77.5684227962412
355,8,80,42.2670199214342,80,-66.7319287563196,80,-26.2239070074996,80,-72.3829708396557
355,8,85,40.5313259917534,85,-70.7663891000023,85,-32.1348975192396,85,-66.8245016812192
355,8,90,38.2874999833486,90,-74.3005188255541,90,-37.8460309133857,90,-60.936220411858
360,8,0,29.5446925609695,0,40.0348529038298,0,64.9195321393543,0,-70.3097956200352
360,8,5,35.0903761284243,5,33.754605741978,5,62.0975040954189,5,-73.5315129612198
360,8,10,40.3690007453934,10,27.2174656488415,10,58.8028765498193,10,-76.1936110892281
360,8,15,45.340392891221,15,20.4731842077623,15,55.0607236075279,15,-78.2758298298871
360,8,20,49.9667172698686,20,13.5730894728153,20,50.8995253120093,20,-79.7623222413024
360,8,25,54.2127647593638,25,6.56969533132471,25,46.3509508948926,25,-80.6417752186544
360,8,30,58.0462203744778,30,-0.483698158527765,30,41.4496177539964,30,-80.9074955937572
360,8,35,61.437909203276,35,-7.5334104133289,35,36.2328279940289,35,-80.5574610741101
360,8,40,64.3620184458133,40,-14.525788866087,40,30.740284535047,40,-79.594335633764
360,8,45,66.7962938651287,45,-21.4076172946631,45,25.0137889492622,45,-78.0254492388711
360,8,50,68.7222091554255,50,-28.126520829354,50,19.0969233258348,50,-75.862742062216
360,8,55,70.1251069384451,55,-34.631364557276,55,13.0347185848601,55,-73.1226736112914
360,8,60,70.9943103149659,60,-40.8726426899274,60,6.87331176487649,60,-69.8260974615074
360,8,65,71.3232041224531,65,-46.8028553321321,65,0.659594892142984,65,-65.9981025478909
360,8,70,71.1092852804404,70,-52.3768699849225,70,-5.559141895994,70,-61.6678222231411
360,8,75,70.3541818404832,75,-57.5522650311089,75,-11.7355702576008,75,-56.868212535224
360,8,80,69.0636405957034,80,-62.2896525894008,80,-17.8226838434162,80,-51.6358014119483
360,8,85,67.2474833442239,85,-66.5529782799668,85,-23.7741560435525,85,-46.0104106613784
360,8,90,64.9195321393543,90,-70.3097956200352,90,-29.5446925609694,90,-40.0348529038298
