"Theta [deg]","Freq [GHz]","Phi [deg]","re(rETheta) [mV]","Phi [deg]","im(rETheta) [mV]","Phi [deg]","re(rEPhi) [mV]","Phi [deg]","im(rEPhi) [mV]"
0,8,0,53.9777077197844,0,6.02401317270076,0,83.9873949064492,0,-104.357637258229
0,8,5,61.0922900301076,5,-3.09427740275231,5,78.9633303042086,5,-104.485552284418
0,8,10,67.7419231247683,10,-12.1890186587946,10,73.3383070789905,10,-103.81826916762
0,8,15,73.8759992807581,15,-21.1909941229128,15,67.1551350540206,15,-102.360866335273
0,8,20,79.4478344746732,20,-30.0316933262836,20,60.4608719019106,20,-100.124435502933
0,8,25,84.4150236763221,25,-38.6438332098091,25,53.3064650073544,25,-97.1259972596286
0,8,30,88.7397635766093,30,-46.9618701888235,30,45.7463637267686,30,-93.3883715308979
0,8,35,92.3891402935442,35,-54.9224989793484,35,37.8381049958125,35,-88.9400039053766
0,8,40,95.3353798667571,40,-62.4651343895289,40,29.6418754385658,40,-83.8147491466927
0,8,45,97.5560596341077,45,-69.5323724095257,45,21.2200533109777,45,-78.0516135382733
0,8,50,99.0342788816834,50,-76.0704270906916,50,12.6367337646747,50,-71.6944580219747
0,8,55,99.758787468437,55,-82.0295398891177,55,3.95724104415406,55,-64.7916643898316
0,8,60,99.7240714465529,60,-87.3643583581972,60,-4.75236867016007,60,-57.3957670694054
0,8,65,98.93039502592,65,-92.0342813081289,65,-13.4258099893357,65,-49.5630533050692
0,8,70,97.383798563334,70,-96.0037678054873,70,-21.9970727877666,70,-41.3531347780916
0,8,75,95.0960525917358,75,-99.2426076611861,75,-30.4009245800871,75,-32.8284939257472
0,8,80,92.084568239348,80,-101.726151348258,80,-38.5734069797728,80,-24.0540084122413
0,8,85,88.3722647204762,85,-103.435497599641,85,-46.4523224610826,85,-15.0964573705109
0,8,90,83.9873949064492,90,-104.357637258229,90,-53.9777077197844,90,-6.02401317270075
5,8,0,87.767587607199,0,5.80828347423711,0,91.7937754959583,0,-78.9309861715446
5,8,5,95.028945005248,5,-2.84242578246911,5,86.796646357428,5,-78.9173095330163
5,8,10,101.85316853303,10,-11.4528864239818,10,81.178112787741,10,-78.1834845643101
5,8,15,108.185819393426,15,-19.9672638579176,15,74.979214270339,15,-76.7347892895473
5,8,20,113.975710182987,20,-28.3301869232038,20,68.245764857281,20,-74.5800408413768
5,8,25,119.175354694715,25,-36.4867950364205,25,61.0281474390769,25,-71.7316395059658
5,8,30,123.741431805845,30,-44.3828161170917,30,53.3810600891804,30,-68.2056603808454
5,8,35,127.635255116362,35,-51.9646892862012,35,45.3632043215536,35,-64.021981326618
5,8,40,130.823236685399,40,-59.1797430972458,40,37.0369074807485,40,-59.2044329713776
5,8,45,133.277330805464,45,-65.9764363522359,45,28.467674746452,45,-53.7809544649514
5,8,50,134.975442444317,50,-72.3046645544202,50,19.7236700285277,50,-47.7837375129947
5,8,55,135.901784822978,55,-78.1161309228549,55,10.8751289828545,55,-41.2493409632003
5,8,60,136.047171513669,60,-83.364776808788,60,1.99371114838063,60,-34.2187588674923
5,8,65,135.409230264114,65,-88.0072624867109,65,-6.84819848635895,65,-26.7374264859815
5,8,70,133.992528256076,70,-92.0034858320312,70,-15.5782255219268,70,-18.8551510810972
5,8,75,131.80860143995,75,-95.317123535948,75,-24.1247649129433,75,-10.6259574802259
5,8,80,128.875883726057,80,-97.9161774288352,80,-32.4177464185207,80,-2.10784211512565
5,8,85,125.219534973872,85,-99.773507336147,85,-40.3893902341688,85,6.63756662632341
5,8,90,120.871169775382,90,-100.867331769569,90,-47.974936451737,90,15.5454396250222
10,8,0,114.268728545464,0,2.44487631663045,0,98.5603186381827,0,-52.3103986109232
10,8,5,121.635085932955,5,-5.47228630957182,5,93.5934943945114,5,-52.0155896063685
10,8,10,128.645654035678,10,-13.3130198564954,10,88.0037202749802,10,-51.11198206335
10,8,15,135.244130035656,15,-21.0410862100768,15,81.8256191800765,15,-49.6040169701429
10,8,20,141.374850291873,20,-28.6200330524156,20,75.0986104108526,20,-47.4958125005243
10,8,25,146.983380685238,25,-36.0125164680853,25,67.8673585047935,25,-44.7916120301937
10,8,30,152.017321740487,30,-43.1797655910289,30,60.1821074954952,30,-41.49640762793
10,8,35,156.427278757694,35,-50.0812149259863,35,52.0988335611321,35,-37.6166931624619
10,8,40,160.167929264503,40,-56.6743221060754,40,43.6791695172854,40,-33.1613024223931
10,8,45,163.199111510756,45,-62.9145837776405,45,34.9900794170896,45,-28.1422889243923
10,8,50,165.486858992688,50,-68.7557583313674,50,26.1032868597355,50,-22.5758039751848
10,8,55,167.004316017248,55,-74.1502992895299,55,17.0944828084545,55,-16.4829278655772
10,8,60,167.732485602893,60,-79.0499956792462,60,8.04235490201717,60,-9.89040679522773
10,8,65,167.660780187268,65,-83.4068050106875,65,-0.972511152610031,65,-2.83124702221556
10,8,70,166.78736413596,70,-87.1738511076551,70,-9.86880649317797,70,4.65488026018558
10,8,75,165.11929195789,75,-90.3065446928223,75,-18.5657038004657,75,12.5214632279961
10,8,80,162.672455633467,80,-92.7637716831357,80,-26.9840539907954,80,20.7152311426891
10,8,85,159.471358206539,85,-94.5090850483127,85,-35.0475466206816,85,29.1765056035165
10,8,90,155.54872982225,90,-95.5118327344841,90,-42.6838134801089,90,37.8398146463001
15,8,0,132.069345607107,0,-3.43308289586817,0,104.30058988606,0,-25.8948703702717
15,8,5,139.535315981599,5,-10.4288485600248,5,99.3666608065387,5,-25.2292178644456
15,8,10,146.779211055158,10,-17.3010326416257,10,93.8207709463103,10,-24.0967591953928
15,8,15,153.741937642447,15,-24.0361195331518,15,87.6858412021957,15,-22.4974411455051
15,8,20,160.360030362368,20,-30.6188419821088,20,80.9897957891013,20,-20.4263799620233
15,8,25,166.566826007913,25,-37.0309902853429,25,73.7673317625593,25,-17.8752041136633
15,8,30,172.294272927968,30,-43.2505330428777,30,66.061339053828,30,-14.8335429715119
15,8,35,177.475181866248,35,-49.2509865165124,35,57.9237769043839,35,-11.2905767144036
15,8,40,182.045671847875,40,-55.0009855242954,40,49.4158900723557,40,-7.23661343046587
15,8,45,185.947550145366,45,-60.4640486694161,45,40.6077416009626,45,-2.66469036680562
15,8,50,189.130392529547,50,-65.5985767753229,50,31.5771321513337,50,2.42780062436251
15,8,55,191.553153889784,55,-70.3581570245765,55,22.4080515410848,55,8.03748684971257
15,8,60,193.185226582992,60,-74.6922524954234,60,13.1888519167537,60,14.1534513021735
15,8,65,194.006955742622,65,-78.5473321768417,65,4.01033671433641,65,20.7558373416647
15,8,70,194.009697657527,70,-81.8684445412698,70,-5.03607274758547,70,27.8147549887062
15,8,75,193.19555393812,75,-84.6011708414673,75,-13.8599897941796,75,35.2896252298889
15,8,80,191.576923381709,80,-86.6938290310504,80,-22.3734992440738,80,43.1290723630829
15,8,85,189.175987602002,85,-88.0997513833359,85,-30.4924045213071,85,51.2714225625453
15,8,90,186.024196165516,90,-88.7794393366727,90,-38.137349846945,90,59.645799897857
20,8,0,140.661595168631,0,-10.705168548511,0,109.079134510383,0,-1.09578296427431
20,8,5,148.254070143956,5,-16.6957742339519,5,104.184080741377,5,-0.0213077004205262
20,8,10,155.804899118097,10,-22.5175258509781,10,98.6917433827363,10,1.35654481272153
20,8,15,163.247905742571,15,-28.1775839825343,15,92.6086628864607,15,3.04865290836453
20,8,20,170.505052273595,20,-33.678496561749,20,85.9474255568814,20,5.07461129317767
20,8,25,177.488992108103,25,-39.0175511458038,25,78.7304153691976,25,7.45984202115358
20,8,30,184.106945778019,30,-44.1865734329801,30,70.9927843907591,30,10.2330449355844
20,8,35,190.265430121753,35,-49.1717523662983,35,62.7842091963505,35,13.4240562176858
20,8,40,195.875224838995,40,-53.9532118958113,40,54.1691722595369,40,17.0619860510717
20,8,45,200.855914433361,45,-58.5042756624604,45,45.2257433873602,45,21.1733989100264
20,8,50,205.139424743738,50,-62.7906079371335,50,36.0430911395654,50,25.7803066509501
20,8,55,208.672176350977,55,-66.7695861729271,55,26.718166699175,55,30.8978549748097
20,8,60,211.41575879579,60,-70.3903142139163,60,17.3521166551361,60,36.5317572340206
20,8,65,213.346319952361,65,-73.5946054630996,65,8.04696597429526,65,42.6757081411883
20,8,70,214.453090322435,70,-76.3190781274251,70,-1.09702540914938,70,49.3091366370333
20,8,75,214.736568884602,75,-78.4982665891484,75,-9.98314798444564,75,56.3956925840143
20,8,80,214.206867957302,80,-80.0684316371633,80,-18.5192237986156,80,63.882794791792
20,8,85,212.882570097502,85,-80.9716052792473,85,-26.6180319376727,85,71.702416233534
20,8,90,210.790238905529,90,-81.1593649576284,90,-34.1975334695579,90,79.7730861611484
25,8,0,140.505673909425,0,-17.9979475220197,0,112.989752488424,0,20.799358711998
25,8,5,148.262571882124,5,-23.0119946125258,5,108.149551439509,5,22.2834706745706
25,8,10,156.19307349865,10,-27.8293908253443,10,102.720964416962,10,23.8980330399533
25,8,15,164.217770203551,15,-32.4695916392218,15,96.6919944561974,15,25.6721343007348
25,8,20,172.236070920726,20,-36.9428381319643,20,90.0586701277129,20,27.6455972248426
25,8,25,180.130786236655,25,-41.2521626075716,25,82.8311521045665,25,29.863963039768
25,8,30,187.775052297662,30,-45.3957761449124,30,75.038650963112,30,32.3749632638926
25,8,35,195.040819814414,35,-49.3685883194935,35,66.7322936378157,35,35.2264017817832
25,8,40,201.807715747947,40,-53.162072450533,40,57.9853193818514,40,38.4649096035938
25,8,45,207.970868413747,45,-56.7623762922869,45,48.8904574886507,45,42.1348030087791
25,8,50,213.446407382735,50,-60.1472730376984,50,39.5549305397501,50,46.2763230741975
25,8,55,218.173827743463,55,-63.2830337164196,55,30.0940577810787,55,50.9228327336115
25,8,60,222.115124202479,60,-66.1224320206896,60,20.6247245015664,60,56.0969957693792
25,8,65,225.251337754315,65,-68.6048380835061,65,11.259934495182,65,61.806417434449
25,8,70,227.577691020039,70,-70.6588158591501,70,2.10529223527575,70,68.0395484835931
25,8,75,229.098671653289,75,-72.206991565853,75,-6.74230575405633,75,74.7627491478313
25,8,80,229.82423680551,80,-73.172407016998,80,-15.1940773331732,80,81.9192548264045
25,8,85,229.767853492348,85,-73.4852605568111,85,-23.1676087850134,85,89.4304315189209
25,8,90,228.946522922576,90,-73.0889282594178,90,-30.5849062178026,90,97.1992583492091
30,8,0,132.914583782597,0,-23.987526923423,0,116.12537197082,0,38.7604694470403
30,8,5,140.852155927436,5,-28.1514901494062,5,111.371349273029,5,40.6430843876516
30,8,10,149.193542828488,10,-32.1239002216557,10,106.02471533942,10,42.4866903954975
30,8,15,157.841801871696,15,-35.922516899881,15,100.057020103233,15,44.3438288540613
30,8,20,166.669157496152,20,-39.54925129736,20,93.449996210312,20,46.2775708915001
30,8,25,175.52319297125,25,-42.9977817206462,25,86.203877132772,25,48.35421655425
30,8,30,184.236896604992,30,-46.2611588316397,30,78.3446417768471,30,50.6391012247209
30,8,35,192.641770313619,35,-49.3366802728929,35,69.9285650185093,35,53.1951507726961
30,8,40,200.582062034244,40,-52.2263577050363,40,61.0426372844936,40,56.0830717318095
30,8,45,207.9273997048,45,-54.9328373410836,45,51.8002365947247,45,59.3616855222887
30,8,50,214.581142158741,50,-57.4521947505439,50,42.3326609326159,50,63.0870079168494
30,8,55,220.482733396976,55,-59.7660962783221,55,32.778302248547,55,67.3092078310265
30,8,60,225.603942572135,60,-61.836050782881,60,23.2719043485014,60,72.0673927899298
30,8,65,229.940507060585,65,-63.6018166123807,65,13.9362442933484,65,77.3830120409139
30,8,70,233.501784724394,70,-64.9847485466916,70,4.87777168235128,70,83.2532844877713
30,8,75,236.301234360631,75,-65.8954343874047,75,-3.81344932394281,75,89.6462668931808
30,8,80,238.34991526467,80,-66.2438523504772,80,-12.0603100158974,80,96.4989268240477
30,8,85,239.654057623354,85,-65.9497847246407,85,-19.7933458082972,85,103.718956790298
30,8,90,240.216547567274,90,-64.9514129506789,90,-26.9454150056762,90,111.190241493282
35,8,0,119.78792344669,0,-27.6724800909021,0,118.549161753419,0,52.1165418883292
35,8,5,127.871148696071,5,-31.1756596493885,5,113.930227743741,5,54.4003354468693
35,8,10,136.575924187126,10,-34.5359291254453,10,108.698160632612,10,56.490490336248
35,8,15,145.789866659737,15,-37.7530051202416,15,102.81471871003,15,58.4624761287987
35,8,20,155.361935611266,20,-40.8020204310643,20,96.2528558649273,20,60.4011852420373
35,8,25,165.10769413166,25,-43.6497355181215,25,89.0065871173461,25,62.3918803991841
35,8,30,174.820797001857,30,-46.2701447003627,30,81.1009675941785,30,64.5155314720594
35,8,35,184.290693696621,35,-48.654611233456,35,72.5993346935582,35,66.8479386205718
35,8,40,193.323761941112,40,-50.8134292729211,40,63.6048565256193,40,69.4611713553382
35,8,45,201.762936162453,45,-52.768508507371,45,54.2547422184041,45,72.4253494620181
35,8,50,209.500557424889,50,-54.5398452120871,50,44.7077428614703,50,75.8088082188095
35,8,55,216.480975568008,55,-56.13051976183,55,35.1278317708709,55,79.6752833285534
35,8,60,222.692659780548,60,-57.5153630492622,60,25.6682189825865,60,84.0777938894287
35,8,65,228.152842957198,65,-58.6370482735595,65,16.4596346619531,65,89.050099440094
35,8,70,232.889721374879,70,-59.4107962840556,70,7.6052979140897,70,94.5975979247002
35,8,75,236.927315426515,75,-59.7361499848569,75,-0.817138129016952,75,100.690013256864
35,8,80,240.276503882998,80,-59.5123339240388,80,-8.74830295924081,80,107.25804220612
35,8,85,242.933330803308,85,-58.6530978857759,85,-16.1372891489889,85,114.195322738685
35,8,90,244.883451381014,90,-57.0976374715195,90,-22.9323175670632,90,121.36585273379
40,8,0,103.265931187184,0,-28.5361439332235,0,120.275273545378,0,60.6000697772328
40,8,5,111.3967395606,5,-31.5855825681587,5,115.858218621818,5,63.3172026873089
40,8,10,120.32338876451,10,-34.5852606087597,10,110.792248357277,10,65.7080691865633
40,8,15,129.929504486314,15,-37.5035414726825,15,105.038846472422,15,67.8625408816566
40,8,20,140.056406008854,20,-40.2736280953991,20,98.5696223905573,20,69.8809751612202
40,8,25,150.502263258673,25,-42.8199971904292,25,91.3767501805991,25,71.8646040447716
40,8,30,161.031145875699,30,-45.0840591333876,30,83.4859696040942,30,73.9099447269427
40,8,35,171.394118020169,35,-47.0415236947162,35,74.96758832822,35,76.1067894134845
40,8,40,181.358777196057,40,-48.706158185786,40,65.9402840437321,40,78.5388350113643
40,8,45,190.738856333376,45,-50.11892083999,45,56.56446806561,45,81.2854438024439
40,8,50,199.414269906068,50,-51.3264930202074,50,47.0257290394843,50,84.4226302640876
40,8,55,207.335052550651,55,-52.3569825135933,55,37.5126386251226,55,88.0214618781035
40,8,60,214.508557504051,60,-53.201378855503,60,28.1952178776368,60,92.1427939451816
40,8,65,220.975237835691,65,-53.8068963605471,65,19.2098648426488,65,96.8285119933562
40,8,70,226.781723452995,70,-54.0838184996688,70,10.6540216681734,70,102.090881458651
40,8,75,231.959617609245,75,-53.9228283660443,75,2.59059201167227,75,107.90274034177
40,8,80,236.51513906144,80,-53.2168056104871,80,-4.94060170288111,80,114.191680766791
40,8,85,240.430241819829,85,-51.8804755371236,85,-11.90845290722,85,120.840785339844
40,8,90,243.672087277747,90,-49.8628717495891,90,-18.2774506888007,90,127.696948780897
45,8,0,85.3917738901875,0,-26.5650129246949,0,121.263458940408,0,64.3254701773473
45,8,5,93.4207945410035,5,-29.3452835146421,5,117.133679272911,5,67.5363039930638
45,8,10,102.349297991756,10,-32.2022004404979,10,112.307333323996,10,70.3122607430136
45,8,15,112.076972337307,15,-35.0682714032419,15,106.754644674157,15,72.7417219205104
45,8,20,122.463735632164,20,-37.8290902824479,20,100.453328769481,20,74.9305988673609
45,8,25,133.315559092933,25,-40.3587394006736,25,93.3985894316705,25,76.9936415160651
45,8,30,144.385263210921,30,-42.5558641454402,30,85.618878564161,30,79.0464581423688
45,8,35,155.394475593206,35,-44.3701390997478,35,77.1909412390335,35,81.1987808831117
45,8,40,166.072676492503,40,-45.8104602764381,40,68.246364806073,40,83.5501341587889
45,8,45,176.200254257723,45,-46.9318277677345,45,58.9645887407679,45,86.188550509705
45,8,50,185.639494894135,50,-47.8057345639993,50,49.5528387024397,50,89.1916348104112
45,8,55,194.342065714373,55,-48.4853259764222,55,40.2188488866495,55,92.6278913419053
45,8,60,202.331362105914,60,-48.9783791970426,60,31.1448446633663,60,96.5556289838297
45,8,65,209.668043045639,65,-49.2374472948466,65,22.4701632731333,65,101.017444390666
45,8,70,216.412562912186,70,-49.1693459751052,70,14.286196344846,70,106.030187792333
45,8,75,222.597669825937,75,-48.6590089367376,75,6.64308546337921,75,111.572779076397
45,8,80,228.218043586419,80,-47.5984629446908,80,-0.435548106953645,80,117.576201206121
45,8,85,233.236739938895,85,-45.9112862613827,85,-6.93493740733139,85,123.92042283416
45,8,90,237.602185678094,90,-43.5656892619059,90,-12.8334218071483,90,130.44140678314
50,8,0,67.8565369151661,0,-22.1436607653766,0,121.426956479741,0,63.7138122632511
50,8,5,75.61207565765,5,-24.7936902743635,5,117.690148624371,5,67.4885179326894
50,8,10,84.2845476918976,10,-27.6587155454099,10,113.20071987664,10,70.7421093121223
50,8,15,93.8135084780783,15,-30.6432451349098,15,107.942515764014,15,73.5418892319254
50,8,20,104.108682941192,20,-33.5930286679004,20,101.905073896947,20,75.9884560629086
50,8,25,115.01497298283,25,-36.334369945218,25,95.0923040954171,25,78.2091749641588
50,8,30,126.298263406858,30,-38.7186094428343,30,87.539673293759,30,80.3455383740611
50,8,35,137.664308111391,35,-40.6592398402166,35,79.3318501116443,35,82.5369167774942
50,8,40,148.807177138943,40,-42.1481879677157,40,70.6108989548975,40,84.9058006337391
50,8,45,159.468903335528,45,-43.2439724531046,45,61.5686948350271,45,87.5494212463309
50,8,50,169.485851959227,50,-44.0357866711512,50,52.42441551048,50,90.5397960959677
50,8,55,178.803270062541,55,-44.5981263746807,55,43.3945893297121,55,93.9301719862803
50,8,60,187.454113268201,60,-44.9544015826922,60,34.6656615977197,60,97.7625342243188
50,8,65,195.513675472818,65,-45.0631013512298,65,26.3767919680996,65,102.070056885792
50,8,70,203.050196325114,70,-44.8296604682117,70,18.6158336881536,70,106.870749267982
50,8,75,210.09040438221,75,-44.136891301415,75,11.4270197232126,75,112.153228492037
50,8,80,216.610022015278,80,-42.8811360205931,80,4.82629672553975,80,117.860354359532
50,8,85,222.547774123417,85,-41.0012891619918,85,-1.18055337079136,85,123.878941769474
50,8,90,227.832547803822,90,-38.4919521598478,90,-6.58151992097299,90,130.042436523998
55,8,0,51.8661032977285,0,-15.8831871624538,0,120.649486031374,0,59.3906307004515
55,8,5,59.1868410339669,5,-18.493888495719,5,117.431817467222,5,63.780444348864
55,8,10,67.3567540386139,10,-21.4451995643795,10,113.399526401099,10,67.5831124702237
55,8,15,76.3756904006883,15,-24.6331148095087,15,108.548475254552,15,70.826937025971
55,8,20,86.2311413358472,20,-27.8843461226874,20,102.8828381497,20,73.5980123844897
55,8,25,96.837178351632,25,-30.9910528458101,25,96.4218463029896,25,76.0364722504811
55,8,30,107.999067120552,30,-33.7592880916036,30,89.2158077174263,30,78.3169298555484
55,8,35,119.423764328449,35,-36.0576232503952,35,81.3627272133913,35,80.6182943408647
55,8,40,130.775460338415,40,-37.8462602713587,40,73.014850129392,40,83.0934471323779
55,8,45,141.753466869659,45,-39.1721308430389,45,64.3689860170623,45,85.8497548129256
55,8,50,152.158478280493,50,-40.1306613883339,50,55.6429193049043,50,88.9467687370565
55,8,55,161.919048609841,55,-40.8112386870985,55,47.0469375520833,55,92.4096732982693
55,8,60,171.069802306894,60,-41.250871722072,60,38.7603860364948,60,96.249671798231
55,8,65,179.695339697179,65,-41.4150526749702,65,30.9188318725278,65,100.479210932681
55,8,70,187.867317959837,70,-41.2107221707222,70,23.6120353592045,70,105.112661268164
55,8,75,195.601391250254,75,-40.5222394086634,75,16.8899905502566,75,110.150756038548
55,8,80,202.848270343165,80,-39.2539486916257,80,10.774089851411,80,115.556026315482
55,8,85,209.516680264978,85,-37.3634295731835,85,5.27107754219121,85,121.232087385214
55,8,90,215.513138005609,90,-34.8748914864077,90,0.387426998581876,90,127.018941311162
60,8,0,38.1278067023849,0,-8.44854510128667,0,118.805874221588,0,52.0852599111709
60,8,5,44.8866352124888,5,-11.0760691813839,5,116.248927993614,5,57.0940446351164
60,8,10,52.3585457118165,10,-14.1375216627667,10,112.81150821637,10,61.469927277241
60,8,15,60.6144537515699,15,-17.546253446968,15,108.493219482815,15,65.1909029003313
60,8,20,69.7368842496739,20,-21.1386356583712,20,103.312248246811,20,68.3227538274976
60,8,25,79.7318911296735,25,-24.694104691505,25,97.3099730659075,25,71.0179186677994
60,8,30,90.4682184115493,30,-27.9813649229098,30,90.562441628676,30,73.487777774378
60,8,35,101.673016063417,35,-30.8181941205896,35,83.1905849931586,35,75.9562814142163
60,8,40,112.989366058294,40,-33.1181542394533,40,75.3597174451454,40,78.6111551632276
60,8,45,124.071661584767,45,-34.8994978495286,45,67.2647537849741,45,81.5706027255575
60,8,50,134.675693968938,50,-36.2502286882202,50,59.1067406640385,50,84.8772205450108
60,8,55,144.703014593279,55,-37.2669395322335,55,51.0713404357694,55,88.5189771813408
60,8,60,154.182939444177,60,-37.9981941123469,60,43.3168443419292,60,92.4648669719828
60,8,65,163.206610696239,65,-38.4182198803589,65,35.9715162067651,65,96.6962332111406
60,8,70,171.84847822647,70,-38.4387869920578,70,29.1347819289893,70,101.217403662499
60,8,75,180.111778112584,75,-37.9488449983147,75,22.8778167307241,75,106.040221774177
60,8,80,187.918520950472,80,-36.8622838274866,80,17.2438671236471,80,111.150872143996
60,8,85,195.141794882903,85,-35.1551697654924,85,12.2518204092455,85,116.476977612835
60,8,90,201.66020949592,90,-32.8802319081284,90,7.90539072850821,90,121.873354037352
65,8,0,26.9228307537149,0,-0.433276482112481,0,115.781517860162,0,42.5509251141518
65,8,5,33.03593986321,5,-3.11797188123823,5,114.030231082006,5,48.1168713726277
65,8,10,39.684561298842,10,-6.28956611754675,10,111.332054865809,10,53.0274668675874
65,8,15,47.0091466256379,15,-9.9031643112648,15,107.677256126696,15,57.2084981241519
65,8,20,55.1901487003716,20,-13.8332518573613,20,103.093946103566,20,60.7035244772379
65,8,25,64.3369229489233,25,-17.8701007786994,25,97.6510287350688,25,63.6744897117641
65,8,30,74.3999790330613,30,-21.7570502811283,30,91.4620134647404,30,66.366283958396
65,8,35,85.1452463615903,35,-25.2595522975564,35,84.6829023498598,35,69.0452951563133
65,8,40,96.2060460493251,40,-28.2327821926188,40,77.4979725746423,40,71.932916092408
65,8,45,107.192662917587,45,-30.6508280397481,45,70.0954818362374,45,75.1581495554246
65,8,50,117.809093840108,50,-32.5812525287255,50,62.6448179660176,50,78.7463928122441
65,8,55,127.921702761201,55,-34.1206110863285,55,55.287752223649,55,82.6462732089354
65,8,60,137.55034679804,60,-35.3274883994521,60,48.1464245956973,60,86.7796016306044
65,8,65,146.79376813491,65,-36.1868362767897,65,41.3376787628802,65,91.0892559001011
65,8,70,155.732826100734,70,-36.6180774626032,70,34.9790302533521,70,95.5616155142551
65,8,75,164.36067260926,75,-36.5162771422411,75,29.1795288507097,75,100.213616651534
65,8,80,172.569146712186,80,-35.8039888507962,80,24.0216476219892,80,105.052921011274
65,8,85,180.1901527923,85,-34.4725677587487,85,19.5474443374936,85,110.033548991006
65,8,90,187.066402632552,90,-32.5989864482495,90,15.7591452404528,90,115.031453796612
70,8,0,18.2170226426092,0,7.69921150383213,0,111.487651521459,0,31.5119506502295
70,8,5,23.6397668427923,5,4.91716726238309,5,110.673066825194,5,37.5044740874726
70,8,10,29.407435092998,10,1.63053728637427,10,108.850147140343,10,42.8470633364588
70,8,15,35.7180771474723,15,-2.17305322499443,15,105.984930072382,15,47.4207895138981
70,8,20,42.8398204027888,20,-6.4263515881477,20,102.108336096845,20,51.2485765755553
70,8,25,50.9844835102826,25,-10.950084024707,25,97.3188196024586,25,54.4960356840686
70,8,30,60.1943283144244,30,-15.4757188216824,30,91.7767625417894,30,57.4303177753149
70,8,35,70.2892280634589,35,-19.7201480390064,35,85.6850651427368,35,60.3481678942237
70,8,40,80.9047055718323,40,-23.4746854034957,40,79.2545605811359,40,63.4966314887234
70,8,45,91.610655872058,45,-26.6588848304111,45,72.6650371675545,45,67.0142763664796
70,8,50,102.056134736582,50,-29.310140610594,50,66.0424496569911,50,70.9139416061758
70,8,55,112.068067642645,55,-31.5195029310864,55,59.4678319333401,55,75.1114111554413
70,8,60,121.656682975773,60,-33.354685696369,60,53.0131629836793,60,79.4847710818862
70,8,65,130.933240205823,65,-34.8129084232544,65,46.7792988424894,65,83.9357581396956
70,8,70,139.992003101073,70,-35.8225133148356,70,40.9085209812858,70,88.4242783506789
70,8,75,148.820905951568,75,-36.2838669432544,75,35.5620221397611,75,92.9613288891229
70,8,80,157.281596276374,80,-36.124855675511,80,30.8765254724904,80,97.567073335027
70,8,85,165.159407327245,85,-35.3469305369786,85,26.9265941867434,85,102.218608347998
70,8,90,172.251732167718,90,-34.0455172260737,90,23.71343069721,90,106.816579127608
75,8,0,11.768374564334,0,15.6159671718354,0,105.87130985498,0,19.634655494326
75,8,5,16.4837731369113,5,12.6889311467647,5,106.092567231131,5,25.8655823248919
75,8,10,21.3633367056211,10,9.26004378072068,10,105.256543895725,10,31.4835602190981
75,8,15,26.6456277312505,15,5.25731386822397,15,103.291342522938,15,36.3395281953961
75,8,20,32.6680788320991,20,0.683059278501077,20,100.221475932979,20,40.4399460021561
75,8,25,39.7341924724746,25,-4.32503837536419,25,96.1724346665626,25,43.9458105621721
75,8,30,47.9784149845272,30,-9.49901479881579,30,91.3558497925677,30,47.1287327387032
75,8,35,57.283114126275,35,-14.516194933996,35,86.029913316233,35,50.2955976191366
75,8,40,67.2958683457227,40,-19.1066396321873,40,80.439223355987,40,53.7047879620162
75,8,45,77.5520489522232,45,-23.1324906768346,45,74.7562915641326,45,57.5015764902194
75,8,50,87.6472954103772,50,-26.5962987506761,50,69.0573147907708,50,61.6947696271137
75,8,55,97.3699474370987,55,-29.5806065996488,55,63.3515736401196,55,66.1815803890534
75,8,60,106.724549832066,60,-32.161845755277,60,57.650597577808,60,70.8082314507611
75,8,65,115.84252265961,65,-34.3500631473413,65,52.0345168701687,65,75.4383693997478
75,8,70,124.840194430564,70,-36.0817312512904,70,46.6729012255876,70,79.9980997341329
75,8,75,133.706277512234,75,-37.2591958712663,75,41.7869452239206,75,84.4783644319804
75,8,80,142.273122926062,80,-37.8102586358433,80,37.5766400428211,80,88.8974042667209
75,8,85,150.274798247704,85,-37.7402065033343,85,34.1550322944328,85,93.2467094431663
75,8,90,157.454155002223,90,-37.1568629868177,90,31.522892952367,90,97.4517206185069
80,8,0,7.2067360595736,0,23.0798124650784,0,98.9204027673292,0,7.51449471898497
80,8,5,11.2129276378967,5,19.9531268495574,5,100.230435881636,5,13.7583801748105
80,8,10,15.2261057035709,10,16.3292754017264,10,100.454865182128,10,19.4588737896368
80,8,15,19.5092120313251,15,12.0875180362469,15,99.4735586625301,15,24.4549797561441
80,8,20,24.4487703012665,20,7.17290578778343,20,97.2946837709327,20,28.7422597139303
80,8,25,30.4228578889899,25,1.68069680921087,25,94.0638319084721,25,32.4677456626623
80,8,30,37.6489397943777,30,-4.1310316859342,30,90.04183203239,30,35.8863210523879
80,8,35,46.0713972048261,35,-9.91297192498431,35,85.5446530499333,35,39.2900905028416
80,8,40,55.3551902255529,40,-15.3445324716843,40,80.8551332501807,40,42.9302269741569
80,8,45,65.0083301710735,45,-20.2356767476748,45,76.1418509176542,45,46.9539727086498
80,8,50,74.5796958871921,50,-24.5549835191652,50,71.4316044267594,50,51.3761994984866
80,8,55,83.8253022599116,55,-28.3758967009729,55,66.6593705107091,55,56.0945932842156
80,8,60,92.7510880997378,60,-31.7832800186414,60,61.7720973971727,60,60.941825415907
80,8,65,101.516894554219,65,-34.7994878212633,65,56.8250071051159,65,65.7524709962493
80,8,70,110.269319560735,70,-37.3667687741119,70,52.0118369364663,70,70.4150925174543
80,8,75,119.003880712737,75,-39.384573829708,75,47.6122732140135,75,74.8867969123347
80,8,80,127.525689963836,80,-40.7741339821621,80,43.889656398552,80,79.166996961367
80,8,85,135.514919277827,85,-41.5379707770042,85,40.9966303630409,85,83.2489462071122
80,8,90,142.653058502233,90,-41.790306731289,90,38.9347668311997,90,87.0790775806257
85,8,0,4.08053767796399,0,29.9044496883594,0,90.6652348040379,0,-4.32743368616741
85,8,5,7.38159434326399,5,26.5224531591289,5,93.0625551079437,5,1.68988004770151
85,8,10,10.5613214844456,10,22.6341027463363,10,94.3735752527109,10,7.26359976305937
85,8,15,13.8962749286821,15,18.0904224918572,15,94.4242671199002,15,12.2390831984066
85,8,20,17.804849241648,20,12.7981201640617,20,93.1974126477837,20,16.6066320290379
85,8,25,22.7196556705081,25,6.81849132108552,25,90.8486421321694,25,20.4902960765576
85,8,30,28.9235098256312,30,0.394693583865851,30,87.6795923702181,30,24.1073287287469
85,8,35,36.4126416592885,35,-6.11200423273745,35,84.0592386460158,35,27.709826636657
85,8,40,44.8691634426599,40,-12.347004820367,40,80.3083666103013,40,31.5220172886592
85,8,45,53.7817523954632,45,-18.0802454330498,45,76.5956232900641,45,35.6866604180992
85,8,50,62.664254974578,50,-23.2520031338396,50,72.9053247121787,50,40.2335915042996
85,8,55,71.2513532972907,55,-27.9277634773827,55,69.1051888819896,55,45.0806176623404
85,8,60,79.5586696640428,60,-32.2002069440672,60,65.0811598639553,60,50.0683162873373
85,8,65,87.7806571103821,65,-36.1027092681632,65,60.8609620242883,65,55.0164453525758
85,8,70,96.0997094652094,70,-39.5807553409803,70,56.653767844947,70,59.7780011015216
85,8,75,104.523476121191,75,-42.5265097435123,75,52.7860188532313,75,64.2666835573802
85,8,80,112.834012911626,80,-44.8488442549282,80,49.574346047938,80,68.4475002825509
85,8,85,120.659204364719,85,-46.5412919166908,85,47.2063151891025,85,72.3011343640433
85,8,90,127.617476248923,90,-47.718124853875,90,45.6859266287059,90,75.7873955235147
90,8,0,1.8790974033361,0,35.9163480337524,0,81.1781403206626,0,-15.4430126223086
90,8,5,4.48121293317458,5,32.2310218729494,5,84.6045763315308,5,-9.88460134766438
90,8,10,6.86263094171188,10,28.0073452403245,10,86.9762935854261,10,-4.64512847557445
90,8,15,9.30937132871142,15,23.0927870623441,15,88.0648284238966,15,0.142675147179451
90,8,20,12.2592632414702,20,17.3804284645847,20,87.8209463567119,20,4.46831991622333
90,8,25,16.1786361778064,25,10.912218246081,25,86.3989339620247,25,8.42520760417662
90,8,30,21.3916326255068,30,3.91571509255351,30,84.1276223785655,30,12.1755688853858
90,8,35,27.9281745884547,35,-3.24980470716367,35,81.4168407682759,35,15.9102001784581
90,8,40,35.4827032522856,40,-10.2152547308209,40,78.6190672213342,40,19.80875605375
90,8,45,43.5336027721301,45,-16.727022212358,45,75.906060038758,45,24.0020221473462
90,8,50,51.5757878960894,50,-22.7058696865889,50,73.2317415360964,50,28.5401858452123
90,8,55,59.3367205680387,55,-28.211176737714,55,70.412490302634,55,33.3773097490315
90,8,60,66.8488190750878,60,-33.3420608920013,60,67.2846757807939,60,38.3826085840699
90,8,65,74.3426417029101,65,-38.1413550478049,65,63.8485348981414,65,43.3787107384149
90,8,70,82.0372216687216,70,-42.5567212947039,70,60.3159253814911,70,48.1917130061703
90,8,75,89.9563673385304,75,-46.4715662393406,75,57.0397083619318,75,52.6896504084998
90,8,80,97.8664706638674,80,-49.7794855280312,80,54.3706345751781,80,56.7926065105058
90,8,85,105.351357498493,85,-52.4601312093007,85,52.5207714065661,85,60.4554647822339
90,8,90,111.972636815301,90,-54.6206868075578,90,51.4977180088281,90,63.6409919670127
95,8,0,0.0450042044325581,0,40.9302979698065,0,70.5729009522283,0,-25.4533446539363
95,8,5,1.95827883537961,5,36.9104540058539,5,74.9157027486766,5,-20.5618649859368
95,8,10,3.57902192230197,10,32.2969558523461,10,78.2694639532597,10,-15.8477556293543
95,8,15,5.2032012497948,15,26.9570214719658,15,80.3559627011972,15,-11.4108206655792
95,8,20,7.27909285669949,20,20.7946791747314,20,81.0908084098943,20,-7.25985872871782
95,8,25,10.285934871749,25,13.8491604457863,25,80.615839059481,25,-3.33770646646147
95,8,30,14.5618534630333,30,6.33508208522105,30,79.2697832015791,30,0.451333931331043
95,8,35,20.1481962606259,35,-1.40155590776973,35,77.4847558723244,35,4.22269846934871
95,8,40,26.7450920099953,40,-8.99608300027683,40,75.6326841319842,40,8.09880341390149
95,8,45,33.8312286459608,45,-16.1888338921943,45,73.8892694844732,45,12.191022769668
95,8,50,40.9016386272869,50,-22.8907952209021,50,72.1930255399919,50,16.5705484251158
95,8,55,47.6915083934159,55,-29.1567760022832,55,70.3313051164039,55,21.2372511212137
95,8,60,54.2537745317859,60,-35.0899351477061,60,68.1087393229517,60,26.1053465416178
95,8,65,60.8500971038885,65,-40.7411311062672,65,65.5012710368582,65,31.0187214800824
95,8,70,67.7309793895027,70,-46.0618008891368,70,62.7093448547552,70,35.7911604873237
95,8,75,74.9384910238207,75,-50.9298460971063,75,60.0870066937624,75,40.2514611889257
95,8,80,82.2344194584806,80,-55.2253871167167,80,57.9939510554296,80,44.2721013149762
95,8,85,89.1749615810155,85,-58.911820546871,85,56.6518072929487,85,47.772988473452
95,8,90,95.2811858342789,90,-62.0815714514212,90,56.0715501291966,90,50.7086313024785
100,8,0,-2.00943555003522,0,44.7382250266488,0,59.0055223147163,0,-34.0443864559993
100,8,5,-0.764537010093141,5,40.3780547251923,5,64.1023172919358,5,-29.9909804832379
100,8,10,0.142889875583754,10,35.3528460270758,10,68.3088820326922,10,-25.9666900954057
100,8,15,1.01982254929644,15,29.5671956352958,15,71.3070061667778,15,-22.0327196490659
100,8,20,2.31623968313521,20,22.9556061196566,20,72.9779656950718,20,-18.195756916651
100,8,25,4.50350638455835,25,15.5691922881457,25,73.4413521209263,25,-14.4376460087555
100,8,30,7.90668476991817,30,7.61380183025176,30,73.0264401782465,30,-10.7333479186017
100,8,35,12.5573159378336,35,-0.585536252944294,35,72.1645356176468,35,-7.0476636939521
100,8,40,18.1564217377015,40,-8.68398143422432,40,71.2299726847965,40,-3.321218356596
100,8,45,24.1956253903511,45,-16.4311296699958,45,70.400408226703,45,0.531820172913384
100,8,50,30.1900346053864,50,-23.7367350135162,50,69.6141114618772,50,4.59961726939655
100,8,55,35.8958481619552,55,-30.6514956295876,55,68.6543482906781,55,8.92937721555986
100,8,60,41.3854605459136,60,-37.2792558424939,60,67.3154353831273,60,13.4895826435604
100,8,65,46.9398380687515,65,-43.6777847862883,65,65.5552769762819,65,18.1612717871136
100,8,70,52.8296510558754,70,-49.8066575973941,70,63.5504113321686,70,22.7639364415801
100,8,75,59.114880107651,75,-55.5465159211667,75,61.6307176787862,75,27.1014401894168
100,8,80,65.5667645595081,80,-60.7712048005785,80,60.1381330909808,80,31.0049180502301
100,8,85,71.7382279494939,85,-65.4290901503139,85,59.286741874161,85,34.3565862955585
100,8,90,77.1362630098645,90,-69.5908810519609,90,59.0888806655639,90,37.0932942229387
105,8,0,-4.87196700308697,0,47.1081209112266,0,46.6778196693195,0,-40.9642851924315
105,8,5,-4.25534738785804,5,42.4343057708848,5,52.3240130236542,5,-37.8747228815278
105,8,10,-3.99406650370233,10,37.0208384029242,10,57.208326912039,10,-34.6715607245079
105,8,15,-3.77279374634118,15,30.8192003865204,15,60.9869345764003,15,-31.3769979252092
105,8,20,-3.15149002977131,20,23.8057886499223,20,63.5114037484784,20,-27.9965316790921
105,8,25,-1.68721157469277,25,16.0530746753891,25,64.8711516676262,25,-24.5500755680764
105,8,30,0.908969901761223,30,7.76171122358298,30,65.3663551178285,30,-21.0793213932092
105,8,35,4.64353095694107,35,-0.768573148873462,35,65.4025532873549,35,-17.6245017650869
105,8,40,9.21862529954358,40,-9.22306309157247,40,65.3368416685539,40,-14.1875143371452
105,8,45,14.1533946622992,45,-17.3714147744668,45,65.3440805050463,45,-10.7117566832312
105,8,50,19.0015772163928,50,-25.1278892286558,50,65.3749342307338,50,-7.09963495103105
105,8,55,23.5499621063341,55,-32.5381526569633,55,65.2318186168707,55,-3.26280410286617
105,8,60,27.8844738634032,60,-39.7027905659362,60,64.7201071873125,60,0.82233443468421
105,8,65,32.2883480301474,65,-46.6856076877294,65,63.78808375505,65,5.08443487394107
105,8,70,37.0364453448715,70,-53.4603633956792,70,62.5799236388348,70,9.36655316767147
105,8,75,42.2037579495847,75,-59.9220770781858,75,61.3805295525543,75,13.4669574610063
105,8,80,47.5861943381903,80,-65.9498999222701,80,60.4906795171737,80,17.1896531624543
105,8,85,52.7629366924467,85,-71.4824008794134,85,60.1007409755202,85,20.3839546075243
105,8,90,57.260834963698,90,-76.5641944808488,90,60.2211234505781,90,22.9638459497482
110,8,0,-9.08265184588811,0,47.7908522438319,0,33.8447630894291,0,-46.0257623513183
110,8,5,-9.0253701138152,5,42.8673451463568,5,39.8041381937259,5,-43.9758625242473
110,8,10,-9.3150281463254,10,37.1420324252166,10,45.1533099619816,10,-41.6885137744985
110,8,15,-9.6369804561006,15,30.6141229534367,15,49.5406103207445,15,-39.1510017316684
110,8,20,-9.57694302536056,20,23.3042112534832,20,52.7956224301197,20,-36.3686927140898
110,8,25,-8.73957917705068,25,15.3088367411797,25,54.9719902546371,25,-33.3942022024725
110,8,30,-6.88811549453011,30,6.82465395549258,30,56.3229631161618,30,-30.3242545324675
110,8,35,-4.04722140599602,35,-1.87592954300346,35,57.2047488960926,35,-27.2609317822585
110,8,40,-0.506943458133163,40,-10.5133625909595,40,57.9377614240349,40,-24.2585301257361
110,8,45,3.29491944119936,45,-18.8827652936609,45,58.6871531396487,45,-21.2901071274317
110,8,50,6.96579713604211,50,-26.9052302578069,50,59.4238726706747,50,-18.2577734161084
110,8,55,10.3279323049471,55,-34.6193281873157,55,59.9870135877682,55,-15.0441028478571
110,8,60,13.4713963107338,60,-42.1184324944695,60,60.2106310592968,60,-11.5776059382081
110,8,65,16.6626493598591,65,-49.4714643011293,65,60.0424516394716,65,-7.87888478259851
110,8,70,20.1630610757766,70,-56.672184324679,70,59.5911824106326,70,-4.06735842943467
110,8,75,24.0577863829438,75,-63.6419792398476,75,59.083927826709,75,-0.330168358639997
110,8,80,28.181193687092,80,-70.278627398791,80,58.7642754396317,80,3.12866275669922
110,8,85,32.168416622253,85,-76.5193920284407,85,58.7868080361295,85,6.1369121501291
110,8,90,35.6018444257525,90,-82.3826068174579,90,59.1567679799033,90,8.58593574741738
115,8,0,-15.0714102119135,0,46.5350075376582,0,20.8250759908723,0,-49.1172684664919
115,8,5,-15.4701796122524,5,41.4644810047599,5,26.8446318041802,5,-48.132518158699
115,8,10,-16.1853725102379,10,35.5578866464861,10,32.4200902811838,10,-46.8177615849439
115,8,15,-16.9182136422993,15,28.8554732614005,15,37.2109688976962,15,-45.1326906715913
115,8,20,-17.2986362438641,20,21.4160977998074,20,41.0345711598478,20,-43.0826429495597
115,8,25,-16.9945513779742,25,13.3563571148655,25,43.9061225717467,25,-40.7431656340685
115,8,30,-15.8285472139825,30,4.86684803213331,30,46.0184056698156,30,-38.2480185639282
115,8,35,-13.8529114775358,35,-3.80837782141276,35,47.6595986403519,35,-35.7409532563423
115,8,40,-11.3378961649959,40,-12.4258645192394,40,49.097132072478,40,-33.3141557379842
115,8,45,-8.66367528582782,45,-20.8069482205146,45,50.4784133841698,45,-30.9671519893154
115,8,50,-6.15899740341698,50,-28.879075223617,50,51.7965502227456,50,-28.6102552265849
115,8,55,-3.96566134948562,55,-36.6712853165191,55,52.9363415991358,55,-26.1119647321871
115,8,60,-1.99962613658554,60,-44.2664156223759,60,53.771488998238,60,-23.3662685317109
115,8,65,-0.0280653079199047,65,-51.7371826927602,65,54.2570929323564,65,-20.3475835879145
115,8,70,2.18132306158249,70,-59.1008886601492,70,54.4685836518397,70,-17.130608284934
115,8,75,4.71828686818207,75,-66.3141738043103,75,54.571937450739,75,-13.871337043126
115,8,80,7.46536938483606,80,-73.3049784080275,80,54.7472726052384,80,-10.7622960593084
115,8,85,10.1373887541939,85,-80.0190199467576,85,55.1078035476447,85,-7.98217902793477
115,8,90,12.4021372195705,90,-86.4527894706772,90,55.6519808862684,90,-5.65697990827614
120,8,0,-23.0891860894785,0,43.1116321538706,0,8.01181561596277,0,-50.2249447168412
120,8,5,-23.8081033011301,5,38.0328614890934,5,13.8407910996445,5,-50.2846904228756
120,8,10,-24.7995393353302,10,32.1236692946442,10,19.3949162684225,10,-49.9617624103334
120,8,15,-25.7986672252326,15,25.4535340847551,15,24.3622445222767,15,-49.1972607039075
120,8,20,-26.4967934808015,20,18.1077961021492,20,28.5581055185032,20,-47.9951848373115
120,8,25,-26.6345419318265,25,10.2139957584608,25,31.9603197197842,25,-46.4410774691298
120,8,30,-26.0922512956856,30,1.95167435573975,30,34.6943615641869,30,-44.6841823729356
120,8,35,-24.9390994354969,35,-6.46453988482497,35,36.9695941534521,35,-42.8863543947261
120,8,40,-23.4115432590794,40,-14.8259701949984,40,38.989853265071,40,-41.1597741697707
120,8,45,-21.8210212743513,45,-22.978263670803,45,40.8770113353894,45,-39.5238257479516
120,8,50,-20.4278317144305,50,-30.8535763706043,50,42.6423074241936,50,-37.9028956139569
120,8,55,-19.340163290929,55,-38.4697493142517,55,44.2159180196184,55,-36.1660631050144
120,8,60,-18.4878306976502,60,-45.8969753435548,60,45.5140851894869,60,-34.1892422184792
120,8,65,-17.6823514450063,65,-53.2098120872933,65,46.5045283939243,65,-31.9115939316811
120,8,70,-16.7304665331534,70,-60.4489409837332,70,47.2355942059558,70,-29.3639119022425
120,8,75,-15.5427223457446,75,-67.6093900455045,75,47.8176195597243,75,-26.6616670094702
120,8,80,-14.1847424865712,80,-74.6557745337632,80,48.3708705916528,80,-23.9705511662983
120,8,85,-12.8496317897505,85,-81.5505895360999,85,48.9689275848453,85,-21.460917343438
120,8,90,-11.7672722846544,90,-88.2763687069092,90,49.6044821618237,90,-19.267650766422
125,8,0,-33.143652202216,0,37.3500749942662,0,-4.12388689707638,0,-49.4627047785703
125,8,5,-34.0250364897992,5,32.4312200569553,5,1.28695466476285,5,-50.5086904331837
125,8,10,-35.13380271682,10,26.7333787564073,10,6.58273380890491,10,-51.1611497534858
125,8,15,-36.2549850694324,15,20.341433343528,15,11.4927252567423,15,-51.3516857703827
125,8,20,-37.1523564237398,20,13.352915722936,20,15.8397420083654,20,-51.0806097322087
125,8,25,-37.6405695569621,25,5.89483930051981,25,19.5692121796433,25,-50.4297315613941
125,8,30,-37.649033098728,30,-1.87085091095154,30,22.7406533872331,30,-49.5423446063246
125,8,35,-37.2501404846924,35,-9.76040942467682,35,25.4835226120936,35,-48.5752613081699
125,8,40,-36.6348315604679,40,-17.5981985117283,40,27.9347753303738,40,-47.6421378095093
125,8,45,-36.0404227648616,45,-25.2519978253182,45,30.1847777987279,45,-46.7730813881364
125,8,50,-35.6593946034031,50,-32.6578487655265,50,32.254593068168,50,-45.9085862161095
125,8,55,-35.5696154033109,55,-39.8226379183531,55,34.1114685506431,55,-44.9297643975857
125,8,60,-35.7177579249958,60,-46.8034790289819,60,35.7095063103829,60,-43.7105713673031
125,8,65,-35.9618727026502,65,-53.674269344966,65,37.0307488707314,65,-42.1695947663047
125,8,70,-36.1501866296247,70,-60.4949426573656,70,38.1045885555387,70,-40.3018419143671
125,8,75,-36.1967869800792,75,-67.2953867195118,75,38.9974946358041,75,-38.1816280974883
125,8,80,-36.1186092456332,80,-74.0765990719631,80,39.7813057017591,80,-35.9399052822266
125,8,85,-36.0183850029271,85,-80.8223094014572,85,40.4979596708738,85,-33.7277310286783
125,8,90,-36.0237339241349,90,-87.5100284385281,90,41.1380226376774,90,-31.6797456046721
130,8,0,-44.948459801313,0,29.1828436700105,0,-15.0453299658659,0,-47.1005358356867
130,8,5,-45.8316937862861,5,24.6113290660568,5,-10.2384827173349,5,-49.0485039932136
130,8,10,-46.9078522013174,10,19.3563147951523,10,-5.40830419558342,10,-50.6278047557756
130,8,15,-48.020850409362,15,13.5052946868745,15,-0.778276517982196,15,-51.7683298000238
130,8,20,-49.0085861729752,20,7.15463061655095,20,3.48926052757098,20,-52.4642200625898
130,8,25,-49.7526705621961,25,0.420053202450033,25,7.31583473497451,25,-52.7818398937671
130,8,30,-50.2187994910748,30,-6.56023802017634,30,10.7042936363474,30,-52.8409739170759
130,8,35,-50.4703927155649,35,-13.6349109864384,35,13.7125895614308,35,-52.7743815535646
130,8,40,-50.6469544791491,40,-20.660326371191,40,16.4151206998062,40,-52.6809688985737
130,8,45,-50.9132232657331,45,-27.5256909187181,45,18.8680525395311,45,-52.59152351475
130,8,50,-51.3989538851056,50,-34.1723346899685,50,21.0924661268136,50,-52.4608495099467
130,8,55,-52.1545570001872,55,-40.5989855545469,55,23.07965733923,55,-52.1887031838885
130,8,60,-53.1410698060829,60,-46.8511241407618,60,24.8116205332911,60,-51.6599996864859
130,8,65,-54.256966706678,65,-52.9993947734578,65,26.2830305394481,65,-50.787981691514
130,8,70,-55.3873034278138,70,-59.115900865641,70,27.5122295313986,70,-49.5448081250059
130,8,75,-56.451225606431,75,-65.2563211809606,75,28.5362733135615,75,-47.9707969830755
130,8,80,-57.4261841942126,80,-71.4512740004993,80,29.3941069770545,80,-46.162430502061
130,8,85,-58.3393397613008,85,-77.7051866476795,85,30.1075876621324,85,-44.2462831280211
130,8,90,-59.2323035528533,90,-83.9979651550367,90,30.670163947813,90,-42.3490754409024
135,8,0,-57.8900211145667,0,18.6927230728307,0,-24.1874398161565,0,-43.5743050566278
135,8,5,-58.634105997193,5,14.6626733455426,5,-20.1177372854435,5,-46.3264073767865
135,8,10,-59.5541770947264,10,10.0798529757058,10,-15.9166286375225,10,-48.7574142264807
135,8,15,-60.5528195906212,15,5.02478644719151,15,-11.7611339562131,15,-50.8009765198077
135,8,20,-61.533955456946,20,-0.417175811190366,20,-7.7941828193374,20,-52.4433526267142
135,8,25,-62.432651004791,25,-6.14921217194785,25,-4.10767684211793,25,-53.7279889021275
135,8,30,-63.2373290738706,30,-12.0609177798524,30,-0.740472717026146,30,-54.7402583916448
135,8,35,-63.9947778240329,35,-18.0342535109021,35,2.30942078912879,35,-55.5767829444108
135,8,40,-64.7943650276689,40,-23.9573434339082,40,5.06451906314387,40,-56.3103362291661
135,8,45,-65.736346075937,45,-29.7419770004091,45,7.54823868485936,45,-56.9635361144083
135,8,50,-66.8962381262768,50,-35.3385055916411,50,9.77344823726307,50,-57.5011373351291
135,8,55,-68.2992505352115,55,-40.7425394155202,55,11.7418894620563,55,-57.8432666768044
135,8,60,-69.9143874732944,60,-45.9910388039333,60,13.451570788923,60,-57.8938950648416
135,8,65,-71.6690494065982,65,-51.1493640754035,65,14.9058179718523,65,-57.5737252747077
135,8,70,-73.4760393894618,70,-56.2936589427111,70,16.1179894827883,70,-56.8462669644335
135,8,75,-75.2600800532185,75,-61.4934941880705,75,17.109259092398,75,-55.729634359902
135,8,80,-76.9722985903027,80,-66.7982118837927,80,17.9011114621617,80,-54.2923641080169
135,8,85,-78.5876434954727,85,-72.2280975656175,85,18.5069887867556,85,-52.636803819996
135,8,90,-80.0886205088672,90,-77.7697541678246,90,18.9276979921023,90,-50.8766531291408
140,8,0,-71.0127946157133,0,6.15236968539875,0,-31.0207102694203,0,-39.4587286913658
140,8,5,-71.5165898281677,5,2.85013136672839,5,-27.7678573797762,5,-42.9141637824628
140,8,10,-72.1951533505266,10,-0.852098048235588,10,-24.3100452992352,10,-46.1023806599927
140,8,15,-73.0012364256856,15,-4.88639825188895,15,-20.7835654502274,15,-48.9635149900831
140,8,20,-73.8898392445226,20,-9.18376382267922,20,-17.3100937747077,20,-51.4754623150734
140,8,25,-74.8331840932186,25,-13.6697953947256,25,-13.9845191650396,25,-53.6564003137716
140,8,30,-75.830903753706,30,-18.2630007177925,30,-10.8703286365329,30,-55.5540440225623
140,8,35,-76.9109634769389,35,-22.8781555254723,35,-8.0026397568527,35,-57.2248850985446
140,8,40,-78.120135185417,40,-27.4349609784526,40,-5.39632256092383,40,-58.7105828470394
140,8,45,-79.5070079263827,45,-31.8697975858945,45,-3.05525112405946,45,-60.0199238455201
140,8,50,-81.1036602962324,50,-36.1467986394029,50,-0.979146451839285,50,-61.1227344330229
140,8,55,-82.9126988376603,55,-40.2644262944676,55,0.833625228384233,55,-61.9576746002762
140,8,60,-84.904035704452,60,-44.2551672297748,60,2.38663717502303,60,-62.4508685208477
140,8,65,-87.0216191006202,65,-48.1781521451834,65,3.68721413483361,65,-62.5388337465188
140,8,70,-89.1962971651802,70,-52.1064930389686,70,4.74725784534151,70,-62.1883317174716
140,8,75,-91.3589190360487,75,-56.1122307435749,75,5.58203153538228,75,-61.4075284023394
140,8,80,-93.4484813116355,80,-60.251831619877,80,6.20739883927706,80,-60.2461857429347
140,8,85,-95.4131258931596,85,-64.5544915844719,85,6.63705722593423,85,-58.786090520902
140,8,90,-97.2056062290887,90,-69.0146264543793,90,6.88134911631639,90,-57.1254185333295
145,8,0,-83.0288615023014,0,-7.9521478754644,0,-35.1327851748087,0,-35.3929618630463
145,8,5,-83.243719945752,5,-10.364577586008,5,-32.7309691795358,5,-39.4548457427087
145,8,10,-83.6373549836391,10,-13.0158728432923,10,-30.0844376433157,10,-43.2944099141074
145,8,15,-84.1993506232347,15,-15.8531117244348,15,-27.2964155791621,15,-46.8584971790285
145,8,20,-84.9187150096941,20,-18.8251835877163,20,-24.4673699908306,20,-50.1173524613318
145,8,25,-85.789718512262,25,-21.8801130147077,25,-21.6864527155357,25,-53.0660923897478
145,8,30,-86.8154630097152,30,-24.9637661207055,30,-19.0261213784993,30,-55.7182798950001
145,8,35,-88.0075100649733,35,-28.0215623888341,35,-16.5404297492824,35,-58.093667698674
145,8,40,-89.3813056050268,40,-31.0035686348535,40,-14.2663523685759,40,-60.204293212286
145,8,45,-90.9487885198612,45,-33.8718922034648,45,-12.2267999279422,45,-62.0437634937154
145,8,50,-92.7107159902271,50,-36.6081960239668,50,-10.4339171457832,50,-63.5834797803655
145,8,55,-94.6513457393356,55,-39.2188441112341,55,-8.89173721913388,55,-64.7771415969567
145,8,60,-96.737136962024,60,-41.7357345800037,60,-7.59795707894118,60,-65.572080499792
145,8,65,-98.9195308609587,65,-44.2120350130854,65,-6.54511911526525,65,-65.9238337821124
145,8,70,-101.140385726598,70,-46.7133628051107,70,-5.72162751516547,70,-65.8095691407163
145,8,75,-103.337917690892,75,-49.3060303683348,75,-5.11282953313115,75,-65.2366304845704
145,8,80,-105.451298368621,80,-52.0445534419368,80,-4.70207352246483,80,-64.2441821571024
145,8,85,-107.423166642058,85,-54.9606666433324,85,-4.47146397937376,85,-62.8979930956455
145,8,90,-109.200650574224,90,-58.0557243453546,90,-4.40210556672126,90,-61.2801563172421
150,8,0,-92.3705832301789,0,-22.9169033132127,0,-36.3071798598559,0,-31.9655871886373
150,8,5,-92.3029615006989,5,-24.3208965206426,5,-34.755725704358,5,-36.5434386722028
150,8,10,-92.4083146057009,10,-25.8051935994271,10,-32.9493147313937,10,-40.9245808533367
150,8,15,-92.6990196678814,15,-27.3325010387621,15,-30.9648890052752,15,-45.0611152706616
150,8,20,-93.1832136287703,20,-28.8691040397461,20,-28.8824851575349,20,-48.9172305752439
150,8,25,-93.8661250169155,25,-30.3835208430455,25,-26.779273654407,25,-52.4702438625461
150,8,30,-94.7507783203603,30,-31.8457725648408,30,-24.7246521049486,30,-55.7075753317001
150,8,35,-95.8376191418771,35,-33.2282342495845,35,-22.7769233145355,35,-58.6207770641619
150,8,40,-97.1230317429477,40,-34.5083750380524,40,-20.9816796628792,40,-61.1987549209055
150,8,45,-98.5971953492631,45,-35.6728843701997,45,-19.3716665637829,45,-63.4226309170689
150,8,50,-100.242035533527,50,-36.72200794402,50,-17.9677013668776,50,-65.2641723365679
150,8,55,-102.030032333331,55,-37.6726194534007,55,-16.7801909147032,55,-66.688548128833
150,8,60,-103.924353361308,60,-38.5587299965651,60,-15.8108677360776,60,-67.6607765704726
150,8,65,-105.880332392514,65,-39.4287203710418,65,-15.0544787227394,65,-68.1540762152637
150,8,70,-107.847918211501,70,-40.3393824853943,70,-14.5002611868242,70,-68.1577816022382
150,8,75,-109.774541154344,75,-41.3476403242334,75,-14.1331193309418,75,-67.6826587944146
150,8,80,-111.607936113287,80,-42.5013881771295,80,-13.9344871437106,80,-66.7622304211587
150,8,85,-113.298738368922,85,-43.8311179575515,85,-13.8829504639057,85,-65.449805473321
150,8,90,-114.802961139998,90,-45.3438859615629,90,-13.954798661856,90,-63.8119700992181
155,8,0,-97.3169036768885,0,-37.8320542312242,0,-34.5738633248157,0,-29.5862427552406
155,8,5,-97.0218992505611,5,-38.173123989881,5,-33.8434779720812,5,-34.5951501502527
155,8,10,-96.8715198177042,10,-38.4454066549297,10,-32.8716695660868,10,-39.4103408996023
155,8,15,-96.8891795527265,15,-38.6273318332106,15,-31.7135812156778,15,-43.9871651591616
155,8,20,-97.0916840235973,20,-38.7016086675171,20,-30.4294876971099,20,-48.2858738802892
155,8,25,-97.4889078180956,25,-38.654901236062,25,-29.080685096909,25,-52.2725238095817
155,8,30,-98.0836357615225,30,-38.4776600335011,30,-27.7256233948291,30,-55.9181728993009
155,8,35,-98.8714992964128,35,-38.1645844291235,35,-26.4166740220964,35,-59.196862003883
155,8,40,-99.8409931940327,40,-37.7158844667203,40,-25.1977950263096,40,-62.083296511064
155,8,45,-100.973623038449,45,-37.1391208723382,45,-24.1031953332048,45,-64.551262387749
155,8,50,-102.244275105804,50,-36.4510612905036,50,-23.156944606636,50,-66.5735907768543
155,8,55,-103.621895945068,55,-35.6788153797585,55,-22.3733549572679,55,-68.1239939352473
155,8,60,-105.070523073099,60,-34.8595644654926,60,-21.757891529816,60,-69.1804922194816
155,8,65,-106.550645966892,65,-34.0384735617044,65,-21.3083560500849,65,-69.729628126029
155,8,70,-108.020828865092,70,-33.2647897516098,70,-21.0161269181112,70,-69.7703765321163
155,8,75,-109.439512517481,75,-32.5865776339106,75,-20.8673193952534,75,-69.3166854936618
155,8,80,-110.766927262753,80,-32.0449031104971,80,-20.8438301096716,80,-68.3978963902605
155,8,85,-111.96707070085,85,-31.6684625993066,85,-20.9243258646593,85,-67.0567927270569
155,8,90,-113.009698544721,90,-31.4696240695871,90,-21.0853004593485,90,-65.3455698388316
160,8,0,-96.2189106371272,0,-51.6070749137168,0,-30.2134064625511,0,-28.3837867782981
160,8,5,-95.7877749026405,5,-50.9144661966173,5,-30.2441777887859,5,-33.7425903110415
160,8,10,-95.4463176248946,10,-50.0175477545201,10,-30.0652886764965,10,-38.8916918837683
160,8,15,-95.2206177329949,15,-48.9102657796869,15,-29.7125363070303,15,-43.7880466909639
160,8,20,-95.1299606821533,20,-47.5908061232667,20,-29.2269006379903,20,-48.3902176134905
160,8,25,-95.1861699163501,25,-46.0618197414716,25,-28.651810321785,25,-52.6591977646482
160,8,30,-95.3933289063075,30,-44.3305745199362,30,-28.0304172121191,30,-56.5587271006899
160,8,35,-95.7478938257247,35,-42.4092006204528,35,-27.4031123721784,35,-60.0552563432492
160,8,40,-96.2391686225294,40,-40.3150853010342,40,-26.8054775178096,40,-63.1178461850996
160,8,45,-96.8500918168878,45,-38.0713295884694,45,-26.2667990125342,45,-65.7183241139884
160,8,50,-97.5582698793811,50,-35.7070521597191,50,-25.809190871665,50,-67.8319421349941
160,8,55,-98.3371865507065,55,-33.257260377056,55,-25.4472952645002,55,-69.438608886774
160,8,60,-99.1575210562365,60,-30.7620316085895,60,-25.1884690320497,60,-70.5245604127126
160,8,65,-99.9885193332996,65,-28.2648603134691,65,-25.0333333199545,65,-71.0841486288596
160,8,70,-100.799377236263,70,-25.810202016527,70,-24.9765637682627,70,-71.1213211552332
160,8,75,-101.560607062507,75,-23.4404398202312,75,-25.0078256942212,75,-70.6503723623852
160,8,80,-102.245361815205,80,-21.1926623015621,80,-25.1128001251542,80,-69.6956627515324
160,8,85,-102.830680622018,85,-19.0957310988695,85,-25.2742863443619,85,-68.2902014733261
160,8,90,-103.298593852546,90,-17.1681081498482,90,-25.4733895842825,90,-66.4732144232994
165,8,0,-87.8187413829834,0,-63.0136161384109,0,-23.7138958583326,0,-28.166727462657
165,8,5,-87.3635319942019,5,-61.4133640135422,5,-24.4073303655318,5,-33.7976562199849
165,8,10,-86.9239111556942,10,-59.4905535617568,10,-24.9362762396585,10,-39.1929743382016
165,8,15,-86.5232435141606,15,-57.2534124390931,15,-25.3189584880404,15,-44.3103340183136
165,8,20,-86.1798133377684,20,-54.7140425517343,20,-25.5779434005104,20,-49.1084590870249
165,8,25,-85.9062262440879,25,-51.888696282013,25,-25.7384864404461,25,-53.5478230514629
165,8,30,-85.7091490896116,30,-48.7979214966221,30,-25.8268378063789,30,-57.5912739311545
165,8,35,-85.5893887178428,35,-45.4666013079139,35,-25.8686253536215,35,-61.2046178597234
165,8,40,-85.5422852334924,40,-41.9238918352427,40,-25.8874223397922,40,-64.3572009279472
165,8,45,-85.558373894312,45,-38.2030308026311,45,-25.9035835503353,45,-67.0225330765797
165,8,50,-85.6242545677257,50,-34.3409643717024,50,-25.9334018703494,50,-69.1789765050817
165,8,55,-85.723600579588,55,-30.3777308422854,55,-25.9886038128288,55,-70.8104797511017
165,8,60,-85.8382395014504,60,-26.3555548244329,60,-26.0761724911404,60,-71.9072896799352
165,8,65,-85.9492450727408,65,-22.3176442997639,65,-26.1984643396892,65,-72.4665325113771
165,8,70,-86.0379889473911,70,-18.3067384884004,70,-26.3535735038957,70,-72.4925356433197
165,8,75,-86.0871099537463,75,-14.3635139896627,75,-26.535894467501,75,-71.9967728384817
165,8,80,-86.0813645543611,80,-10.5250054937526,80,-26.7368360645798,80,-70.9973568462866
165,8,85,-86.0083244032005,85,-6.8232224357448,85,-26.9456442271951,85,-69.5180682101525
165,8,90,-85.8588866455604,90,-3.28413637735506,90,-27.1502926257462,90,-67.5869833237274
170,8,0,-71.6049313706999,0,-70.7611209196912,0,-15.6991562311694,0,-28.4606936086008
170,8,5,-71.2423208769654,5,-68.4762104571625,5,-16.9115213871472,5,-34.2914766218748
170,8,10,-70.8188313364769,10,-65.7728809379304,10,-18.0134519781753,10,-39.8627107946533
170,8,15,-70.351781994165,15,-62.6704699819438,15,-19.0081560854755,15,-45.1323013000835
170,8,20,-69.8560253767702,20,-59.1918515316501,20,-19.9019352570011,20,-50.0599477537856
170,8,25,-69.3435060466196,25,-55.3634690410243,25,-20.7033869132173,25,-54.6076246647634
170,8,30,-68.82301261007,30,-51.2152765801205,30,-21.4225587874795,30,-58.7400833872182
170,8,35,-68.3001242300276,35,-46.7805807483639,35,-22.070108206285,35,-62.4253587407224
170,8,40,-67.7773407768344,40,-42.0957782695365,40,-22.6565156400229,40,-65.6352641895611
170,8,45,-67.2543749924985,45,-37.1999857161346,45,-23.1913949757593,45,-68.3458584425608
170,8,50,-66.7285765486218,50,-32.1345604257888,50,-23.6829332345827,50,-70.5378634224128
170,8,55,-66.1954522191093,55,-26.9425165938749,55,-24.1374811288263,55,-72.1970096264252
170,8,60,-65.6492437218202,60,-21.6678483477011,60,-24.5593041616586,60,-73.3142816042848
170,8,65,-65.0835248746164,65,-16.354781937632,65,-24.9504930015636,65,-73.8860355643191
170,8,70,-64.491782049318,70,-11.0469906107609,70,-25.3110223874749,70,-73.9139646559065
170,8,75,-63.867945874201,75,-5.78681610145624,75,-25.6389402116179,75,-73.4048961053583
170,8,80,-63.2068471840211,80,-0.614547560488822,80,-25.9306627025258,80,-72.3704177846833
170,8,85,-62.5045759938151,85,4.43218993007973,85,-26.1813475811458,85,-70.8263484397973
170,8,90,-61.7587286571805,90,9.31889054443182,90,-26.3853144370352,90,-68.79208323281
175,8,0,-48.1014117194375,0,-73.6240577521058,0,-6.85662109610427,0,-28.6106460478995
175,8,5,-47.9366430385943,5,-70.9570530450467,5,-8.40127327667539,5,-34.5776900426129
175,8,10,-47.6520826372533,10,-67.804686656152,10,-9.8934366584595,10,-40.2748018641087
175,8,15,-47.2569848387856,15,-64.1921251206867,15,-11.3254832535663,15,-45.6595285036804
175,8,20,-46.7604973488232,20,-60.1479907591441,20,-12.6914124602114,20,-50.6918736481525
175,8,25,-46.171411711942,25,-55.7041644821719,25,-13.9866596392389,25,-55.3346216773875
175,8,30,-45.4979726879038,30,-50.8955501514489,30,-15.2078701256698,30,-59.5536499413988
175,8,35,-44.7477499023643,35,-45.7597993405713,35,-16.3526538707134,35,-63.3182221243907
175,8,40,-43.9275715503031,40,-40.3369971575114,40,-17.4193356935582,40,-66.6012549589435
175,8,45,-43.0435166026844,45,-34.6693117552375,45,-18.4067150586721,45,-69.3795504499793
175,8,50,-42.1009590800875,50,-28.8006121755867,50,-19.313847496809,50,-71.6339861391932
175,8,55,-41.1046556640983,55,-22.7760611356774,55,-20.13985741459,55,-73.3496568130197
175,8,60,-40.058866322271,60,-16.6416911489847,60,-20.8837892764047,60,-74.515962441533
175,8,65,-38.9674967766418,65,-10.4439738289785,65,-21.5445011949217,65,-75.1266390126725
175,8,70,-37.8342515482598,70,-4.22939319689704,70,-22.1206020318778,70,-75.1797312320245
175,8,75,-36.662786913195,75,1.95596583973825,75,-22.6104303725621,75,-74.6775086742565
175,8,80,-35.4568543218694,80,8.06680306908819,80,-23.0120713535253,80,-73.6263297225215
175,8,85,-34.2204265455061,85,14.0589530464676,85,-23.3234054196032,85,-72.0364602939204
175,8,90,-32.9578008808571,90,19.8896920618085,90,-23.5421817539575,90,-69.9218566736801
180,8,0,-18.9756265094644,0,-70.6262772320661,0,2.11292746874218,0,-27.9168590296863
180,8,5,-19.0875722846078,5,-67.924408340628,5,0.451052319278806,5,-33.966112602411
180,8,10,-19.054250109274,10,-64.7055936878386,10,-1.21425561068709,10,-39.7568635489317
180,8,15,-18.8759135853379,15,-60.9943303967791,15,-2.870322322268,15,-45.2450407579945
180,8,20,-18.5539199614291,20,-56.8188634220165,20,-4.50454414782849,20,-50.3888758871864
180,8,25,-18.0907198034506,25,-52.2109705884446,25,-6.10448367250591,25,-55.1492212452417
180,8,30,-17.4898383442927,30,-47.2057207428486,30,-7.65796439044752,30,-59.4898477296104
180,8,35,-16.7558486546815,35,-41.841206858806,35,-9.15316337537247,35,-63.3777205518047
180,8,40,-15.8943368393501,40,-36.1582561261564,40,-10.5787012601797,40,-66.7832506520857
180,8,45,-14.9118595234084,45,-30.2001192314349,45,-11.9237288408026,45,-69.6805198900751
180,8,50,-13.8158939524665,50,-24.0121411940315,50,-13.1780096452025,50,-72.0474782974527
180,8,55,-12.6147810862816,55,-17.6414162632143,55,-14.3319978391027,55,-73.86611189153
180,8,60,-11.3176621190169,60,-11.1364295024557,60,-15.3769108755505,60,-75.1225797725349
180,8,65,-9.93440890923529,65,-4.5466877888234,65,-16.3047963354027,65,-75.807319461217
180,8,70,-8.47554884909431,70,2.07765696424703,70,-17.1085924500372,70,-75.9151196750881
180,8,75,-6.95218474453532,75,8.68618949329597,75,-17.7821818456764,75,-75.4451599894293
180,8,80,-5.37591031622651,80,15.2286148754363,80,-18.320438100295,80,-74.4010170812178
180,8,85,-3.75872196434785,85,21.6551413030854,85,-18.7192647587874,85,-72.7906375084559
180,8,90,-2.11292746874218,90,27.9168590296863,90,-18.9756265094644,90,-70.626277232066
185,8,0,-13.110444768335,0,61.2566658304195,0,-10.5199675072741,0,25.771378712825
185,8,5,-12.6814129786361,5,58.8653354435987,5,-8.96098103889201,5,31.8536164511616
185,8,10,-12.3830541747641,10,55.9654556213404,10,-7.35130734531687,10,37.7137311866953
185,8,15,-12.2237588771039,15,52.5746280787305,15,-5.70205533168894,15,43.3042473282489
185,8,20,-12.2111947259255,20,48.714862281646,20,-4.02571832719943,20,48.5788831126367
185,8,25,-12.3520489755655,25,44.4125654857041,25,-2.33618066071829,25,53.4930695782934
185,8,30,-12.65174791024,30,39.6984590448919,30,-0.648673721694603,30,58.0044859504799
185,8,35,-13.1141641176684,35,34.6074166535766,35,1.02032701836703,35,62.0735973148785
185,8,40,-13.7413251732258,40,29.1782232138921,40,2.65326994102334,40,65.6641796834205
185,8,45,-14.5331392253889,45,23.4532561212534,45,4.23176272358076,45,68.743817493244
185,8,50,-15.4871540111106,50,17.4780937691386,50,5.7368739025344,50,71.2843592139168
185,8,55,-16.5983658015962,55,11.3010588378999,55,7.14949491668525,55,73.2623180165028
185,8,60,-17.8590935973347,60,4.97270632114646,60,8.450752723451,60,74.6592062937982
185,8,65,-19.2589315629409,65,-1.45473184356104,65,9.62245913445836,65,75.4617951022932
185,8,70,-20.7847893240624,70,-7.92793230355682,70,10.6475797085138,70,75.6622921968491
185,8,75,-22.4210255409746,75,-14.3930819540819,75,11.5107026527513,75,75.2584351179441
185,8,80,-24.149675404027,80,-20.79648150951,80,12.1984869284065,80,74.2534986412565
185,8,85,-25.9507676930899,85,-27.0851371308966,85,12.7000687584954,85,72.6562186910853
185,8,90,-27.8027221543018,90,-33.2073271754358,90,13.0074070123406,90,70.4806374428735
190,8,0,-44.9023162707403,0,45.6546245852223,0,-17.70054274438,0,21.7717481008562
190,8,5,-44.1613337259471,5,43.869892468359,5,-16.4449403694974,5,27.8317109387411
190,8,10,-43.5003977964735,10,41.6268706239679,10,-15.1064557975582,10,33.7292565722413
190,8,15,-42.9345360882667,15,38.9315833545799,15,-13.6885313140287,15,39.4120052824153
190,8,20,-42.4799763647713,20,35.7952987410936,20,-12.1970170438382,20,44.8268749150952
190,8,25,-42.1536885657324,25,32.2348604945307,25,-10.6406705078784,25,49.9209787965751
190,8,30,-41.9727635879289,30,28.2728562924313,30,-9.03156458932281,30,54.6426069545503
190,8,35,-41.9536489768359,35,23.9376077613259,35,-7.38535561550993,35,58.9422503555671
190,8,40,-42.1112767110676,40,19.2629768870248,40,-5.72136719669477,40,62.7736250060862
190,8,45,-42.4581324528755,45,14.2879935817575,45,-4.06245445007402,45,66.094652783207
190,8,50,-43.0033270512519,50,9.05631852324407,50,-2.4346272139172,50,68.8683587643248
190,8,55,-43.7517378405382,55,3.61556337067312,55,-0.866428882538898,55,71.0636502473692
190,8,60,-44.7032879638597,60,-1.98350357152429,60,0.611912187250568,60,72.6559499112146
190,8,65,-45.8524259517386,65,-7.68783452976375,65,1.96952143655163,65,73.6276637788079
190,8,70,-47.1878554478017,70,-13.443029168871,70,3.17605190938777,70,73.9684729108075
190,8,75,-48.6925475570267,75,-19.1942785512525,75,4.20292470706138,75,73.675445339162
190,8,80,-50.3440477373756,80,-24.8872950863931,80,5.02456047857218,80,72.7529712322971
190,8,85,-52.1150677236635,85,-30.4691995617311,85,5.61952576464645,85,71.2125296410429
190,8,90,-53.9743328622601,90,-35.8893385597488,90,5.97152380214709,90,69.0722997308022
195,8,0,-73.1123490868616,0,24.6881221924183,0,-23.0432045697079,0,15.8000865063043
195,8,5,-72.1099678572402,5,23.7194806100271,5,-22.2532395879036,5,21.7628624007926
195,8,10,-71.1134881526087,10,22.3836099611321,10,-21.3678494480442,10,27.6422915040621
195,8,15,-70.1408291891848,15,20.6723724544913,15,-20.3787313570784,15,33.3809505263312
195,8,20,-69.2140847371611,20,18.5834531425152,20,-19.2801174613247,20,38.9180525241138
195,8,25,-68.3591094966338,25,16.121134296371,25,-18.0700145463903,25,44.1908028962739
195,8,30,-67.6047156481104,30,13.296806489655,30,-16.7514098794448,30,49.1359671695662
195,8,35,-66.9814727591181,35,10.1291755625961,35,-15.3333263399378,35,53.6915688932107
195,8,40,-66.5201468990563,40,6.64414668291626,40,-13.8315943758217,40,57.7986230967522
195,8,45,-66.2498643138607,45,2.87439176922076,45,-12.2692113803758,45,61.4028071881277
195,8,50,-66.1961320945684,50,-1.14136895537314,50,-10.6761847894739,50,64.4559778257059
195,8,55,-66.3788828606815,55,-5.35932024143001,55,-9.08880213044313,55,66.9174584572571
195,8,60,-66.8107244763429,60,-9.73167594701014,60,-7.5483325906448,60,68.7550453569725
195,8,65,-67.4955653881661,65,-14.2079061969169,65,-6.09922985736613,65,69.9457060851705
195,8,70,-68.4277527150807,70,-18.7360047698643,70,-4.78696350663113,70,70.4759686087583
195,8,75,-69.5918097634842,75,-23.2637455196856,75,-3.65564661685492,75,70.3420175773093
195,8,80,-70.9628009757772,80,-27.7398908246145,80,-2.74564529257532,80,69.5495238533501
195,8,85,-72.5072945901378,85,-32.1153272044285,85,-2.09135108935704,85,68.113234277407
195,8,90,-74.184843900753,90,-36.3441094354817,90,-1.7192738129551,90,66.0563434087609
200,8,0,-94.9781839327483,0,-0.129205051569811,0,-26.0424426601472,0,8.06008101787836
200,8,5,-93.8026727278805,5,-0.178113732424703,5,-25.8327153540255,5,13.8208360633394
200,8,10,-92.5519952685476,10,-0.466662183272121,10,-25.5360181833485,10,19.5934313892658
200,8,15,-91.2420510484235,15,-1.01773390242,15,-25.1314082252147,15,25.3172119650772
200,8,20,-89.8961337622663,20,-1.84862708351707,20,-24.5992518024419,20,30.9243615348834
200,8,25,-88.5449807161358,25,-2.96968009395206,25,-23.9231412688672,25,36.3416987992622
200,8,30,-87.2261863468315,30,-4.38324162824179,30,-23.0920723676715,30,41.4929562934843
200,8,35,-85.9828591970072,35,-6.08308802356959,35,-22.1026870195891,35,46.3013953157085
200,8,40,-84.8614923512033,40,-8.05434481204981,40,-20.9612916551513,40,50.6925712348495
200,8,45,-83.9091428055864,45,-10.2739163160363,45,-19.6853165264758,45,54.597044908366
200,8,50,-83.1701457202952,50,-12.7113733535068,50,-18.3039081665722,50,57.9528418425259
200,8,55,-82.6826913225502,55,-15.3302028005244,55,-16.857446598223,55,60.707492865433
200,8,60,-82.4756387442062,60,-18.0892920126359,60,-15.3959305424881,60,62.8195454540182
200,8,65,-82.5659213230518,65,-20.9445126046881,65,-13.9763416568048,65,64.2595041523051
200,8,70,-82.9568195166233,70,-23.8502842534864,70,-12.659243149294,70,65.0102272025944
200,8,75,-83.6372627982103,75,-26.7610360832543,75,-11.504958938645,75,65.0668588154278
200,8,80,-84.5821984905813,80,-29.6325305844473,80,-10.5697049991533,80,64.4364007113559
200,8,85,-85.7539569046648,85,-32.4230589311747,85,-9.90201188188377,85,63.1370190960288
200,8,90,-87.1044612245256,90,-35.0945433251547,90,-9.53970677981624,90,61.1971498000028
205,8,0,-108.660685015656,0,-26.8750248073057,0,-26.3718541800057,0,-0.936183355440272
205,8,5,-107.424258254339,5,-26.006298896984,5,-26.8073349015148,5,4.48662425655191
205,8,10,-106.040580197402,10,-25.2211115866048,10,-27.182993138211,10,10.0316520677829
205,8,15,-104.518716606169,15,-24.5560903369715,15,-27.4677834416915,15,15.6383578237993
205,8,20,-102.87775395597,20,-24.0436851544727,20,-27.6292212746471,20,21.2334878953511
205,8,25,-101.147738283379,25,-23.709956337015,25,-27.6355083129017,25,26.7332942057252
205,8,30,-99.3697914963839,30,-23.5728023205592,30,-27.4585519008165,30,32.0467003207213
205,8,35,-97.5950683671961,35,-23.6408158132102,35,-27.077648156104,35,37.0791735152367
205,8,40,-95.8823818051991,40,-23.9128632542042,40,-26.4833230491555,40,41.7369897992006
205,8,45,-94.2945707271701,45,-24.3783949030714,45,-25.6806471144294,45,45.9315321687037
205,8,50,-92.8939447146992,50,-25.0184149939014,50,-24.6913282592592,50,49.5832473891697
205,8,55,-91.737336910208,55,-25.8069738153865,55,-23.5540631903295,55,52.6249197495539
205,8,60,-90.8713754751571,60,-26.7129918481327,60,-22.3229458178025,60,55.0040116905501
205,8,65,-90.3285299216984,65,-27.7022019999643,65,-21.0640939797612,65,56.6839612296448
205,8,70,-90.1243334199784,70,-28.7390103270708,70,-19.8509550199495,70,57.6444826255679
205,8,75,-90.2559875715078,75,-29.7881294171154,75,-18.7589099178365,75,57.8810478423408
205,8,80,-90.7023840712752,80,-30.8159200258899,80,-17.8597988300906,80,57.4037991314983
205,8,85,-91.4254624674851,85,-31.7914652080873,85,-17.2168790639928,85,56.2361459041993
205,8,90,-92.3727610818673,90,-32.6874748993483,90,-16.8805686691075,90,54.4132414551337
210,8,0,-113.38672530328,0,-53.535710703296,0,-23.9507529068534,0,-10.4368237927583
210,8,5,-112.209019844599,5,-51.8418021484485,5,-25.0479705337962,5,-5.50874428898367
210,8,10,-110.832577514426,10,-50.0585197129445,10,-26.1264081970378,10,-0.332618477911498
210,8,15,-109.256279573364,15,-48.2342257354176,15,-27.1500127971661,15,5.03473483523436
210,8,20,-107.490665741837,20,-46.4154890753898,20,-28.0773638698562,20,10.5160655437319
210,8,25,-105.559928904489,25,-44.6437227474445,25,-28.8631904167182,25,16.0164367147652
210,8,30,-103.502909607813,30,-42.952555505379,30,-29.4617026733705,30,21.4275263447045
210,8,35,-101.372540717847,35,-41.3661723130673,35,-29.8316150023795,35,26.6331184254476
210,8,40,-99.2334904898588,40,-39.8986368040119,40,-29.9421656280866,40,31.5153531587425
210,8,45,-97.1581347080218,45,-38.5540841647964,45,-29.7789882457284,45,35.9612276635467
210,8,50,-95.2213360588276,50,-37.3276331238469,50,-29.3485454630566,50,39.8687557279814
210,8,55,-93.4947170496653,55,-36.2068623181212,55,-28.6800847440643,55,43.1521725735073
210,8,60,-92.0411265264865,60,-35.1736891666769,60,-27.8246527169572,60,45.7456723119514
210,8,65,-90.9098403027833,65,-34.2064694476214,65,-26.8513868417675,65,47.6053967280979
210,8,70,-90.1327986257743,70,-33.2821168468049,70,-25.8418362831998,70,48.709685730049
210,8,75,-89.7219923352346,75,-32.3780403357359,75,-24.8832787511218,75,49.0578532974158
210,8,80,-89.6680519068957,80,-31.4737234428742,80,-24.0618970414355,80,48.6679018820939
210,8,85,-89.9401638359523,85,-30.5518320408181,85,-23.4564009493696,85,47.57363023645
210,8,90,-90.4875410734084,90,-29.5988458417924,90,-23.1324111634867,90,45.8215614879734
215,8,0,-109.343673539294,0,-78.2979997222122,0,-18.972020678463,0,-19.5673251089469
215,8,5,-108.336463347125,5,-75.9377412882902,5,-20.7003511823633,5,-15.2923988578801
215,8,10,-107.105554549918,10,-73.3121048308864,10,-22.4597938003308,10,-10.630119452419
215,8,15,-105.638222442507,15,-70.4789740756905,15,-24.2153338854585,15,-5.6309999608341
215,8,20,-103.9346099219,20,-67.4970650924391,20,-25.9222733579251,20,-0.375638172137302
215,8,25,-102.010555316684,25,-64.4208731769444,25,-27.5261790420333,25,5.02879253880044
215,8,30,-99.8988118471648,30,-61.2972319758719,30,-28.9656060246773,30,10.4542093692734
215,8,35,-97.6481929035537,35,-58.1636931518746,35,-30.1778527560756,35,15.7589599786294
215,8,40,-95.3208198561076,40,-55.0483390627692,40,-31.1070591678921,40,20.796382737517
215,8,45,-92.9881177450362,45,-51.9703987808586,45,-31.7130472237818,45,25.4240146667688
215,8,50,-90.7263413144525,50,-48.9411447525304,50,-31.978839150036,50,29.5126279784762
215,8,55,-88.6122189064831,55,-45.9648456479872,55,-31.9150551608548,55,32.9540939212356
215,8,60,-86.7189000526551,60,-43.0398453863893,60,-31.5603225238677,60,35.6671545379525
215,8,65,-85.1119872113425,65,-40.159988825069,65,-30.9779898676307,65,37.6005590959804
215,8,70,-83.8452417395356,70,-37.3165661656282,70,-30.250282145276,70,38.7335176006744
215,8,75,-82.9557264088388,75,-34.5007227116205,75,-29.4712208252893,75,39.0738026999625
215,8,80,-82.4586676017471,80,-31.7059695432803,80,-28.7392489935816,80,38.6539880495435
215,8,85,-82.3429814128997,85,-28.930187893921,85,-28.1499329129523,85,37.526337499819
215,8,90,-82.5688794649305,90,-26.1765202172096,90,-27.7887708853525,90,35.7569266281057
220,8,0,-97.4194146534676,0,-99.7314952381481,0,-11.8715506913674,0,-27.4716249739887
220,8,5,-96.6757187790979,5,-96.903699955522,5,-14.1548365952029,5,-23.987919654243
220,8,10,-95.7110660938619,10,-93.6441117291599,10,-16.5246828527124,10,-19.971684495017
220,8,15,-94.5004914430473,15,-90.0186732773976,15,-18.9526147620163,15,-15.4660076992496
220,8,20,-93.0343972802095,20,-86.0962923811985,20,-21.3966161478778,20,-10.5545380028694
220,8,25,-91.3218999886077,25,-81.9409033177272,25,-23.798638274114,25,-5.35711709860728
220,8,30,-89.3904447024908,30,-77.6070671326254,30,-26.0855603195288,30,-0.0228056484772587
220,8,35,-87.2820433876942,35,-73.1394181879469,35,-28.174631512585,35,5.27923654924169
220,8,40,-85.0481107105481,40,-68.5747389152552,40,-29.9830856438079,40,10.3707385928843
220,8,45,-82.7453539252553,45,-63.9447026959909,45,-31.440006500558,45,15.0766373449916
220,8,50,-80.4343204224199,50,-59.2775691466433,50,-32.4974540819025,50,19.237578910049
220,8,55,-78.1805097354463,55,-54.598111609858,55,-33.1380331198712,55,22.7209781929005
220,8,60,-76.056274656387,60,-49.9262781791521,60,-33.3775025213476,60,25.4291368358849
220,8,65,-74.1408690906081,65,-45.2759565709742,65,-33.2628811126682,65,27.3036593992672
220,8,70,-72.5163617853592,70,-40.6553235751104,70,-32.8677087388463,70,28.3262809841658
220,8,75,-71.2586177313088,75,-36.0695350637571,75,-32.2860786083196,75,28.5166655518638
220,8,80,-70.4245904867433,80,-31.525258121007,80,-31.6260747074723,80,27.9276103246723
220,8,85,-70.0389791726879,85,-27.0353599845071,85,-31.0022350608677,85,26.6377951044477
220,8,90,-70.0841769013812,90,-22.6215938287662,90,-30.526408421643,90,24.7423161001214
225,8,0,-78.9117574672825,0,-116.840766729273,0,-3.2442366755399,0,-33.4402625310394
225,8,5,-78.5004727767099,5,-113.759518916092,5,-5.96531426894097,5,-30.8479175560079
225,8,10,-77.8975034343289,10,-110.098449199239,10,-8.83299548917843,10,-27.5861645007868
225,8,15,-77.0633487284708,15,-105.931482808287,15,-11.8296665041431,15,-23.6903118616473
225,8,20,-75.9801170614794,20,-101.337244810516,20,-14.9211884488863,20,-19.2456454253385
225,8,25,-74.6558009881332,25,-96.3858738000211,25,-18.051258174438,25,-14.3827872370113
225,8,30,-73.1194448206146,30,-91.1325226766773,30,-21.1394593771292,30,-9.27018484503492
225,8,35,-71.4094767955982,35,-85.618746845263,35,-24.0852693636709,35,-4.10373277615382
225,8,40,-69.5615472031339,40,-79.879598121962,40,-26.7785407022019,40,0.906706872156039
225,8,45,-67.6028301481089,45,-73.9519641838988,45,-29.1143508635061,45,5.55336084172287
225,8,50,-65.5564819553635,50,-67.8795420014906,50,-31.0080771978825,50,9.64726674249355
225,8,55,-63.4545270226366,55,-61.7119126711471,55,-32.4065463925816,55,13.0328348236954
225,8,60,-61.3527172185753,60,-55.4985066973362,60,-33.2932809307213,60,15.5978922348534
225,8,65,-59.3392724628343,65,-49.2811334962397,65,-33.6887523335014,65,17.2785305536407
225,8,70,-57.5315652611621,70,-43.0896676130292,70,-33.6481281916735,70,18.0597469136869
225,8,75,-56.0595901805764,75,-36.9439002409532,75,-33.258315296502,75,17.9732905722243
225,8,80,-55.0402110757709,80,-30.8612699726817,80,-32.6340093822511,80,17.0931350824975
225,8,85,-54.5495988649751,85,-24.8668952701776,85,-31.9108275008266,85,15.5276665291321
225,8,90,-54.6019229234408,90,-19.0007548032581,90,-31.2337545642754,90,13.4074321315412
230,8,0,-55.297885936124,0,-129.026088647426,0,6.2656636374081,0,-36.9917140733084
230,8,5,-55.2628580739674,5,-125.899950513942,5,3.25552336918459,5,-35.3449720178571
230,8,10,-55.09067880091,10,-122.068327118821,10,0.0337236874678216,10,-32.9182380721105
230,8,15,-54.7209826708862,15,-117.61411906727,15,-3.39650448495262,15,-29.7381591037963
230,8,20,-54.1271176872482,20,-112.627750032654,20,-7.01305847490381,20,-25.8874671321631
230,8,25,-53.3235454628207,25,-107.185053695726,25,-10.7654303307789,25,-21.5018524958833
230,8,30,-52.3535675220972,30,-101.335614435798,30,-14.5688792317921,30,-16.7638320424027
230,8,35,-51.2625555531701,35,-95.1056480817087,35,-18.3063160517683,35,-11.8922294557837
230,8,40,-50.0711087928191,40,-88.5131721055673,40,-21.8395953986716,40,-7.12598280712128
230,8,45,-48.7640895071199,45,-81.5873860845304,45,-25.0277965993701,45,-2.70303619920514
230,8,50,-47.3038576035269,50,-74.3819726835865,50,-27.7466588095522,50,1.16201144871711
230,8,55,-45.6631996367147,55,-66.9751452429444,55,-29.9032259845473,55,4.29630808026168
230,8,60,-43.8625741355194,60,-59.4564669264651,60,-31.4432751771429,60,6.57946126741269
230,8,65,-41.9933629288132,65,-51.9078353040565,65,-32.3535949663609,65,7.94652296659554
230,8,70,-40.2150837518869,70,-44.3892637062272,70,-32.663097614352,70,8.38646762255819
230,8,75,-38.7260857760843,75,-36.9372922844471,75,-32.4447253006029,75,7.93973995115284
230,8,80,-37.7178821922676,80,-29.5767630309306,80,-31.8161295392792,80,6.69574409543392
230,8,85,-37.328291400202,85,-22.3394430631077,85,-30.9346383177133,85,4.78765423498863
230,8,90,-37.6071051811416,90,-15.2794309645855,90,-29.983070385699,90,2.38051168268785
235,8,0,-28.0898641259,0,-136.015245265143,0,16.0632264771856,0,-37.8912227143317
235,8,5,-28.4510738898529,5,-133.031375351308,5,12.930793299612,5,-37.2010830770779
235,8,10,-28.7543968097709,10,-129.239225138215,10,9.51636248782357,10,-35.6632314199748
235,8,15,-28.9076117644883,15,-124.731278329166,15,5.80515886566836,15,-33.293296264156
235,8,20,-28.8707124351574,20,-119.614128485015,20,1.80369967067061,20,-30.1637665481956
235,8,25,-28.6711445910415,25,-113.973051564898,25,-2.44560789577852,25,-26.405475977429
235,8,30,-28.3823567599798,30,-107.849768257661,30,-6.8539341017766,30,-22.2060482697407
235,8,35,-28.0738019023612,35,-101.243797214557,35,-11.2859161150125,35,-17.8010538575471
235,8,40,-27.7590429696331,40,-94.1377797388403,40,-15.5729684540146,40,-13.454709340547
235,8,45,-27.3730943546929,45,-86.5347753229973,45,-19.5366333244242,45,-9.43152049002592
235,8,50,-26.7962224856448,50,-78.4879196799656,50,-23.013294636409,50,-5.96586760523111
235,8,55,-25.916161650511,55,-70.1058771063781,55,-25.8717190241414,55,-3.23892594155094
235,8,60,-24.6989071922906,60,-61.5307340810536,60,-28.0208537249535,60,-1.36897074949826
235,8,65,-23.2329797111359,65,-52.9007246952661,65,-29.4124014751143,65,-0.413835755279042
235,8,70,-21.7258363066879,70,-44.3185368831346,70,-30.0449365571543,70,-0.378228764973745
235,8,75,-20.4546718993046,75,-35.8418154502747,75,-29.9719409022226,75,-1.21817457226916
235,8,80,-19.6931721846038,80,-27.4990833442682,80,-29.3091415424183,80,-2.84017732681418
235,8,85,-19.6416518138652,85,-19.3203993658235,85,-28.2329166937007,85,-5.09972477760366
235,8,90,-20.380956044519,90,-11.3654187235878,90,-26.9640237699991,90,-7.80757230854825
240,8,0,1.24966796889454,0,-137.810682696191,0,25.6628744885889,0,-36.1150784609599
240,8,5,0.494766234424571,5,-135.123973676723,5,22.5787884544647,5,-36.3593402773658
240,8,10,-0.305674935695064,10,-131.548531855157,10,19.1379019193116,10,-35.7410260138971
240,8,15,-1.01389396059359,15,-127.184681006096,15,15.3030565686548,15,-34.2609814354502
240,8,20,-1.5674060066168,20,-122.160039588823,20,11.0616384349295,20,-31.9711643433046
240,8,25,-2.00913647296273,25,-116.577018985432,25,6.44712916898122,25,-28.9845841737028
240,8,30,-2.45776760792158,30,-110.472811508398,30,1.5552365782049,30,-25.4823997625119
240,8,35,-3.02764989387812,35,-103.813037058944,35,-3.45493688101308,35,-21.709241579978
240,8,40,-3.74039675361224,40,-96.5268803782098,40,-8.37895558488911,40,-17.9505755941475
240,8,45,-4.48145454643135,45,-88.5691731076064,45,-12.9987614826593,45,-14.4944589610039
240,8,50,-5.03387014794129,50,-79.9768118531984,50,-17.1145745109899,50,-11.5897476331133
240,8,55,-5.17817069155197,55,-70.88709803976,55,-20.5644819678596,55,-9.41658861425847
240,8,60,-4.80823616601096,60,-61.5066570284761,60,-23.2293204435037,60,-8.07896289779561
240,8,65,-4.00341223820276,65,-52.048773171389,65,-25.0317198918081,65,-7.61648448537595
240,8,70,-3.02229599917073,70,-42.6747879022523,70,-25.9409532862517,70,-8.02226159157436
240,8,75,-2.22572896521911,75,-33.4702799918852,75,-25.9872428163606,75,-9.25259243554901
240,8,80,-1.96848390566549,80,-24.4641015526758,80,-25.2776332206119,80,-11.2228231799527
240,8,85,-2.50453848472664,85,-15.6742512657482,85,-24.0001644365261,85,-13.7955793809912
240,8,90,-3.93335385488541,90,-7.15330042415213,90,-22.4074149629284,90,-16.7752732597375
245,8,0,31.3712723923204,0,-134.660050748811,0,34.7015992164509,0,-31.7851305381709
245,8,5,30.2466775993676,5,-132.386616065873,5,31.8293039234242,5,-32.9202644305214
245,8,10,28.9511079479505,10,-129.166706499184,10,28.5227484562324,10,-33.2316105606161
245,8,15,27.6802701709822,15,-125.103073443768,15,24.7173779159267,15,-32.7011577279709
245,8,20,26.5309738367959,20,-120.34712529523,20,20.377697369521,20,-31.3497694565006
245,8,25,25.4479576930748,25,-115.027759682472,25,15.5283009086889,25,-29.2590623558579
245,8,30,24.2572843081308,30,-109.186287810316,30,10.27675478161,30,-26.5911615838553
245,8,35,22.7796752536294,35,-102.753720853721,35,4.81449612514831,35,-23.5910855942721
245,8,40,20.9654056372721,40,-95.5920280352491,40,-0.609817287349177,40,-20.5613085401557
245,8,45,18.9692089406724,45,-87.5858178900158,45,-5.73518266504022,45,-17.8116376979437
245,8,50,17.1106821497129,50,-78.7364177036649,50,-10.3305193571054,50,-15.6026951778221
245,8,55,15.7316859335635,55,-69.2031023119036,55,-14.2157834847084,55,-14.1072677190687
245,8,60,15.0255178473539,60,-59.2657103693938,60,-17.2596718225375,60,-13.4047749670374
245,8,65,14.930041104143,65,-49.2307290146507,65,-19.3692950668668,65,-13.505053237859
245,8,70,15.1372911108393,70,-39.3357842998574,70,-20.4912291392399,70,-14.3813562059299
245,8,75,15.2048200334234,75,-29.7034835605778,75,-20.6306262960337,75,-15.989744170151
245,8,80,14.7050929551573,80,-20.3609939053796,80,-19.8771334910437,80,-18.263709853033
245,8,85,13.3454957390822,85,-11.3034302783019,85,-18.4180626046292,85,-21.0905097126108
245,8,90,11.0243777175389,90,-2.56115100463026,90,-16.5253893695071,90,-24.2887340198418
250,8,0,61.1031292529689,0,-127.032523600343,0,42.9163403598018,0,-25.1015617909916
250,8,5,59.6523550356576,5,-125.246442553913,5,40.4058517661994,5,-27.0713846031978
250,8,10,57.8880737777036,10,-122.480588835768,10,37.383069472256,10,-28.3021926389969
250,8,15,56.0707872473416,15,-118.831318886708,15,33.7512947531445,15,-28.7543131343908
250,8,20,54.3428639760076,20,-114.472413936638,20,29.4486535372588,20,-28.409501973888
250,8,25,52.6451233835848,25,-109.566839168777,25,24.4912011694242,25,-27.306688462405
250,8,30,50.7464316985698,30,-104.17152152879,30,19.0039370423216,30,-25.5771403416024
250,8,35,48.3880394310095,35,-98.1891853934409,35,13.2203415548671,35,-23.4566889001505
250,8,40,45.4706485978412,40,-91.408855494211,40,7.44324488401332,40,-21.2592910461584
250,8,45,42.1711669669668,45,-83.6278638014418,45,1.9813729934978,45,-19.3150045116145
250,8,50,38.9053419618021,50,-74.7921199781437,50,-2.90756294212289,50,-17.896713709503
250,8,55,36.1430873497278,55,-65.0710324647912,55,-7.04002026317269,55,-17.1691612307162
250,8,60,34.1769050192327,60,-54.819717288187,60,-10.2930800967149,60,-17.1827592021383
250,8,65,32.9737114958365,65,-44.4513630627333,65,-12.5778052334182,65,-17.9091313487679
250,8,70,32.1856110152905,70,-34.2963824431505,70,-13.8299117735065,70,-19.2920167658442
250,8,75,31.2979464641641,75,-24.5252145015239,75,-14.0302662460076,75,-21.2809997212259
250,8,80,29.8228839133342,80,-15.1639558491385,80,-13.2415445495134,80,-23.8290844027116
250,8,85,27.4446624891444,85,-6.17579075160579,85,-11.6343017850547,85,-26.8585631331986
250,8,90,24.0742053125963,90,2.4462483981545,90,-9.48271808287794,90,-30.2193370588807
255,8,0,89.51068884747,0,-115.581027048093,0,50.1062113649604,0,-16.2933819658548
255,8,5,87.7924020137841,5,-114.313464905421,5,48.0917789730947,5,-19.0322240616649
255,8,10,85.608815567751,10,-112.059557036718,10,45.4882170051823,10,-21.1498005733191
255,8,15,83.2837666455772,15,-108.898930959887,15,42.1634841606726,15,-22.584587662706
255,8,20,81.0122423994214,20,-105.021489036102,20,38.0270306500118,20,-23.2760195067376
255,8,25,78.7425541772439,25,-100.626864544163,25,33.0867998635823,25,-23.2137024720833
255,8,30,76.1932034854669,30,-95.7982191858341,30,27.4896277468523,30,-22.4885263559155
255,8,35,73.0204454937747,35,-90.4218817527221,35,21.5190717021262,35,-21.316700119766
255,8,40,69.0568240660748,40,-84.2184429508491,40,15.5411628573653,40,-20.015429720169
255,8,45,64.4773040500516,45,-76.8905328440862,45,9.91784693620954,45,-18.9318389846968
255,8,50,59.7751951345412,50,-68.3124074899003,50,4.93083459846627,50,-18.3535775827005
255,8,55,55.5431146968444,55,-58.6475174107841,55,0.754345675699968,55,-18.4429262013424
255,8,60,52.1811786723306,60,-48.3190320403675,60,-2.51777982484546,60,-19.2251696453781
255,8,65,49.7022891959279,65,-37.8513196789633,65,-4.82277631109638,65,-20.6318221906854
255,8,70,47.737574334132,70,-27.6795125352254,70,-6.10156327229891,70,-22.5688341150743
255,8,75,45.7169981797374,75,-18.0334227258872,75,-6.31518445145172,75,-24.9681619720293
255,8,80,43.1059957009796,80,-8.94270214033526,80,-5.49136065379883,80,-27.7939843407683
255,8,85,39.576336357407,85,-0.33399014150824,85,-3.76716903712412,85,-31.0029860521565
255,8,90,35.0595417431038,90,7.84920249586525,90,-1.39975215771129,90,-34.485202686352
260,8,0,115.932385551583,0,-101.084847796904,0,56.0988247543773,0,-5.59293252795337
260,8,5,114.013028986584,5,-100.325283282756,5,54.6979942349215,5,-9.02416365632144
260,8,10,111.477280122687,10,-98.6010360665901,10,52.6338314211154,10,-11.970213946464
260,8,15,108.702269563264,15,-95.9658358047256,15,49.7384266488601,15,-14.3507495864365
260,8,20,105.935908175318,20,-92.6155962665274,20,45.892465035421,20,-16.0654607572698
260,8,25,103.144953946254,25,-88.7824775234965,25,41.0963800582472,25,-17.0539561093178
260,8,30,100.011296458873,30,-84.5820572233751,30,35.520717630916,30,-17.3607569683356
260,8,35,96.1110677245186,35,-79.8988246566171,35,29.5028039196053,35,-17.1716659121514
260,8,40,91.1969604098681,40,-74.3996595585451,40,23.4770543285547,40,-16.7954346063931
260,8,45,85.4160340015577,45,-67.6977620188839,45,17.8632709688017,45,-16.5893350936437
260,8,50,79.3107417824936,50,-59.5871910120656,50,12.9676062361697,50,-16.857714699666
260,8,55,73.5798642843242,55,-50.2073377220585,55,8.94764201154257,55,-17.7704012120759
260,8,60,68.7346224598959,60,-40.0318477026235,60,5.85225947927743,60,-19.3397367337597
260,8,65,64.8550165169356,65,-29.6882418105666,65,3.69727114654683,65,-21.4637696260266
260,8,70,61.5794843869494,70,-19.7201891699016,70,2.51799223345324,70,-24.0069548504413
260,8,75,58.3065484489535,75,-10.4275642065009,75,2.36389236063444,75,-26.8704894763921
260,8,80,54.4682025329764,80,-1.85306608542076,80,3.24533231353551,80,-30.013128436455
260,8,85,49.7271836996481,85,6.11097116629799,85,5.07218007532505,85,-33.4136900019287
260,8,90,44.0343537267481,90,13.5770959836301,90,7.62235266400614,90,-37.0005731553374
265,8,0,139.976314598733,0,-84.3828654543181,0,60.7314516666644,0,6.76982125998067
265,8,5,137.920776379584,5,-84.0825803941384,5,60.0432402663326,5,2.7370246478023
265,8,10,135.109222268995,10,-82.8672136317395,10,58.6216784612526,10,-0.951560539779002
265,8,15,131.955398537118,15,-80.7587956646714,15,56.2657021538813,15,-4.20283043654491
265,8,20,128.752736566282,20,-77.9473520212087,20,52.8299754261004,20,-6.88474756501955
265,8,25,125.493436916645,25,-74.6869972179797,25,48.3084733047972,25,-8.89229777573085
265,8,30,121.839796659763,30,-71.1254357470516,30,42.8942082312183,30,-10.2219914978974
265,8,35,117.302113836409,35,-67.1592726614792,35,36.9759142277351,35,-11.0192796473909
265,8,40,111.551265301781,40,-62.424326606219,40,31.0552705034076,40,-11.56986131366
265,8,45,104.683770738894,45,-56.462721250716,45,25.611615279092,45,-12.2294397357443
265,8,50,97.2574507329601,50,-48.9902874191757,50,20.9787055885723,50,-13.3174850330248
265,8,55,90.0508874896558,55,-40.1054352808517,55,17.2978494266218,55,-15.0220219846639
265,8,60,83.6830215634252,60,-30.3056232568338,60,14.5660717438876,60,-17.3601498146269
265,8,65,78.3227166965496,65,-20.2995731193426,65,12.7372868386635,65,-20.2113888579675
265,8,70,73.650487634165,70,-10.7322820967737,70,11.8045624126831,70,-23.4021276295348
265,8,75,69.0635515261754,75,-1.98116540785279,75,11.8133496229738,75,-26.7919843698856
265,8,80,63.9743106213627,80,5.88414161315016,80,12.8074134556172,80,-30.3137546862698
265,8,85,58.0340945498823,85,12.9951850857802,85,14.7498054915233,85,-33.9474361446435
265,8,90,51.2033549382824,90,19.5193647344483,90,17.4670499417173,90,-37.6481642107852
270,8,0,161.476603992856,0,-66.314124013906,0,63.8482748555205,0,20.5618310791622
270,8,5,159.339231408771,5,-66.3918967883543,5,63.9495117009399,5,16.034380503333
270,8,10,156.327885903303,10,-65.6296275893713,10,63.2537882543183,10,11.7161219746204
270,8,15,152.872640640627,15,-64.0160254370268,15,61.532712383833,15,7.70478532169765
270,8,20,149.298007200305,20,-61.7238406335912,20,58.6205144856057,20,4.15203963094761
270,8,25,145.622240561375,25,-59.0143532906572,25,54.5064639041717,25,1.19702470272029
270,8,30,141.504265775381,30,-56.0608378302837,30,49.4019282763178,30,-1.11177381351411
270,8,35,136.409508063888,35,-52.7828536212992,35,43.7383569406284,35,-2.87196913974863
270,8,40,129.935825415843,40,-48.811878014944,40,38.0760323169995,40,-4.33063803013429
270,8,45,122.11467557549,45,-43.6478436266864,45,32.9505356087745,45,-5.82593475205717
270,8,50,113.485824576746,50,-36.9414695328071,50,28.7273158393104,50,-7.68526800549419
270,8,55,104.874359427077,55,-28.7378053860736,55,25.5392255316913,55,-10.1217043698783
270,8,60,96.9947918506544,60,-19.5260050481236,60,23.3355676386569,60,-13.1754938862344
270,8,65,90.1219256283878,65,-10.0615238208988,65,22.0028734795401,65,-16.7281929784371
270,8,70,84.0143922822857,70,-1.07097636414244,70,21.4769193155795,70,-20.5797076889084
270,8,75,78.1026291798225,75,6.9893731789634,75,21.7806969802644,75,-24.5439989358754
270,8,80,71.7962153528865,80,14.0070171466976,80,22.9776387840592,80,-28.5095369953059
270,8,85,64.7314607168912,85,20.1193230481951,85,25.0801392000802,85,-32.4334494450166
270,8,90,56.8638572240892,90,25.5385865949265,90,27.9696301326027,90,-36.2794005352992
275,8,0,180.420805039614,0,-47.6783322845859,0,65.3089741090548,0,35.537959124375
275,8,5,178.239124855223,5,-48.0275300895646,5,66.2492796330327,5,30.6375079803288
275,8,10,175.095610349758,10,-47.6326968803426,10,66.3386577470825,10,25.8250312395844
275,8,15,171.415586464287,15,-46.4510793109054,15,65.3296162177834,15,21.1938941755348
275,8,20,167.535048048016,20,-44.6290950902223,20,63.0437788509835,20,16.9011257801159
275,8,25,163.491954457022,25,-42.4194889672695,25,59.4682275410616,25,13.1060070248386
275,8,30,158.954249109653,30,-40.010498039679,30,54.826570719478,30,9.89466484962622
275,8,35,153.366663595853,35,-37.3512484945945,35,49.5790729830594,35,7.22083706766508
275,8,40,146.272651989056,40,-34.0953255693811,40,44.3287584406002,40,4.88990810699269
275,8,45,137.63527480536,45,-29.7350672729789,45,39.6579006105889,45,2.59938516586453
275,8,50,127.948673808465,50,-23.8785143067657,50,35.9659546892847,50,0.0270701409939267
275,8,55,118.048195515298,55,-16.5121186530646,55,33.3899359505853,55,-3.06466082972449
275,8,60,108.722204418887,60,-8.0843889349587,60,31.8458006207221,60,-6.75291238668007
275,8,65,100.35838316379,65,0.645228210886853,65,31.1585425823308,65,-10.9429407375102
275,8,70,92.8243646228413,70,8.90010606878715,70,31.1986440244234,70,-15.4267706046306
275,8,75,85.6197059332277,75,16.1529110804095,75,31.9476300483047,75,-19.978497875301
275,8,80,78.1731067749223,80,22.2343997527029,80,33.4672733508822,80,-24.4323034730082
275,8,85,70.1067231236042,85,27.2648890678086,85,35.8047496151409,85,-28.7021547171382
275,8,90,61.3570389042819,90,31.4833422627314,90,38.8936663401968,90,-32.7403185834485
280,8,0,196.86491641189,0,-29.2191513679406,0,65.0024517493458,0,51.4326346759191
280,8,5,194.657296574931,5,-29.7146910651391,5,66.7991249726797,5,46.2907837166049
280,8,10,191.435811302726,10,-29.5773708826547,10,67.7047973497444,10,41.1344064521839
280,8,15,187.601050596026,15,-28.736779526525,15,67.4624715575857,15,36.0440252579052
280,8,20,183.47831362594,20,-27.3072870452734,20,65.8901925438497,20,31.167667316912
280,8,25,179.113397372123,25,-25.5197820532725,25,62.9759201967754,25,26.6693357102381
280,8,30,174.190722653503,30,-23.566030914528,30,58.9484741593659,30,22.6620931961356
280,8,35,168.158586138809,35,-21.4273725869875,35,54.2798863711007,35,19.1496950106428
280,8,40,160.531830882086,40,-18.8018964907976,40,49.5946300118064,40,15.9994410282866
280,8,45,151.213470947047,45,-15.2088603580394,45,45.5057772309463,45,12.9615832322025
280,8,50,140.634166294118,50,-10.2415528991592,50,42.4446806242482,50,9.73656086623589
280,8,55,129.604675477077,55,-3.83082452940846,55,40.5657068662012,55,6.07131824115387
280,8,60,118.956973880397,60,3.6425189471825,60,39.7725977611902,60,1.84710754251879
280,8,65,109.184752950128,65,11.45979539716,65,39.8454161177142,65,-2.8826035165159
280,8,70,100.284301223192,70,18.8348891098307,70,40.5912307879756,70,-7.92425209937452
280,8,75,91.857312378779,75,25.1880871357585,75,41.9353043437433,75,-13.0282880585638
280,8,80,83.3790849416872,80,30.2865307916464,80,43.9132006794989,80,-17.9774623151126
280,8,85,74.467353227715,85,34.2105688566067,85,46.58384316779,85,-22.6323264207142
280,8,90,65.0312965443267,90,37.2015558206721,90,49.9210597348373,90,-26.9173953554665
285,8,0,210.850943654428,0,-11.6236917182164,0,62.8611495706078,0,67.9534154726985
285,8,5,208.617732812352,5,-12.1272451180614,5,65.4953170675191,5,62.7046376670692
285,8,10,205.356895192537,10,-12.1178694544537,10,67.2172719970836,10,57.3595315352488
285,8,15,201.426359981231,15,-11.5019044169218,15,67.7704103893024,15,51.9790888451981
285,8,20,197.118831255116,20,-10.3595935989208,20,66.9782111309053,20,46.6899168222773
285,8,25,192.473569709247,25,-8.89133337512707,25,64.8326225740698,25,41.6460968902682
285,8,30,187.194845443914,30,-7.28306447909484,30,61.5606466466078,30,36.975124395026
285,8,35,180.756616020449,35,-5.5480265570006,35,57.628209972286,35,32.7246425457486
285,8,40,172.674342655152,40,-3.44457865632068,40,53.6571831193701,40,28.8270716777585
285,8,45,162.808853289519,45,-0.548002122533828,45,50.2704447387049,45,25.0981468225598
285,8,50,151.520529147432,50,3.5345303855374,50,47.9230930396525,50,21.2793289006425
285,8,55,139.565947367219,55,8.91724371977936,55,46.7962126857841,55,17.1184623641085
285,8,60,127.784985693726,60,15.3044425682933,60,46.8040359705187,60,12.4609585703205
285,8,65,116.756089362429,65,22.0580845335822,65,47.7059582206633,65,7.30984889177307
285,8,70,106.608431583864,70,28.4268796348576,70,49.2583383251138,70,1.82311086277125
285,8,75,97.0709358504283,75,33.8079298539445,75,51.3243339051744,75,-3.75004105021136
285,8,80,87.6958608488305,80,37.908901035371,80,53.8918222851001,80,-9.15749443448956
285,8,85,78.1161772864999,85,40.7528064302055,85,57.0049980259438,85,-14.2099066122308
285,8,90,68.2148211701733,90,42.5570061085982,90,60.6586555596359,90,-18.7956779585653
290,8,0,222.336964035709,0,4.47384238078203,0,58.8736602352721,0,84.7764099785605
290,8,5,220.06322845274,5,4.1111982205582,5,62.2887611286243,5,79.5504926190709
290,8,10,216.785345041707,10,4.13909910420022,10,64.7944212418005,10,74.1660936314642
290,8,15,212.803422870441,15,4.66978238289796,15,66.1437670291267,15,68.6608274211962
290,8,20,208.358827820012,20,5.65570101140903,20,66.173581933152,20,63.1311880026377
290,8,25,203.471055371961,25,6.9301119583941,25,64.8822821938919,25,57.7095526917394
290,8,30,197.865517582805,30,8.31864889375991,30,62.4885388874317,30,52.5253991282677
290,8,35,191.060428552459,35,9.77849083153868,35,59.4354758392311,35,47.660287316239
290,8,40,182.600404842829,40,11.4830977758485,40,56.3184584827356,40,43.1080778905412
290,8,45,172.327278421231,45,13.781233237803,45,53.7464251589548,45,38.7557991572869
290,8,50,160.53420096626,50,17.0270322463616,50,52.1840641795375,50,34.4012763991163
290,8,55,147.901899893504,55,21.3639802763673,55,51.8415855312166,55,29.8130187653551
290,8,60,135.241491974661,60,26.5870483629923,60,52.6626134219207,60,24.815551702519
290,8,65,123.183351401325,65,32.167837001399,65,54.4128062301023,65,19.362850782039
290,8,70,111.977096735953,70,37.4314858061855,70,56.819625991318,70,13.562244646726
290,8,75,101.491263999449,75,41.788265427271,75,59.6901021277229,75,7.63636437868064
290,8,80,91.3828432619858,80,44.9029012258696,80,62.9522611540556,80,1.84540128121676
290,8,85,81.3265617171911,85,46.73399035434,85,66.612290649039,85,-3.58838213142052
290,8,90,71.1903112836473,90,47.4514774296151,90,70.6634645569885,90,-8.51915027739196
295,8,0,231.145404892861,0,18.4967225479879,0,53.0943928494991,0,101.543416688087
295,8,5,228.802953522951,5,18.4336803794361,5,57.1978194626961,5,96.4590876437055
295,8,10,225.512943671161,10,18.6420598247257,10,60.4230111048773,10,91.1697476596928
295,8,15,221.506402908544,15,19.2469817874578,15,62.5410271904205,15,85.6892747585685
295,8,20,216.960418198152,20,20.2289556208083,20,63.4078629816332,20,80.0803460734651
295,8,25,211.865866932737,25,21.4532490049692,25,63.0296169738441,25,74.446346567715
295,8,30,205.970549982994,30,22.7593999468316,30,61.6107762518733,30,68.9081346945829
295,8,35,198.851232893141,35,24.0789597528553,35,59.5575236821081,35,63.5689820628524
295,8,40,190.105699252751,40,25.5172060508231,40,57.417550471048,40,58.4743065036673
295,8,45,179.580299121756,45,27.3378714353572,45,55.7622958612563,45,53.5801136307313
295,8,50,167.510770029124,50,29.838729126299,50,55.0476258197874,50,48.7493847621029
295,8,55,154.48937170323,55,33.1745367282098,55,55.50734442237,55,43.7895761825529
295,8,60,141.265739094938,60,37.2249369804735,60,57.1255042312636,60,38.5243741496394
295,8,65,128.483224129946,65,41.5854681000055,65,59.6980163075518,65,32.8698798863472
295,8,70,116.484856110393,70,45.6899603842688,70,62.9500944039295,70,26.8774546520715
295,8,75,105.275342780274,75,48.9992965453403,75,66.6500030745092,75,20.7214523658822
295,8,80,94.6348814180295,80,51.1618118926985,80,70.666922672715,80,14.6403434371322
295,8,85,84.3069244870599,85,52.0770657575386,85,74.9551352197531,85,8.86364751144507
295,8,90,74.1631696526204,90,51.8521548979004,90,79.4860633432065,90,3.56016459151279
300,8,0,236.933705297144,0,29.9461755898098,0,45.6486415156186,0,117.86045837254
300,8,5,234.480949419186,5,30.3499204611078,5,50.3172486128244,5,113.02123729594
300,8,10,231.164034238958,10,30.9140646601805,10,54.1699987225916,10,107.939642013043
300,8,15,227.139293521646,15,31.7687504065242,15,57.0026065265685,15,102.608990045577
300,8,20,222.514460099115,20,32.9151415669111,20,58.6938340051276,20,97.0598541529783
300,8,25,217.249274703042,25,34.2456729647714,25,59.2570789812003,25,91.3646703618488
300,8,30,211.116264798362,30,35.6141055899972,30,58.877470093299,30,85.6283155254098
300,8,35,203.760110102193,35,36.9320885718315,35,57.9134717190109,35,79.9632400359141
300,8,40,194.848288937353,40,38.2437583203757,40,56.8486003169839,40,74.4521325602982
300,8,45,184.250957939823,45,39.7292469999616,45,56.1963528339918,45,69.1100072767848
300,8,50,172.159184491673,50,41.6210025965953,50,56.384036437629,50,63.865251356037
300,8,55,159.072793596088,55,44.0680543949945,55,57.6568659139601,55,58.5765929353721
300,8,60,145.655243289652,60,47.0196120450868,60,60.0407463491767,60,53.086728616865
300,8,65,132.524364429961,65,50.1937433629885,65,63.3781629863314,65,47.2915755649283
300,8,70,120.079921330919,70,53.1506373951716,70,67.417773758237,70,41.1920568430019
300,8,75,108.44339500387,75,55.4328921068576,75,71.9138159367262,75,34.9030156883918
300,8,80,97.5218897446846,80,56.703149371607,80,76.6905712641089,80,28.6170426396193
300,8,85,87.1473940578961,85,56.8183794088061,85,81.6493523160786,85,22.5444528227078
300,8,90,77.2167135135211,90,55.8188240362468,90,86.7266470448468,90,16.8602858190769
305,8,0,239.192413239346,0,38.4371549199488,0,36.7306497953152,0,133.2965154298
305,8,5,236.572486225874,5,39.4787069743462,5,41.8206446487256,5,128.789084176233
305,8,10,233.191460936382,10,40.581615302225,10,46.1883231405315,10,124.003375009494
305,8,15,229.132822388025,15,41.8706241632977,15,49.6590051739555,15,118.918178164444
305,8,20,224.438728435784,20,43.3581896784743,20,52.1354580128475,20,113.538433425223
305,8,25,219.041888928649,25,44.9576808773877,25,53.6365439169194,25,107.908787769028
305,8,30,212.742927644861,30,46.536990683767,30,54.3237133216471,30,102.114715015465
305,8,35,205.258356123582,35,47.9954209589791,35,54.5007231432548,35,96.2668126459921
305,8,40,196.332773036789,40,49.3283686893494,40,54.5762624796674,40,90.46887084737
305,8,45,185.872141126692,45,50.6423046293185,45,54.9909031571559,45,84.7793365024939
305,8,50,174.03504389994,50,52.1038750859027,50,56.1255892854765,50,79.183840246951
305,8,55,161.231974165658,55,53.8428533199538,55,58.2210320275189,55,73.5961361939588
305,8,60,148.025891197493,60,55.8575446515097,60,61.3375720519143,60,67.8928486153934
305,8,65,134.977072815488,65,57.9733240559314,65,65.3702939379601,65,61.9692411905083
305,8,70,122.502376643529,70,59.8773662357091,70,70.1104172244942,70,55.7903806977359
305,8,75,110.808097944214,75,61.212202791499,75,75.3238281301293,75,49.4136811676249
305,8,80,99.9152093444712,80,61.6820576090535,80,80.8123458633028,80,42.9742842495913
305,8,85,89.750864957775,85,61.1241685705647,85,86.4354055885432,85,36.6442346790439
305,8,90,80.2543848872055,90,59.5198905296101,90,92.091676269446,90,30.5883863739864
310,8,0,237.276810027156,0,43.7396945896266,0,26.5926717103561,0,147.380615032312
310,8,5,234.416425433981,5,45.5838850130919,5,31.9536800318129,5,143.275417865295
310,8,10,230.911050733417,10,47.405337112666,10,36.7137109651777,10,138.850222284984
310,8,15,226.781401923513,15,49.3116353301674,15,40.7304689647784,15,134.076842471018
310,8,20,222.016115849187,20,51.3165599513462,20,43.9299585483862,20,128.944088180681
310,8,25,216.5303243145,25,53.3482262744082,25,46.3337952154579,25,123.475784551773
310,8,30,210.156241402605,30,55.2889869754183,30,48.0767133739328,30,117.738377008819
310,8,35,202.680589449986,35,57.0344822061503,35,49.4047729081594,35,111.832480050152
310,8,40,193.923440167613,40,58.5466628093859,40,50.6474589661348,40,105.867660816545
310,8,45,183.83025546946,45,59.8736551210654,45,52.164258800168,45,99.9277843255905
310,8,50,172.536431230656,50,61.1226160580563,50,54.2765872795572,50,94.041398340976
310,8,55,160.371080131459,55,62.395371257173,55,57.204523398522,55,88.1724859046897
310,8,60,147.792958185521,60,63.7175573951188,60,61.0293198683039,60,82.2388844834438
310,8,65,135.283286637865,65,64.9970567071397,65,65.6944060851847,65,76.1520840303256
310,8,70,123.240176540287,70,66.0328325424787,70,71.0423865953289,70,69.8608477528464
310,8,75,111.916499235466,75,66.5693477548269,75,76.8707902312114,75,63.3792550265922
310,8,80,101.419912911366,80,66.3697230715674,80,82.9828764305272,80,56.7885473410851
310,8,85,91.7640171809413,85,65.2744237200227,85,89.2149066167803,85,50.2160987918885
310,8,90,82.9388123979343,90,63.2231398492208,90,95.4346993182529,90,43.8057716973049
315,8,0,230.476399133562,0,45.8106843844322,0,15.5252245844365,0,159.596923886382
315,8,5,227.288915885807,5,48.6011959367383,5,21.0169162925183,5,155.950312161349
315,8,10,223.580576172894,10,51.3020436731789,10,26.0502906194171,10,151.931051992885
315,8,15,219.32642525898,15,53.9932132345841,15,30.5155499234185,15,147.511352410465
315,8,20,214.479544202765,20,56.681022168375,20,34.3595174114236,20,142.674015907122
315,8,25,208.9498977246,25,59.3029941509927,25,37.6036783164502,25,137.430698356808
315,8,30,202.603798313876,30,61.7563919886327,30,40.3547631795714,30,131.832032986245
315,8,35,195.291711723371,35,63.9413593426996,35,42.8020900598506,35,125.964125381681
315,8,40,186.90015587319,40,65.8015505185061,40,45.1975321745553,40,119.930213015997
315,8,45,177.410514385677,45,67.3437754698024,45,47.8183687452279,45,113.822678392891
315,8,50,166.940572121958,50,68.6261517988994,50,50.9195153506295,50,107.696212188569
315,8,55,155.748598337677,55,69.7188501278417,55,54.6871705418261,55,101.554155873762
315,8,60,144.194443388037,60,70.6553458629041,60,59.2075642545941,60,95.3551611266289
315,8,65,132.670691726282,65,71.3972495062824,65,64.4603541778237,65,89.0381642818984
315,8,70,121.529874469945,70,71.8290404110918,70,70.3373492593817,70,82.5551363447264
315,8,75,111.034310456519,75,71.7841090658333,75,76.6776151318707,75,75.8979710697494
315,8,80,101.343373873503,80,71.088785701943,80,83.3044242639452,80,69.1098632492189
315,8,85,92.5354867486547,85,69.6042280602522,85,90.050717435665,85,62.2800525779256
315,8,90,84.6478509869908,90,67.2498307519386,90,96.7668583424815,90,55.5288968388845
320,8,0,218.120469897597,0,44.8032720771759,0,3.83185916588736,0,169.382013488104
320,8,5,214.515518990091,5,48.6458785142326,5,9.33987082631088,5,166.238833216732
320,8,10,210.518892386507,10,52.3507569654231,10,14.5451157681649,10,162.657702184051
320,8,15,206.080743775502,15,55.9640469944375,15,19.3673997018219,15,158.616831917005
320,8,20,201.138680728928,20,59.4786390232459,20,23.7705466304351,20,154.101363598071
320,8,25,195.60999421063,25,62.8372077184678,25,27.77330069465,25,149.118792173718
320,8,30,189.395805103593,30,65.9514993997406,30,31.4549729637418,30,143.708523796751
320,8,35,182.400528518528,35,68.7317642296688,35,34.9525184774718,35,137.94113187933
320,8,40,174.563647386398,40,71.1154119725032,40,38.4467307809269,40,131.906136897824
320,8,45,165.89417106588,45,73.0832134747344,45,42.1377176615253,45,125.691682325824
320,8,50,156.494669846725,50,74.6559112635806,50,46.2133400536042,50,119.363402065973
320,8,55,146.563858427867,55,75.8724653391616,55,50.8175462883278,55,112.950923727295
320,8,60,136.374201715612,60,76.7594606317815,60,56.0268019764867,60,106.447779501856
320,8,65,126.230808142251,65,77.3051619058654,65,61.8409538729804,65,99.8249773582291
320,8,70,116.425290787475,70,77.4491952000939,70,68.1901886051023,70,93.052807507975
320,8,75,107.199656200399,75,77.0912496346505,75,74.9541550075298,75,86.1225191741706
320,8,80,98.7300547731972,80,76.1136200041638,80,81.9853992560138,80,79.0606736814532
320,8,85,91.1311795791332,85,74.4072099846946,85,89.1288582990732,85,71.9333293393637
320,8,90,84.4737169444794,90,71.8909931323271,90,96.2323297890145,90,64.8421593008645
325,8,0,199.708952790533,0,41.0518583640834,0,-8.19586019531478,0,176.133934394513
325,8,5,195.60775319339,5,46.0002151003184,5,-2.74882862544054,5,173.52888833624
325,8,10,191.247857002668,10,50.7829366833278,10,2.55510232882262,10,170.409904478021
325,8,15,186.574514461952,15,55.411723275768,15,7.65962665109166,15,166.764050517114
325,8,20,181.527841128733,20,59.863628559029,20,12.5405583896286,20,162.583762657645
325,8,25,176.042354620667,25,64.0831544388398,25,17.2115727897361,25,157.877957817786
325,8,30,170.052534535158,30,67.9943634252347,30,21.7265594112947,30,152.679282104786
325,8,35,163.505536724189,35,71.5192504967374,35,26.1768108311536,35,147.044473234332
325,8,40,156.379150048461,40,74.5960120637738,40,30.6818652665582,40,141.046966304765
325,8,45,148.700098927214,45,77.1904955681876,45,35.374143802021,45,134.763726803166
325,8,50,140.556310362644,50,79.2965115152149,50,40.3793571689233,50,128.260728475275
325,8,55,132.097796441329,55,80.9250646969188,55,45.7963780636311,55,121.582348060407
325,8,60,123.524281501071,60,82.0870486285982,60,51.6810584350012,60,114.748666631667
325,8,65,115.062306904454,65,82.7764754407625,65,58.0377265601582,65,107.761703464897
325,8,70,106.938254338776,70,82.9607176642774,70,64.8198862392642,70,100.618288843239
325,8,75,99.354837834993,75,82.580919046063,75,71.9387738717918,75,93.3251251126558
325,8,80,92.4766502050078,80,81.5614270011399,80,79.2761328172918,80,85.9114777765707
325,8,85,86.4263149066494,85,79.8239074335147,85,86.6968478572026,85,78.4366783263919
325,8,90,81.2886213752796,90,77.3010603503923,90,94.05820329501,90,70.9920942685252
330,8,0,175.050048615276,0,35.0443121775459,0,-20.2971327323892,0,179.244476380862
330,8,5,170.401765438538,5,41.091348236138,5,-14.948329987627,5,177.200206867053
330,8,10,165.63094327835,10,46.9656527503895,10,-9.58666749130898,10,174.560335665468
330,8,15,160.693200746578,15,52.6487744705241,15,-4.2521573696626,15,171.320771529966
330,8,20,155.543764223196,20,58.1025266997611,20,1.03719935849945,20,167.482478404166
330,8,25,150.139899497707,25,63.2705482201367,25,6.28774478391606,25,163.058296466224
330,8,30,144.445874759278,30,68.0852485093107,30,11.5304982111783,30,158.077474224315
330,8,35,138.440622154204,35,72.4780876297546,35,16.8186349778835,35,152.58618816948
330,8,40,132.127017783827,40,76.3899038687077,40,22.2215816923837,40,146.64354200653
330,8,45,125.540551965599,45,79.7778671914408,45,27.8158540122864,45,140.314087119572
330,8,50,118.754650491501,50,82.6167725494748,50,33.6736319154144,50,133.659218457983
330,8,55,111.880392390794,55,84.8944283032365,55,39.8508772677724,55,126.730325362548
330,8,60,105.05980790035,60,86.6030447751768,60,46.3772008760268,60,119.56605203833
330,8,65,98.4538380923536,65,87.7299043677995,65,53.2494263453259,65,112.194630058342
330,8,70,92.2276368125959,70,88.2506540286339,70,60.4298776572073,70,104.6405539698
330,8,75,86.5365260752519,75,88.1273642681674,75,67.8491444656369,75,96.9335675311137
330,8,80,81.5153292424505,80,87.311665975167,80,75.4119521421815,80,89.1174819958982
330,8,85,77.2723030886798,85,85.7516506688304,85,83.0042373473436,85,81.2567966530761
330,8,90,73.8871694182301,90,83.4004402832947,90,90.4997892180932,90,73.4400629591027
335,8,0,144.383305141481,0,27.3997308930787,0,-32.2502521957,0,178.160205616032
335,8,5,139.176055590944,5,34.474724960147,5,-27.0027618294863,5,176.680619357246
335,8,10,133.983918227276,10,41.3898530317242,10,-21.5965125427477,10,174.524968966173
335,8,15,128.781503724898,15,48.1032786243,15,-16.0631637494328,15,171.695845696669
335,8,20,123.545120582561,20,54.5637698362449,20,-10.4203597440928,20,168.201154073234
335,8,25,118.255550651379,25,60.7118429603001,25,-4.67132461872198,25,164.05761922789
335,8,30,112.901589529716,30,66.483350832049,30,1.19444532750395,30,159.293107869113
335,8,35,107.484241291968,35,71.814553784569,35,7.19905482103914,35,153.946961767083
335,8,40,102.021034351198,40,76.6472187660365,40,13.3724710286205,40,148.068116759807
335,8,45,96.5495696300535,45,80.9322568216103,45,19.7472822859997,45,141.711485384914
335,8,50,91.1292892559221,50,84.6308759800025,50,26.3524238731925,50,134.933675715211
335,8,55,85.8406648008813,55,87.7130500951122,55,33.2066695252609,55,127.78938102533
335,8,60,80.7815249480453,60,90.153992949491,60,40.3128592595275,60,120.329596938956
335,8,65,76.0609148940104,65,91.9299594613369,65,47.6537590301447,65,112.60226340475
335,8,70,71.791466039973,70,93.0148567390513,70,55.1901225200831,70,104.655192404468
335,8,75,68.0815388901762,75,93.3788171367726,75,62.8610497985667,75,96.5404900844123
335,8,80,65.0282898192619,80,92.9892363402353,80,70.586279865187,80,88.319319290007
335,8,85,62.712374789291,85,91.8140854895202,85,78.2697782138486,85,80.0658431813898
335,8,90,61.1944439597075,90,89.8268102539786,90,85.8039704436151,90,71.869463445409
340,8,0,108.468866266738,0,18.8620559598376,0,-43.869679625096,0,172.465719388453
340,8,5,102.731014684892,5,26.8312576174843,5,-38.7048644389524,5,171.525174938569
340,8,10,97.14294609295,10,34.6698018913606,10,-33.2504661486957,10,169.836985772861
340,8,15,91.7006862281083,15,42.3192665640962,15,-27.5364803153103,15,167.407349727759
340,8,20,86.4019158162472,20,49.71789850513,20,-21.5850137594864,20,164.248275109054
340,8,25,81.2480326764577,25,56.801417138426,25,-15.4106639753049,25,160.379032867734
340,8,30,76.2462619157433,30,63.504718305353,30,-9.02147947059038,30,155.827096451474
340,8,35,71.4116955242105,35,69.7641081200997,35,-2.42057874611314,35,150.628278473439
340,8,40,66.7690358234993,40,75.5195434006428,40,4.39155867464165,40,144.825990641089
340,8,45,62.3537403887849,45,80.7163545074599,45,11.4142198686364,45,138.469808959517
340,8,50,58.2122588519341,50,85.3060863089662,50,18.6432189967065,50,131.613739600706
340,8,55,54.4011351602443,55,89.2463672662723,55,26.0676142670266,55,124.31468040948
340,8,60,50.9849123446185,60,92.5000186572964,60,33.6667639085778,60,116.631522796505
340,8,65,48.032979351429,65,95.0338496521144,65,41.4080870441638,65,108.625152513494
340,8,70,45.6156819456181,70,96.8176789424449,70,49.2458016280488,70,100.359343921861
340,8,75,43.8001280072449,75,97.824059620236,75,57.1207661586197,75,91.9022813054726
340,8,80,42.6461247484049,80,98.0289939197397,80,64.961398426554,80,83.3282549805822
340,8,85,42.2026025907483,85,97.4136761044083,85,72.685527641572,85,74.7190097190457
340,8,90,42.5047510112313,90,95.967067903667,90,80.202982388621,90,66.1642682907739
345,8,0,68.6267948223609,0,10.2988956895965,0,-54.9951724861434,0,161.97073744485
345,8,5,62.4190464429872,5,18.9680176276572,5,-49.8872007446371,5,161.50281349309
345,8,10,56.4846375517093,10,27.5448197899573,10,-44.3778036627679,10,160.232404844143
345,8,15,50.839243036903,15,35.9600084411676,15,-38.4996683841208,15,158.166565327761
345,8,20,45.4988107958772,20,44.1438448915394,20,-32.2822719117634,20,155.318774081014
345,8,25,40.4807251254459,25,52.0267665874756,25,-25.7523081554839,25,151.709367697191
345,8,30,35.8048383070858,30,59.5402619627152,30,-18.9344126286901,30,147.365795779319
345,8,35,31.4943007011333,35,66.6178938761627,35,-11.8521681024063,35,142.322621534576
345,8,40,27.5761074179325,40,73.1963329790613,40,-4.5293525161388,40,136.621249001177
345,8,45,24.0812766071977,45,79.2162662340603,45,3.0086392493511,45,130.309425250688
345,8,50,21.0445871167624,50,84.6230873541896,50,10.733300166658,50,123.440620192238
345,8,55,18.5038342947958,55,89.3673440649508,55,18.6115695607072,55,116.073411749915
345,8,60,16.4986091459243,60,93.4049924356378,60,26.6045860600544,60,108.27099155385
345,8,65,15.0686598691052,65,96.6975693412336,65,34.6667710020051,65,100.10085819214
345,8,70,14.2519451617755,70,99.212423035028,70,42.7453544269477,70,91.6346940760786
345,8,75,14.0825254506098,75,100.923130891463,75,50.7804169921744,75,82.9483468689812
345,8,80,14.5884553437661,80,101.810185779077,80,58.7054750772633,80,74.1217764961943
345,8,85,15.7898378156551,85,101.861960505347,85,66.4485914153265,85,65.2387984313866
345,8,90,17.6971827850333,90,101.07588018875,90,73.9339558159135,90,56.3864597430984
350,8,0,26.7113094561158,0,2.67413508429302,0,-65.4798619974428,0,146.778823150551
350,8,5,20.1142495836444,5,11.7937173959253,5,-60.4075073840443,5,146.670696829067
350,8,10,13.8918751765955,10,20.8582880553756,10,-54.8436881047476,10,145.729641732302
350,8,15,8.07576452104843,15,29.7927347706493,15,-48.8255283221021,15,143.961980484776
350,8,20,2.695901467783,20,38.5225181095808,20,-42.3904731323552,20,141.381005237665
350,8,25,-2.21890218016938,25,46.9742877077996,25,-35.5764239273323,25,138.007012129294
350,8,30,-6.64067947571202,30,55.0765455966065,30,-28.4220029486323,30,133.867268708696
350,8,35,-10.542107246497,35,62.7603387065587,35,-20.9669211094703,35,128.995898816096
350,8,40,-13.8964570507706,40,69.9599576791323,40,-13.252415931682,40,123.433678606409
350,8,45,-16.6777170067047,45,76.6136195346819,45,-5.32171964474251,45,117.227747140195
350,8,50,-18.8608937780586,50,82.6641171966978,50,2.7794880438982,50,110.431242579529
350,8,55,-20.4224920897299,55,88.0594276611748,55,11.0026912228251,55,103.102878330473
350,8,60,-21.3411555698394,60,92.7532800369188,60,19.296261718332,60,95.3064714110636
350,8,65,-21.5984386802886,65,96.7056917914387,65,27.6053402329285,65,87.1104283094824
350,8,70,-21.1796665214682,70,99.8834838517106,70,35.8719109540736,70,78.5871834699368
350,8,75,-20.0748288964173,75,102.260781438252,75,44.0350939208218,75,69.8125751298423
350,8,80,-18.2794484198902,80,103.819497887326,80,52.0316646552525,80,60.8651356543926
350,8,85,-15.7953604018852,85,104.549784954608,85,59.7967942252228,85,51.8252714453946
350,8,90,-12.6313449513866,90,104.450418001665,90,67.2649863088633,90,42.7743125482607
355,8,0,-14.9951502032566,0,-3.04024859172264,0,-75.1851850535577,0,127.322051649152
355,8,5,-21.8933449984998,5,6.23669941886297,5,-70.137603200996,5,127.420037034182
355,8,10,-28.3496128088072,10,15.4842258278688,10,-64.5319433676963,10,126.685873708888
355,8,15,-34.3207617328279,15,24.6268878805442,15,-58.4092675915963,15,125.124930692499
355,8,20,-39.7667944627405,20,33.5900124949571,20,-51.8134419198281,20,122.749597606597
355,8,25,-44.6509930863004,25,42.3003542464265,25,-44.7909446130665,25,119.579201261401
355,8,30,-48.9400165851373,30,50.6867490465535,30,-37.3906970367202,30,115.639860943646
355,8,35,-52.6040187028124,35,58.6807581405127,35,-29.6639088051791,35,110.964281088497
355,8,40,-55.6167912932396,40,66.2172963824606,40,-21.6639269663774,40,105.591480551887
355,8,45,-57.9559353079542,45,73.2352382380374,45,-13.4460778838637,45,99.5664583880376
355,8,50,-59.6030583867258,50,79.6779946109193,50,-5.06749008216563,50,92.9397967991612
355,8,55,-60.5439947537793,55,85.4940533605167,55,3.41311327068157,55,85.7672027018057
355,8,60,-60.769039986957,60,90.6374762093505,60,11.9356623402833,60,78.1089901300524
355,8,65,-60.2731904278904,65,95.0683445728517,65,20.4390371358597,65,70.0295065013441
355,8,70,-59.0563747452235,70,98.7531466531043,70,28.861417890432,70,61.5965066797937
355,8,75,-57.1236636399837,75,101.665097945768,75,37.1406913408897,75,52.8804798793923
355,8,80,-54.4854430463324,80,103.784387203369,80,45.214911252304,80,43.9539358418727
355,8,85,-51.1575365331548,85,105.098340023281,85,53.0228077071465,85,34.8906584452169
355,8,90,-47.1612639863177,90,105.601492766277,90,60.5043359870006,90,25.7649369222062
360,8,0,-53.9777077197844,0,-6.02401317270073,0,-83.9873949064492,0,104.357637258229
360,8,5,-61.0922900301076,5,3.0942774027523,5,-78.9633303042086,5,104.485552284418
360,8,10,-67.7419231247683,10,12.1890186587946,10,-73.3383070789905,10,103.81826916762
360,8,15,-73.8759992807581,15,21.1909941229128,15,-67.1551350540207,15,102.360866335273
360,8,20,-79.4478344746732,20,30.0316933262836,20,-60.4608719019107,20,100.124435502933
360,8,25,-84.4150236763221,25,38.6438332098091,25,-53.3064650073544,25,97.1259972596286
360,8,30,-88.7397635766092,30,46.9618701888235,30,-45.7463637267686,30,93.388371530898
360,8,35,-92.3891402935442,35,54.9224989793484,35,-37.8381049958125,35,88.9400039053766
360,8,40,-95.3353798667571,40,62.4651343895289,40,-29.6418754385658,40,83.8147491466928
360,8,45,-97.5560596341078,45,69.5323724095257,45,-21.2200533109778,45,78.0516135382733
360,8,50,-99.0342788816835,50,76.0704270906916,50,-12.6367337646748,50,71.6944580219747
360,8,55,-99.758787468437,55,82.0295398891177,55,-3.95724104415409,55,64.7916643898316
360,8,60,-99.724071446553,60,87.3643583581972,60,4.75236867016007,60,57.3957670694053
360,8,65,-98.93039502592,65,92.0342813081289,65,13.4258099893357,65,49.5630533050691
360,8,70,-97.383798563334,70,96.0037678054873,70,21.9970727877666,70,41.3531347780915
360,8,75,-95.0960525917358,75,99.2426076611861,75,30.400924580087,75,32.8284939257472
360,8,80,-92.084568239348,80,101.726151348258,80,38.5734069797728,80,24.0540084122413
360,8,85,-88.3722647204762,85,103.435497599641,85,46.4523224610826,85,15.0964573705109
360,8,90,-83.9873949064492,90,104.357637258229,90,53.9777077197844,90,6.02401317270073
