"Theta [deg]","Freq [GHz]","Phi [deg]","re(rETheta) [mV]","Phi [deg]","im(rETheta) [mV]","Phi [deg]","re(rEPhi) [mV]","Phi [deg]","im(rEPhi) [mV]"
0,8,0,22.2531649592358,0,40.1931618889249,0,471.758856742227,0,8776.81838044319
0,8,5,63.2849785053065,5,804.990339682114,5,468.024180743921,5,8739.91687183388
0,8,10,103.835155152437,10,1563.66105492387,10,460.727558129428,10,8636.49931852382
0,8,15,143.595083571477,15,2310.43136537329,15,449.924520602664,15,8467.35279053893
0,8,20,182.262166699456,20,3039.61789805562,20,435.697285802261,20,8233.76459509063
0,8,25,219.542124685946,25,3745.67110316228,25,418.154131575687,25,7937.5124793907
0,8,30,255.151234540417,30,4423.21748947582,30,397.428571919454,30,7580.85110092153
0,8,35,288.818489435508,35,5067.10051988272,35,373.678340856982,35,7166.49486813131
0,8,40,320.287661232623,40,5672.41985573435,40,347.084191987437,40,6697.59728214669
0,8,45,349.31925053278,45,6234.5686513831,45,317.848522841703,45,6177.72693672512
0,8,50,375.692309411652,50,6749.26861505934,50,286.193834514958,50,5610.84035910157
0,8,55,399.206122966683,55,7212.60256925516,55,252.361038298992,55,5001.25189842721
0,8,60,419.681736878691,60,7621.04426281046,60,216.60762220181,60,4353.60089096736
0,8,65,436.96331936229,65,7971.48520781342,65,179.205691308413,65,3672.81635195116
0,8,70,450.919347139875,70,8261.25833707055,70,140.439896896805,70,2964.07946278947
0,8,75,461.443606413181,75,8488.15830209841,75,100.605270069883,75,2232.78413915583
0,8,80,468.456001214414,80,8650.45825715719,80,60.004976390607,80,1484.49598003129
0,8,85,471.903162984938,85,8746.92300158949,85,18.9480086090031,85,724.909910135534
0,8,90,471.758856742228,90,8776.81838044319,90,-22.2531649592355,90,-40.1931618889245
5,8,0,29.8123364565792,0,41.3175631136413,0,416.181040524618,0,8681.39712819675
5,8,5,89.3365200472379,5,799.711695238534,5,409.712262067488,5,8644.124618767
5,8,10,147.5809866436,10,1551.88593700565,10,396.26336228228,10,8540.90271715068
5,8,15,203.649249337783,15,2292.11838359893,15,376.091503973519,15,8372.5442510276
5,8,20,256.697050994057,20,3014.78436278447,20,349.581415194461,20,8140.35637380306
5,8,25,305.951462191893,25,3714.39871436099,25,317.234562687253,25,7846.12923572343
5,8,30,350.727678782231,30,4385.65671808243,30,279.655355130661,30,7492.12116191924
5,8,35,390.443060572601,35,5023.47341269628,35,237.53488414596,35,7081.0404938434
5,8,40,424.628074268864,40,5623.02106272794,40,191.632778374176,40,6616.02426208413
5,8,45,452.933932617312,45,6179.764543085,45,142.757781285313,45,6100.61387253038
5,8,50,475.136848171414,50,6689.4944266796,50,91.7476674399954,50,5538.72800392754
5,8,55,491.138935865662,55,7148.35757867705,55,39.4490884759761,55,4934.63293140656
5,8,60,500.965897408124,60,7552.8850831922,60,-13.3021047329562,60,4292.91050532707
5,8,65,504.761699030877,65,7900.01735351586,65,-65.6995760584256,65,3618.42402541165
5,8,70,502.780511999438,70,8187.12630334732,70,-116.983831688802,70,2916.28225492129
5,8,75,495.376224805103,75,8412.03448136916,75,-166.457803716634,75,2191.80181790587
5,8,80,482.989861426219,80,8573.03109201353,80,-213.500392361195,80,1450.46821513105
5,8,85,466.135256670218,85,8668.88483913371,85,-257.577722643224,85,697.895683277409
5,8,90,445.383352475958,90,8698.85353531267,90,-298.251917780656,90,-60.2138893975295
10,8,0,37.8738461994895,0,44.7324169518699,0,326.511494483428,0,8444.36979047337
10,8,5,110.735468654424,5,784.407105927557,5,317.096826857349,5,8406.85510849665
10,8,10,181.451908025214,10,1517.7452648033,10,297.649177376788,10,8305.10375644035
10,8,15,248.5776981227,15,2239.18513933217,15,268.656456881056,15,8139.9638152732
10,8,20,310.779348950529,20,2943.27232930777,20,230.837950511312,20,7912.7556727267
10,8,25,366.873539413284,25,3624.69800404101,25,185.118052860799,25,7625.25994999027
10,8,30,415.858374285743,30,4278.33603501087,30,132.593243878074,30,7279.70312455752
10,8,35,456.936486629127,35,4899.2790830597,35,74.4942830612121,35,6878.74056179876
10,8,40,489.529447528223,40,5482.87346476346,40,12.1458127702541,40,6425.4366175956
10,8,45,513.283640603129,45,6024.75241618086,45,-53.0744686143949,45,5923.24155242209
10,8,50,528.068371566521,50,6520.86722783893,50,-119.775162799559,50,5375.96518581282
10,8,55,533.967430532198,55,6967.51568336414,55,-186.587593845903,55,4787.74747505624
10,8,60,531.265554695168,60,7361.36731151975,60,-252.198369011768,60,4163.02646276582
10,8,65,520.431239041007,65,7699.48514457745,65,-315.377690904219,65,3506.50424230678
10,8,70,502.097141367793,70,7979.34392620375,70,-375.003491042096,70,2823.11168836562
10,8,75,477.038987123178,75,8198.84497435702,75,-430.081763159594,75,2117.97266720769
10,8,80,446.153481289801,80,8356.32812096594,80,-479.763600021305,80,1396.3682822511
10,8,85,410.435363989506,85,8450.58127262618,85,-523.359383027438,85,663.701458334778
10,8,90,370.953476162954,90,8480.84813799964,90,-560.35037536062,90,-74.5381251000856
15,8,0,45.5430819812868,0,47.8038775241879,0,213.167791411485,0,8078.7554536475
15,8,5,126.906603215929,5,757.803957655124,5,201.082750731695,5,8041.69543623349
15,8,10,205.245530501584,10,1461.44328919101,10,176.217281746878,10,7943.30662391323
15,8,15,278.561929990827,15,2153.44088762125,15,139.304127322182,15,7784.43257085151
15,8,20,345.049730916662,20,2828.62366379243,20,91.4323956194848,20,7566.33766493122
15,8,25,403.162408616619,25,3481.95428951557,25,33.9974913736738,25,7290.70228545269
15,8,30,451.663768757245,30,4108.56140540101,30,-31.3635073832354,30,6959.61953438274
15,8,35,489.658462146389,35,4703.77309896306,35,-102.845373048807,35,6575.59078920114
15,8,40,516.601299455134,40,5263.15328827667,40,-178.550668251184,40,6141.51701053797
15,8,45,532.28700479557,45,5782.5394023049,45,-256.561770240955,45,5660.68317200066
15,8,50,536.824286084362,50,6258.07886769284,50,-335.00377262671,50,5136.73428457185
15,8,55,530.599597625923,55,6686.26162590397,55,-412.094935837334,55,4573.6430135783
15,8,60,514.236465071546,60,7063.94629852744,60,-486.183613045667,60,3975.6704661888
15,8,65,488.555687402673,65,7388.37860057072,65,-555.772761514529,65,3347.32297355587
15,8,70,454.540298746256,70,7657.20192602177,70,-619.534847992582,70,2693.30830019897
15,8,75,413.307209404727,75,7868.46136676554,75,-676.320887359361,75,2018.49454800169
15,8,80,366.085376186641,80,8020.60345434978,80,-725.167413122483,80,1327.87414762068
15,8,85,314.198584018412,85,8112.47441013667,85,-765.304445386744,85,626.533982011828
15,8,90,259.049761109064,90,8143.31957734265,90,-796.166216837345,90,-80.3688053298651
20,8,0,51.8465000197699,0,47.1949833692847,0,89.2106996457589,0,7604.57805970658
20,8,5,137.666963322649,5,718.705446162167,5,75.2329958454207,5,7569.198304604
20,8,10,219.648684663032,10,1384.04819277311,10,45.9989562447744,10,7476.57257750949
20,8,15,295.19766686748,15,2038.33977288792,15,2.46178526306699,15,7327.45589972957
20,8,20,362.011799579272,20,2676.78291940925,20,-53.9088414182349,20,7122.92819237841
20,8,25,418.19692522842,25,3294.67555278146,25,-121.206742073088,25,6864.41122199336
20,8,30,462.349311721908,30,3887.43119285934,30,-197.199399167427,30,6553.69668258136
20,8,35,493.595682969541,35,4450.61358643217,35,-279.456421167668,35,6192.97646206354
20,8,40,511.587956845844,40,4979.98439164752,40,-365.481425761953,40,5784.86471276148
20,8,45,516.456761832116,45,5471.55890158252,45,-452.832174313109,45,5332.40238596953
20,8,50,508.734189930189,50,5921.66207502875,50,-539.216404285098,50,4839.03835778929
20,8,55,489.260612058313,55,6326.97637904304,55,-622.555834441623,55,4308.58641812026
20,8,60,459.091696628983,60,6684.57442813494,60,-701.017092032996,60,3745.16289818436
20,8,65,419.419781675661,65,6991.93276445892,65,-773.014357732147,65,3153.11406147714
20,8,70,371.51905728275,70,7246.92741640296,70,-837.193009746039,70,2536.94436777688
20,8,75,316.717848269083,75,7447.81587117055,75,-892.405650424553,75,1901.25585048561
20,8,80,256.395102357274,80,7593.21270623915,80,-937.691458946651,80,1250.70551603927
20,8,85,191.993257172546,85,7682.06675310689,85,-972.267258261019,85,589.982978403661
20,8,90,125.036796025654,90,7713.64638924027,90,-995.534789303004,90,-76.1941463954337
25,8,0,55.8618760930491,0,40.4302033894923,0,-32.5192374936013,0,7047.48005245588
25,8,5,142.926493202787,5,667.068155218041,5,-47.2248420946892,5,7015.23027399962
25,8,10,225.507774710928,10,1288.055998999,10,-79.3142903377622,10,6930.85066837286
25,8,15,300.374265017129,15,1898.9950046515,15,-127.702732553624,15,6794.91217003238
25,8,20,364.689476567026,20,2495.52092308611,20,-190.597202117012,20,6608.1617761767
25,8,25,416.198993926099,25,3073.28729042253,25,-265.599857298078,25,6371.57523637772
25,8,30,453.365265536854,30,3627.97560795304,30,-349.868346944155,30,6086.44024588071
25,8,35,475.429059616768,35,4155.33819841646,35,-440.314864922448,35,5754.4511355895
25,8,40,482.387157311986,40,4651.27092915807,40,-533.816696495545,40,5377.7907505741
25,8,45,474.89075874817,45,5111.90438144449,45,-627.407714474328,45,4959.17577167374
25,8,50,454.084628426687,50,5533.69596037474,50,-718.42401283923,50,4501.8490609545
25,8,55,421.418708853494,55,5913.50401486983,55,-804.587041956565,55,4009.51535381137
25,8,60,378.468216837501,60,6248.62911872694,60,-884.021424900175,60,3486.23122964217
25,8,65,326.793887821537,65,6536.81626036232,65,-955.218176320509,65,2936.27212796843
25,8,70,267.862579516965,70,6776.2221264444,70,-1016.96379493309,70,2364.00430411614
25,8,75,203.033408407775,75,6965.36050823432,75,-1068.25971869052,75,1773.78647650298
25,8,80,133.60003900401,80,7103.04326075921,80,-1108.25492185563,80,1169.91599142088
25,8,85,60.8689016660229,85,7188.33310244593,85,-1136.20846036607,85,556.621457863022
25,8,90,-13.7523711992229,90,7220.51890513299,90,-1151.49055142422,90,-61.9075560810724
30,8,0,56.9179354367608,0,27.0737947576579,0,-141.65432030797,0,6436.57313910226
30,8,5,142.605492583649,5,604.791785381851,5,-155.764562764802,5,6408.70236553836
30,8,10,223.457039243856,10,1177.75205410248,10,-188.83450115126,10,6334.55558874062
30,8,15,295.631214297082,15,1742.07493463384,15,-239.811838669999,15,6214.46551012272
30,8,20,355.745243815927,20,2293.83540659499,20,-306.742139238213,20,6048.74630887479
30,8,25,401.150818152805,25,2829.0199554737,25,-386.864877654329,25,5837.78101570517
30,8,30,430.152448580808,30,3343.52990681589,30,-476.805647957747,30,5582.17337500968
30,8,35,442.122844913216,35,3833.24098878718,35,-572.845746280612,35,5282.93525428827
30,8,40,437.482455248297,40,4294.11406088712,40,-671.22881343552,40,4941.66461021323
30,8,45,417.537576615371,45,4722.33643743908,45,-768.451304310129,45,4560.66389038404
30,8,50,384.20561527295,50,5114.46205009399,50,-861.485205879169,50,4142.95951414867
30,8,55,339.685242511446,55,5467.5164662225,55,-947.897998383367,55,3692.20882191959
30,8,60,286.142699762119,60,5779.04154587648,60,-1025.8607802098,60,3212.51379566288
30,8,65,225.478735856408,65,6047.072195917,65,-1094.06192318875,65,2708.18884092025
30,8,70,159.216746877709,70,6270.05828337353,70,-1151.5625227439,70,2183.54198805414
30,8,75,88.5205050642117,75,6446.76063449056,75,-1197.63714943229,75,1642.72049195673
30,8,80,14.3196390921882,80,6576.15516242146,80,-1231.63965059875,80,1089.64723662827
30,8,85,-62.4998262399387,85,6657.37201123056,85,-1252.9227899827,85,528.044439975947
30,8,90,-140.891359398331,90,6689.68092213174,90,-1260.82661901339,90,-38.4821005781999
35,8,0,54.8102616009696,0,8.97667204517222,0,-231.345817078552,0,5801.73140195976
35,8,5,136.812383833873,5,535.790938884671,5,-243.659544663236,5,5778.94479364281
35,8,10,214.042341395235,10,1059.06637391719,10,-275.687254802927,10,5716.02728339323
35,8,15,282.204929765936,15,1575.41411744033,15,-326.630559911966,15,5613.1142991081
35,8,20,337.420719149892,20,2081.30748969083,20,-394.645730737931,20,5470.11207006956
35,8,25,376.594404347617,25,2573.01965607868,25,-476.873459936585,25,5286.78575328849
35,8,30,397.761541952567,30,3046.6257527274,30,-569.611291454933,30,5062.96466514542
35,8,35,400.323775361152,35,3498.08401864329,35,-668.626044738745,35,4798.83591186087
35,8,40,385.087087963191,40,3923.38914632019,40,-769.559296411628,40,4495.25757517833
35,8,45,354.061489392253,45,4318.76733506978,45,-868.344680061707,45,4153.99860014857
35,8,50,310.049713665717,50,4680.8649162997,50,-961.547079757175,50,3777.82105865986
35,8,55,256.119358077453,55,5006.87928131149,55,-1046.55513363953,55,3370.36491322841
35,8,60,195.08978106928,60,5294.59606688219,60,-1121.60099961561,60,2935.86117507514
35,8,65,129.157803670092,65,5542.32649016656,65,-1185.62800654438,65,2478.75893680854
35,8,70,59.7401274270793,70,5748.77251041987,70,-1238.06114813686,70,2003.37837137141
35,8,75,-12.4540643367716,75,5912.8712927625,75,-1278.5489173588,75,1513.68385514537
35,8,80,-87.1653653985748,80,6033.6738857687,80,-1306.73933554896,80,1013.21899743749
35,8,85,-164.222549072571,85,6110.29457863629,85,-1322.1361167827,85,505.184537304437
35,8,90,-243.169030434618,90,6141.93565794181,90,-1324.06064206377,90,-7.40172983734732
40,8,0,49.9248751468453,0,-10.4584295995699,0,-298.110867662414,0,5170.75397740919
40,8,5,126.130946118772,5,465.262166066294,5,-307.796963784266,5,5153.09430825919
40,8,10,198.141895094143,10,938.827079164018,10,-336.901025391653,10,5101.19379053
40,8,15,261.513636173504,15,1407.25374098917,15,-385.107330442618,15,5015.15544894011
40,8,20,311.992746790724,20,1867.34685567166,20,-451.027169292318,20,4894.68006309847
40,8,25,345.961131588127,25,2315.63040802385,25,-532.082702691498,25,4739.07518298699
40,8,30,360.970732469363,30,2748.35192672396,30,-624.574385927394,30,4547.45243440477
40,8,35,356.206030783277,35,3161.57930823947,35,-723.973307747079,35,4319.11083496675
40,8,40,332.686626577842,40,3551.38416220853,40,-825.403252004537,40,4054.01925509331
40,8,45,293.084788742734,45,3914.07429797312,45,-924.205309746523,45,3753.2439288637
40,8,50,241.162341777595,50,4246.41417682471,50,-1016.44328892504,50,3419.15821409549
40,8,55,180.971118363057,55,4545.76822045175,55,-1099.22605658772,55,3055.33834017933
40,8,60,116.048193728186,60,4810.12330267899,60,-1170.78369050224,60,2666.16741660448
40,8,65,48.8339498152269,65,5037.98806344394,65,-1230.31008103323,65,2256.28522854574
40,8,70,-19.5451876518786,70,5228.21214962139,70,-1277.64495390458,70,1830.07581066724
40,8,75,-89.1120478518811,75,5379.79831525431,75,-1312.89547014445,75,1391.35247120567
40,8,80,-160.582790751508,80,5491.7799433681,80,-1336.09269532176,80,943.301670816757
40,8,85,-234.766984022473,85,5563.20470704215,85,-1346.95507795419,85,488.637137754486
40,8,90,-311.974158278579,90,5593.2158606592,90,-1344.80340583787,90,29.8485382992096
45,8,0,43.1745767904463,0,-27.5639451542711,0,-340.95097478984,0,4566.92176529936
45,8,5,111.786343218437,5,398.458179862757,5,-347.691238449449,5,4553.89329012176
45,8,10,177.32310382736,10,823.626933778203,10,-372.42492270779,10,4511.71035262917
45,8,15,235.611820193652,15,1245.24225645849,15,-415.485622754804,15,4440.71623629835
45,8,20,282.204772181335,20,1660.37411697532,20,-476.278082902629,20,4340.78751050302
45,8,25,312.863736467438,25,2065.80485592044,25,-552.938827602668,25,4211.13952245267
45,8,30,324.352839086416,30,2458.03167614805,30,-642.192772534949,30,4050.4012594692
45,8,35,315.273665539071,35,2833.35638533718,35,-739.527097436209,35,3857.02860940036
45,8,40,286.584314352633,40,3188.06169107752,40,-839.693023070151,40,3629.97219264341
45,8,45,241.521901969963,45,3518.63835460729,45,-937.41966784005,45,3369.36995673761
45,8,50,184.872230736641,50,3822.0011694931,50,-1028.13934263483,50,3076.98098361588
45,8,55,121.798217076959,55,4095.62764020882,55,-1108.5181072055,55,2756.16215214082
45,8,60,56.6197184005513,60,4337.57602155077,60,-1176.65842701549,60,2411.38294503469
45,8,65,-8.0548261526644,65,4546.38236021108,65,-1231.95513696353,65,2047.47688581506
45,8,70,-71.603466144112,70,4720.88324488654,70,-1274.68978639794,70,1668.93078958565
45,8,75,-135.064570331807,75,4860.04173755361,75,-1305.50444636813,75,1279.46311742961
45,8,80,-200.392047615799,80,4962.85195310733,80,-1324.89878163601,80,881.978132475971
45,8,85,-269.550696459872,85,5028.35986705907,85,-1332.8641648651,85,478.803469345174
45,8,90,-343.679393927225,90,5055.77962780217,90,-1328.72963975371,90,72.0217409452646
50,8,0,35.7415138652761,0,-39.6170495062933,0,-360.340162807494,0,4007.39020456461
50,8,5,95.5433421785057,5,339.498629501373,5,-364.334609750814,5,3998.23249577504
50,8,10,153.869017602167,10,718.72547654855,10,-383.904806291506,10,3963.77507018018
50,8,15,207.272656836786,15,1095.50297964538,15,-420.071909273843,15,3904.91747334561
50,8,20,251.313988251358,20,1467.12042849355,20,-473.271540543878,20,3822.20879425167
50,8,25,281.02836834206,25,1830.68447656524,25,-542.747885514423,25,3715.30244172879
50,8,30,292.047643846198,30,2183.10649173016,30,-626.097387655783,30,3582.75037168911
50,8,35,281.973987581212,35,2521.14379644599,35,-719.199136988166,35,3422.33699931804
50,8,40,251.397417198801,40,2841.50535000174,40,-816.639477044629,40,3231.91350712857
50,8,45,204.026585701688,45,3141.0028343001,45,-912.546593368511,45,3010.42698325145
50,8,50,145.763046000354,50,3416.70812639259,50,-1001.58281316581,50,2758.69817857631
50,8,55,83.0227239086748,55,3666.07478973819,55,-1079.77686183017,55,2479.58916716514
50,8,60,20.9478026292627,60,3886.99251144807,60,-1144.94517935618,60,2177.48893770129
50,8,65,-37.8224707506287,65,4077.76496539409,65,-1196.61327475389,65,1857.37268188759
50,8,70,-93.4411243025314,70,4237.02954291117,70,-1235.52247404019,70,1523.86930757511
50,8,75,-148.242300937794,75,4363.66367046021,75,-1262.91829887922,75,1180.70656721113
50,8,80,-205.587078417084,80,4456.73158118595,80,-1279.83871495751,80,830.654964007498
50,8,85,-268.604835370015,85,4515.50376683147,85,-1286.58060515136,85,475.826672010116
50,8,90,-339.147390239031,90,4539.53325972647,90,-1282.46269797344,90,118.057737339626
55,8,0,28.7251061994906,0,-45.4906676312812,0,-357.500595150609,0,3502.63303569083
55,8,5,79.3639886639184,5,290.669586246107,5,-359.347577860219,5,3496.61045876491
55,8,10,130.449944367709,10,627.377355782132,10,-373.695622023572,10,3467.71103323479
55,8,15,179.661010475984,15,962.067918441128,15,-402.127432029994,15,3417.65489799948
55,8,20,222.74756899193,20,1292.2293635999,20,-446.168430700698,20,3348.160756542
55,8,25,253.924737070473,25,1615.40720093552,25,-506.432682230813,25,3259.91935080412
55,8,30,267.376593491498,30,1929.1555676393,30,-581.783312669712,30,3151.93262003436
55,8,35,259.329870458022,35,2230.97383767476,35,-668.885861420897,35,3021.61405043079
55,8,40,229.755003297423,40,2518.25635112234,40,-762.423059568291,40,2865.71904361037
55,8,45,182.803575330591,45,2788.27458824002,45,-855.98426220004,45,2681.75041958234
55,8,50,125.633931511683,50,3038.21244687674,50,-943.353011673866,50,2469.20313278689
55,8,55,66.0557182923674,55,3265.27205078691,55,-1019.73688946311,55,2230.06684770607
55,8,60,10.0057483619468,60,3466.84303635145,60,-1082.51116441687,60,1968.38872755201
55,8,65,-40.0883303739852,65,3640.69005112908,65,-1131.26385331988,65,1689.18466820914
55,8,70,-85.5023338970054,70,3785.09350149123,70,-1167.21089779511,70,1397.27638197614
55,8,75,-130.129473098929,75,3898.90146174885,75,-1192.25287822216,75,1096.56441401153
55,8,80,-178.772113456566,80,3981.50071329295,80,-1208.00168475438,80,789.908642791359
55,8,85,-235.516819724381,85,4032.74741628777,85,-1215.04872734084,85,479.428313930367
55,8,90,-302.594922478142,90,4052.88410697723,90,-1212.64746995614,90,166.87660226415
60,8,0,22.8432971615373,0,-45.6174647395006,0,-334.075367569427,0,3056.87939579994
60,8,5,64.9878658212323,5,252.373872959167,5,-334.570893457701,5,3053.47770957804
60,8,10,109.620980423049,10,550.746729998179,10,-344.286612497438,10,3028.26477851728
60,8,15,155.801589676324,15,846.80270535979,15,-365.092212178603,15,2983.90278842656
60,8,20,199.600343079764,20,1138.22746486172,20,-399.456421522703,20,2923.64742710511
60,8,25,234.350975960479,25,1423.14056542956,25,-449.433676484709,25,2849.76996149174
60,8,30,252.567689137253,30,1699.98612259913,30,-515.424811408331,30,2762.28910334467
60,8,35,248.848596963951,35,1967.30173237986,35,-595.23757548294,35,2658.65630426871
60,8,40,222.418222479497,40,2223.41582621062,40,-683.94219275592,40,2534.65256152796
60,8,45,177.942731613871,45,2466.15945882133,45,-774.71635838254,45,2386.15347934959
60,8,50,124.022776689655,50,2692.72033786847,50,-860.426086731027,50,2210.93972751074
60,8,55,69.9686279764327,55,2899.75795990956,55,-935.33162109313,55,2009.695193989
60,8,60,22.3807130693961,60,3083.80078779488,60,-996.250150878474,60,1785.79637835647
60,8,65,-16.8894307981768,65,3241.7983498707,65,-1042.77959700886,65,1544.16205846533
60,8,70,-50.6557529561999,70,3371.60604436838,70,-1076.61547242974,70,1289.86982391022
60,8,75,-84.5918165895474,75,3472.21612759244,75,-1100.3302500522,75,1027.20482210598
60,8,80,-124.821047508857,80,3543.68820950414,80,-1116.09415820458,80,759.388441234579
60,8,85,-175.965710387331,85,3586.86609673981,85,-1124.73161958408,85,488.783427058531
60,8,90,-240.110756387019,90,3603.00501608236,90,-1125.34637225487,90,217.187491478589
65,8,0,18.2972055227338,0,-41.4642202236014,0,-292.062078774271,0,2669.26850723817
65,8,5,53.6173799300254,5,223.588749724412,5,-291.97706005017,5,2668.2496693452
65,8,10,93.3823075562819,10,488.302003590431,10,-298.06807112836,10,2645.44246621971
65,8,15,138.104748070372,15,749.739731840549,15,-312.138958147775,15,2604.38009690018
65,8,20,184.228198748799,20,1005.79304686948,20,-337.287690810384,20,2549.99548560684
65,8,25,224.186578431494,25,1255.27941013297,25,-376.875576959391,25,2486.51185573168
65,8,30,248.736357372609,30,1497.74869107665,30,-432.934876063321,30,2415.47416090337
65,8,35,250.7679918064,35,1733.02259077294,35,-504.669469121295,35,2334.84035213003
65,8,40,228.79195492571,40,1960.54603481177,40,-587.819108340318,40,2239.66612840738
65,8,45,188.156876023693,45,2178.73731607086,45,-675.3441958872,45,2124.14403365047
65,8,50,139.100195079703,50,2384.62415591934,50,-759.259447637915,50,1984.02785661603
65,8,55,92.4674716027466,55,2574.02261356495,55,-832.852002981881,55,1818.27669667019
65,8,60,55.2795893691237,60,2742.29527549461,60,-892.328960685783,60,1629.24579808846
65,8,65,28.3581478748988,65,2885.4154830595,65,-937.262055687429,65,1421.59749674198
65,8,70,6.92258714298172,70,3000.87923809688,70,-969.80368599513,70,1200.72729829957
65,8,75,-16.6245782167137,75,3088.09171672664,75,-993.159588243934,75,971.528615725287
65,8,80,-49.4693545165669,80,3148.14698995944,80,-1009.98222612647,80,737.855699962675
65,8,85,-96.204489203831,85,3183.19645619461,85,-1021.22513952051,85,502.516976148631
65,8,90,-158.144182821472,90,3195.68717063198,90,-1025.75008630243,90,267.416948087539
70,8,0,14.8188261784616,0,-34.8541728722875,0,-233.786565827179,0,2335.33764896734
70,8,5,45.8084417653229,5,202.528762006408,5,-233.680768871673,5,2336.66290977939
70,8,10,82.9581692303068,10,438.433351120961,10,-237.270686139438,10,2315.63270427277
70,8,15,128.118893752089,15,669.615947832695,15,-245.966557764382,15,2276.40350816896
70,8,20,178.072344297508,20,894.181560951342,20,-263.102357494899,20,2225.47010576247
70,8,25,224.37543686432,25,1111.73340800187,25,-293.043188618513,25,2169.13472493008
70,8,30,256.086670151923,30,1323.07212997936,30,-339.344291170297,30,2110.82712509877
70,8,35,264.498974924116,35,1529.45158263917,35,-402.702230677286,35,2049.46331395555
70,8,40,247.591078388716,40,1731.50797052788,40,-479.75365039772,40,1979.72390681815
70,8,45,211.615602553409,45,1928.18728120667,45,-563.492672931193,45,1894.22296851165
70,8,50,168.591716785861,50,2116.16426008387,50,-645.274719019007,50,1786.52637242134
70,8,55,130.83078865892,55,2290.16674644061,55,-717.516675955837,55,1653.54767567994
70,8,60,105.447691611614,60,2444.22331473495,60,-775.84070491222,60,1496.30772233144
70,8,65,91.7748779397988,65,2573.34203529089,65,-819.762481180729,65,1319.04756568912
70,8,70,82.7140118635358,70,2674.8619805174,70,-851.81911078526,70,1127.51411007085
70,8,75,68.7133606045903,75,2748.90834539044,75,-875.739915769074,75,927.388071045978
70,8,80,41.8683211980567,80,2797.88618454001,80,-894.525854108566,80,723.364883694277
70,8,85,-1.79988632833873,85,2825.39141356343,85,-909.134907992598,85,518.823123196329
70,8,90,-62.2520253747385,90,2835.02556078953,90,-918.116446890936,90,315.764047687572
75,8,0,11.8421761471917,0,-27.4182717595744,0,-161.765543145419,0,2048.46729423173
75,8,5,41.5566749136866,5,187.235364845097,5,-161.885330897402,5,2052.13889688856
75,8,10,78.8177821476165,10,399.039539954833,10,-163.942235119953,10,2032.76536165582
75,8,15,126.535263424077,15,604.409892486225,15,-168.746730087221,15,1994.77984065633
75,8,20,181.709710485618,20,801.669280232677,20,-179.498639345662,20,1945.91462220108
75,8,25,235.07813611169,25,991.244221717312,25,-201.158376911585,25,1894.41822096692
75,8,30,274.201983749472,30,1175.2371252111,30,-238.503210167926,30,1845.73917075639
75,8,35,289.062317924391,35,1356.35755181838,35,-293.632396546147,35,1800.09286560498
75,8,40,277.40013184551,40,1536.38373867667,40,-364.215733125275,40,1752.17404547647
75,8,45,246.58070732886,45,1714.65254835964,45,-443.568664325354,45,1693.28423078831
75,8,50,210.435735552502,50,1887.30569616378,50,-522.703670164873,50,1614.85142252642
75,8,55,182.553738353068,55,2047.85415493228,55,-593.402121355626,55,1511.60407231383
75,8,60,169.794859148677,60,2189.00825349086,60,-650.797543808435,60,1383.01574193164
75,8,65,169.650632841393,65,2304.99865198883,65,-694.309050045261,65,1232.75005296057
75,8,70,172.529844257524,70,2393.30086722127,70,-726.719920271973,70,1066.87415176734
75,8,75,167.029718475111,75,2455.02786987248,75,-752.098892265324,75,891.926256179351
75,8,80,144.877643369777,80,2494.01244568271,80,-773.619792749908,80,713.528950443601
75,8,85,103.168103231962,85,2515.20666863653,85,-792.12867079124,85,535.651373896825
75,8,90,43.6901621011917,90,2523.11250639283,90,-805.842281324478,90,360.326792159571
80,8,0,8.71208481678539,0,-20.3007793300872,0,-78.4520887894306,0,1801.01067475136
80,8,5,40.4969167083516,5,175.947346084615,5,-78.7362356907165,5,1806.89967641505
80,8,10,80.8578890751596,10,367.936417700391,10,-79.9182606577472,10,1789.31716139012
80,8,15,133.36052191219,15,551.749070929504,15,-82.1745322998522,15,1752.63642605268
80,8,20,195.03413837978,20,725.923080743171,20,-88.2999027492396,20,1705.3894533269
80,8,25,255.882745530674,25,891.688122158785,25,-103.408987904601,25,1657.41234372
80,8,30,302.296599431995,30,1052.39474615593,30,-133.054460557415,30,1616.04063691008
80,8,35,323.374391314789,35,1212.10091358389,35,-180.475533995781,35,1582.93366279459
80,8,40,316.970796108466,40,1373.5638321238,40,-244.408071884879,40,1553.14936563108
80,8,45,291.691281949256,45,1536.33173159149,45,-318.787419699139,45,1517.07544835553
80,8,50,263.047296185715,50,1695.89684395412,50,-394.694895200808,50,1464.29395987153
80,8,55,245.604471787032,55,1844.58149254443,55,-463.615416059548,55,1387.45310199253
80,8,60,245.671822015647,60,1973.97854233916,60,-520.337363335376,60,1284.41958592781
80,8,65,258.760647101561,65,2077.85569555356,65,-564.115427461493,65,1158.14350005172
80,8,70,272.860798082461,70,2154.12546119952,70,-597.770134406024,70,1014.88267899073
80,8,75,274.949728121669,75,2205.03975274349,75,-625.463182803779,75,861.938946845421
80,8,80,256.659191126053,80,2235.78336502968,80,-650.349373951192,80,705.783356474817
80,8,85,216.367593959439,85,2252.37678602231,85,-673.083659471732,85,550.887454160087
80,8,90,157.716247767299,90,2259.82022050962,90,-691.599397668134,90,399.232305360291
85,8,0,4.86803772143625,0,-14.1037362274946,0,14.0125414440704,0,1584.99704146418
85,8,5,42.120349717381,5,167.244338143158,5,13.8256340933676,5,1592.72097186262
85,8,10,88.6278134606277,10,343.063296874501,10,13.1732647367952,10,1577.07313454093
85,8,15,148.128859188058,15,509.155273318657,15,12.3908610752243,15,1542.13581964378
85,8,20,217.445825674238,20,664.262631072819,20,9.23231520524592,20,1496.79006383592
85,8,25,285.968971179345,25,810.335782753858,25,-1.1635142444745,25,1451.93662566453
85,8,30,339.347091406341,30,951.812010647591,30,-24.6123332516859,30,1416.40096249916
85,8,35,366.326803038478,35,1093.86857121366,35,-65.1182092889212,35,1393.18303265987
85,8,40,365.229513764307,40,1239.99561407999,40,-122.429316774937,40,1377.94483819607
85,8,45,345.898993211431,45,1389.78011989764,45,-191.38146133823,45,1360.64436641511
85,8,50,325.21449290418,50,1538.0586278861,50,-263.57631106278,50,1329.54395245054
85,8,55,318.337768574807,55,1676.16222326111,55,-330.590000247908,55,1275.58500188547
85,8,60,330.846229960183,60,1794.9101238846,60,-387.020439363408,60,1195.15046470292
85,8,65,356.404792198544,65,1887.96106602925,65,-431.853007180907,65,1090.37013328413
85,8,70,380.928500980004,70,1953.87807418024,70,-467.679046984874,70,967.447254292357
85,8,75,390.103078143798,75,1996.03166302696,75,-498.471185008771,75,834.16067584328
85,8,80,375.592475722977,80,2020.70365517948,80,-527.18684325905,80,697.571567514526
85,8,85,336.952528872191,85,2034.57336678244,85,-554.269847933209,85,562.471386687225
85,8,90,279.441891178658,90,2042.6979458468,90,-577.494967610117,90,430.724021010008
90,8,0,-0.0208962078390162,0,-8.98726315361334,0,113.865987690397,0,1392.47317477697
90,8,5,45.9405009575531,5,160.035963959897,5,114.067601319858,5,1401.36697452376
90,8,10,101.496922974824,10,322.546783424218,10,113.794750758661,10,1387.66336440419
90,8,15,170.044056438807,15,474.169222330275,15,113.685305619469,15,1355.07207885748
90,8,20,247.95220787318,20,613.833664299036,20,112.075690728408,20,1312.42732790157
90,8,25,324.1581381526,25,744.064627332528,25,104.679534673072,25,1271.07638757557
90,8,30,384.075343168896,30,870.120570557008,30,85.8973338928417,30,1240.71834575124
90,8,35,416.677250086528,35,997.967896355137,35,51.3558118238403,35,1225.34911883301
90,8,40,421.058778731399,40,1131.54184367788,40,0.398295126011564,40,1221.33435327913
90,8,45,408.156149785231,45,1270.35010427726,45,-62.9423646174818,45,1218.71708243875
90,8,50,395.751534897291,50,1408.7039396248,50,-131.205970574993,50,1205.14963099333
90,8,55,399.186937083797,55,1537.2898331903,55,-196.424614294919,55,1170.47989915436
90,8,60,423.274948371359,60,1646.57122574521,60,-253.134048495621,60,1109.90819047249
90,8,65,460.234927104852,65,1730.39975421019,65,-299.911190965207,65,1024.67562680557
90,8,70,494.482040939941,70,1788.0436271083,70,-338.823607110742,70,920.581784304695
90,8,75,510.788453854819,75,1823.78357253242,75,-373.373392009896,75,805.41597755585
90,8,80,500.807477536203,80,1844.6135416842,80,-406.183099078733,80,686.409887820308
90,8,85,464.854926681755,85,1857.43824556747,85,-437.534760571047,85,568.424473458454
90,8,90,409.264776992785,90,1867.00293469255,90,-465.237566188223,90,453.187660410534
95,8,0,-5.97228361001841,0,-4.84211086055868,0,219.48079530986,0,1215.689823168
95,8,5,51.5757456089856,5,153.483509914201,5,220.217304786147,5,1224.88303363455
95,8,10,118.714044481526,10,304.706616593318,10,220.207653029109,10,1212.99282489477
95,8,15,198.000259863927,15,444.426560757111,15,220.185302415828,15,1183.40411238405
95,8,20,285.143679784805,20,571.741280128056,20,219.031414424427,20,1144.58288743553
95,8,25,368.838199684214,25,689.543528905765,25,213.230489891979,25,1107.67497017668
95,8,30,434.807322190518,30,803.558935446729,30,197.750828896292,30,1082.5060574237
95,8,35,472.818867873167,35,920.143852211766,35,168.172632574929,35,1073.55052506754
95,8,40,482.966044847988,40,1043.38968222043,40,123.046103029676,40,1077.84689500794
95,8,45,477.007751744276,45,1172.68924144591,45,65.1240408820091,45,1086.01458923799
95,8,50,473.072348028972,50,1302.08759769413,50,0.619265592907738,50,1085.89787539306
95,8,55,486.280053542005,55,1422.07226231737,55,-63.2296439997586,55,1067.02059036178
95,8,60,520.780892141996,60,1523.16869704947,60,-120.971030031799,60,1023.83812030988
95,8,65,567.942570195725,65,1599.60739394864,65,-170.617550799864,65,956.682814398527
95,8,70,611.397045485268,70,1651.23439184192,70,-213.431659531272,70,870.544852884849
95,8,75,635.385676611723,75,1682.87225397342,75,-252.202698041299,75,772.638536709915
95,8,80,631.364459410343,80,1701.78065982233,80,-289.140559664142,80,669.839386861709
95,8,85,599.764668108807,85,1714.7183910205,85,-324.480005842738,85,566.793017838447
95,8,90,547.243671332882,90,1725.90200043646,90,-356.306096782301,90,465.124059537316
100,8,0,-12.6637958473204,0,-1.47726609980117,0,328.802871875991,0,1047.41017914147
100,8,5,58.742031088587,5,146.915788871397,5,329.96128847123,5,1055.98995414251
100,8,10,139.360708502851,10,288.06603747453,10,330.01397393908,10,1045.74274524064
100,8,15,230.49797935788,15,417.741959045428,15,329.655016476889,15,1019.83601998756
100,8,20,327.077544682256,20,535.186867877407,20,328.233925442679,20,986.104456886087
100,8,25,417.814705027866,25,643.413931651799,25,323.054007350686,25,954.876102096768
100,8,30,489.279863951221,30,748.207780032159,30,309.811872031452,30,935.343384718323
100,8,35,532.528907801762,35,855.890217857911,35,284.228165383952,35,931.882616592619
100,8,40,548.773310783872,40,970.4511802156,40,244.164155072798,40,942.089776530358
100,8,45,550.244012232621,45,1091.21253950388,45,191.054452946673,45,957.579126661556
100,8,50,554.842468011095,50,1212.29451835322,50,129.720412117754,50,967.162778876295
100,8,55,577.115352655852,55,1324.45905420726,55,66.5351667527962,55,960.840977045427
100,8,60,620.736127000434,60,1418.6521897502,60,6.9240695987467,60,932.826997458111
100,8,65,676.887257238929,65,1489.53808925236,65,-46.4199990871337,65,882.582287090372
100,8,70,729.16297713671,70,1537.26705459665,70,-93.7331125735623,70,813.902793801407
100,8,75,761.632396872522,75,1566.74273580219,75,-136.923297205828,75,732.828076105474
100,8,80,765.302570149248,80,1585.05233463204,80,-177.775945602239,80,645.330594279708
100,8,85,739.996164596581,85,1598.5498590872,85,-216.638511529714,85,555.559812645961
100,8,90,691.87751237541,90,1610.88418467322,90,-252.130269246184,90,465.103259024703
105,8,0,-19.4837975691562,0,1.21648012527967,0,438.632045607262,0,881.5885708198
105,8,5,67.1636036190674,5,139.766935972896,5,439.833833205886,5,888.799067343637
105,8,10,162.237142146571,10,271.383278630846,10,439.644725531573,10,880.116510148471
105,8,15,265.521161953415,15,392.209339102812,15,438.679101450225,15,858.574164239723
105,8,20,371.153895662295,20,501.610534419202,20,436.653218389774,20,831.146621331967
105,8,25,468.18128805685,25,602.462159176839,25,431.587640587983,25,806.821006473546
105,8,30,544.496199966052,30,700.199284824364,30,419.865128673803,30,793.509033042465
105,8,35,592.805959464213,35,800.711951528156,35,397.387491799565,35,794.979877046226
105,8,40,615.444460340474,40,907.682422213453,40,361.421686624546,40,809.24591402385
105,8,45,624.730922648759,45,1020.45305436644,45,312.173112961842,45,829.219565117709
105,8,50,637.81520165168,50,1133.56892724501,50,253.114565121224,50,845.308363832108
105,8,55,668.382313502511,55,1238.49173077808,55,189.764414816244,55,848.681525469045
105,8,60,719.823949052077,60,1326.8559323173,60,127.552783008149,60,833.792148997599
105,8,65,783.744869727124,65,1393.71803652309,65,69.9650861099553,65,799.333207491109
105,8,70,844.371070226711,70,1439.19774119413,70,17.9086305191949,70,747.633791676437
105,8,75,885.930553003623,75,1467.81833909323,75,-29.5730256444139,75,683.073945976724
105,8,80,898.778826215486,80,1486.1214271494,80,-73.8870047062822,80,610.263397622905
105,8,85,881.506807753428,85,1499.91553271091,85,-115.664093251622,85,532.62071470958
105,8,90,839.069582332592,90,1512.38779206175,90,-154.28985887866,90,451.761991029691
110,8,0,-25.6770216065661,0,3.1656702533503,0,544.064678749388,0,714.522017300535
110,8,5,76.4216230930898,5,131.539798322731,5,544.781251907498,5,719.933537982318
110,8,10,185.735844533553,10,253.676296469899,10,544.027068012496,10,712.905195813477
110,8,15,300.454135276697,15,366.27057387646,15,542.365650769796,15,696.335709161453
110,8,20,414.073051194094,20,468.784746554261,20,539.75184952085,20,676.139843887954
110,8,25,516.299858762885,25,563.728427837997,25,534.70081163624,25,659.594621576026
110,8,30,596.714177342113,30,655.842103656723,30,524.083486834451,30,652.901385044332
110,8,35,649.867420800701,35,750.266766119421,35,503.92068185418,35,658.882917666295
110,8,40,679.10309715927,40,850.230538400103,40,470.992002660808,40,675.850263609658
110,8,45,696.44789123301,45,955.188817306267,45,424.486452231379,45,698.171394365477
110,8,50,717.859806799551,50,1060.3923819072,50,366.737233303331,50,718.230855601279
110,8,55,755.927778635263,55,1158.31939015353,55,302.534906708859,55,728.834119737758
110,8,60,813.892612164045,60,1241.46851579317,60,237.353326903703,60,725.056452226902
110,8,65,884.226788912467,65,1305.21866960515,65,175.463222877638,65,704.989383812199
110,8,70,952.312478458127,70,1349.36888567395,70,118.895321371768,70,669.414635624645
110,8,75,1002.86043300979,75,1377.69251628439,75,67.6063754612331,75,620.804125273644
110,8,80,1025.53833723966,80,1395.91324954346,80,20.4840490384712,80,562.136990349458
110,8,85,1017.3518817442,85,1409.2389878608,85,-23.5212660436327,85,495.952909473043
110,8,90,981.578096376474,90,1420.56758654085,90,-64.7152572957859,90,423.92471606403
115,8,0,-30.5699114283443,0,4.11612656284208,0,638.505251089603,0,546.318546977313
115,8,5,85.7805582969119,5,121.788962217669,5,638.261994318608,5,549.902148707287
115,8,10,207.756471910942,10,234.193606680814,10,636.736918996898,10,544.747881273885
115,8,15,332.092822610798,15,338.679576167118,15,634.488693095178,15,533.525131457085
115,8,20,451.919881232387,20,434.777224711476,20,631.557876262469,20,520.940882005037
115,8,25,557.92110804565,25,524.472507518459,25,626.671641380822,25,512.396102917527
115,8,30,641.57722116217,30,611.58607545659,30,616.928281671192,30,512.229294361397
115,8,35,699.287585844168,35,700.312650186634,35,598.380793201878,35,522.1975332598
115,8,40,735.182924149856,40,793.339692968019,40,567.468367309551,40,540.839929967249
115,8,45,760.637283939329,45,890.290130568967,45,522.672527526058,45,563.978927519631
115,8,50,790.066495948789,50,987.279852517495,50,465.50199074275,50,586.065077480426
115,8,55,834.761661854768,55,1077.98263368592,55,400.200483322569,55,601.719195917559
115,8,60,897.83578280207,60,1155.86587972458,60,332.285462212331,60,606.871587866166
115,8,65,972.866246886493,65,1216.6020852942,65,266.682820548532,65,599.234912912919
115,8,70,1046.75110658594,70,1259.5142173225,70,206.378055231292,70,578.196394327382
115,8,75,1105.02995931284,75,1287.41588987701,75,152.101505264193,75,544.381447342274
115,8,80,1136.89339468904,80,1305.053800067,80,102.944474990306,80,499.132308920668
115,8,85,1137.78495617897,85,1317.0142177604,85,57.3857548332777,85,444.077979351365
115,8,90,1109.17293926223,90,1326.04959255663,90,14.1753315446504,90,380.914345226615
120,8,0,-33.8045045664095,0,3.75668044125037,0,714.583489439628,0,382.206084148533
120,8,5,94.0592346598949,5,110.118946044767,5,713.175033986935,5,384.276638377633
120,8,10,225.707373555929,10,212.306703577152,10,710.900348262034,10,381.194765730406
120,8,15,356.762351286149,15,308.326284980411,15,708.329223526374,15,375.249297587378
120,8,20,480.351313704178,20,397.746479200958,20,705.43124495323,20,369.881430122393
120,8,25,588.388244578435,25,481.966241377596,25,700.887555950257,25,368.672716434484
120,8,30,674.297870419103,30,563.810973969946,30,691.809134587137,30,374.220330359689
120,8,35,736.148807857743,35,646.468852644321,35,674.250261096476,35,387.304073761726
120,8,40,778.54352856307,40,732.05725473749,40,644.511761284177,40,406.664588622659
120,8,45,811.869573401268,45,820.36885566703,45,600.722376803703,45,429.432218037465
120,8,50,848.729813810353,50,908.412923907719,50,543.904528393659,50,451.939573698759
120,8,55,898.936240516263,55,991.107809200065,55,477.915813741825,55,470.523916509015
120,8,60,965.391779752004,60,1062.95029411273,60,408.238012058893,60,482.046390273421
120,8,65,1042.8267744939,65,1119.95921786126,65,340.194454808976,65,484.09941985911
120,8,70,1119.87393910074,70,1161.00074318985,70,277.425427862234,70,475.044727769047
120,8,75,1183.28676255236,75,1187.90200267155,75,221.220686865798,75,454.027953226577
120,8,80,1222.24472361846,80,1204.37916222349,80,170.807382354701,80,421.015108731823
120,8,85,1231.03400357043,85,1214.36521949256,85,124.256985838889,85,376.815524297862
120,8,90,1209.52650095703,90,1220.50749169649,90,79.5140966314884,90,323.053336015269
125,8,0,-35.4679728021345,0,1.92995212016902,0,766.022437087587,0,232.951552593876
125,8,5,99.6313494702815,5,96.199615681017,5,763.6410102072,5,233.991459876202
125,8,10,236.632411095223,10,187.361581783647,10,760.878428916152,10,232.952609683217
125,8,15,370.526650463747,15,273.987929058922,15,758.283212006958,15,231.600524968788
125,8,20,494.823913726738,20,355.660571087894,20,755.633185286829,20,232.170569831043
125,8,25,602.821700403698,25,433.224589341851,25,751.411668521565,25,236.678174364411
125,8,30,689.760823904829,30,508.578850049498,30,742.659834956094,30,246.309394286195
125,8,35,755.048137015203,35,583.971923974035,35,725.507347267654,35,261.099208697987
125,8,40,803.378892813102,40,660.976257143581,40,696.363141799357,40,279.98776313696
125,8,45,843.854615907265,45,739.519309886007,45,653.340791447192,45,301.162529219691
125,8,50,887.069624634003,50,817.432445103721,50,597.25623825818,50,322.463336690404
125,8,55,941.208715506978,55,890.830734281716,55,531.66159086699,55,341.645544107299
125,8,60,1008.82536456757,60,955.273979885796,60,461.830816664154,60,356.452838768004
125,8,65,1085.72909026719,65,1007.25397091328,65,393.12897360893,65,364.622268702392
125,8,70,1162.40815590167,70,1045.34891441299,70,329.469132650471,70,363.996456217429
125,8,75,1227.23589967708,75,1070.52830456242,75,272.45445120297,75,352.820249032403
125,8,80,1270.02141800544,80,1085.50932630922,80,221.426070108732,80,330.141287123633
125,8,85,1284.57223995007,85,1093.51289104237,85,174.23401107428,85,296.140357960009
125,8,90,1269.63268587807,90,1096.99451448613,90,128.315417216909,90,252.243227264208
130,8,0,-36.0222081106192,0,-1.169827361655,0,790.018625296259,0,113.659179072264
130,8,5,100.624430111177,5,79.8056212958052,5,787.218705385479,5,114.089285600805
130,8,10,237.496695148032,10,158.595219668897,10,784.364273355196,10,114.67085758196
130,8,15,369.491157598809,15,234.190947343519,15,781.916965279054,15,116.572097281459
130,8,20,490.840677883795,20,306.176071218593,20,779.41729164738,20,120.997284372911
130,8,25,596.255238210948,25,374.95098100876,25,775.150400855798,25,128.775287588436
130,8,30,682.520578000441,30,441.663730879366,30,766.165935630011,30,140.113631953101
130,8,35,749.953135828973,35,507.786176190838,35,748.844332773856,35,154.590871202983
130,8,40,802.946493544485,40,574.422265900053,40,719.95555535367,40,171.348344164225
130,8,45,849.075911538845,45,641.594196175363,45,677.860004122708,45,189.338365993682
130,8,50,896.823092523601,50,707.836342167569,50,623.335207075831,50,207.461084379985
130,8,55,952.668805435943,55,770.354663283242,55,559.607515853057,55,224.509206133927
130,8,60,1018.6929226901,60,825.774894174048,60,491.504466082598,60,238.992189535903
130,8,65,1091.66790805636,65,871.209751000599,65,424.04417079634,65,249.024943468969
130,8,70,1163.99150763419,70,905.189809169101,70,361.022728654974,70,252.454260902061
130,8,75,1226.02135674392,75,928.04582632283,75,304.128129038212,75,247.260394556368
130,8,80,1268.85763589718,80,941.588507374696,80,252.844309094737,80,232.101310505162
130,8,85,1286.59026619679,85,948.259965148274,85,205.071811790337,85,206.77310795215
130,8,90,1277.40993391859,90,950.14997954154,90,158.143930385766,90,172.392987415537
135,8,0,-36.0322165922503,0,-4.94142325980288,0,789.197735627098,0,40.6277365050222
135,8,5,95.3212556744906,5,60.8829059790505,5,786.687228447615,5,40.6236595739882
135,8,10,225.648378158196,10,125.240347472441,10,784.082250092478,10,41.9699691603489
135,8,15,350.246738786577,15,187.398514991799,15,781.693430154898,15,45.2628437158191
135,8,20,464.314113351236,20,246.952613244472,20,778.867404809617,20,50.9285381451209
135,8,25,563.884059597434,25,304.010055808338,25,773.827062533899,25,59.0227157319328
135,8,30,646.929545511662,30,359.197439371151,30,763.827993257609,30,69.1987113531537
135,8,35,714.228022068045,35,413.425628212211,35,745.722700262041,35,80.843431208006
135,8,40,769.52868717162,40,467.448105694131,40,716.848591925785,40,93.2942751076567
135,8,45,818.743667038098,45,521.363663026963,45,675.963335087507,45,106.000884261149
135,8,50,868.262797224446,50,574.286196100734,50,623.854780463339,50,118.519869815726
135,8,55,922.901622252517,55,624.374395993666,55,563.330871060702,55,130.329139109493
135,8,60,984.218860991114,60,669.271601431282,60,498.532260909475,60,140.570578675969
135,8,65,1049.84417623095,65,706.810086480265,65,433.795405461912,65,147.899272648414
135,8,70,1114.06963890493,70,735.689706983684,70,372.482616664614,70,150.582610287722
135,8,75,1169.46664841556,75,755.835811358167,75,316.197288797548,75,146.866498114544
135,8,80,1208.92924653239,80,768.286043358932,80,264.628469296988,80,135.480870599374
135,8,85,1227.46210338339,85,774.673106298662,85,216.014764180527,85,116.07697293698
135,8,90,1223.21799650685,90,776.54483210793,90,168.000200611163,90,89.4161560907251
140,8,0,-35.8236842354843,0,-8.54472589616496,0,772.005784939513,0,26.7514400658244
140,8,5,82.6692250309383,5,39.6298272269031,5,770.342225871315,5,26.1886990304757
140,8,10,199.427509106355,10,86.8633470694401,10,768.080999813918,10,27.1310520785756
140,8,15,310.523527985297,15,132.605024758113,15,765.35176350559,15,29.7199431629298
140,8,20,412.237198162089,20,176.498517195959,20,761.416340985498,20,33.8820594675129
140,8,25,501.753732857196,25,218.517576207923,25,754.636683590932,25,39.2667500520101
140,8,30,577.866828234148,30,258.997727747225,30,742.698656703536,30,45.3115654797111
140,8,35,641.435924911626,35,298.51179361405,35,723.112412085369,35,51.4068044399014
140,8,40,695.348868784792,40,337.600719672835,40,693.896438841586,40,57.0758475963064
140,8,45,743.868987303133,45,376.447782032133,45,654.242521206452,45,62.0703574564683
140,8,50,791.468065414999,50,414.635205897052,50,604.915570875754,50,66.3150719094537
140,8,55,841.472677099847,55,451.111709085407,55,548.205396775348,55,69.7153793205237
140,8,60,894.969661516689,60,484.418986245189,60,487.403984054643,60,71.9233120902719
140,8,65,950.357336941636,65,513.106674718265,65,425.966109833848,65,72.1959758622021
140,8,70,1003.70718997508,70,536.169234827054,70,366.637884599083,70,69.4471797237436
140,8,75,1049.81186616438,75,553.319061600015,75,310.848637601005,75,62.5012800938621
140,8,80,1083.56478190137,80,564.982365848963,80,258.554982114802,80,50.4564912211586
140,8,85,1101.23428775254,85,572.031399872544,85,208.553956099582,85,33.0081964946857
140,8,90,1101.27508707031,90,575.382525833767,90,159.119390508851,90,10.5999076901478
145,8,0,-35.2788647922947,0,-11.2520999680549,0,750.770253868955,0,76.8485104231727
145,8,5,62.7226005244472,5,16.5590041462682,5,750.103046692762,5,75.3986320139261
145,8,10,158.815360461793,10,43.8227606959715,10,747.924576930493,10,74.7041356536608
145,8,15,250.048933656444,15,70.1454014659552,15,744.202234492227,15,74.6243302731229
145,8,20,333.780029808329,20,95.2752361160475,20,738.239484081327,20,74.842883258906
145,8,25,408.140351479361,25,119.190829677258,25,728.713489410127,25,74.8806725705324
145,8,30,472.44492393484,30,142.127678244818,30,713.894491001316,30,74.1858152332365
145,8,35,527.400430793433,35,164.510111777595,35,692.032082538673,35,72.2706511184458
145,8,40,574.994870263169,40,186.792263615563,40,661.827958066244,40,68.8371094466963
145,8,45,618.030883172774,45,209.256429094759,45,622.860914586199,45,63.8290131274076
145,8,50,659.384930573045,50,231.847370759502,50,575.818130882475,50,57.3782545242697
145,8,55,701.187228173728,55,254.117958210526,55,522.433239269982,55,49.6613067616828
145,8,60,744.171127814597,60,275.320407823577,60,465.126174384454,60,40.729642532615
145,8,65,787.404191010687,65,294.61432600714,65,406.446535778885,65,30.3966859578894
145,8,70,828.494234223006,70,311.308331383827,70,348.496092116286,70,18.2420971006281
145,8,75,864.207422921731,75,325.035124862175,75,292.514772176454,75,3.74038562018236
145,8,80,891.303616992659,80,335.790685090005,80,238.754405347164,80,-13.537984134155
145,8,85,907.335416416456,85,343.831603424517,85,186.661408816924,85,-33.7385440842335
145,8,90,911.187158828965,90,349.488185433673,90,135.285284089161,90,-56.625495563118
150,8,0,-33.9258366333209,0,-12.814454420142,0,737.642554615179,0,184.773262285086
150,8,5,36.8400074865385,5,-7.50381860763401,5,737.634917232722,5,182.096731302366
150,8,10,105.939948181766,10,-2.40215925428694,10,734.957124658395,10,178.765828084838
150,8,15,171.427174964962,15,2.28221339580638,15,729.474020452136,15,174.536741955657
150,8,20,231.631804251379,20,6.46103836966105,20,720.628781251356,20,169.054678074889
150,8,25,285.437066879953,25,10.2159340319356,25,707.50132289373,25,161.896619246688
150,8,30,332.490991716712,30,13.8106217606946,30,688.976853018151,30,152.650975062959
150,8,35,373.283988342333,35,17.6490340610027,35,664.001385866814,35,141.012749796079
150,8,40,409.044014923713,40,22.1818980515093,40,631.868219101922,40,126.861017551039
150,8,45,441.446391987001,45,27.7865060440217,45,592.45767634937,45,110.28735190398
150,8,50,472.193090020293,50,34.6593079505697,50,546.354030150357,50,91.5606136023741
150,8,55,502.565916709527,55,42.7601823590783,55,494.79314761647,55,71.0390023206396
150,8,60,533.078188234407,60,51.8289787167873,60,439.445047534418,60,49.0630683544197
150,8,65,563.32831124685,65,61.4662157773731,65,382.089788847458,65,25.8721114351969
150,8,70,592.100474012432,70,71.2438433986046,70,324.281979136749,70,1.57599671234106
150,8,75,617.682083004016,75,80.8014012392205,75,267.103598466909,75,-23.8106262996684
150,8,80,638.301828052091,80,89.8929704839278,80,211.07449818121,80,-50.2922844683927
150,8,85,652.559358675003,85,98.3757204650912,85,156.236405646338,85,-77.8120486886639
150,8,90,659.727267522039,90,106.158561698886,90,102.369693666153,90,-106.201634841266
155,8,0,-31.2955760716191,0,-13.6287913687346,0,739.826802627623,0,333.755651294004
155,8,5,7.55376608975715,5,-31.5051711907274,5,739.806217835562,5,329.691821255478
155,8,10,45.2291839870825,10,-49.2548330539596,10,735.909676383195,10,323.208981668513
155,8,15,80.6761205534623,15,-66.8597469069801,15,727.97688765082,15,314.101439711889
155,8,20,113.033408204192,20,-84.206058167443,20,715.638665933268,20,302.113330606924
155,8,25,141.772066560631,25,-101.060731787165,25,698.367126182292,25,286.982838319159
155,8,30,166.789603327948,30,-117.071393904864,30,675.580745647311,30,268.499773282614
155,8,35,188.430352134633,35,-131.795374448977,35,646.78672839244,35,246.564229408263
155,8,40,207.415929084735,40,-144.755440181211,40,611.729447731448,40,221.230458263252
155,8,45,224.691487685552,45,-155.510433798019,45,570.507056836638,45,192.722283146666
155,8,50,241.217508608995,50,-163.7228983381,50,523.6225400389,50,161.414255768392
155,8,55,257.755441221198,55,-169.205794714248,55,471.951057731292,55,127.783607770771
155,8,60,274.701252489825,60,-171.937137045278,60,416.628581684469,60,92.3474853155875
155,8,65,292.010273624814,65,-172.042238773779,65,358.89018564459,65,55.6039210943734
155,8,70,309.231896584961,70,-169.753686518436,70,299.901727753218,70,17.991792647645
155,8,75,325.641313587954,75,-165.364670534336,75,240.630251891384,75,-20.1237514007795
155,8,80,340.427946468144,80,-159.189813404906,80,181.785378090614,80,-58.4440549539189
155,8,85,352.885553863354,85,-151.540507461615,85,123.840764834725,85,-96.7184149837395
155,8,90,362.551652504562,90,-142.713037284999,90,67.1195412006738,90,-134.725533186536
160,8,0,-27.3287007318739,0,-14.5784257599266,0,756.225946201654,0,500.109869437242
160,8,5,-21.8333792425165,5,-54.2978601935356,5,755.492069247413,5,494.775888207735
160,8,10,-16.9323210651138,10,-93.5562315237982,10,749.801113085714,10,485.233716370006
160,8,15,-12.976127891043,15,-132.096567342243,15,739.035063031556,15,471.391778056033
160,8,20,-10.2063409679843,20,-169.601572166597,20,723.013905325049,20,453.156837954253
160,8,25,-8.69978181729856,25,-205.68627839724,25,701.527647412183,25,430.465353170391
160,8,30,-8.33563482456009,30,-239.904040715327,30,674.389507921818,30,403.317929046424
160,8,35,-8.79529859153255,35,-271.76713912125,35,641.501110119684,35,371.810774373838
160,8,40,-9.59883267291194,40,-300.779971125151,40,602.916105680181,40,336.157515029893
160,8,45,-10.1735828983806,45,-326.47953031906,45,558.887359712109,45,296.696095431724
160,8,50,-9.9423808976436,50,-348.475734493505,50,509.885528527992,50,253.878589894736
160,8,55,-8.41306217075799,55,-366.484017036803,55,456.583260197532,55,208.24566757457
160,8,60,-5.24995390560573,60,-380.344558156835,60,399.80775463759,60,160.390920516091
160,8,65,-0.312198660617954,65,-390.025924816143,65,340.472547652797,65,110.922126908215
160,8,70,6.34764643481462,70,-395.614488935762,70,279.504558285751,70,60.4262676589842
160,8,75,14.5208208161717,75,-397.293579103649,75,217.782935226322,75,9.44308082920409
160,8,80,23.902271360356,80,-395.317208056809,80,156.101852592398,80,-41.5508727937974
160,8,85,34.1550391950007,85,-389.982532907901,85,95.1615775348629,85,-92.1480820688134
160,8,90,44.9613257482408,90,-381.603743364198,90,35.5834440596532,90,-142.007606229121
165,8,0,-22.5575172073877,0,-16.5900913275628,0,777.317196542545,0,658.879423998312
165,8,5,-47.7772319842006,5,-74.7321576056169,5,775.451422719666,5,652.647234198108
165,8,10,-73.0513245154827,10,-132.128947305458,10,767.808997418423,10,640.702756590029
165,8,15,-98.2358241969011,15,-188.319504268441,15,754.350335349818,15,623.074922686557
165,8,20,-123.140029753178,20,-242.820871287321,20,735.054555692123,20,599.826010240253
165,8,25,-147.512048100395,25,-295.129264911772,25,709.934959654558,25,571.066801794853
165,8,30,-171.033074639144,30,-344.727490865406,30,679.060055652663,30,536.971693355697
165,8,35,-193.322861799564,35,-391.098497528441,35,642.576712715028,35,497.791184709937
165,8,40,-213.956844971639,40,-433.743867376429,40,600.731058573285,40,453.859318723578
165,8,45,-232.493081571301,45,-472.205055320955,45,553.882714398648,45,405.59427728628
165,8,50,-248.505063788251,50,-506.084551588457,50,502.50898349822,50,353.49139801303
165,8,55,-261.615150788037,55,-535.06405031316,55,447.197505958151,55,298.109127716803
165,8,60,-271.523228546471,60,-558.917175725848,60,388.628204542369,60,240.049587829778
165,8,65,-278.026333762487,65,-577.515231273406,65,327.547473289176,65,179.936231531231
165,8,70,-281.027098516105,70,-590.825557597894,70,264.738918644077,70,118.391371613617
165,8,75,-280.531411418944,75,-598.903152226333,75,200.995185355711,75,56.016152018549
165,8,80,-276.637945161168,80,-601.877019334825,80,137.094455566945,80,-6.6250462123829
165,8,85,-269.523554410027,85,-599.933199061765,85,73.7834228854557,85,-69.0145425281981
165,8,90,-259.428669269074,90,-593.296599334028,90,11.7664861588555,90,-130.685202631004
170,8,0,-17.9279775775825,0,-20.1123971052297,0,788.68776460625,0,789.094460117356
170,8,5,-67.0123893443881,5,-91.6207452832442,5,785.710213987327,5,782.475296743704
170,8,10,-115.743218591022,10,-162.21565564714,10,776.521170908283,10,769.151110864273
170,8,15,-163.682173541519,15,-231.305676260496,15,761.156654201618,15,749.227120863293
170,8,20,-210.381861995445,20,-298.304733725114,20,739.705049284133,20,722.862202743976
170,8,25,-255.387330991196,25,-362.636995619439,25,712.311765387327,25,690.272122114976
170,8,30,-298.239947710533,30,-423.743503737281,30,679.184305596759,30,651.732159077912
170,8,35,-338.483928801331,35,-481.090386721409,35,640.596882636257,35,607.578379379215
170,8,40,-375.675425247774,40,-534.178179443792,40,596.893610924269,40,558.206908614249
170,8,45,-409.393648252988,45,-582.551546321253,45,548.489371381546,45,504.070774845244
170,8,50,-439.253162166931,50,-625.808567780095,50,495.867679376239,50,445.674172208109
170,8,55,-464.916248711272,55,-663.608730312926,55,439.575248155219,55,383.56432092416
170,8,60,-486.104209531891,60,-695.678867237608,60,380.213358388341,60,318.321406243548
170,8,65,-502.606626185693,65,-721.816513104839,65,318.426532753314,65,250.547321136008
170,8,70,-514.287898077476,70,-741.890424731468,70,254.889294409422,70,180.854078139198
170,8,75,-521.090755072513,75,-755.838340314579,75,190.291910259358,75,109.852776498114
170,8,80,-523.036803743793,80,-763.66234791866,80,125.325976555761,80,38.1439136495473
170,8,85,-520.224436026767,85,-765.422475496975,85,60.670530906382,85,-33.6903654422135
170,8,90,-512.824559659318,90,-761.229267880915,90,-3.02086280775109,90,-105.091750648573
175,8,0,-14.366676589368,0,-24.7759808791228,0,776.890795084665,0,876.73591594874
175,8,5,-77.0110560204707,5,-103.599596618535,5,773.196463078318,5,870.229156620073
175,8,10,-139.084645530716,10,-181.491839060014,10,763.347595121875,10,856.628338936016
175,8,15,-200.040589524092,15,-257.817351479436,15,747.421544887259,15,836.055146036159
175,8,20,-259.339923215524,20,-331.955467555226,20,725.552922006858,20,808.690233641469
175,8,25,-316.457071710821,25,-403.305814657978,25,697.933142444494,25,774.771741007577
175,8,30,-370.885530274459,30,-471.293875057809,30,664.809387212869,30,734.593228942804
175,8,35,-422.143671704556,35,-535.37642620683,35,626.482871737872,35,688.500991092962
175,8,40,-469.780587393432,40,-595.046754220828,40,583.306334523285,40,636.890704694706
175,8,45,-513.381831132212,45,-649.839515451771,45,535.680673881342,45,580.203417172465
175,8,50,-552.5749040466,50,-699.335113025018,50,484.050694237753,50,518.920901909481
175,8,55,-587.034299492236,55,-743.163460388933,55,428.899965942759,55,453.560455797585
175,8,60,-616.485921089242,60,-781.0070225044,60,370.744850303291,60,384.669247832846
175,8,65,-640.710696242951,65,-812.603055670103,65,310.127789731455,65,312.818357373145
175,8,70,-659.547230448123,70,-837.745005891213,70,247.610006702931,70,238.596658910498
175,8,75,-672.89338176585,75,-856.283068729837,75,183.7637907909,75,162.604714986655
175,8,80,-680.706676469927,80,-868.123955744819,80,119.16457797609,80,85.4488296297231
175,8,85,-683.003532123714,85,-873.229949099967,85,54.3830399033496,85,7.735392701539
175,8,90,-679.857299867734,90,-871.617352673637,90,-10.0225966942954,90,-69.9343862311643
180,8,0,-12.3614567689914,0,-29.4192933664901,0,735.102423822295,0,914.989460065988
180,8,5,-76.3828154377957,5,-109.053930071633,5,731.227765220016,5,908.943588563099
180,8,10,-139.822854759913,10,-187.858600520367,10,721.788021797017,10,895.980107516099
180,8,15,-202.19875772996,15,-265.233553587018,15,706.85503570062,15,876.197676843322
180,8,20,-263.035806062733,20,-340.589919158472,20,686.542455971801,20,849.746852787145
180,8,25,-321.870993086007,25,-413.354189791314,25,661.004873607367,25,816.828942090079
180,8,30,-378.256547500877,30,-482.972585449761,30,630.436645029125,30,777.694469928907
180,8,35,-431.763341191717,35,-548.915268106115,35,595.070412914159,35,732.641273266816
180,8,40,-481.984155150255,40,-610.68037412808,40,555.175335643576,40,682.01223413427
180,8,45,-528.53677865811,45,-667.797833764039,45,511.055038844713,45,626.192670089715
180,8,50,-571.066918141144,50,-719.832948657697,50,463.045304616772,50,565.607401720306
180,8,55,-609.250893557491,55,-766.389700165051,55,411.511516026298,55,500.717519500718
180,8,60,-642.798101798118,60,-807.113763295396,60,356.845876321418,60,432.016874616225
180,8,65,-671.453228351955,65,-841.695203338449,65,299.464424028299,65,360.028320456982
180,8,70,-694.99819040349,70,-869.870834654637,70,239.803866646762,70,285.299733388018
180,8,75,-713.253796574673,75,-891.426223676733,75,178.31825704251,75,208.399843079282
180,8,80,-726.081110679505,80,-906.197320878778,80,115.475537830657,80,129.913904129447
180,8,85,-733.382509112305,85,-914.071709292034,85,51.753980049876,85,50.4392419250265
180,8,90,-735.102423822294,90,-914.989460065988,90,-12.3614567689918,90,-29.4192933664904
185,8,0,11.7943386020061,0,32.4941658720699,0,-666.131172126845,0,-902.910204511477
185,8,5,65.1847055452985,5,106.329958892028,5,-662.489797174624,5,-897.42332261879
185,8,10,118.152506921043,10,179.469653637029,10,-654.314294118652,10,-885.655745323099
185,8,15,170.428733812716,15,251.42085896932,15,-641.633551063879,15,-867.683290882884
185,8,20,221.740108756856,20,321.697801159511,20,-624.485437759731,20,-843.617308119486
185,8,25,271.806305134686,25,389.82259339511,25,-602.919050779339,25,-813.604140545681
185,8,30,320.337885226903,30,455.326465086686,30,-576.997831078664,30,-777.824850081762
185,8,35,367.035168902772,35,517.751073854987,35,-546.803358243967,35,-736.495209456835
185,8,40,411.588192302593,40,576.650025204228,40,-512.439578622752,40,-689.865935339806
185,8,45,453.67785220635,45,631.590716411005,45,-474.037191274615,45,-638.223097058868
185,8,50,492.978260915784,50,682.156602292805,50,-431.757899153609,50,-581.88860120768
185,8,55,529.160263160132,55,727.949952055402,55,-385.798234903794,55,-521.220623136488
185,8,60,561.895996021157,60,768.595129721885,60,-336.392691424437,60,-456.613834758327
185,8,65,590.864310400287,65,803.742387705065,65,-283.815925624064,65,-388.499266487731
185,8,70,615.756822772157,70,833.072116550882,70,-228.383856627221,70,-317.34364128715
185,8,75,636.284332420594,75,856.29944705001,75,-170.453542889119,75,-243.648031888668
185,8,80,652.183324059536,80,873.179057589496,80,-110.421791096761,80,-167.945718516178
185,8,85,663.222279019041,85,883.51000380909,85,-48.722517964407,85,-90.799162898892
185,8,90,669.207538663162,90,887.140363131763,90,14.177051075081,90,-12.7960627570305
190,8,0,12.0829831329971,0,32.680270764641,0,-581.576319799814,0,-844.151778717358
190,8,5,45.0316219285817,5,94.3053435670518,5,-578.312707475328,5,-839.032267616095
190,8,10,77.8054398375189,10,155.306825129495,10,-571.746509295734,10,-828.632940746356
190,8,15,110.453793192072,15,215.376961221355,15,-561.851105822435,15,-813.039654479659
190,8,20,143.00368662852,20,274.219317372811,20,-548.56474853674,20,-792.347125192083
190,8,25,175.44659790939,25,331.543109283249,25,-531.797275664462,25,-766.656527122395
190,8,30,207.727281192113,30,387.057084442624,30,-511.439892603958,30,-736.075029001569
190,8,35,239.735365756672,35,440.463531767628,35,-487.377550977114,35,-700.717306194866
190,8,40,271.300445732975,40,491.452964126085,40,-459.503227306556,40,-660.708933531111
190,8,45,302.191147337774,45,539.699976526394,45,-427.73319204796,45,-616.191459193861
190,8,50,332.118373369048,50,584.860740679516,50,-392.022211471283,50,-567.328867916285
190,8,55,360.742589336047,55,626.572550942503,55,-352.377572899929,55,-514.315046380172
190,8,60,387.68467476497,60,664.455771843198,60,-308.870887560517,60,-457.381756366921
190,8,65,412.539564521909,65,698.118432944667,65,-261.646803741829,65,-396.806506387108
190,8,70,434.891689748357,70,727.163556533278,70,-210.928034361956,70,-332.919609550486
190,8,75,454.33112254144,75,751.199084438911,75,-157.016430012704,75,-266.109654308207
190,8,80,470.469339911422,80,769.8500075089,80,-100.290166510728,80,-196.826627429359
190,8,85,482.953639401455,85,782.772028148644,85,-41.1974222053387,85,-125.582038761551
190,8,90,491.479435857834,90,789.665848042403,90,19.7528389157,90,-52.9456110985634
195,8,0,12.5031690972019,0,29.4257990382744,0,-497.655167096908,0,-746.66659337181
195,8,5,18.8806295272682,5,73.1023005806218,5,-494.692055345379,5,-741.4787914273
195,8,10,25.3318649475562,10,116.119633021157,10,-489.531296707469,10,-732.30931266756
195,8,15,32.262739952276,15,158.443275905665,15,-482.105057799199,15,-719.292679776508
195,8,20,40.0418724979181,20,200.061559249803,20,-472.267580386043,20,-702.530016957702
195,8,25,48.9746427847929,25,240.967825152995,25,-459.803686366882,25,-682.084909876856
195,8,30,59.2794014218699,30,281.142816756231,30,-444.443343808121,30,-657.984121669343
195,8,35,71.0680760106122,35,320.538303948819,35,-425.882347639588,35,-630.222391196714
195,8,40,84.3334689219115,40,359.062473465903,40,-403.80829135556,40,-598.770552855942
195,8,45,98.9451267968801,45,396.567361701007,45,-377.930010943041,45,-563.586472940198
195,8,50,114.654754993372,50,432.83866952917,50,-348.007848600878,50,-524.62860313355
195,8,55,131.110924628079,55,467.588620021112,55,-313.881664505733,55,-481.872101165984
195,8,60,147.881563057562,60,500.452937580206,60,-275.493658515404,60,-435.327315650561
195,8,65,164.481730165443,65,530.993313603665,65,-232.903729386068,65,-385.059946895742
195,8,70,180.403674948446,70,558.706667289496,70,-186.296130937991,70,-331.211484894033
195,8,75,195.146202733831,75,583.041992340105,75,-135.97733684557,75,-274.017806801573
195,8,80,208.240874959801,80,603.424627779161,80,-82.3660580305321,80,-213.82334941134
195,8,85,219.273324362506,85,619.286580159566,85,-25.977103476406,85,-151.088275032621
195,8,90,227.898792217395,90,630.100334669097,90,32.5988257682934,90,-86.3866211492934
200,8,0,12.5038005190501,0,23.1598425223195,0,-429.567744381138,0,-622.96112726969
200,8,5,-9.52903315535832,5,44.5163314454529,5,-426.802415795264,5,-617.169583115154
200,8,10,-31.2984735641983,10,65.0893326541926,10,-422.525341782677,10,-608.901099792461
200,8,15,-52.0750026854626,15,85.1980106567459,15,-416.656664781491,15,-598.356609492637
200,8,20,-71.1690642711211,20,105.191547892558,20,-409.012485548451,20,-585.643353594156
200,8,25,-87.9707937897194,25,125.415022834723,25,-399.306836453059,25,-570.775041688031
200,8,30,-101.991297276042,30,146.180025382502,30,-387.163310089738,30,-553.68034083124
200,8,35,-112.899726005638,35,167.74055461643,35,-372.139561972723,35,-534.215964183048
200,8,40,-120.549041898039,40,190.272824417848,40,-353.765074338736,40,-512.181523346484
200,8,45,-124.98425592663,45,213.856751918406,45,-331.588914596312,45,-487.335115707227
200,8,50,-126.43002441211,50,238.45744703279,50,-305.231024702882,50,-459.410611457749
200,8,55,-125.258887670515,55,263.906817820148,55,-274.429008060777,55,-428.138958729993
200,8,60,-121.945664635403,60,289.887838890714,60,-239.073014732186,60,-393.275884427497
200,8,65,-117.016160263721,65,315.926162413359,65,-199.223912623795,65,-354.636904364392
200,8,70,-110.998616884643,70,341.394633587594,70,-155.113528443616,70,-312.13790187034
200,8,75,-104.384384422804,75,365.535297263736,75,-107.129144408341,75,-265.83652093198
200,8,80,-97.6010279644137,80,387.500650831738,80,-55.7866924630738,80,-215.967316477155
200,8,85,-90.9977940047922,85,406.411873678419,85,-1.69783786949004,85,-162.962938275082
200,8,90,-84.8410532385357,90,421.427671899257,90,54.4643500431849,90,-107.455037756129
205,8,0,11.8891868877244,0,15.0904379531607,0,-386.684402529645,0,-489.677479217776
205,8,5,-36.4269489704539,5,11.8060877966272,5,-384.190590054129,5,-482.85804403392
205,8,10,-84.372885110608,10,7.58499328908869,10,-380.307512872184,10,-475.076641679749
205,8,15,-130.983442383302,15,3.13257579843221,15,-374.96954122217,15,-466.592463619312
205,8,20,-175.3132288253,20,-0.821471713569391,20,-368.009489729662,20,-457.502587194363
205,8,25,-216.491906053425,25,-3.57301407796488,25,-359.139587581725,25,-447.754202140123
205,8,30,-253.794433294588,30,-4.47933343494805,30,-347.94616348413,30,-437.16810851421
205,8,35,-286.711304440284,35,-2.98235592049603,35,-333.910316680065,35,-425.46465904275
205,8,40,-314.998335156296,40,1.37484119524783,40,-316.459226334925,40,-412.285647600254
205,8,45,-338.687907780139,45,8.9301347497021,45,-295.041967274338,45,-397.210201638175
205,8,50,-358.053678354033,50,19.8762053309272,50,-269.214106733435,50,-379.76808240519
205,8,55,-373.534995528939,55,34.2240096430893,55,-238.711049526309,55,-359.457956124016
205,8,60,-385.640003618773,60,51.7607508908157,60,-203.492954181484,60,-335.779269483478
205,8,65,-394.852430859118,65,72.014024739886,65,-163.752800617863,65,-308.283323348114
205,8,70,-401.564130662719,70,94.237561491339,70,-119.890092791454,70,-276.642484245496
205,8,75,-406.045169088294,75,117.432555695938,75,-72.4613312841042,75,-240.728281914875
205,8,80,-408.45022648109,80,140.411647167195,80,-22.1218427013398,80,-200.682417294667
205,8,85,-408.849577097663,85,161.902002461011,85,30.4284775558764,85,-156.962218204347
205,8,90,-407.268457072307,90,180.673007108614,90,84.488304528847,90,-110.345215355072
210,8,0,10.8409662483354,0,6.7204081799219,0,-370.260375429269,0,-365.572588008085
210,8,5,-58.6995496492224,5,-21.1609035516977,5,-368.344178998309,5,-357.60043895538
210,8,10,-127.860560801999,10,-50.1025482305841,10,-364.64996324487,10,-349.857218608564
210,8,15,-195.557440631132,15,-79.0600566889824,15,-359.138631502095,15,-342.65052487878
210,8,20,-260.663388590412,20,-106.980006484032,20,-351.705154112709,20,-336.075187150519
210,8,25,-322.086492669567,25,-132.858678241499,25,-342.118145973082,25,-330.034767700205
210,8,30,-378.895593748647,30,-155.775986259972,30,-329.977123354231,30,-324.276748031088
210,8,35,-430.458501747514,35,-174.908289188171,35,-314.719643617295,35,-318.428677719058
210,8,40,-476.539990949348,40,-189.531505925447,40,-295.693201706125,40,-312.024763690329
210,8,45,-517.313107870192,45,-199.030958597133,45,-272.280103473426,45,-304.51858741237
210,8,50,-553.265618941158,50,-202.933718559334,50,-244.039472292473,50,-295.286707136962
210,8,55,-585.022862174376,55,-200.971171226698,55,-210.82059929294,55,-283.63672370581
210,8,60,-613.141502767058,60,-193.165150088931,60,-172.811111484677,60,-268.837685740803
210,8,65,-637.940551686027,65,-179.915038917494,65,-130.507716540932,65,-250.187037632039
210,8,70,-659.421181151882,70,-162.052655109719,70,-84.6252249815563,70,-227.116264962318
210,8,75,-677.292532740548,75,-140.832523199964,75,-35.9785648957188,75,-199.320588819665
210,8,80,-691.082588078171,80,-117.839120096381,80,14.6247861054256,80,-166.883041065158
210,8,85,-700.287400294385,85,-94.8159641914722,85,66.4569628125629,85,-130.356640068181
210,8,90,-704.507379699554,90,-73.445891182234,90,118.900793309912,90,-90.7738197536378
215,8,0,9.80904373248414,0,-0.655669192270032,0,-374.171727686976,0,-268.080125334291
215,8,5,-74.3098965981065,5,-51.0253891862827,5,-373.227309639067,5,-259.18661455041
215,8,10,-158.179144648454,10,-102.512028521011,10,-369.823609887634,10,-250.979243571825
215,8,15,-240.715263748477,15,-153.852961624067,15,-363.950688810583,15,-243.843939121023
215,8,20,-320.656448844295,20,-203.790537619402,20,-355.597412706819,20,-237.95628682525
215,8,25,-396.6747062427,25,-251.128049382171,25,-344.623872585386,25,-233.284366695165
215,8,30,-467.607606962484,30,-294.754606930264,30,-330.654347773376,30,-229.609439790056
215,8,35,-532.730228090565,35,-333.642683840946,35,-313.059932736767,35,-226.556567423463
215,8,40,-591.948506584481,40,-366.832085660339,40,-291.065684105921,40,-223.623266467549
215,8,45,-645.808938128033,45,-393.424454573138,45,-263.960504057999,45,-220.195576372848
215,8,50,-695.286942710037,50,-412.61684292804,50,-231.336094622391,50,-215.550169203552
215,8,55,-741.409528556054,55,-423.79419277577,55,-193.26120078068,55,-208.855888454741
215,8,60,-784.843179472525,60,-426.676759256692,60,-150.320747255751,60,-199.200491352689
215,8,65,-825.597840453947,65,-421.486854245399,65,-103.505570836703,65,-185.669132822628
215,8,70,-862.952214057585,70,-409.074466531614,70,-53.9994148085938,70,-167.485664560902
215,8,75,-895.616780063549,75,-390.937984280904,75,-2.94609502637527,75,-144.200216047867
215,8,80,-922.061604017959,80,-369.100272289737,80,48.724050937716,80,-115.878448119912
215,8,85,-940.885658843114,85,-345.844675220401,85,100.366883762138,85,-83.232749003654
215,8,90,-951.109738512123,90,-323.363209740731,90,151.603406894346,90,-47.6417631756833
220,8,0,9.31726090841978,0,-6.24673484463368,0,-387.926288369526,0,-209.692735965763
220,8,5,-82.3939350821005,5,-75.7886471056582,5,-388.17696440391,5,-200.33993387919
220,8,10,-174.202823285747,10,-146.408197344546,10,-385.298745708447,10,-191.048452957634
220,8,15,-265.141045811585,15,-216.767892652084,15,-379.320023563083,15,-182.386315758971
220,8,20,-353.809946193282,20,-285.545948993654,20,-370.348989955389,20,-174.7977448334
220,8,25,-438.547204227776,25,-351.476820451891,25,-358.349623202675,25,-168.5264932802
220,8,30,-517.839841683481,30,-413.36239808026,30,-342.939695909768,30,-163.566696982211
220,8,35,-590.831138640825,35,-470.053779295539,35,-323.338406287134,35,-159.657231579855
220,8,40,-657.685702302175,40,-520.412292087659,40,-298.531249743261,40,-156.313826809258
220,8,45,-719.602347830456,45,-563.277794399036,45,-267.614560846271,45,-152.874995050469
220,8,50,-778.402619471374,50,-597.490023933187,50,-230.184432879696,50,-148.537109092227
220,8,55,-835.8149125137,55,-622.005871440977,55,-186.598592847725,55,-142.373873280864
220,8,60,-892.724566710582,60,-636.120977175406,60,-137.988827518594,60,-133.364107461057
220,8,65,-948.688921579047,65,-639.74743613104,65,-86.0126757934909,65,-120.468670139763
220,8,70,-1001.90605272417,70,-633.648878872665,70,-32.4484875939568,70,-102.786968752987
220,8,75,-1049.63355262697,75,-619.520664112472,75,21.2017518378881,75,-79.7866664085627
220,8,80,-1088.87667170221,80,-599.840176273678,80,73.9592236030218,80,-51.5544745118118
220,8,85,-1117.08544245329,85,-577.487854289159,85,125.407194656222,85,-18.9850738711176
220,8,90,-1132.64175990697,90,-555.222156609901,90,175.562443143578,90,16.1742612280604
225,8,0,9.74350891047046,0,-9.78761645674864,0,-400.471751348608,0,-195.664535045071
225,8,5,-83.11172114757,5,-95.0537892836851,5,-401.762585265095,5,-186.291951284102
225,8,10,-176.713739196121,10,-181.218297771775,10,-399.565018154038,10,-175.126256672474
225,8,15,-270.318787693959,15,-266.96149940402,15,-393.976548148235,15,-163.098687105264
225,8,20,-362.35172396386,20,-351.010050888918,20,-385.250202420959,20,-151.201356884412
225,8,25,-450.645352713852,25,-432.150648808346,25,-373.446385399387,25,-140.243227443194
225,8,30,-533.123093889378,30,-509.220759756016,30,-358.108692724012,30,-130.650750402792
225,8,35,-608.667711612925,35,-581.069527321417,35,-338.170498029559,35,-122.382462098744
225,8,40,-677.761543492149,40,-646.4846712277,40,-312.205396095182,40,-114.972234721006
225,8,45,-742.520505431041,45,-704.113541086333,45,-278.961828828043,45,-107.655750928071
225,8,50,-805.991838713848,50,-752.447980261908,50,-237.959015632619,50,-99.5053751892861
225,8,55,-870.937164804583,55,-789.953555698401,55,-189.862893612166,55,-89.5186075861698
225,8,60,-938.593479575919,60,-815.376398447978,60,-136.449519232014,60,-76.660933590326
225,8,65,-1007.9404358464,65,-828.16705902142,65,-80.1569916833834,65,-59.9163300509085
225,8,70,-1075.77649526953,70,-828.870508094281,70,-23.42019508723,70,-38.4106952371764
225,8,75,-1137.54181761102,75,-819.301596605243,75,31.9291247520719,75,-11.6350892487797
225,8,80,-1188.51770926866,80,-802.380971549356,80,84.9723349613281,80,20.2706449356946
225,8,85,-1224.93074670181,85,-781.625126406655,85,135.65993620879,85,56.2700167704314
225,8,90,-1244.61604118484,90,-760.412582756277,90,184.516930965775,90,94.3317261679297
230,8,0,11.1541934880205,0,-11.3816592019365,0,-403.332755508439,0,-223.914136476141
230,8,5,-77.3750704952395,5,-109.66635244421,5,-405.104480176812,5,-214.691039947321
230,8,10,-167.638047118062,10,-208.46637007736,10,-403.560105009002,10,-200.713093416768
230,8,15,-259.230664335231,15,-306.466151927155,15,-398.920444685314,15,-183.498321455824
230,8,20,-350.363760328541,20,-402.494796413417,20,-391.604543873789,20,-164.900760822152
230,8,25,-438.178881084632,25,-495.504236128453,25,-381.739466304707,25,-146.603673495486
230,8,30,-519.775861909567,30,-584.522573648379,30,-368.700829046551,30,-129.678096749298
230,8,35,-593.570884142038,35,-668.571264478176,35,-350.981893637061,35,-114.365562821376
230,8,40,-660.331862738116,40,-746.527472120711,40,-326.557961654173,40,-100.14318546141
230,8,45,-723.272967713455,45,-816.962131804067,45,-293.659183425545,45,-85.99973925487
230,8,50,-786.983756776964,50,-878.057843173322,50,-251.619696278345,50,-70.7654202122145
230,8,55,-855.551365743723,55,-927.739643623745,55,-201.384640276773,55,-53.3460030861233
230,8,60,-930.68461535333,60,-964.085289653984,60,-145.399093437438,60,-32.8053187762835
230,8,65,-1010.69038613598,65,-985.936254334078,65,-86.9058439166815,65,-8.35414915504679
230,8,70,-1090.74549442486,70,-993.488359552635,70,-28.9703265292654,70,20.635329287899
230,8,75,-1164.28481792924,75,-988.593782566475,75,26.3349164940526,75,54.4954702951307
230,8,80,-1224.84258757712,80,-974.590153023879,80,78.2716971703976,80,93.0027614166248
230,8,85,-1267.58504319097,85,-955.646333728518,85,127.253738050902,85,135.079715921942
230,8,90,-1290.05746732171,90,-935.794783374136,90,174.3410235891,90,178.603106602909
235,8,0,13.2672620228903,0,-11.3102834780447,0,-392.202796988479,0,-286.991366113686
235,8,5,-66.5416102204497,5,-121.047832432787,5,-393.658578206284,5,-277.700730331676
235,8,10,-149.358062481882,10,-230.656272320948,10,-392.609386030877,10,-259.944482481208
235,8,15,-235.246937217877,15,-338.693764510272,15,-389.464301273982,15,-236.033484234883
235,8,20,-322.220737740773,20,-444.083381512743,20,-384.812136557319,20,-208.955447750274
235,8,25,-406.605782512416,25,-546.050411086618,25,-378.788682149028,25,-181.527989142639
235,8,30,-484.44512883383,30,-644.005993786302,30,-370.492486118928,30,-155.62920221192
235,8,35,-553.442765609646,35,-737.370661577962,35,-357.83379695312,35,-131.791780534928
235,8,40,-614.515899398341,40,-825.31584054783,40,-338.036535748942,40,-109.295583508295
235,8,45,-672.019099447772,45,-906.470743062425,45,-308.676739552347,45,-86.6667369295946
235,8,50,-732.265588293379,50,-978.748229758707,50,-268.805353920155,50,-62.3124564553233
235,8,55,-800.861123519824,55,-1039.48381291294,55,-219.585209555774,55,-34.995377806407
235,8,60,-880.067579012256,60,-1085.98366496735,60,-164.079126840615,60,-3.98965694049658
235,8,65,-967.464684905774,65,-1116.36771142759,65,-106.258412453625,65,31.0320553502547
235,8,70,-1056.51635847409,70,-1130.39556358252,70,-49.7021939395176,70,70.186917020215
235,8,75,-1138.67340671233,75,-1129.90698839033,75,3.41216697965721,75,113.442515575186
235,8,80,-1205.94413327971,80,-1118.63586707864,80,52.6312546343985,80,160.454501461125
235,8,85,-1252.81114084241,85,-1101.39577833311,85,98.8552611869229,85,210.235294013876
235,8,90,-1276.9059481185,90,-1082.86640335764,90,143.605123899285,90,260.824763972519
240,8,0,15.563742259099,0,-9.90345866903766,0,-366.897928921916,0,-375.174150031585
240,8,5,-52.1209978106607,5,-130.577261235265,5,-367.266054193405,5,-365.269215576341
240,8,10,-124.239570487254,10,-250.203019624149,10,-366.568617214126,10,-342.917544691074
240,8,15,-201.468831921357,15,-367.004222704714,15,-365.459852602305,15,-311.354460664044
240,8,20,-281.727505095512,20,-479.945409603547,20,-364.673095452719,20,-274.866192346959
240,8,25,-360.527422726746,25,-588.628201249737,25,-364.264557181485,25,-237.563478431919
240,8,30,-432.715248885595,30,-693.05909121155,30,-362.941529402382,30,-202.219268484805
240,8,35,-495.04422166894,35,-793.303511376335,35,-357.924026056225,35,-169.617112310823
240,8,40,-548.352137767778,40,-889.02893495498,40,-345.600507679129,40,-138.664457650667
240,8,45,-598.016880690557,45,-979.031048805721,45,-322.830904083141,45,-107.177321595876
240,8,50,-652.087675253493,50,-1060.96246679671,50,-288.328131608846,50,-72.9280945547073
240,8,55,-717.758345278841,55,-1131.51393372625,55,-243.400266467478,55,-34.4586001812486
240,8,60,-797.883772676272,60,-1187.15012283325,60,-191.612965227188,60,8.65214230223682
240,8,65,-889.316282746634,65,-1225.2236571665,65,-137.501420448308,65,56.0427937160541
240,8,70,-983.851691065961,70,-1245.04674323491,70,-84.9698497469429,70,107.056493103583
240,8,75,-1071.15682337347,75,-1248.45297696146,75,-36.1438141602568,75,161.103011038498
240,8,80,-1142.10264510234,80,-1239.56793887773,80,8.87252212918538,80,217.669319044103
240,8,85,-1190.9722284392,85,-1223.81571159432,85,51.4085183712625,85,275.974079457993
240,8,90,-1215.8838253302,90,-1206.4614351524,90,93.2877920800901,90,334.463888041038
245,8,0,17.490879429771,0,-7.48047132072547,0,-330.168949273019,0,-479.530174738921
245,8,5,-35.5207481266036,5,-139.240930593888,5,-328.934839062704,5,-468.308079026043
245,8,10,-94.3715152274586,10,-268.816568219229,10,-328.602275042629,10,-440.846539956837
245,8,15,-160.495603960443,15,-393.876536874374,15,-330.103235411895,15,-401.335806154707
245,8,20,-231.911278614631,20,-513.358668078087,20,-334.258563693915,20,-355.391687054391
245,8,25,-303.457334773934,25,-627.329260527811,25,-340.931788168975,25,-308.454075744764
245,8,30,-368.770496728809,30,-736.582369111206,30,-348.328483678353,30,-264.196369201099
245,8,35,-423.463118199264,35,-842.035411071552,35,-352.91781044848,35,-223.577605929433
245,8,40,-468.009836230604,40,-943.992478154609,40,-350.252014820376,40,-184.957802364727
245,8,45,-508.559644035416,45,-1041.45702633547,45,-336.504420045374,45,-145.211029271853
245,8,50,-554.753745895857,50,-1131.78946988658,50,-310.05712266936,50,-101.275474790237
245,8,55,-615.331404660786,55,-1210.98950619585,55,-272.298645148892,55,-51.3901569554652
245,8,60,-693.756197916885,60,-1274.67061142368,60,-227.139754430601,60,4.49436083569291
245,8,65,-786.219488690953,65,-1319.4595671983,65,-179.453606050194,65,65.149609825618
245,8,70,-883.012446302876,70,-1344.28977235063,70,-133.242526182918,70,128.935121189213
245,8,75,-972.325458617851,75,-1351.04061157478,75,-90.4339065870825,75,194.544666604394
245,8,80,-1044.32268457757,80,-1344.22685815912,80,-50.7721059471084,80,261.241959327218
245,8,85,-1093.53358850267,85,-1329.81359478948,85,-12.622702525567,85,328.513050681897
245,8,90,-1118.87776926863,90,-1313.53367318323,90,25.9386111899368,90,395.368833297209
250,8,0,18.6547552992748,0,-4.32375379746501,0,-286.091527254929,0,-594.070019855018
250,8,5,-17.8615130811856,5,-147.5733116893,5,-283.120087215678,5,-580.863223910887
250,8,10,-61.4500930419574,10,-287.406231104952,10,-283.400736750138,10,-548.145454617726
250,8,15,-114.430608374335,15,-420.77318741712,15,-288.139448013079,15,-501.004441723082
250,8,20,-175.164430083762,20,-546.52833269333,20,-298.159624667852,20,-446.298512627771
250,8,25,-238.062465209839,25,-665.260194744845,25,-313.005336028301,25,-390.717253488476
250,8,30,-295.65491527482,30,-778.67218775938,30,-330.281648649553,30,-338.758796557393
250,8,35,-342.302028797065,35,-888.638433840478,35,-345.693446592601,35,-291.453871788395
250,8,40,-377.834606903397,40,-996.128500398841,40,-354.035418343943,40,-246.464047915183
250,8,45,-408.84632712361,45,-1100.31063053712,45,-350.911950695943,45,-199.546822390547
250,8,50,-446.315851568043,50,-1198.19780929246,50,-334.444714384425,50,-146.665393577079
250,8,55,-500.402681047167,55,-1285.09806691749,55,-306.054236279492,55,-85.7005347988768
250,8,60,-575.189203099013,60,-1355.85308911364,60,-269.815332910406,60,-17.0144055890293
250,8,65,-666.34269115146,65,-1406.49374895131,65,-230.68271160014,65,57.1957583116691
250,8,70,-762.902960727542,70,-1435.69437095896,70,-192.526910371813,70,134.193117685666
250,8,75,-851.921895908051,75,-1445.43402944198,75,-156.966985744007,75,211.867536019018
250,8,80,-923.210510140025,80,-1440.57901449933,80,-123.432551369158,80,289.207593865203
250,8,85,-971.826097612764,85,-1427.51629735601,85,-90.147154778714,85,365.95014118302
250,8,90,-997.631448855796,90,-1412.28495591678,90,-55.2834295283802,90,441.694835619744
255,8,0,18.9173033468465,0,-0.654427103473154,0,-238.651819386265,0,-716.657336397809
255,8,5,0.108516868607506,5,-155.779139223461,5,-234.193611136515,5,-700.967320674558
255,8,10,-26.749922238299,10,-306.322088912315,10,-235.581048893284,10,-663.183170093992
255,8,15,-64.953846156932,15,-448.45340609848,15,-244.2424133675,15,-609.185017384056
255,8,20,-113.439749285276,20,-580.916227039152,20,-260.893365376786,20,-546.909920749074
255,8,25,-166.467768218871,25,-704.830886987306,25,-284.629499176385,25,-484.124246047187
255,8,30,-215.644304743518,30,-822.816311121387,30,-312.377728938575,30,-425.995179893721
255,8,35,-254.065951921283,35,-937.656115167498,35,-339.112190704325,35,-373.48950422325
255,8,40,-280.708945092747,40,-1050.87654673998,40,-359.017318367112,40,-323.453905378666
255,8,45,-302.287464816269,45,-1161.69533051474,45,-367.318009357352,45,-270.442620376277
255,8,50,-330.807227240649,50,-1266.74010821553,50,-361.9947227252,50,-209.40182468723
255,8,55,-377.665031635534,55,-1360.71493109269,55,-344.463599432326,55,-137.856145423826
255,8,60,-447.570451972695,60,-1437.87604876991,60,-318.770134563272,60,-56.6018447783283
255,8,65,-535.863254881678,65,-1493.85803064623,65,-289.688206058584,65,31.182211513197
255,8,70,-630.645807073405,70,-1527.19915010415,70,-260.750769767251,70,121.668445122455
255,8,75,-718.147450407238,75,-1539.97771463101,75,-233.208393097156,75,211.943617106415
255,8,80,-788.034962468188,80,-1537.29651287658,80,-206.266518698845,80,300.681003095133
255,8,85,-835.947153405896,85,-1525.78280371144,85,-178.176781825982,85,387.774288310033
255,8,90,-862.621258255941,90,-1511.59581328581,90,-147.362967355504,90,473.297870741768
260,8,0,18.3737952125839,0,3.39308257114369,0,-190.875992283082,0,-848.832902263626
260,8,5,17.9859876865851,5,-163.903450434746,5,-185.496885365967,5,-830.388144671478
260,8,10,8.83317363798218,10,-325.686983892641,10,-188.693835709332,10,-787.980580916897
260,8,15,-13.3942177556078,15,-477.40683803754,15,-202.004985269828,15,-728.169935834515
260,8,20,-48.3668119664381,20,-617.703830756117,20,-225.899499410251,20,-659.771136870045
260,8,25,-90.4287277064689,25,-748.176553207077,25,-258.902315837463,25,-591.38180760525
260,8,30,-130.482362404597,30,-872.220752216829,30,-297.219676695414,30,-528.603497066768
260,8,35,-160.463405862939,35,-993.309014373915,35,-335.182535062592,35,-472.167278225401
260,8,40,-178.411861306665,40,-1113.28420551642,40,-366.572966729246,40,-418.029740794522
260,8,45,-190.907021364076,45,-1231.26095742071,45,-386.475561809477,45,-359.564645580547
260,8,50,-210.656774833407,50,-1343.50473621079,50,-392.8720520029,50,-290.784731082189
260,8,55,-250.061901334683,55,-1444.31821599532,55,-387.134264834302,55,-208.93781424839
260,8,60,-314.4499332322,60,-1527.66078778146,60,-373.074436188917,60,-115.267565732095
260,8,65,-399.065119685632,65,-1589.00771274894,65,-355.031832435309,65,-13.8610725878874
260,8,70,-491.423937822634,70,-1626.84299141354,70,-336.033532052352,70,90.4838594646072
260,8,75,-577.212071940418,75,-1643.24917408764,75,-316.950009573023,75,194.136511122472
260,8,80,-646.014283649668,80,-1643.34906322091,80,-296.879123991955,80,295.430587688423
260,8,85,-693.887942066993,85,-1633.76336329469,85,-274.250135909011,85,394.265365116472
260,8,90,-722.179997631427,90,-1620.5784349391,90,-247.828793168247,90,490.970652457306
265,8,0,17.2471240273266,0,7.78100667773593,0,-144.572850774594,0,-994.982313758816
265,8,5,35.5849591423649,5,-171.971875587492,5,-139.050836658112,5,-973.74839888498
265,8,10,44.6593250274713,10,-345.661839423453,10,-144.902618163056,10,-927.343234988071
265,8,15,39.1746969035766,15,-508.194389835267,15,-163.594691319455,15,-862.899376397262
265,8,20,18.6805955327299,20,-658.145071116826,20,-195.178815481888,20,-789.88660663592
265,8,25,-11.3974631079895,25,-797.461188812921,25,-237.503418401969,25,-717.425924497754
265,8,30,-41.4905973340787,30,-930.024570383304,30,-286.065823000613,30,-651.246388597009
265,8,35,-62.6012955222993,35,-1059.6165233388,35,-334.709429884048,35,-591.64495572296
265,8,40,-71.9164358663247,40,-1188.06254987423,40,-377.07711696161,40,-533.668903853631
265,8,45,-75.7311896458657,45,-1314.22871590343,45,-408.376443453826,45,-469.658855784203
265,8,50,-87.1346326412162,50,-1434.12856940179,50,-426.724350669824,50,-392.911106578925
265,8,55,-119.239867294419,55,-1541.97459514883,55,-433.384682307555,55,-300.552933608342
265,8,60,-177.937710865592,60,-1631.78895216234,60,-431.720099606627,60,-194.280147593686
265,8,65,-258.612296462011,65,-1699.12680809919,65,-425.397511755803,65,-78.9407702555947
265,8,70,-348.567012651657,70,-1742.43693169076,70,-416.807735827867,70,39.9078869417519
265,8,75,-433.201237923414,75,-1763.61342954281,75,-406.462502078109,75,158.065325264033
265,8,80,-501.983600322562,80,-1767.49012934985,80,-393.469089282335,80,273.516749431097
265,8,85,-551.078274131888,85,-1760.38123346569,85,-376.543955791053,85,385.990860963976
265,8,90,-582.034634904396,90,-1748.10978604276,90,-354.822949380503,90,495.804709397452
270,8,0,15.7613966880431,0,12.5468242178816,0,-100.563071499319,0,-1161.30993523671
270,8,5,52.7524088909414,5,-180.095480867059,5,-95.7740252002344,5,-1137.48940909656
270,8,10,80.150122959435,10,-366.618695793394,10,-105.166265229883,10,-1087.87587946283
270,8,15,91.7782392425732,15,-541.653681884741,15,-129.892267710572,15,-1020.05159737085
270,8,20,86.4817067978311,20,-703.754698224963,20,-169.391969557646,20,-943.879562179271
270,8,25,69.3976801345051,25,-855.003981535765,25,-220.763952439243,25,-868.634984009637
270,8,30,50.3156474834346,30,-999.345721350171,30,-278.883176565437,30,-799.816663763277
270,8,35,38.8088933873887,35,-1140.37896121594,35,-337.33967895145,35,-737.095027712542
270,8,40,38.2932937254665,40,-1279.54375572122,40,-389.943396888963,40,-674.672129920941
270,8,45,42.7992004258961,45,-1415.35776853498,45,-432.28060539412,45,-604.134567180319
270,8,50,39.1739407787298,50,-1543.77493604547,50,-462.696372070706,50,-518.398013652344
270,8,55,13.9523270066506,55,-1659.29391707539,55,-482.243869863854,55,-414.680511187929
270,8,60,-39.1937350703639,60,-1756.3780179843,60,-493.610832421828,60,-295.118364618065
270,8,65,-115.994105402552,65,-1830.87515484617,65,-499.576482969008,65,-165.117918521935
270,8,70,-203.917837196927,70,-1881.16473635274,70,-501.795097865597,70,-30.7323002009908
270,8,75,-288.341127095905,75,-1908.70016467304,75,-500.449209398519,75,103.446080111366
270,8,80,-358.559524105786,80,-1917.66794042853,80,-494.745552924612,80,235.058189581327
270,8,85,-410.477870495834,85,-1913.74899455036,85,-483.747002612652,85,363.496928027335
270,8,90,-445.372357017228,90,-1902.3149192449,90,-466.9413230203,90,488.809906629869
275,8,0,14.0473618705972,0,17.7450071736663,0,-59.1794114033285,0,-1354.95016857292
275,8,5,69.1912160002174,5,-188.574239565854,5,-55.9716358792432,5,-1328.98778434004
275,8,10,114.576209571998,10,-389.274964974972,10,-69.6778302295508,10,-1277.136997004
275,8,15,143.340621553876,15,-579.030512387423,15,-100.86921972584,15,-1207.2429812289
275,8,20,153.795811409883,20,-756.39516338824,20,-148.189688774632,20,-1129.22737813143
275,8,25,150.777115905137,25,-923.292502364327,25,-207.974240985963,25,-1052.0923879338
275,8,30,143.997943623482,30,-1083.22167056433,30,-274.650481916056,30,-980.738246618688
275,8,35,143.127929817816,35,-1239.07629558706,35,-341.859611836517,35,-914.074617468084
275,8,40,151.800300593672,40,-1391.57769361811,40,-403.897279916063,40,-845.636828170657
275,8,45,164.331881594312,45,-1538.86220622655,45,-456.937362751237,45,-766.660840075314
275,8,50,167.826805250288,50,-1677.06169005665,50,-499.578353916311,50,-670.099815531658
275,8,55,148.893794357092,55,-1801.33189138547,55,-532.519197190519,55,-553.491960680242
275,8,60,100.976109672965,60,-1906.91276792113,60,-557.553178473379,60,-419.375533867715
275,8,65,27.8508850826825,65,-1990.1136083693,65,-576.38944440864,65,-273.48006027882
275,8,70,-58.4797588222665,70,-2049.19132544692,70,-589.866277844319,70,-122.07779812693
275,8,75,-143.655777425752,75,-2084.91360705994,75,-597.849053159041,75,30.0247080538768
275,8,80,-216.787044543285,80,-2100.4781856605,80,-599.683689180017,80,180.141018064813
275,8,85,-273.192566627558,85,-2100.61596460017,85,-594.786027823008,85,327.204782336445
275,8,90,-313.413350229994,90,-2090.05687111158,90,-582.954536995995,90,470.79657941134
280,8,0,12.1056352427739,0,23.3562252536736,0,-20.8174216558749,0,-1583.35266920195
280,8,5,84.3616442400704,5,-198.024668544564,5,-19.8699382786293,5,-1555.92899463926
280,8,10,146.919714369086,10,-414.835150540824,10,-38.3503800558254,10,-1502.9906354829
280,8,15,192.52415384176,15,-622.095107823227,15,-76.022219961699,15,-1432.35221956243
280,8,20,219.170042768265,20,-818.331060363937,20,-130.619701055541,20,-1353.56337730911
280,8,25,231.356021054505,25,-1004.96271207064,25,-197.794219555959,25,-1274.88910807222
280,8,30,238.347549936098,30,-1184.53216616568,30,-271.786164811264,30,-1200.30838128374
280,8,35,249.338812310713,35,-1358.76721219215,35,-346.62550989239,35,-1127.94826033369
280,8,40,267.720454010195,40,-1527.43425518174,40,-417.371812806195,40,-1050.98604954809
280,8,45,288.017786760483,45,-1688.3218423917,45,-480.905735511561,45,-960.803710384542
280,8,50,297.912860226217,50,-1837.96545714707,50,-536.022817485365,50,-850.838537167108
280,8,55,284.554443293047,55,-1972.46532972401,55,-582.898345578943,55,-719.156151171897
280,8,60,241.438164294046,60,-2088.0736049643,60,-622.243980103053,60,-568.626421353837
280,8,65,171.780716646558,65,-2181.67631130815,65,-654.565566153811,65,-405.060417210379
280,8,70,86.7393032922336,70,-2251.3771817314,70,-679.822726353115,70,-234.694586237436
280,8,75,0.104515481965512,75,-2297.09261653779,75,-697.541477949539,75,-62.3932069547495
280,8,80,-77.1204684558785,80,-2320.77893690131,80,-707.183992957587,80,108.860533013548
280,8,85,-139.458164827651,85,-2325.95410055247,85,-708.477567349262,85,277.478137135925
280,8,90,-186.347245985515,90,-2316.51701426017,90,-701.487865652474,90,442.459617826592
285,8,0,9.83045918851171,0,29.176123557014,0,13.6393091083701,0,-1853.89890450682
285,8,5,97.5154859220671,5,-209.513238850236,5,11.9648438810411,5,-1825.87452141123
285,8,10,175.901708473995,10,-445.117768205212,10,-11.2261310692908,10,-1773.07643101517
285,8,15,237.711930558587,15,-673.226536274709,15,-54.783967129415,15,-1702.88446221517
285,8,20,280.830728218334,20,-892.251750909757,20,-115.560794652566,20,-1623.96918383404
285,8,25,309.309242397441,25,-1102.76918999267,25,-188.724836085795,25,-1543.4077300168
285,8,30,331.516203246982,30,-1305.94529402163,30,-268.647199311619,30,-1464.04046845499
285,8,35,355.564847923007,35,-1502.03507054099,35,-350.05422424964,35,-1383.33421106107
285,8,40,384.145629840068,40,-1689.75234519638,40,-428.943251762654,40,-1294.52802907539
285,8,45,411.915270930756,45,-1866.6188341466,45,-502.896650867114,45,-1189.68079876637
285,8,50,427.437641556267,50,-2029.72940182594,50,-570.7725276607,50,-1063.12681991194
285,8,55,418.859549201781,55,-2176.26979259716,55,-632.055812322295,55,-913.612244815728
285,8,60,380.050368201255,60,-2303.59966713608,60,-686.253313624028,60,-744.242857393332
285,8,65,313.687884698061,65,-2409.23862359544,65,-732.602844636884,65,-560.690931622098
285,8,70,229.85222370813,70,-2491.15782823796,70,-770.145153379963,70,-368.949323169277
285,8,75,141.469277414709,75,-2548.38871782738,75,-798.011051809363,75,-173.815855846159
285,8,80,59.4902493850364,80,-2581.54131913911,80,-815.697856558869,80,21.4746257364768
285,8,85,-9.76426186129023,85,-2592.75839243948,85,-823.165089570217,85,214.811837637543
285,8,90,-64.4286443148625,90,-2584.94065453932,90,-820.710232203656,90,404.586245968671
290,8,0,7.08322041204245,0,34.7075793338791,0,42.626900999872,0,-2173.58527008052
290,8,5,107.872008937265,5,-224.626815599768,5,38.4056599200404,5,-2145.86398766009
290,8,10,200.204619626152,10,-482.571120335787,10,11.2339909029764,10,-2094.2699996528
290,8,15,277.188159300623,15,-735.367959620785,15,-36.9049574957261,15,-2025.290882138
290,8,20,336.742381328519,20,-981.185300973366,20,-102.196791546368,20,-1946.21381788232
290,8,25,382.272002441287,25,-1219.49588453242,25,-179.646386136805,25,-1862.56946738176
290,8,30,420.7693928905,30,-1449.85797160151,30,-264.080939152566,30,-1775.99389389455
290,8,35,458.714322145314,35,-1670.96300757898,35,-351.130768612289,35,-1683.55062737716
290,8,40,497.720799717349,40,-1880.52412089042,40,-437.74976755323,40,-1579.00982149556
290,8,45,532.528776313759,45,-2075.89595661569,45,-522.082220908378,45,-1455.59157659649
290,8,50,552.839514048413,50,-2254.77883372942,50,-602.859364962747,50,-1308.84661149358
290,8,55,548.186784813461,55,-2415.40926260698,55,-678.745830351982,55,-1138.28356466849
290,8,60,513.12730418302,60,-2556.19482450652,60,-748.011070734655,60,-947.140497044416
290,8,65,449.902217863252,65,-2675.28209708051,65,-808.645567163352,65,-740.77837577331
290,8,70,367.395815881626,70,-2770.58454271997,70,-858.768724809032,70,-524.801704201614
290,8,75,277.426063670623,75,-2840.36164947474,75,-897.046890187423,75,-303.853668913144
290,8,80,190.657756193697,80,-2883.95029737859,80,-922.895629907035,80,-81.3647244461814
290,8,85,114.124520931703,85,-2902.09836804712,85,-936.404098506182,85,140.08396856574
290,8,90,50.9900698115165,90,-2896.60461173282,90,-938.070988262868,90,358.31033688521
295,8,0,3.79520869489898,0,39.0989548095806,0,63.969528025343,0,-2548.56105066204
295,8,5,114.878438426819,5,-245.386752841105,5,57.7514883756604,5,-2521.87620016394
295,8,10,218.817066364703,10,-530.057330201443,10,27.977361119392,10,-2472.03186357843
295,8,15,309.463735108696,15,-811.732137318315,15,-22.8113742640119,15,-2404.2254763185
295,8,20,384.833817165062,20,-1088.19905570874,20,-90.5247439681125,20,-2323.98403413512
295,8,25,447.440728854059,25,-1357.71924000893,25,-170.398719982424,25,-2235.11288587067
295,8,30,502.482294497722,30,-1618.25273834518,30,-257.986895863789,30,-2138.1475527649
295,8,35,554.406059154034,35,-1867.06735467659,35,-349.881866284475,35,-2030.08740043631
295,8,40,603.52217589729,40,-2101.05563188769,40,-443.846166889796,40,-1905.66148627617
295,8,45,644.64861657365,45,-2317.49595939256,45,-538.337306256946,45,-1759.60446708576
295,8,50,668.798308471775,50,-2514.6217906668,50,-631.755675424683,50,-1588.86429844608
295,8,55,667.154796655719,55,-2691.52216652312,55,-721.882875560229,55,-1393.72117872505
295,8,60,635.214010240116,60,-2847.45269459557,60,-805.82265525891,60,-1177.45567589221
295,8,65,574.934972769764,65,-2981.11398652145,65,-880.432653641521,65,-945.01327943344
295,8,70,494.007827160729,70,-3090.46737559096,70,-942.965334669185,70,-701.536172564104
295,8,75,402.986794631647,75,-3173.23245430375,75,-991.573066936343,75,-451.462165262899
295,8,80,311.989005299625,80,-3227.71548394867,80,-1025.47108699502,80,-198.359201808537
295,8,85,228.48186262154,85,-3253.41520990324,85,-1044.76788774412,85,54.7996807976049
295,8,90,156.715740022,90,-3251.03507710489,90,-1050.12343996968,90,305.335418250904
300,8,0,0.0665127055403957,0,41.1873685205833,0,75.1561490123109,0,-2983.34683307328
300,8,5,118.43542607618,5,-273.938136140136,5,67.8773276063145,5,-2958.02654134344
300,8,10,231.33171638159,10,-590.340475905255,10,37.2973502983752,10,-2909.61126958168
300,8,15,333.583852501008,15,-905.202752709787,15,-13.8909238386464,15,-2841.7968644725
300,8,20,423.281541737511,20,-1215.83579595616,20,-81.8001190987117,20,-2758.22491629676
300,8,25,501.837275231841,25,-1519.36452216514,25,-162.279146231196,25,-2661.04065587783
300,8,30,572.407832335715,30,-1812.39811764622,30,-251.766145520292,30,-2549.93535967019
300,8,35,637.252214433261,35,-2091.10966107399,35,-347.717981991687,35,-2422.18937977877
300,8,40,695.341691188386,40,-2351.83148232561,40,-448.431706903789,40,-2273.78807970498
300,8,45,741.61398244647,45,-2591.82853448397,45,-552.382535975352,45,-2101.1416855064
300,8,50,768.466315499415,50,-2809.70035456343,50,-657.472125239907,50,-1902.61785731626
300,8,55,768.833012194656,55,-3005.07670018662,55,-760.624024114738,55,-1679.21435806868
300,8,60,739.293213263319,60,-3177.76285870378,60,-857.948637065021,60,-1434.19545259888
300,8,65,681.685867396971,65,-3326.87881378881,65,-945.374242585496,65,-1172.06433932275
300,8,70,602.605833273741,70,-3450.53179072165,70,-1019.41073712846,70,-897.497861228736
300,8,75,511.288751567195,75,-3546.19201792449,75,-1077.69868920575,75,-614.716187535851
300,8,80,417.0644429199,80,-3611.49762145314,80,-1119.16651666767,80,-327.376304230786
300,8,85,327.470147959777,85,-3644.99661596122,85,-1143.83832971291,85,-38.7594671571461
300,8,90,247.482628145235,90,-3646.44126658746,90,-1152.47081375719,90,248.046778110212
305,8,0,-3.7837542545243,0,39.7005511959883,0,73.7160851592869,0,-3479.67994606936
305,8,5,118.949590858604,5,-312.023854725682,5,66.4788500679102,5,-3455.4873669334
305,8,10,238.00005813505,10,-665.341455912171,10,36.9030256085686,10,-3407.14464657042
305,8,15,349.211507898679,15,-1017.51751313945,15,-12.5821475208296,15,-3336.9017498069
305,8,20,450.672205549188,20,-1365.35974387199,20,-78.7165841153509,20,-3246.70368815777
305,8,25,542.602544474707,25,-1705.09380370374,25,-158.226656547507,25,-3137.35204608683
305,8,30,626.126288026778,30,-2032.39108015028,30,-248.446978678395,30,-3008.05493804053
305,8,35,701.444934263768,35,-2342.75914360045,35,-347.482720525715,35,-2856.65584025193
305,8,40,766.357226350055,40,-2632.24819212789,40,-453.846559778,40,-2680.51262640861
305,8,45,816.007275997496,45,-2898.13684549612,45,-565.770790168705,45,-2477.66549097683
305,8,50,844.149925059227,50,-3139.17506726892,50,-680.575244427197,50,-2247.77864789208
305,8,55,845.407363903957,55,-3355.18028486139,55,-794.445376239673,55,-1992.46768529039
305,8,60,817.453743506028,60,-3546.17082635399,60,-902.752709547167,60,-1714.95868925213
305,8,65,762.129691518583,65,-3711.50690952167,65,-1000.76944723041,65,-1419.35693715183
305,8,70,685.083608932087,70,-3849.49664398127,70,-1084.4552816492,70,-1109.93310790424
305,8,75,594.265985327004,75,-3957.63628397923,75,-1151.00905543331,75,-790.714461425665
305,8,80,498.042075062405,80,-4033.29733363287,80,-1199.03958769227,80,-465.417478951727
305,8,85,403.655160526316,85,-4074.47107903564,85,-1228.4013251866,85,-137.559802743161
305,8,90,316.394949150093,90,-4080.22381052719,90,-1239.85413129789,90,189.447002645773
310,8,0,-7.25718835196929,0,33.6250826741861,0,57.5782685257095,0,-4035.11465503209
310,8,5,117.132816657682,5,-360.360470151965,5,51.3580525214978,5,-4011.25648496089
310,8,10,239.436859569417,10,-755.364498017264,10,24.169195597123,10,-3960.74321103635
310,8,15,356.36114832546,15,-1148.46848433975,15,-22.113015749318,15,-3884.68982577634
310,8,20,465.901546680971,20,-1536.02574061906,20,-85.0924906033361,20,-3783.80664164575
310,8,25,567.159193612037,25,-1913.68721608108,25,-162.440583287164,25,-3658.05293617324
310,8,30,659.502043693747,30,-2276.64810588434,30,-252.254778312483,30,-3506.55187484222
310,8,35,741.46977545175,35,-2620.17012895692,35,-353.020809800522,35,-3327.89153637305
310,8,40,810.023973286868,40,-2940.25573120635,40,-463.19357763467,40,-3120.74514610431
310,8,45,860.638699160126,45,-3234.19015199992,45,-580.608721233976,45,-2884.57189621983
310,8,50,888.325134826316,50,-3500.66121881804,50,-702.037013420884,50,-2620.10853889374
310,8,55,889.199675306754,55,-3739.35294169874,55,-823.132742497133,55,-2329.46565125295
310,8,60,861.918275217311,60,-3950.18527981519,60,-938.835771630731,60,-2015.8410700889
310,8,65,808.372341580011,65,-4132.56412614675,65,-1044.07454172056,65,-1683.03743545374
310,8,70,733.410998510841,70,-4284.99194271545,70,-1134.49916659581,70,-1335.0223133001
310,8,75,643.79085582927,75,-4405.18741979743,75,-1206.99887120929,75,-975.68444892388
310,8,80,546.820555966725,80,-4490.60450995586,80,-1259.88841661509,80,-608.791544835602
310,8,85,449.163107958976,85,-4539.075930192,85,-1292.79632374466,85,-238.044292849544
310,8,90,356.054331934565,90,-4549.30467608504,90,-1306.37727715285,90,132.893778810851
315,8,0,-9.8163824261196,0,22.6640530927295,0,25.3586585906353,0,-4641.69035109632
315,8,5,113.595252344012,5,-418.120610896451,5,20.7430982601221,5,-4617.02855511666
315,8,10,236.055927699154,10,-858.578355522145,10,-3.39030404385599,10,-4561.70213962905
315,8,15,354.853147389075,15,-1295.42270619447,15,-45.806931485109,15,-4476.1507751276
315,8,20,467.823006789151,20,-1724.64948637142,20,-104.961005854946,20,-4360.44686925931
315,8,25,573.171875224234,25,-2141.64859751125,25,-179.325254348155,25,-4214.26743750172
315,8,30,668.991631588651,30,-2541.52714134339,30,-267.519376579602,30,-4037.01222789338
315,8,35,752.728230118553,35,-2919.61429805073,35,-368.157805398585,35,-3828.09262691966
315,8,40,820.938613411792,40,-3272.01071700721,40,-479.472511059062,40,-3587.32459667065
315,8,45,869.569476947043,45,-3595.97371717106,45,-598.889209285613,45,-3315.29167135348
315,8,50,894.74843774562,50,-3889.95977956177,50,-722.777574710137,50,-3013.54351456094
315,8,55,893.819191500242,55,-4153.28356194716,55,-846.529603811509,55,-2684.56579821524
315,8,60,866.219720736621,60,-4385.530155792,60,-964.977833778916,60,-2331.55943453853
315,8,65,813.866174750413,65,-4585.97394725531,65,-1073.02196750794,65,-1958.14334493096
315,8,70,740.920249058277,70,-4753.2468823306,70,-1166.25982833295,70,-1568.10451652064
315,8,75,653.061315627945,75,-4885.37168124121,75,-1241.44249813246,75,-1165.26425022953
315,8,80,556.535099468741,80,-4980.1074702412,80,-1296.66599668025,80,-753.450557299659
315,8,85,457.258180560725,85,-5035.43517603062,85,-1331.31585833814,85,-336.512726656014
315,8,90,360.157147661379,90,-5049.98693122333,90,-1345.84760890273,90,81.6886695572404
320,8,0,-11.0853852687148,0,7.61576806859818,0,-23.3808418852001,0,-5285.09246161246
320,8,5,108.416197843687,5,-482.742237181788,5,-26.3133145500854,5,-5258.50131327609
320,8,10,227.514765283929,10,-970.987714360243,10,-47.4324751076333,10,-5196.00149070115
320,8,15,343.778310551488,15,-1453.38712080652,15,-86.0385470643588,15,-5097.81284056041
320,8,20,454.868267049331,20,-1925.67988493829,20,-141.214252395663,20,-4963.92334030085
320,8,25,558.411874692189,25,-2383.21328366562,25,-211.944500953477,25,-4794.20424886481
320,8,30,651.783951021277,30,-2821.23671925495,30,-297.09279373847,30,-4588.59193773189
320,8,35,731.942386141631,35,-3235.2996519154,35,-395.216253372148,35,-4347.31565235315
320,8,40,795.473440323969,40,-3621.64121094022,40,-504.283322998662,40,-4071.12082595355
320,8,45,838.928674868636,45,-3977.43692586367,45,-621.420753000633,45,-3761.42490361735
320,8,50,859.404568121064,50,-4300.80433852092,50,-742.824546839571,50,-3420.35936549866
320,8,55,855.193626266139,55,-4590.55849286181,55,-863.914595084134,55,-3050.69253267339
320,8,60,826.286109558417,60,-4845.81090137296,60,-979.719770279678,60,-2655.6722702707
320,8,65,774.549365368764,65,-5065.56990352095,65,-1085.39409557946,65,-2238.85234424911
320,8,70,703.529761360256,70,-5248.49380433724,70,-1176.72419890332,70,-1803.95884900706
320,8,75,617.949754817817,75,-5392.87653291045,75,-1250.50603164025,75,-1354.82026425339
320,8,80,523.05300887515,80,-5496.84745994022,80,-1304.72750468225,80,-895.346594661532
320,8,85,423.960455265774,85,-5558.68968327543,85,-1338.56044651772,85,-429.520781634627
320,8,90,325.155456415963,90,-5577.1544341957,90,-1352.21177831685,90,38.6312716565958
325,8,0,-11.027512957027,0,-9.53733821553171,0,-87.7882553944199,0,-5944.69822550287
325,8,5,100.935301360343,5,-550.202035340958,5,-89.3996845106104,5,-5915.43114371368
325,8,10,212.518382533239,10,-1086.95823451458,10,-107.959669404478,10,-5844.30379136287
325,8,15,321.356661595748,15,-1615.6311028806,15,-143.092189817422,15,-5731.63873905926
325,8,20,424.988377334803,20,-2131.76934653647,20,-194.201306837722,20,-5577.70889347555
325,8,25,520.792074343147,25,-2630.76177597254,25,-260.46878183824,25,-5382.86890970762
325,8,30,605.935104064489,30,-3108.05201281777,30,-340.767750022226,30,-5147.71054732487
325,8,35,677.400554272838,35,-3559.40336324688,35,-433.505460882867,35,-4873.21203296952
325,8,40,732.148485993792,40,-3981.14048705558,40,-536.448544159987,40,-4560.84964496034
325,8,45,767.421821064509,45,-4370.29211113691,45,-646.608319978641,45,-4212.6470608849
325,8,50,781.145049220562,50,-4724.58664360434,50,-760.256809898386,50,-3831.15490907727
325,8,55,772.314310054886,55,-5042.30294108742,55,-873.10613769886,55,-3419.37385401376
325,8,60,741.26521515572,60,-5322.03142348332,60,-980.630274042265,60,-2980.65040689616
325,8,65,689.736668512884,65,-5562.43268830619,65,-1078.46167946326,65,-2518.57813886051
325,8,70,620.71013402951,70,-5762.07758241482,70,-1162.77508005676,70,-2036.92679719145
325,8,75,538.067151897203,75,-5919.41704029363,75,-1230.5816963887,75,-1539.60363088554
325,8,80,446.148986679976,80,-6032.87929712282,80,-1279.89071497342,80,-1030.63443626456
325,8,85,349.310867353824,85,-6101.04855539984,85,-1309.73399454201,85,-514.144430569967
325,8,90,251.545217864325,90,-6122.85877617375,90,-1320.08002880041,90,5.67645401876
330,8,0,-10.0157602521886,0,-25.9832475715262,0,-165.211984091018,0,-6594.70090665269
330,8,5,89.9268080365268,5,-615.729469367363,5,-166.080838253046,5,-6562.61647419623
330,8,10,189.200262180185,10,-1200.13799673272,10,-182.513363269482,10,-6482.64003427616
330,8,15,285.442312246095,15,-1774.64143177126,15,-214.25089817736,15,-6355.33311611096
330,8,20,376.183047504609,20,-2334.61200894197,20,-260.762636342525,20,-6181.38915326502
330,8,25,458.839167125156,25,-2875.44552792051,25,-321.203540966708,25,-5961.71968821328
330,8,30,530.746373711945,30,-3392.69375728277,30,-394.333822064035,30,-5697.54713559724
330,8,35,589.254697767759,35,-3882.21615190023,35,-478.420256234791,35,-5390.4817817711
330,8,40,631.897994861819,40,-4340.31182025828,40,-571.155229657178,40,-5042.56591155699
330,8,45,656.624764539606,45,-4763.79519847336,45,-669.634547105546,45,-4656.27728388139
330,8,50,662.051480024464,50,-5149.99468182194,50,-770.425370489754,50,-4234.49533639966
330,8,55,647.682977837378,55,-5496.67783064497,55,-869.733044481684,55,-3780.44296673848
330,8,60,614.045205251262,60,-5801.93072969418,60,-963.64791269363,60,-3297.62118856038
330,8,65,562.694474929217,65,-6064.03322276756,65,-1048.43081515728,65,-2789.7519203025
330,8,70,496.09733124891,70,-6281.37063541444,70,-1120.7866664103,70,-2260.73687909734
330,8,75,417.405129258908,75,-6452.40730706135,75,-1178.08141381664,75,-1714.63148186021
330,8,80,330.167715476973,80,-6575.72459501207,80,-1218.47477877645,80,-1155.62583143237
330,8,85,238.036754204809,85,-6650.10510004757,85,-1240.96210723875,85,-588.02300110854
330,8,90,144.502887922025,90,-6674.63299942966,90,-1245.33637831293,90,-16.2081611376985
335,8,0,-8.75735087123306,0,-38.8655509081144,0,-250.609286213899,0,-7206.19651286738
335,8,5,74.1269647182123,5,-674.764243749618,5,-251.251253235984,5,-7171.75220709338
335,8,10,156.003650958028,10,-1304.46242029432,10,-265.601798835352,10,-7083.86052434027
335,8,15,234.596009897075,15,-1923.05608407184,15,-293.393929327377,15,-6943.30018291066
335,8,20,307.586214311121,20,-2525.71701943636,20,-334.039526439886,20,-6751.1310031742
335,8,25,372.648199620468,25,-3107.74970128492,25,-386.596937027863,25,-6508.72657661701
335,8,30,427.509800589086,30,-3664.66558657457,30,-449.728293998784,30,-6217.80823341122
335,8,35,470.050384821539,35,-4192.26167263087,35,-521.661636669006,35,-5880.46873394454
335,8,40,498.431286211841,40,-4686.68688202965,40,-600.177176689903,40,-5499.17806348889
335,8,45,511.245397439675,45,-5144.4817862364,45,-682.635981602374,45,-5076.76925898434
335,8,50,507.662863535387,50,-5562.58410078716,50,-766.062237489344,50,-4616.40767514067
335,8,55,487.545548489225,55,-5938.30211349302,55,-847.278682306409,55,-4121.55085094669
335,8,60,451.505912776529,60,-6269.2674074931,60,-923.082194143738,60,-3595.90711187885
335,8,65,400.895671164521,65,-6553.38367984654,65,-990.43682116639,65,-3043.39919798079
335,8,70,337.723206600919,70,-6788.78832161688,70,-1046.65763661771,70,-2468.13553907281
335,8,75,264.512118323463,75,-6973.83804357314,75,-1089.56144278391,75,-1874.38791224463
335,8,80,184.122874562384,80,-7107.12144590187,80,-1117.56807640391,80,-1266.57164898325
335,8,85,99.56344062066,85,-7187.49318438194,85,-1129.74608160605,85,-649.224149312099
335,8,90,13.813118123554,90,-7214.11903418353,90,-1125.80592127618,90,-26.9790592816244
340,8,0,-8.10204014199386,0,-46.2643307977185,0,-336.181637709272,0,-7749.82326728925
340,8,5,52.8863382696485,5,-723.850456400049,5,-336.825602113133,5,-7713.84731154878
340,8,10,112.690046705929,10,-1394.92116949714,10,-348.622077851342,10,-7619.71982453947
340,8,15,169.292337170723,15,-2054.28528125309,15,-371.267382608493,15,-7468.3335610218
340,8,20,220.702752567536,20,-2696.88360408243,20,-404.129817430925,20,-7260.96704180085
340,8,25,265.007201326031,25,-3317.83194116339,25,-446.240919177924,25,-6999.28209925859
340,8,30,300.430928256493,30,-3912.46647633095,30,-496.290184100268,30,-6685.32103528553
340,8,35,325.414324498127,35,-4476.38742603229,35,-552.630529228642,35,-6321.49936350039
340,8,40,338.697422013027,40,-5005.49590503558,40,-613.302263256487,40,-5910.59166409288
340,8,45,339.404873102537,45,-5496.01971586758,45,-676.081679237699,45,-5455.7101669515
340,8,50,327.120399806734,50,-5944.52600582699,50,-738.556692853088,50,-4960.27761335372
340,8,55,301.939090232286,55,-6347.92174772856,55,-798.2270184559,55,-4427.99714716378
340,8,60,264.487924844751,60,-6703.44582040657,60,-852.621434275649,60,-3862.82215793678
340,8,65,215.909184728078,65,-7008.65819142012,65,-899.421025386694,65,-3268.92821551641
340,8,70,157.806916320986,70,-7261.43182933257,70,-936.575824103558,70,-2650.68789240563
340,8,75,92.1620770101537,75,-7459.95155190416,75,-962.403257242026,75,-2012.64791063073
340,8,80,21.2261544652138,80,-7602.72161911764,80,-975.659845303766,80,-1359.50715244404
340,8,85,-52.5948078507168,85,-7688.58134929835,85,-975.581801475975,85,-696.09387579232
340,8,90,-126.853891051834,90,-7716.72616556823,90,-961.894538813231,90,-27.3409035136252
345,8,0,-8.81256861190088,0,-47.9675806966036,0,-411.679392744349,0,-8198.40849271379
345,8,5,26.6366101775598,5,-761.166260348792,5,-412.167294287426,5,-8161.75403448665
345,8,10,60.9853754646771,10,-1467.90133937081,10,-420.538659009102,10,-8063.27183398737
345,8,15,92.6663129465756,15,-2162.74192901513,15,-436.492368148196,15,-7903.86327139264
345,8,20,120.171565714595,20,-2840.39157568198,20,-459.446962543852,20,-7684.87890703524
345,8,25,142.101499597493,25,-3495.72801079728,25,-488.548230884694,25,-7408.10278659419
345,8,30,157.215359369115,30,-4123.84046504295,30,-522.684310828503,30,-7075.73503315396
345,8,35,164.482496466675,35,-4720.06374840709,35,-560.510285242905,35,-6690.37216429376
345,8,40,163.131539234213,40,-5280.00816695769,40,-600.483986773926,40,-6254.98487379136
345,8,45,152.693859160971,45,-5799.58455295963,45,-640.913832806344,45,-5772.89344996275
345,8,50,133.037161760208,50,-6275.0241867582,50,-680.018117214449,50,-5247.74140037134
345,8,55,104.385207768051,55,-6702.89404630194,55,-715.993546901962,55,-4683.46807841819
345,8,60,67.3206010538664,60,-7080.10844052687,60,-747.089274358119,60,-4084.2810935754
345,8,65,22.7691357982187,65,-7403.93848582564,65,-771.681579333211,65,-3454.629051002
345,8,70,-28.0339010254752,70,-7672.02096135334,70,-788.343933680023,70,-2799.17479549111
345,8,75,-83.5931798381232,75,-7882.3678226775,75,-795.907527923144,75,-2122.76894934821
345,8,80,-142.214691231098,80,-8033.37715522821,80,-793.508363074617,80,-1430.4232414367
345,8,85,-202.074228439132,85,-8123.84575857904,85,-780.618501108986,85,-727.282984238891
345,8,90,-261.287948947649,90,-8152.98302190377,90,-757.060739722495,90,-18.5980641557005
350,8,0,-11.38041625979,0,-45.6254209702345,0,-465.704498789866,0,-8529.16981644839
350,8,5,-3.05274118936694,5,-786.509471900415,5,-465.524627660409,5,-8492.40286730294
350,8,10,4.51720649351147,10,-1521.11556618377,10,-469.462631404102,10,-8391.1974042066
350,8,15,10.3515290976463,15,-2243.8279757184,15,-477.283384711549,15,-8226.40508338079
350,8,20,13.5292969036842,20,-2949.14557386436,20,-488.561634435517,20,-7999.35982923591
350,8,25,13.2215045564463,25,-3631.72299015311,25,-502.693540082613,25,-7711.86242563658
350,8,30,8.72422248714474,30,-4286.40921849599,30,-518.914447914992,30,-7366.16220331829
350,8,35,-0.511229030364446,35,-4908.28349700708,35,-536.322816470899,35,-6964.93613315218
350,8,40,-14.8523777195344,40,-5492.68833237435,40,-553.909971999401,40,-6511.26563264516
350,8,45,-34.4653082264442,45,-6035.25961870217,45,-570.595045353794,45,-6008.61139933723
350,8,50,-59.3012444842323,50,-6531.95389675461,50,-585.264060301782,50,-5460.7865833198
350,8,55,-89.0910445254798,55,-6979.07290093508,55,-596.811759933927,55,-4871.92858778794
350,8,60,-123.348278717483,60,-7373.28562841347,60,-604.18443523005,60,-4246.46973431339
350,8,65,-161.381080100253,65,-7711.64821791774,65,-606.421816309768,65,-3589.10695070222
350,8,70,-202.312413090608,70,-7991.62193119456,70,-602.696044223817,70,-2904.77054459228
350,8,75,-245.107871791004,75,-8211.08948408855,75,-592.345875462393,75,-2198.59203095116
350,8,80,-288.609659262909,80,-8368.36988290697,80,-574.904569970712,80,-1475.87090226785
350,8,85,-331.575069693707,85,-8462.2317992523,85,-550.120337927037,85,-742.040178735666
350,8,90,-372.717629837182,90,-8491.90538017464,90,-517.968714759626,90,-2.63055858594506
355,8,0,-15.9359244959458,0,-42.0989379752816,0,-487.945032308031,0,-8725.27445845013
355,8,5,-33.8498837629016,5,-800.753683267341,5,-486.366757349286,5,-8688.53388751012
355,8,10,-51.9751877391214,10,-1553.26895598268,10,-484.985754247582,10,-8585.7931204348
355,8,15,-70.6401278256641,15,-2293.91070530015,15,-483.69048001409,15,-8417.85319831005
355,8,20,-90.1416586260792,20,-3017.04110113249,20,-482.28825959684,20,-8186.01182462761
355,8,25,-110.729246026537,25,-3717.16131879135,25,-480.512464534466,25,-7892.05192790199
355,8,30,-132.590219785288,30,-4388.95284342279,30,-478.032681696173,30,-7538.22664973508
355,8,35,-155.837174765849,35,-5027.3170259679,35,-474.467576368601,35,-7127.24097276881
355,8,40,-180.49791119861,40,-5627.41265991001,40,-469.400052999477,40,-6662.2302122572
355,8,45,-206.508330182831,45,-6184.69138285429,45,-462.394224127674,45,-6146.73559791157
355,8,50,-233.708606623828,50,-6694.9307378186,50,-453.013618309742,50,-5584.6771702173
355,8,55,-261.842850084898,55,-7154.26475489457,55,-440.839996393739,55,-4980.32420875559
355,8,60,-290.562338533781,60,-7559.21193376453,60,-425.492107172476,60,-4338.26340058824
355,8,65,-319.432276266453,65,-7906.70052086023,65,-406.643702124078,65,-3663.36494612301
355,8,70,-347.941892260113,70,-8194.09098161587,70,-384.040146801284,70,-2960.74678990319
355,8,75,-375.517566329296,75,-8419.19556876364,75,-357.513013522398,75,-2235.73715635787
355,8,80,-401.538555043889,80,-8580.2948830256,80,-326.992114119935,80,-1493.83556750414
355,8,85,-425.354793731656,85,-8676.15131453913,85,-292.514528269131,85,-740.672522407804
355,8,90,-446.306179667625,90,-8706.01924406437,90,-254.230296350075,90,18.0319720876661
360,8,0,-22.253164959236,0,-40.1931618889251,0,-471.758856742226,0,-8776.81838044319
360,8,5,-63.2849785053066,5,-804.990339682114,5,-468.024180743921,5,-8739.91687183388
360,8,10,-103.835155152437,10,-1563.66105492387,10,-460.727558129427,10,-8636.49931852382
360,8,15,-143.595083571477,15,-2310.43136537329,15,-449.924520602663,15,-8467.35279053893
360,8,20,-182.262166699456,20,-3039.61789805562,20,-435.69728580226,20,-8233.76459509063
360,8,25,-219.542124685946,25,-3745.67110316228,25,-418.154131575686,25,-7937.5124793907
360,8,30,-255.151234540417,30,-4423.21748947582,30,-397.428571919454,30,-7580.85110092153
360,8,35,-288.818489435508,35,-5067.10051988272,35,-373.678340856982,35,-7166.49486813131
360,8,40,-320.287661232623,40,-5672.41985573435,40,-347.084191987437,40,-6697.59728214669
360,8,45,-349.31925053278,45,-6234.5686513831,45,-317.848522841703,45,-6177.72693672512
360,8,50,-375.692309411652,50,-6749.26861505934,50,-286.193834514958,50,-5610.84035910157
360,8,55,-399.206122966683,55,-7212.60256925516,55,-252.361038298992,55,-5001.25189842721
360,8,60,-419.68173687869,60,-7621.04426281046,60,-216.607622201809,60,-4353.60089096737
360,8,65,-436.96331936229,65,-7971.48520781341,65,-179.205691308413,65,-3672.81635195116
360,8,70,-450.919347139876,70,-8261.25833707055,70,-140.439896896805,70,-2964.07946278947
360,8,75,-461.44360641318,75,-8488.15830209841,75,-100.605270069883,75,-2232.78413915583
360,8,80,-468.456001214414,80,-8650.45825715719,80,-60.0049763906071,80,-1484.49598003129
360,8,85,-471.903162984938,85,-8746.92300158949,85,-18.9480086090033,85,-724.909910135534
360,8,90,-471.758856742227,90,-8776.81838044319,90,22.2531649592353,90,40.1931618889245
