"Theta [deg]","Freq [GHz]","Phi [deg]","re(rETheta) [mV]","Phi [deg]","im(rETheta) [mV]","Phi [deg]","re(rEPhi) [mV]","Phi [deg]","im(rEPhi) [mV]"
0,8,0,-35.0609837923488,0,113.250671119831,0,-2650.34810247333,0,3271.38964354181
0,8,5,-265.920623574728,5,397.940112324791,5,-2637.20696169756,5,3249.07057193048
0,8,10,-494.75644684444,10,679.60098899215,10,-2603.99508355417,10,3202.0241114243
0,8,15,-719.826874811557,15,956.089691778982,15,-2550.96523048972,15,3130.60831399517
0,8,20,-939.418985618006,20,1225.30197470864,20,-2478.52099170632,20,3035.36669698355
0,8,25,-1151.86155070721,25,1485.1889697532,25,-2387.21371160414,25,2917.02410660336
0,8,30,-1355.53775388251,30,1733.77277995631,30,-2277.73829371761,30,2776.48120142461
0,8,35,-1548.89749625469,35,1969.16153242334,35,-2150.9279120799,35,2614.80759781783
0,8,40,-1730.4691934305,40,2189.56377661638,40,-2007.74767026548,40,2433.23372952767
0,8,45,-1898.87097515843,45,2393.30211837462,45,-1849.28725636915,45,2233.1414833291
0,8,50,-2052.82120219576,50,2578.82598589669,50,-1676.75264982167,50,2016.0536820347
0,8,55,-2191.14822035705,55,2744.72343052839,55,-1491.45694315812,55,1783.62249489352
0,8,60,-2312.79927750996,60,2889.73187254444,60,-1294.81034859081,60,1537.6168635855
0,8,65,-2416.84853565463,65,3012.74771014262,65,-1088.30946544287,65,1279.90903950714
0,8,70,-2502.50411710992,70,3112.83471851981,70,-873.525890123676,70,1012.46033480792
0,8,75,-2569.1141311807,75,3189.23117510808,75,-652.094255331292,75,737.306195620553
0,8,80,-2616.17163543968,80,3241.35565674333,80,-425.699789510559,80,456.540711086859
0,8,85,-2643.31849386533,85,3268.81146464672,85,-196.06549124709,85,172.300676074975
0,8,90,-2650.34810247333,90,3271.38964354181,90,35.0609837923489,90,-113.25067111983
5,8,0,-27.843510549314,0,119.763450746257,0,-2854.78584409855,0,3271.75144731804
5,8,5,-260.679094444311,5,384.729156839435,5,-2840.6942314754,5,3250.854587858
5,8,10,-491.367441542752,10,647.171192018155,10,-2806.51482124997,10,3209.00872754595
5,8,15,-718.187914419723,15,905.551975927782,15,-2752.50995589331,15,3146.44245183341
5,8,20,-939.448646338612,20,1158.34401023801,20,-2679.08959252156,20,3063.46098185316
5,8,25,-1153.49988698123,25,1404.02701625511,25,-2586.8086012756,25,2960.44841955746
5,8,30,-1358.74711442133,30,1641.08600081784,30,-2476.36253422487,30,2837.87206496419
5,8,35,-1553.66361880603,35,1868.01076945078,35,-2348.58188935232,35,2696.28854676787
5,8,40,-1736.80227534202,40,2083.29733995309,40,-2204.42498219607,40,2536.3513966353
5,8,45,-1906.80626711098,45,2285.4516225108,45,-2044.96961772077,45,2358.81960445449
5,8,50,-2062.41858726479,50,2472.9956287883,50,-1871.40381581715,50,2164.56661993255
5,8,55,-2202.49023652896,55,2644.47635719096,55,-1685.01587688475,55,1954.58921723736
5,8,60,-2325.98712419614,60,2798.47737938247,60,-1487.18407464082,60,1730.01561477335
5,8,65,-2431.99576652889,65,2933.63302869574,65,-1279.36623177473,65,1492.11224179399
5,8,70,-2519.72794437667,70,3048.64496850911,70,-1063.0893751863,70,1242.28856695336
5,8,75,-2588.52452331105,75,3142.30080197315,75,-839.939589991189,75,982.09945026166
5,8,80,-2637.85865017624,80,3213.49427757853,80,-611.552106282071,80,713.244548055658
5,8,85,-2667.33851961018,85,3261.24655186818,85,-379.601571401338,85,437.564388895257
5,8,90,-2676.7098569866,90,3284.72789503485,90,-145.792393628038,90,157.032844476661
10,8,0,-18.1345360936913,0,118.407617456203,0,-3140.96312626165,0,3202.64277299377
10,8,5,-261.145764855435,5,366.123687836711,5,-3126.88759586298,5,3182.56661885244
10,8,10,-502.083344359686,10,611.597728967644,10,-3091.87489900006,10,3145.71367675672
10,8,15,-739.126551262485,15,853.883454794739,15,-3036.11810137182,15,3092.23833684722
10,8,20,-970.462213314128,20,1092.02846967743,20,-2959.98338474064,20,3022.25057583553
10,8,25,-1194.30829794408,25,1325.04987788869,25,-2864.01471261706,25,2935.82346267447
10,8,30,-1408.93936832734,30,1551.91224076913,30,-2748.93261202623,30,2833.00715797862
10,8,35,-1612.71179312506,35,1771.50918203169,35,-2615.62653501777,35,2713.84854061232
10,8,40,-1804.08648342367,40,1982.64970543635,40,-2465.14113073242,40,2578.41537819991
10,8,45,-1981.64718505911,45,2184.05003565063,45,-2298.65761156083,45,2426.82383104602
10,8,50,-2144.11294730929,50,2374.33154374341,50,-2117.47207544873,50,2259.26802795734
10,8,55,-2290.3442191108,55,2552.02508729858,55,-1922.9730199846,55,2076.05045634292
10,8,60,-2419.34293940891,60,2715.58188648666,60,-1716.6202820253,60,1877.6119427918
10,8,65,-2530.24781947181,65,2863.39086761497,65,-1499.92726583345,65,1664.56004126617
10,8,70,-2622.32661354382,70,2993.80222385692,70,-1274.44766420672,70,1437.69467890889
10,8,75,-2694.96744509425,75,3105.15675507265,75,-1041.76706567805,75,1198.02993069757
10,8,80,-2747.67117531148,80,3195.82034250362,80,-803.499031747274,80,946.810813423786
10,8,85,-2780.04641481112,85,3264.2226837051,85,-561.284561086439,85,685.524028073415
10,8,90,-2791.80818770952,90,3308.8991628347,90,-316.793428658975,90,415.901666174681
15,8,0,-7.61501559418087,0,110.534818649889,0,-3473.81859884219,0,3078.08736955189
15,8,5,-266.31225439102,5,346.345182811306,5,-3461.62422941317,5,3058.29526434143
15,8,10,-523.450406940091,10,579.964280147996,10,-3427.18226191161,10,3025.89390030726
15,8,15,-777.041986072912,15,810.926496412289,15,-3370.43627611159,15,2980.99237618187
15,8,20,-1025.02747942918,20,1038.75335989625,20,-3291.5554742605,20,2923.53895542596
15,8,25,-1265.32199614012,25,1262.91184781604,25,-3190.96795873975,25,2853.33721184016
15,8,30,-1495.87404702712,30,1482.77670228144,30,-3069.37635758301,30,2770.07221806074
15,8,35,-1714.72885451655,35,1697.59826230008,35,-2927.75187399939,35,2673.34448574706
15,8,40,-1920.08713915517,40,1906.47688642771,40,-2767.30654791793,40,2562.70927807534
15,8,45,-2110.35070204109,45,2108.34467095319,45,-2589.44753098582,45,2437.71911161937
15,8,50,-2284.14836613895,50,2301.95490433347,50,-2395.72055310373,50,2297.9676829974
15,8,55,-2440.33950462637,55,2485.87955712873,55,-2187.7516659815,55,2143.13398108562
15,8,60,-2577.99662651623,60,2658.51507005622,60,-1967.19631589912,60,1973.02583452247
15,8,65,-2696.37230729298,65,2818.09672193221,65,-1735.70286207284,65,1787.62246004001
15,8,70,-2794.85827768258,70,2962.72186835787,70,-1494.89435205867,70,1587.11562559664
15,8,75,-2872.94522529244,75,3090.38227562691,75,-1246.36854807201,75,1371.94879452241
15,8,80,-2930.19081787083,80,3199.00557991919,80,-991.712784234383,80,1142.85311591299
15,8,85,-2966.20106151238,85,3286.50554488154,85,-732.527940481784,85,900.878479706096
15,8,90,-2980.62707025791,90,3350.8402570655,90,-470.454988237492,90,647.417218426073
20,8,0,1.06942510875677,0,98.5530362625408,0,-3811.02512399826,0,2919.07295194406
20,8,5,-274.76761237459,5,330.418503078185,5,-3802.74274314947,5,2899.57158565552
20,8,10,-550.1271716922,10,559.983585248733,10,-3770.99523157057,10,2871.16367711474
20,8,15,-822.92084938762,15,787.03100888884,15,-3715.23156672732,15,2833.88988499844
20,8,20,-1090.81299583345,20,1011.33410563513,20,-3635.1819035754,20,2787.54472867629
20,8,25,-1351.29335616018,25,1232.61292286165,25,-3530.95803514609,25,2731.70775745856
20,8,30,-1601.7915889242,30,1450.49404058363,30,-3403.11669116601,30,2665.78557160736
20,8,35,-1839.81621757145,35,1664.4744689494,35,-3252.67046177491,35,2589.06011287409
20,8,40,-2063.09318796363,40,1873.88973563154,40,-3081.04146568809,40,2500.73867439715
20,8,45,-2269.67752959701,45,2077.88627061205,45,-2889.9655284559,45,2400.00195039064
20,8,50,-2458.01672009447,50,2275.39854332686,50,-2681.36608586505,50,2286.0480859258
20,8,55,-2626.95517006149,55,2465.13203918925,55,-2457.22383930891,55,2158.13270748197
20,8,60,-2775.68280960033,60,2645.553845681,60,-2219.46826813333,60,2015.60674332318
20,8,65,-2903.64319318622,65,2814.89304776898,65,-1969.91050266633,65,1857.95494913662
20,8,70,-3010.42442975569,70,2971.15309187972,70,-1710.2259506777,70,1684.83814173723
20,8,75,-3095.65777864582,75,3112.13775764103,75,-1441.98288400389,75,1496.14120891337
20,8,80,-3158.9441888112,80,3235.49156868077,80,-1166.70336436649,80,1292.02722405008
20,8,85,-3199.82039417492,85,3338.75463414087,85,-885.937724868451,85,1072.99575949259
20,8,90,-3217.76625530286,90,3419.43117953919,90,-601.333944591297,90,839.941082771413
25,8,0,5.2574301500336,0,84.9894464961009,0,-4111.79466870824,0,2748.56580654054
25,8,5,-284.977529501476,5,321.852201050079,5,-4108.6612637897,5,2730.1982422652
25,8,10,-576.24659960972,10,556.279668258242,10,-4081.47570409392,10,2705.7738406959
25,8,15,-866.609221590766,15,787.984954405705,15,-4028.98519644634,15,2675.19891675077
25,8,20,-1153.59874430469,20,1016.68918870174,20,-3950.22876101897,20,2638.10208130669
25,8,25,-1434.29230977615,25,1242.10023313994,25,-3844.75215115387,25,2593.88328241392
25,8,30,-1705.48396173403,30,1463.89042334429,30,-3712.76679722853,30,2541.77320492707
25,8,35,-1963.93505359764,35,1681.67020742792,35,-3555.21104372215,35,2480.89576176823
25,8,40,-2206.65158666253,40,1894.95467151944,40,-3373.69273605744,40,2410.3248616554
25,8,45,-2431.12597617759,45,2103.12126382641,45,-3170.32249938806,45,2329.12784468813
25,8,50,-2635.48680812846,50,2305.3599496742,50,-2947.47718087811,50,2236.39219393167
25,8,55,-2818.52377459737,55,2500.62098471691,55,-2707.5521947171,55,2131.23800148484
25,8,60,-2979.58869214534,60,2687.56897247172,60,-2452.76282128581,60,2012.82392953941
25,8,65,-3118.40595431203,65,2864.55312801584,65,-2185.03760576936,65,1880.35710493544
25,8,70,-3234.84646000347,70,3029.60175133432,70,-1906.01847434639,70,1733.11682820171
25,8,75,-3328.72254305133,75,3180.44436961895,75,-1617.15236487521,75,1570.49887141623
25,8,80,-3399.64884744512,80,3314.55974597574,80,-1319.8375950313,80,1392.08289000364
25,8,85,-3446.99172651243,85,3429.24426195632,85,-1015.58007884928,85,1197.72120311535
25,8,90,-3469.90573385559,90,3521.69446063945,90,-706.119685167446,90,987.643172432484
30,8,0,3.32227910904143,0,71.7882589409791,0,-4344.27377499691,0,2586.90063205519
30,8,5,-295.461233570204,5,321.304901791492,5,-4345.94068113094,5,2571.15582299283
30,8,10,-596.767896435636,10,568.395386941576,10,-4323.9028953317,10,2551.13175218299
30,8,15,-899.210765752013,15,812.392195820488,15,-4276.18145846001,15,2526.54887080372
30,8,20,-1200.55535843985,20,1052.66010275941,20,-4200.99704355835,20,2496.87647589958
30,8,25,-1497.70444862504,25,1288.62529384118,25,-4097.12923834869,25,2461.38690363393
30,8,30,-1786.87840742984,30,1519.79748192324,30,-3964.22302160212,30,2419.22758088221
30,8,35,-2063.97741654955,35,1745.77418402007,35,-3802.95327520963,35,2369.50159960176
30,8,40,-2325.05101724136,40,1966.21471185039,40,-3614.9881787909,40,2311.33750962138
30,8,45,-2566.75652023765,45,2180.77458187086,45,-3402.75041545124,45,2243.92797302698
30,8,50,-2786.68205185243,50,2389.00099750982,50,-3169.04043739604,50,2166.52674737367
30,8,55,-2983.44841518472,55,2590.20466697568,55,-2916.63158811352,55,2078.40974285065
30,8,60,-3156.57278660739,60,2783.33630588157,60,-2647.95306049367,60,1978.82049707229
30,8,65,-3306.14940988656,65,2966.90054459739,65,-2364.94158793937,65,1866.92641621649
30,8,70,-3432.45073681793,70,3138.93180172976,70,-2069.08279425587,70,1741.80781449791
30,8,75,-3535.56228253243,75,3297.03841337396,75,-1761.60364896657,75,1602.49106693943
30,8,80,-3615.13854313017,80,3438.5008395938,80,-1443.73985327117,80,1448.02649676792
30,8,85,-3670.32127296066,85,3560.396435511,85,-1116.99465779328,85,1277.60543731518
30,8,90,-3699.8141869436,90,3659.72278098963,90,-783.32353358746,90,1090.70910915107
35,8,0,-4.68999515156786,0,60.09364364135,0,-4489.45599164245,0,2448.92062074291
35,8,5,-304.884110509745,5,326.834479201617,5,-4493.73451454456,5,2437.2261761091
35,8,10,-608.388028815216,10,591.451842452511,10,-4475.5150272767,10,2421.92803103148
35,8,15,-914.802936385322,15,852.702114542961,15,-4432.37469120644,15,2402.62192888522
35,8,20,-1222.67737881771,20,1109.37986971285,20,-4361.85848521048,20,2378.71485851768
35,8,25,-1529.26330615628,25,1360.41657850371,25,-4261.95656085842,25,2349.43799575417
35,8,30,-1830.55931610504,30,1604.97607021075,30,-4131.58504022919,30,2313.91470536851
35,8,35,-2121.69844051545,35,1842.52312899186,35,-3970.9154810874,35,2271.27535660961
35,8,40,-2397.6161584233,40,2072.83010382701,40,-3781.42334057213,40,2220.77396004388
35,8,45,-2653.81711847603,45,2295.88862980117,45,-3565.61671238041,45,2161.84991923783
35,8,50,-2887.00515779624,50,2511.71752385766,50,-3326.52704253309,50,2094.09962943822
35,8,55,-3095.38165638755,55,2720.09844367802,55,-3067.13603994282,55,2017.16522853628
35,8,60,-3278.53587122388,60,2920.30937534042,60,-2789.93192481152,60,1930.5869962251
35,8,65,-3436.99307793324,65,3110.94021163795,65,-2496.72665406198,65,1833.6803445434
35,8,70,-3571.59033798721,70,3289.85278730333,70,-2188.75843091348,70,1725.48295067876
35,8,75,-3682.87908330396,75,3454.2970530503,75,-1867.00376655538,75,1604.78534708931
35,8,80,-3770.71133186653,80,3601.13901505246,80,-1532.57084521931,80,1470.23024595144
35,8,85,-3834.08453970024,85,3727.12117789746,85,-1187.04967649587,85,1320.45679494436
35,8,90,-3871.23781334419,90,3829.07755482728,90,-832.735391019158,90,1154.27551006139
40,8,0,-17.1018458185125,0,50.4506788332511,0,-4541.04795410587,0,2343.2614980284
40,8,5,-312.055366349077,5,335.361650419696,5,-4544.36235176908,5,2336.07257674212
40,8,10,-609.708306683902,10,618.788061166347,10,-4526.79270919517,10,2324.95820706104
40,8,15,-910.916612301858,15,898.896809242997,15,-4486.08718789758,15,2309.66692554124
40,8,20,-1215.63800430399,20,1173.8558278256,20,-4419.60963844754,20,2289.81243917958
40,8,25,-1522.27297577077,25,1441.99773064272,25,-4324.82002920788,25,2264.74439716244
40,8,30,-1827.31194245223,30,1702.00688375367,30,-4199.89461167768,30,2233.57520931672
40,8,35,-2125.5270516776,35,1953.09389168742,35,-4044.26446648689,35,2195.36537260606
40,8,40,-2410.74655850174,40,2195.08221421913,40,-3858.83864774203,40,2149.36851213469
40,8,45,-2676.99582085216,45,2428.32155154305,45,-3645.79333486004,45,2095.1948889562
40,8,50,-2919.61378583305,50,2653.38703599072,50,-3407.99990337057,50,2032.79390843985
40,8,55,-3135.95265003102,55,2870.61354588039,55,-3148.32810601755,55,1962.25555721464
40,8,60,-3325.44121924879,60,3079.60580115765,60,-2869.10458052034,60,1883.52627655829
40,8,65,-3489.04668399945,65,3278.90186197093,65,-2571.9140280624,65,1796.17084105664
40,8,70,-3628.3797689092,70,3465.92109564754,70,-2257.76406759932,70,1699.27380660431
40,8,75,-3744.76965050696,75,3637.21615567414,75,-1927.49111001841,75,1591.49444163144
40,8,80,-3838.58070466547,80,3788.92813920924,80,-1582.22814121411,80,1471.22141592206
40,8,85,-3908.90946530783,85,3917.27444514336,85,-1223.78661080525,85,1336.7561782884
40,8,90,-3953.66154673523,90,4018.90900645365,90,-854.876613769991,90,1186.4878657725
45,8,0,-31.2255462241486,0,43.136120371277,0,-4502.30239210876,0,2273.18006694861
45,8,5,-315.812866161369,5,344.347332328774,5,-4500.72132973361,5,2269.35691210517
45,8,10,-600.64526767577,10,644.90703901976,10,-4479.61790005557,10,2260.44102181613
45,8,15,-887.757798156156,15,942.544183793922,15,-4437.73933014497,15,2246.87721013644
45,8,20,-1179.05309889117,20,1234.9243962624,20,-4373.06880046737,20,2228.97488871808
45,8,25,-1475.04697915607,25,1519.83592505006,25,-4283.10485157384,25,2206.46890953291
45,8,30,-1773.76746354586,30,1795.44954378816,30,-4165.49797626208,30,2178.43706911926
45,8,35,-2070.38028829058,35,2060.62265005525,35,-4018.7875255619,35,2143.6100953327
45,8,40,-2357.84229690701,40,2315.12197573345,40,-3842.88488374444,40,2100.88311363472
45,8,45,-2628.4204288885,45,2559.5906571812,45,-3639.05957963016,45,2049.72637300435
45,8,50,-2875.50309688293,50,2795.14897299864,50,-3409.44729988491,50,1990.26240687301
45,8,55,-3094.99641743296,55,3022.68588066177,55,-3156.34896730797,55,1922.97871792583
45,8,60,-3285.80329795295,60,3242.079832603,60,-2881.67242039327,60,1848.24956625836
45,8,65,-3449.29980464695,65,3451.66549925104,65,-2586.74730850224,65,1765.92416894407
45,8,70,-3588.12295686866,70,3648.17811730022,70,-2272.52120834152,70,1675.16569116695
45,8,75,-3704.78418407346,75,3827.20045914599,75,-1939.97125740387,75,1574.56206679876
45,8,80,-3800.57619023556,80,3983.92315990453,80,-1590.52772849962,80,1462.38843128808
45,8,85,-3875.02999604979,85,4113.91868882748,85,-1226.38154800225,85,1336.86259735383
45,8,90,-3925.93871554369,90,4213.66514379074,90,-850.648185612384,90,1196.3047276976
50,8,0,-44.2192240167982,0,38.3372097649868,0,-4381.72149748471,0,2237.8819734152
50,8,5,-314.844044034486,5,352.733540816877,5,-4372.18229295893,5,2234.72773596879
50,8,10,-581.424863936492,10,667.172465153164,10,-4343.63289552327,10,2224.60345396579
50,8,15,-846.702651234339,15,979.162259236707,15,-4296.61705945829,15,2209.40031684961
50,8,20,-1114.80543734214,20,1286.14317939188,20,-4230.65606134842,20,2190.80034865607
50,8,25,-1389.29239413834,25,1585.61088584725,25,-4144.08044382733,25,2169.30508871457
50,8,30,-1670.93905231688,30,1875.36392825067,30,-4034.47521811541,30,2143.93691384582
50,8,35,-1956.32653504509,35,2153.90149107805,35,-3899.51520364716,35,2112.72463238417
50,8,40,-2238.01345246109,40,2420.81088931664,40,-3737.7412909948,40,2073.65557379441
50,8,45,-2506.34314751222,45,2676.85309208585,45,-3548.88707481874,45,2025.53814477608
50,8,50,-2752.1505455603,50,2923.51929714839,50,-3333.66817911471,50,1968.31249521073
50,8,55,-2969.2165817243,55,3162.09742220177,55,-3093.27505865224,55,1902.70259047167
50,8,60,-3155.48945777048,60,3392.59603504524,60,-2828.93651701844,60,1829.48459638807
50,8,65,-3312.71874083346,65,3613.0121309426,65,-2541.78836574144,65,1748.81846753828
50,8,70,-3444.85944276911,70,3819.29275096275,70,-2233.031649524,70,1659.97630852703
50,8,75,-3556.03658964612,75,4006.00908160878,75,-1904.19951780661,75,1561.51748499681
50,8,80,-3648.86456094107,80,4167.4369288236,80,-1557.36410319571,80,1451.70680316095
50,8,85,-3723.58558639798,85,4298.59636467169,85,-1195.24033504971,85,1328.89165984658
50,8,90,-3778.06421961603,90,4395.89087437551,90,-821.248759279853,90,1191.66045555232
55,8,0,-53.8173450675273,0,36.0920671696719,0,-4189.43426365639,0,2233.55085767705
55,8,5,-307.581040129172,5,360.797081855143,5,-4170.69098119632,5,2227.53879096004
55,8,10,-551.703872690538,10,685.675347400101,10,-4132.31020680477,10,2212.08613805388
55,8,15,-788.867862316219,15,1008.16309325751,15,-4077.12389580506,15,2191.30665639789
55,8,20,-1025.3451281974,20,1325.82942782868,20,-4006.95980481339,20,2168.98764023533
55,8,25,-1268.37272596532,25,1636.32596770435,25,-3921.81779957865,25,2146.85701921996
55,8,30,-1522.56554366007,30,1937.4587427368,30,-3819.87072283467,30,2123.92671478998
55,8,35,-1787.01114914564,35,2227.54729634028,35,-3698.19720793754,35,2097.16346076405
55,8,40,-2054.51900480994,40,2505.93235880066,40,-3553.78515686238,40,2063.03598680568
55,8,45,-2313.5191559438,45,2773.22503446922,45,-3384.29645866113,45,2019.05047554531
55,8,50,-2551.80470350087,50,3030.91555164499,50,-3188.35903230396,50,1964.47874226027
55,8,55,-2760.41470859832,55,3280.32011722774,55,-2965.5089204021,55,1900.02848355181
55,8,60,-2935.96392484675,60,3521.30058464692,60,-2716.06335457666,60,1826.82956642792
55,8,65,-3080.59253569082,65,3751.40459699961,65,-2441.09162109378,65,1745.42099006804
55,8,70,-3199.88731601023,70,3965.88092391128,70,-2142.43570014763,70,1655.28131361433
55,8,75,-3299.9581888741,75,4158.56220934202,75,-1822.6414863168,75,1555.02302772043
55,8,80,-3384.97453640062,80,4323.18472648395,80,-1484.75756378381,80,1442.97590178256
55,8,85,-3455.95430790411,85,4454.57264481778,85,-1132.1180725785,85,1317.73402803434
55,8,90,-3510.85122510159,90,4549.27713903543,90,-768.286515207146,90,1178.36429755357
60,8,0,-58.7295847752458,0,36.1211950596256,0,-3935.21188686803,0,2253.90045839926
60,8,5,-292.31455119922,5,369.25208930478,5,-3908.16955953321,5,2241.7756602002
60,8,10,-510.275516107782,10,701.779580451258,10,-3859.84167178779,10,2217.2940918559
60,8,15,-714.405859633698,15,1031.04466664256,15,-3795.35066297158,15,2187.34436847463
60,8,20,-912.671059325811,20,1355.07403882023,20,-3719.21137804759,20,2158.40277788951
60,8,25,-1116.11326037969,25,1672.25478115423,25,-3633.76145718313,25,2133.87676151392
60,8,30,-1333.85486614671,30,1981.01360711802,30,-3538.4844871614,30,2112.93655325091
60,8,35,-1568.39071725971,35,2279.90281767594,35,-3430.36424669844,35,2091.30117775678
60,8,40,-1813.48721402673,40,2568.07772262618,40,-3304.93359033667,40,2063.43920230353
60,8,45,-2055.88445622592,45,2845.69786356431,45,-3157.48333640755,45,2024.94242682637
60,8,50,-2280.1014845119,50,3113.7077592248,50,-2984.04514283153,50,1973.8677284599
60,8,55,-2474.04451612177,55,3372.86437169586,55,-2782.05108910744,55,1910.5695166945
60,8,60,-2632.7808323057,60,3622.46475357727,60,-2550.7258206338,60,1836.44824033923
60,8,65,-2758.94297020859,65,3859.51385359396,65,-2291.21325713402,65,1752.53796975626
60,8,70,-2860.04193293559,70,4078.83717197781,70,-2006.35223037978,70,1658.72427546678
60,8,75,-2944.39941323967,75,4274.08529289082,75,-1700.08316318234,75,1553.84300499046
60,8,80,-3017.72624356204,80,4439.10951437931,80,-1376.67431596151,80,1436.36996131772
60,8,85,-3081.60039900645,85,4569.08661727303,85,-1040.10927116371,85,1305.16019737038
60,8,90,-3133.86544236495,90,4661.01121084624,90,-693.924928769407,90,1159.78731681749
65,8,0,-58.6862071522595,0,37.7578134289102,0,-3628.06844514471,0,2290.56648464527
65,8,5,-267.552324643573,5,378.280739693248,5,-3595.43528126968,5,2270.35791252738
65,8,10,-455.474542718574,10,716.409826794648,10,-3539.29458627363,10,2234.66262877169
65,8,15,-622.713318959069,15,1049.1754785621,15,-3466.56626269342,15,2193.25127316164
65,8,20,-778.20683213781,20,1375.26967826533,20,-3384.34387579732,20,2155.51863155268
65,8,25,-936.340785248004,25,1694.39871863334,25,-3297.63934523224,25,2126.88297721177
65,8,30,-1110.77707421938,30,2006.35603231808,30,-3207.87804789541,30,2106.98138711324
65,8,35,-1307.89401428892,35,2310.5362866977,35,-3112.58684010683,35,2090.40704978546
65,8,40,-1523.03219914933,40,2606.12943372086,40,-3006.2228507862,40,2069.46356568348
65,8,45,-1741.6725939733,45,2892.58240695314,45,-2881.72774879057,45,2037.40955026051
65,8,50,-1945.18857428361,50,3169.66571701789,50,-2732.3058177852,50,1990.57050140052
65,8,55,-2118.31831956885,55,3436.85306696922,55,-2553.01971707949,55,1928.53590919389
65,8,60,-2254.60562237226,60,3692.36941311254,60,-2341.88897064549,60,1852.81762153894
65,8,65,-2357.3473195086,65,3932.60498802592,65,-2100.22572775591,65,1765.05921644172
65,8,70,-2436.18027188507,70,4152.35836543033,70,-1832.08375121657,70,1665.83147125047
65,8,75,-2501.66225950277,75,4345.80750357425,75,-1543.00601426129,75,1554.46205387977
65,8,80,-2560.78839761605,80,4507.6840032942,80,-1238.58311689168,80,1429.69598768792
65,8,85,-2615.26182485045,85,4634.10296238231,85,-923.426531760817,85,1290.60254451872
65,8,90,-2662.46342491315,90,4722.78362628012,90,-600.9302166574,90,1137.13112985559
70,8,0,-54.2249414024537,0,40.0933005354966,0,-3276.71502600652,0,2333.72860312409
70,8,5,-232.481846625485,5,387.046027285286,5,-3242.16931541399,5,2305.30127267557
70,8,10,-386.013575718886,10,728.989687052763,10,-3181.89483217724,10,2258.36633502396
70,8,15,-513.261825191402,15,1062.31071378373,15,-3103.79275014749,15,2205.1416201906
70,8,20,-623.323318224404,20,1386.40354894566,20,-3017.01082477361,20,2157.69420808516
70,8,25,-732.970247700435,25,1702.73590615332,25,-2929.1833817874,25,2123.55481123364
70,8,30,-859.763266710067,30,2013.17157645727,30,-2844.06729574878,30,2103.22733429652
70,8,35,-1013.88389596787,35,2318.62319881796,35,-2760.34570135012,35,2090.64592137702
70,8,40,-1192.64066484412,40,2618.65554205122,40,-2671.96427696585,40,2076.21101624716
70,8,45,-1380.83615361568,45,2911.84422227273,45,-2569.85561362047,45,2050.75743921818
70,8,50,-1557.21563925756,50,3196.20672363798,50,-2444.50277398802,50,2008.49682943262
70,8,55,-1703.72418260299,55,3469.22329422392,55,-2288.57833633415,55,1947.80310780978
70,8,60,-1812.65269675841,60,3727.55657686,60,-2098.86391043134,60,1870.02734421224
70,8,65,-1888.14766272247,65,3966.94441545965,65,-1876.83965788398,65,1777.4525632006
70,8,70,-1942.00920769205,70,4182.57974452514,70,-1627.78368444119,70,1671.60593351727
70,8,75,-1986.84011840206,75,4369.85204126592,75,-1358.82562735787,75,1552.62986379262
70,8,80,-2030.50894600136,80,4525.04973976427,80,-1076.83595648874,80,1419.72257490818
70,8,85,-2074.35245966275,85,4645.6930012086,85,-787.013809470342,85,1272.1309113491
70,8,90,-2114.92965004519,90,4730.41906096303,90,-492.5912963675,90,1109.97781039969
75,8,0,-46.3493773614403,0,42.2880756102151,0,-2890.018782994,0,2373.06775737437
75,8,5,-187.311920524089,5,393.838454420919,5,-2857.22664056618,5,2338.08551805657
75,8,10,-301.791951341885,10,737.359090118693,10,-2796.9845787666,10,2282.04253835675
75,8,15,-386.525477771961,15,1068.2791111864,15,-2717.302415127,15,2218.69686098787
75,8,20,-450.052721990919,20,1386.58108601496,20,-2628.63984232369,20,2162.08181611438
75,8,25,-510.313288646347,25,1695.68712614947,25,-2540.86839068971,25,2121.65379260369
75,8,30,-587.600649080476,30,2000.00320368522,30,-2460.13434398544,30,2099.17209255529
75,8,35,-695.271216498935,35,2302.51359260899,35,-2386.69726195671,35,2088.63812097208
75,8,40,-832.684712801913,40,2603.51556455885,40,-2314.58502423865,40,2079.22107804212
75,8,45,-984.597754835943,45,2900.6834293189,45,-2233.2941613322,45,2059.63001177119
75,8,50,-1127.97254399885,50,3189.8889911782,50,-2131.01443297115,50,2021.81225251527
75,8,55,-1242.70650119277,55,3466.09903433727,55,-1998.26636977536,55,1962.50995977098
75,8,60,-1320.30070604751,60,3724.06723013604,60,-1830.64523415788,60,1882.52906860409
75,8,65,-1365.87832322124,65,3958.8904889172,65,-1629.69214104717,65,1784.66053020585
75,8,70,-1393.23205020205,70,4166.50190012898,70,-1401.69840564024,70,1671.5390307678
75,8,75,-1416.64233460563,75,4343.9981497641,75,-1155.15020465569,75,1544.41380568167
75,8,80,-1444.42258381582,80,4489.65993523307,80,-898.041378514474,80,1403.17120685253
75,8,85,-1477.18108727018,85,4602.66945071929,85,-636.131597144917,85,1247.27965938941
75,8,90,-1510.44228294518,90,4682.66362051515,90,-372.579798875512,90,1076.87696985915
80,8,0,-36.1753755297628,0,43.8834841164668,0,-2476.96292664335,0,2398.81752897476
80,8,5,-133.329601905618,5,396.636449462226,5,-2448.76242385129,5,2360.2228261405
80,8,10,-204.307392661282,10,738.439825980447,10,-2392.20550966625,10,2298.79134682164
80,8,15,-244.565512196231,15,1063.61810919115,15,-2314.72544663247,15,2228.64866983098
80,8,20,-261.61321085716,20,1372.5545367119,20,-2227.35625597435,20,2164.77636928847
80,8,25,-273.356184010089,25,1670.537795709,25,-2141.61128650104,25,2118.09611988387
80,8,30,-301.396233111191,30,1964.61919656767,30,-2065.74477582377,30,2091.880079239
80,8,35,-361.225743697801,35,2260.10716964454,35,-2001.70915318351,35,2081.00142496187
80,8,40,-454.014940483258,40,2558.27685527871,40,-1944.08743878626,40,2074.3380952677
80,8,45,-565.049451990837,45,2855.98533388939,45,-1881.61534301144,45,2059.12390956199
80,8,50,-670.545428625692,50,3146.85116459699,50,-1800.85473480607,50,2025.18812609526
80,8,55,-749.346162540573,55,3423.1425556192,55,-1690.63133675353,55,1967.35806573034
80,8,60,-792.722580010261,60,3677.60388629966,60,-1545.48514177209,60,1885.45098291605
80,8,65,-806.788786780612,65,3904.76048141034,65,-1366.82868613109,65,1782.44051511238
80,8,70,-806.95951131824,70,4101.48260812814,70,-1161.5836673404,70,1662.00455119648
80,8,75,-808.728198709399,75,4266.78445736699,75,-939.207535687089,75,1526.66439965191
80,8,80,-820.533752212299,80,4401.07083748954,80,-708.59229175472,80,1377.24221944051
80,8,85,-842.153628758565,85,4505.22383919912,85,-476.054457974815,85,1213.59265619527
80,8,90,-868.103455039751,90,4579.86843745736,90,-244.847474864645,90,1035.85028434525
85,8,0,-24.6528459473554,0,44.9474617248899,0,-2046.11531975468,0,2402.53299245737
85,8,5,-72.6683833236375,5,393.715934686989,5,-2024.05364108135,5,2363.77744953525
85,8,10,-96.5676314688234,10,729.164761825965,10,-1973.68035077868,10,2301.38233628125
85,8,15,-91.1094895471078,15,1044.63039082584,15,-1901.48624775059,15,2228.66406627307
85,8,20,-62.5848953302361,20,1340.73464019373,20,-1818.49801026884,20,2160.44276915128
85,8,25,-27.9042794620132,25,1624.30782649151,25,-1737.19494771175,25,2108.45223257262
85,8,30,-8.58060871721272,30,1904.73855292418,30,-1667.38648113859,30,2077.51179650029
85,8,35,-21.0095832538574,35,2189.50426860778,35,-1612.51642003661,35,2064.03815612214
85,8,40,-67.6729656740355,40,2480.88537767807,40,-1567.98735895427,40,2057.60750188413
85,8,45,-134.818609711051,45,2775.07594643992,45,-1522.4233673454,45,2044.85759533017
85,8,50,-198.976485561121,50,3063.64931393905,50,-1461.53602712455,50,2013.94778830336
85,8,55,-239.006753002765,55,3336.39016582895,55,-1373.05016467172,55,1957.73115296865
85,8,60,-246.498520490985,60,3584.22541693186,60,-1250.64568032055,60,1874.62751338768
85,8,65,-228.439527906606,65,3801.23841452002,65,-1095.38550106164,65,1767.30884463503
85,8,70,-201.353104751386,70,3985.26324466617,70,-914.356127927175,70,1640.1810877582
85,8,75,-181.47317702855,75,4137.14852193494,75,-717.528145047275,75,1497.00533299432
85,8,80,-177.227884730256,80,4259.27622482087,80,-514.435479026986,80,1339.74259838706
85,8,85,-187.755931555505,85,4354.08976601722,85,-311.953062098407,85,1168.90844309638
85,8,90,-206.836193688783,90,4423.12294789917,90,-113.61914177946,90,984.79960565113
90,8,0,-12.419786928281,0,45.9718458726239,0,-1604.99664829952,0,2377.34908127383
90,8,5,-7.92986478168695,5,384.031216280149,5,-1589.25686570234,5,2341.61232166072
90,8,10,17.344528685646,10,707.256495004446,10,-1546.23523864716,10,2282.4801451092
90,8,15,68.7692026916509,15,1008.3909552716,15,-1481.42913968608,15,2211.50772181397
90,8,20,141.220753151867,20,1288.22773354771,20,-1405.47146687861,20,2142.36436480148
90,8,25,219.403613687819,25,1554.66222615879,25,-1331.14298980597,25,2086.8632531933
90,8,30,283.045519747573,30,1818.75680769552,30,-1269.09772850837,30,2051.14663654028
90,8,35,316.043725410095,35,2089.59857309295,35,-1223.82971414888,35,2033.5452559612
90,8,40,315.236742423196,40,2370.24494994803,40,-1191.6137053999,40,2025.15060195873
90,8,45,293.157932458738,45,2656.40069732502,45,-1161.497184029,45,2012.93648515371
90,8,50,272.036107496759,50,2938.07377060438,50,-1119.10364732375,50,1984.07757952361
90,8,55,272.017796185476,55,3203.14734297094,55,-1051.68785523092,55,1929.66306708933
90,8,60,300.751767316853,60,3441.19283371198,60,-952.306305451517,60,1846.44692755109
90,8,65,350.610423387735,65,3646.04111931207,65,-821.477162044712,65,1736.25499035596
90,8,70,404.539510346531,70,3816.38158031093,70,-665.998340143036,70,1603.70120357977
90,8,75,445.978895891913,75,3954.59005948325,75,-495.897038948482,75,1453.53825947403
90,8,80,466.461268649875,80,4064.67803716341,80,-321.078883479643,80,1288.96348928178
90,8,85,467.05247864905,85,4150.38723457852,85,-148.94573614485,85,1111.47491237145
90,8,90,454.244972249667,90,4214.01860411075,90,16.5289603012532,90,921.853515120733
95,8,0,0.184345411002487,0,47.5500957114132,0,-1159.835335168,0,2317.80970694705
95,8,5,58.1487102572939,5,367.28268524491,5,-1149.48355040096,5,2287.37457835068
95,8,10,132.78763490184,10,671.669989197138,10,-1113.8629396978,10,2234.82353573784
95,8,15,229.140258535536,15,953.460020824134,15,-1057.63767194221,15,2169.36181182769
95,8,20,343.066680264125,20,1213.65204445266,20,-990.805661347265,20,2102.78075894832
95,8,25,461.182432731317,25,1460.66475266417,25,-925.841399200351,25,2046.26680243323
95,8,30,565.254886701899,30,1706.34304787792,30,-873.498691209097,30,2006.82763113037
95,8,35,640.450389299357,35,1960.53242889413,35,-838.772701432615,35,1984.69889014175
95,8,40,683.546723841276,40,2226.63162664725,40,-818.714930833227,40,1972.97175666406
95,8,45,705.761235490133,45,2500.01472926913,45,-803.183840205261,45,1959.76280597272
95,8,50,727.390624707671,50,2769.7772186605,50,-778.366520510861,50,1932.06209092017
95,8,55,766.837313250907,55,3022.73350603701,55,-731.629171278923,55,1879.65642381342
95,8,60,830.708424453507,60,3247.75289020922,60,-655.659795743408,60,1797.58933796471
95,8,65,911.052973731495,65,3438.65969869254,65,-550.305667446351,65,1686.3726654675
95,8,70,990.859798950352,70,3594.82669919947,70,-421.703487866749,70,1550.22186385673
95,8,75,1053.57714267854,75,3719.73379411327,75,-279.526383743702,75,1394.45971321174
95,8,80,1090.5205152161,80,3818.56384342007,80,-133.763681050663,80,1223.4655469119
95,8,85,1102.38663932971,85,3896.00634152452,85,7.76028039567913,85,1039.99022808433
95,8,90,1095.35584775305,90,3954.91142672408,90,140.573031186175,90,845.688757752452
100,8,0,12.9507332762592,0,49.9547334083359,0,-716.011463476449,0,2219.62219917607
100,8,5,122.844274217438,5,343.754279443951,5,-709.449777821777,5,2195.49715798778
100,8,10,244.942944512458,10,622.717537345277,10,-680.587445935533,10,2151.51665860014
100,8,15,383.668849114426,15,880.254950690379,15,-633.489510074559,15,2094.34730872875
100,8,20,535.651926476437,20,1117.65339303893,20,-577.343779121572,20,2033.49000327966
100,8,25,689.48066164314,25,1343.31064983466,25,-523.787839694423,25,1978.90047550738
100,8,30,829.40380004423,30,1568.89611495228,30,-483.004395115372,30,1937.83404285941
100,8,35,942.511331421111,35,1804.05640204463,35,-459.967520036413,35,1912.06444573933
100,8,40,1026.00577780046,40,2052.00726017637,40,-452.352467217296,40,1896.77125750919
100,8,45,1089.79950012379,45,2307.93019463962,45,-451.080995311277,45,1881.75962250836
100,8,50,1151.84023460624,50,2560.71596207055,50,-443.399680685653,50,1854.6037134487
100,8,55,1228.32618571892,55,2797.03519012427,55,-417.266667284266,55,1804.4223514162
100,8,60,1324.72729551774,60,3005.78842280845,60,-365.255635280354,60,1724.76378043052
100,8,65,1433.13080155514,65,3181.08142165581,65,-286.502103000983,65,1614.56685556242
100,8,70,1537.09943606109,70,3322.80624161517,70,-186.215531889455,70,1477.10983842651
100,8,75,1620.36579833787,75,3435.10893657642,75,-73.3595873084057,75,1317.78206720373
100,8,80,1673.81509153803,80,3523.84963677425,80,42.3113814566832,80,1141.92393587667
100,8,85,1697.17959375475,85,3594.25293652246,85,152.750643830714,85,953.657601341064
100,8,90,1695.70233155648,90,3649.41831244427,90,253.027249155899,90,755.844971183473
105,8,0,25.5233430796621,0,52.7884082321396,0,-279.139098862693,0,2079.77865222584
105,8,5,183.393030191073,5,314.080186145281,5,-274.643013753975,5,2061.60815758673
105,8,10,348.979217122386,10,561.981244394641,10,-251.667054271023,10,2026.73168629802
105,8,15,525.929070405528,15,791.11276044747,15,-213.873162778371,15,1979.44377914054
105,8,20,711.456710192777,20,1003.09090196497,20,-169.478954706069,20,1926.83978353826
105,8,25,896.047208705666,25,1205.78583173339,25,-128.85498109301,25,1877.1891936423
105,8,30,1066.57546193946,30,1409.82438937412,30,-101.096968966143,30,1837.31906240225
105,8,35,1212.3740327927,35,1623.79488869184,35,-90.7618815481109,35,1809.92006855583
105,8,40,1331.35916356842,40,1850.26527303891,40,-96.0151277860564,40,1791.98896573431
105,8,45,1432.20154190962,45,2084.36274826749,45,-108.993568640355,45,1775.24102976451
105,8,50,1530.33701762807,50,2315.4332841243,50,-118.34285967651,50,1748.44358263891
105,8,55,1639.58681327056,55,2530.86707125519,55,-112.977519518634,55,1700.74222386898
105,8,60,1764.3525471674,60,2720.29184755377,60,-85.5961761160567,60,1624.64206684115
105,8,65,1897.12981603239,65,2878.39078521783,65,-34.6562377728708,65,1517.54216048912
105,8,70,2022.52645570823,70,3005.45600404221,70,35.730429715022,70,1381.4511834122
105,8,75,2124.81813306906,75,3105.90980710662,75,117.620288471055,75,1221.35138562959
105,8,80,2194.31020102133,80,3185.81039555594,80,201.847416261687,80,1043.18176716509
105,8,85,2229.26964967369,85,3250.47488497364,85,280.4321405682,85,852.333723273831
105,8,90,2233.41774519303,90,3302.90083687075,90,348.11939549014,90,653.029375759379
110,8,0,37.1075292220942,0,54.893499059,0,143.636698886971,0,1897.33289411913
110,8,5,236.823196020116,5,279.089275834393,5,147.415952046231,5,1883.60836893202
110,8,10,440.05045018002,10,492.102376099401,10,165.236309268262,10,1857.04377505927
110,8,15,649.569981303906,15,690.061387650251,15,193.737048504223,15,1819.98882415891
110,8,20,863.022671791947,20,874.843449245457,20,225.81464968582,20,1777.26459326492
110,8,25,1072.63630062862,25,1053.35513736363,25,252.657476287406,25,1735.17937554122
110,8,30,1267.83947820013,30,1234.53204752485,30,266.567423166497,30,1699.51436588206
110,8,35,1440.242565857,35,1425.3080243648,35,263.626872405666,35,1673.15372479732
110,8,40,1588.57037158662,40,1627.32288892728,40,245.254038499519,40,1654.3927520041
110,8,45,1720.33016487547,45,1835.81688629184,45,218.012785844497,45,1636.7715357568
110,8,50,1848.48291904527,50,2041.13560303789,50,191.652352494422,50,1610.62313048673
110,8,55,1984.5322535732,55,2232.07585809312,55,176.046508089926,55,1565.76093228445
110,8,60,2131.99357593485,60,2399.55057998519,60,178.159442171159,60,1494.25844922322
110,8,65,2284.10968592851,65,2539.0716795509,65,200.129589456453,65,1392.3034433272
110,8,70,2426.93336414355,70,2651.24974353022,70,239.041811396347,70,1260.58440886309
110,8,75,2545.55875300476,75,2740.46069203638,75,288.244319038699,75,1103.33037679546
110,8,80,2629.70769500565,80,2812.53071815801,80,339.527624909052,80,926.636077282561
110,8,85,2675.88609858921,85,2872.44764306255,85,385.322254251283,85,736.828360484484
110,8,90,2685.85312848766,90,2922.77448170842,90,420.249448286849,90,539.380927964432
115,8,0,46.313151151124,0,54.6503546291156,0,542.801571647243,0,1674.76989090851
115,8,5,279.838158223933,5,239.809755360304,5,546.48838671233,5,1663.3166069853
115,8,10,513.249134519626,10,416.488813595624,10,559.533266826971,10,1643.29436930867
115,8,15,748.373298545414,15,582.302928230079,15,578.869900532629,15,1615.67744755008
115,8,20,983.116124183639,20,739.197654538886,20,598.59829830648,20,1583.33140674725
115,8,25,1211.2363203205,25,892.791301391135,25,611.581116884495,25,1550.53712799742
115,8,30,1424.49535483061,30,1049.97638701189,30,611.60788080798,30,1521.58562732102
115,8,35,1616.61534428276,35,1215.78485106434,35,595.450790197315,35,1498.89507642499
115,8,40,1787.07913169707,40,1390.89184865185,40,564.124860421743,40,1481.44953282014
115,8,45,1942.31153522216,45,1570.8592592834,45,522.86268608777,45,1464.30826346705
115,8,50,2092.97176236887,50,1747.4268528466,50,479.713709349855,50,1439.49559622477
115,8,55,2248.45562714782,55,1911.24656274074,55,443.183308219273,55,1397.99061547631
115,8,60,2411.61845794992,60,2054.86959948317,60,419.724716004153,60,1332.09080067905
115,8,65,2576.71264159254,65,2174.78848922735,65,411.964772051635,65,1237.31438215633
115,8,70,2731.54396109218,70,2271.85459848887,70,418.22476176245,70,1113.24821124709
115,8,75,2862.32691649131,75,2350.13588753177,75,433.358173494574,75,963.202991987231
115,8,80,2958.39362878664,80,2414.8729058453,80,450.446039656905,80,792.985808023408
115,8,85,3014.49390458905,85,2470.38427909072,85,462.671274633684,85,609.345890874221
115,8,90,3030.24753855221,90,2518.56681415632,90,464.767517021617,90,418.625565879228
120,8,0,51.2914206529092,0,50.6485053665416,0,906.766868271255,0,1419.4755822516
120,8,5,308.914419673896,5,197.62403567256,5,910.167645557277,5,1408.12211451935
120,8,10,563.647404395204,10,338.963136404521,10,918.438824536845,10,1392.41398127406
120,8,15,816.262147187056,15,473.468588481341,15,928.862497869948,15,1372.53659766809
120,8,20,1064.73854845388,20,602.891352126248,20,936.738526435886,20,1349.84399990525
120,8,25,1304.09951476932,25,731.39390773979,25,936.531843531892,25,1326.74707939437
120,8,30,1528.11965082441,30,863.789673906037,30,923.413699620541,30,1305.86586213623
120,8,35,1732.34518969925,35,1003.3005985144,35,894.765412979786,35,1288.70283040186
120,8,40,1916.88274516816,40,1149.82087685281,40,851.179928392673,40,1274.39216160818
120,8,45,2087.15984824721,45,1299.4622061034,45,796.582992236885,45,1259.11402156913
120,8,50,2251.78339093682,50,1445.58848627165,50,737.3312076757,50,1236.51018149156
120,8,55,2418.31792456865,55,1580.90175887047,55,680.498911726983,55,1199.03005162588
120,8,60,2589.16088423366,60,1699.71564195308,60,631.900742332995,60,1139.76967920201
120,8,65,2759.71949136439,65,1799.5229507914,65,594.527000694145,65,1054.1905430268
120,8,70,2919.74411408403,70,1881.31346624139,70,567.902381946067,70,941.172396346431
120,8,75,3056.88324556519,75,1948.6396037888,75,548.49656295763,75,803.119099300764
120,8,80,3160.47982808175,80,2005.90305175425,80,530.917022855464,80,645.180816067503
120,8,85,3223.88567805836,85,2056.54412956395,85,509.383932087127,85,473.938419160949
120,8,90,3244.76091479468,90,2101.71639123966,90,478.991900699695,90,296.014094955785
125,8,0,50.2420665460901,0,42.4973737151517,0,1223.64916766316,0,1144.49806905669
125,8,5,320.702556571087,5,154.465464535314,5,1225.95450660956,5,1131.7485339722
125,8,10,586.527820619821,10,263.393642426584,10,1229.21472413659,10,1118.26723249442
125,8,15,847.356700850872,15,368.823767130141,15,1231.12951645683,15,1103.94056079296
125,8,20,1101.04590288603,20,472.076834886092,20,1228.09382174429,20,1089.10674272536
125,8,25,1343.57875814167,25,575.881550553952,25,1215.95117545809,25,1074.66574277742
125,8,30,1570.3635886398,30,683.210340473265,30,1191.01697102379,30,1061.68357607732
125,8,35,1778.42041320497,35,795.81673382792,35,1151.13436176455,35,1050.59595807079
125,8,40,1968.30744786195,40,913.127321646928,40,1096.46501238468,40,1040.34705182137
125,8,45,2144.54236476102,45,1031.99874842242,45,1029.722586743,45,1027.87619681451
125,8,50,2313.9541790327,50,1147.47816811734,50,955.677578817054,50,1008.25047058459
125,8,55,2482.55283099097,55,1254.27918775525,55,880.001697654061,55,975.493351411931
125,8,60,2652.41117555901,60,1348.39181789884,60,807.788825339837,60,923.89171293136
125,8,65,2820.10262518841,65,1428.20194435873,65,742.242172675531,65,849.38019338115
125,8,70,2977.38511960742,70,1494.70959779251,70,683.956584204764,70,750.566435655235
125,8,75,3113.63614747414,75,1550.80396265663,75,630.978308080851,75,629.081697924843
125,8,80,3218.77211612285,80,1599.91165595942,80,579.524621644789,80,489.17293824901
125,8,85,3285.4267848688,85,1644.53248608873,85,525.039429170598,85,336.705463108202
125,8,90,3309.84585518116,90,1685.15236256967,90,463.223405045992,90,177.921189745165
130,8,0,42.1756635663703,0,31.3558143820357,0,1484.27210417428,0,867.795722989958
130,8,5,312.679322851118,5,112.874037531718,5,1484.48788747938,5,853.274515526041
130,8,10,577.854902181631,10,193.365203955199,10,1482.5119681293,10,840.602274460509
130,8,15,836.235793410667,15,272.679305044869,15,1476.50685701878,15,829.680529936927
130,8,20,1085.41594461181,20,351.592472953628,20,1463.78580750828,20,820.294545026696
130,8,25,1322.04594818876,25,431.606636044398,25,1441.27151560909,25,812.31914273864
130,8,30,1542.77102950226,30,514.274668905966,30,1406.14242145444,30,805.634937858239
130,8,35,1745.71194578654,35,600.340697976721,35,1356.5594271059,35,799.759494062818
130,8,40,1931.69088812519,40,689.090441623933,40,1292.29012171217,40,793.359528994909
130,8,45,2104.39391956781,45,778.228306738392,45,1215.00832139007,45,783.897491621438
130,8,50,2269.13222617789,50,864.377228420809,50,1128.09633660806,50,767.637831042111
130,8,55,2430.60059750131,55,944.034350325999,55,1035.93168019302,55,740.110185847925
130,8,60,2590.60478376532,60,1014.62174599895,60,942.842333687018,60,696.953108678184
130,8,65,2746.78252042629,65,1075.22420823106,65,852.05963632421,65,634.908884316619
130,8,70,2892.84540443436,70,1126.72366726946,70,765.002048144981,70,552.66349071876
130,8,75,3020.13662215574,75,1171.27366972793,75,681.084690433567,75,451.257297401059
130,8,80,3119.76678804353,80,1211.30962301635,80,598.047196285305,80,333.926284724978
130,8,85,3184.51522098344,85,1248.45573657216,85,512.629025421862,85,205.423119469948
130,8,90,3210.00913966394,90,1282.7063157195,90,421.361112852582,90,71.0380230735663
135,8,0,27.5928052016022,0,19.7623476316118,0,1685.42495952963,0,609.625934116391
135,8,5,283.84686426621,5,75.7266179922635,5,1682.85272975425,5,594.110873595381
135,8,10,534.970287168304,10,131.908406299518,10,1675.68728903211,10,581.775559251318
135,8,15,778.595163659561,15,188.180395800229,15,1662.55243473436,15,572.655657962004
135,8,20,1012.04564387705,20,244.817384966161,20,1641.47985540771,20,566.337755065473
135,8,25,1232.42110082664,25,302.43224421347,25,1610.1815886463,25,562.169372500942
135,8,30,1437.2406360247,30,361.646860875226,30,1566.45660087551,30,559.343973381266
135,8,35,1625.36572801476,35,422.643314438249,35,1508.69478841323,35,556.81612409932
135,8,40,1797.69358564585,40,484.811809687719,40,1436.36835637712,40,553.102318902654
135,8,45,1957.13870347371,45,546.681228545842,45,1350.34752160776,45,546.098165898405
135,8,50,2107.72108895938,50,606.201719930453,50,1252.88953563785,50,533.057836484798
135,8,55,2253.01873239438,55,661.298080054423,55,1147.2436549583,55,510.830383520882
135,8,60,2394.58082638994,60,710.490635083721,60,1036.9561746028,60,476.349844571207
135,8,65,2530.94477154726,65,753.337359452593,65,925.079327481413,65,427.268513271611
135,8,70,2657.63303648544,70,790.507379342128,70,813.524008581537,70,362.546592742396
135,8,75,2768.08534442905,75,823.432845009782,75,702.734744518983,75,282.799966963117
135,8,80,2855.13724022108,80,853.649335478094,80,591.744948491311,80,190.272648403325
135,8,85,2912.54088330636,85,882.056806878499,85,478.553551406933,85,88.4219575084514
135,8,90,2936.13561344607,90,908.364118308035,90,360.696673147641,90,-18.7639247452636
140,8,0,8.65181657484056,0,10.6414950136264,0,1831.96318808238,0,388.565102158775
140,8,5,235.198357143896,5,45.5755245957879,5,1826.50711329564,5,373.5814405645
140,8,10,457.407508152781,10,81.2280588001383,10,1814.6086762398,10,361.962494911859
140,8,15,672.398796686245,15,117.392518169545,15,1795.30287146254,15,353.848576031052
140,8,20,877.384173388154,20,154.007635085005,20,1767.16095091157,20,348.836248113936
140,8,25,1069.81585109151,25,191.172744431446,25,1728.46388396122,25,346.144214966099
140,8,30,1247.80936931433,30,229.02287385404,30,1677.4733446521,30,344.752728587962
140,8,35,1410.66325903563,35,267.523093083362,35,1612.79098539164,35,343.461783222439
140,8,40,1559.18617394251,40,306.288828876844,40,1533.73895730827,40,340.867049555515
140,8,45,1695.57437064183,45,344.534740701184,45,1440.64832452688,45,335.305450745776
140,8,50,1822.75833909133,50,381.201596535371,50,1334.93914042871,50,324.849714235749
140,8,55,1943.37856029842,55,415.231495180526,55,1218.9292873274,55,307.420447148332
140,8,60,2058.7353882388,60,445.890162793437,60,1095.40044169444,60,281.038388060293
140,8,65,2168.09149458535,65,473.001905517684,65,967.037368702697,65,244.17563358865
140,8,70,2268.57334223772,70,496.984988025085,70,835.90076248663,70,196.108452337665
140,8,75,2355.69307331336,75,518.647531684431,75,703.077687370133,75,137.151152157302
140,8,80,2424.30447434521,80,538.79907023014,80,568.591449789943,80,68.6747596856986
140,8,85,2469.69956162037,85,557.811349790944,85,431.576229163994,85,-7.1189917599615
140,8,90,2488.56281914803,90,575.290303061714,90,290.65986173984,90,-87.6133531030496
145,8,0,-11.4160926809781,0,5.85738784421549,0,1936.48424236011,0,217.513162447362
145,8,5,169.747302442878,5,23.7593084978336,5,1928.6408949455,5,204.661279553774
145,8,10,347.642520208084,10,42.3471090925879,10,1912.80071039153,10,194.564026217327
145,8,15,519.372142160093,15,61.3655731082543,15,1888.32885332598,15,187.3762437912
145,8,20,682.318098089032,20,80.6169778784541,20,1854.2024745994,20,182.783618075432
145,8,25,834.315009003533,25,100.002220770963,25,1809.13734418504,25,180.114079328911
145,8,30,973.916870678124,30,119.490171181589,30,1751.78426937634,30,178.463442083777
145,8,35,1100.65758752381,35,139.033622722242,35,1680.99040742384,35,176.792284892216
145,8,40,1215.16164943201,40,158.478817386341,40,1596.08299319971,40,173.975036609832
145,8,45,1318.98797457256,45,177.521065384378,45,1497.10199838822,45,168.813041083473
145,8,50,1414.18296029415,50,195.738873421187,50,1384.90308970244,50,160.046447749181
145,8,55,1502.63869838915,55,212.701936179913,55,1261.08108618606,55,146.404388903952
145,8,60,1585.44340055556,60,228.11048608138,60,1127.7181234297,60,126.716315249007
145,8,65,1662.43020224155,65,241.90197319494,65,987.018020381231,65,100.075925630012
145,8,70,1732.06942420317,70,254.267003832636,70,840.925436701961,70,66.0162025934438
145,8,75,1791.73702621698,75,265.549785870292,75,690.832097736769,75,24.6350291534902
145,8,80,1838.27653676734,80,276.056579566329,80,537.444664973582,80,-23.383507397616
145,8,85,1868.69483232306,85,285.838655981305,85,380.84307792405,85,-76.8761258626105
145,8,90,1880.81148622282,90,294.534906739293,90,220.710351346825,90,-134.41451471514
150,8,0,-29.4520061476845,0,5.08729146441986,0,2016.16986806217,0,101.387687958574
150,8,5,92.1445059627262,5,9.68564842952269,5,2006.7310559167,5,91.7037576677567
150,8,10,211.576565651678,10,14.6960354668821,10,1987.8088306674,10,83.8067672465555
150,8,15,326.400995978533,15,19.8877389805325,15,1959.01387273763,15,77.7967942096426
150,8,20,434.480151066312,20,25.0751647804335,20,1919.64359044412,20,73.4511064183521
150,8,25,534.140899566824,25,30.1523427175893,25,1868.78225601798,25,70.2919602621948
150,8,30,624.33640182136,30,35.0909893413786,30,1805.44848224198,30,67.6736351012187
150,8,35,704.762180336958,35,39.9059650226382,35,1728.7823340041,35,64.8628818514352
150,8,40,775.86644472596,40,44.6068546372105,40,1638.24441583091,40,61.0956720360826
150,8,45,838.712821557907,45,49.1602827019483,45,1533.783207994,45,55.607904207026
150,8,50,894.69761440082,50,53.4817378134598,50,1415.92435331956,50,47.6516134426421
150,8,55,945.176455974233,55,57.4607320623954,55,1285.75071075229,55,36.5149119338116
150,8,60,991.094223547457,60,61.0058098457111,60,1144.77100585996,60,21.5603314652323
150,8,65,1032.72006849126,65,64.0843040930553,65,994.707575767743,65,2.28401452105855
150,8,70,1069.56227078369,70,66.7317039007749,70,837.258075653587,70,-21.6170381062379
150,8,75,1100.48570506466,75,69.017987186899,75,673.893730702829,75,-50.1932646533303
150,8,80,1123.99705038491,80,70.978476372175,80,505.746039081933,80,-83.2304209974056
150,8,85,1138.6184072889,85,72.5359216778027,85,333.609222014609,85,-120.289621324577
150,8,90,1143.25042875764,90,73.4496685817263,90,158.055019225052,90,-160.792791032529
155,8,0,-43.4659882071978,0,5.76499894899739,0,2087.65756042864,0,37.6388223905768
155,8,5,8.14810166066246,5,0.756001643699425,5,2077.31812314025,5,31.2551817483799
155,8,10,58.6159694757735,10,-4.10916119139986,10,2055.93516428431,10,25.6950256063686
155,8,15,106.277178033338,15,-8.99037160564553,15,2023.29839098023,15,20.9902585238197
155,8,20,149.71197378911,20,-14.0010851370716,20,1978.97574151155,20,16.9887489428058
155,8,25,187.86056777158,25,-19.1897049412729,25,1922.38896312787,25,13.3935658208029
155,8,30,220.117114677989,30,-24.5395605157241,30,1852.91884395841,30,9.81338558504186
155,8,35,246.377838515662,35,-29.986644578096,35,1770.03099559716,35,5.81160525365525
155,8,40,267.023334412488,40,-35.4478605574544,40,1673.40472625571,40,0.944380254687859
155,8,45,282.825588365472,45,-40.8491577939688,45,1563.04151327783,45,-5.21632452353989
155,8,50,294.788552865549,50,-46.1440185900219,50,1439.32962851074,50,-13.0721264191273
155,8,55,303.951001115432,55,-51.317755654841,55,1303.04918072903,55,-22.9932184552201
155,8,60,311.194174215588,60,-56.3796845125801,60,1155.31569039015,60,-35.3116838898497
155,8,65,317.09859421282,65,-61.3504222426135,65,997.476133016566,65,-50.3091923916847
155,8,70,321.882849114754,70,-66.2529133666609,70,830.984021290587,70,-68.2004411435512
155,8,75,325.435567155434,75,-71.1126148925005,75,657.285416429183,75,-89.118209780752
155,8,80,327.426976951452,80,-75.9660313403695,80,477.744120025259,80,-113.107172491032
155,8,85,327.465907356184,85,-80.870476865799,85,293.622885780471,85,-140.13072381931
155,8,90,325.257503311974,90,-85.9047776593247,90,106.12166803626,90,-170.089136009399
160,8,0,-53.0192199298028,0,4.30582800532824,0,2161.84719699542,0,19.3112077442155
160,8,5,-75.7322384378285,5,-6.81707142330686,5,2150.94669937969,5,15.5117412242333
160,8,10,-98.6867097632676,10,-17.9369625177975,10,2127.33098844176,10,11.7727313338288
160,8,15,-122.626146946333,15,-29.1416797156245,15,2090.92623730028,15,8.08469598148789
160,8,20,-148.145913987915,20,-40.4814147456256,20,2041.53849024432,20,4.34832221234311
160,8,25,-175.619679051007,25,-51.9614449960532,25,1978.90271824823,25,0.395728536384799
160,8,30,-205.148373407289,30,-63.5440787707248,30,1902.74874733735,30,-3.98447293227923
160,8,35,-236.539326693876,35,-75.1590406517967,35,1812.87682056872,35,-9.02331512597952
160,8,40,-269.320547517102,40,-86.7192866650524,40,1709.23292451251,40,-14.9529306261895
160,8,45,-302.790027505956,45,-98.1379044398522,45,1591.97268110639,45,-21.9954145858891
160,8,50,-336.093377732966,50,-109.341804811932,50,1461.50358784662,50,-30.3587724817066
160,8,55,-368.316888644958,55,-120.27928066072,55,1318.49901610828,55,-40.2376860398542
160,8,60,-398.579318306845,60,-130.920606073348,60,1163.8830366307,60,-51.8159882766343
160,8,65,-426.105864106993,65,-141.25282091043,65,998.791401860222,65,-65.2681361868644
160,8,70,-450.272164578642,70,-151.270950187528,70,824.519096902411,70,-80.7582220543682
160,8,75,-470.613747180402,75,-160.967837999358,75,642.467260659035,75,-98.436458080787
160,8,80,-486.804995034978,80,-170.323790760858,80,454.101243432393,80,-118.433904344667
160,8,85,-498.619023682851,85,-179.296017706415,85,260.927386226357,85,-140.856136183296
160,8,90,-505.883833830901,90,-187.807218341709,90,64.4899684709087,90,-165.775733161708
165,8,0,-58.6603606920184,0,-1.94404504035851,0,2240.73635577252,0,38.8937546124611
165,8,5,-152.326543112245,5,-16.5002450436407,5,2229.25364840576,5,36.4652814441287
165,8,10,-245.441329040486,10,-31.0618921459264,10,2203.33636393204,10,33.5595244691571
165,8,15,-337.871288140338,15,-45.6658995560241,15,2163.02068318178,15,30.1568902551819
165,8,20,-429.414621876401,20,-60.3274491451528,20,2108.31910538028,20,26.1979314502056
165,8,25,-519.76579487801,25,-75.0370622130288,25,2039.24559672216,25,21.5929905876603
165,8,30,-608.491994153525,30,-89.7615650806981,30,1955.84914099436,30,16.2326127226378
165,8,35,-695.02409502009,35,-104.448356308004,35,1858.25175320347,35,9.99704277195257
165,8,40,-778.663176608903,40,-119.0317407548,40,1746.6863822471,40,2.76348792632928
165,8,45,-858.601657357093,45,-133.439712574156,45,1621.53008405728,45,-5.58952919767709
165,8,50,-933.956116564001,50,-147.599549113927,50,1483.32852776624,50,-15.1806403370302
165,8,55,-1003.80724780329,55,-161.440917845995,55,1332.80927779668,55,-26.1261596267997
165,8,60,-1067.24155729398,60,-174.89579022276,60,1170.88314867199,60,-38.5414712239374
165,8,65,-1123.38962469511,65,-187.895127978104,65,998.634867714767,65,-52.5419620995581
165,8,70,-1171.45697708652,70,-200.362889330394,70,817.30585298305,70,-68.2423585681153
165,8,75,-1210.74560074711,75,-212.208287663414,75,628.272741141561,75,-85.753679886429
165,8,80,-1240.6663309308,80,-223.317407898814,80,433.025194547889,80,-105.177429342115
165,8,85,-1260.74424800757,85,-233.545308336478,85,233.145544084467,85,-126.597008259623
165,8,90,-1270.62029372169,90,-242.709700591322,90,30.2912888755627,90,-150.066635764666
170,8,0,-60.855697072239,0,-13.0896041413012,0,2317.54246673229,0,90.6695991814784
170,8,5,-213.922381543388,5,-29.8743621201357,5,2305.29467291683,5,88.3530388347492
170,8,10,-365.770387310439,10,-46.5810068467523,10,2276.99244450058,10,85.1438787287477
170,8,15,-515.547638650979,15,-63.20553991578,15,2232.76153229719,15,81.0292829765305
170,8,20,-662.386387157006,20,-79.7346872321022,20,2172.78229071312,20,75.9796868294281
170,8,25,-805.393840640289,25,-96.1437757264315,25,2097.29845537993,25,69.951962375841
170,8,30,-943.64680714692,30,-112.395714969911,30,2006.62903445373,30,62.8928930829632
170,8,35,-1076.19124255741,35,-128.440902856085,35,1901.18194116661,35,54.7425483257504
170,8,40,-1202.04705954189,40,-144.217734657422,40,1781.46782834365,40,45.4372608600832
170,8,45,-1320.2179995759,45,-159.653319061919,45,1648.11259822578,45,34.91207062835
170,8,50,-1429.70586005497,50,-174.664007564365,50,1501.86725037297,50,23.1026766867953
170,8,55,-1529.52797468764,55,-189.155424151023,55,1343.61406646569,55,9.94710106406733
170,8,60,-1618.73662028366,60,-203.021825029664,60,1174.3685576352,60,-4.61261651934723
170,8,65,-1696.43899038964,65,-216.144796735364,65,995.277045036272,65,-20.6283262413357
170,8,70,-1761.81652287121,70,-228.391484251048,70,807.610133325847,70,-38.1429373687543
170,8,75,-1814.14264625142,75,-239.612699899176,75,612.7526101047,75,-57.1866021690182
170,8,80,-1852.79834593238,80,-249.641376740832,80,412.190431904732,80,-77.7718132154972
170,8,85,-1877.28526754038,85,-258.291884005885,85,207.495444753057,85,-99.8874891005478
170,8,90,-1887.23630532908,90,-265.360711677668,90,0.308374011363781,90,-123.492308923538
175,8,0,-59.2555276192638,0,-26.3289195054066,0,2379.95726603031,0,170.260200171253
175,8,5,-252.908013004922,5,-45.7824439039952,5,2366.85158181174,5,167.135957508694
175,8,10,-444.838541803847,10,-65.0030592069871,10,2336.3574255868,10,162.655188422291
175,8,15,-633.700725500077,15,-83.9252741587308,15,2288.67065075678,15,156.823638108948
175,8,20,-818.161639551819,20,-102.480541533668,20,2224.09533673388,20,149.644289996958
175,8,25,-996.907316266199,25,-120.595967525579,25,2143.04418140014,25,141.118280392796
175,8,30,-1168.64887815193,30,-138.193223343421,30,2046.0390439889,30,131.246080195609
175,8,35,-1332.1294735193,35,-155.187681958343,35,1933.71140292349,35,120.028897336315
175,8,40,-1486.13209675467,40,-171.48779119929,40,1806.80245236196,40,107.47025825512
175,8,45,-1629.48828912483,45,-186.994687852816,45,1666.16254546574,45,93.5777348283417
175,8,50,-1761.08763036634,50,-201.602056984785,50,1512.74970187066,50,78.364792065429
175,8,55,-1879.88785417209,55,-215.1962460926,55,1347.62692906183,55,61.8527388270346
175,8,60,-1984.92535794115,60,-227.656653493021,60,1171.95815783741,60,44.0727662818848
175,8,65,-2075.325832632,65,-238.856422190357,65,987.002654971389,65,25.0680550793335
175,8,70,-2150.31471374514,70,-248.663481408952,70,794.107845302443,70,4.8959215715154
175,8,75,-2209.22714868011,75,-256.941984933199,75,594.700544964374,75,-16.3700436199805
175,8,80,-2251.51718660289,80,-263.554195626767,80,390.276672625744,80,-38.6379131555713
175,8,85,-2276.76592118186,85,-268.36285699285,85,182.389563206869,85,-61.7955289326483
175,8,90,-2284.6883505259,90,-271.234074438493,90,-27.3629430953179,90,-85.7088913159098
180,8,0,-52.9189904538596,0,-37.0927612897051,0,2415.12987412182,0,272.044204167067
180,8,5,-263.210055729648,5,-60.6618268087629,5,2401.32738188468,5,267.776146677055
180,8,10,-471.497933550756,10,-83.7692191971936,10,2369.24933831028,10,261.470151023172
180,8,15,-676.197427399308,15,-106.239077246296,15,2319.13987667948,15,253.174209640009
180,8,20,-875.750650526181,20,-127.900391768646,20,2251.3803602522,20,242.951459650718
180,8,25,-1068.63888240985,25,-148.588307081268,25,2166.48647986277,25,230.879702355383
180,8,30,-1253.39412713658,30,-168.145375656928,30,2065.10432920128,30,217.050811116148
180,8,35,-1428.61028573573,35,-186.422756394886,35,1948.00548765049,35,201.570032145456
180,8,40,-1592.95385744196,40,-203.281347391541,40,1816.0811481008,40,184.555183518824
180,8,45,-1745.17408844122,45,-218.592844589913,45,1670.33533443428,45,166.135758508146
180,8,50,-1884.11249086252,50,-232.240718250987,50,1511.87726029667,50,146.451940059709
180,8,55,-2008.71165957013,55,-244.121099815392,55,1341.91288731176,55,125.653533917318
180,8,60,-2118.02331965514,60,-254.143572405851,60,1161.73574698524,60,103.898828510138
180,8,65,-2211.21554338013,65,-262.231858954218,65,972.717096148949,65,81.3533902821673
180,8,70,-2287.57908165155,70,-268.324402716017,70,776.295480868319,70,58.1888036316293
180,8,75,-2346.53276183359,75,-272.374835754442,75,573.965788238255,75,34.5813650500946
180,8,80,-2387.62791082286,80,-274.352331828354,80,367.267869389679,80,10.7107413997294
180,8,85,-2410.55176972161,85,-274.241840998585,85,157.774820292644,85,-13.24139746001
180,8,90,-2415.12987412182,90,-272.044204167066,90,-52.9189904538586,90,-37.0927612897044
185,8,0,41.3930364553929,0,41.0967051440552,0,-2414.41660123304,0,-386.772317399007
185,8,5,242.189980317817,5,69.9496571758581,5,-2400.34580246966,5,-381.692719873523
185,8,10,441.001646302669,10,98.0632313211128,10,-2367.63778266208,10,-373.595866613286
185,8,15,636.266604900795,15,125.093421709552,15,-2316.55330087762,15,-362.600939445024
185,8,20,826.450961872199,20,150.718720326115,20,-2247.49945320246,20,-348.873935116282
185,8,25,1010.06072184804,25,174.647313891444,25,-2161.02695774182,25,-332.622934718619
185,8,30,1185.6541194758,30,196.623169427493,30,-2057.82627117982,30,-314.092071156355
185,8,35,1351.85380667032,35,216.430743098245,35,-1938.72246353111,35,-293.554468980586
185,8,40,1507.35874790308,40,233.898121859949,40,-1804.6687981821,40,-271.304494528243
185,8,45,1650.95564658898,45,248.898500719409,45,-1656.73899706082,45,-247.649696472664
185,8,50,1781.52970864917,50,261.35000271267,50,-1496.11821225283,50,-222.902831294209
185,8,55,1898.07454670245,55,271.213954357428,55,-1324.09277079729,55,-197.37435121486
185,8,60,1999.70104042943,60,278.491825353598,60,-1142.03880341451,60,-171.365683938541
185,8,65,2085.64499364231,65,283.221117179239,65,-951.409905535724,65,-145.163558386058
185,8,70,2155.27346277425,70,285.470532585396,70,-753.724006425892,70,-119.035536627496
185,8,75,2208.08966997678,75,285.334772103829,75,-550.549637494826,75,-93.2268102638072
185,8,80,2243.73645163176,80,282.929284339591,80,-343.491794380065,80,-67.9582215583838
185,8,85,2261.99822549014,85,278.385248426165,85,-134.177581469074,85,-43.4253868232188
185,8,90,2262.80148418208,90,271.844997829384,90,75.7581838417918,90,-19.7987404851114
190,8,0,25.8456635266066,0,36.2553070433348,0,-2376.148191971,0,-501.756068235484
190,8,5,192.096473636589,5,69.9095779045398,5,-2362.37976186609,5,-496.772091516967
190,8,10,356.766494941213,10,102.599192477656,10,-2330.11236662897,10,-487.585587147811
190,8,15,518.570163589925,15,133.772902822912,15,-2279.57412455786,15,-474.381064973645
190,8,20,676.226379511131,20,162.922287573362,20,-2211.13394906633,20,-457.43905841493
190,8,25,828.467110222564,25,189.601201959354,25,-2125.30484736864,25,-437.127154372941
190,8,30,974.048704229631,30,213.442955627622,30,-2022.74621260782,30,-413.886183014563
190,8,35,1111.76575038606,35,234.173622118546,35,-1904.26418305464,35,-388.211954853455
190,8,40,1240.46691401067,40,251.620004683352,40,-1770.80922999044,40,-360.633537111725
190,8,45,1359.07182332154,45,265.711182919894,45,-1623.47036076234,45,-331.689645566795
190,8,50,1466.58783576027,50,276.47321885982,50,-1463.46566676429,50,-301.905158926242
190,8,55,1562.12543817657,55,284.017418980394,55,-1292.12936277837,55,-271.769922905847
190,8,60,1644.91115783933,60,288.523388340414,60,-1110.89588618908,60,-241.721831727219
190,8,65,1714.29717569924,65,290.218812247032,65,-921.281972100132,65,-212.135657858867
190,8,70,1769.76728978368,70,289.35831519319,70,-724.867818703008,70,-183.318324828143
190,8,75,1810.93938885296,75,286.203786224226,75,-523.278456478719,75,-155.510422416328
190,8,80,1837.56505801581,80,281.008212202664,80,-318.166225847221,80,-128.892917766098
190,8,85,1849.52724633178,85,274.00439520578,85,-111.194889635578,85,-103.597379008773
190,8,90,1846.83700879394,90,265.399081999072,90,95.9745587064139,90,-79.717711972582
195,8,0,9.33362475707244,0,23.5352718719515,0,-2305.44705327321,0,-604.324973857687
195,8,5,120.121988326978,5,59.0259045804082,5,-2292.48603136945,5,-600.616733160672
195,8,10,230.17392675921,10,93.5461411140929,10,-2261.55689487476,10,-591.610404193186
195,8,15,338.717611663896,15,126.343841281024,15,-2212.79320181562,15,-577.467603150466
195,8,20,444.922911170949,20,156.704010897138,20,-2146.44914947718,20,-558.499919649278
195,8,25,547.898760387444,25,183.990079649267,25,-2062.91833592116,25,-535.170878210416
195,8,30,646.701676729953,30,207.687212470745,30,-1962.75303778197,30,-508.085639453565
195,8,35,740.35605346039,35,227.441639888635,35,-1846.68069283375,35,-477.965764840908
195,8,40,827.885051097977,40,243.089030915138,40,-1715.6140437997,40,-445.609077478655
195,8,45,908.348932561936,45,254.665534206613,45,-1570.65176890561,45,-411.837932025122
195,8,50,980.885962430989,50,262.397393272696,50,-1413.06751053911,50,-377.442240736636
195,8,55,1044.74997880719,55,266.668645046989,55,-1244.28695692897,55,-343.125538022748
195,8,60,1099.33883422215,60,267.970564772025,60,-1065.85476130533,60,-309.462570752021
195,8,65,1144.20925571758,65,266.840221079318,65,-879.395144811806,65,-276.875175723291
195,8,70,1179.07614250834,70,263.797801582201,70,-686.571490807266,70,-245.629872113398
195,8,75,1203.79742503417,75,259.292644015309,75,-489.050639585277,75,-215.856431495339
195,8,80,1218.34864266349,80,253.666068275526,80,-288.476701948137,80,-187.582703980198
195,8,85,1222.79359737319,85,247.135611765261,85,-86.4571249749983,85,-160.778131839298
195,8,90,1217.25820595895,90,239.800997333831,90,115.439101137153,90,-135.397298474582
200,8,0,-4.14612582380735,0,6.42157667514207,0,-2211.23182514279,0,-686.92871965488
200,8,5,36.7349593668479,5,38.3506085375851,5,-2199.31796214482,5,-685.457678698655
200,8,10,78.1070316173253,10,69.681851549426,10,-2170.2162422792,10,-678.108789208302
200,8,15,119.949480925583,15,99.532319328189,15,-2123.91495619671,15,-664.843294727926
200,8,20,162.071418545337,20,126.983719490251,20,-2060.480326949,20,-645.791407675714
200,8,25,204.076957579022,25,151.154050900849,25,-1980.09939629404,25,-621.304034695403
200,8,30,245.358630971918,30,171.291624226341,30,-1883.13048702456,30,-591.983596640193
200,8,35,285.125278853427,35,186.876002888822,35,-1770.1541426477,35,-558.678785940301
200,8,40,322.465433067278,40,197.704350019631,40,-1642.01491891059,40,-522.435197846012
200,8,45,356.440003540996,45,203.940775297074,45,-1499.84339412354,45,-484.40434391662
200,8,50,386.190508839985,50,206.111635103172,50,-1345.04925088717,50,-445.724910156406
200,8,55,411.043349536053,55,205.040644737145,55,-1179.28066630828,55,-407.398926201382
200,8,60,430.588791822649,60,201.731528255699,60,-1004.35202975857,60,-370.188846882164
200,8,65,444.716683037028,65,197.218946169937,65,-822.149712107499,65,-334.557972721612
200,8,70,453.599318766853,70,192.41675221349,70,-634.532103883829,70,-300.666832903735
200,8,75,457.623601094007,75,187.993667738387,75,-443.243273892138,75,-268.424827279529
200,8,80,457.286750094841,80,184.299862061495,80,-249.857975474678,80,-237.583432715721
200,8,85,453.079074842759,85,181.355669590124,85,-55.7692742022298,85,-207.848318693485
200,8,90,445.381034135328,90,178.899370357953,90,137.779806815105,90,-178.985074124777
205,8,0,-11.3306503078389,0,-10.6220219727021,0,-2101.68385239264,0,-750.904478432009
205,8,5,-47.0982101163569,5,10.7283228647908,5,-2090.71621613236,5,-751.865728906955
205,8,10,-80.9861049923349,10,32.2972815821594,10,-2063.45438866678,10,-747.25631115649
205,8,15,-112.012130339941,15,53.2097623950471,15,-2019.72919205081,15,-736.63833543621
205,8,20,-139.510729657453,20,72.3831749531401,20,-1959.37408097811,20,-719.664889387664
205,8,25,-163.245752166966,25,88.6283434922201,25,-1882.29335724927,25,-696.235529666245
205,8,30,-183.470768160259,30,100.821691416928,30,-1788.55557355982,30,-666.63261199156
205,8,35,-200.911250814193,35,108.11892143944,35,-1678.50183642106,35,-631.595009763498
205,8,40,-216.6546403537,40,110.160855139639,40,-1552.85005121393,40,-592.297140537072
205,8,45,-231.954291700222,45,107.214365469568,45,-1412.76967478138,45,-550.224250914121
205,8,50,-247.977076931418,50,100.200219861572,50,-1259.90065436239,50,-506.964089939709
205,8,55,-265.544910859201,55,90.5849222413766,55,-1096.29744435534,55,-463.961595543411
205,8,60,-284.930214051461,60,80.1491070213188,60,-924.294433365265,60,-422.297702803197
205,8,65,-305.75922986285,65,70.6799661053129,65,-746.309653426925,65,-382.549756420655
205,8,70,-327.054807633775,70,63.6579618698864,70,-564.623341648191,70,-344.769326797236
205,8,75,-347.416865058608,75,60.010692772101,75,-381.179933224475,75,-308.580241921563
205,8,80,-365.303454661466,80,59.9881761794205,80,-197.461284892972,80,-273.366413565053
205,8,85,-379.348433873261,85,63.1803943456305,85,-14.4642182560934,85,-238.496541782285
205,8,90,-388.641016397387,90,68.660958616543,90,167.209654039908,90,-203.527612302738
210,8,0,-11.1060796675166,0,-23.8748834700544,0,-1980.17939719848,0,-806.482484393704
210,8,5,-122.560199598449,5,-20.6256476265491,5,-1969.85623068175,5,-808.939628323023
210,8,10,-230.946205541027,10,-15.956720196869,10,-1944.14525372792,10,-807.103383362992
210,8,15,-334.03042341333,15,-10.5356857543152,15,-1902.74569636079,15,-800.046128069816
210,8,20,-430.025012769035,20,-5.52002127772829,20,-1845.25353245579,20,-786.700823588989
210,8,25,-517.854523456638,25,-2.44499960153576,25,-1771.24810917244,25,-766.157506571599
210,8,30,-597.348362204355,30,-2.95370611331857,30,-1680.43104220125,30,-737.973200871412
210,8,35,-669.287128549482,35,-8.41422236830713,35,-1572.80789722315,35,-702.408584383913
210,8,40,-735.251240014979,40,-19.5156265877856,40,-1448.88533689226,40,-660.511790272352
210,8,45,-797.265424086596,45,-35.9599263985488,45,-1309.83866174023,45,-614.004438977442
210,8,50,-857.292201325327,50,-56.3573916373082,50,-1157.59470367188,50,-564.98144768747
210,8,55,-916.682890547394,55,-78.3845738437253,55,-994.781048912287,55,-515.497361380172
210,8,60,-975.725039611493,60,-99.1891474222661,60,-824.518724369297,60,-467.1549014608
210,8,65,-1033.41564588421,65,-115.948169868263,65,-650.07781484132,65,-420.816997920202
210,8,70,-1087.5384195097,70,-126.43506946872,70,-474.461359810452,70,-376.526418128724
210,8,75,-1135.04434831423,75,-129.445905454179,75,-300.015253823573,75,-333.64983971353
210,8,80,-1172.65239032901,80,-124.979556218867,80,-128.166636683834,80,-291.191624476322
210,8,85,-1197.52705145161,85,-114.1424900075,85,40.634080127329,85,-248.173911142699
210,8,90,-1207.86939343452,90,-98.8280727020858,90,206.744373129367,90,-203.970328207718
215,8,0,-4.86996048756525,0,-31.4659993927012,0,-1843.55623178143,0,-868.704564193301
215,8,5,-184.384435003056,5,-53.4456788900314,5,-1833.71407288731,5,-870.638259781931
215,8,10,-360.232728047865,10,-72.5586497366391,10,-1809.35812262674,10,-870.158940186119
215,8,15,-528.752768640401,15,-89.0193153346964,15,-1770.07201593163,15,-865.992575107526
215,8,20,-686.752420696079,20,-103.9149141361,20,-1715.22596976107,20,-856.340152125491
215,8,25,-832.02590554932,25,-119.118441449509,25,-1644.07845460397,25,-839.289756491991
215,8,30,-963.799705644009,30,-136.915558405514,30,-1555.95220761579,30,-813.325139052234
215,8,35,-1082.94668582942,35,-159.401124464852,35,-1450.48228733771,35,-777.802940014769
215,8,40,-1191.83501243409,40,-187.791896773682,40,-1327.91072664784,40,-733.250262762968
215,8,45,-1293.76597151645,45,-221.862044937538,45,-1189.36998923233,45,-681.363430518195
215,8,50,-1392.08184812202,50,-259.705051501979,50,-1037.06798600844,50,-624.6722171375
215,8,55,-1489.14966046628,55,-297.945395007485,55,-874.280266378753,55,-565.948949679387
215,8,60,-1585.4990707059,60,-332.384182996832,60,-705.086244674875,60,-507.542788932397
215,8,65,-1679.37751703152,65,-358.913566171484,65,-533.856241893099,65,-450.857956663696
215,8,70,-1766.87938552824,70,-374.436019098964,70,-364.583745110577,70,-396.146999526285
215,8,75,-1842.64267128904,75,-377.519732797996,75,-200.227403658287,75,-342.673312880319
215,8,80,-1900.94313498908,80,-368.613602610343,80,-42.2473270088502,80,-289.162165119086
215,8,85,-1936.90771842229,85,-349.795275109785,85,109.522682343356,85,-234.3651566037
215,8,90,-1947.54654678888,90,-324.171484933669,90,256.617615421927,90,-177.545637999396
220,8,0,4.26154367134714,0,-33.4967859471186,0,-1683.49722831331,0,-951.199908644691
220,8,5,-230.673227823455,5,-87.0199360901131,5,-1674.48826182161,5,-950.039696042125
220,8,10,-462.215801492919,10,-136.119712776142,10,-1651.83974572581,10,-948.151773435105
220,8,15,-685.275838709711,15,-180.279542825086,15,-1614.94756413798,15,-944.33316431169
220,8,20,-895.043321112797,20,-220.325729260055,20,-1562.92662385267,20,-936.402496816426
220,8,25,-1087.84711016463,25,-258.413163404268,25,-1494.74897513609,25,-921.604555589819
220,8,30,-1262.00778078219,30,-297.554976468315,30,-1409.44614759519,30,-897.246426768676
220,8,35,-1418.37649742588,35,-340.753166404858,35,-1306.38409702582,35,-861.434901012574
220,8,40,-1560.27659723847,40,-389.942440953169,40,-1185.60783976425,40,-813.698608373387
220,8,45,-1692.71462557695,45,-445.076385230814,45,-1048.21228843541,45,-755.25840367038
220,8,50,-1820.96846839806,50,-503.699152589162,50,-896.637316467906,50,-688.796352913641
220,8,55,-1948.90648907463,55,-561.222035306075,55,-734.743776325975,55,-617.754029941302
220,8,60,-2077.53791143779,60,-611.888763197597,60,-567.543645399752,60,-545.389493884426
220,8,65,-2204.26640600132,65,-650.155816291157,65,-400.549010720877,65,-473.937316290709
220,8,70,-2323.11386029669,70,-672.049024156434,70,-238.845982286332,70,-404.179631757319
220,8,75,-2425.87653916267,75,-676.064274039403,75,-86.1295696844836,75,-335.560457028131
220,8,80,-2503.89092576069,80,-663.356272937172,80,56.0113961454954,80,-266.748508447022
220,8,85,-2549.92534201318,85,-637.22223742071,85,188.326123757196,85,-196.38743392783
220,8,90,-2559.71744056818,90,-602.119797928162,90,313.562254884097,90,-123.738240199059
225,8,0,12.8381724406512,0,-31.3649020554707,0,-1490.29102522351,0,-1060.7971405189
225,8,5,-261.661398666263,5,-121.908671397565,5,-1483.16227546671,5,-1054.26198189488
225,8,10,-534.000596476218,10,-206.44398550604,10,-1463.39551006531,10,-1047.48907494371
225,8,15,-797.932900220578,15,-283.422561716644,15,-1429.98267831825,15,-1039.94868042081
225,8,20,-1046.98628057569,20,-353.192318820365,20,-1381.65213681249,20,-1029.78729601229
225,8,25,-1275.72029297077,25,-418.108307079851,25,-1317.10715577555,25,-1014.00635101267
225,8,30,-1481.14906341143,30,-481.973361713385,30,-1235.26029609486,30,-989.028396175917
225,8,35,-1663.80850846268,35,-548.854938331286,35,-1135.47411408413,35,-951.604861838921
225,8,40,-1827.94116922638,40,-621.569470487682,40,-1017.84991835881,40,-899.82415488469
225,8,45,-1980.50334154194,45,-700.327391447455,45,-883.581289924062,45,-833.83887863209
225,8,50,-2129.11605295142,50,-782.073133979553,50,-735.303641655708,50,-755.963140193535
225,8,55,-2279.52397703161,55,-860.86500000466,55,-577.271845787246,55,-670.025977802441
225,8,60,-2433.38971779812,60,-929.262221556633,60,-415.162187211624,60,-580.203884168209
225,8,65,-2587.19325267855,65,-980.279107265018,65,-255.379601321995,65,-489.808923597649
225,8,70,-2732.63521613039,70,-1009.22676345736,70,-103.944066544772,70,-400.527798376476
225,8,75,-2858.4191206408,75,-1014.81431968353,75,34.7573377478169,75,-312.378198860075
225,8,80,-2952.84031436788,80,-999.195747432711,80,158.950620095149,80,-224.306010321991
225,8,85,-3006.41282069762,85,-967.06362403456,85,269.838864424222,85,-135.080368045945
225,8,90,-3013.85656218422,90,-924.210893006422,90,371.205576916962,90,-44.0781743990859
230,8,0,18.2805353849411,0,-26.82608074845,0,-1257.12333155109,0,-1195.26440086831
230,8,5,-278.347813959571,5,-159.090462971813,5,-1253.43597446272,5,-1182.15686323404
230,8,10,-574.890132213689,10,-283.772472430654,10,-1238.45042483666,10,-1167.25739581468
230,8,15,-864.521600236443,15,-397.977543169403,15,-1210.41563017946,15,-1151.3064828482
230,8,20,-1139.30462040235,20,-501.345124135869,20,-1167.42228336494,20,-1133.69455577604
230,8,25,-1391.8338160441,25,-596.343557798337,25,-1107.84606115739,25,-1112.15137627169
230,8,30,-1617.3719149943,30,-687.62948484502,30,-1030.65830998802,30,-1082.93681477463
230,8,35,-1815.6795092224,35,-780.489756661338,35,-935.586011318354,35,-1041.69810802053
230,8,40,-1991.65310420566,40,-878.757480743101,40,-823.210102333192,40,-984.824436439964
230,8,45,-2154.20615652554,45,-982.92054517745,45,-695.126267446776,45,-910.784844669261
230,8,50,-2313.49707002936,50,-1089.21461967337,50,-554.209415698504,50,-820.821764277704
230,8,55,-2477.34882972024,55,-1190.19337107518,55,-404.855489090241,55,-718.618586954002
230,8,60,-2648.14396478877,60,-1276.67922235769,60,-252.936029063076,60,-609.059470374108
230,8,65,-2821.36369984741,65,-1340.39537174201,65,-105.219074662802,65,-496.658484031539
230,8,70,-2986.30607982239,70,-1376.28257029573,70,31.7757384872869,70,-384.371873668648
230,8,75,-3128.67640308429,75,-1383.67165021041,75,153.208660735965,75,-273.25289317297
230,8,80,-3234.09914812681,80,-1366.01151877072,80,257.136686886427,80,-162.945218331955
230,8,85,-3291.41872911368,85,-1329.44812560901,85,345.030045012039,85,-52.6253749979275
230,8,90,-3294.93421731007,90,-1280.9195818821,90,421.36061830427,90,58.1106557631751
235,8,0,19.4225251937052,0,-21.3162546084942,0,-982.966064936658,0,-1344.6881532022
235,8,5,-281.682957948222,5,-199.090545901597,5,-984.28921798219,5,-1325.29048273796
235,8,10,-585.356426535184,10,-367.773699543284,10,-976.234968073396,10,-1300.12272074257
235,8,15,-885.026834694264,15,-522.817119258004,15,-955.95940761024,15,-1271.58757447123
235,8,20,-1171.74114895886,20,-662.913870945412,20,-920.595711825297,20,-1241.1895215176
235,8,25,-1436.09656342554,25,-790.553116099053,25,-868.017119938978,25,-1208.50714481808
235,8,30,-1671.17733412502,30,-911.315885566567,30,-797.319178545942,30,-1170.66746172404
235,8,35,-1875.38774468798,35,-1031.86832329233,35,-708.917543306431,35,-1122.83205431306
235,8,40,-2053.80826510701,40,-1157.17322970115,40,-604.355056992905,40,-1059.73420394302
235,8,45,-2217.09240170679,45,-1287.95344729583,45,-486.066553804428,45,-977.685183721127
235,8,50,-2377.92748652216,50,-1419.54774764369,50,-357.340246911633,50,-876.103584826118
235,8,55,-2546.25589358839,55,-1542.81484499942,55,-222.504163017469,55,-757.803131086024
235,8,60,-2725.15044776803,60,-1646.83695813041,60,-87.0774258006766,60,-627.92717846157
235,8,65,-2909.02893698653,65,-1722.32851915723,65,42.5137344370877,65,-492.128898744027
235,8,70,-3084.86609157866,70,-1764.35252590228,70,159.88909495278,70,-354.915835432119
235,8,75,-3235.78007178857,75,-1773.34851528598,75,260.162221222611,75,-218.850699286915
235,8,80,-3345.50605442291,80,-1754.31562924676,80,341.324952376841,80,-84.7461264318241
235,8,85,-3402.19083470569,85,-1714.77480379788,85,404.927688146207,85,47.5066867201488
235,8,90,-3400.54207969368,90,-1662.4676751604,90,455.705531939844,90,178.018927185732
240,8,0,16.3878947686194,0,-15.7576199395387,0,-673.017300523358,0,-1495.28721626121
240,8,5,-272.440033720838,5,-241.534746708414,5,-680.322629988493,5,-1471.19999687422
240,8,10,-566.729540817867,10,-456.884872415076,10,-680.947297186224,10,-1435.16646725868
240,8,15,-861.125316382902,15,-655.346793978278,15,-670.751915297149,15,-1391.32758721781
240,8,20,-1146.31759026176,20,-834.429402934677,20,-645.63000974177,20,-1343.88425848241
240,8,25,-1411.0618651953,25,-996.524917609013,25,-602.668380546931,25,-1295.2356100664
240,8,30,-1645.9169229135,30,-1148.18586754385,30,-540.939029070488,30,-1244.46343303054
240,8,35,-1847.29645730451,35,-1297.60246079896,35,-461.657462646487,35,-1187.11122717537
240,8,40,-2019.85091553701,40,-1450.95793323583,40,-367.701411100705,40,-1116.64090712571
240,8,45,-2175.59208624217,45,-1609.12404437144,45,-262.817257090438,45,-1027.02576925368
240,8,50,-2329.59292073394,50,-1766.30145399999,50,-151.01878874834,50,-915.24259325563
240,8,55,-2493.86864131441,55,-1911.43627780157,55,-36.5088478063422,55,-782.453950938995
240,8,60,-2672.11825662813,60,-2031.8930680893,60,76.008043152153,60,-633.42298518317
240,8,65,-2857.66649359988,65,-2117.72706693633,65,181.161612957907,65,-474.661554155356
240,8,70,-3035.36818586525,70,-2164.67417657813,70,273.431031843646,70,-312.356778033627
240,8,75,-3186.37119076104,75,-2174.76666924586,75,348.395603357248,75,-150.993400870731
240,8,80,-3293.53667690861,80,-2154.73433855891,80,404.178899524202,80,6.97867104176278
240,8,85,-3345.46306370132,85,-2113.28936950461,85,442.285650315392,85,160.645591641533
240,8,90,-3338.14256311108,90,-2058.56514504824,90,467.316282048005,90,309.777241926352
245,8,0,10.1202303497246,0,-10.7326228266609,0,-336.899944731256,0,-1633.68700950459
245,8,5,-251.457065104141,5,-285.235882229549,5,-350.145326106355,5,-1607.21844019446
245,8,10,-521.276921337651,10,-548.292516404642,10,-360.261897607886,10,-1561.16970435617
245,8,15,-796.133387785845,15,-791.381874559518,15,-361.88177910136,15,-1501.20580810224
245,8,20,-1067.1399549183,20,-1010.62168192472,20,-349.525212146693,20,-1434.38416169389
245,8,25,-1321.55054086875,25,-1208.14876601228,25,-319.156158683816,25,-1366.48657436335
245,8,30,-1547.18920481743,30,-1391.45626346935,30,-269.434673858467,30,-1299.40109934985
245,8,35,-1737.87380889368,35,-1570.32722162955,35,-202.163457902522,35,-1229.95359140183
245,8,40,-1897.14713872695,40,-1752.20960926755,40,-121.665611418114,40,-1150.99573677393
245,8,45,-2037.90742295511,45,-1938.03069479235,45,-33.3786374208775,45,-1054.36515021827
245,8,50,-2177.41496550427,50,-2120.6371683206,50,57.5488294895994,50,-934.290032518138
245,8,55,-2329.71442190716,55,-2286.88397428152,55,146.876536388024,55,-789.618768138323
245,8,60,-2499.11790261467,60,-2422.46455375523,60,230.941212429826,60,-624.010723833209
245,8,65,-2677.90525854532,65,-2517.10421317025,65,305.980831285403,65,-444.35411944217
245,8,70,-2849.09683412044,70,-2567.68635956591,70,368.002223298015,70,-258.434450189893
245,8,75,-2992.54377457524,75,-2578.21047211988,75,413.605642370903,75,-72.9235864568445
245,8,80,-3091.24453601024,80,-2557.22500076479,80,441.338588729496,80,107.698817955173
245,8,85,-3135.31063714116,85,-2514.42374362131,85,452.643652355989,85,281.216682524514
245,8,90,-3122.73506309271,90,-2457.97508793781,90,451.693833415528,90,447.012368995679
250,8,0,1.91263692280777,0,-6.74226233930253,0,14.2500785419803,0,-1749.99926567115
250,8,5,-219.858604256588,5,-328.604882488763,5,-3.83897270025433,5,-1723.40293688757
250,8,10,-452.238252793623,10,-638.432812339372,10,-23.1463640134293,10,-1669.13688793982
250,8,15,-694.92598015319,15,-925.677230951363,15,-37.4299096256698,15,-1594.02036507009
250,8,20,-940.247330505552,20,-1184.94787072669,20,-39.9090600943472,20,-1507.71469117187
250,8,25,-1174.44407166686,25,-1417.93883460954,25,-25.1218527724906,25,-1419.40153424786
250,8,30,-1382.58029741567,30,-1632.92206926807,30,9.24137098046809,30,-1334.1558940391
250,8,35,-1555.39377986977,35,-1841.18034688231,35,61.3187913869022,35,-1250.77979313397
250,8,40,-1694.66784934873,40,-2051.3721836616,40,125.564387452346,40,-1162.30486530684
250,8,45,-1813.68728570971,45,-2264.41317433648,45,194.675740759529,45,-1059.01222609016
250,8,50,-1931.69279734718,50,-2471.71414796198,50,261.949243818931,50,-932.504108852787
250,8,55,-2064.7759727756,55,-2658.00938139759,55,322.728432137961,55,-778.942142139155
250,8,60,-2217.97480315193,60,-2807.41944044733,60,374.298956536185,60,-600.218239590727
250,8,65,-2382.70677713326,65,-2909.56573132265,65,414.772314407211,65,-402.973719375615
250,8,70,-2540.50524312357,70,-2962.73565021602,70,442.192246337852,70,-196.271312592718
250,8,75,-2670.52068390995,75,-2973.05319889652,75,454.722881928649,75,10.9987779569538
250,8,80,-2756.66483509653,80,-2950.87560294006,80,451.717208083243,80,212.094903738052
250,8,85,-2791.28236932275,85,-2906.73516419179,85,434.669372162911,85,403.280106455485
250,8,90,-2774.74691162001,90,-2848.65540989459,90,407.169964439219,90,583.470555860536
255,8,0,-6.88717498001498,0,-4.31928240451218,0,370.459115841102,0,-1839.00683501247
255,8,5,-179.071739762472,5,-370.071051905372,5,349.345858880607,5,-1813.88808490916
255,8,10,-363.621237736791,10,-723.660533982948,10,322.04498066674,10,-1753.53107416313
255,8,15,-563.609615557698,15,-1052.76555436733,15,295.133674664859,15,-1665.54598965316
255,8,20,-773.24784041045,20,-1350.52939274341,20,276.438295746557,20,-1561.65272451171
255,8,25,-978.335254760265,25,-1618.02662027614,25,273.033415737959,25,-1453.92428792102
255,8,30,-1161.35995072372,30,-1863.9886197861,30,288.774284584819,30,-1350.43379039912
255,8,35,-1309.71104093554,35,-2100.86545055895,35,322.449451274912,35,-1252.26919570678
255,8,40,-1422.88139540472,40,-2338.30985387115,40,367.803389818236,40,-1153.38504590003
255,8,45,-1514.05490587776,45,-2577.19828562107,45,415.763246289445,45,-1043.36699080309
255,8,50,-1604.22792833917,50,-2807.65374334966,50,457.751855664722,50,-911.767607904805
255,8,55,-1711.610137206,55,-3012.52477516591,55,488.186824500071,55,-752.099953494206
255,8,60,-1842.23852768386,60,-3174.56208103709,60,504.905097279529,60,-564.030489957409
255,8,65,-1987.04345477373,65,-3283.36345394856,65,507.82159446187,65,-353.284240818801
255,8,70,-2126.49854572402,70,-3338.55997463054,70,497.298378640523,70,-129.6453113407
255,8,75,-2239.49467391088,75,-3348.26089548375,75,473.540381465549,75,96.045902612541
255,8,80,-2311.23115879516,80,-3324.5139655365,80,437.147809758048,80,314.790720037451
255,8,85,-2336.47907792472,85,-3278.66299657696,85,389.896762342935,85,521.204696399262
255,8,90,-2317.92365573672,90,-3218.64255485,90,334.772863100113,90,713.593796012982
260,8,0,-15.006323212955,0,-3.94035244528618,0,724.423418683394,0,-1899.70998253828
260,8,5,-130.700074027674,5,-408.30526250452,5,702.294081317519,5,-1876.79230740354
260,8,10,-259.857824813673,10,-800.773996325371,10,668.624148774579,10,-1812.33248778992
260,8,15,-409.046729185066,15,-1167.73261169648,15,629.775911465473,15,-1714.47944128697
260,8,20,-574.801752739097,20,-1501.09800729556,20,594.271481811276,20,-1596.32925825135
260,8,25,-743.035863775579,25,-1801.20221110794,25,570.812515012794,25,-1471.95442449752
260,8,30,-894.053358296484,30,-2076.76939781514,30,565.215591445068,30,-1351.7278208483
260,8,35,-1011.92759414602,35,-2340.81422888893,35,577.600644714405,35,-1238.89378160342
260,8,40,-1093.54688727188,40,-2603.56202040239,40,601.672253910382,40,-1128.88280155369
260,8,45,-1151.54690727683,45,-2865.85016235336,45,626.948128558701,45,-1011.57624964529
260,8,50,-1208.38468187126,50,-3116.93113367716,50,642.871297454973,50,-875.429990158126
260,8,55,-1284.440216219,55,-3338.33859409786,55,642.441078446296,55,-711.79085557072
260,8,60,-1387.15857865956,60,-3511.82376493819,60,623.452072378399,60,-517.957321002476
260,8,65,-1507.58615493154,65,-3626.9210831553,65,587.250741658617,65,-298.132412353866
260,8,70,-1625.6889857177,70,-3684.21855923761,70,536.538026569604,70,-62.0791840818032
260,8,75,-1720.38223120391,75,-3693.34779307684,75,473.904816660134,75,177.999534813375
260,8,80,-1778.06606765265,80,-3667.78798132231,80,401.635469593622,80,411.137174203595
260,8,85,-1795.53160001419,85,-3619.74541833379,85,322.090272424234,85,630.292367188638
260,8,90,-1777.23048428378,90,-3557.31358737342,90,237.738440328252,90,832.938097582172
265,8,0,-21.3067252678316,0,-5.83184532289545,0,1071.60981574079,0,-1934.02517525814
265,8,5,-76.4240748041399,5,-442.237415894406,5,1050.14986021847,5,-1913.28082467727
265,8,10,-145.536600381593,10,-867.287170968975,10,1011.67976775659,10,-1846.38392751544
265,8,15,-238.453833615684,15,-1266.73619973671,15,961.951787731657,15,-1741.88432087048
265,8,20,-354.148502233536,20,-1631.69532848416,20,909.839433142807,20,-1613.55713053842
265,8,25,-479.098053661795,25,-1961.70317539061,25,865.493463953245,25,-1476.39965244358
265,8,30,-592.00104855373,30,-2264.90684693271,30,836.804166716958,30,-1342.06352214487
265,8,35,-674.009426227618,35,-2554.05387669953,35,825.669662664006,35,-1215.45936623222
265,8,40,-719.394386413751,40,-2839.32455921084,40,826.407992438099,40,-1093.79030943142
265,8,45,-739.865865622169,45,-3121.51611143517,45,827.696708088375,45,-968.19065184134
265,8,50,-758.918075303159,50,-3389.65601140308,50,817.183353681194,50,-827.190074045811
265,8,55,-799.026381504404,55,-3624.8587991448,55,786.142231994593,55,-660.829811947949
265,8,60,-869.501442573592,60,-3808.46140434429,60,731.708125022665,60,-464.258073369486
265,8,65,-962.314750334987,65,-3929.87086456452,65,656.084265800177,65,-239.717748184311
265,8,70,-1057.63971525887,70,-3990.01511846783,70,564.066462656373,70,3.88522759271215
265,8,75,-1134.60799801856,75,-3999.29926487397,75,460.765190577597,75,253.84870097478
265,8,80,-1180.3419755584,80,-3972.17980825682,80,350.483364594054,80,497.810352253268
265,8,85,-1192.71550271317,85,-3921.72483154423,85,236.474383495798,85,727.197784791007
265,8,90,-1176.99428848626,90,-3856.48384716922,90,120.872516705997,90,938.37251435181
270,8,0,-24.8555063654589,0,-9.81190094236006,0,1409.30520637652,0,-1945.45494404161
270,8,5,-18.0313187384302,5,-470.997698216481,5,1389.56189886363,5,-1926.45599311071
270,8,10,-25.3318854501925,10,-921.530444573758,10,1347.50974209527,10,-1858.52522552837
270,8,15,-59.2004995748461,15,-1347.28166334875,15,1288.13456888419,15,-1750.50609107856
270,8,20,-120.802860155797,20,-1739.07585141879,20,1220.38391189337,20,-1616.19869408583
270,8,25,-197.472553617255,25,-2095.66169595901,25,1155.49686629283,25,-1470.46246024947
270,8,30,-267.033281087469,30,-2424.00434941443,30,1103.18396872671,30,-1325.13106318186
270,8,35,-308.486336722409,35,-2735.63822471159,35,1067.20613119294,35,-1186.1070065583
270,8,40,-313.825949125195,40,-3039.96136248666,40,1042.9848070717,40,-1052.42377964063
270,8,45,-293.568138204954,45,-3337.70152936832,45,1019.04189359241,45,-917.254045209358
270,8,50,-271.669463678891,50,-3618.42155501362,50,981.724521903991,50,-770.387213617236
270,8,55,-272.399406256773,55,-3863.93314169071,55,920.595394926594,55,-601.646663377673
270,8,60,-307.303181653436,60,-4055.96293199796,60,831.670167072493,60,-404.576277158755
270,8,65,-370.187594201943,65,-4183.83403078102,65,717.365139199564,65,-179.267289346699
270,8,70,-442.300540948652,70,-4248.1449914521,70,584.086746715871,70,67.0309622119465
270,8,75,-503.195250385423,75,-4259.14112479861,75,439.312366930758,75,322.140494945186
270,8,80,-540.037290498098,80,-4231.55880277406,80,289.488403645427,80,573.100988706912
270,8,85,-550.530124495092,85,-4179.10339056711,85,139.006734374348,85,810.082171946752
270,8,90,-539.557885787427,90,-4110.93437306211,90,-10.0703092365738,90,1028.06809476419
275,8,0,-25.0262574056902,0,-15.2657046455722,0,1735.25926916978,0,-1938.23394121808
275,8,5,42.4590834924752,5,-493.921166542201,5,1717.58023124789,5,-1920.52457432514
275,8,10,95.9370800544757,10,-962.720389899711,10,1672.7813853414,10,-1852.85441448284
275,8,15,121.255966509218,15,-1408.36397838179,15,1605.13816779166,15,-1744.17068127424
275,8,20,115.621418147558,20,-1821.89103810998,20,1523.4576111504,20,-1607.69452148542
275,8,25,90.7063974040933,25,-2201.27818683755,25,1439.55323940043,25,-1457.24530772394
275,8,30,68.7157404355294,30,-2551.75120420796,30,1364.37003009752,30,-1303.89919794736
275,8,35,71.6972715587634,35,-2882.73523287413,35,1303.2419894515,35,-1153.8976804678
275,8,40,109.246641631998,40,-3202.11983569138,40,1252.94292757293,40,-1007.99899678019
275,8,45,172.1579488677,45,-3510.49795683278,45,1202.53624642089,45,-861.939248616775
275,8,50,236.702776165544,50,-3798.69382823115,50,1137.82480408322,50,-707.770658099071
275,8,55,277.393306969802,55,-4050.37633476816,55,1047.04776056443,55,-536.214355461753
275,8,60,280.322059132534,60,-4248.62251567276,60,924.936297308518,60,-339.984101185279
275,8,65,249.017578235535,65,-4382.92977236177,65,773.541903877214,65,-117.114765697095
275,8,70,200.221836748136,70,-4453.04652733961,70,600.214162572978,70,127.416364005239
275,8,75,153.639370295615,75,-4468.09318195976,75,414.323162182578,75,382.967560334529
275,8,80,122.668420409406,80,-4442.15202515457,80,224.295392106332,80,636.895307216795
275,8,85,111.016316368868,85,-4388.98960982689,85,35.7828498268428,85,878.535616346067
275,8,90,115.379155320107,90,-4318.22146555033,90,-148.895905404023,90,1101.34687405461
280,8,0,-21.6029423726219,0,-21.267653104146,0,2046.52997888731,0,-1917.0482184954
280,8,5,102.713598804673,5,-510.662509226525,5,2030.70341837321,5,-1900.37403310726
280,8,10,213.31505385361,10,-991.060798504783,10,1983.7780188489,10,-1834.22994311289
280,8,15,295.504272105702,15,-1450.54278307818,15,1909.4751765005,15,-1727.32266342969
280,8,20,345.634337860963,20,-1880.72907727389,20,1816.25399400019,20,-1591.73675986379
280,8,25,374.3459078158,25,-2278.82205930377,25,1715.87994057399,25,-1439.59938477678
280,8,30,402.957736541945,30,-2647.88466777803,30,1619.72806676636,30,-1280.60666591735
280,8,35,453.247134371741,35,-2994.55786763931,35,1534.13744282941,35,-1120.87194280639
280,8,40,535.442287724545,40,-3324.65663589359,40,1457.24506064917,40,-962.699524931528
280,8,45,641.584733841927,45,-3638.55569439569,45,1379.27389393783,45,-804.619564649133
280,8,50,748.892793559141,50,-3928.89526112758,50,1286.38663998106,50,-641.616703558673
280,8,55,831.484972978796,55,-4182.2007663982,55,1166.21385812779,55,-466.256460458971
280,8,60,873.323696503966,60,-4383.88358108775,60,1012.38000132183,60,-271.284273876686
280,8,65,874.736016022167,65,-4524.11119819118,65,826.165637281216,65,-53.0545630101749
280,8,70,849.596310203032,70,-4601.5633532878,70,615.106143236337,70,186.026685711343
280,8,75,816.372369852163,75,-4623.41841359697,75,389.706097026601,75,437.661853547093
280,8,80,789.286638266707,80,-4602.04111383309,80,159.90548227533,80,690.415202141219
280,8,85,774.320659924432,85,-4550.3356868286,85,-67.4233939909901,85,933.352311109008
280,8,90,770.678901520909,90,-4477.85174049657,90,-289.350600446027,90,1158.48904800846
285,8,0,-14.8410962708672,0,-26.795914042218,0,2338.88940872931,0,-1887.11897647572
285,8,5,160.178864498124,5,-521.348364845527,5,2324.37154941388,5,-1871.44017118568
285,8,10,321.977244826725,10,-1007.79926019324,10,2275.93721823931,10,-1807.96338352768
285,8,15,456.582041993618,15,-1475.89117779697,15,2196.87654153998,15,-1704.67385253678
285,8,20,560.328634669592,20,-1917.9837724042,20,2095.03835274943,20,-1572.03196934902
285,8,25,642.811501137466,25,-2330.47566354096,25,1981.47079334169,25,-1420.10733246616
285,8,30,723.550888497485,30,-2714.052980187,30,1867.11374108764,30,-1256.96772091276
285,8,35,822.687597164546,35,-3072.2505715225,35,1758.62409614256,35,-1088.39050802886
285,8,40,949.998946687017,40,-3408.52433675137,40,1655.33693782482,40,-918.038982404213
285,8,45,1098.54271497556,45,-3722.96527991041,45,1549.10385249118,45,-747.185930633824
285,8,50,1247.12294896372,50,-4010.32533048285,50,1427.34675765271,50,-574.010946184252
285,8,55,1370.44002959712,55,-4260.64566885149,55,1277.98984705826,55,-393.556049827256
285,8,60,1450.95189072932,60,-4462.49708881579,60,1094.02292893575,60,-199.403224473411
285,8,65,1485.7040589611,65,-4607.36284373771,65,875.779923503232,65,13.1699161025569
285,8,70,1485.09018275513,70,-4692.99203966945,70,630.258292160823,70,244.23315416818
285,8,75,1465.69144617161,75,-4724.12387071731,75,368.176568231589,75,488.27395235601
285,8,80,1442.29036815417,80,-4710.42767316522,80,100.285363382442,80,735.788246295893
285,8,85,1423.34202450511,85,-4662.85285294668,85,-165.531092010766,85,976.235194551444
285,8,90,1410.9775649507,90,-4590.08264503237,90,-425.416607432903,90,1200.5796371359
290,8,0,-5.4503615545835,0,-30.9563538234271,0,2606.82400443106,0,-1854.33513022469
290,8,5,212.395625733394,5,-526.62432780357,5,2592.94032634321,5,-1839.65506714455
290,8,10,417.795208516998,10,-1015.06898602324,10,2543.71104020911,10,-1779.60553086066
290,8,15,598.694230371676,15,-1487.6555036888,15,2461.99973055297,15,-1680.94313043187
290,8,20,752.141058934292,20,-1937.41593596558,20,2354.71196208666,20,-1552.15008796488
290,8,25,886.64287652173,25,-2359.91031545224,25,2231.54593611824,25,-1401.15664804612
290,8,30,1019.1128580693,30,-2753.487468547,30,2102.23907783028,30,-1234.48607065759
290,8,35,1166.84913094502,35,-3118.66064652521,35,1973.12219051854,35,-1057.60369376759
290,8,40,1338.15717653567,40,-3456.57738981737,40,1844.47028552971,40,-875.35561055726
290,8,45,1526.77020707765,45,-3767.03089722345,45,1710.03818898251,45,-691.468940832332
290,8,50,1713.54898810601,50,-4046.89838839161,50,1559.24463319203,50,-507.185438534105
290,8,55,1874.75571383713,55,-4289.94570439307,55,1381.20603525984,55,-320.278444453167
290,8,60,1992.28198244161,60,-4488.38896177275,60,1168.91865965442,60,-125.799557637597
290,8,65,2060.31395855613,65,-4635.65132218826,65,921.830745256331,65,81.3120682318629
290,8,70,2085.52301911166,70,-4728.98892180136,70,645.843846757037,70,303.118379457615
290,8,75,2081.90258369235,75,-4770.64531682925,75,350.991401718486,75,536.884243468164
290,8,80,2064.0083997421,80,-4766.97400714716,80,48.0331825072528,80,775.482160793978
290,8,85,2042.20658331204,85,-4726.02354526618,85,-254.485262008524,85,1009.45649630103
290,8,90,2021.33709625341,90,-4654.75955050644,90,-551.591633725188,90,1229.41584327682
295,8,0,5.51332656890648,0,-33.1446211893093,0,2843.90732377556,0,-1825.20711930961
295,8,5,257.437202542751,5,-527.479324923141,5,2829.9666883224,5,-1811.32919911088
295,8,10,498.029732871992,10,-1015.37673574075,10,2780.65952760228,10,-1754.78950105775
295,8,15,718.052465126383,15,-1489.48502864872,15,2698.31709672079,15,-1660.74022750221
295,8,20,915.754828334314,20,-1943.26498934046,20,2588.55712343265,20,-1535.54582823909
295,8,25,1098.4786175835,25,-2371.43398366335,25,2459.23353804195,25,-1385.16519962181
295,8,30,1279.94569752026,30,-2770.2894028411,30,2318.33655931577,30,-1214.88328035134
295,8,35,1473.76468594679,35,-3137.77078821497,35,2171.38734822069,35,-1030.0095285422
295,8,40,1686.00298317748,40,-3473.06858669386,40,2019.31808155995,40,-836.388775782186
295,8,45,1910.71734100571,45,-3775.72464518733,45,1857.84607636608,45,-639.741597189187
295,8,50,2131.08709299464,50,-4044.50500063346,50,1678.83909012967,50,-443.926673347694
295,8,55,2325.76384664961,55,-4276.64347199176,55,1473.31532478916,55,-249.349636144307
295,8,60,2477.14072840022,60,-4468.0322896219,60,1234.93013779706,60,-52.926365951337
295,8,65,2577.36803854082,65,-4614.45210357101,65,962.504040309279,65,149.989689807727
295,8,70,2629.56810942681,70,-4713.26421618332,70,660.556463786833,70,362.683274393548
295,8,75,2644.56058897473,75,-4764.62752730684,75,337.750977594141,75,584.769010325559
295,8,80,2635.56994842426,80,-4771.54143674377,80,4.12593336242251,80,811.607624695149
295,8,85,2613.70067324397,85,-4738.68947689352,85,-331.548400456114,85,1035.44219328093
295,8,90,2585.69420603955,90,-4670.70767360903,90,-663.192239346487,90,1247.41115192112
300,8,0,16.8281395562622,0,-33.1165085818541,0,3043.24012823996,0,-1806.60910484601
300,8,5,294.271728061524,5,-524.853978986187,5,3028.57441014859,5,-1792.96587306936
300,8,10,561.812637972513,10,-1010.77866873754,10,2979.67619822837,10,-1739.18282476344
300,8,15,813.437723537947,15,-1484.2898767546,15,2898.21719902627,15,-1648.69399907417
300,8,20,1048.75732875848,20,-1938.95115982585,20,2788.28797450332,20,-1525.87307199658
300,8,25,1273.85912277962,25,-2368.69408125656,25,2655.64226565919,25,-1375.06573696046
300,8,30,1499.0172103383,30,-2768.23298171651,30,2506.2709691465,30,-1200.71510775973
300,8,35,1733.8042863479,35,-3133.61607655918,35,2344.61424831617,35,-1008.14452984943
300,8,40,1981.68384010067,40,-3462.61476806772,40,2171.99364593608,40,-803.975224202881
300,8,45,2236.78100880736,45,-3754.6016661688,45,1985.93911321017,45,-595.360591749912
300,8,50,2484.6579994502,50,-4009.81221870532,50,1780.87486044888,50,-388.141311257365
300,8,55,2706.90670473611,55,-4228.30659567671,55,1550.11483812083,55,-184.987973145999
300,8,60,2887.39221520915,60,-4409.2245111446,60,1288.49712106054,60,15.1815403795541
300,8,65,3017.24285798756,65,-4550.79371885119,65,994.596175866961,65,215.96033643724
300,8,70,3096.56764061372,70,-4651.0706290076,70,671.578280398352,70,420.977326988682
300,8,75,3132.7170851848,75,-4708.91470111104,75,326.403139559862,75,631.480763420368
300,8,80,3136.50832731081,80,-4724.57964056733,80,-32.1245537593045,80,845.110702591849
300,8,85,3118.36662133979,85,-4699.60417278582,85,-395.457241677246,85,1056.22351602527
300,8,90,3085.76380742823,90,-4636.15634317082,90,-756.64276088517,90,1257.36055962901
305,8,0,27.3164363671285,0,-30.9893810527225,0,3197.78307842508,0,-1805.43753769184
305,8,5,322.841060131686,5,-519.20935177146,5,3181.78002750795,5,-1791.10276356386
305,8,10,610.080784684865,10,-1002.04949521336,10,3133.33771815278,10,-1738.60629537894
305,8,15,886.072007506625,15,-1473.1064697148,15,3053.43108136544,15,-1649.85185784743
305,8,20,1151.6041417029,20,-1925.7550454211,20,2944.60405379956,20,-1527.59839354246
305,8,25,1411.44840837453,25,-2353.27213462103,25,2810.5565484203,25,-1375.04436796239
305,8,30,1672.54398615563,30,-2749.3372960383,30,2655.33130578141,30,-1196.16441717175
305,8,35,1940.6170344091,35,-3108.85116833643,35,2482.22498867567,35,-996.391334304938
305,8,40,2216.61437685672,40,-3428.73773483846,40,2292.71533001508,40,-782.848002763506
305,8,45,2494.64743580604,45,-3708.27079229049,45,2085.82564032601,45,-563.532666684936
305,8,50,2762.57730615219,50,-3948.63564575611,50,1858.31912597994,50,-345.568987908013
305,8,55,3005.1528899144,55,-4151.84503623966,55,1605.84722181214,55,-133.365857819645
305,8,60,3208.39433076915,60,-4319.51083552568,60,1324.73704490258,60,72.2586458847982
305,8,65,3363.3750232016,65,-4452.05466485586,65,1013.73028206188,65,273.427897710504
305,8,70,3467.96538278747,70,-4548.66119094152,70,674.94286942366,70,473.325943416243
305,8,75,3526.1592967201,75,-4607.84453685052,75,313.677805345851,75,674.018357566642
305,8,80,3545.67218037059,80,-4628.21087467346,80,-62.7103116832113,80,874.963614954912
305,8,85,3535.03277322437,85,-4609.01653902581,85,-446.278208859265,85,1072.74364400626
305,8,90,3501.24584220199,90,-4550.36616285913,90,-829.624039591441,90,1261.92524176903
310,8,0,36.0320838067867,0,-27.2339423638596,0,3300.6855776263,0,-1828.317481839
310,8,5,343.771627732797,5,-510.344279426343,5,3282.88542065602,5,-1812.22317457936
310,8,10,644.848831710986,10,-988.334508595893,10,3234.50391618929,10,-1759.23836379322
310,8,15,938.644075048719,15,-1454.60156366931,15,3155.93315595715,15,-1670.15569338762
310,8,20,1226.66864982335,20,-1902.17986387271,20,3048.41297858872,20,-1546.64856507892
310,8,25,1512.36536604308,25,-2323.89517849526,25,2913.93014269666,25,-1391.24582756436
310,8,30,1799.77214304198,30,-2712.91689621703,30,2754.88906470701,30,-1207.73113466792
310,8,35,2091.40241779772,35,-3063.64631480833,35,2573.55467861734,35,-1001.63477567088
310,8,40,2386.16322073512,40,-3372.63009177069,40,2371.38037024945,40,-780.268267098738
310,8,45,2678.25580056415,45,-3639.06045034811,45,2148.46908884856,45,-551.922026405529
310,8,50,2957.66957041608,50,-3864.53812530695,50,1903.47332797981,50,-324.338554775112
310,8,55,3212.21625491683,55,-4052.10391036255,55,1634.12463342505,55,-103.077682962862
310,8,60,3430.38033334079,60,-4204.90639533675,60,1338.30444450846,60,109.442031340335
310,8,65,3603.92416305682,65,-4325.04514963023,65,1015.27228939856,65,313.741461176472
310,8,70,3729.34167862042,70,-4413.01100223349,70,666.551533593588,70,512.016205934663
310,8,75,3807.79550778811,75,-4467.82994044296,75,296.131001822373,75,706.41144522835
310,8,80,3843.79946132003,80,-4487.7079825521,80,-90.0200605188983,80,897.590903653596
310,8,85,3843.31622760737,85,-4470.83500236314,85,-484.820338549511,85,1084.12466286236
310,8,90,3811.98641503033,90,-4416.06286422128,90,-880.928133117491,90,1262.7931406756
315,8,0,42.3856791771886,0,-22.7055265888662,0,3345.96834703773,0,-1881.3184077551
315,8,5,357.838699191117,5,-497.692153295316,5,3326.23709860932,5,-1862.59109650809
315,8,10,668.076909708317,10,-967.690017897588,10,3277.3630172453,10,-1807.60392358953
315,8,15,973.800624911699,15,-1425.77366441507,15,3199.39250014967,15,-1716.54571903662
315,8,20,1276.64666388676,20,-1864.68566235506,20,3092.70003858179,20,-1590.54572605318
315,8,25,1578.77234768038,25,-2277.06565116779,25,2958.10075768214,25,-1431.86038832302
315,8,30,1881.94113617326,30,-2656.00769068268,30,2796.83834060097,30,-1244.23346402468
315,8,35,2186.33708705748,35,-2995.87924073019,35,2610.3833659276,35,-1033.18681364814
315,8,40,2489.53075501318,40,-3293.15078746924,40,2400.06024625497,40,-805.902870581349
315,8,45,2786.0449855334,45,-3546.88872904031,45,2166.64018021942,45,-570.491253423083
315,8,50,3067.7908222089,50,-3758.63766399627,50,1910.11900081443,50,-334.743960754089
315,8,55,3325.32583909591,55,-3931.65104138619,55,1629.86638912767,55,-104.797248114504
315,8,60,3549.56754128543,60,-4069.70853629694,60,1325.1749374323,60,115.76575424466
315,8,65,3733.41832020085,65,-4175.93439105194,65,996.034245447161,65,326.003753614968
315,8,70,3872.80501033403,70,-4252.0121324611,70,643.831549425275,70,526.888264328049
315,8,75,3966.87764251569,75,-4298.00118290452,75,271.714940999712,75,720.098418155306
315,8,80,4017.42976996449,80,-4312.71377134362,80,-115.478716267625,80,906.843278810713
315,8,85,4027.85212885947,85,-4294.4303369142,85,-511.640584861215,85,1087.1319834073
315,8,90,4002.01830128628,90,-4241.68076274602,90,-909.958194874036,90,1259.66083837211
320,8,0,46.1970498712579,0,-18.6973971911309,0,3329.94587731399,0,-1969.43209817532
320,8,5,365.478182706355,5,-481.0669711457,5,3308.65150519818,5,-1947.69196896416
320,8,10,680.696846645193,10,-938.490063108256,10,3259.03711184101,10,-1889.93071523584
320,8,15,992.831837249988,15,-1383.87767274074,15,3181.06694843317,15,-1796.18056273385
320,8,20,1303.08213511227,20,-1809.91899501686,20,3074.73810483523,20,-1667.45143827638
320,8,25,1612.41330809457,25,-2209.37454378247,25,2940.2822991305,25,-1505.98006031504
320,8,30,1920.97657783637,30,-2575.59375443283,30,2778.3067049417,30,-1315.49711098648
320,8,35,2227.52730266173,35,-2903.19287500628,35,2589.7905543314,35,-1101.35250250106
320,8,40,2529.02261970673,40,-3188.71322294712,40,2375.91553592054,40,-870.312623986692
320,8,45,2820.5641426655,45,-3431.02096583659,45,2137.79915231954,45,-629.936253486202
320,8,50,3095.76683027993,50,-3631.25501969683,50,1876.27268730692,50,-387.617272972413
320,8,55,3347.50660428722,55,-3792.2756768085,55,1591.84948536849,55,-149.559480336688
320,8,60,3568.87485092311,60,-3917.75197620526,60,1284.95088954143,60,79.9807232458809
320,8,65,3754.09695997128,65,-4011.16283379091,65,956.334625403839,65,298.931881302823
320,8,70,3899.18458396166,70,-4075.01115040342,70,607.572262392464,70,507.073542958217
320,8,75,4002.18354804368,75,-4110.4562273216,75,241.401754707871,75,705.294989245845
320,8,80,4063.0134127395,80,-4117.41010607295,80,-138.158783820909,80,894.739658638203
320,8,85,4083.01546078585,85,-4094.99318645688,85,-525.952524286638,85,1076.12133241866
320,8,90,4064.38795084416,90,-4042.16023203945,90,-916.017899662396,90,1249.3786665331
325,8,0,47.6868492115843,0,-16.910408986802,0,3253.47480935522,0,-2095.52474356491
325,8,5,366.651147885427,5,-461.477317459213,5,3231.53607108755,5,-2071.00362675862
325,8,10,682.373981470498,10,-901.073074270687,10,3181.62785680885,10,-2010.62606230561
325,8,15,995.332257376796,15,-1328.78193479603,15,3103.81925257576,15,-1914.56084606349
325,8,20,1305.91067775471,20,-1737.58698751905,20,2998.11307167522,20,-1783.93837388432
325,8,25,1614.02748359075,25,-2120.68279441344,25,2864.63595523282,25,-1621.06621366412
325,8,30,1918.79329636786,30,-2471.91853745318,30,2703.80633047212,30,-1429.59052309067
325,8,35,2218.26531310733,35,-2786.3164341028,35,2516.40900573508,35,-1214.50824933151
325,8,40,2509.35428395784,40,-3060.54865665945,40,2303.54549211271,40,-981.940276996587
325,8,45,2787.91939495709,45,-3293.22706283863,45,2066.48908574825,45,-738.635650864342
325,8,50,3049.05018524191,50,-3484.88734474489,50,1806.52500229427,50,-491.274235610725
325,8,55,3287.49403852579,55,-3637.63146550324,55,1524.87033792709,55,-245.726211597792
325,8,60,3498.153804426,60,-3754.5000636562,60,1222.73598035071,60,-6.46475321922502
325,8,65,3676.563041165,65,-3838.73520033119,65,901.528224976227,65,223.710374857503
325,8,70,3819.25275937578,70,-3893.12599190984,70,563.124480936553,70,443.581493337153
325,8,75,3923.95312634389,75,-3919.59396239674,75,210.125370258808,75,653.115820179443
325,8,80,3989.61765671758,80,-3919.09020259247,80,-154.004424739154,80,852.910017944674
325,8,85,4016.30094989512,85,-3891.77978803055,85,-524.953630616393,85,1043.64593355341
325,8,90,4004.94905113593,90,-3837.4163728231,90,-897.739141917498,90,1225.68661093826
330,8,0,47.4149047010928,0,-19.1992710724358,0,3124.57006868178,0,-2258.72362698103
330,8,5,361.174528736501,5,-441.42463221864,5,3103.27406653411,5,-2232.15526746592
330,8,10,672.222844175812,10,-858.612271032053,10,3054.26651500995,10,-2170.08561776877
330,8,15,980.167152972068,15,-1264.3749582727,15,2977.78169354577,15,-2072.93911040752
330,8,20,1284.46921906932,20,-1652.32391304884,20,2874.01967309516,20,-1942.02616340379
330,8,25,1584.19812821849,25,-2016.35115292554,25,2743.27400177783,25,-1779.68460290555
330,8,30,1877.84912123622,30,-2350.97712512872,30,2586.0577328963,30,-1589.35030408153
330,8,35,2163.25596726395,35,-2651.72114961265,35,2403.18096970206,35,-1375.50679723066
330,8,40,2437.60713388821,40,-2915.42488389329,40,2195.75505132279,40,-1143.47707265133
330,8,45,2697.55839774378,45,-3140.44853559602,45,1965.131544314,45,-899.056142082549
330,8,50,2939.42051529773,50,-3326.67569596409,50,1712.81402630163,50,-648.030977665156
330,8,55,3159.39234758074,55,-3475.30480386819,55,1440.39343085073,55,-395.6770068039
330,8,60,3353.80748017562,60,-3588.46086115671,60,1149.54730623371,60,-146.338400192439
330,8,65,3519.36468085208,65,-3668.71039030262,65,842.114667891904,65,96.8170205295329
330,8,70,3653.31819618536,70,-3718.58754816942,70,520.224559010746,70,331.823687419427
330,8,75,3753.61200847796,75,-3740.23128560045,75,186.432562638163,75,557.739249018554
330,8,80,3818.95176989387,80,-3735.1970362429,80,-156.186040000503,80,774.324577185024
330,8,85,3848.81752789968,85,-3704.45629725777,85,-504.025343079567,85,981.671517850245
330,8,90,3843.42743258176,90,-3648.55117604436,90,-853.035807756301,90,1179.86283041717
335,8,0,46.1472877418982,0,-27.0398836462496,0,2960.39749523342,0,-2452.6492375098
335,8,5,349.337981691392,5,-424.265570953466,5,2940.99425548698,5,-2425.01147582119
335,8,10,650.144177335328,10,-816.402984965206,10,2894.45519356406,10,-2362.56193653737
335,8,15,947.331271153554,15,-1197.83192610596,15,2821.13361419012,15,-2265.96084028749
335,8,20,1239.57792141611,20,-1563.00370090253,20,2721.43597997476,20,-2136.6335716788
335,8,25,1525.34862200476,25,-1906.66038739114,25,2595.88372701629,25,-1976.83764770144
335,8,30,1802.81243768092,30,-2224.08165905823,30,2445.18026559354,30,-1789.67087577583
335,8,35,2069.8192103309,35,-2511.33058321789,35,2270.25926206541,35,-1578.99786589791
335,8,40,2323.93210108002,40,-2765.45990958964,40,2072.29956840571,40,-1349.28344764892
335,8,45,2562.50532843055,45,-2984.63846192542,45,1852.70674371481,45,-1105.3402336185
335,8,50,2782.79067806331,50,-3168.16651004868,50,1613.07503682117,50,-852.01929541835
335,8,55,2982.0561610834,55,-3316.36887008282,55,1355.15121410308,55,-593.890840219756
335,8,60,3157.7036528481,60,-3430.38018731815,60,1080.81971663482,60,-334.969171698851
335,8,65,3307.37711929462,65,-3511.8608705513,65,792.118369087323,65,-78.529491476059
335,8,70,3429.05704726108,70,-3562.69701464996,70,491.279729349084,70,172.955430560391
335,8,75,3521.13889492173,75,-3584.73890621453,75,180.780912489782,75,417.757156042105
335,8,80,3582.49386872842,80,-3579.62051259037,80,-136.621170938505,80,654.735891112254
335,8,85,3612.50992118183,85,-3548.68112872936,85,-457.890149886149,85,883.128438917744
335,8,90,3611.11048474481,90,-3492.98675954665,90,-779.758438689615,90,1102.32689870843
340,8,0,44.6242105624481,0,-40.850438235199,0,2787.4377885689,0,-2664.29532432957
340,8,5,332.424454831082,5,-412.750003752144,5,2770.66081617681,5,-2636.55311346747
340,8,10,618.055939999498,10,-779.620146526846,10,2727.87875035993,10,-2575.06459092042
340,8,15,899.718135227819,15,-1136.67780311848,15,2659.47428617305,15,-2480.62425585691
340,8,20,1175.59386943873,20,-1479.25767759205,20,2565.96524033429,20,-2354.65193534667
340,8,25,1443.80530193708,25,-1802.96125271649,25,2448.02246758804,25,-2199.20622235092
340,8,30,1702.39001539164,30,-2103.81391355519,30,2306.49201810927,30,-2016.95982220398
340,8,35,1949.30150421365,35,-2378.41406899051,35,2142.4125087035,35,-1811.12866999628
340,8,40,2182.43285614953,40,-2624.05537491607,40,1957.02142742744,40,-1585.35331071425
340,8,45,2399.6582486654,45,-2838.80384656249,45,1751.74883923746,45,-1343.53956486698
340,8,50,2598.88494499799,50,-3021.51648867987,50,1528.20181959915,50,-1089.6741755578
340,8,55,2778.1088525618,55,-3171.79662693908,55,1288.14603405969,55,-827.637692582284
340,8,60,2935.46868519409,60,-3289.89172650518,60,1033.49107495389,60,-561.039260683173
340,8,65,3069.29622007211,65,-3376.5496411592,65,766.283502274846,65,-293.095187145316
340,8,70,3178.16200125983,70,-3432.85638492618,70,488.707152539025,70,-26.5655514508372
340,8,75,3260.91651719717,75,-3460.0808521844,75,203.085904360218,75,236.247549859347
340,8,80,3316.72637781252,80,-3459.54895058263,80,-88.1186569318506,80,493.447674414297
340,8,85,3345.1038384251,85,-3432.562287226,85,-382.322413526944,85,743.454216468314
340,8,90,3345.92687609804,90,-3380.36682304759,90,-676.852074217568,90,984.896818589892
345,8,0,43.2482094196999,0,-59.4780817689445,0,2638.92679506643,0,-2874.42182292426
345,8,5,312.788355692303,5,-407.457262781014,5,2624.67016837999,5,-2847.38052856615
345,8,10,580.318904867446,10,-750.663367837685,10,2586.04716399088,10,-2788.05180949906
345,8,15,843.810328840052,15,-1085.0904662084,15,2523.39925916372,15,-2697.23644734727
345,8,20,1101.25562103089,20,-1406.8659401234,20,2437.24860438382,20,-2576.22741165231
345,8,25,1350.66995594304,25,-1712.34224196126,25,2328.29677668112,25,-2426.7961839143
345,8,30,1590.09531303852,30,-1998.18788040781,30,2197.42460036526,30,-2251.15892131289
345,8,35,1817.61138690548,35,-2261.47050263954,35,2045.69085732526,35,-2051.92085797093
345,8,40,2031.35260848735,40,-2499.72447263957,40,1874.32814721352,40,-1832.00010892199
345,8,45,2229.5299240462,45,-2710.99612418573,45,1684.7351173393,45,-1594.5351155965
345,8,50,2410.45537581173,50,-2893.8619463471,50,1478.46536886426,50,-1342.7827679887
345,8,55,2572.56753851587,55,-3047.41810362482,55,1257.21414514014,55,-1080.01614003568
345,8,60,2714.45632181914,60,-3171.24338513264,60,1022.80413620316,60,-809.43128621499
345,8,65,2834.88626214312,65,-3265.341217223,65,777.171335842647,65,-534.071444156254
345,8,70,2932.81790886691,70,-3330.06904322355,70,522.351047254145,70,-256.774400408798
345,8,75,3007.42707309665,75,-3366.06461854817,75,260.463192410469,75,19.8548224846832
345,8,80,3058.12152509991,80,-3374.17834276297,80,-6.30458949548152,80,293.447703624341
345,8,85,3084.55432191412,85,-3355.41877083891,85,-275.717697451758,85,561.857575295567
345,8,90,3086.63253120728,90,-3310.91535680794,90,-545.520322830359,90,823.134115253502
350,8,0,41.8122089791579,0,-80.1873607541149,0,2549.49436243985,0,-3059.9462176378
350,8,5,293.404833921495,5,-406.110141143873,5,2536.83874485395,5,-3034.2096720886
350,8,10,543.086133389814,10,-727.737465831587,10,2501.65009692728,10,-2978.10253478674
350,8,15,788.852808601252,15,-1041.73648627489,15,2444.20918959749,15,-2892.32140502038
350,8,20,1028.7331714884,20,-1344.89150481399,20,2364.98420760985,20,-2777.94188934029
350,8,25,1260.80218245045,25,-1634.1585772775,25,2264.62575694498,25,-2636.39942068406
350,8,30,1483.19648977378,30,-1906.71685383868,30,2143.96075233341,30,-2469.46083298193
350,8,35,1694.12963758643,35,-2160.01432574564,35,2003.98503085569,35,-2279.18707446366
350,8,40,1891.90741698326,40,-2391.80572261356,40,1845.85453709165,40,-2067.88818909852
350,8,45,2074.94316452915,45,-2600.1806769286,45,1670.87499607742,45,-1838.07243231422
350,8,50,2241.77270058257,50,-2783.5809211302,50,1480.49009515082,50,-1592.39198935777
350,8,55,2391.06855889524,55,-2940.80613646401,55,1276.26829091535,55,-1333.58811818816
350,8,60,2521.6531760707,60,-3071.0090152117,60,1059.88840894276,60,-1064.43856449982
350,8,65,2632.51075552717,65,-3173.68098695081,65,833.124198705648,65,-787.709769539216
350,8,70,2722.79756297024,70,-3248.63075458988,70,597.827956715069,70,-506.115750237404
350,8,75,2791.85042590031,75,-3295.95817614695,75,355.913268527612,75,-222.284673199892
350,8,80,2839.19319311832,80,-3316.02605546745,80,109.336884176399,80,61.2667918549809
350,8,85,2864.5408755348,85,-3309.43207627478,85,-139.9202361936,85,342.1521139388
350,8,90,2867.80116443643,90,-3276.98249971395,90,-389.872575432185,90,618.127959054133
355,8,0,39.4646735339063,0,-99.2926529765317,0,2547.9861780273,0,-3198.10550637557
355,8,5,277.112012020612,5,-404.379246095153,5,2535.61538262808,5,-3174.04664025037
355,8,10,512.845817999566,10,-705.798491217302,10,2502.28412459899,10,-3122.1069677675
355,8,15,744.802524573004,15,-1000.81860917187,15,2448.23930770843,15,-3042.81596149039
355,8,20,971.147490465735,20,-1286.78750186361,20,2373.89832572478,20,-2936.98492072888
355,8,25,1190.0910619776,25,-1561.16542951531,25,2279.8453698952,25,-2805.69411670427
355,8,30,1399.90415331158,30,-1821.55544159465,30,2166.8261414195,30,-2650.27574816713
355,8,35,1598.93319719747,35,-2065.73092565763,35,2035.74104632845,35,-2472.29311764042
355,8,40,1785.61432520891,40,-2291.65972014507,40,1887.63696048561,40,-2273.51655625703
355,8,45,1958.48664373577,45,-2497.5243486018,45,1723.69766304946,45,-2055.89672483797
355,8,50,2116.20447840345,50,-2681.73806835835,50,1545.23304782972,50,-1821.53599091811
355,8,55,2257.5484677651,55,-2842.95657744431,55,1353.66723329231,55,-1572.65861847294
355,8,60,2381.43539689899,60,-2980.0853779198,60,1150.5257030916,60,-1311.58050518755
355,8,65,2486.92667335291,65,-3092.2829394722,65,937.42161959362,65,-1040.67916160631
355,8,70,2573.23536175347,70,-3178.95993238607,70,716.041462746978,70,-762.364552273352
355,8,75,2639.7317094261,75,-3239.7748947442,75,488.130155859566,75,-479.051319810671
355,8,80,2685.94711379527,80,-3274.62675974801,80,255.475848327027,80,-193.132800248882
355,8,85,2711.57650355203,85,-3283.64469479135,85,19.8945328491701,85,93.0428757593594
355,8,90,2716.47912998988,90,-3267.17569843586,90,-216.78531957897,90,377.194404485653
360,8,0,35.0609837923493,0,-113.250671119831,0,2650.34810247333,0,-3271.38964354181
360,8,5,265.920623574728,5,-397.940112324791,5,2637.20696169756,5,-3249.07057193048
360,8,10,494.75644684444,10,-679.60098899215,10,2603.99508355417,10,-3202.0241114243
360,8,15,719.826874811556,15,-956.089691778982,15,2550.96523048972,15,-3130.60831399517
360,8,20,939.418985618006,20,-1225.30197470864,20,2478.52099170632,20,-3035.36669698355
360,8,25,1151.86155070721,25,-1485.1889697532,25,2387.21371160414,25,-2917.02410660336
360,8,30,1355.53775388251,30,-1733.77277995632,30,2277.73829371761,30,-2776.48120142461
360,8,35,1548.89749625469,35,-1969.16153242334,35,2150.9279120799,35,-2614.80759781783
360,8,40,1730.4691934305,40,-2189.56377661638,40,2007.74767026548,40,-2433.23372952766
360,8,45,1898.87097515843,45,-2393.30211837462,45,1849.28725636915,45,-2233.1414833291
360,8,50,2052.82120219576,50,-2578.82598589669,50,1676.75264982167,50,-2016.0536820347
360,8,55,2191.14822035705,55,-2744.72343052839,55,1491.45694315812,55,-1783.62249489352
360,8,60,2312.79927750996,60,-2889.73187254444,60,1294.81034859081,60,-1537.61686358549
360,8,65,2416.84853565463,65,-3012.74771014262,65,1088.30946544287,65,-1279.90903950714
360,8,70,2502.50411710992,70,-3112.83471851981,70,873.525890123676,70,-1012.46033480792
360,8,75,2569.1141311807,75,-3189.23117510808,75,652.094255331291,75,-737.306195620552
360,8,80,2616.17163543968,80,-3241.35565674333,80,425.699789510559,80,-456.540711086859
360,8,85,2643.31849386533,85,-3268.81146464672,85,196.06549124709,85,-172.300676074975
360,8,90,2650.34810247333,90,-3271.38964354181,90,-35.0609837923488,90,113.250671119831
