"Theta [deg]","Freq [GHz]","Phi [deg]","re(rETheta) [mV]","Phi [deg]","im(rETheta) [mV]","Phi [deg]","re(rEPhi) [mV]","Phi [deg]","im(rEPhi) [mV]"
0,8,0,6177.58660608245,0,6642.11753120493,0,25.9049371595214,0,67.1715029215997
0,8,5,6156.33678802089,5,6622.69665091719,5,-512.605787988387,5,-511.982791776055
0,8,10,6088.2335297047,10,6552.87305022241,10,-1047.21527356987,10,-1087.24058828463
0,8,15,5973.79513805154,15,6433.17812888251,15,-1573.8548185936,15,-1654.22382742255
0,8,20,5813.89255832168,20,6264.52283752264,20,-2088.51637812833,20,-2208.61742438612
0,8,25,5609.74274569869,25,6048.19074474692,25,-2587.28306694482,25,-2746.20210915045
0,8,30,5362.89940352565,30,5785.82826840625,30,-3066.35896937764,30,-3262.88653766198
0,8,35,5075.24115868459,35,5479.43214536439,35,-3522.09802853532,35,-3754.73842943714
0,8,40,4748.95726411153,40,5131.33423512471,40,-3951.03179499492,40,-4218.01449459123
0,8,45,4386.5309372598,45,4744.18377297141,45,-4349.89582379638,45,-4649.1889225347
0,8,50,3990.72046131572,50,4320.92720768932,50,-4715.65451883984,50,-5044.98021552066
0,8,55,3564.53819299812,55,3864.78577730953,55,-5045.52423560488,55,-5402.37616282416
0,8,60,3111.22763670481,60,3379.23099354296,60,-5336.99446636613,60,-5718.65676548465
0,8,65,2634.23875948556,65,2867.95822148006,65,-5587.84694667297,65,-5991.41493714044
0,8,70,2137.20173470977,70,2334.85855563118,70,-5796.1725376814,70,-6218.57482340935
0,8,75,1623.89931425516,75,1783.9892063478,75,-5960.3857558534,75,-6398.40760039396
0,8,80,1098.23803948184,80,1219.54262200198,80,-6079.23683944404,80,-6529.54463207544
0,8,85,564.218510093815,85,645.81458192276,85,-6151.82125994295,85,-6610.98788645998
0,8,90,25.9049371595204,90,67.1715029216008,90,-6177.58660608245,90,-6642.11753120493
5,8,0,4874.53542471687,0,8573.30506991231,0,36.2059965228363,0,69.8324039119288
5,8,5,4868.40547181387,5,8548.77973692671,5,-349.136279261111,5,-561.896847193568
5,8,10,4842.08398448815,10,8465.19342872497,10,-735.391245768715,10,-1188.20328721886
5,8,15,4794.85396438931,15,8323.3962505775,15,-1122.8847519021,15,-1803.33646061717
5,8,20,4725.60091673177,20,8124.80968124185,20,-1511.72191871544,20,-2401.65940983079
5,8,25,4632.86676191002,25,7871.41570931999,25,-1901.69184208768,25,-2977.70483370316
5,8,30,4514.92225191308,30,7565.74145229839,30,-2292.18404017547,30,-3526.23153705437
5,8,35,4369.85552192995,35,7210.83864733461,35,-2682.11994799083,35,-4042.28112966458
5,8,40,4195.67383412263,40,6810.25727381917,40,-3069.90231509022,40,-4521.2346946589
5,8,45,3990.41507183427,45,6368.01251073824,45,-3453.38481443976,45,-4958.86885618126
5,8,50,3752.26513870053,50,5888.54426414844,50,-3829.86353080077,50,-5351.41035300131
5,8,55,3479.67712825103,55,5376.66863431369,55,-4196.09128024992,55,-5695.58789265103
5,8,60,3171.48797377756,60,4837.52093442889,60,-4548.31493898085,60,-5988.67974871267
5,8,65,2827.02827992078,65,4276.49022145285,65,-4882.33515491168,65,-6228.55530368023
5,8,70,2446.22118544246,70,3699.14574328711,70,-5193.58700987247,70,-6413.70856366692
5,8,75,2029.66641277751,75,3111.15622462421,75,-5477.23942624656,75,-6543.28160931347
5,8,80,1578.70611790261,80,2518.20347622966,80,-5728.31040381824,80,-6617.07602480693
5,8,85,1095.46974912213,85,1925.89238111446,85,-5941.79456284261,85,-6635.5505814117
5,8,90,582.89583289262,90,1339.65984187337,90,-6112.79898694444,90,-6599.80385047157
10,8,0,3302.01113081024,0,10158.1335428961,0,44.7850750364185,0,73.4758245930863
10,8,5,3311.39948797417,5,10131.1547443291,5,-180.854822926119,5,-579.752225818681
10,8,10,3328.65263169424,10,10042.4675844538,10,-412.070279327514,10,-1227.11554555431
10,8,15,3351.87591548776,15,9892.87871653649,15,-653.502571532373,15,-1862.62115605995
10,8,20,3378.04573994658,20,9683.7008771749,20,-909.313632307759,20,-2480.34006384903
10,8,25,3403.11364351779,25,9416.76434583402,25,-1182.97109437668,25,-3074.43212444337
10,8,30,3422.14857178889,30,9094.43512659689,30,-1477.05350165447,30,-3639.17773494525
10,8,35,3429.51431500873,35,8719.63757041509,35,-1793.08227232631,35,-4169.01952281595
10,8,40,3419.07788824257,40,8295.87802624984,40,-2131.386791101,40,-4658.61666524802
10,8,45,3384.44328305584,45,7827.26509464686,45,-2491.00852321163,45,-5102.91358408004
10,8,50,3319.20364079298,50,7318.52128502434,50,-2869.64920359464,50,-5497.22353366594
10,8,55,3217.20361494824,55,6774.98046731718,55,-3263.66692452443,55,-5837.32609372912
10,8,60,3072.80264635716,60,6202.56555476416,60,-3668.12233680956,60,-6119.57589390207
10,8,65,2881.1292043645,65,5607.74141770062,65,-4076.87525666647,65,-6341.01815826609
10,8,70,2638.31585706948,70,4997.43912733991,70,-4482.72983921558,70,-6499.50501208024
10,8,75,2341.70539023851,75,4378.94924000288,75,-4877.62427805705,75,-6593.80509219557
10,8,80,1990.01911413971,80,3759.78389036565,80,-5252.85887225468,80,-6623.69799863705
10,8,85,1583.4799459977,85,3147.50986095278,85,-5599.3544203765,85,-6590.04465746437
10,8,90,1123.88475192671,90,2549.55738975411,90,-5907.93139311907,90,-6494.82485290834
15,8,0,1590.99570121859,0,11341.1020104648,0,49.785220284709,0,74.4621956558449
15,8,5,1614.76998779242,5,11313.0879483067,5,-20.4179047409575,5,-572.755470810204
15,8,10,1673.47468015879,10,11225.8644065627,10,-100.223420799528,10,-1214.2771411983
15,8,15,1764.29009470078,15,11080.0276070312,15,-198.111901138547,15,-1844.70342261024
15,8,20,1882.65121171229,20,10876.4255704094,20,-321.90834200044,20,-2458.62722402788
15,8,25,2022.36583379357,25,10616.1904202442,25,-478.474488422471,25,-3050.5929557344
15,8,30,2175.78436243675,30,10300.7987739783,30,-673.416820254643,30,-3615.06514235312
15,8,35,2334.02333138921,35,9932.15824576839,35,-910.819179979503,35,-4146.41527961186
15,8,40,2487.24269891675,40,9512.71468704318,40,-1193.01110973743,40,-4638.93571673331
15,8,45,2624.97358076996,45,9045.57136914881,45,-1520.38423263136,45,-5086.88823904362
15,8,50,2736.48904443028,50,8534.60836099725,50,-1891.26907119012,50,-5484.59285988986
15,8,55,2811.20635665276,55,7984.58829398408,55,-2301.8833702274,55,-5826.55926189897
15,8,60,2839.10527299107,60,7401.2338098843,60,-2746.36032541245,60,-6107.65961392892
15,8,65,2811.1440963845,65,6791.26235943074,65,-3216.86133454392,65,-6323.33743142468
15,8,70,2719.65368736968,70,6162.36562757091,70,-3703.77333225331,70,-6469.84303458115
15,8,75,2558.68958263502,75,5523.12360017997,75,-4195.98585714093,75,-6544.48225416164
15,8,80,2324.32389450522,80,4882.84703635025,80,-4681.23817143404,80,-6545.86159239309
15,8,85,2014.86158243441,85,4251.34676099685,85,-5146.52242519553,85,-6474.11034375839
15,8,90,1630.96973892101,90,3638.63362347645,90,-5578.52538995424,90,-6331.05854486955
20,8,0,-128.819034023178,0,12109.1328388944,0,50.0947547258585,0,69.9772031982453
20,8,5,-93.1005612941716,5,12080.5217119218,5,120.8661718258,5,-548.917418769865
20,8,10,1.31208292956444,10,11999.1417102152,10,179.084313338772,10,-1162.52838775701
20,8,15,151.120963634634,15,11865.3757600845,15,213.27709016259,15,-1766.57172607124
20,8,20,350.878749592732,20,11679.4802247627,20,212.656738057806,20,-2356.71461945131
20,8,25,593.052764549932,25,11441.6155600601,25,167.474307486142,25,-2928.45382758735
20,8,30,868.143755748573,30,11151.9360575437,30,69.3877028470599,30,-3476.99719543981
20,8,35,1164.87840204009,35,10810.7410517686,35,-88.1682795196491,35,-3997.16464202572
20,8,40,1470.49007330452,40,10418.6817478487,40,-309.629636730726,40,-4483.32645909425
20,8,45,1771.09395204067,45,9977.00928722979,45,-596.993646203022,45,-4929.39576866206
20,8,50,2052.15200418278,50,9487.8425120856,50,-949.578956669045,50,-5328.88867710016
20,8,55,2299.01232623195,55,8954.42937283784,55,-1363.88018611336,55,-5675.06062947808
20,8,60,2497.49779819169,60,8381.37450371818,60,-1833.53698140189,60,-5961.12151715999
20,8,65,2634.51198537298,65,7774.80678921282,65,-2349.43033582323,65,-6180.52588687573
20,8,70,2698.62655584972,70,7142.46386871283,70,-2899.91046085445,70,-6327.32843520098
20,8,75,2680.61428832285,75,6493.67459185252,75,-3471.1514721288,75,-6396.58878380083
20,8,80,2573.89478396109,80,5839.22502425556,80,-4047.6193196726,80,-6384.80313408769
20,8,85,2374.86570976203,85,5191.09894249898,85,-4612.63147371629,85,-6290.33384218437
20,8,90,2083.10005748174,90,4562.09053673242,90,-5148.98051934329,90,-6113.80179038316
25,8,0,-1742.52057479576,0,12485.8236810268,0,45.452851868164,0,59.1077037948625
25,8,5,-1698.1792985155,5,12456.6494647561,5,234.2966716768,5,-515.252933102159
25,8,10,-1576.63165997668,10,12383.6983280374,10,409.065210958638,10,-1084.80606261897
25,8,15,-1381.05271298605,15,12267.2467924508,15,556.429633359889,15,-1646.60260475173
25,8,20,-1116.87443409685,20,12107.0063788797,20,663.559231659401,20,-2197.64988646704
25,8,25,-791.87860630136,25,11902.1151765967,25,718.468037730904,25,-2734.71408553283
25,8,30,-416.243815655289,30,11651.2294498875,30,710.443265710667,30,-3254.11034122962
25,8,35,-2.49124605740601,35,11352.7289901053,35,630.53587805569,35,-3751.50520498415
25,8,40,434.714907179743,40,11005.031585413,40,472.07414558042,40,-4221.76015419652
25,8,45,878.936337945964,45,10606.9925594478,45,231.150600501901,45,-4658.84376653773
25,8,50,1312.49836300045,50,10158.3502411676,50,-92.9684197760614,50,-5055.83453262844
25,8,55,1717.17237694247,55,9660.17125502601,55,-497.555375565264,55,-5405.02834404372
25,8,60,2074.95993268923,60,9115.25127123767,60,-976.290532627779,60,-5698.15692456884
25,8,65,2368.92325900509,65,8528.43462819449,65,-1519.30914236907,65,-5926.71737187617
25,8,70,2584.00242970355,70,7906.82543665334,70,-2113.43545790919,70,-6082.40825385225
25,8,75,2707.76157061966,75,7259.86924303716,75,-2742.59912979285,75,-6157.66246212589
25,8,80,2731.01385225173,80,6599.28647284968,80,-3388.41676245582,80,-6146.25887568983
25,8,85,2648.28568309366,85,5938.83849110299,85,-4030.90961658254,85,-6043.98247041307
25,8,90,2458.09279633689,90,5293.90849309478,90,-4649.31855278624,90,-5849.28666251138
30,8,0,-3158.93340690343,0,12521.688559964,0,36.344529411589,0,43.0659277761743
30,8,5,-3109.60464018377,5,12492.2072616671,5,314.785167188054,5,-476.885643423368
30,8,10,-2971.11210972148,10,12429.083936689,10,579.274388209051,10,-992.567694606439
30,8,15,-2745.83109107933,15,12332.6342554206,15,815.896117211311,15,-1502.31605756505
30,8,20,-2438.15116057739,20,12202.1812131429,20,1010.77041026056,20,-2004.4573665537
30,8,25,-2054.8594267251,25,12035.9588847641,25,1150.34851657879,25,-2497.0616062236
30,8,30,-1605.49587375401,30,11831.1654216702,30,1221.9114880089,30,-2977.65993586148
30,8,35,-1102.56189281023,35,11584.2035961479,35,1214.22680742561,35,-3442.96051062936
30,8,40,-561.489425686279,40,11291.1087985452,40,1118.28220030818,40,-3888.60302606292
30,8,45,-0.32196498980186,45,10948.1222427178,45,928.004307900392,45,-4308.98977885247
30,8,50,560.891766704596,50,10552.3363276283,50,640.878382695577,50,-4697.2197255128
30,8,55,1100.946135077,55,10102.330319022,55,258.404589954962,55,-5045.13878028174
30,8,60,1598.49180873335,60,9598.72888529591,60,-213.652018363229,60,-5343.51118568068
30,8,65,2033.12122736313,65,9044.64428728023,65,-765.242215433099,65,-5582.31645765847
30,8,70,2386.43385766212,70,8445.98985583587,70,-1382.25316743776,70,-5751.18176432151
30,8,75,2643.00089255813,75,7811.66404443505,75,-2046.96426968695,75,-5839.96342565936
30,8,80,2791.16740348857,80,7153.59578682858,80,-2738.71958764875,80,-5839.48498237407
30,8,85,2823.64875280396,85,6486.6196558851,85,-3434.78376736643,85,-5742.41771432186
30,8,90,2737.89343179402,90,5828.12845200914,90,-4111.33484305126,90,-5544.25403036904
35,8,0,-4315.08901681856,0,12283.0123908982,0,23.7523928880372,0,24.5898722140733
35,8,5,-4264.17805949897,5,12254.1223563476,5,361.323631958023,5,-437.022447732386
35,8,10,-4119.17957758393,10,12201.6227117662,10,686.74510892785,10,-895.053718703213
35,8,15,-3881.00968655185,15,12125.976439915,15,986.716862912903,15,-1348.85658989325
35,8,20,-3551.99869925686,20,12026.3179077068,20,1247.20123359406,20,-1797.8068741141
35,8,25,-3136.71597547196,25,11900.2104094653,25,1453.6582686593,25,-2241.0507412726
35,8,30,-2642.7864174631,30,11743.6043999433,30,1591.66798619461,30,-2677.18879365146
35,8,35,-2081.48389710516,35,11551.0834651071,35,1647.83265165734,35,-3103.93903606049
35,8,40,-1467.94105387838,40,11316.4105714375,40,1610.80058356874,40,-3517.83420914205
35,8,45,-820.898260364211,45,11033.3012331924,45,1472.25432973089,45,-3913.99950699649
35,8,50,-162.004506772837,50,10696.2887752985,50,1227.74377386245,50,-4286.03204997963
35,8,55,485.240978713675,55,10301.5364186389,55,877.292978776573,55,-4625.97980256502
35,8,60,1096.76959990667,60,9847.4948727907,60,425.747687755478,60,-4924.41058262162
35,8,65,1649.29610923629,65,9335.37919795719,65,-117.1485241602,65,-5170.57763277282
35,8,70,2121.60999611613,70,8769.50527504071,70,-736.952045951827,70,-5352.71928611261
35,8,75,2495.710439214,75,8157.54840960595,75,-1414.98632531759,75,-5458.55764612241
35,8,80,2757.73242252125,80,7510.75147176755,80,-2129.06266349129,80,-5476.06344323084
35,8,85,2898.64319457276,85,6844.03521915461,85,-2854.42442740637,85,-5394.51815804966
35,8,90,2914.69971219319,90,6175.88894308715,90,-3564.86905832686,90,-5205.83298827183
40,8,0,-5176.93847831892,0,11841.5223293068,0,8.87437372750879,0,6.90708442501987
40,8,5,-5127.25336826078,5,11814.8444621572,5,376.738490883221,5,-397.436123635401
40,8,10,-4985.22425844134,10,11773.564923608,10,735.743150368852,10,-799.106175148802
40,8,15,-4749.74819300033,15,11718.3023645981,15,1074.13772137746,15,-1198.05761732373
40,8,20,-4420.22723986631,20,11648.184782073,20,1378.36194641248,20,-1594.27652293112
40,8,25,-3997.98066699061,25,11560.3953177124,25,1633.26800690319,25,-1987.57525990273
40,8,30,-3487.65962006293,30,11449.9619730433,30,1822.96801855771,30,-2377.28716761943
40,8,35,-2898.32432955267,35,11309.964495191,35,1932.08533359345,35,-2761.91994954497
40,8,40,-2243.93799222809,40,11132.199619091,40,1947.12828932235,40,-3138.84608826517
40,8,45,-1543.17039257858,45,10908.1852409715,45,1857.74560598409,45,-3504.08248027197
40,8,50,-818.552188347675,50,10630.267853043,50,1657.71953929676,50,-3852.15927985726
40,8,55,-95.1427368358821,55,10292.583168711,55,1345.6486038456,55,-4176.03475679462
40,8,60,601.056262797177,60,9891.71750883259,60,925.327519139558,60,-4467.01033530667
40,8,65,1244.70490449305,65,9427.07911405131,65,405.844122422699,65,-4714.64810645056
40,8,70,1812.56630568253,70,8901.12861877219,70,-198.596794844,70,-4906.77334244694
40,8,75,2284.69536186212,75,8319.65835795267,75,-869.120020763809,75,-5029.71631418741
40,8,80,2645.37431928619,80,7692.22377653898,80,-1582.88908721398,80,-5068.9671622323
40,8,85,2883.844358337,85,7032.6569430079,85,-2314.05791092398,85,-5010.35899798958
40,8,90,2994.87467815262,90,6359.41880661457,90,-3034.93271528705,90,-4841.76424448804
45,8,0,-5737.15495496394,0,11266.2978155299,0,-7.09060142992474,0,-7.2573123042944
45,8,5,-5690.77365638167,5,11243.9415505683,5,366.779676954078,5,-359.062084792149
45,8,10,-5559.36764274275,10,11214.465661591,10,736.156378845747,10,-709.297222882748
45,8,15,-5339.41601338018,15,11178.521253405,15,1091.35135750201,15,-1058.04255972451
45,8,20,-5026.78764254533,20,11135.3425562577,20,1419.57976959486,20,-1405.3948668351
45,8,25,-4618.84661496436,25,11082.0160938943,25,1705.27222904853,25,-1751.35686979753
45,8,30,-4116.55547292914,30,11013.0162424611,30,1931.27977049713,30,-2095.57473703598
45,8,35,-3526.09539189291,35,10920.3140047378,35,2080.57208305481,35,-2437.01788200015
45,8,40,-2859.6584731168,40,10794.1535493046,40,2137.98201101642,40,-2773.71883725308
45,8,45,-2135.2703890694,45,10624.31862318,45,2091.66676874208,45,-3102.63082399375
45,8,50,-1375.7257963452,50,10401.5074946363,50,1934.14746063873,50,-3419.55863427913
45,8,55,-606.908105645891,55,10118.4101892832,55,1662.94660699747,55,-3719.04211996162
45,8,60,144.133123138496,60,9770.26122656053,60,1280.90811601333,60,-3994.07774112166
45,8,65,850.989909842915,65,9354.93869034875,65,796.266516284343,65,-4235.66669586264
45,8,70,1489.3567760192,70,8872.93547571273,70,222.487107791351,70,-4432.33874976516
45,8,75,2038.09617195107,75,8327.59423924865,75,-422.127028724626,75,-4569.94214640019
45,8,80,2480.02229980683,80,7725.82706228045,80,-1115.06328228148,80,-4632.03426549151
45,8,85,2802.58711808846,85,7079.21438679592,85,-1830.45610287767,85,-4601.11423032646
45,8,90,2998.59943607403,90,6405.05709775986,90,-2540.16614491755,90,-4460.72336679993
50,8,0,-6010.73500822614,0,10618.4742339938,0,-23.045134350971,0,-16.2975030575898
50,8,5,-5969.04428119273,5,10602.6301579739,5,338.809202062922,5,-322.472943045295
50,8,10,-5853.62338510926,10,10585.5473703737,10,701.020297931677,10,-628.253002310085
50,8,15,-5658.34286133548,15,10567.6597248838,15,1056.00442631524,15,-933.385362318897
50,8,20,-5375.28340188154,20,10548.3104766224,20,1391.73016890293,20,-1237.62032191168
50,8,25,-4997.56173582862,25,10524.696062035,25,1692.26360797859,25,-1540.72297322957
50,8,30,-4522.13842149597,30,10491.0670015605,30,1939.45785779265,30,-1842.26040525205
50,8,35,-3951.99465801166,35,10438.673228543,35,2115.15164148664,35,-2141.3225929746
50,8,40,-3297.22164812596,40,10356.6324753433,40,2203.23962334706,40,-2436.36032486572
50,8,45,-2574.82561204174,45,10233.4810891097,45,2191.21407740151,45,-2725.20555435179
50,8,50,-1807.3720335034,50,10058.8395869594,50,2071.09288358762,50,-3005.15777637495
50,8,55,-1020.8841684882,55,9824.57833719779,55,1839.87221877966,55,-3272.89184551819
50,8,60,-242.566035206438,60,9525.1574467564,60,1499.69497327244,60,-3523.9630144555
50,8,65,501.130402945652,65,9157.30018801452,65,1057.85227342149,65,-3751.87260543091
50,8,70,1185.81508775315,70,8719.56897804539,70,526.64141056478,70,-3946.93737861814
50,8,75,1789.89342836649,75,8212.5032128001,75,-76.9379471894773,75,-4095.44250495967
50,8,80,2295.0303523214,80,7639.6845232361,80,-731.6602883069,80,-4179.62754695529
50,8,85,2686.7279565821,85,7009.56582985042,85,-1412.72851812871,85,-4178.90510587277
50,8,90,2955.26299861901,90,6337.40119862685,90,-2092.63712026456,90,-4072.38333833096
55,8,0,-6029.03764939507,0,9948.54350361707,0,-38.0111535076317,0,-19.8822516955765
55,8,5,-5992.82077694566,5,9941.06883716557,5,300.446936847565,5,-288.167239877562
55,8,10,-5896.30488605876,10,9936.89755628589,10,643.919249756256,10,-557.117365965122
55,8,15,-5730.80654897597,15,9935.90617750804,15,986.556493666496,15,-825.76516436901
55,8,20,-5484.75849976545,20,9937.41603590399,20,1316.83957653326,20,-1093.1662230701
55,8,25,-5147.17453150067,25,9938.79923732924,25,1618.50707847854,25,-1358.54434428334
55,8,30,-4711.08971943789,30,9934.29437130445,30,1872.8103877934,30,-1621.10824154898
55,8,35,-4176.26971770442,35,9914.73218610955,35,2061.18891096041,35,-1879.80002032516
55,8,40,-3550.60262417727,40,9868.46511020357,40,2167.5447723856,40,-2133.25873043595
55,8,45,-2849.87280467087,45,9783.2054004741,45,2179.69033031823,45,-2380.08063852
55,8,50,-2096.05778064295,50,9647.99195598315,50,2089.99426162473,50,-2619.16064352498
55,8,55,-1314.74059469695,55,9454.42145915852,55,1895.52508185674,55,-2849.6942260785
55,8,60,-532.474794363764,60,9196.7002041931,60,1598.00250256388,60,-3070.45845256628
55,8,65,225.168815595713,65,8870.79056291297,65,1203.71539701074,65,-3278.29929940239
55,8,70,934.568797497572,70,8473.51631900651,70,723.417005346204,70,-3466.19786337458
55,8,75,1574.25455750009,75,8002.58855156321,75,172.156889707686,75,-3621.64442663513
55,8,80,2124.92704096304,80,7458.05348568152,80,-430.972537925699,80,-3726.12969467029
55,8,85,2569.92119090676,85,6844.90365462334,85,-1063.19385947576,85,-3756.31934177442
55,8,90,2896.4593174608,90,6175.92448958293,90,-1698.58273308372,90,-3687.00784692622
60,8,0,-5833.01147033089,0,9295.57364309457,0,-51.1273044472635,0,-18.7529148295593
60,8,5,-5802.49165014389,5,9297.68552066237,5,258.478155171169,5,-256.699638696999
60,8,10,-5725.45160121826,10,9306.74689949138,10,576.912665021033,10,-496.069681528597
60,8,15,-5590.97039487791,15,9321.70205958118,15,899.422838864291,15,-734.891372228216
60,8,20,-5384.35618455996,20,9341.58626182265,20,1214.68429189278,20,-971.304056648253
60,8,25,-5091.05588300561,25,9363.83388999257,25,1506.22832772264,25,-1203.83693373384
60,8,30,-4700.57682978548,30,9382.71116721245,30,1755.26617687257,30,-1431.21797036821
60,8,35,-4209.68483890092,35,9388.79300201466,35,1943.7272578317,35,-1652.10918383846
60,8,40,-3624.13108501446,40,9369.91799884702,40,2056.55225050947,40,-1865.19105865694
60,8,45,-2958.41929707617,45,9313.29244402839,45,2082.85474720403,45,-2069.71315590343
60,8,50,-2233.72143331297,50,9207.74627358076,50,2016.13979857975,50,-2266.17725727034
60,8,55,-1474.74715897768,55,9045.00637383096,55,1854.05556800929,55,-2456.5043924446
60,8,60,-706.758814535887,60,8819.42185241469,60,1598.09845473603,60,-2643.0953683632
60,8,65,46.2792098051122,65,8526.55642532288,65,1253.45837507528,65,-2826.66644304123
60,8,70,762.13034988255,70,8161.8356967088,70,828.995232123532,70,-3003.40713220144
60,8,75,1419.79885417967,75,7720.50058040555,75,337.275983478707,75,-3162.50261582105
60,8,80,1999.06834448122,80,7199.44668479391,80,-205.377672735286,80,-3285.12002335585
60,8,85,2480.92123653295,85,6600.54422494186,85,-778.882792684689,85,-3345.56387552003
60,8,90,2849.22093273313,90,5934.25712007095,90,-1359.55740772857,90,-3314.66591610957
65,8,0,-5466.52566898487,0,8687.53359612138,0,-61.6769448931324,0,-14.3425753597747
65,8,5,-5441.35387071772,5,8699.64628887062,5,218.182306193472,5,-228.697934182893
65,8,10,-5382.30840140824,10,8721.90415000548,10,509.323568265492,10,-444.778910592392
65,8,15,-5276.78675736092,15,8751.97348799699,15,807.358598808724,15,-659.405675165583
65,8,20,-5107.79763539424,20,8788.23879926296,20,1100.89965446733,20,-869.686160404347
65,8,25,-4858.0398333894,25,8827.90779591148,25,1373.53624388652,25,-1073.43585928548
65,8,30,-4514.10866876799,30,8865.12634868305,30,1607.14040541374,30,-1268.94197708034
65,8,35,-4070.13958668479,35,8890.21919145784,35,1785.07560419034,35,-1454.62469033891
65,8,40,-3529.93494061448,40,8890.64239431661,40,1894.29016029014,40,-1629.19819884055
65,8,45,-2906.78430718594,45,8853.31126151023,45,1926.02505224951,45,-1792.51807635808
65,8,50,-2220.98341970809,50,8767.10538897828,50,1875.51555431086,50,-1946.6608049289
65,8,55,-1496.10917806664,55,8624.15165991057,55,1741.32070570546,55,-2096.31412029094
65,8,60,-755.698751415957,60,8419.21515336664,60,1524.78237431934,60,-2247.62709091745
65,8,65,-21.6299435049529,65,8147.78277654683,65,1229.82493076409,65,-2405.34847702086
65,8,70,685.598305125347,70,7804.35179786658,70,863.079790602284,70,-2569.02609552848
65,8,75,1345.59962784789,75,7382.40101836403,75,434.227349883164,75,-2729.68707311415
65,8,80,1937.21312788167,80,6876.6000055746,80,-43.5625921835939,80,-2868.39837719283
65,8,85,2439.02260472843,85,6286.64465869525,85,-553.222832817459,85,-2957.48850463574
65,8,90,2831.57102277308,90,5621.33739579863,90,-1073.6011545651,90,-2964.37673916913
70,8,0,-4970.73140964899,0,8142.06264318099,0,-69.1551558556742,0,-8.37215137421536
70,8,5,-4949.97915789361,5,8163.74534725181,5,183.08591731491,5,-204.806234406208
70,8,10,-4905.87700490261,10,8198.62067746698,10,447.380174108771,10,-402.705910617286
70,8,15,-4824.86306272987,15,8242.82370449975,15,719.038053571845,15,-597.54549535122
70,8,20,-4688.63017899645,20,8293.68663921622,20,986.503824069244,20,-785.358130485816
70,8,25,-4478.07990281934,25,8347.77433762796,25,1233.8450243953,25,-963.322837228272
70,8,30,-4177.61967816341,30,8398.80332173533,30,1444.36246188043,30,-1129.46469765122
70,8,35,-3779.22113356239,35,8436.70909537269,35,1603.72774013912,35,-1282.17306844017
70,8,40,-3285.02602459604,40,8448.59179837394,40,1701.67009748336,40,-1420.35596801601
70,8,45,-2707.29218358469,45,8421.21773151953,45,1732.1238810678,45,-1544.53632748273
70,8,50,-2065.51079742151,50,8343.70717405484,50,1692.39744851553,50,-1658.33512970332
70,8,55,-1382.04462756993,55,8208.77861578672,55,1582.09746005905,55,-1769.11781009847
70,8,60,-678.489145932169,60,8011.81542908126,60,1402.35461485713,60,-1886.64714112485
70,8,65,25.6024706795996,65,7748.537635319,65,1155.60507847242,65,-2019.51332036069
70,8,70,711.600940538029,70,7413.08788948202,70,845.94302845088,70,-2170.38895073737
70,8,75,1359.73728303447,75,6998.13412580068,75,479.892773584785,75,-2331.9575302809
70,8,80,1947.91639018346,80,6497.39500330243,80,67.3455765003028,80,-2485.20165894308
70,8,85,2452.50620205947,85,5909.71969671726,85,-377.621546659298,85,-2600.81913676077
70,8,90,2851.14800036822,90,5243.22492270732,90,-836.304756845181,90,-2643.49215345652
75,8,0,-4380.14010155764,0,7667.30198109096,0,-73.3466176149685,0,-2.51545368328695
75,8,5,-4362.37892391419,5,7697.31438845972,5,155.034295590422,5,-185.589840269612
75,8,10,-4329.23297132857,10,7743.49983712433,10,394.467468611852,10,-369.239224246084
75,8,15,-4266.95256754753,15,7800.35475874216,15,639.462267151702,15,-547.507778971696
75,8,20,-4156.88294699375,20,7863.80124168518,20,878.379422879649,20,-715.356589887443
75,8,25,-3979.0559505433,25,7929.29711261995,25,1096.30089720402,25,-869.463953901091
75,8,30,-3716.43459004161,30,7989.71858899058,30,1278.69686252953,30,-1007.87013960371
75,8,35,-3359.36408135725,35,8034.36730995063,35,1414.23783422191,35,-1129.28932750764
75,8,40,-2908.71140158235,40,8049.94203317279,40,1495.91994091807,40,-1233.14567137449
75,8,45,-2375.98736169016,45,8023.16866122037,45,1520.63094874902,45,-1320.81776481546
75,8,50,-1780.06505146059,50,7943.5848951147,50,1487.84369463686,50,-1397.4766237254
75,8,55,-1142.16644477682,55,7804.68116778981,55,1398.18456941429,55,-1472.98446013892
75,8,60,-481.932142851008,60,7602.66150892132,60,1252.43595502382,60,-1560.36436113217
75,8,65,183.435311897085,65,7333.82400619442,65,1051.31529698557,65,-1671.55396081128
75,8,70,837.165486828591,70,6992.61032950575,70,796.134192848436,70,-1811.8003217193
75,8,75,1460.11093378474,75,6571.93317563147,75,490.13207325579,75,-1974.9952208058
75,8,80,2029.40656055388,80,6065.92922945724,80,140.011379964319,80,-2141.88512887314
75,8,85,2519.6607361736,85,5473.99363338131,85,-242.844825915252,85,-2281.81854555084
75,8,90,2906.35788846148,90,4804.58163963283,90,-641.816651250269,90,-2357.44610685296
80,8,0,-3720.70236520205,0,7262.6447377112,0,-74.3765756613464,0,1.8350933711842
80,8,5,-3704.22143184427,5,7299.02297507987,5,134.438485820253,5,-171.431714955474
80,8,10,-3677.83014102446,10,7354.34593938574,10,351.674436392175,10,-343.707584698856
80,8,15,-3628.27648912012,15,7421.54226222143,15,570.746826970415,15,-507.573936213813
80,8,20,-3537.35115799463,20,7494.88399702218,20,780.18464451573,20,-656.963926175348
80,8,25,-3384.99920120522,25,7568.29714972736,25,966.665046586138,25,-788.226850153759
80,8,30,-3153.44909713009,30,7633.38263298441,30,1118.44621332937,30,-899.750414858603
80,8,35,-2832.02485169038,35,7678.51806552629,35,1227.62534224097,35,-991.02158093492
80,8,40,-2420.80160541553,40,7689.92798673852,40,1290.62693701876,40,-1062.42517544616
80,8,45,-1930.89915679023,45,7654.4091852989,45,1307.25471012569,45,-1116.49786201864
80,8,50,-1380.8188852104,50,7562.11541578943,50,1279.02333009867,50,-1160.01667457992
80,8,55,-790.820818045507,55,7407.52356566008,55,1207.43599558293,55,-1205.10217822405
80,8,60,-178.748428984788,60,7187.91537683229,60,1092.76579048944,60,-1267.51663731958
80,8,65,440.399899769209,65,6900.58716154985,65,933.83495805698,65,-1361.82132183604
80,8,70,1051.63561199527,70,6540.9911527864,70,729.042614067478,70,-1495.06683520551
80,8,75,1636.53887428338,75,6103.31551707546,75,478.368004330904,75,-1661.74283505751
80,8,80,2171.87241669139,80,5583.33776162677,80,185.58065049429,80,-1842.10611964325
80,8,85,2631.20609837923,85,4982.16361263739,85,-140.171343904645,85,-2004.36838480812
80,8,90,2988.82566547875,90,4309.40924549259,90,-483.833092041396,90,-2109.80076891894
85,8,0,-3009.78863335897,0,6919.39012579819,0,-72.7114374230589,0,3.70838633396348
85,8,5,-2992.9429679545,5,6959.5860733891,5,120.576128605203,5,-162.434910100564
85,8,10,-2969.60846251124,10,7020.98211645572,10,318.383094999205,10,-325.321016837564
85,8,15,-2927.50929010733,15,7095.1876624463,15,512.937429662689,15,-476.092273261541
85,8,20,-2849.39459847843,20,7174.74870717966,20,693.288266063261,20,-607.753352976948
85,8,25,-2715.70012954225,25,7251.74935377709,25,848.238209059492,25,-716.528558358469
85,8,30,-2508.57915029834,30,7316.14153980054,30,969.247016516746,30,-801.501353036529
85,8,35,-2217.00701877971,35,7355.11998187811,35,1051.96426765961,35,-863.405212909042
85,8,40,-1840.82833955634,40,7354.38854797079,40,1096.09299314289,40,-904.084924499952
85,8,45,-1391.14639038761,45,7300.95537281558,45,1104.06458927343,45,-927.609002211216
85,8,50,-886.324711888462,50,7185.81973200733,50,1079.15207253391,50,-942.459163264514
85,8,55,-345.880419952653,55,7004.70248096527,55,1023.52501347884,55,-962.743237972941
85,8,60,213.858927905143,60,6756.29212597565,60,936.811239917459,60,-1006.32780168137
85,8,65,779.822774993453,65,6439.38985760682,65,815.872822724049,65,-1089.52623414942
85,8,70,1338.71358904491,70,6051.1997464061,70,656.235500968233,70,-1220.30405439688
85,8,75,1873.09856190157,75,5588.0949940522,75,454.81548989481,75,-1393.07858448072
85,8,80,2360.0144605948,80,5048.40804842924,80,212.829634198099,80,-1587.3330994315
85,8,85,2772.92420491139,85,4435.70023136391,85,-62.2892491059484,85,-1770.30147213823
85,8,90,3085.96388310747,90,3761.20313430545,90,-356.509241781516,90,-1902.42750451686
90,8,0,-2257.74412206707,0,6621.34377261484,0,-69.1070660507624,0,2.62331548435817
90,8,5,-2239.36243287941,5,6662.44322754563,5,111.881866041634,5,-158.326077701301
90,8,10,-2216.50145581938,10,6726.09648971717,10,292.771304712829,10,-313.066179091281
90,8,15,-2178.05916918071,15,6802.97843822539,15,464.674008970921,15,-451.38403405439
90,8,20,-2107.95005521838,20,6884.00273512348,20,617.517250934484,20,-565.52939618688
90,8,25,-1987.4768579023,25,6959.26907366074,25,742.603118293396,25,-651.843470810887
90,8,30,-1799.32899408068,30,7016.8526473379,30,834.734085820644,30,-710.437231741844
90,8,35,-1532.85032372622,35,7042.62394673046,35,892.932084451695,35,-743.719967340654
90,8,40,-1188.24285998833,40,7021.8034094826,40,919.766514984445,40,-755.467346853007
90,8,45,-776.917841690587,45,6941.79601606051,45,919.824275128578,45,-751.658550988631
90,8,50,-317.251301600114,50,6794.69255868749,50,897.747176499557,50,-742.590756136802
90,8,55,171.790069950897,55,6577.7344782677,55,856.13098098292,55,-744.066943333114
90,8,60,675.050473929325,60,6291.3944439712,60,793.882466739255,60,-775.361514325987
90,8,65,1181.0289066954,65,5936.54196011079,65,705.993198450171,65,-853.604284727237
90,8,70,1678.03551187252,70,5512.85836522184,70,585.365797417577,70,-986.76719283536
90,8,75,2150.01919780181,75,5019.62990276417,75,426.240632249341,75,-1168.55596045413
90,8,80,2575.12742335139,80,4458.28555149826,80,227.758755022842,80,-1377.43266324414
90,8,85,2927.77357585926,85,3835.10943383971,85,-3.85856716115579,85,-1579.7924499199
90,8,90,3182.98986355649,90,3162.98092634353,90,-255.146265643225,90,-1735.70272577634
95,8,0,-1470.62439077133,0,6345.46490485399,0,-64.5164802463108,0,-1.38791571224803
95,8,5,-1450.35692980322,5,6384.50543692675,5,106.226143560593,5,-158.348732687583
95,8,10,-1426.89673290335,10,6446.18456299176,10,272.228850892459,10,-305.560620265521
95,8,15,-1390.23005120918,15,6520.68281119883,15,423.690869908895,15,-431.599797065725
95,8,20,-1325.39212838859,20,6597.51294990897,20,551.684378405207,20,-528.214738647879
95,8,25,-1214.78044893791,25,6664.84395393121,25,650.129728067273,25,-592.139884923007
95,8,30,-1042.18215192708,30,6708.86636812399,30,716.99406858972,30,-624.796567203542
95,8,35,-798.008582808718,35,6714.18332674783,35,754.20836137573,35,-630.588955114118
95,8,40,-483.346850455731,40,6665.70243296994,40,766.601270508459,40,-615.581267666136
95,8,45,-110.118812075791,45,6551.46225390139,45,760.331090598684,45,-587.967780812367
95,8,50,303.272149473631,50,6364.88280680686,50,740.96424855766,50,-559.934730422543
95,8,55,738.299280029164,55,6104.98107923829,55,711.284340032014,55,-548.665115506014
95,8,60,1180.64119954049,60,5774.38482619407,60,669.486246201364,60,-574.131021561289
95,8,65,1619.98221351212,65,5376.58203605417,65,608.960052292819,65,-653.36153421501
95,8,70,2046.16085709367,70,4914.37193331235,70,520.465865964313,70,-793.497867111942
95,8,75,2444.95902493966,75,4390.46551409203,75,396.148129140041,75,-987.004185411296
95,8,80,2796.54287747324,80,3809.57853554077,80,233.623008372025,80,-1211.16929033221
95,8,85,3077.35702735186,85,3180.56724663573,85,38.3361052022014,85,-1431.71396838061
95,8,90,3264.31668865377,90,2517.61679636027,90,-176.522516994713,90,-1608.71065035228
100,8,0,-653.718190223613,0,6062.75833411827,0,-59.9694891326542,0,-7.78187939892203
100,8,5,-632.188553740535,5,6097.12785768782,5,101.225655268878,5,-161.153590848008
100,8,10,-608.648421800291,10,6152.69171005445,10,253.770595440322,10,-300.886269292996
100,8,15,-573.884273573677,15,6219.53085093839,15,387.250933887595,15,-414.551233185348
100,8,20,-513.873718095312,20,6286.07129197928,20,493.984189905897,20,-493.71015530326
100,8,25,-412.259376696188,25,6338.80629070118,25,570.305945347146,25,-535.772056818856
100,8,30,-254.411971343717,30,6362.30077205928,30,616.83657742809,30,-543.662243888894
100,8,35,-32.388739541208,35,6340.19684646721,35,637.712648720641,35,-523.932067085732
100,8,40,251.479335318142,40,6257.41939937096,40,639.291914673328,40,-485.105138194996
100,8,45,584.740845879842,45,6102.92563114591,45,628.675492499009,45,-437.742266086286
100,8,50,949.111039517734,50,5871.67228134412,50,611.903907903136,50,-395.896959388873
100,8,55,1326.51266123134,55,5564.64509318258,55,591.743219607296,55,-377.78256758548
100,8,60,1703.19925959214,60,5186.92177854737,60,565.788240099614,60,-403.388333023323
100,8,65,2069.69114020463,65,4745.04868469738,65,526.278429727394,65,-488.823881757607
100,8,70,2417.26412745558,70,4245.41141829728,70,462.527931573286,70,-639.719103463967
100,8,75,2733.92924534726,75,3694.41958820458,75,365.331091061173,75,-846.944685768773
100,8,80,3002.6973739568,80,3099.98684151764,80,231.371416484179,80,-1086.61122153236
100,8,85,3203.03476285,85,2473.10640243678,85,65.6491467438855,85,-1323.99977684701
100,8,90,3314.63204722406,90,1828.67047511925,90,-118.840281820168,90,-1519.54090447308
105,8,0,184.576210016474,0,5739.70878269524,0,-56.4297884396362,0,-15.5248358083306
105,8,5,205.916816825499,5,5767.54187081555,5,94.6351024698474,5,-164.734874922825
105,8,10,227.71756930411,10,5813.51565579071,10,234.544621879862,10,-296.477159187102
105,8,15,258.730151256887,15,5867.87585736207,15,352.640868111069,15,-397.591439979781
105,8,20,312.200171552765,20,5918.30331495591,20,442.390588317347,20,-459.783729608551
105,8,25,403.106784825889,25,5950.05240731984,25,502.015376808703,25,-481.365239352252
105,8,30,544.138441740151,30,5946.58740766212,30,533.980878285181,30,-466.819383994103
105,8,35,741.252517052531,35,5891.14125922607,35,543.751999957547,35,-424.786722227352
105,8,40,990.786589097565,40,5769.13268921995,40,538.432647281804,40,-366.182751686038
105,8,45,1279.96477581553,45,5570.75676922564,45,525.451869213003,45,-303.870761191365
105,8,50,1590.92971732127,50,5292.67152241558,50,510.911852942168,50,-253.601756210276
105,8,55,1906.20404903306,55,4937.93445052857,55,497.418998434266,55,-234.222211871809
105,8,60,2212.49529933128,60,4514.22539610336,60,482.189380100034,60,-265.125574790012
105,8,65,2500.90195041293,65,4031.3782207994,65,456.917731179929,65,-360.852928117138
105,8,70,2764.0196431174,70,3499.57273488945,70,410.328384064514,70,-525.07193638577
105,8,75,2992.32236388395,75,2928.93729023316,75,332.711914245572,75,-746.94070562962
105,8,80,3172.25809599617,80,2330.30012568972,80,220.400803848273,80,-1001.57093568654
105,8,85,3287.09525430111,85,1716.22515649959,85,78.145415261649,85,-1254.13962667716
105,8,90,3320.05181516807,90,1101.60521919124,90,-81.3968264689147,90,-1465.78897023321
110,8,0,1029.07422883876,0,5340.57407941481,0,-54.6304379136556,0,-23.145725650433
110,8,5,1048.39559365685,5,5361.00910567014,5,84.827615825964,5,-166.506718223442
110,8,10,1065.97171528557,10,5395.06605766172,10,212.466256095677,10,-289.20104423574
110,8,15,1090.30065109485,15,5433.26209513861,15,317.78963884731,15,-377.688728915358
110,8,20,1133.87349259336,20,5462.86962730567,20,395.14828280913,20,-424.113476931543
110,8,25,1210.1456427363,25,5468.47795324905,25,443.873412805683,25,-427.791722103924
110,8,30,1329.69655907188,30,5433.1776083348,30,467.275412581492,30,-394.631093169545
110,8,35,1496.48855595889,35,5340.51576201318,35,471.192460246877,35,-335.069264667737
110,8,40,1705.77034854447,40,5176.96733454538,40,462.708641103113,40,-262.086347639046
110,8,45,1944.87761582698,45,4934.2885926081,45,449.027106915892,45,-190.535653992175
110,8,50,2196.83619432215,50,4610.95265959167,50,435.972933349569,50,-137.516024317554
110,8,55,2445.06450967476,55,4212.08608502458,55,425.93387378825,55,-122.056255309236
110,8,60,2676.77978669283,60,3747.93191249961,60,416.062975843005,60,-162.43833361597
110,8,65,2883.53388401458,65,3231.5541292118,65,398.207686464435,65,-271.205629884114
110,8,70,3059.09723542365,70,2676.80834150673,70,361.418718129345,70,-449.887846789561
110,8,75,3196.4121595059,75,2097.29788708834,75,296.329123556573,75,-686.070296649451
110,8,80,3285.6108873592,80,1506.35448610507,80,199.425870090999,80,-954.239014442977
110,8,85,3314.22249291199,85,917.542044422811,85,75.2567525456461,85,-1219.90828104482
110,8,90,3269.52841503172,90,345.083558027896,90,-64.1928093741215,90,-1445.29287060656
115,8,0,1855.01633048847,0,4830.72709981953,0,-54.8961607204268,0,-28.8554570899274
115,8,5,1870.72704098443,5,4843.89107813952,5,71.2851118915596,5,-163.630186746041
115,8,10,1881.74057852912,10,4865.0644315294,10,186.873155162068,10,-275.797498625826
115,8,15,1896.24231703714,15,4885.03998090938,15,281.926189800524,15,-351.875984808562
115,8,20,1925.78128496213,20,4891.01788332339,20,351.323770250501,20,-384.661138198313
115,8,25,1982.13569767667,25,4867.56866330615,25,394.642536705895,25,-374.403937880326
115,8,30,2073.83047888518,30,4798.21786970573,30,415.013602191665,30,-328.0923033716
115,8,35,2203.16886992937,35,4667.58837545059,35,417.742173734215,35,-257.44184564155
115,8,40,2364.8640233863,40,4463.75854661914,40,409.21574216171,40,-176.924636533624
115,8,45,2546.99042968246,45,4180.32386386942,45,395.955501944972,45,-102.828075811427
115,8,50,2734.02517673465,50,3817.62177932157,50,383.263552405533,50,-53.068043635217
115,8,55,2910.70898129428,55,3382.73098458933,55,373.329508303715,55,-46.3567083549173
115,8,60,3065.00716756703,60,2888.20710296314,60,363.605975305604,60,-99.461601361902
115,8,65,3188.95292887911,65,2349.97176738099,65,346.781992737814,65,-222.733061541076
115,8,70,3277.33868038145,70,1785.0908022627,70,313.080173146045,70,-415.660571020286
115,8,75,3325.35160254333,75,1210.13599679096,75,254.205937544759,75,-664.634584691476
115,8,80,3326.67120028176,80,640.436307885413,80,167.171548026532,80,-944.052356712887
115,8,85,3273.14504767309,85,90.0502647611763,85,56.2406470560112,85,-1220.28755617942
115,8,90,3156.34407929707,90,-427.997176138086,90,-67.7098355949959,90,-1456.98829275852
120,8,0,2626.88738289271,0,4180.97870780466,0,-56.9840058099548,0,-30.7763220215654
120,8,5,2638.16764120875,5,4187.66076510515,5,54.9213377635961,5,-153.654104200504
120,8,10,2641.14256102041,10,4196.19620725884,10,158.94351143995,10,-253.761454557524
120,8,15,2643.33908954655,15,4197.67552587536,15,246.013652074235,15,-318.191194032908
120,8,20,2654.9989625787,20,4179.59703167309,20,311.204909316693,20,-340.517191855714
120,8,25,2686.09294161097,25,4127.16280139212,25,353.589434358187,25,-321.687137906586
120,8,30,2743.34568122254,30,4025.08400431315,30,375.273628689296,30,-269.246479369786
120,8,35,2827.99615852688,35,3859.70758187706,35,380.313690967368,35,-195.492272921488
120,8,40,2934.97154665609,40,3621.13440889034,40,373.885394491725,40,-115.623302443781
120,8,45,3053.80656644075,45,3304.96967119986,45,361.496155102608,45,-46.6053611945925
120,8,50,3171.04571777176,50,2913.37279007943,50,347.77069085137,50,-6.48990515496528
120,8,55,3273.26537717006,55,2455.1353112673,55,334.767243748728,55,-13.1405012199743
120,8,60,3349.56873497587,60,1944.67139540538,60,320.569360762246,60,-81.5142357736194
120,8,65,3392.64688465361,65,1400.09851965323,65,299.267529033313,65,-219.774243283824
120,8,70,3398.19349688687,70,840.911812493702,70,262.897829453127,70,-425.681630124383
120,8,75,3363.25767983851,75,285.900500931479,75,204.75175567747,75,-684.973249956316
120,8,80,3284.5957432261,80,-248.21122106092,80,122.57706294035,80,-972.587203713403
120,8,85,3158.01837632658,85,-747.306885638259,85,20.206238476231,85,-1256.31334771482
120,8,90,2979.22751359992,90,-1199.90028060044,90,-92.9952731334342,90,-1501.58917863433
125,8,0,3299.4046870771,0,3372.52978783991,0,-60.0048411358434,0,-27.307535945552
125,8,5,3306.3848800289,5,3373.66904480854,5,38.0099096736581,5,-135.405604291043
125,8,10,3301.03634094281,10,3370.60160003067,10,131.543185893635,10,-222.566584311109
125,8,15,3289.72544119389,15,3354.87705615091,15,212.591347712731,15,-277.012711757763
125,8,20,3280.97474836779,20,3314.73295888353,20,276.203531612659,20,-293.164554761937
125,8,25,3282.88541036884,25,3236.60327227826,25,320.490376615377,25,-272.335657070796
125,8,30,3300.75482827399,30,3106.97047835183,30,346.040886717328,30,-222.021352674257
125,8,35,3335.43726080989,35,2914.3316478891,35,355.256460613538,35,-154.321672919856
125,8,40,3382.8287273567,40,2651.01910307208,40,351.808032426684,40,-84.2924629056947
125,8,45,3434.59044323533,45,2314.6570564145,45,339.997766913563,45,-28.6989640207699
125,8,50,3479.89675921387,50,1909.05968904286,50,323.692215149785,50,-4.95165113454366
125,8,55,3507.67913159688,55,1444.36131347722,55,304.878679331384,55,-29.5203227377006
125,8,60,3508.65041704401,60,936.207291594948,60,282.484883121053,60,-115.334957014624
125,8,65,3476.45543258879,65,404.027412897494,65,252.326923687107,65,-268.503986473894
125,8,70,3407.64681041728,70,-131.275824829539,70,208.595711556373,70,-485.480021008558
125,8,75,3300.71010701062,75,-649.653861838286,75,146.415928733735,75,-751.937745306705
125,8,80,3154.80450721216,80,-1133.70424643071,80,64.3418859972454,80,-1043.98530864785
125,8,85,2969.009074356,85,-1569.66999742121,85,-34.340320979607,85,-1331.37153479249
125,8,90,2742.60582471665,90,-1947.77966689071,90,-141.997902717951,90,-1581.68806526738
130,8,0,3820.91515735118,0,2402.01255294477,0,-62.5070347087325,0,-17.5981462449626
130,8,5,3824.37868726639,5,2398.27395022825,5,23.5560754313178,5,-109.888018456128
130,8,10,3811.42724394764,10,2384.99183650719,10,108.274082728608,10,-184.853987553508
130,8,15,3786.8419970746,15,2354.51846767334,15,184.749746373535,15,-232.374195687809
130,8,20,3757.1503933341,20,2296.34019126469,20,247.958976974978,20,-247.774294735924
130,8,25,3728.63492014081,25,2198.64109727326,25,294.97209201527,25,-232.426286147094
130,8,30,3705.55159017973,30,2050.06065834878,30,324.799891350182,30,-193.21707915
130,8,35,3688.93603573261,35,1841.42798926524,35,338.147381117307,35,-141.314149185096
130,8,40,3676.20518061028,40,1567.29281949781,40,337.137728125653,40,-90.7683080641662
130,8,45,3661.59033495023,45,1227.13036310451,45,324.82118552833,45,-57.2407458300163
130,8,50,3637.27631370103,50,826.09897154068,50,304.277776821653,50,-56.7014601147495
130,8,55,3594.96209821629,55,375.174996761161,55,277.432118170345,55,-103.691618484748
130,8,60,3527.42222891526,60,-109.522845802975,60,244.092337243083,60,-208.938799024945
130,8,65,3429.61187572774,65,-608.272014018488,65,201.836995724369,65,-376.665211490097
130,8,70,3299.00488631154,70,-1099.93058950834,70,147.028729987968,70,-602.425602970638
130,8,75,3135.17352369993,75,-1564.30035493034,75,76.6219984381297,75,-872.361018567006
130,8,80,2938.96991872922,80,-1984.14535284668,80,-10.0311346460723,80,-1164.29582922122
130,8,85,2711.85616541694,85,-2346.53291634002,85,-110.181465121742,85,-1450.43398896236
130,8,90,2455.83450890062,90,-2643.48901658657,90,-217.865807134905,90,-1700.92371664661
135,8,0,4139.0913384118,0,1286.0130375511,0,-62.7853312417821,0,-2.01657543043054
135,8,5,4139.85179193419,5,1277.73497448734,5,14.1621505760055,5,-80.7995818643061
135,8,10,4120.47472071848,10,1255.8441351711,10,91.826151637598,10,-147.002849186303
135,8,15,4084.03024494149,15,1213.9406149118,15,164.324514273913,15,-192.571164994387
135,8,20,4035.06075867825,20,1143.26987120976,20,226.663315414762,20,-213.816262267004
135,8,25,3978.22331174374,25,1034.17967370421,25,275.127990996874,25,-211.987000191629
135,8,30,3917.0508108176,30,877.682402633085,30,307.468935607762,30,-192.97520096339
135,8,35,3853.07535718194,35,666.939043094097,35,322.976049458599,35,-166.442317013761
135,8,40,3785.44173872492,40,398.539778120516,40,322.410883754738,40,-144.694472228587
135,8,45,3711.04751982515,45,73.5017275593513,45,307.660442797608,45,-141.469087357543
135,8,50,3625.17212547677,50,-302.109465530564,50,281.032073707357,50,-170.557139536038
135,8,55,3522.46909902261,55,-717.084161262034,55,244.332832812872,55,-244.081868485398
135,8,60,3398.08850594166,60,-1155.66631751904,60,198.112871562312,60,-370.411492402037
135,8,65,3248.62326870999,65,-1598.90980481354,65,141.492907535684,65,-552.019668650279
135,8,70,3072.61155912514,70,-2026.64776829088,70,72.7580707053792,70,-783.88329013475
135,8,75,2870.50311239774,75,-2419.7167219164,75,-9.48978704662534,75,-1053.00599005276
135,8,80,2644.23857792234,80,-2761.99543200367,80,-105.125578747119,80,-1339.34890575339
135,8,85,2396.76279629693,85,-3041.92271670174,85,-211.763825672452,85,-1618.00981221744
135,8,90,2131.78778687337,90,-3253.3858215505,90,-324.761096097096,90,-1862.15396495937
140,8,0,4208.53393852955,0,64.3893021734608,0,-59.4065184949715,0,17.5687817263064
140,8,5,4206.87842952294,5,51.9948736305811,5,10.7277532973236,5,-54.2881536993645
140,8,10,4182.19653824594,10,23.6307626077033,10,82.1819522861964,10,-118.52634588911
140,8,15,4136.10438742407,15,-25.4809317373446,15,149.922054939731,15,-169.367021513549
140,8,20,4071.49255371398,20,-101.947907987105,20,209.171233098226,20,-204.196821872423
140,8,25,3991.72307024463,25,-212.986652862619,25,255.869839330842,25,-224.116085730168
140,8,30,3899.83344834364,30,-365.122074605136,30,287.039589284134,30,-233.86064974392
140,8,35,3797.89669477244,35,-562.956820521628,35,301.032457221924,35,-241.247065624739
140,8,40,3686.63327222775,40,-808.111035980793,40,297.592572386199,40,-256.312227479987
140,8,45,3565.33298683229,45,-1098.40566413011,45,277.642494017555,45,-290.238429750179
140,8,50,3432.1094824248,50,-1427.37687108235,50,242.77847684115,50,-354.053919564852
140,8,55,3284.4521646594,55,-1784.24496983699,55,194.605743396006,55,-457.080055744563
140,8,60,3119.95654015034,60,-2154.4629105046,60,134.17256707216,60,-605.206100367625
140,8,65,2937.04045311548,65,-2520.89066395309,65,61.7679541161672,65,-799.256483463229
140,8,70,2735.44541220541,70,-2865.49064755303,70,-22.7994738639363,70,-1033.8477964608
140,8,75,2516.40584807464,75,-3171.28340010276,75,-119.550599391696,75,-1297.10736242121
140,8,80,2282.5118906738,80,-3424.22581745766,80,-227.59741172135,80,-1571.43143141915
140,8,85,2037.41486328109,85,-3614.71787462949,85,-344.626992225265,85,-1835.18958598435
140,8,90,1785.55628221668,90,-3738.57947223491,90,-466.790603701439,90,-2065.06021222787
145,8,0,3999.60439404613,0,-1198.54683096796,0,-51.8297357936426,0,37.9011247390442
145,8,5,3995.21642278236,5,-1213.90322478396,5,11.5372709075466,5,-37.7690416204843
145,8,10,3966.22957359483,10,-1245.50505969161,10,75.5255003995343,10,-110.094991678074
145,8,15,3913.34174717842,15,-1296.37567658021,15,135.778014974599,15,-175.521941902913
145,8,20,3838.34465526859,20,-1370.84040109559,20,187.922294017555,20,-232.541091871132
145,8,25,3743.72019058993,25,-1473.61196220664,25,227.99717220217,25,-282.173268848157
145,8,30,3632.17111095211,30,-1608.79098802502,30,252.840956123694,30,-328.024638956731
145,8,35,3506.1729500652,35,-1778.90027405137,35,260.379595061087,35,-375.965574805911
145,8,40,3367.62329540582,40,-1984.04499083984,40,249.743343877228,40,-433.504998940196
145,8,45,3217.65495862102,45,-2221.27725722097,45,221.159921204249,45,-508.913037374362
145,8,50,3056.66082436584,50,-2484.24952340983,50,175.634905928094,50,-610.123199930127
145,8,55,2884.53770212767,55,-2763.25160495018,55,114.516466477653,55,-743.462810940751
145,8,60,2701.09620103093,60,-3045.71146114306,60,39.1046174759173,60,-912.329026067087
145,8,65,2506.5265238284,65,-3317.1786911575,65,-49.5393284174668,65,-1116.01616263471
145,8,70,2301.78822016875,70,-3562.70959547326,70,-150.508178592215,70,-1348.95089899161
145,8,75,2088.8231083102,75,-3768.4704601965,75,-262.733488152339,75,-1600.55985020385
145,8,80,1870.56208511835,80,-3923.31685992922,80,-384.579687771985,80,-1855.87707758754
145,8,85,1650.77039261651,85,-4020.11675988561,85,-513.513406796188,85,-2096.84057274264
145,8,90,1433.81235956223,90,-4056.65445880216,90,-645.963672368028,90,-2304.08849548493
150,8,0,3507.32392649376,0,-2416.27216286552,0,-40.8896941181523,0,54.9608496446928
150,8,5,3499.82190246989,5,-2432.29085078148,5,12.2475658578843,5,-38.0002036930275
150,8,10,3467.91484401125,10,-2462.44972036914,10,64.5913871004169,10,-130.578748021489
150,8,15,3411.96545697336,15,-2508.19868471215,15,112.34510168842,15,-221.109396627907
150,8,20,3333.24318328072,20,-2571.77012588179,20,151.673448699959,20,-309.071122135161
150,8,25,3233.75363282466,25,-2655.57679164943,25,179.034529875492,25,-395.450841497683
150,8,30,3115.98435381896,30,-2761.52312267047,30,191.495488551073,30,-482.835242832667
150,8,35,2982.61406776428,35,-2890.31980265661,35,186.975286691314,35,-575.229445395233
150,8,40,2836.23950480614,40,-3040.88310453967,40,164.363223129706,40,-677.624370687988
150,8,45,2679.17540408101,45,-3209.89467188665,45,123.485729202381,45,-795.345849687664
150,8,50,2513.37312717935,50,-3391.59489079707,50,64.9353040354053,50,-933.230900206792
150,8,55,2340.4775351237,55,-3577.87625696792,55,-10.1791128877468,55,-1094.70211547333
150,8,60,2162.00402209711,60,-3758.72035783941,60,-100.472218923176,60,-1280.84955800343
150,8,65,1979.58068887831,65,-3922.97666463042,65,-204.429033956676,65,-1489.66586355241
150,8,70,1795.18058877568,70,-4059.41910185414,70,-320.41283842852,70,-1715.59201931132
150,8,75,1611.27534803772,75,-4157.95520875608,75,-446.545151626026,75,-1949.50250192946
150,8,80,1430.87075075141,80,-4210.82391837395,80,-580.516839101947,80,-2179.1903135596
150,8,85,1257.42204810584,85,-4213.61484680314,85,-719.409710874869,85,-2390.32383390951
150,8,90,1094.65416429048,90,-4165.97300100019,90,-859.595841527057,90,-2567.765292381
155,8,0,2758.43320930321,0,-3487.04915887017,0,-28.8767167701472,0,65.0438454542734
155,8,5,2748.22535340134,5,-3500.52281826231,5,6.9514254753828,5,-58.9590165091206
155,8,10,2715.91796043041,10,-3523.4922047302,10,40.5968890031718,10,-184.018974876092
155,8,15,2661.94355848325,15,-3556.26833464708,15,68.7904075262783,15,-309.776698310669
155,8,20,2587.45865395702,20,-3599.4804387748,20,88.3086155856842,20,-436.383152624915
155,8,25,2494.27783428822,25,-3653.74103931952,25,96.1988978834748,25,-564.713608029431
155,8,30,2384.74250423617,30,-3719.24292521734,30,89.9943355481698,30,-696.426317414213
155,8,35,2261.54692797321,35,-3795.34858895562,35,67.8832798833305,35,-833.849127280978
155,8,40,2127.5531261269,40,-3880.23363657022,40,28.804888543816,40,-979.697322416031
155,8,45,1985.62959971781,45,-3970.64315906722,45,-27.5422983589401,45,-1136.64427505564
155,8,50,1838.54414866701,50,-4061.81383672581,50,-100.770078834347,50,-1306.7851654748
155,8,55,1688.92750505015,55,-4147.60217261705,55,-189.919162028675,55,-1491.054231444
155,8,60,1539.30487181663,60,-4220.83788817773,60,-293.585019564577,60,-1688.67517487869
155,8,65,1392.17273211776,65,-4273.89080000864,65,-410.011256949063,65,-1896.73629458206
155,8,70,1250.08532932468,70,-4299.40344996351,70,-537.126259187805,70,-2109.97938790307
155,8,75,1115.71345650276,75,-4291.10826668839,75,-672.522020438697,75,-2320.87024290614
155,8,80,991.847442262754,80,-4244.62592188165,80,-813.395850163932,80,-2519.98035674255
155,8,85,881.331919349958,85,-4158.13680816338,85,-956.488427036315,85,-2696.66207653706
155,8,90,786.935816896308,90,-4032.83092843018,90,-1098.05254168893,90,-2839.95341086845
160,8,0,1814.08709435077,0,-4306.18703062397,0,-19.0462165655296,0,66.0027031295069
160,8,5,1802.95300049767,5,-4313.94326633722,5,-9.99132440274561,5,-100.209062550057
160,8,10,1774.27904001148,10,-4324.16340602154,10,-3.88360550502692,10,-267.575930767565
160,8,15,1728.69095434393,15,-4336.5590811198,15,-3.41043450079659,15,-436.305446075521
160,8,20,1667.37707997071,20,-4350.82809263951,20,-11.1302710130859,20,-606.734022992644
160,8,25,1592.05404718694,25,-4366.51247224675,25,-29.3331583745515,25,-779.406304419986
160,8,30,1504.89433511489,30,-4382.82004764523,30,-59.9094901607663,30,-955.080278952367
160,8,35,1408.42489898979,35,-4398.44313720744,35,-104.243619877163,35,-1134.64549253239
160,8,40,1305.41124029753,40,-4411.41066929841,40,-163.144950604087,40,-1318.95456858267
160,8,45,1198.74352785247,45,-4419.00866869912,45,-236.821927627837,45,-1508.58162037518
160,8,50,1091.33975961719,50,-4417.79845759354,50,-324.895567369846,50,-1703.53413846924
160,8,55,986.075530768439,55,-4403.75182232042,55,-426.441276048592,55,-1902.95635114617
160,8,60,885.742015597582,60,-4372.50795848045,60,-540.043202431995,60,-2104.87005938692
160,8,65,793.025507984287,65,-4319.73935511608,65,-663.845706032632,65,-2306.00133637265
160,8,70,710.495739657446,70,-4241.59526523524,70,-795.591548027505,70,-2501.73641428238
160,8,75,640.587956169656,75,-4135.17529300148,75,-932.644361900409,75,-2686.23698735118
160,8,80,585.565804125769,80,-3998.97522960327,80,-1072.00117650546,80,-2852.72532113483
160,8,85,547.457533983586,85,-3833.24496306235,85,-1210.30675217494,85,-2993.92601355601
160,8,90,527.965089780782,90,-3640.20478095655,90,-1343.88379787264,90,-3102.62802804743
165,8,0,765.877922472759,0,-4782.2572653726,0,-14.6159373179644,0,58.1948667464074
165,8,5,756.787409842044,5,-4782.39939037902,5,-42.0177656256993,5,-156.311632901
165,8,10,736.805611574985,10,-4776.24216014206,10,-72.2291352184117,10,-371.158846606806
165,8,15,706.638078676876,15,-4763.38516197823,15,-107.226186680601,15,-586.374312202118
165,8,20,667.410569145969,20,-4743.27638447822,20,-148.825090672446,20,-801.93975538269
165,8,25,620.639302961081,25,-4715.18238766237,25,-198.597194478309,25,-1017.78687226033
165,8,30,568.182476357745,30,-4678.14973040473,30,-257.791192124343,30,-1233.76863728075
165,8,35,512.176212462243,35,-4630.97111888432,35,-327.268307107022,35,-1449.60162185378
165,8,40,454.960000397913,40,-4572.17105772133,40,-407.455017186944,40,-1664.78061141855
165,8,45,398.997583777617,45,-4500.02485322254,45,-498.315532228684,45,-1878.47294492263
165,8,50,346.798960559904,50,-4412.6215843265,50,-599.343595107628,50,-2089.4056713182
165,8,55,300.847710027661,55,-4307.97631731506,55,-709.57086972234,55,-2295.76298428646
165,8,60,263.535644164617,60,-4184.1898871954,60,-827.587797481072,60,-2495.11365364488
165,8,65,237.104390030924,65,-4039.64681173391,65,-951.572677841053,65,-2684.3876744348
165,8,70,223.591601283631,70,-3873.23442086331,70,-1079.32582801863,70,-2859.91777993396
165,8,75,224.77858577572,75,-3684.56027541379,75,-1208.3076156621,75,-3017.55495690849
165,8,80,242.13645220302,80,-3474.14152140264,80,-1335.6813232417,80,-3152.85833112333
165,8,85,276.769320239574,85,-3243.5397599833,85,-1458.36354823702,85,-3261.34989001144
165,8,90,329.35533090787,90,-2995.41859036028,90,-1573.08567356952,90,-3338.81488293892
170,8,0,-275.573031288604,0,-4853.82099836435,0,-17.5677370180807,0,44.6887768725235
170,8,5,-279.432349569157,5,-4846.63411688234,5,-89.006157843672,5,-217.511560500614
170,8,10,-285.990696984072,10,-4823.90150421422,10,-162.26604629543,10,-478.850492861081
170,8,15,-294.680981201467,15,-4785.4354938584,15,-238.431233951321,15,-738.601461190282
170,8,20,-304.662472862901,20,-4730.95172317702,20,-318.451000314908,20,-995.967214087034
170,8,25,-314.84717576741,25,-4660.08145030502,25,-403.088788814095,25,-1250.05299328009
170,8,30,-323.935493305315,30,-4572.38786446933,30,-492.87633775797,30,-1499.83825287278
170,8,35,-330.460013051461,35,-4467.38893087532,35,-588.075175401876,35,-1744.14705008784
170,8,40,-332.83577139887,40,-4344.58940988072,40,-688.647055724072,40,-1981.61866888846
170,8,45,-329.415078274766,45,-4203.52413826418,45,-794.234395188521,45,-2210.68148118587
170,8,50,-318.544915537725,50,-4043.81347369908,50,-904.15120142931,50,-2429.53425104354
170,8,55,-298.625060059626,55,-3865.23009616626,55,-1017.38446363606,55,-2636.13979606671
170,8,60,-268.165365171182,60,-3667.77433776273,60,-1132.60558730576,60,-2828.23593698499
170,8,65,-225.840970883939,65,-3451.75315282248,65,-1248.19125092734,65,-3003.36787474686
170,8,70,-170.5445038377,70,-3217.85605997687,70,-1362.25303646347,70,-3158.94452807322
170,8,75,-101.434489309097,75,-2967.22019870044,75,-1472.6752869837,75,-3292.3190610734
170,8,80,-17.979185994356,80,-2701.4763043136,80,-1577.16078609822,80,-3400.89106706062
170,8,85,80.0051237145123,85,-2422.76807941089,85,-1673.28393587343,85,-3482.22498236099
170,8,90,192.322643953778,90,-2133.73915854238,90,-1758.55104780701,90,-3534.1766660938
175,8,0,-1197.69080685163,0,-4502.03318409277,0,-27.7197974776397,0,30.5050157128416
175,8,5,-1194.20079480202,5,-4490.10310464411,5,-146.898058261027,5,-271.568635115173
175,8,10,-1184.58863401699,10,-4454.61424016065,10,-266.321995945038,10,-571.720370328668
175,8,15,-1168.61932614157,15,-4395.69727721012,15,-385.987065799514,15,-868.238527604396
175,8,20,-1145.95898073276,20,-4313.5528973012,20,-505.820617033701,20,-1159.39750113038
175,8,25,-1116.19031614444,25,-4208.46075830945,25,-625.658487910073,25,-1443.45076871456
175,8,30,-1078.8325547034,30,-4080.79149821761,30,-745.224772130183,30,-1718.62633045089
175,8,35,-1033.36512292594,35,-3931.02132264465,35,-864.115506916092,35,-1983.12523255063
175,8,40,-979.25444437472,40,-3759.74860246134,40,-981.78692359516,40,-2235.12382708453
175,8,45,-915.983011180175,45,-3567.71174324144,45,-1097.54877081577,45,-2472.78036442121
175,8,50,-843.079843822716,50,-3355.80740453111,50,-1210.5630745005,50,-2694.24641043901
175,8,55,-760.151398907509,55,-3125.10796324668,55,-1319.84854349708,55,-2897.68340983187
175,8,60,-666.911960751236,60,-2876.87695839742,60,-1424.29067135436,60,-3081.28447274873
175,8,65,-563.212552576159,65,-2612.58115400114,65,-1522.65742720082,65,-3243.30114813936
175,8,70,-449.067424335205,70,-2333.89784313823,70,-1613.62027513188,70,-3382.07457925851
175,8,75,-324.677214422902,75,-2042.71611280167,75,-1695.78011301508,75,-3496.07004239064
175,8,80,-190.447940683392,80,-1741.13101083269,80,-1767.6975783523,80,-3583.91348626109
175,8,85,-47.0050526998179,85,-1431.42990352785,85,-1827.92703079097,85,-3644.42835987785
175,8,90,104.798125714287,90,-1116.07077058625,90,-1875.05338889916,90,-3676.67078447018
180,8,0,-1904.61391005614,0,-3755.20383524687,0,-42.4778154229666,0,21.048446093604
180,8,5,-1893.66409355623,5,-3742.74864387969,5,-208.314214489343,5,-306.319229028277
180,8,10,-1868.30234987872,10,-3701.80887539917,10,-372.565216599896,10,-631.355629856645
180,8,15,-1828.72169720682,15,-3632.69610616355,15,-533.980772451094,15,-951.587033118852
180,8,20,-1775.22336820683,20,-3535.93632607814,20,-691.332412197533,20,-1264.57628447507
180,8,25,-1708.21451746561,25,-3412.26593549455,25,-843.422594849225,25,-1567.94134673439
180,8,30,-1628.20512279835,30,-3262.62614075934,30,-989.093822281628,30,-1859.37342859619
180,8,35,-1535.80410400946,35,-3088.15579106543,35,-1127.23744849529,35,-2136.654555946
180,8,40,-1431.71468864518,40,-2890.18271112206,40,-1256.80211708132,40,-2397.67445197776
180,8,45,-1316.72906000736,45,-2670.21359560702,45,-1376.8017626785,45,-2640.44659767456
180,8,50,-1191.72232816013,50,-2429.92254231035,50,-1486.32311552605,50,-2863.12335041781
180,8,55,-1057.64586981398,55,-2171.13831123936,55,-1584.53265199802,55,-3064.01000566324
180,8,60,-915.520087774517,60,-1895.83040665068,60,-1670.68293822132,60,-3241.57769466574
180,8,65,-766.426645060946,65,-1606.09408793369,65,-1744.1183184988,65,-3394.4750200937
180,8,70,-611.500232797399,70,-1304.13442342141,70,-1804.27990524508,70,-3521.53834097871
180,8,75,-451.919934528326,75,-992.249508488983,75,-1850.70983245845,75,-3621.80062872587
180,8,80,-288.900252680777,80,-672.812975660328,80,-1883.05474035766,80,-3694.49882678542
180,8,85,-123.681865467586,85,-348.255929831314,85,-1901.06846466321,85,-3739.07965797375
180,8,90,42.4778154229672,90,-21.0484460936031,90,-1904.61391005615,90,-3755.20383524687
185,8,0,2332.58094453695,0,2683.90719444445,0,57.4288183913026,0,-20.2571864509896
185,8,5,2316.23858876728,5,2675.7141274939,5,263.926751012288,5,312.359060139643
185,8,10,2278.91692198614,10,2638.77847461312,10,467.073198813584,10,643.365798893053
185,8,15,2221.21516269922,15,2573.20707971719,15,664.32098268422,15,970.221287015338
185,8,20,2144.05990784218,20,2479.30230326297,20,853.23860690124,20,1290.35589736263
185,8,25,2048.68329556552,25,2357.58006721747,25,1031.55875602107,25,1601.18139927718
185,8,30,1936.59357660683,30,2208.78931445694,30,1197.22252027362,30,1900.10730836046
185,8,35,1809.53890168931,35,2033.93044401923,35,1348.41805671371,35,2184.56490482544
185,8,40,1669.46537324508,40,1834.27017439263,40,1483.6125420762,40,2452.03871600069
185,8,45,1518.47062498027,45,1611.35043416749,45,1601.57647395802,45,2700.10446042654
185,8,50,1358.7543680708,50,1366.98926554941,50,1701.3996254362,50,2926.47173855183
185,8,55,1192.56746478287,55,1103.27231010374,55,1782.49824557944,55,3129.02919714408
185,8,60,1022.16114854378,60,822.534167715688,60,1844.61341131118,60,3305.88954223525
185,8,65,849.737997724358,65,527.329707657049,65,1887.80075843719,65,3455.43165752289
185,8,70,677.406187548609,70,220.396189866231,70,1912.41213361836,70,3576.33720632879
185,8,75,507.138394820651,75,-95.3922456272735,75,1919.06999724666,75,3667.61943699212
185,8,80,340.736522525218,80,-417.075602401386,80,1908.63565414755,80,3728.64243554996
185,8,85,179.803158532078,85,-741.662067401687,85,1882.17258262946,85,3759.12972252393
185,8,90,25.7203997552179,90,-1066.18239807253,90,1840.90626454591,90,3759.16181071468
190,8,0,2458.34506573317,0,1388.33340910958,0,67.6253259898525,0,-29.1729952794801
190,8,5,2440.30181901367,5,1388.775399713,5,304.2802585083,5,285.149287738333
190,8,10,2397.42874198132,10,1365.85618622926,10,536.184699097624,10,600.116330103812
190,8,15,2330.58726881343,15,1318.86684821412,15,759.612889824522,15,914.200005130813
190,8,20,2241.16329728201,20,1247.00228575302,20,971.022968130824,20,1225.54985325549
190,8,25,2131.03578798352,25,1149.48429618864,25,1167.14550900812,25,1531.92586392005
190,8,30,2002.52946893062,30,1025.70433238317,30,1345.06709623365,30,1830.67563502604
190,8,35,1858.35191280612,35,875.370654585584,35,1502.30554944654,35,2118.7601174603
190,8,40,1701.51628120276,40,698.644189402816,40,1636.87325515321,40,2392.82698072056
190,8,45,1535.25215374604,45,496.248718693737,45,1747.32525068578,45,2649.32569833876
190,8,50,1362.90790013597,50,269.543825387376,50,1832.78930756562,50,2884.65429418001
190,8,55,1187.84884404498,55,20.5529397850265,55,1892.97619400555,55,3095.3247374375
190,8,60,1013.35589269209,60,-248.056633100397,60,1928.16944592605,60,3278.13248105943
190,8,65,842.52931650414,65,-533.040196456034,65,1939.19519410356,65,3430.31567223265
190,8,70,678.201980788421,70,-830.682922131435,70,1927.37373876719,70,3549.69101117197
190,8,75,522.865631483943,75,-1136.93873910575,75,1894.45551977025,75,3634.7558362638
190,8,80,378.612925780885,80,-1447.58936391847,80,1842.54483263587,80,3684.74941326645
190,8,85,247.096886638814,85,-1758.41086071561,85,1774.01506549006,85,3699.6702053637
190,8,90,129.508444615402,90,-2065.3351965854,90,1691.41939127377,90,3680.24970886178
195,8,0,2299.40476545895,0,-18.2150529228418,0,69.1495193972867,0,-45.5179694909872
195,8,5,2284.08230532841,5,-5.8226932295154,5,321.754959627003,5,225.927997702462
195,8,10,2243.44076114402,10,-5.58818674645938,10,568.885284656958,10,502.030267099544
195,8,15,2178.31775884397,15,-19.7992470809004,15,805.967346264245,15,783.580967892774
195,8,20,2090.21627753824,20,-51.4629249453582,20,1028.60177188283,20,1070.43318676205
195,8,25,1981.29843482588,25,-103.953772386361,25,1232.68551612624,25,1361.27140231053
195,8,30,1854.35073657208,30,-180.605295417824,30,1414.54154228353,30,1653.51119931433
195,8,35,1712.71506103575,35,-284.290496926469,35,1571.04701296855,35,1943.33878208972
195,8,40,1560.18406878543,40,-417.037578002988,40,1699.74915753675,40,2225.88486867641
195,8,45,1400.86484095771,45,-579.721592257343,45,1798.95782031429,45,2495.5128118113
195,8,50,1239.01918854049,50,-771.862921062755,50,1867.80555751218,50,2746.18910222406
195,8,55,1078.89228072432,55,-991.550398499945,55,1906.26952588128,55,2971.89709098007
195,8,60,924.542480839445,60,-1235.49267479037,60,1915.15347385049,60,3167.05242665691
195,8,65,779.684544774341,65,-1499.18789263694,65,1896.03204417636,65,3326.88117420841
195,8,70,647.556066042991,70,-1777.19056485482,70,1851.16265877978,70,3447.72803732887
195,8,75,530.813933171359,75,-2063.4467295747,75,1783.37215133223,75,3527.27128758193
195,8,80,431.464305779842,80,-2351.66443019205,80,1695.92606310104,80,3564.63150787964
195,8,85,350.826746784684,85,-2635.68616447793,85,1592.38839941087,85,3560.37178909762
195,8,90,289.530928560039,90,-2909.83262036722,90,1476.47903321561,90,3516.39655572805
200,8,0,1907.32376870031,0,-1425.31267951135,0,60.4262350099955,0,-64.4733448743295
200,8,5,1899.04051991281,5,-1399.03948407487,5,312.311396386709,5,141.120887476573
200,8,10,1868.55314859284,10,-1368.54719127692,10,558.971646360361,10,357.08477645256
200,8,15,1816.21609088254,15,-1338.4762569852,15,795.530747590609,15,587.859037466294
200,8,20,1743.10700495394,20,-1315.14350142527,20,1017.12582800811,20,835.970550003654
200,8,25,1651.12285884027,25,-1305.82016313636,25,1219.05459025963,25,1101.55009126643
200,8,30,1543.02200161551,30,-1317.89484633127,30,1396.96903959726,30,1382.12190045219
200,8,35,1422.38720088604,35,-1358.02036167432,35,1547.09315341583,35,1672.68464960199
200,8,40,1293.50004658201,40,-1431.34382520346,40,1666.4342957454,40,1966.06783566194
200,8,45,1161.13478272906,45,-1540.90626536777,45,1752.9579749315,45,2253.51510642176
200,8,50,1030.29490069362,50,-1687.27340538541,50,1805.70222573142,50,2525.42140309049
200,8,55,905.925074530815,55,-1868.4275015917,55,1824.81905445035,55,2772.13743054325
200,8,60,792.632616422836,60,-2079.91671306619,60,1811.54262841438,60,2984.75402415682
200,8,65,694.447257772598,65,-2315.2289722971,65,1768.09401591753,65,3155.78924886921
200,8,70,614.638217661419,70,-2566.33583203211,70,1697.53825467852,70,3279.71943562784
200,8,75,555.596485218325,75,-2824.34016749632,75,1603.61094086608,75,3353.31782779197
200,8,80,518.780919078662,80,-3080.15953082633,80,1490.52944359763,80,3375.7872546907
200,8,85,504.720832566756,85,-3325.18235823132,85,1362.80012872738,85,3348.69343796855
200,8,90,513.065358378967,90,-3551.84442113954,90,1225.02948054748,90,3275.72163542106
205,8,0,1356.85549610394,0,-2737.63129870946,0,42.8054741434719,0,-80.3611141690903
205,8,5,1359.23607281538,5,-2697.10262247919,5,276.565308905279,5,40.4372580445698
205,8,10,1345.97840420522,10,-2632.23188286,10,506.540985726651,10,178.642207029692
205,8,15,1316.31907075221,15,-2550.59462675294,15,728.257224306626,15,343.49378640707
205,8,20,1270.17364263641,20,-2462.68000451155,20,936.873721501726,20,541.028047958677
205,8,25,1208.46610450216,25,-2380.68199077338,25,1127.34862414962,25,773.258643736916
205,8,30,1133.3537869956,30,-2317.08835049201,30,1294.72958262529,30,1037.82737161208
205,8,35,1048.27894244087,35,-2283.24150506442,35,1434.52013214017,35,1328.15732876637
205,8,40,957.81921957534,40,-2288.05156342209,40,1543.05120696649,40,1634.07683260526
205,8,45,867.356465349808,45,-2337.01942255143,45,1617.78907414008,45,1942.82157510391
205,8,50,782.623218269761,50,-2431.67919790788,50,1657.52988618212,50,2240.27760092091
205,8,55,709.208365991456,55,-2569.50378602542,55,1662.46019611408,55,2512.30656587192
205,8,60,652.103210871344,60,-2744.2492959761,60,1634.09242111807,60,2745.99960833753
205,8,65,615.349394332227,65,-2946.65774882245,65,1575.10566659293,65,2930.73307361697
205,8,70,601.819312433602,70,-3165.40269034412,70,1489.13079413197,70,3058.93972833176
205,8,75,613.12856329738,75,-3388.15195766162,75,1380.51455930358,75,3126.55303294087
205,8,80,649.657561321962,80,-3602.63176881805,80,1254.08568798451,80,3133.12131225288
205,8,85,710.650081125984,85,-3797.59847824442,85,1114.93230367945,85,3081.61875299012
205,8,90,794.359193035442,90,-3963.65020595827,90,968.190642679502,90,2978.00032341663
210,8,0,733.716147993879,0,-3881.99964694671,0,20.1688426328171,0,-88.5568646013549
210,8,5,749.294699947131,5,-3828.50829901152,5,219.76948355613,5,-65.6908003895047
210,8,10,758.697925953016,10,-3728.8687330368,10,418.234855652768,10,-17.6953471341913
210,8,15,759.314117152036,15,-3593.75861236236,15,612.250988473284,15,70.2882187755871
210,8,20,749.052346598134,20,-3438.18203985231,20,797.518296926463,20,208.425187159752
210,8,25,727.079035427636,25,-3279.73863453435,25,968.923163396559,25,400.96544903522
210,8,30,694.368108105083,30,-3136.55629146633,30,1120.96493588733,30,645.725139255989
210,8,35,653.915759892847,35,-3025.14884940967,35,1248.33804079917,35,934.32899852156
210,8,40,610.556246002069,40,-2958.49154121111,40,1346.53472967096,40,1253.16490076716
210,8,45,570.416746021879,45,-2944.58350432904,45,1412.33903584416,45,1584.90082919279
210,8,50,540.137692728902,50,-2985.68509000908,50,1444.12305681799,50,1910.3402937817
210,8,55,526.033832502066,55,-3078.29615208751,55,1441.91735910289,55,2210.36138059239
210,8,60,533.367759648269,60,-3213.81254885307,60,1407.28661711879,60,2467.70154326358
210,8,65,565.857133274897,65,-3379.69616854838,65,1343.08027132811,65,2668.40525649294
210,8,70,625.460438259374,70,-3560.94169923288,70,1253.13647697849,70,2802.82568119589
210,8,75,712.411847131863,75,-3741.62492740222,75,1141.99898197754,75,2866.14404744786
210,8,80,825.426806266781,80,-3906.35889026236,80,1014.67360472729,80,2858.42712270277
210,8,85,961.987166048917,85,-4041.54296674821,85,876.419479627642,85,2784.27908224892
210,8,90,1118.6342369069,90,-4136.34445599178,90,732.552199254293,90,2652.16272350368
215,8,0,123.096706066787,0,-4809.60687899956,0,-2.31866669933088,0,-86.8927988442095
215,8,5,152.996784940301,5,-4746.11384564415,5,150.557779306064,5,-168.457849313305
215,8,10,188.099968381432,10,-4615.41247798267,10,305.899460027584,10,-217.221762898917
215,8,15,223.303665985441,15,-4430.86173759945,15,462.240372887706,15,-212.299855996446
215,8,20,253.752513899832,20,-4211.59356528675,20,616.319075824124,20,-139.036263057008
215,8,25,276.151908994821,25,-3980.35984661113,25,763.242381199271,25,9.32848102053985
215,8,30,289.79606821789,30,-3760.83225942836,30,897.066223945514,30,230.940838884694
215,8,35,297.039161780939,35,-3574.69432221862,35,1011.63588560623,35,515.660564623398
215,8,40,303.077009174573,40,-3438.96542883363,40,1101.47085777647,40,846.368182507246
215,8,45,315.088755390527,45,-3363.99793558139,45,1162.48588989474,45,1201.0393822843
215,8,50,340.960162580438,50,-3352.47012821664,50,1192.40709694445,50,1555.26008048222
215,8,55,387.915415404292,55,-3399.48912547214,55,1190.84622640056,55,1884.81441592051
215,8,60,461.385888213971,60,-3493.68564779141,60,1159.09832602773,60,2168.01386005498
215,8,65,564.344501027009,65,-3619.00219545712,65,1099.790896937,65,2387.52980008787
215,8,70,697.174585888928,70,-3756.79753673601,70,1016.51773093372,70,2531.60860147834
215,8,75,857.984150199087,75,-3887.91988772212,75,913.545741753808,75,2594.65144751978
215,8,80,1043.17447667853,80,-3994.50542916054,80,795.615763826653,80,2577.21008463586
215,8,85,1248.05249594613,85,-4061.385792975,85,667.800579851904,85,2485.48288764419
215,8,90,1467.33168553195,90,-4077.09170043087,90,535.357041556027,90,2330.40663039257
220,8,0,-399.935079009205,0,-5494.62997859418,0,-19.8341696068169,0,-76.0726349134185
220,8,5,-356.268087598386,5,-5425.52092499178,5,78.7749549362158,5,-262.118811494553
220,8,10,-295.502376518246,10,-5271.29504564667,10,183.897969321982,10,-408.385032538498
220,8,15,-225.536248289122,15,-5046.94386259148,15,296.411807399377,15,-487.967036300403
220,8,20,-154.393230712057,20,-4774.55451097018,20,414.532322498626,20,-481.632355644599
220,8,25,-88.2440827735591,25,-4480.99417855158,25,533.93475224096,25,-379.938532673957
220,8,30,-29.7833194814624,30,-4194.7288206209,30,648.454498440767,30,-184.162882946193
220,8,35,22.6105621498894,35,-3942.15479905968,35,751.166758304927,35,94.0872407299505
220,8,40,74.6716715272601,40,-3744.06087006198,40,835.557090298865,40,434.511198947424
220,8,45,135.014402783502,45,-3612.91508482189,45,896.489526966436,45,810.719564718082
220,8,50,213.189732407364,50,-3551.52471204931,50,930.765246093157,50,1193.3761443255
220,8,55,317.567461820442,55,-3553.28486952073,55,937.216738421958,55,1553.39736736639
220,8,60,453.62292118931,60,-3603.83551198792,60,916.439607114431,60,1864.78934045758
220,8,65,623.046828314629,65,-3683.63442129254,65,870.360631026662,65,2106.84171144771
220,8,70,823.8024544716,70,-3770.82812261425,70,801.840783007741,70,2265.55728124912
220,8,75,1050.94666771996,75,-3843.87774219793,75,714.428715435322,75,2334.32299991046
220,8,80,1297.82777348936,80,-3883.60606306836,80,612.265059326481,80,2313.89613780005
220,8,85,1557.23485184858,85,-3874.57221868502,85,500.048680369316,85,2211.79878328247
220,8,90,1822.18961821749,90,-3805.86361068815,90,382.947301075189,90,2041.21501507999
225,8,0,-777.608386471367,0,-5930.74623108366,0,-29.2680652341546,0,-59.0711624933892
225,8,5,-722.517547058838,5,-5861.26799839612,5,13.1214125582078,5,-344.243820108395
225,8,10,-639.599132829382,10,-5693.87275936474,10,65.9114447464893,10,-583.751923507621
225,8,15,-539.292574347584,15,-5443.64860387847,15,132.558513686564,15,-745.030871836881
225,8,20,-432.591986987724,20,-5133.82704544931,20,213.11191251597,20,-804.455428095898
225,8,25,-328.48153855903,25,-4793.69641534518,25,304.229766075439,25,-749.865140698561
225,8,30,-231.687272088482,30,-4455.21262545445,30,399.89655766814,30,-581.686915534967
225,8,35,-141.341391431879,35,-4148.65288968831,35,492.642825038627,35,-312.499333814763
225,8,40,-51.0334350256657,40,-3898.12027496672,40,574.944993298542,40,34.8712330353531
225,8,45,49.6200302514128,45,-3717.93690884258,45,640.43827743457,45,430.384656441365
225,8,50,172.24389045208,50,-3610.81991983222,50,684.654212924306,50,840.435428746391
225,8,55,326.6006988249,55,-3568.24687843582,55,705.186322267611,55,1231.54878832845
225,8,60,518.064628533071,60,-3572.78220063849,60,701.41090624999,60,1573.64465434086
225,8,65,746.41349062663,65,-3601.61542052343,65,674.034229955587,65,1842.56780878762
225,8,70,1006.18558688335,70,-3630.35129388549,70,624.733917746353,70,2021.77250251075
225,8,75,1288.29252179617,75,-3636.22721081898,75,556.028830985191,75,2103.17973876466
225,8,80,1582.19560868862,80,-3600.29904925462,80,471.335906323695,80,2087.27252734893
225,8,85,1877.87379959576,85,-3508.54719270324,85,375.05217491318,85,1982.48922169013
225,8,90,2167.02125484422,90,-3352.15636175952,90,272.485183515275,90,1803.97363368149
230,8,0,-973.871934461471,0,-6126.66543893209,0,-29.8583155104571,0,-39.8974448050408
230,8,5,-911.299932883833,5,-6062.12151410286,5,-40.577468004743,5,-415.011910737359
230,8,10,-813.030395071367,10,-5893.15303585585,10,-37.6930019061019,10,-739.793176337249
230,8,15,-691.144314339467,15,-5633.22127717354,15,-15.1837403381253,15,-976.633648760583
230,8,20,-558.693865479508,20,-5304.57614509656,20,29.0886351560483,20,-1097.93584181832
230,8,25,-426.841329937701,25,-4936.84156582688,25,93.2088275425448,25,-1088.94979183306
230,8,30,-302.08657230623,30,-4563.77572263322,30,171.781057288911,30,-949.020915818646
230,8,35,-184.309428159586,35,-4218.41550966113,35,257.121814407979,35,-691.108195866517
230,8,40,-66.4257101480587,40,-3927.57738499645,40,340.7833738431,40,-339.699603507228
230,8,45,63.8813825423158,45,-3707.16629911468,45,414.9934151379,45,72.4903759788655
230,8,50,220.615145883535,50,-3559.6673164058,50,473.622398735861,50,508.478618730879
230,8,55,415.152341252654,55,-3474.54225584593,55,512.50464377315,55,931.025726855511
230,8,60,652.627578422363,60,-3431.29909864119,60,529.240768098752,60,1306.21255575892
230,8,65,930.261441541524,65,-3404.17326037625,65,522.819736161572,65,1606.29166731239
230,8,70,1238.11129861065,70,-3367.00490621672,70,493.393797636741,70,1811.71503662645
230,8,75,1561.78605122689,75,-3297.10215432008,75,442.340771305453,75,1912.33806363586
230,8,80,1885.99592619001,80,-3177.46132328204,80,372.499960677543,80,1907.79868559603
230,8,85,2197.66046930791,85,-2997.36184266447,85,288.326950627914,85,1807.03530544542
230,8,90,2487.64815306914,90,-2751.81384000822,90,195.742186027578,90,1626.92537055986
235,8,0,-975.802432641389,0,-6101.37993128647,0,-22.9737231644185,0,-22.2774396323326
235,8,5,-910.749548991239,5,-6046.30664095265,5,-79.9750049226165,5,-476.055620950796
235,8,10,-806.331844183922,10,-5886.89210466503,10,-121.128504651822,10,-875.958655088478
235,8,15,-674.839577653909,15,-5633.42458261855,15,-138.040487938821,15,-1180.10831569746
235,8,20,-529.846432993445,20,-5305.12933068952,20,-126.339839467776,20,-1357.52180946493
235,8,25,-383.533462034533,25,-4929.8133427925,25,-86.124633434721,25,-1391.12768366204
235,8,30,-243.633367958059,30,-4541.15962995179,30,-21.7136730092341,30,-1279.03710246633
235,8,35,-110.758362597675,35,-4173.6203198709,35,59.3298873021532,35,-1034.00062636112
235,8,40,22.6605841054734,40,-3855.96150688591,40,147.724307359932,40,-681.239155132491
235,8,45,170.793296046181,45,-3605.34549522767,45,234.112657363541,45,-255.06489749599
235,8,50,350.141637429289,50,-3423.92801516273,50,310.315232206552,50,205.147624542991
235,8,55,573.845636765615,55,-3299.1561259951,55,369.900403500958,55,659.072163144075
235,8,60,846.689757271541,60,-3207.60687011655,60,408.178064548116,60,1069.18823566308
235,8,65,1162.78366174063,65,-3120.95521764894,65,422.014111084215,65,1403.95219527969
235,8,70,1506.76982331058,70,-3012.08577019313,70,409.852150979764,70,1640.29631808649
235,8,75,1857.92867836615,75,-2859.64621998923,75,372.042933445622,75,1765.38653879931
235,8,80,2195.47247907094,80,-2650.20439088155,80,311.254307020055,80,1777.48693307843
235,8,85,2503.08702177965,85,-2378.11947991411,85,232.599207772672,85,1685.7200307462
235,8,90,2771.33748918134,90,-2043.88270490022,90,143.241218946286,90,1508.59304081011
240,8,0,-791.979876858218,0,-5879.55676630381,0,-11.3020681929591,0,-8.72045049816917
240,8,5,-729.703240864744,5,-5837.13725762847,5,-105.687321480157,5,-529.383843707867
240,8,10,-629.284544205858,10,-5696.57695500152,10,-182.918043051055,10,-993.58065769692
240,8,15,-501.547266802224,15,-5463.92353858439,15,-232.488482873845,15,-1355.99128386378
240,8,20,-358.711156609762,20,-5153.76190687452,20,-247.763158229825,20,-1582.89400945738
240,8,25,-212.480587639741,25,-4790.15657515383,25,-226.779815614605,25,-1655.22039609746
240,8,30,-71.0586248826722,30,-4404.82918626188,30,-172.475875663997,30,-1569.75370532816
240,8,35,64.2586576639778,35,-4032.13332681636,35,-92.0799432920773,35,-1338.51564554487
240,8,40,201.186845571025,40,-3701.81683461208,40,4.32339120559332,40,-986.606312283173
240,8,45,355.417703790761,45,-3431.84102579717,45,105.625136260989,45,-548.928860215572
240,8,50,545.832288434167,50,-3223.92036247406,50,201.271062844489,50,-66.3173041166225
240,8,55,787.348180208921,55,-3063.5794258612,55,282.156023089147,55,418.456673763034
240,8,60,1084.30870874862,60,-2924.73548103719,60,340.906952611433,60,864.490514300758
240,8,65,1427.33846092532,65,-2777.02540421929,65,372.011486594386,65,1236.24887787909
240,8,70,1795.03648504498,70,-2593.22448900313,70,372.20530507012,70,1506.68135523754
240,8,75,2159.68589362038,75,-2354.4792324446,75,341.130236310705,75,1659.75297328641
240,8,80,2494.55514888336,80,-2052.29487915181,80,281.87431406508,80,1691.98008818444
240,8,85,2780.06000559122,85,-1687.52579840142,85,200.924562800325,85,1612.50578417817
240,8,90,3006.9055686398,90,-1267.44172657981,90,107.336534921428,90,1441.46189596117
245,8,0,-448.323076405672,0,-5487.42981365946,0,2.1233647593097,0,-0.176948877063624
245,8,5,-393.48352713396,5,-5459.30835879813,5,-120.087867963609,5,-576.708502358433
245,8,10,-306.50075344989,10,-5344.38781172472,10,-224.521850313011,10,-1094.97812054902
245,8,15,-195.182954133212,15,-5144.0243417927,15,-298.790319941855,15,-1507.02034991328
245,8,20,-68.5735566061909,20,-4867.16629712574,20,-334.06065949187,20,-1776.95569407592
245,8,25,63.6560754609218,25,-4532.6384733237,25,-326.280160473925,25,-1883.98451337121
245,8,30,193.723486900416,30,-4168.46195343491,30,-276.960495515709,30,-1823.47315295918
245,8,35,319.787782136162,35,-3807.27842216286,35,-193.000354846192,35,-1606.29712770859
245,8,40,449.332851469795,40,-3478.62586881695,40,-85.3661140659856,40,-1256.76987790409
245,8,45,599.055067436848,45,-3200.6020252188,45,32.9306874262657,45,-809.596068679785
245,8,50,789.83785571193,50,-2974.28774069843,50,148.752746331613,50,-306.319911419625
245,8,55,1038.19152340996,55,-2783.45317265062,55,250.082615532615,55,208.378392930862
245,8,60,1347.91026248418,60,-2599.81479648835,60,326.660404538004,60,690.423529072521
245,8,65,1705.98709647063,65,-2391.69102385814,65,370.533847310747,65,1100.17771274049
245,8,70,2084.79044703411,70,-2132.6762908254,70,376.91686561938,70,1406.31312835533
245,8,75,2449.46879446965,75,-1807.44465501516,75,345.207373826797,75,1589.30254321056
245,8,80,2767.34583177196,80,-1413.43616232151,80,279.571602071975,80,1643.7527575405
245,8,85,3015.72591396866,85,-958.876157664217,85,188.548565278937,85,1578.79554119479
245,8,90,3185.76262447214,90,-458.540883054805,90,83.6071887873781,90,1416.18771953194
250,8,0,17.5572747334247,0,-4949.56552236457,0,14.686240735488,0,3.76994875407096
250,8,5,61.5795677110336,5,-4936.05647876387,5,-125.985126151995,5,-619.230148097258
250,8,10,127.825496185186,10,-4851.06307581241,10,-248.585743900679,10,-1182.88111195064
250,8,15,212.590009222232,15,-4691.36373326577,15,-338.989849013719,15,-1637.25097092387
250,8,20,311.398331977164,20,-4459.90402129021,20,-386.312678802677,20,-1944.70961503893
250,8,25,417.943562031712,25,-4169.2880568484,25,-384.60651958291,25,-2082.83598764493
250,8,30,525.774069131354,30,-3842.3720794561,30,-334.207653972339,30,-2045.44570579903
250,8,35,632.79403502046,35,-3508.47691298142,35,-241.944855859683,35,-1841.96888874539
250,8,40,745.978530724896,40,-3195.55146189031,40,-119.876117391571,40,-1495.52433348506
250,8,45,882.437791950003,45,-2920.93510535457,45,16.952827110953,45,-1040.14158530175
250,8,50,1064.44934708123,50,-2684.7522416817,50,152.750989032211,50,-517.592540652711
250,8,55,1309.69069051918,55,-2469.2338034248,55,272.55426774312,55,25.9250131700325
250,8,60,1621.23724358179,60,-2244.55031093921,60,363.238435822714,60,543.378676303469
250,8,65,1982.53459491211,65,-1978.64773399816,65,414.564122135793,65,991.066957305164
250,8,70,2360.02657608083,70,-1646.97496666247,70,420.573530809324,70,1333.337543067
250,8,75,2712.1866863913,75,-1238.63715842493,75,380.95148735305,75,1547.14834429671
250,8,80,3000.88253758346,80,-757.621948440656,80,301.535111496431,80,1625.23102887627
250,8,85,3200.67599252181,85,-219.823728769933,85,193.411317323135,85,1576.72304339849
250,8,90,3303.33529862627,90,352.383661900785,90,70.7552112624345,90,1424.89309634166
255,8,0,562.143413336056,0,-4286.83067137817,0,24.5683796696941,0,4.39579226793547
255,8,5,593.618819224046,5,-4287.36592892402,5,-125.622443276175,5,-657.736539169612
255,8,10,634.851185709545,10,-4234.59209925987,10,-257.449246455777,10,-1260.09556424613
255,8,15,686.664263901248,15,-4121.19978621041,15,-355.117185635701,15,-1751.27822365777
255,8,20,749.856268090552,20,-3944.2652842449,20,-405.897824310948,20,-2092.07819712611
255,8,25,822.367247272445,25,-3709.6965104324,25,-402.334281601952,25,-2258.37195803402
255,8,30,899.896152797005,30,-3434.08902622922,30,-344.088098514031,30,-2242.23559552775
255,8,35,980.561903656732,35,-3141.96672971565,35,-238.395931156713,35,-2051.47951278887
255,8,40,1070.77384243246,40,-2858.2163680934,40,-98.7297656854574,40,-1707.89516696736
255,8,45,1187.51526924545,45,-2598.32317474224,45,57.7161792922182,45,-1244.69824281117
255,8,50,1353.68302810919,50,-2360.98481780175,50,212.55572371432,50,-703.698191819157
255,8,55,1587.45661368653,55,-2127.1178920273,55,348.04693481818,55,-132.376196844564
255,8,60,1890.9319897876,60,-1866.15502669932,60,448.456926721694,60,419.517701798566
255,8,65,2244.28952576435,65,-1546.7985181776,65,501.620926566122,65,904.445385858344
255,8,70,2608.8106593786,70,-1147.45912657052,70,500.878799663717,70,1282.65885326191
255,8,75,2937.29659237602,75,-662.447581948521,75,446.708421472231,75,1527.82748919803
255,8,80,3187.07536045643,80,-102.572463687668,80,347.034650787635,80,1630.95875782071
255,8,85,3330.51188001871,85,508.798496594743,85,215.72155641748,85,1601.15022567346
255,8,90,3360.03986190795,90,1142.16086726195,90,69.6926572809788,90,1462.86433185423
260,8,0,1140.75208433793,0,-3515.73004670837,0,30.7816964404854,0,3.24973963244232
260,8,5,1159.62270507889,5,-3529.32603409838,5,-120.174889258639,5,-692.79993888824
260,8,10,1174.83329171173,10,-3509.72474807333,10,-252.249239329967,10,-1329.25248928607
260,8,15,1191.46653271792,15,-3446.1696859477,15,-348.029756234566,15,-1853.50636478726
260,8,20,1215.52415445177,20,-3330.31179114947,20,-393.221720834268,20,-2224.73058906787
260,8,25,1249.51086736424,25,-3161.31626695899,25,-379.377295750698,25,-2416.87058942224
260,8,30,1291.91132210964,30,-2948.83653792132,30,-306.134660495772,30,-2420.0571440872
260,8,35,1341.68334368915,35,-2711.37544563432,35,-181.736353574797,35,-2240.43324728751
260,8,40,1404.88531976479,40,-2469.31554702934,40,-21.4472401803447,40,-1898.57108377128
260,8,45,1497.9761841724,45,-2235.07452957913,45,155.296781842362,45,-1427.0259596616
260,8,50,1643.61796553062,50,-2005.33029787961,50,327.674381364515,50,-867.713393303488
260,8,55,1859.63617329296,55,-1759.88615454627,55,475.50806537777,55,-269.300951001622
260,8,60,2146.79475537625,60,-1468.31506692566,60,580.921778692506,60,316.021447738759
260,8,65,2482.43565382716,65,-1101.27673513478,65,630.361852924919,65,837.300614147424
260,8,70,2823.79120364107,70,-641.227869468771,70,616.991689877229,70,1251.17264949917
260,8,75,3119.39695455661,75,-88.3009791370626,75,542.481644896935,75,1528.41885870313
260,8,80,3323.25674141003,80,539.873114862337,80,417.022382550922,80,1658.47992745175
260,8,85,3406.19942295395,85,1212.99442966256,85,257.211254415234,85,1650.21091956953
260,8,90,3361.30204256886,90,1895.28435700815,90,82.5661737529258,90,1528.71924071204
265,8,0,1710.57231888946,0,-2649.05650544516,0,32.9941864275622,0,1.66633984929319
265,8,5,1718.18077156579,5,-2674.62304328059,5,-109.68696149343,5,-724.904905226077
265,8,10,1709.30480115043,10,-2688.32257609256,10,-232.643921791088,10,-1392.52172895005
265,8,15,1692.43906974869,15,-2676.5752251759,15,-316.971464864008,15,-1947.43886082157
265,8,20,1678.02977164554,20,-2626.19317706152,20,-347.180520468572,20,-2347.00450731197
265,8,25,1672.90461501666,25,-2529.87533749217,25,-314.427742673924,25,-2562.96044800362
265,8,30,1678.71858447001,30,-2390.05328317666,30,-219.01344742658,30,-2583.3382210518
265,8,35,1695.96359105629,35,-2218.30957766305,35,-70.7785131804697,35,-2412.68587331044
265,8,40,1730.79400131831,40,-2029.23153004108,40,112.865983221789,40,-2070.63081288979
265,8,45,1798.92392547828,45,-1830.95403616596,45,310.188703285314,45,-1589.41447068076
265,8,50,1921.93446557716,50,-1617.48424200801,50,498.166677347811,50,-1011.30415140209
265,8,55,2116.33760391674,55,-1367.67366772264,55,654.656903706272,55,-386.14861980644
265,8,60,2381.15033641996,60,-1052.08719122196,60,760.264826443078,60,231.747741163824
265,8,65,2691.38760544019,65,-644.472049021542,65,800.698909318205,65,788.605633462045
265,8,70,3001.55758627033,70,-132.263121300533,70,769.459510275596,70,1238.10837900226
265,8,75,3257.56916253679,75,478.180320034532,75,669.648483431703,75,1548.62465388535
265,8,80,3411.4754537593,80,1162.62323999226,80,513.657803626319,80,1708.09824511445
265,8,85,3433.28624535035,85,1884.57718296753,85,320.560000718282,85,1724.74439108547
265,8,90,3316.66665573189,90,2603.05451961158,90,112.209452209045,90,1623.58534336869
270,8,0,2231.95196701932,0,-1697.59688766023,0,31.3033424259626,0,0.452985734827535
270,8,5,2230.57730308258,5,-1734.02187197102,5,-93.2828323910881,5,-754.435676617281
270,8,10,2201.77437621723,10,-1780.55553025516,10,-196.995974325196,10,-1451.25814297481
270,8,15,2156.24862903388,15,-1821.33849801493,15,-259.71223129435,15,-2035.01895225548
270,8,20,2107.65544704401,20,-1838.97415437195,20,-265.245484851333,20,-2461.0193224677
270,8,25,2066.45381958816,25,-1820.18735658327,25,-204.98929309778,25,-2698.60539632693
270,8,30,2037.57112733932,30,-1760.24234910165,30,-80.5260679201012,30,-2733.67679301412
270,8,35,2023.67059141398,35,-1663.23813982302,35,96.2352647533281,35,-2569.36075776815
270,8,40,2031.55535873828,40,-1536.91779429287,40,305.498415842286,40,-2224.68717282499
270,8,45,2076.11506967826,45,-1384.04327800483,45,523.258528475706,45,-1731.99785161276
270,8,50,2177.08050643186,50,-1195.33666452906,50,724.58386644803,50,-1134.22465390474
270,8,55,2348.69529903811,55,-948.828819152442,55,885.913501338305,55,-482.420602404213
270,8,60,2587.80644978215,60,-616.817551098464,60,987.046042011638,60,167.371962627837
270,8,65,2867.64492047047,65,-177.060193584952,65,1013.63971566178,65,759.249848365668
270,8,70,3141.39002872684,70,377.376669239605,70,959.974041167214,70,1244.69931701965
270,8,75,3354.03401566572,75,1033.7793634656,75,830.649775634095,75,1590.13921608599
270,8,80,3457.09553800389,80,1761.73182196992,80,640.002033703728,80,1781.95981412546
270,8,85,3420.496843191,85,2519.4182691415,85,409.194622724336,85,1827.18183082545
270,8,90,3238.4261774095,90,3261.78312682506,90,162.135303316963,90,1749.93333514768
275,8,0,2668.34460459842,0,-672.531713636065,0,26.059943218684,0,-0.24058317669394
275,8,5,2660.65227519529,5,-718.600523905946,5,-69.4819442639082,5,-781.539468286547
275,8,10,2617.39509351566,10,-796.88219250036,10,-142.80989134816,10,-1505.62741248655
275,8,15,2550.20459897922,15,-889.729589260551,15,-173.056711531165,15,-2116.09316244066
275,8,20,2474.51643078835,20,-976.180979671786,20,-143.97530198206,20,-2566.06281725654
275,8,25,2403.45420176382,25,-1037.60483905512,25,-47.8364784799849,25,-2822.48061662328
275,8,30,2345.03578276227,30,-1062.38816343717,30,112.004942532522,30,-2869.2464892505
275,8,35,2304.52557168605,35,-1046.88365618859,35,321.305146154777,35,-2708.31271303163
275,8,40,2289.85148596192,40,-991.244074845186,40,557.831849996131,40,-2358.44077178889
275,8,45,2315.04739165167,45,-892.016157357481,45,795.451658785608,45,-1852.4317294049
275,8,50,2397.34176874984,50,-736.16685315933,50,1007.6803551714,50,-1234.14415353345
275,8,55,2547.87009798206,55,-501.036816388295,55,1170.11779737073,55,-555.814609956871
275,8,60,2760.94819943741,60,-161.230678113459,60,1262.47149092839,60,125.203340949611
275,8,65,3008.56163629534,65,300.872248502033,65,1270.99204897123,65,751.630390105902
275,8,70,3243.90535355481,70,886.29838639401,70,1191.07320099813,70,1273.51482041567
275,8,75,3412.70307954433,75,1576.1963113802,75,1028.74169199187,75,1655.7270365046
275,8,80,3467.31226135395,80,2334.62539132657,80,799.90363839564,80,1882.95173251116
275,8,85,3378.28299894762,85,3115.40837677037,85,527.383137319193,85,1960.40359335875
275,8,90,3140.2516689391,90,3870.57443309729,90,236.861805308192,90,1910.54413301478
280,8,0,2985.5358712556,0,411.832294180958,0,17.7816426165289,0,-0.89763357418297
280,8,5,2974.04823794456,5,357.540826133509,5,-36.5124961357973,5,-805.926917891999
280,8,10,2922.21425405382,10,249.339244772938,10,-67.2611186286352,10,-1554.29571846816
280,8,15,2841.4850361338,15,106.163940759264,15,-53.5310107301274,15,-2188.07921083978
280,8,20,2747.74007102694,20,-48.1218673264683,20,20.2323864073068,20,-2658.30540709079
280,8,25,2655.71903175527,25,-190.207250230038,25,160.261571261221,25,-2929.75473229092
280,8,30,2576.08601374785,30,-302.035314038857,30,361.096330945996,30,-2984.63081198417
280,8,35,2516.79297469967,35,-372.207060391465,35,606.125101510189,35,-2823.9923330756
280,8,40,2487.10309490371,40,-392.888457912785,40,870.858743898247,40,-2466.57244686488
280,8,45,2500.09652109765,45,-353.92498098545,45,1127.34622336409,45,-1945.83585647817
280,8,50,2569.9793762805,50,-238.301976547002,50,1347.98561433637,50,-1306.6744145292
280,8,55,2704.14897823513,55,-22.8354355770057,55,1508.11050881687,55,-602.374600386818
280,8,60,2894.16349807243,60,315.186224250989,60,1587.9795532161,60,108.874758338368
280,8,65,3111.281138226,65,788.520890008154,65,1574.96410183973,65,769.149797655992
280,8,70,3309.91292173649,70,1392.45078863314,70,1465.7895743496,70,1327.75894924179
280,8,75,3437.99111921228,75,2102.60106523613,75,1267.75255941105,75,1748.36410283999
280,8,80,3449.96559420339,80,2878.4478877172,80,997.92558142099,80,2013.78251843609
280,8,85,3317.67351655405,85,3670.56065991282,85,680.35960224487,85,2126.88127699702
280,8,90,3036.09147677725,90,4429.20522666188,90,342.209827667703,90,2107.80765755236
285,8,0,3150.78584555684,0,1535.28529554938,0,7.14706784794748,0,-2.48437941334994
285,8,5,3137.48732946377,5,1474.38054196622,5,7.41864257646807,5,-826.672967954354
285,8,10,3082.63948919988,10,1338.86828038757,10,32.2784440580761,10,-1594.25893402126
285,8,15,2996.78032719258,15,1148.44505685464,15,101.889622198648,15,-2245.8959422646
285,8,20,2895.21453756258,20,929.193498331448,20,230.301332282179,20,-2730.8600272432
285,8,25,2793.33117137467,25,708.408757431464,25,421.688123508151,25,-3012.2549981985
285,8,30,2703.77215295207,30,510.065730867293,30,668.31173096201,30,-3071.03539112242
285,8,35,2636.83521041487,35,353.074820575664,35,951.381981799687,35,-2907.64818969742
285,8,40,2602.92818384865,40,253.254358957053,40,1244.56365608244,40,-2540.90661203582
285,8,45,2613.91997807971,45,227.505641942543,45,1518.58498600194,45,-2004.92676156176
285,8,50,2680.60481282262,50,296.738895399316,50,1745.25150238468,50,-1345.50954354747
285,8,55,2806.28552743758,55,484.438577762612,55,1900.17323500088,55,-616.689914901805
285,8,60,2979.72902131709,60,810.464632265181,60,1964.67379883958,60,123.037312914896
285,8,65,3171.96014340115,65,1282.8621819095,65,1927.61581380217,65,815.782819174401
285,8,70,3339.59340298385,70,1891.78464466214,70,1787.16398249867,70,1410.72812273303
285,8,75,3433.97714865281,75,2608.36591861555,75,1551.70171519257,75,1870.64368773558
285,8,80,3412.69797910278,80,3388.76285606263,80,1239.08914659705,80,2176.40939842847
285,8,85,3249.41934963366,85,4181.58248361186,85,874.178053016244,85,2328.17937057471
285,8,90,2939.28403183225,90,4936.48170287586,90,485.228937298,90,2343.29970907143
290,8,0,3132.49036100762,0,2669.10463921345,0,-4.96671744463613,0,-6.19740115400361
290,8,5,3118.68233840191,5,2603.18064604855,5,63.8924538340675,5,-842.059564816118
290,8,10,3065.7046834186,10,2443.60748230058,10,157.753496978555,10,-1620.84931929879
290,8,15,2982.90106768023,15,2210.32694611747,15,295.088251658916,15,-2282.16840213212
290,8,20,2884.40970259875,20,1930.97463114716,20,487.649648560919,20,-2774.16772639386
290,8,25,2785.48178312301,25,1636.13499738055,25,737.097193586173,25,-3058.97063239332
290,8,30,2699.8971454819,30,1355.07641531495,30,1033.39628981501,30,-3116.82541256447
290,8,35,2639.52948253527,35,1113.699650798,35,1355.95147183741,35,-2947.82092751446
290,8,40,2615.30758852724,40,935.353128099196,40,1677.18862849251,40,-2570.81248746624
290,8,45,2637.44154823253,45,843.243676827962,45,1967.18279395776,45,-2020.31755556487
290,8,50,2713.05039572289,50,861.757958773393,50,2197.75736909243,50,-1342.65696828587
290,8,55,2841.28158469993,55,1014.40000305614,55,2345.29881144886,55,-592.113537895387
290,8,60,3008.29341357488,60,1318.2216361777,60,2392.56011871157,60,173.10689428168
290,8,65,3185.341431305,65,1777.07831162913,65,2330.0963873327,65,895.776609985342
290,8,70,3331.96543661388,70,2377.02549960625,70,2157.52353860448,70,1525.49457020821
290,8,75,3403.77577979481,75,3086.1188921011,75,1884.13470860357,75,2024.48678668425
290,8,80,3362.22664654749,80,3858.76240019715,80,1528.24842627292,80,2371.79167703774
290,8,85,3183.14694990863,85,4643.0674103639,85,1115.09241389705,85,2564.71096498431
290,8,90,2861.58378115556,90,5389.22361776192,90,673.570072292636,90,2617.44904869842
295,8,0,2900.97826491847,0,3773.82508456433,0,-17.4523298492257,0,-13.1341648825874
295,8,5,2887.45613847034,5,3704.14785390819,5,134.041089456137,5,-849.480848559747
295,8,10,2840.63645461228,10,3524.14545675952,10,309.958273860981,10,-1627.9183761199
295,8,15,2768.7691694611,15,3253.59628942971,15,526.157352318398,15,-2287.6782795339
295,8,20,2684.62481433357,20,2921.09431676633,20,791.409223018186,20,-2776.65767416309
295,8,25,2602.7223832091,25,2559.81638248807,25,1104.552553789,25,-3056.83645461961
295,8,30,2537.03425643795,30,2203.55131676821,30,1453.3879093945,30,-3108.33917211758
295,8,35,2499.91114847621,35,1884.32759371259,35,1816.02603985492,35,-2931.09994684777
295,8,40,2501.83895962861,40,1632.08404706051,40,2164.39602465654,40,-2543.83854041938
295,8,45,2550.78291159393,45,1475.41377936983,45,2468.70565356796,45,-1981.00239484844
295,8,50,2650.05242755893,50,1441.46326415534,50,2701.46278341675,50,-1288.78880956419
295,8,55,2794.84966239317,55,1553.4471046966,55,2840.28316829161,55,-521.026201447285
295,8,60,2969.09824577824,60,1825.85496568611,60,2869.57707648169,60,265.046761028157
295,8,65,3144.69661564752,65,2259.19118389804,65,2781.64254931652,65,1013.47163865429
295,8,70,3284.52772621219,70,2836.76324639591,70,2577.47638125412,70,1674.78328750721
295,8,75,3348.87708046549,75,3525.22932036928,75,2267.11300514446,75,2211.07939975263
295,8,80,3303.39355352643,80,4279.00174016445,80,1869.04547111356,80,2599.83616175695
295,8,85,3126.14677235776,85,5047.25431176007,85,1408.45605601747,85,2835.5738413239
295,8,90,2811.75205242011,90,5781.79135010393,90,914.360575022677,90,2929.12245786371
300,8,0,2431.08655970122,0,4797.74621050842,0,-28.9950606292873,0,-23.9322780949335
300,8,5,2418.59955046232,5,4725.03067338286,5,218.247569383485,5,-845.433014140035
300,8,10,2382.09298115778,10,4528.44240821048,10,488.02346482525,10,-1608.1833485418
300,8,15,2329.00684737396,15,4227.36772313098,15,792.732196812167,15,-2252.01798152285
300,8,20,2270.76676233179,20,3850.87352289406,20,1137.64738716279,20,-2725.6258346388
300,8,25,2220.69599218284,25,3434.0068270753,25,1518.66829918525,25,-2991.74215138635
300,8,30,2191.98346953988,30,3014.09640730691,30,1921.70770364588,30,-3030.93458263213
300,8,35,2196.20784165362,35,2628.05426105988,35,2324.18661054782,35,-2843.1184489987
300,8,40,2242.30354244846,40,2311.00472735784,40,2698.33889437416,40,-2446.58055760369
300,8,45,2335.3873108766,45,2095.60542985191,45,3015.33060181288,45,-1875.05122532978
300,8,50,2474.96422097042,50,2010.83362813076,50,3249.0266345384,50,-1173.75645315373
300,8,55,2652.70883765405,55,2079.31928612446,55,3378.67536046087,55,-395.194058923906
300,8,60,2850.80449682789,60,2313.40802540469,60,3390.4712199653,60,405.138284600841
300,8,65,3042.11451078108,65,2711.30523640617,65,3278.39506968412,65,1173.18459119353
300,8,70,3192.96434926847,70,3255.08335718357,70,3044.68589789532,70,1860.95293266971
300,8,75,3268.27539535171,75,3911.76364393337,75,2699.94517721437,75,2430.90664193189
300,8,80,3237.78504908501,80,4637.53275786626,80,2262.58819447755,80,2859.38376179151
300,8,85,3081.60931201075,85,5384.12336813079,85,1757.35788225467,85,3138.34577217099
300,8,90,2793.58289961926,90,6105.90888841512,90,1212.85842258924,90,3275.09720210456
305,8,0,1706.99849511551,0,5676.81160265776,0,-38.188811456914,0,-38.4525713577184
305,8,5,1696.79789592648,5,5601.30656791098,5,315.724923372323,5,-825.640754422175
305,8,10,1675.19403212644,10,5392.33831506998,10,688.77781370355,10,-1553.7586561348
305,8,15,1649.03316273232,15,5068.83956904564,15,1089.21316577655,15,-2164.44611386547
305,8,20,1628.41582776171,20,4659.94772560319,20,1518.50189113424,20,-2608.31768758633
305,8,25,1625.03718433898,25,4201.78810196307,25,1969.6847369164,25,-2849.74742759263
305,8,30,1650.37065627429,30,3734.00967861109,30,2427.1938218435,30,-2870.24767117535
305,8,35,1714.03249947243,35,3296.80744354811,35,2868.40840632464,35,-2669.77005835039
305,8,40,1822.38671946812,40,2928.71936009246,40,3266.64849725956,40,-2265.77886874869
305,8,45,1977.22700500621,45,2664.88105223821,45,3594.81455787798,45,-1690.5288331301
305,8,50,2174.41044811262,50,2535.07177659175,50,3828.74626106115,50,-987.300788272221
305,8,55,2402.62557130883,55,2561.0889245766,55,3949.67233825575,55,-206.267049394071
305,8,60,2642.83726795405,60,2753.66219949665,60,3945.63869234555,60,599.678189891922
305,8,65,2869.06858431971,65,3109.82151801928,65,3812.18847004811,65,1379.07080919171
305,8,70,3050.89596053435,70,3611.88304390439,70,3552.61745589992,70,2085.97374381396
305,8,75,3157.44631818301,75,4228.84398021485,75,3177.90446744456,75,2683.76734119641
305,8,80,3162.07476624215,80,4920.20958977601,80,2706.16052326969,80,3148.15446019223
305,8,85,3046.55687375593,85,5641.53300495043,85,2161.36048593886,85,3468.85057512861
305,8,90,2803.68354311852,90,6350.52580290584,90,1571.26359983046,90,3649.57636133444
310,8,0,729.25301023974,0,6336.75792069115,0,-43.7574202701129,0,-55.6010794105898
310,8,5,723.424699610562,5,6258.72478803215,5,423.97331932031,5,-785.410527316072
310,8,10,721.988444949448,10,6042.49373701639,10,905.977219429373,10,-1456.95318358748
310,8,15,731.156586277231,15,5706.53008321254,15,1405.85869953477,15,-2015.01598308785
310,8,20,759.540658014978,20,5279.62065143033,20,1921.20606053586,20,-2413.27554656997
310,8,25,816.728820601314,25,4798.04953485739,25,2442.46342074721,25,-2618.54822157895
310,8,30,911.658919842204,30,4302.34218292287,30,2953.07958666319,30,-2613.69045894224
310,8,35,1051.0314077983,35,3834.12235316071,35,3431.0243457146,35,-2398.66030249246
310,8,40,1237.9051967357,40,3433.36992723382,40,3851.38656374715,40,-1989.6532909173
310,8,45,1470.52204534557,45,3136.01897292301,45,4189.4454070565,45,-1416.65323473048
310,8,50,1741.39878647815,50,2971.63065029373,50,4423.51922608047,50,-719.988921421859
310,8,55,2036.82385014245,55,2960.97486031248,55,4537.0967473632,55,53.5294203411144
310,8,60,2337.01464523336,60,3113.71010911299,60,4520.11463498497,60,854.526048743337
310,8,65,2617.21408886461,65,3426.72441938326,65,4369.54504024187,65,1634.87211904345
310,8,70,2849.85072957872,70,3883.82679630161,70,4089.54074287834,70,2351.3090065836
310,8,75,3007.58285143074,75,4457.25081430363,75,3691.26191825711,75,2968.71062854555
310,8,80,3066.71255741706,80,5110.95616385613,80,3192.32061177384,80,3462.67154802109
310,8,85,3010.23992644019,85,5805.21548284544,85,2615.68667175014,85,3821.0333427082
310,8,90,2829.83291756177,90,6501.6410942134,90,1987.975779384,90,4044.01389253857
315,8,0,-477.218448526861,0,6698.41658000572,0,-44.8536833428473,0,-73.3774948404368
315,8,5,-475.904720741724,5,6618.84836675116,5,538.233187573223,5,-720.303854114308
315,8,10,-451.70150153503,10,6402.1161184194,10,1129.57684675978,10,-1311.43616143331
315,8,15,-399.358752882692,15,6066.07829567155,15,1727.94980104392,15,-1796.08641052858
315,8,20,-312.140437370699,20,5638.59741869967,20,2327.20602392712,20,-2132.05713568163
315,8,25,-183.087452818538,25,5155.0218130711,25,2915.59163853433,25,-2289.28799841209
315,8,30,-6.43919646880892,30,4655.14682344986,30,3476.09437257852,30,-2252.26395411677
315,8,35,220.980736986058,35,4180.07037379195,35,3987.82008883349,35,-2020.85084338585
315,8,40,498.576602728354,40,3769.234596279,40,4428.14015049507,40,-1609.52157478846
315,8,45,821.10289975619,45,3457.7597266749,45,4775.16066733663,45,-1045.23703055233
315,8,50,1178.17773354324,50,3274.05134642545,50,5010.02136888125,50,-364.431166781718
315,8,55,1554.26662430353,55,3237.68161934815,55,5118.66310002802,55,390.435899075467
315,8,60,1929.22717988826,60,3357.6923743057,60,5092.93588084894,60,1174.40982851578
315,8,65,2279.48790010493,65,3631.63113874962,65,4931.12620840207,65,1943.45693479622
315,8,70,2579.85499445196,70,4045.67906817362,70,4638.06304003436,70,2657.63783732093
315,8,75,2805.79861922513,75,4576.09757930985,75,4224.90704674934,75,3283.89706770978
315,8,80,2935.90612610417,80,5191.9466576543,80,3708.61422470777,80,3798.25206878684
315,8,85,2954.07357131444,85,5858.71985953009,85,3110.99615645501,85,4187.1096787497
315,8,90,2851.00203738529,90,6542.30848892383,90,2457.33704700865,90,4447.45983630786
320,8,0,-1856.37316393843,0,6686.5204920707,0,-41.3611609014915,0,-89.1967677137389
320,8,5,-1845.15189642609,5,6607.74085659026,5,651.192317814751,5,-627.148503275846
320,8,10,-1790.88852467907,10,6399.35803170684,10,1345.44566822536,10,-1113.78363249429
320,8,15,-1689.76835945,15,6078.2341038704,15,2035.51137429315,15,-1504.23390429366
320,8,20,-1537.40675077793,20,5670.49927961793,20,2711.8858012233,20,-1761.35581177881
320,8,25,-1329.92919886644,25,5209.30130999541,25,3361.10141790423,25,-1858.75586734816
320,8,30,-1065.13791989827,30,4732.03517569022,30,3966.16137886138,30,-1782.73747032621
320,8,35,-743.602938271256,35,4277.378358749,35,4507.70083044049,35,-1532.95369350307
320,8,40,-369.533884306581,40,3882.41024064492,40,4965.66759283543,40,-1121.76119144177
320,8,45,48.6743123194526,45,3580.00040209426,45,5321.20907737749,45,-572.474191419322
320,8,50,498.287232201031,50,3396.56845528245,50,5558.43703865373,50,83.1520641913241
320,8,55,962.499904023572,55,3350.29182708149,55,5665.82418354055,55,807.852943314259
320,8,60,1421.13622637929,60,3449.86874612793,60,5637.12598664626,60,1561.90435613038
320,8,65,1851.76178927687,65,3693.98899333442,65,5471.84930940949,65,2306.08282450265
320,8,70,2231.15415825508,70,4071.66709967041,70,5175.35144180637,70,3004.39014414561
320,8,75,2537.01474327359,75,4563.51620372073,75,4758.63874629994,75,3626.40831126672
320,8,80,2749.73596453861,80,5143.89341582596,80,4237.88000492129,80,4149.12453575048
320,8,85,2853.98435516021,85,5783.67365842716,85,3633.6120832647,85,4558.04319741918
320,8,90,2839.85772552831,90,6453.26518547081,90,2969.63329552557,90,4847.42257273477
325,8,0,-3318.68718871406,0,6241.32678020437,0,-34.0870484221939,0,-100.462940663869
325,8,5,-3295.78358428322,5,6167.0865554782,5,753.263066598393,5,-505.249785519191
325,8,10,-3209.77492745342,10,5977.64937396633,10,1536.01679862386,10,-865.19752791943
325,8,15,-3058.65843323715,15,5688.25424574245,15,2304.21351763767,15,-1142.3335984391
325,8,20,-2840.72506203498,20,5322.30577471856,20,3045.59782487272,20,-1305.30328058611
325,8,25,-2555.39188543384,25,4909.41439566374,25,3745.52571301885,25,-1331.79213229468
325,8,30,-2204.0620768809,30,4482.97783212338,30,4387.40467479327,30,-1210.06650645569
325,8,35,-1790.88327834,35,4077.56059852871,35,4953.60938884144,35,-939.497254605213
325,8,40,-1323.29367415838,40,3726.31610166006,40,5426.72512659527,40,-530.075189534067
325,8,45,-812.278159269749,45,3458.64836744683,45,5790.91616044743,45,-1.0599653055321
325,8,50,-272.295927865991,50,3298.25376503869,50,6033.21327875797,50,621.007391333666
325,8,55,279.12347683496,55,3261.64063475155,55,6144.56186081458,55,1304.66971281393
325,8,60,822.091381578323,60,3357.20401338193,60,6120.5480356553,60,2016.06092504845
325,8,65,1335.33434211137,65,3584.9226010364,65,5961.79255183838,65,2721.36648348289
325,8,70,1797.36904452755,70,3936.72466327613,70,5674.04361034098,70,3389.09003032203
325,8,75,2187.7925248144,75,4397.52191560494,75,5268.00455919462,75,3991.99980954155
325,8,80,2488.5765237752,80,4946.83391080232,80,4758.91518961133,80,4508.63110788605
325,8,85,2685.23496585793,85,5560.83523670311,85,4165.89191894635,85,4924.22457303365
325,8,90,2767.73412799493,90,6214.5793417744,90,3511.04151151273,90,5231.00677250915
330,8,0,-4745.69989529063,0,5331.14966077947,0,-24.7328372583996,0,-105.290349558953
330,8,5,-4711.18278436409,5,5266.05016372499,5,833.624215653915,5,-357.487423692147
330,8,10,-4595.89605620848,10,5106.56412256994,10,1682.16432706046,10,-572.928894579309
330,8,15,-4399.72141217814,15,4865.60649723855,15,2507.84562658202,15,-721.255041741986
330,8,20,-4123.57836256662,20,4562.87196748848,20,3296.48782542693,20,-777.382549538489
330,8,25,-3769.96756054961,25,4223.22560292216,25,4032.85919606353,25,-723.364149125143
330,8,30,-3343.50641219863,30,3874.72304624593,30,4701.08474556008,30,-549.579866841309
330,8,35,-2851.36491032423,35,3546.4564839575,35,5285.33363025964,35,-255.174393836252
330,8,40,-2303.52636650192,40,3266.42239132873,40,5770.69431676044,40,152.25176686335
330,8,45,-1712.8239327051,45,3059.58197818638,45,6144.11797894215,45,657.605425091029
330,8,50,-1094.73351896475,50,2946.24670102478,50,6395.30965384089,50,1239.76702614184
330,8,55,-466.930907167005,55,2940.88115490796,55,6517.47005557506,55,1873.38263399686
330,8,60,151.358372875638,60,3051.38139884803,60,6507.82811611424,60,2530.80666619424
330,8,65,740.173969985446,65,3278.85840711068,65,6367.94120268007,65,3184.04049444147
330,8,70,1279.74854491135,70,3617.92854765948,70,6103.76532128565,70,3806.53609858944
330,8,75,1751.48837592373,75,4057.47965584077,75,5725.50802187497,75,4374.75364073473
330,8,80,2138.93848450006,80,4581.84027512445,80,5247.27715956799,80,4869.37686424948
330,8,85,2428.65847961141,85,5172.23523011736,85,4686.5385004528,85,5276.10727549093
330,8,90,2610.93729039595,90,5808.37257421754,90,4063.40192249015,90,5585.98588383569
335,8,0,-6002.29546159967,0,3963.02374889697,0,-15.5835467610758,0,-103.178268912431
335,8,5,-5958.40809185181,5,3911.43319886054,5,881.92375494056,5,-190.879828306489
335,8,10,-5820.93782134816,10,3791.27420992341,10,1766.10320399495,10,-250.795959660581
335,8,15,-5591.35071650682,15,3612.59876980046,15,2622.13860378575,15,-260.423001212527
335,8,20,-5272.6975755577,20,3390.68427844212,20,3434.93896741598,20,-201.119434119038
335,8,25,-4869.8855749961,25,3144.82462566892,25,4189.34400377628,25,-59.4554707490786
335,8,30,-4389.9239440267,30,2896.8439927553,30,4870.49231949048,30,171.899267882047
335,8,35,-3842.08833538119,35,2669.47238673112,35,5464.32836866641,35,493.806486215559
335,8,40,-3237.95960775324,40,2484.72493607071,40,5958.1991490886,40,900.808015599607
335,8,45,-2591.30944995081,45,2362.41404156677,45,6341.47735136998,45,1381.74079100915
335,8,50,-1917.82401071985,50,2318.89935400539,50,6606.14586971973,50,1920.72733572145
335,8,55,-1234.67402792994,55,2366.15108675538,55,6747.28770195205,55,2498.42876431661
335,8,60,-559.953612138924,60,2511.17219646126,60,6763.44102490132,60,3093.44070856262
335,8,65,87.9807866054551,65,2755.79696655095,65,6656.79633117927,65,3683.71763349636
335,8,70,691.233818160835,70,3096.85765552091,70,6433.22670302948,70,4247.92266078813
335,8,75,1233.11593906927,75,3526.68612708553,75,6102.15186478515,75,4766.61447164631
335,8,80,1698.86584682414,80,4033.89327145868,80,5676.24259689797,80,5223.19893661949
335,8,85,2076.30634397785,85,4604.34679919907,85,5170.9769464939,85,5604.59196242393
335,8,90,2356.39148496613,90,5222.25081087315,90,4604.06567196125,90,5901.56357473887
340,8,0,-6955.09224315665,0,2188.59345762994,0,-8.96172547995445,0,-95.378494080726
340,8,5,-6905.93072206367,5,2153.48554325702,5,890.20873042524,5,-16.2426586719711
340,8,10,-6757.25562646651,10,2078.36275759646,10,1774.57134473173,10,81.7040730158554
340,8,15,-6511.5324263344,15,1970.22821405603,15,2629.00171800791,15,213.394873888543
340,8,20,-6173.09369977458,20,1839.73038362335,20,3438.62861890705,20,391.217997779198
340,8,25,-5748.20839618306,25,1700.35689819781,25,4189.10059515823,25,624.113541522909
340,8,30,-5245.11606275229,30,1567.43826616894,30,4866.91460050704,30,916.954813892515
340,8,35,-4673.99984178222,35,1457.04884038603,35,5459.79415352945,35,1270.25197426731
340,8,40,-4046.87747216901,40,1384.89609230481,40,5957.09359424711,40,1680.18391904795
340,8,45,-3377.39792514914,45,1365.283729601,45,6350.19820826419,45,2138.93482539926
340,8,50,-2680.54099460743,50,1410.22129760449,50,6632.88805953758,50,2635.28769283729
340,8,55,-1972.226555351,55,1528.73518175929,55,6801.63588594387,55,3155.41064737655
340,8,60,-1268.84815169208,60,1726.41593807443,60,6855.815078517,60,3683.76312015893
340,8,65,-586.751550277146,65,2005.21664592447,65,6797.80095187314,65,4204.04745136239
340,8,70,58.3171001334974,70,2363.4977957237,70,6632.95580358477,70,4700.13553161378
340,8,75,651.766506054448,75,2796.29681756675,75,6369.49484537482,75,5156.90832793221
340,8,80,1180.69088134405,80,3295.78525917748,80,6018.23584031425,80,5560.95753264437
340,8,85,1634.34834998142,85,3851.86453322917,85,5592.24050926693,85,5901.11255933097
340,8,90,2004.56123264814,90,4452.84307879047,90,5106.36083049082,90,6168.77226156401
345,8,0,-7493.13992189405,0,103.056115274275,0,-6.60634304555377,0,-84.7094058307437
345,8,5,-7443.85407042996,5,85.2384067434228,5,854.493602400336,5,153.217107894688
345,8,10,-7297.1458962183,10,55.9359262477712,10,1701.32450424062,10,401.819842434754
345,8,15,-7055.786576639,15,19.3280250664126,15,2519.90088613165,15,669.247846275903
345,8,20,-6724.4001168593,20,-18.2144807038845,20,3296.71491105805,20,962.193936635872
345,8,25,-6309.41969635243,25,-48.5877717185046,25,4019.00922856596,25,1285.36133087335
345,8,30,-5819.00633232232,30,-62.5279894512153,30,4675.05931893178,30,1641.08072167463
345,8,35,-5262.92172817094,35,-50.2525196902208,35,5254.45794211081,35,2029.10084350453
345,8,40,-4652.34936763715,40,-2.12020804010725,40,5748.39060390419,40,2446.56029115729
345,8,45,-3999.66132568848,45,90.7375333986993,45,6149.88846320031,45,2888.13342603343
345,8,50,-3318.13235986013,50,235.857425862696,50,6454.04414548719,50,3346.33010261641
345,8,55,-2621.60706124685,55,438.991106841573,55,6658.17652326496,55,3811.9187277515
345,8,60,-1924.12970771427,60,703.781863733807,60,6761.93245342381,60,4274.43541201344
345,8,65,-1239.5496443767,65,1031.5838752219,65,6767.31636517264,65,4722.73881916047
345,8,70,-581.117342747088,70,1421.42526940918,70,6678.64208522484,70,5145.570554978
345,8,75,38.9122988305392,75,1870.10592050705,75,6502.40504810291,75,5532.08413530255
345,8,80,609.652354094,80,2372.41202174483,80,6247.07684581051,80,5872.31120207227
345,8,85,1121.91531179071,85,2921.42260895731,85,5922.82778236966,85,6157.54112955334
345,8,90,1568.48820310821,90,3508.87877279581,90,5541.18660924824,90,6380.59884261438
350,8,0,-7546.10930636518,0,-2163.58429401426,0,-9.19251208077932,0,-74.7269694780649
350,8,5,-7501.96471233021,5,-2165.57205346883,5,775.513832768094,5,304.185620815231
350,8,10,-7370.57575510648,10,-2153.21740322249,10,1548.23813850832,10,687.114554759775
350,8,15,-7154.38375754236,15,-2124.61368727141,15,2297.40920179736,15,1076.60422860421
350,8,20,-6857.38665196525,20,-2076.86061301003,20,3011.92659936621,20,1474.53522312464
350,8,25,-6485.06139422751,25,-2006.26924837106,25,3681.38959081692,25,1881.87223167426
350,8,30,-6044.25324045828,30,-1908.62229773311,30,4296.31599761609,30,2298.47470634431
350,8,35,-5543.03190179417,35,-1779.4709560734,35,4848.34582414181,35,2722.98156208614
350,8,40,-4990.51556333803,40,-1614.44771180771,40,5330.42378542696,40,3152.77554925181
350,8,45,-4396.66502066038,45,-1409.5742365469,45,5736.95459358072,45,3584.02702450997
350,8,50,-3772.05163880121,50,-1161.54487799933,50,6063.92493079894,50,4011.81132931368
350,8,55,-3127.60433932892,55,-867.969033376516,55,6308.98654960269,55,4430.28925926604
350,8,60,-2474.34223157409,60,-527.559495417589,60,6471.49588659894,60,4832.9365008535
350,8,65,-1823.10069914064,65,-140.258343073761,65,6552.506906808,65,5212.80561936725
350,8,70,-1184.25963079611,70,292.703311576302,70,6554.71553234609,70,5562.80326904459
350,8,75,-567.482972961541,75,768.81079654941,75,6482.35585476417,75,5875.96571107266
350,8,80,18.5211652848449,80,1284.33150618159,80,6341.05027985021,80,6145.71731550199
350,8,85,566.211023001691,85,1834.43221341484,85,6137.61770162151,85,6366.09926077932
350,8,90,1069.38432907704,90,2413.33714036305,90,5879.84564565994,90,6531.95884726703
355,8,0,-7095.67094549264,0,-4461.88291562931,0,-16.1617643618519,0,-68.4551021222175
355,8,5,-7061.26493975925,5,-4451.21020678023,5,658.557745146949,5,425.843815511353
355,8,10,-6956.99187978777,10,-4405.15854433541,10,1324.911408022,10,919.301154307027
355,8,15,-6784.4819612722,15,-4323.3861433334,15,1974.74378230493,15,1410.26786893853
355,8,20,-6546.39713564371,20,-4205.42033132987,20,2600.20927706342,20,1896.92298972721
355,8,25,-6246.37394615253,25,-4050.7127471693,25,3193.91598223957,25,2377.20864230147
355,8,30,-5888.9454298815,30,-3858.71059112829,30,3749.05926142684,30,2848.7809538097
355,8,35,-5479.44376417659,35,-3628.93950459576,35,4259.54193312211,35,3308.98023652958
355,8,40,-5023.88583096416,40,-3361.09301724794,40,4720.07809660675,40,3754.82260476588
355,8,45,-4528.84435212877,45,-3055.12320466363,45,5126.27797430531,45,4183.01384599503
355,8,50,-4001.30769560831,50,-2711.32725586314,50,5474.71154847414,50,4589.9850295021
355,8,55,-3448.53184403613,55,-2330.42503770915,55,5762.94926649328,55,4971.94808784354
355,8,60,-2877.88833317089,60,-1913.62341711994,60,5989.57866983975,60,5324.96852896955
355,8,65,-2296.71218417831,65,-1462.66399965142,65,6154.19645447004,65,5645.05159262087
355,8,70,-1712.15395285496,70,-979.851988989802,70,6257.37617608356,70,5928.23759499393
355,8,75,-1131.03998528964,75,-468.064985688852,75,6300.61254847695,75,6170.70192874088
355,8,80,-559.744794234705,80,69.2583540647186,80,6286.24401880036,80,6368.85519644228
355,8,85,-4.07915141424653,85,628.14885940935,85,6217.35600944963,85,6519.43922954986
355,8,90,530.80296672985,90,1204.15476795427,90,6097.66786142962,90,6619.61523951202
360,8,0,-6177.58660608245,0,-6642.11753120493,0,-25.9049371595216,0,-67.1715029215997
360,8,5,-6156.33678802088,5,-6622.69665091719,5,512.605787988386,5,511.982791776055
360,8,10,-6088.23352970469,10,-6552.87305022241,10,1047.21527356987,10,1087.24058828463
360,8,15,-5973.79513805154,15,-6433.17812888251,15,1573.85481859361,15,1654.22382742255
360,8,20,-5813.89255832168,20,-6264.52283752264,20,2088.51637812833,20,2208.61742438612
360,8,25,-5609.74274569869,25,-6048.19074474692,25,2587.28306694482,25,2746.20210915045
360,8,30,-5362.89940352565,30,-5785.82826840625,30,3066.35896937764,30,3262.88653766198
360,8,35,-5075.24115868459,35,-5479.43214536439,35,3522.09802853533,35,3754.73842943714
360,8,40,-4748.95726411153,40,-5131.33423512471,40,3951.03179499492,40,4218.01449459123
360,8,45,-4386.5309372598,45,-4744.18377297142,45,4349.89582379638,45,4649.1889225347
360,8,50,-3990.72046131571,50,-4320.92720768932,50,4715.65451883984,50,5044.98021552066
360,8,55,-3564.53819299812,55,-3864.78577730953,55,5045.52423560487,55,5402.37616282416
360,8,60,-3111.22763670481,60,-3379.23099354296,60,5336.99446636613,60,5718.65676548465
360,8,65,-2634.23875948556,65,-2867.95822148006,65,5587.84694667297,65,5991.41493714044
360,8,70,-2137.20173470977,70,-2334.85855563118,70,5796.1725376814,70,6218.57482340934
360,8,75,-1623.89931425516,75,-1783.9892063478,75,5960.3857558534,75,6398.40760039396
360,8,80,-1098.23803948184,80,-1219.54262200198,80,6079.23683944404,80,6529.54463207544
360,8,85,-564.218510093815,85,-645.81458192276,85,6151.82125994294,85,6610.98788645998
360,8,90,-25.9049371595201,90,-67.1715029216005,90,6177.58660608245,90,6642.11753120494
