"Theta [deg]","Freq [GHz]","Phi [deg]","re(rETheta) [mV]","Phi [deg]","im(rETheta) [mV]","Phi [deg]","re(rEPhi) [mV]","Phi [deg]","im(rEPhi) [mV]"
0,8,0,5502.05128071536,0,-9046.988350573,0,-943.118886776698,0,-213.203348750953
0,8,5,5398.91608740117,5,-9031.14372475529,5,-1419.06540068359,5,576.104943682496
0,8,10,5254.6918827072,10,-8946.56664203851,10,-1884.21197003616,10,1361.02872963285
0,8,15,5070.47629991611,15,-8793.90078509118,15,-2335.01854857846,15,2135.59426513907
0,8,20,4847.67133084537,20,-8574.30803326684,20,-2768.05422604333,20,2893.90663878052
0,8,25,4587.97265584291,25,-8289.45962000059,25,-3180.02333945118,25,3630.19463551224
0,8,30,4293.35673863586,30,-7941.52341371357,30,-3567.7905550952,30,4338.85465909626
0,8,35,3966.06578424811,35,-7533.14741902525,35,-3928.40473032412,35,5014.49337885249
0,8,40,3608.59067446623,40,-7067.43962383937,40,-4259.12137351964,40,5651.96877616176
0,8,45,3223.65201072504,45,-6547.94434567935,45,-4557.42353133487,45,6246.42927833239
0,8,50,2814.17940868794,50,-5978.61525729181,50,-4821.04094422908,50,6793.35068199779
0,8,55,2383.28920210273,55,-5363.78529680969,55,-5047.9673245136,55,7288.57058503589
0,8,60,1934.26072562016,60,-4708.13369147674,60,-5236.47562541256,60,7728.32006496262
0,8,65,1470.51135707705,65,-4016.6503459028,65,-5385.1311849317,65,8109.25236270774
0,8,70,995.57050918756,70,-3294.59786587675,70,-5492.80264450239,70,8428.46835347221
0,8,75,513.052768581239,75,-2547.47150675879,75,-5558.67055930351,75,8683.53861081842
0,8,80,26.6303866162851,80,-1780.95735126905,80,-5582.23363473127,80,8872.52189607233
0,8,85,-459.994668670688,85,-1000.8890349647,85,-5563.31254155391,85,8993.97993232193
0,8,90,-943.1188867767,90,-213.203348750953,90,-5502.05128071536,90,9046.988350573
5,8,0,6299.98698136783,0,-7597.26040176517,0,-1099.19539609875,0,-98.6992924683912
5,8,5,6193.23518786723,5,-7583.58187877412,5,-1551.69049311331,5,540.524906863476
5,8,10,6050.29492376827,10,-7527.10989235339,10,-1992.84407281837,10,1177.79554984148
5,8,15,5872.26191586711,15,-7427.73564983076,15,-2419.93961870455,15,1811.36975552026
5,8,20,5660.36661303737,20,-7285.1560847024,20,-2830.35139479039,20,2439.4005983884
5,8,25,5415.97153968649,25,-7098.90416462917,25,-3221.5364812734,25,3059.86433636949
5,8,30,5140.57366788625,30,-6868.39476163464,30,-3591.02825157101,30,3670.49458016195
5,8,35,4835.81125992193,35,-6592.98469184449,35,-3936.4326875428,35,4268.72627397967
5,8,40,4503.47427949265,40,-6272.04503045406,40,-4255.42878533254,40,4851.65208275917
5,8,45,4145.51714678494,45,-5905.04336167768,45,-4545.77406847506,45,5415.99342056665
5,8,50,3764.07234591844,50,-5491.63324679701,50,-4805.31590311783,50,5958.08792285569
5,8,55,3361.4632079882,55,-5031.74789579406,55,-5032.00891566854,55,6473.89467636637
5,8,60,2940.21411107097,60,-4525.69481559587,60,-5223.93836699484,60,6959.01798996372
5,8,65,2503.05637631587,65,-3974.24808396211,65,-5379.34886755464,65,7408.74993204154
5,8,70,2052.92830468273,70,-3378.73486374284,70,-5496.67735790008,70,7818.13128859583
5,8,75,1592.96809022119,75,-2741.11282755315,75,-5574.58886506255,75,8182.03002286234
5,8,80,1126.49875033322,80,-2064.0353071155,80,-5612.01321333629,80,8495.23575377588
5,8,85,657.004707714561,85,-1350.90121355411,85,-5608.18065026226,85,8752.56822729122
5,8,90,188.100209354522,90,-605.887093519305,90,-5562.65427050196,90,8948.99724280711
10,8,0,6767.32101487342,0,-5884.62023354705,0,-1233.71871143584,0,10.7023864349938
10,8,5,6660.28913393808,5,-5871.69539759804,5,-1647.6808927366,5,497.95135512665
10,8,10,6525.69649952537,10,-5841.9763938186,10,-2049.93338565624,10,985.164411601571
10,8,15,6364.60114990447,15,-5794.83085064089,15,-2439.12075219977,15,1474.49272681434
10,8,20,6177.89884023131,20,-5728.78558169093,20,-2813.9594936129,20,1967.85292930361
10,8,25,5966.32342138235,25,-5641.58176919216,25,-3173.16727712633,25,2466.74678690609
10,8,30,5730.46694212658,30,-5530.2643113973,30,-3515.39351216351,30,2972.09415397502
10,8,35,5470.81966805828,35,-5391.30231786862,35,-3839.156320039,35,3484.08545864384
10,8,40,5187.8288147662,40,-5220.73663355475,40,-4142.7911712017,40,4002.05907150533
10,8,45,4881.97325106152,45,-5014.34947483333,45,-4424.41629142307,45,4524.40782033455
10,8,50,4553.84987534451,50,-4767.85074890559,50,-4681.91930247333,50,5048.51780783753
10,8,55,4204.26596255084,55,-4477.07535038168,55,-4912.96844778817,55,5570.74163082197
10,8,60,3834.33068502008,60,-4138.18562293414,60,-5115.05019668141,60,6086.40713121989
10,8,65,3445.53837856855,65,-3747.87318384518,65,-5285.53311417898,65,6589.86194065896
10,8,70,3039.8360719303,70,-3303.55439582108,70,-5421.75576920258,70,7074.5532982717
10,8,75,2619.6683909819,75,-2803.55391102808,75,-5521.1343101024,75,7533.14190466744
10,8,80,2187.99419677701,80,-2247.27089580301,80,-5581.28336179256,80,7957.64790077288
10,8,85,1748.27116341701,85,-1635.32276540898,85,-5600.14229246657,85,8339.62640658168
10,8,90,1304.40683243049,90,-969.661514742042,90,-5576.09784218803,90,8670.3693985732
15,8,0,6907.22256612892,0,-4021.44190708951,0,-1339.3597593873,0,109.207050050412
15,8,5,6801.27390790628,5,-4007.55885581268,5,-1703.79213820061,5,448.626233098446
15,8,10,6678.75309659566,10,-4001.77296003854,10,-2055.92416894278,10,789.46414846899
15,8,15,6540.85979855575,15,-4003.17062293916,15,-2396.03101459162,15,1137.43502718554
15,8,20,6388.28011605372,20,-4009.39588603501,20,-2724.50344457118,20,1497.90982704635
15,8,25,6221.15809872373,25,-4016.72803526799,25,-3041.70336458929,25,1875.62412988498
15,8,30,6039.1053728823,30,-4020.21524300651,30,-3347.81026893297,30,2274.41201716487
15,8,35,5841.2542381138,35,-4013.85619147579,35,-3642.6682948935,35,2696.97648306475
15,8,40,5626.35656061782,40,-3990.82024375984,40,-3925.64563956277,40,3144.70346313034
15,8,45,5392.92685551525,45,-3943.69661853912,45,-4195.5192897992,45,3617.52335244645
15,8,50,5139.42346408905,50,-3864.76370465386,50,-4450.39795389976,50,4113.82141429325
15,8,55,4864.45721807678,55,-3746.27057975491,55,-4687.69455224014,55,4630.39687053569
15,8,60,4567.01302986668,60,-3580.72356730623,60,-4904.1566157607,60,5162.46956786524
15,8,65,4246.66700056724,65,-3361.17112291578,65,-5095.9586680063,65,5703.7326313638
15,8,70,3903.78030264205,70,-3081.48057399846,70,-5258.85552118665,70,6246.44917056073
15,8,75,3539.65147860741,75,-2736.60046352204,75,-5388.38989683106,75,6781.59075788457
15,8,80,3156.61091261597,80,-2322.80264897537,80,-5480.14240737562,80,7299.01508728389
15,8,85,2758.04493277136,85,-1837.89889426728,85,-5530.00719045136,85,7787.68006288002
15,8,90,2348.34204625695,90,-1281.42728142262,90,-5534.47279837702,90,8235.89163926595
20,8,0,6756.35954566312,0,-2121.31350935458,0,-1410.84605746397,0,192.72911918103
20,8,5,6651.58612444724,5,-2105.07683885637,5,-1719.88046322059,5,393.914317656244
20,8,10,6542.00169834748,10,-2119.73411222886,10,-2015.66426714446,10,597.61793649248
20,8,15,6429.25745662618,15,-2164.30587957159,15,-2300.06732678184,15,812.809722537845
20,8,20,6314.16668432284,20,-2235.7912267964,20,-2575.21100729508,20,1047.98759235332
20,8,25,6196.59745525914,25,-2329.28307209647,25,-2843.2631625514,25,1310.7590667416
20,8,30,6075.42007615736,30,-2438.16521409414,30,-3106.19814398377,30,1607.4778285131
20,8,35,5948.527169277,35,-2554.36995444837,35,-3365.53483418235,35,1942.95002653813
20,8,40,5812.93935455261,40,-2668.67605058684,40,-3622.07253389406,40,2320.21505529591
20,8,45,5665.00141919438,45,-2771.03124643013,45,-3875.64979048633,45,2740.39810185383
20,8,50,5500.66359233456,50,-2850.88913437287,50,-4124.95359550199,50,3202.62796634839
20,8,55,5315.83168917463,55,-2897.55417956063,55,-4367.40499798887,55,3704.01325232703
20,8,60,5106.76031278542,60,-2900.53002255005,60,-4599.14207004213,60,4239.67153205001
20,8,65,4870.45657325493,65,-2849.86488244636,65,-4815.11307944233,65,4802.80766250003
20,8,70,4605.05875693177,70,-2736.48558496226,70,-5009.28290839742,70,5384.83774256419
20,8,75,4310.15504970139,75,-2552.51050863897,75,-5174.94549886536,75,5975.55411969275
20,8,80,3987.01113271251,80,-2291.53302552418,80,-5305.12538146022,80,6563.32541490779
20,8,85,3638.68136315844,85,-1948.87081937896,85,-5393.04267424406,85,7135.32530698716
20,8,90,3269.98570954981,90,-1521.78127157596,90,-5432.60851125498,90,7677.78592067423
25,8,0,6375.20143765478,0,-287.564944405887,0,-1446.4104153006,0,259.110597618196
25,8,5,6271.42377018151,5,-268.3719962979,5,-1699.72696958836,5,336.610570320922
25,8,10,6173.78001529553,10,-299.95756928943,10,-1938.54624814834,10,417.514851256302
25,8,15,6084.72523382572,15,-381.423790692699,15,-2165.97441420175,15,513.709622019438
25,8,20,6005.6616634566,20,-509.294729771161,20,-2385.60872747273,20,636.428725793497
25,8,25,5936.68883491971,25,-677.703688084836,25,-2601.31436996439,25,795.695557651289
25,8,30,5876.41684594311,30,-878.684785319829,30,-2816.91743275326,30,999.871650164556
25,8,35,5821.88573340987,35,-1102.52212869584,35,-3035.82693364383,35,1255.32788980288
25,8,40,5768.62651852434,40,-1338.12036483749,40,-3260.61632941372,40,1566.23282991076
25,8,45,5710.88326576138,45,-1573.37844482236,45,-3492.60912764622,45,1934.43907178268
25,8,50,5641.9931801065,50,-1795.5656268455,50,-3731.52006959794,50,2359.44575564593
25,8,55,5554.89835882404,55,-1991.70756788231,55,-3975.20117010073,55,2838.42099881785
25,8,60,5442.74381168647,60,-2148.98744574233,60,-4219.53154580339,60,3366.27717613988
25,8,65,5299.5057110841,65,-2255.1549233694,65,-4458.47452648973,65,3935.7978228365
25,8,70,5120.59245599284,70,-2298.92181386873,70,-4684.30893489826,70,4537.81363047235
25,8,75,4903.3668269878,75,-2270.31622226321,75,-4888.02668449121,75,5161.41722767625
25,8,80,4647.54628334814,80,-2160.97222177175,80,-5059.87700221839,80,5794.19748409677
25,8,85,4355.44667712355,85,-1964.34898495334,85,-5190.0275745557,85,6422.47099138315
25,8,90,4032.04092917363,90,-1675.89472944886,90,-5269.30267661213,90,7031.49590281219
30,8,0,5836.70252396295,0,1394.81514406941,0,-1448.32586556561,0,308.131765228999
30,8,5,5734.19700075809,5,1416.5621922455,5,-1650.62908730516,5,280.761797506062
30,8,10,5646.61062570721,10,1371.23773718118,10,-1836.9944230372,10,257.598878992618
30,8,15,5577.53981569978,15,1259.60303056873,15,-2011.12035302265,15,252.976249106635
30,8,20,5529.49298569256,20,1085.48872372376,20,-2177.55752650903,20,280.346788941811
30,8,25,5503.41772744675,25,855.490549312918,25,-2341.53517543958,25,351.589472490391
30,8,30,5498.28652549643,30,578.557672293669,30,-2508.6176339885,30,476.489823006989
30,8,35,5510.83107040434,35,265.559007578778,35,-2684.20174201106,35,662.40708083861
30,8,40,5535.50264103375,40,-71.1209761386173,40,-2872.90535138943,40,914.103783396027
30,8,45,5564.70142129011,45,-417.951763885485,45,-3077.92684275257,45,1233.69366816988
30,8,50,5589.26936254764,50,-760.624594255635,50,-3300.46673486744,50,1620.66631139713
30,8,55,5599.19370705764,55,-1084.46352296102,55,-3539.29286792302,55,2071.96681831953
30,8,60,5584.43622284234,60,-1374.90398885266,60,-3790.50557584669,60,2582.13245537002
30,8,65,5535.79489966576,65,-1618.0194561372,65,-4047.52921286356,65,3143.4991977236
30,8,70,5445.71838067992,70,-1801.03300018636,70,-4301.3319766213,70,3746.48035445506
30,8,75,5309.01769062603,75,-1912.73199086254,75,-4540.86273187122,75,4379.89074784368
30,8,80,5123.44054002801,80,-1943.72413183908,80,-4753.68948096661,80,5031.26011863069
30,8,85,4890.08052387211,85,-1886.526487826,85,-4926.82127620817,85,5687.06932944493
30,8,90,4613.58607888272,90,-1735.54281020978,90,-5047.68458384461,90,6332.86537855439
35,8,0,5215.76656367184,0,2863.82527590371,0,-1422.1789998491,0,341.448449873253
35,8,5,5115.44203968629,5,2886.82434197599,5,-1581.67328528099,5,231.048404063047
35,8,10,5035.7738706126,10,2830.58961799625,10,-1723.60388167673,10,125.639739093257
35,8,15,4981.79985028542,15,2695.77514629936,15,-1851.45231484234,15,41.3265343175187
35,8,20,4957.65859985622,20,2486.44357909579,20,-1970.06684761662,20,-6.88774028377903
35,8,25,4965.7899801889,25,2209.606304673,25,-2085.61407031738,25,-5.89669531578974
35,8,30,5006.17536823891,30,1874.69681410212,30,-2205.21881363319,30,54.9462948936298
35,8,35,5075.79285899168,35,1493.10831624599,35,-2336.30637394556,35,183.504760058939
35,8,40,5168.43652830581,40,1077.8484023036,40,-2485.7393547372,40,384.729495814166
35,8,45,5274.97303282283,45,643.269572098353,45,-2658.89365304204,45,660.653993741543
35,8,50,5384.00624365868,50,204.767208474053,50,-2858.82673056893,50,1010.46009167334
35,8,55,5482.82937396301,55,-221.668137052725,55,-3085.65617027526,55,1430.60055410684
35,8,60,5558.49965234094,60,-620.090397640303,60,-3336.20644656891,60,1915.00822875846
35,8,65,5598.88728115789,65,-975.365374628409,65,-3603.92608519115,65,2455.43372586613
35,8,70,5593.61263649175,70,-1273.90363232033,70,-3879.05044227649,70,3041.91747475413
35,8,75,5534.85575221432,75,-1504.16717055009,75,-4148.99343584347,75,3663.32946845565
35,8,80,5418.06078907691,80,-1656.82139940392,80,-4398.97931654916,80,4307.84090843616
35,8,85,5242.54572724655,85,-1724.53684170557,85,-4612.94499280954,85,4963.17322265297
35,8,90,5011.97337769999,90,-1701.5879078366,90,-4774.73003007928,90,5616.52731260912
40,8,0,4580.89870334605,0,4081.98547128141,0,-1375.13215453902,0,362.368073479669
40,8,5,4484.01306140333,5,4104.40039333991,5,-1501.37559182385,5,191.86055520167
40,8,10,4410.14385846608,10,4039.88846149662,10,-1608.15583971299,10,27.071265799267
40,8,15,4366.02285639804,15,3889.07097724613,15,-1697.95541462878,15,-114.992595254933
40,8,20,4357.90932258334,20,3656.05588220514,20,-1775.31460320885,20,-218.547266955878
40,8,25,4390.33202596992,25,3347.80798832924,25,-1846.96651155316,25,-269.870834836994
40,8,30,4464.83885948017,30,2973.56524420405,30,-1921.45048724035,30,-257.888224389444
40,8,35,4579.07561137428,35,2544.47238109357,35,-2008.23675544993,35,-174.507203942335
40,8,40,4726.46037529987,40,2073.44976592794,40,-2116.53445674913,40,-14.7638490615252
40,8,45,4896.55869737474,45,1575.15153392891,45,-2254.03594700215,45,223.147746437357
40,8,50,5076.05451246918,50,1065.7709598362,50,-2425.83928642202,50,537.917545509943
40,8,55,5250.04537445015,55,562.482568757316,55,-2633.69562880777,55,925.253931161414
40,8,60,5403.34653683224,60,82.4739761715592,60,-2875.5988931805,60,1378.18870247905
40,8,65,5521.58553638477,65,-358.253109399566,65,-3145.64106054386,65,1887.63139566213
40,8,70,5592.04914347784,70,-745.96110207403,70,-3434.04696867689,70,2443.16757676965
40,8,75,5604.40400904486,75,-1069.76693023023,75,-3727.37588011384,75,3033.95384473539
40,8,80,5551.4613559335,80,-1321.54354907268,80,-4008.98008555325,80,3649.43896320653
40,8,85,5430.07034968065,85,-1495.20685886802,85,-4259.87024322532,85,4279.62065034327
40,8,90,5242.05501319395,90,-1585.71793619842,90,-4460.1033374643,90,4914.67083026267
45,8,0,3988.60439049768,0,5035.14735345414,0,-1313.9154960713,0,375.298383708652
45,8,5,3896.32595623362,5,5055.08158058961,5,-1415.74247206558,5,166.311971018017
45,8,10,3826.25066803935,10,4984.91488480767,10,-1495.8674992954,10,-36.4168533803901
45,8,15,3786.98542823201,15,4825.30463117725,15,-1555.22146556541,15,-215.904688454784
45,8,20,3787.31935340342,20,4580.1142901048,20,-1597.63498993695,20,-356.33851499054
45,8,25,3834.35334447535,25,4255.63155456093,25,-1630.17838584052,25,-443.878105502305
45,8,30,3931.58675933052,30,3860.04805703584,30,-1662.70752087776,30,-467.251291048358
45,8,35,4077.52153629017,35,3403.39082165538,35,-1706.68991507003,35,-418.16362765663
45,8,40,4265.23754294107,40,2897.82098291322,40,-1773.61064298854,40,-291.574526479933
45,8,45,4483.07167541075,45,2357.95813049869,45,-1873.37119359813,45,-85.879189460933
45,8,50,4716.12544804311,50,1800.78151428131,50,-2013.03675560096,50,197.017709477747
45,8,55,4948.0356550797,55,1244.78833693151,55,-2196.08087105897,55,551.82537916488
45,8,60,5162.43399461285,60,708.430486841103,60,-2422.03102625992,60,970.325402122221
45,8,65,5343.80721601558,65,208.251043626459,65,-2686.27763771629,65,1442.26567148276
45,8,70,5477.88755445383,70,-242.617283526916,70,-2979.8599497158,70,1956.63504031853
45,8,75,5552.00886449117,75,-635.002521724054,75,-3289.25530758526,75,2503.03943138187
45,8,80,5555.88048621879,80,-963.075521257031,80,-3596.4372038887,80,3072.72648133737
45,8,85,5482.95758628131,85,-1222.83616749357,85,-3879.57599794009,85,3658.80755500961
45,8,90,5332.18579943686,90,-1410.34448545454,90,-4114.6547990626,90,4255.44859181579
50,8,0,3480.57683877487,0,5729.04672681299,0,-1243.37647581495,0,384.850722435461
50,8,5,3393.6741817405,5,5744.94867349788,5,-1327.53960040088,5,155.507869077163
50,8,10,3325.5996347658,10,5671.80440283805,10,-1387.51996666374,10,-67.3771133329708
50,8,15,3286.89897546082,15,5510.33369972012,15,-1422.50286128705,15,-267.627671898202
50,8,20,3289.15687289275,20,5263.76432474077,20,-1435.47089042645,20,-429.989958648389
50,8,25,3342.35789248947,25,4936.94311659631,25,-1433.72916222313,25,-540.820880532303
50,8,30,3452.12043487983,30,4536.05735980023,30,-1428.32908321797,30,-588.68578387791
50,8,35,3617.72735529608,35,4069.1373302455,35,-1432.52939881542,35,-564.925768292689
50,8,40,3831.69567421095,40,3547.04823052196,40,-1459.76692784599,40,-464.216484476445
50,8,45,4081.03899472712,45,2984.30448664623,45,-1521.75732906419,45,-285.056862710854
50,8,50,4349.63457361314,50,2398.96682892043,50,-1627.20726355331,50,-30.0444649887306
50,8,55,4620.6247027444,55,1811.21618611333,55,-1781.24091101348,55,294.256382124872
50,8,60,4877.87417289444,60,1240.83459553947,60,-1985.23285331339,60,678.036610183676
50,8,65,5106.15601060549,65,704.450943528066,65,-2236.55497211588,65,1109.62174723856
50,8,70,5290.57080375257,70,213.661245615732,70,-2527.92606580673,70,1577.33890795719
50,8,75,5416.21344943349,75,-225.175673115675,75,-2846.50379786114,75,2071.41419297615
50,8,80,5468.98184757488,80,-609.393281433029,80,-3173.29581630262,80,2585.2578272236
50,8,85,5437.76965960542,85,-937.407241548019,85,-3483.60706782565,85,3115.55585564176
50,8,90,5317.49920440524,90,-1206.1348766965,90,-3748.98719172072,90,3660.9268951322
55,8,0,3083.38942261248,0,6184.25511466008,0,-1166.06314325754,0,394.823677649595
55,8,5,3002.1601796459,5,6195.14175525566,5,-1236.87516347839,5,158.329105431793
55,8,10,2934.67331454638,10,6121.66434755178,10,-1281.08735815491,10,-71.9289479763036
55,8,15,2893.3109161535,15,5964.57893019913,15,-1296.30965591621,15,-281.041489259412
55,8,20,2892.50639831322,20,5726.02258666876,20,-1284.75703721,20,-454.638735465514
55,8,25,2945.21261890356,25,5408.57879971837,25,-1253.90812405199,25,-579.398782579311
55,8,30,3059.10267886034,30,5015.46014876363,30,-1215.76254329699,30,-643.63571366096
55,8,35,3233.93497894736,35,4551.90709017233,35,-1184.92019293214,35,-638.107120535656
55,8,40,3461.24338989054,40,4027.1607625104,40,-1176.1599160084,40,-557.009730098461
55,8,45,3726.52442004252,45,3455.85087247871,45,-1202.36847380983,45,-398.915685161898
55,8,50,4012.84019214041,50,2857.68188026832,50,-1273.41179569315,50,-167.288066391849
55,8,55,4303.99579934655,55,2254.99839790681,55,-1395.93604207211,55,129.75034207329
55,8,60,4585.74201163621,60,1668.892029544,60,-1573.47767635629,60,480.566814687206
55,8,65,4844.71214754969,65,1115.39942420811,65,-1806.06244869083,65,872.01797059753
55,8,70,5066.26983773952,70,603.471296627825,70,-2088.87378890954,70,1291.92905285179
55,8,75,5233.18779282147,75,135.618572554231,75,-2410.3584263345,75,1731.40271421105
55,8,80,5326.64034804838,80,-289.113113140313,80,-2750.806795796,80,2186.18821171387
55,8,85,5329.70104051398,85,-671.213930642438,85,-3082.55667499004,85,2656.50423637869
55,8,90,5232.20866045379,90,-1007.48502607107,90,-3372.45087127812,90,3145.14475447645
60,8,0,2810.11635143584,0,6430.37112311814,0,-1082.77451640915,0,407.424373410602
60,8,5,2734.49130805396,5,6435.85802103618,5,-1142.57028493686,5,171.797292316426
60,8,10,2666.73051940159,10,6364.47628187442,10,-1173.84404068378,10,-58.1913950303861
60,8,15,2620.7661470625,15,6216.95047178656,15,-1173.06074424955,15,-268.969749271075
60,8,20,2613.6689546408,20,5993.86464877339,20,-1141.86183634725,20,-447.094867765393
60,8,25,2661.16886417194,25,5694.75105428081,25,-1087.78608331344,25,-579.539174871511
60,8,30,2772.69734570587,30,5318.97202379,30,-1023.34073198826,30,-654.252743762038
60,8,35,2948.02595340487,35,4868.35629374058,35,-963.753506886203,35,-661.274895820697
60,8,40,3177.21673523895,40,4350.42772086179,40,-924.300079152359,40,-594.287264463135
60,8,45,3444.07639734423,45,3780.38890203073,45,-918.268791055856,45,-452.080556768062
60,8,50,3731.34885680182,50,3180.2930320275,50,-956.204859924583,50,-239.266631576602
60,8,55,4024.75453954491,55,2575.10115774991,55,-1046.2196726471,55,34.2228568637017
60,8,60,4313.60477675557,60,1987.01161255276,60,-1194.35873448927,60,354.907905296116
60,8,65,4587.86509416337,65,1430.58441944734,65,-1403.87175980808,65,708.454810874634
60,8,70,4833.86552844203,70,910.976351626794,70,-1672.9393380116,70,1082.64479920422
60,8,75,5031.81214341571,75,426.07722271263,75,-1991.59274843761,75,1469.81502654499
60,8,80,5157.24427372146,80,-28.5964611936658,80,-2339.43736468166,80,1868.02108934165
60,8,85,5186.36828395919,85,-454.592501217809,85,-2685.76323098895,85,2280.45251574599
60,8,90,5103.22665969514,90,-847.044849888847,90,-2992.7327409287,90,2713.09142232584
65,8,0,2663.04695747147,0,6500.33218231775,0,-993.603864833568,0,423.000121500325
65,8,5,2592.7316906602,5,6500.5360253715,5,-1043.55924546741,5,191.848036279029
65,8,10,2524.43731535989,10,6433.27410632217,10,-1063.96785009913,10,-34.4736789708749
65,8,15,2473.21590090621,15,6299.14607888865,15,-1050.69182515778,15,-243.470817657603
65,8,20,2458.29461702258,20,6096.77158718428,20,-1005.00148410108,20,-422.447299075727
65,8,25,2497.68881739193,25,5821.9775541227,25,-934.277624978645,25,-558.555127347355
65,8,30,2602.06880903772,30,5469.60599172199,30,-850.904741112276,30,-639.325091146122
65,8,35,2770.68296548613,35,5037.69256721667,35,-769.825371319342,35,-654.124382326424
65,8,40,2991.70939492107,40,4532.16279963965,40,-705.855329529696,40,-596.32533979191
65,8,45,3247.24506252084,45,3969.35709300312,45,-671.955418706113,45,-465.291143788872
65,8,50,3520.31996533608,50,3374.3317691588,50,-679.035935973632,50,-267.143111643553
65,8,55,3799.77070798833,55,2774.9268991924,55,-736.784664072538,55,-13.7612797363064
65,8,60,4079.89414477959,60,2194.02891353363,60,-854.116647441121,60,279.780113821504
65,8,65,4355.0933897905,65,1643.76698758444,65,-1037.84582079401,65,598.569527550391
65,8,70,4613.06852262104,70,1124.56318213401,70,-1289.26225025554,70,931.041111991182
65,8,75,4831.17597024198,75,629.394375126782,75,-1599.85054076093,75,1271.14643081147
65,8,80,4978.71551780667,80,150.938277022303,80,-1948.35051307103,80,1618.98625359161
65,8,85,5024.53929079277,85,-311.900035272775,85,-2301.06131807609,85,1979.74510027031
65,8,90,4946.76653578056,90,-750.808105409444,90,-2615.9559635237,90,2361.13005461306
70,8,0,2636.56320924887,0,6425.58529517932,0,-898.913195016391,0,440.320604977978
70,8,5,2571.11284187805,5,6420.98769656712,5,-939.768737102262,5,214.203604959711
70,8,10,2502.47930435368,10,6359.34225326011,10,-951.192586715158,10,-7.86984516522465
70,8,15,2446.35532487308,15,6241.01094606721,15,-928.975112708409,15,-214.039753489523
70,8,20,2423.43521674408,20,6062.3383996477,20,-874.158592072254,20,-392.053551756359
70,8,25,2453.25305547462,25,5815.02165606159,25,-793.639117207965,25,-529.103095396426
70,8,30,2547.0025101007,30,5489.02453458317,30,-698.921526213883,30,-612.349171702223
70,8,35,2702.87089189095,35,5078.50203109821,35,-603.674519919606,35,-630.747553741289
70,8,40,2906.93314934026,40,4588.0537975079,40,-521.34829470263,40,-577.807603276306
70,8,45,3139.80399746627,45,4035.65437736259,45,-464.047627879311,45,-453.970291656511
70,8,50,3385.49291767837,50,3449.74571587952,50,-443.007323917062,50,-267.204558795806
70,8,55,3636.93123875459,55,2860.97619056945,55,-469.787516465787,55,-31.2795350837968
70,8,60,3894.31876995098,60,2292.32240084057,60,-556.471500937359,60,237.673439629024
70,8,65,4157.03385523138,65,1752.67611552979,65,-713.428673329335,65,525.005531565347
70,8,70,4414.23393462748,70,1237.27032217138,70,-944.662605627958,70,820.559435637979
70,8,75,4640.29283060861,75,734.520502330179,75,-1242.55030959316,75,1120.15075562569
70,8,80,4798.26727012113,80,235.474691134591,80,-1584.64818734829,80,1425.42578238207
70,8,85,4849.9815605563,85,-258.821556027116,85,-1934.54927706969,85,1742.36424754403
70,8,90,4768.20447213728,90,-735.027777717493,90,-2247.0275114533,90,2078.81274783152
75,8,0,2719.40416463949,0,6232.59657637877,0,-799.867748052973,0,457.225664826809
75,8,5,2658.20945885631,5,6223.93511575661,5,-832.331578329415,5,235.068452131825
75,8,10,2589.56748648047,10,6168.8568396062,10,-836.648994835629,10,16.4137394252513
75,8,15,2529.40138357241,15,6067.34548370283,15,-808.992992586856,15,-187.031460862193
75,8,20,2499.09439971249,20,5913.2944354495,20,-750.235628097373,20,-363.130455414321
75,8,25,2518.7461895057,25,5694.15364636118,25,-666.380282376638,25,-499.007882695317
75,8,30,2599.22309198813,30,5395.04966850517,30,-567.262088070858,30,-581.632346217104
75,8,35,2737.1676543562,35,5006.49503270317,35,-464.36047933908,35,-600.006018427474
75,8,40,2916.58067533883,40,4532.11490034731,40,-369.065431433407,40,-548.38758065842
75,8,45,3117.08845692046,45,3991.77128799847,45,-292.407400697635,45,-428.824959573299
75,8,50,3324.39536813979,50,3417.21253930115,50,-246.192499468437,50,-251.314938778864
75,8,55,3536.1274872314,55,2841.40726871022,55,-244.255248075462,55,-31.189591182291
75,8,60,3758.62755281469,60,2286.73882070594,60,-301.970694621185,60,215.1239253456
75,8,65,3996.14701343513,65,1758.42878613951,65,-432.840645050083,65,474.122820170991
75,8,70,4239.15568932082,70,1246.76207649371,70,-642.716627746689,70,737.64209582097
75,8,75,4459.25216906985,75,736.623015217452,75,-924.005990709506,75,1003.32600353073
75,8,80,4614.02318344981,80,218.962702803901,80,-1252.76137800253,80,1273.645844713
75,8,85,4659.46930812306,85,-301.519607980577,85,-1590.4223732399,85,1554.16342145312
75,8,90,4564.2288220158,90,-805.433552787586,90,-1889.94791711415,90,1851.49776396443
80,8,0,2895.89478766658,0,5940.90375740904,0,-698.450550617671,0,471.351176519783
80,8,5,2838.12777828822,5,5929.11661263157,5,-723.316318471836,5,251.51873146273
80,8,10,2769.5811543837,10,5881.10173334756,10,-722.332220351212,10,35.0617176951193
80,8,15,2706.1611295731,15,5796.276682422,15,-692.408749855453,15,-166.036666290585
80,8,20,2669.21248648717,20,5666.05222946943,20,-634.220207320234,20,-339.478568184233
80,8,25,2678.39891281983,25,5473.8614372331,25,-552.431687328013,25,-472.303041998671
80,8,30,2743.37298795376,30,5200.47556788195,30,-454.489618157999,30,-551.608705255387
80,8,35,2858.84805987916,35,4833.3288423006,35,-348.987571960974,35,-567.049150873068
80,8,40,3007.01570920867,40,4375.43075637906,40,-244.896667861375,40,-514.289714608928
80,8,45,3167.20530389601,45,3848.41861930585,45,-152.297108972463,45,-397.3810532385
80,8,50,3327.44300509103,50,3286.70698249258,50,-84.0134249693702,50,-228.247729532969
80,8,55,3490.1647732994,55,2724.68372596379,55,-56.5075011335855,55,-23.1772361911741
80,8,60,3667.38454302254,60,2183.49269979553,60,-88.2778416918693,60,201.973848515699
80,8,65,3867.56353012393,65,1664.78407358856,65,-195.136977755107,65,435.57055353624
80,8,70,4082.26200125141,70,1154.89310635931,70,-383.610524320655,70,671.662591159244
80,8,75,4280.97954005537,75,636.768703707613,75,-645.196656033945,75,909.321288804541
80,8,80,4417.38772895655,80,102.865657534118,80,-954.27681659603,80,1150.96436347361
80,8,85,4443.61521706028,85,-437.407661358879,85,-1270.94599579757,85,1400.68525678999
80,8,90,4325.85351849463,90,-958.350983222295,90,-1547.93686325897,90,1662.95050004669
85,8,0,3146.1277766416,0,5562.69834488192,0,-597.103213190105,0,480.68021882381
85,8,5,3090.72314106923,5,5548.91425231528,5,-615.264036684256,5,261.607456262644
85,8,10,3021.90133346267,10,5508.18129049825,10,-610.590107177198,10,46.2872085548753
85,8,15,2955.49490010334,15,5439.09580821776,15,-580.967752316667,15,-152.669712166438
85,8,20,2912.24086936837,20,5330.68468634312,20,-526.77193824012,20,-322.625740292518
85,8,25,2910.46496839881,25,5162.92843294871,25,-450.907229819836,25,-450.654217457513
85,8,30,2957.80932811083,30,4913.14270241133,30,-357.895639791818,30,-524.454083682316
85,8,35,3046.81703571352,35,4566.53024999492,35,-253.091626350305,35,-535.00796011276
85,8,40,3158.31064040674,40,4125.79586857428,40,-143.089782143854,40,-479.952317168447
85,8,45,3272.07750765832,45,3613.84106429226,45,-37.4326207581284,45,-365.465078939051
85,8,50,3378.87594236323,50,3066.57580524477,50,49.5541391020432,50,-204.958652865688
85,8,55,3485.55008239695,55,2518.59511855051,55,98.661117656334,55,-14.8489099634955
85,8,60,3608.70792122967,60,1989.31121282113,60,88.8043501385956,60,190.393154488818
85,8,65,3759.99345744512,65,1477.46850304313,65,2.9821058798835,65,401.39604520697
85,8,70,3931.92763161906,70,967.096844589013,70,-164.759136732423,70,614.203323968368
85,8,75,4093.08017930906,75,441.13835999232,75,-404.238348767324,75,828.580341595274
85,8,80,4195.3912106355,80,-105.027318965761,80,-688.279206856253,80,1045.96711074089
85,8,85,4189.56050413909,85,-656.838394069554,85,-976.648355206545,85,1268.21995791847
85,8,90,4041.24454439128,90,-1182.80959420222,90,-1223.4507910138,90,1497.24743334676
90,8,0,3445.43075140897,0,5103.78369039018,0,-498.231354418183,0,483.781596934264
90,8,5,3391.16796241086,5,5089.32592256885,5,-510.754298090156,5,264.278393039435
90,8,10,3321.22286348065,10,5056.02218817265,10,-503.800191157317,10,49.4127369761451
90,8,15,3251.42984844925,15,5001.32156420458,15,-476.317496272356,15,-147.300095475309
90,8,20,3201.53859351893,20,4912.06470698149,20,-428.226279461781,20,-312.829610673259
90,8,25,3187.84558174216,25,4765.61073567797,25,-360.356388946214,25,-434.564019442535
90,8,30,3215.39913997246,30,4537.04076683309,30,-274.070983569438,30,-501.388582678129
90,8,35,3274.52114057955,35,4210.36337445776,35,-171.562066011389,35,-506.26355581996
90,8,40,3345.20474891535,40,3788.20698088771,40,-57.4802375952533,40,-449.141874736602
90,8,45,3408.36279964119,45,3293.89501642842,45,58.5984898604748,45,-338.108896393695
90,8,50,3457.57610655515,50,2763.29603069359,50,160.525011353918,50,-187.322060114612
90,8,55,3503.23210290069,55,2229.87164021897,55,226.60656858148,55,-12.4171208384214
90,8,60,3565.06307836141,60,1711.0457866601,60,234.085277210117,60,174.122909057856
90,8,65,3656.75417477358,65,1203.78902427566,65,166.028664683868,65,365.175008551913
90,8,70,3771.87091948559,70,691.857870289609,70,18.1281438416255,70,558.15803085759
90,8,75,3879.62355788439,75,160.156840746831,75,-197.354565280985,75,752.611111725596
90,8,80,3932.77417833704,80,-391.955822860043,80,-452.144857105351,80,948.177849621911
90,8,85,3883.23055342781,85,-944.950916128451,85,-706.833887805414,85,1144.06248788447
90,8,90,3698.03412506768,90,-1462.75580362365,90,-918.357387823881,90,1339.69862236695
95,8,0,3763.67264451575,0,4565.65663058339,0,-403.79197859268,0,479.725102237928
95,8,5,3709.38845999737,5,4552.01731448668,5,-412.092289253634,5,259.167921336572
95,8,10,3637.27858297084,10,4526.37511683535,10,-404.193065186369,10,44.5476124662185
95,8,15,3563.25405520506,15,4484.66529807213,15,-379.992577203232,15,-149.52685647251
95,8,20,3505.83092053548,20,4411.81064960379,20,-338.780850919252,20,-309.713530392911
95,8,25,3478.83862000906,25,4283.54191541776,25,-279.208849334371,25,-424.126611468709
95,8,30,3484.45087648843,30,4074.09013559864,30,-199.650990165144,30,-483.447398569043
95,8,35,3510.94863321059,35,3767.36184279886,35,-99.6693989502394,35,-483.107480891527
95,8,40,3538.07422909305,40,3366.03791586518,40,17.2969022730304,40,-425.415414470026
95,8,45,3548.33499513413,45,2892.84190463681,45,141.083745288352,45,-319.820499187186
95,8,50,3537.87159622526,50,2381.96229633892,50,253.72595428099,50,-180.317067889738
95,8,55,3519.42367385084,55,1864.48259752086,55,331.759052063244,55,-20.9569123736673
95,8,60,3514.24863151728,60,1355.84655008055,60,351.949433987286,60,148.028109104169
95,8,65,3537.04268237511,65,852.640226150878,65,298.635184494545,65,321.350059826484
95,8,70,3582.74632172095,70,340.427324336861,70,169.854800168914,70,496.93768018181
95,8,75,3622.99195865077,75,-192.204961965805,75,-20.1222668043638,75,673.20745643228
95,8,80,3613.9795848559,80,-741.344027324672,80,-242.716416197462,80,847.458657546566
95,8,85,3511.37297115247,85,-1283.23272351119,85,-460.54455040976,85,1016.2303138351
95,8,90,3285.34819646361,90,-1778.89894393267,90,-634.588327098224,90,1176.97566671304
100,8,0,4065.04610295935,0,3948.35080554784,0,-315.101896826206,0,467.763341857875
100,8,5,4009.95870482754,5,3937.09250956803,5,-321.116939080459,5,246.324727806332
100,8,10,3934.95665608229,10,3919.45369531381,10,-313.69927302998,10,32.3318329860819
100,8,15,3855.93680247309,15,3889.52745189098,15,-293.362653046917,15,-158.462190637302
100,8,20,3789.95177085749,20,3830.65350496441,20,-258.62428369823,20,-312.609354301795
100,8,25,3748.15141173322,25,3717.97296388118,25,-206.151885179598,25,-419.398552969736
100,8,30,3729.8864061767,30,3526.22349391606,30,-131.952933359426,30,-471.792231275827
100,8,35,3721.82560745677,35,3240.19775547329,35,-33.8898517493815,35,-467.903578007688
100,8,40,3704.04740061861,40,2862.65411720669,40,84.9334954962137,40,-412.105798284778
100,8,45,3660.89487190807,45,2414.70837970455,45,213.398197449442,45,-314.460809679734
100,8,50,3590.5204404154,50,1927.42525532438,50,332.143725412809,50,-187.931941873202
100,8,55,3506.70207506046,55,1428.57265650313,55,417.035130068199,55,-44.4704283008136
100,8,60,3430.74892847612,60,931.861540938054,60,445.679396567535,60,107.81233858663
100,8,65,3377.59849383127,65,434.88020363531,65,404.643589153512,65,264.756760408794
100,8,70,3344.078000453,70,-73.2137285481832,70,294.534871604543,70,423.900216710605
100,8,75,3305.98261195519,75,-598.917457260277,75,131.086812391203,75,581.884410899107
100,8,80,3225.31529592316,80,-1133.70746501001,80,-57.8540199102499,80,733.533759608218
100,8,85,3063.70156718441,85,-1650.76489121915,85,-238.067591085128,85,873.142601276142
100,8,90,2795.88336915962,90,-2110.1900329119,90,-375.468447841161,90,997.005783772832
105,8,0,4308.88031347257,0,3253.54952504956,0,-232.916171626104,0,446.934585370046
105,8,5,4252.95292250612,5,3246.11185860248,5,-239.10996504764,5,225.851030309205
105,8,10,4175.21257319792,10,3236.77782875016,10,-233.752845846521,10,13.6188306270801
105,8,15,4091.15401342442,15,3217.63115507572,15,-217.456229498239,15,-173.026453362944
105,8,20,4016.03522221661,20,3170.85814827348,20,-187.915433626744,20,-320.825888230417
105,8,25,3958.26628434168,25,3071.99391646198,25,-140.343828443982,25,-420.594386825592
105,8,30,3914.72094495517,30,2897.42804486726,30,-69.4015916002116,30,-467.773343481686
105,8,35,3871.1078485848,35,2633.57538046432,35,27.5737104234223,35,-462.994691755796
105,8,40,3808.43093524429,40,2283.1978818491,40,146.980658986372,40,-412.126458512703
105,8,45,3712.94265119026,45,1864.98991900328,45,276.680472949753,45,-325.062629804313
105,8,50,3584.13723164016,50,1405.89052396491,50,396.712294130751,50,-213.117469149813
105,8,55,3435.630069727,55,929.863282484581,55,483.584185901409,55,-86.0304957972044
105,8,60,3287.63517068288,60,449.301603050385,60,516.962691009421,60,49.7248989739103
105,8,65,3154.8713336134,65,-36.0671231814553,65,486.221700441819,65,190.294060953627
105,8,70,3036.60427975219,70,-532.272992558745,70,394.275582359725,70,332.10634323801
105,8,75,2914.22025753643,75,-1040.30866905241,75,257.41863716741,75,469.796075539861
105,8,80,2757.34781759193,80,-1547.48755311977,80,101.639629601723,80,596.086072441212
105,8,85,2535.21006454672,85,-2025.37370355627,85,-42.935462870382,85,703.872165559849
105,8,90,2228.09511777279,90,-2435.18130301981,90,-147.621955680958,90,789.342135399185
110,8,0,4451.76713202586,0,2487.40025055199,0,-157.743195902026,0,415.772742643657
110,8,5,4395.99106117295,5,2484.8340592623,5,-166.819668157523,5,197.499668971697
110,8,10,4316.95179346241,10,2483.77777662427,10,-165.1177552186,10,-10.9939693392236
110,8,15,4229.02775864806,15,2474.43396424532,15,-152.762250063767,15,-192.416053031068
110,8,20,4145.19928859901,20,2438.40639983607,20,-126.721769639169,20,-334.027297146983
110,8,25,4071.15513052941,25,2352.48467630555,25,-81.5577285653312,25,-428.296781905591
110,8,30,4001.84054413726,30,2195.5122767377,30,-11.8260622109888,30,-472.947570972604
110,8,35,3922.80268736564,35,1955.91364373231,35,84.4698125286179,35,-470.588833686926
110,8,40,3816.56216105912,40,1636.29644979826,40,202.614762482765,40,-427.852866353153
110,8,45,3671.30272001205,45,1252.43101146196,45,329.702632786518,45,-353.837793999527
110,8,50,3487.27960103418,50,826.696414667749,50,446.180134023399,50,-257.977938430301
110,8,55,3277.07422162364,55,379.241275769239,55,530.469034099583,55,-148.099419653044
110,8,60,3059.10190593758,60,-78.379606532848,60,565.208399273835,60,-29.7317454957093
110,8,65,2847.67427086852,65,-543.594762967125,65,542.719624969265,65,92.8470910458946
110,8,70,2644.9133653125,70,-1017.13048437229,70,467.586866781465,70,214.607275374041
110,8,75,2438.67062795703,75,-1494.5863286138,75,355.604195004194,75,328.446881377594
110,8,80,2207.23985126355,80,-1959.99890917685,80,229.901249802259,80,425.84592836087
110,8,85,1928.3167655292,85,-2384.87465210853,85,115.945755346772,85,499.479756640809
110,8,90,1588.15662624172,90,-2733.43113446804,90,37.058009464494,90,546.561940263998
115,8,0,4450.88071534134,0,1662.56613700859,0,-90.2916230797441,0,372.305977349396
115,8,5,4397.33513002335,5,1665.27604300648,5,-104.654606435828,5,160.345261535499
115,8,10,4319.75345581975,10,1671.84601221607,10,-107.926974318456,10,-41.7194480368329
115,8,15,4230.47222918846,15,1671.10618559721,15,-99.2697280268342,15,-216.712523195041
115,8,20,4139.62383359902,20,1644.81669511991,20,-75.180085580995,20,-352.721435377409
115,8,25,4050.24062561629,25,1571.7270088563,25,-30.4861528933142,25,-443.719309121517
115,8,30,3955.97593710945,30,1433.54742954624,30,39.1602158243791,30,-489.129892536163
115,8,35,3843.04549777089,35,1220.73980867191,35,134.135341468042,35,-492.721864063168
115,8,40,3696.05843001257,40,935.545662050238,40,248.323919172163,40,-461.153635841258
115,8,45,3505.20828774917,45,590.647234725365,45,368.538397980804,45,-402.370907618112
115,8,50,3271.19660195052,50,203.96994863554,50,476.618535889393,50,-324.091117415525
115,8,55,3005.1653789864,55,-207.778502073465,55,553.870098037564,55,-232.80844854463
115,8,60,2723.49173977334,60,-633.459439430068,60,586.369811729437,60,-133.805743465465
115,8,65,2440.07051157837,65,-1067.47374742421,65,569.132973807698,65,-32.2219554277944
115,8,70,2160.01209754083,70,-1505.50172444772,70,507.597833999525,70,65.5638562342236
115,8,75,1877.79231562485,75,-1938.51063480837,75,416.098269104331,75,151.448217187209
115,8,80,1580.48089514248,80,-2348.46724593397,80,314.252080896757,80,216.859309068418
115,8,85,1254.24522109064,85,-2708.31796680557,85,222.808108420196,85,255.548527427517
115,8,90,891.117136671295,90,-2986.80485615131,90,160.292743162961,90,266.749392112292
120,8,0,4268.03002471338,0,799.378046011758,0,-31.887781095952,0,314.469997608918
120,8,5,4219.60313486437,5,806.996635142728,5,-53.0959311882311,5,112.740903373346
120,8,10,4147.10542182014,10,819.798545361063,10,-62.1411751128788,10,-79.9443588532428
120,8,15,4059.93993264672,15,826.102887331112,15,-57.0218034285576,15,-247.340683485698
120,8,20,3964.90982159019,20,808.696399517535,20,-34.1465150540738,20,-378.603203809527
120,8,25,3862.53320121688,25,748.831212350074,25,10.5679550591966,25,-468.835201061889
120,8,30,3745.79989017403,30,631.157292687105,30,79.4963062295393,30,-518.347491220509
120,8,35,3602.33056653326,35,447.92639921287,35,170.878742533517,35,-531.166496651096
120,8,40,3419.32084349182,40,200.797786888118,40,277.27102942646,40,-513.372128111451
120,8,45,3189.14602234946,45,-100.511764425019,45,385.778995826641,45,-471.684376949607
120,8,50,2912.96857641266,50,-442.039672647792,50,480.375002904229,50,-412.527126085222
120,8,55,2600.5583221937,55,-809.945139948587,55,545.745933920262,55,-341.703821502568
120,8,60,2266.40502409519,60,-1193.25451073507,60,571.396544849538,60,-264.734295223991
120,8,65,1924.04843650803,65,-1583.67427052657,65,554.524405906726,65,-187.64546222651
120,8,70,1581.35331064308,70,-1972.74313866333,70,500.669307058405,70,-117.621515731477
120,8,75,1238.83215128345,75,-2348.05791635091,75,422.097110580219,75,-62.7434772977076
120,8,80,891.509765258487,80,-2690.88122718172,80,334.783911826103,80,-30.3909006880245
120,8,85,533.158826285393,85,-2976.86289760127,85,255.251054016673,85,-24.6325578332617
120,8,90,160.822732699924,90,-3180.2473629433,90,198.251329299909,90,-43.6191142097829
125,8,0,3873.94697298779,0,-73.6687523719985,0,15.3240497807059,0,240.941271362294
125,8,5,3833.69838622584,5,-62.1620098943926,5,-13.2815877837705,5,52.7934851540941
125,8,10,3769.92876560468,10,-45.0556044138073,10,-28.4685430063074,10,-128.000868882359
125,8,15,3688.54616251293,15,-33.4953942112958,15,-27.2465823775042,15,-286.909660399808
125,8,20,3592.85678658546,20,-42.7883069791783,20,-6.37157358374918,20,-414.317992653776
125,8,25,3481.16190184885,25,-88.8031919590103,25,36.6178414662843,25,-506.012442842759
125,8,30,3346.35867567242,30,-184.101286972668,30,101.761095309277,30,-562.389040928359
125,8,35,3178.01798475757,35,-335.011354246194,35,185.171918264078,35,-586.966420399377
125,8,40,2966.26602207707,40,-540.610624736695,40,278.453086485647,40,-584.861012460752
125,8,45,2705.86462964282,45,-793.830944666817,45,369.528898497894,45,-561.685816167467
125,8,50,2398.69632634734,50,-1084.01039998282,50,444.875324475467,50,-523.034186517598
125,8,55,2053.56347509177,55,-1399.60992494293,55,492.561733006696,55,-474.480318047489
125,8,60,1683.4585598134,60,-1729.82296659485,60,505.138790278134,60,-421.903460460364
125,8,65,1301.60579986364,65,-2064.42840681389,65,481.408299353473,65,-371.839915597775
125,8,70,918.040705778578,70,-2392.18134830942,70,426.533475130098,70,-331.46042981018
125,8,75,538.095978613558,75,-2698.8562443888,75,350.612884108004,75,-307.787332835032
125,8,80,163.165606054772,80,-2966.35601466204,80,266.417018089947,80,-306.045594391226
125,8,85,-206.941425132215,85,-3173.92996425512,85,187.186424903657,85,-327.52762209872
125,8,90,-571.376032969101,90,-3301.67437603911,90,125.150144382855,90,-367.773901850873
130,8,0,3252.64094489397,0,-919.760646235029,0,48.5569553249594,0,152.217494285858
130,8,5,3222.93780097161,5,-905.64819115008,5,12.4583107476099,5,-20.5488164539595
130,8,10,3170.57527590598,10,-886.152502144086,10,-9.44848894674011,10,-188.06067516307
130,8,15,3097.96161049432,15,-870.920578887649,15,-13.697116012022,15,-338.071686658686
130,8,20,3005.22048280485,20,-872.646997674831,20,2.21447678571174,20,-462.294032361255
130,8,25,2888.9627723735,25,-904.128835434222,25,38.977590034426,25,-556.855328119938
130,8,30,2742.50387112871,30,-975.385271975799,30,94.4836471412864,30,-621.68322767692
130,8,35,2557.67579381272,35,-1091.65892049061,35,163.199909333519,35,-659.326135018253
130,8,40,2327.65112604194,40,-1252.79266279304,40,236.352136968951,40,-673.783809325186
130,8,45,2049.6887197778,45,-1453.94504511005,45,303.084664394149,45,-669.732653178479
130,8,50,1726.69875143584,50,-1687.10670574201,50,352.404467714967,50,-652.231224285023
130,8,55,1367.0237579796,55,-1942.63975751738,55,375.403987586065,55,-626.751783203549
130,8,60,982.593715434354,60,-2210.17815779885,60,367.121144264163,60,-599.279568137938
130,8,65,586.266323149464,65,-2478.63125354579,65,327.498285816079,65,-576.218413157912
130,8,70,189.414052619901,70,-2735.54345318612,70,261.219130561657,70,-563.887354738389
130,8,75,-199.41404836115,75,-2966.46427505833,75,176.608925068074,75,-567.498813649551
130,8,80,-574.496644099263,80,-3155.09803481009,80,84.0945470059823,80,-589.713697520455
130,8,85,-931.968589029936,85,-3284.76143207746,85,-5.21040380529724,85,-629.140383983815
130,8,90,-1268.61719691551,90,-3341.15726609371,90,-80.4298064643731,90,-679.350881379194
135,8,0,2406.02934307487,0,-1694.15437387351,0,64.98739270143,0,51.5888513592554
135,8,5,2387.74689187105,5,-1678.43272701059,5,20.4897364844777,5,-106.028123298666
135,8,10,2347.79405064225,10,-1657.76245412323,10,-10.0542978743676,10,-260.298618385463
135,8,15,2285.68231638203,15,-1639.67240860922,15,-23.3867655088076,15,-401.510467469677
135,8,20,2199.16579477263,20,-1633.88791279658,20,-18.0162017056242,20,-522.752634071904
135,8,25,2083.92467212845,25,-1650.15503010133,25,5.18796538107202,25,-620.368845103599
135,8,30,1934.15642678356,30,-1696.21139379107,30,42.5754542725761,30,-693.63541784579
135,8,35,1744.04270219171,35,-1776.41109368431,35,87.7472629751854,35,-744.022736129239
135,8,40,1509.65718235299,40,-1891.23938957349,40,132.208897939396,40,-774.443932912583
135,8,45,1230.65002003401,45,-2037.61934612846,45,166.608424676127,45,-788.748992875794
135,8,50,911.102232245948,50,-2209.6624265989,50,182.312259970772,50,-791.495651627415
135,8,55,559.260175354861,55,-2399.44683430263,55,172.94210990603,55,-787.849653330959
135,8,60,186.283351970865,60,-2597.52635470402,60,135.496246349553,60,-783.405811322341
135,8,65,-195.522378519932,65,-2793.1054708402,65,70.8062891134486,65,-783.764618623815
135,8,70,-574.395288371652,70,-2974.05991048518,70,-16.7084738235366,70,-793.796123968611
135,8,75,-940.269700299129,75,-3127.14131330142,75,-119.811108712507,75,-816.640721766524
135,8,80,-1285.22361079933,80,-3238.71552803039,80,-229.4291552627,80,-852.626894344632
135,8,85,-1603.37745684138,85,-3296.22546508708,85,-335.544082375779,85,-898.408067575446
135,8,90,-1890.6021938523,90,-3290.28019450592,90,-427.829056670236,90,-946.679902725296
140,8,0,1358.9186173395,0,-2346.17468070657,0,62.6797750308631,0,-54.4524539837019
140,8,5,1351.06888987269,5,-2329.09821886654,5,6.53721315374037,5,-198.842967561524
140,8,10,1322.78157617862,10,-2307.27899699754,10,-37.0994565062523,10,-341.06829846004
140,8,15,1271.72308346258,15,-2285.99533619867,15,-65.7979507337305,15,-473.863575433657
140,8,20,1194.4193703095,20,-2272.08167098838,20,-79.1587959017726,20,-591.697586895644
140,8,25,1086.50632452607,25,-2272.48780873245,25,-79.1626588075072,25,-691.213506066155
140,8,30,943.464554493656,30,-2292.93294523198,30,-70.1994368684155,30,-771.18304959037
140,8,35,761.73112191523,35,-2336.94715222157,35,-58.6706243798661,35,-832.172744507959
140,8,40,539.898217648479,40,-2405.41818577045,40,-52.161012684034,40,-876.147928576609
140,8,45,279.635119374138,45,-2496.57975097068,45,-58.3059015925019,45,-906.153311093392
140,8,50,-13.9587389925763,50,-2606.26532037129,50,-83.5791353349643,50,-926.075484120453
140,8,55,-332.678134519847,55,-2728.2439109923,55,-132.254580601222,55,-940.392565008116
140,8,60,-666.10843536646,60,-2854.53261604005,60,-205.74112214629,60,-953.794716963133
140,8,65,-1002.83160112731,65,-2975.69377122878,65,-302.381734910468,65,-970.610969479814
140,8,70,-1331.63331808267,70,-3081.21878576185,70,-417.68100203409,70,-994.065679243483
140,8,75,-1642.47071154036,75,-3160.13936646645,75,-544.825798778594,75,-1025.47604489769
140,8,80,-1927.10013608671,80,-3201.97393861772,80,-675.324708011124,80,-1063.56937145614
140,8,85,-2179.41039499879,85,-3198.01520866949,85,-799.626322480862,85,-1104.1315611033
140,8,90,-2395.59467368981,90,-3142.81779433293,90,-907.668679601629,90,-1140.17973008938
145,8,0,163.443764495696,0,-2824.30309720006,0,41.541886409921,0,-156.726828358791
145,8,5,163.49910543723,5,-2805.29420231073,5,-32.8318663849323,5,-290.4340842938
145,8,10,145.095003298477,10,-2781.2023663368,10,-97.1553528004361,10,-422.187524554814
145,8,15,105.241681548786,15,-2755.37146911547,15,-150.154109121494,15,-546.829101998643
145,8,20,40.4034985756242,20,-2732.20930966334,20,-192.386259287863,20,-660.14455779716
145,8,25,-53.0162972465761,25,-2716.33842803791,25,-226.390738413587,25,-759.254027813805
145,8,30,-177.984204074135,30,-2711.76238820401,30,-256.514283226753,30,-842.736009204367
145,8,35,-336.054496391022,35,-2721.20517830325,35,-288.401726445378,35,-910.560976116314
145,8,40,-526.673957590565,40,-2745.69461041706,40,-328.212279067896,40,-963.927904345927
145,8,45,-746.753173340683,45,-2784.37773401492,45,-381.696107506392,45,-1005.060131617
145,8,50,-990.623769758507,50,-2834.51133151221,50,-453.302045937082,50,-1036.9598063192
145,8,55,-1250.40133575513,55,-2891.57326500473,55,-545.474591518432,55,-1063.08192765483
145,8,60,-1516.6739548173,60,-2949.47553042339,60,-658.242817858495,60,-1086.89207400899
145,8,65,-1779.37145454752,65,-3000.89984157207,65,-789.12771788678,65,-1111.3127985092
145,8,70,-2028.65772696328,70,-3037.79746235196,70,-933.3248135394,70,-1138.12056871957
145,8,75,-2255.72283685725,75,-3052.08524147769,75,-1084.07718686997,75,-1167.40349203695
145,8,80,-2453.41146544859,80,-3036.53002953349,80,-1233.15027423,80,-1197.21327084676
145,8,85,-2616.68126944082,85,-2985.75301022317,85,-1371.34996962569,85,-1223.53543712247
145,8,90,-2742.91519042662,90,-2897.21927679121,90,-1489.07326901019,90,-1240.65845233503
150,8,0,-1099.28704234938,0,-3084.96058714597,0,3.92962936651562,0,-244.859337226554
150,8,5,-1094.38619378885,5,-3063.01952410417,5,-98.3396115472533,5,-369.776762029063
150,8,10,-1104.46957224782,10,-3035.05892770763,10,-193.502365213133,10,-492.130875308639
150,8,15,-1132.19513702916,15,-3003.06315466262,15,-281.378638826612,15,-608.401817137844
150,8,20,-1180.28563588888,20,-2969.69691018887,20,-363.143563999793,20,-715.542811216447
150,8,25,-1251.05496967777,25,-2937.86170624801,25,-441.339748993149,25,-811.281414017078
150,8,30,-1345.87853928977,30,-2910.21932529063,30,-519.643386435878,30,-894.290470969401
150,8,35,-1464.69894291915,35,-2888.76183646508,35,-602.402948759678,35,-964.238436997664
150,8,40,-1605.66741763474,40,-2874.47709267022,40,-694.017951866548,40,-1021.74025871141
150,8,45,-1765.00264162881,45,-2867.12921676104,45,-798.260689193547,45,-1068.22305910674
150,8,50,-1937.10631683724,50,-2865.15753179719,50,-917.654054737198,50,-1105.70799457368
150,8,55,-2114.92308273138,55,-2865.69665110749,55,-1053.00066229356,55,-1136.50535451204
150,8,60,-2290.48748798646,60,-2864.72758475821,60,-1203.11986074435,60,-1162.83192332409
150,8,65,-2455.57538616914,65,-2857.37364169663,65,-1364.80412378347,65,-1186.38496242402
150,8,70,-2602.37490794141,70,-2838.34734023188,70,-1532.969361967,70,-1207.93515553448
150,8,75,-2724.10800452433,75,-2802.53356203178,75,-1700.95460605608,75,-1227.01910119388
150,8,80,-2815.55702980294,80,-2745.6638804486,80,-1860.92703540987,80,-1241.81184489452
150,8,85,-2873.47098114831,85,-2665.00498964663,85,-2004.36274429552,85,-1249.23893571682
150,8,90,-2896.83568579239,90,-2559.95921358223,90,-2122.59131759852,90,-1245.34843408334
155,8,0,-2323.22740944013,0,-3103.40622253237,0,-45.4136252310345,0,-309.371281958953
155,8,5,-2315.74133529177,5,-3077.88265928259,5,-186.558257040376,5,-425.927768681592
155,8,10,-2317.60554220062,10,-3045.06317287255,10,-323.37327217465,10,-538.947227745965
155,8,15,-2330.59296997875,15,-3006.16519459805,15,-456.350178139688,15,-646.065986293409
155,8,20,-2356.23433771146,20,-2962.80190443239,20,-586.791851473227,20,-745.171203994088
155,8,25,-2395.48299091376,25,-2916.77579343876,25,-716.749251756637,25,-834.595789210262
155,8,30,-2448.3877961101,30,-2869.83106587188,30,-848.806254123981,30,-913.254112092047
155,8,35,-2513.83192624736,35,-2823.402286386,35,-985.734613852336,35,-980.706279873132
155,8,40,-2589.38950832089,40,-2778.39150948044,40,-1130.0668459187,40,-1037.14653461379
155,8,45,-2671.33450973378,45,-2734.99944106707,45,-1283.65106196904,45,-1083.31571983689
155,8,50,-2754.8110505081,50,-2692.63104243633,50,-1447.25428723563,50,-1120.34172146284
155,8,55,-2834.14814537459,55,-2649.89253123546,55,-1620.26951026941,55,-1149.51860333145
155,8,60,-2903.28121433887,60,-2604.69263329517,60,-1800.56099704512,60,-1172.04594159143
155,8,65,-2956.23157684,65,-2554.45325801995,65,-1984.4589866484,65,-1188.76252526366
155,8,70,-2987.59395806289,70,-2496.42199205174,70,-2166.89530598607,70,-1199.91869854339
155,8,75,-2992.98802647471,75,-2428.06190387613,75,-2341.65965261743,75,-1205.03446232826
155,8,80,-2969.43889077662,80,-2347.47634256322,80,-2501.75260897924,80,-1202.88308743154
155,8,85,-2915.65953684094,85,-2253.8120153053,85,-2639.81295889483,85,-1191.62235391535
155,8,90,-2832.21359029549,90,-2147.57673426127,90,-2748.59901086566,90,-1169.07038936428
160,8,0,-3388.88625917425,0,-2882.91707336865,0,-100.167483843184,0,-343.661014072984
160,8,5,-3379.21622279648,5,-2854.25359761118,5,-289.67275847454,5,-450.812420760126
160,8,10,-3370.9467024729,10,-2817.15510508165,10,-476.867712501448,10,-553.632203199754
160,8,15,-3364.90049604054,15,-2772.49942920424,15,-662.292883017262,15,-650.494422634639
160,8,20,-3361.54737289968,20,-2721.37726300486,20,-846.848361452985,20,-739.940056953203
160,8,25,-3360.82993654363,25,-2665.00355938976,25,-1031.70471147452,25,-820.778597952595
160,8,30,-3362.01460507493,30,-2604.60209638674,30,-1218.13995978273,30,-892.163405757801
160,8,35,-3363.59698229114,35,-2541.27919015619,35,-1407.31783063025,35,-953.629579427908
160,8,40,-3363.28483089661,40,-2475.90417933667,40,-1600.03391121571,40,-1005.08769558381
160,8,45,-3358.07135955314,45,-2409.0141587351,45,-1796.46331423489,45,-1046.77189827075
160,8,50,-3344.39871603666,50,-2340.75880786922,50,-1995.94428283006,50,-1079.1465261577
160,8,55,-3318.39907266586,55,-2270.89795144776,55,-2196.82725147284,55,-1102.78167865477
160,8,60,-3276.19082910019,60,-2198.85937205739,60,-2396.40974905933,60,-1118.21428765458
160,8,65,-3214.20160786099,65,-2123.85720022726,65,-2590.96662233956,65,-1125.81620009595
160,8,70,-3129.48802709899,70,-2045.06233467862,70,-2775.87472321805,70,-1125.69298559637
160,8,75,-3020.02385388766,75,-1961.80693555246,75,-2945.82299623971,75,-1117.63538273617
160,8,80,-2884.93177660935,80,-1873.79679612627,80,-3095.09323114361,80,-1101.138976686
160,8,85,-2724.63857026861,85,-1781.30019122284,85,-3217.89301480342,85,-1075.49742430998
160,8,90,-2540.93835240755,90,-1685.28112691733,90,-3308.71955028646,90,-1039.96190884466
165,8,0,-4181.28250563158,0,-2457.83819157591,0,-153.785248828133,0,-345.159609143007
165,8,5,-4167.73927019909,5,-2427.8450448724,5,-396.730069818303,5,-441.017974427444
165,8,10,-4145.96275009681,10,-2388.92834733714,10,-638.251625886188,10,-532.322713587731
165,8,15,-4116.12847660287,15,-2341.82522578206,15,-878.334730139632,15,-617.874236053477
165,8,20,-4078.12333040875,20,-2287.39564133184,20,-1117.04116152841,20,-696.60538662689
165,8,25,-4031.49025737681,25,-2226.5839927176,25,-1354.4319470499,25,-767.622582551726
165,8,30,-3975.39500404734,30,-2160.37013799353,30,-1590.46478295907,30,-830.235642540257
165,8,35,-3908.6256342533,35,-2089.71564631516,35,-1824.87486655758,35,-883.971436278593
165,8,40,-3829.63236870559,40,-2015.51247080088,40,-2057.0514477836,40,-928.568561160283
165,8,45,-3736.61062289566,45,-1938.54165710399,45,-2285.92475777555,45,-963.952904859725
165,8,50,-3627.62475763852,50,-1859.44905464047,50,-2509.87821908176,50,-990.196878589774
165,8,55,-3500.76485570046,55,-1778.74324650784,55,-2726.69899618455,55,-1007.46793490934
165,8,60,-3354.32455871628,60,-1696.8181439896,60,-2933.57639484721,60,-1015.97427693028
165,8,65,-3186.9851575252,65,-1613.9991461908,65,-3127.15299951454,65,-1015.9169628097
165,8,70,-2997.98993480503,70,-1530.60787221341,70,-3303.62844466367,70,-1007.45752074202
165,8,75,-2787.29314747183,75,-1447.0368166135,75,-3458.91093645898,75,-990.708508486584
165,8,80,-2555.66977580577,80,-1363.82251419512,80,-3588.80746195065,80,-965.751247809368
165,8,85,-2304.77497906789,85,-1281.70452615307,85,-3689.24023059294,85,-932.680621251505
165,8,90,-2037.14584781307,90,-1201.65818216491,90,-3756.47435094563,90,-891.671991788638
170,8,0,-4610.26236321514,0,-1888.08799188309,0,-200.967349947289,0,-315.336786393962
170,8,5,-4589.896446159,5,-1859.53281342458,5,-495.996086627323,5,-397.93131818604
170,8,10,-4551.37461513935,10,-1822.56224488831,10,-789.278345285916,10,-476.433910641644
170,8,15,-4494.67847908018,15,-1777.79092109971,15,-1079.84992459515,15,-549.894010456506
170,8,20,-4419.67908216545,20,-1725.92736800705,20,-1366.71436961947,20,-617.463249923255
170,8,25,-4326.13811303064,25,-1667.75513870858,25,-1648.79890966377,25,-678.410344758027
170,8,30,-4213.72178616903,30,-1604.1116621499,30,-1924.90794246071,30,-732.131553534603
170,8,35,-4082.0292827407,35,-1535.86637750717,35,-2193.67772533317,35,-778.155738737952
170,8,40,-3930.63644822711,40,-1463.90003349977,40,-2453.53674978779,40,-816.143666942581
170,8,45,-3759.15393937805,45,-1389.08706649178,45,-2702.67663108769,45,-845.88191571881
170,8,50,-3567.29737714901,50,-1312.28269598871,50,-2939.03814211941,50,-867.2725081216
170,8,55,-3354.96550447273,55,-1234.31579841779,55,-3160.31624520016,55,-880.320047382024
170,8,60,-3122.32106727102,60,-1155.98779697477,60,-3363.98669008776,60,-885.118552487169
170,8,65,-2869.86829590202,65,-1078.0768410601,65,-3547.35508019637,65,-881.840299961633
170,8,70,-2598.52056779531,70,-1001.34558438975,70,-3707.62743219361,70,-870.728700887811
170,8,75,-2309.65212297887,75,-926.550065496035,75,-3841.9993526843,75,-852.096585548656
170,8,80,-2005.1285658062,80,-854.44670079924,80,-3947.75920906738,80,-826.330297095871
170,8,85,-1687.31225189266,85,-785.794337841555,85,-4022.39923807628,85,-793.898838179546
170,8,90,-1359.04042356892,90,-721.348745663885,90,-4063.72754417881,90,-755.36614427734
175,8,0,-4627.43609355976,0,-1246.40421252446,0,-238.809989594978,0,-258.819508544912
175,8,5,-4597.69653018068,5,-1222.08984018841,5,-577.575362104744,5,-326.568211246275
175,8,10,-4541.37163203324,10,-1190.92103835548,10,-913.292762437556,10,-391.227705977262
175,8,15,-4458.63595803101,15,-1153.32562860623,15,-1243.9751986636,15,-452.070509957604
175,8,20,-4349.75806525137,20,-1109.81036269393,20,-1567.62133904916,20,-508.433522360947
175,8,25,-4215.1085961944,25,-1060.95097019669,25,-1882.2100214362,25,-559.726803253769
175,8,30,-4055.17185727612,30,-1007.38141696827,30,-2185.69681525355,30,-605.440706761763
175,8,35,-3870.56050766471,35,-949.782672573014,35,-2476.0136135687,35,-645.151305938594
175,8,40,-3662.03271645592,40,-888.871282055268,40,-2751.07218044485,40,-678.524119167545
175,8,45,-3430.51088411586,45,-825.388009925136,45,-3008.77245173648,45,-705.316219582045
175,8,50,-3177.10078501891,50,-760.086772679029,50,-3247.01618187071,50,-725.376869975966
175,8,55,-2903.10979723737,55,-693.724005334201,55,-3463.72624998509,55,-738.646866256491
175,8,60,-2610.06276748396,60,-627.048526201373,60,-3656.87159955657,60,-745.156784963004
175,8,65,-2299.71403278976,65,-560.791884385523,65,-3824.49740780535,65,-745.02431069669
175,8,70,-1974.05419860756,70,-495.659109686865,70,-3964.75969228891,70,-738.450768320904
175,8,75,-1635.31045917357,75,-432.319747463244,75,-4075.96319344281,75,-725.716908750686
175,8,80,-1285.93953394888,80,-371.399061587277,80,-4156.60105524001,80,-707.177907378125
175,8,85,-928.612667877762,85,-313.469332039841,85,-4205.39459099949,85,-683.257445871058
175,8,90,-566.192578449527,90,-259.041258810499,90,-4221.33129159796,90,-654.440678307568
180,8,0,-4234.78639807262,0,-602.871563606425,0,-267.302553985874,0,-182.299416554623
180,8,5,-4195.37480468,5,-584.689014242719,5,-635.371340968812,5,-234.149431144494
180,8,10,-4124.0338757872,10,-562.056628435747,10,-998.604568399269,10,-284.217427180064
180,8,15,-4021.30655893991,15,-535.146652307305,15,-1354.23781209028,15,-332.122356979619
180,8,20,-3887.97467104781,20,-504.163887024422,20,-1699.56448832014,20,-377.499635101595
180,8,25,-3725.05294828574,25,-469.344130138805,25,-2031.95645256879,25,-420.003913059937
180,8,30,-3533.78132333875,30,-430.952381025099,30,-2348.88400128454,30,-459.311707634598
180,8,35,-3315.61548876565,35,-389.280824075628,35,-2647.93512445557,35,-495.123862774167
180,8,40,-3072.21581829967,40,-344.646605000755,40,-2926.83386246256,40,-527.167826354061
180,8,45,-2805.43473040181,45,-297.389417158516,45,-3183.4576275056,45,-555.199724462766
180,8,50,-2517.30259023778,50,-247.868916283059,50,-3415.85335777905,50,-579.006217429549
180,8,55,-2210.01225737318,55,-196.461983287346,55,-3622.25238145115,55,-598.40612346818
180,8,60,-1885.90239678808,60,-143.559855971828,60,-3801.08387732463,60,-613.251797579722
180,8,65,-1547.43968022443,65,-89.5651514685524,65,-3950.98682973446,65,-623.430255220122
180,8,70,-1197.20001332464,70,-34.888802081684,70,-4070.82038669894,70,-628.864032180816
180,8,75,-837.848931434315,75,20.0530721554605,75,-4159.67254249209,75,-629.511774138131
180,8,80,-472.121313268762,80,74.8423304051257,80,-4216.86707855792,80,-625.368551384654
180,8,85,-102.80056683459,85,129.061993329375,85,-4241.96870994197,85,-616.465896347283
180,8,90,267.302553985875,90,182.299416554623,90,-4234.78639807262,90,-602.871563606424
185,8,0,3482.81027044591,0,12.18140469688,0,289.024133023469,0,93.8493557031427
185,8,5,3436.93778786516,5,0.657922722143774,5,667.726489190594,5,129.343932919605
185,8,10,3357.7789059056,10,-12.3883472914708,10,1039.95667593175,10,164.525496417665
185,8,15,3246.15798945326,15,-27.0967740044006,15,1402.65004894424,15,199.596480636576
185,8,20,3103.16922989186,20,-43.683402626953,20,1752.84750421047,20,234.703493653203
185,8,25,2930.16594068291,25,-62.4256575508259,25,2087.71736062218,25,269.918287486386
185,8,30,2728.74874806104,30,-83.6429644176959,30,2404.57706975166,30,305.22287429754
185,8,35,2500.75223015036,35,-107.674410087158,35,2700.91488560618,35,340.499625773549
185,8,40,2248.22951914376,40,-134.854716491601,40,2974.4114111722,40,375.526880478764
185,8,45,1973.43441745834,45,-165.489873426849,45,3222.96072254286,45,409.98024849772
185,8,50,1678.80068396485,50,-199.833755544072,50,3444.69057819007,50,443.439468854006
185,8,55,1366.91830866212,55,-238.066946458425,55,3637.98106988339,55,475.400365875769
185,8,60,1040.50679730365,60,-280.278819911055,60,3801.48097769546,60,505.29118544789
185,8,65,702.385712344884,65,-326.453700572273,65,3934.12106394638,65,532.492385949063
185,8,70,355.442942612986,70,-376.461664381385,70,4035.12358350137,70,556.358821273877
185,8,75,2.60138083896884,75,-430.054260430505,75,4104.00739826119,75,576.243188661917
185,8,80,-353.21514320366,80,-486.86516296962,80,4140.58825386916,80,591.519620520072
185,8,85,-709.115711424574,85,-546.415510829425,85,4144.97399320927,85,601.606370446979
185,8,90,-1062.2749355941,90,-608.123476942011,90,4117.55472649467,90,605.986668570587
190,8,0,2459.45738551745,0,-492.7123334187,0,308.06840736992,0,2.75992956143598
190,8,5,2413.87596054821,5,-498.129606622357,5,676.55007131121,5,22.2318414444889
190,8,10,2337.65867315191,10,-501.882889391801,10,1037.68612853035,10,43.0633570089245
190,8,15,2231.58823984086,15,-504.503822131687,15,1388.69916648488,15,66.3196220031614
190,8,20,2096.63269108623,20,-506.786869564678,20,1726.87345687937,20,92.8823151823304
190,8,25,1933.962507508,25,-509.736150899288,25,2049.55090855772,25,123.387609891988
190,8,30,1744.97111556291,30,-514.498933143576,30,2354.13787787357,30,158.180439323877
190,8,35,1531.29455467808,35,-522.290744348649,35,2638.12371518318,35,197.287562098258
190,8,40,1294.82635106964,40,-534.317405545978,40,2899.11058175735,40,240.410492208913
190,8,45,1037.72418986519,45,-551.699211372543,45,3134.85290024123,45,286.93794517981
190,8,50,762.40576197415,50,-575.402050619605,50,3343.30385391865,50,335.976156352385
190,8,55,471.532088598287,55,-606.179507597413,55,3522.6656421098,55,386.394326510624
190,8,60,167.977633729172,60,-644.528994638504,60,3671.4397354875,60,436.881607169102
190,8,65,-145.212437108364,65,-690.663817245346,65,3788.47316618684,65,486.011498650641
190,8,70,-464.876441668056,70,-744.501857099263,70,3872.99695661899,70,532.30932512612
190,8,75,-787.799393038902,75,-805.670370439853,75,3924.65316778112,75,574.318575107746
190,8,80,-1110.78193618326,80,-873.525334859828,80,3943.50775140542,80,610.662328969242
190,8,85,-1430.71103504817,85,-947.18291994236,85,3930.04740656801,85,640.096683722099
190,8,90,-1744.62808232728,90,-1025.56006818556,90,3885.15990684967,90,661.553951472249
195,8,0,1273.65990911057,0,-900.060324751925,0,328.430959292883,0,-80.5927567134349
195,8,5,1237.29614534628,5,-900.172350307189,5,665.315476984311,5,-75.8516897796175
195,8,10,1176.2631456962,10,-895.320658855991,10,995.156408304457,10,-67.7254787671802
195,8,15,1090.81819756519,15,-886.582551795037,15,1316.06240658183,15,-54.0524761695972
195,8,20,981.252917608266,20,-875.555200875506,20,1626.02524513095,20,-33.0685371130905
195,8,25,847.985300206496,25,-864.230394184983,25,1922.87121276766,25,-3.52696971510019
195,8,30,691.654713581499,30,-854.844451038068,30,2204.24847283718,30,35.2204844372257
195,8,35,513.208265862559,35,-849.715613504527,35,2467.64949973445,35,83.1852135844138
195,8,40,313.9696067504,40,-851.081141087111,40,2710.46484978316,40,139.746341265687
195,8,45,95.6841176042411,45,-860.94553397823,45,2930.06284677087,45,203.696071639154
195,8,50,-139.463052484836,50,-880.949946494622,50,3123.8889088346,50,273.320964189876
195,8,55,-388.857797992849,55,-912.270999681947,55,3289.57769453275,55,346.512122880984
195,8,60,-649.497100612901,60,-955.554877040102,60,3425.07057419258,60,420.895454510093
195,8,65,-918.057535761285,65,-1010.88981491024,65,3528.73000347682,65,493.971853989402
195,8,70,-1190.99003190955,70,-1077.81698931377,70,3599.44142060484,70,563.25663140598
195,8,75,-1464.63668428536,75,-1155.37659630514,75,3636.69281713867,75,626.407912261413
195,8,80,-1735.36295621896,80,-1242.18298699423,80,3640.62272583253,80,681.335208299182
195,8,85,-1999.69606673856,85,-1336.52046216005,85,3612.02943309552,85,726.281768308223
195,8,90,-2254.45839936601,90,-1436.45009856508,90,3552.33779793889,90,759.877360459379
200,8,0,38.1272881206195,0,-1214.11626719985,0,352.33392428093,0,-145.550284030286
200,8,5,19.7378201033277,5,-1209.10066303541,5,636.842290331774,5,-153.581267794989
200,8,10,-15.0674334672735,10,-1195.83525206932,10,915.897453288539,10,-155.787132345009
200,8,15,-67.0968259027015,15,-1176.17731163387,15,1189.06137059793,15,-148.787091457876
200,8,20,-137.269241527137,20,-1152.79724588136,20,1455.44908218211,20,-129.900073088069
200,8,25,-226.392014616991,25,-1128.94277599012,25,1713.6322266052,25,-97.3234544996395
200,8,30,-334.954998549661,30,-1108.17143525509,30,1961.61811036497,30,-50.2441731024729
200,8,35,-462.963183078826,35,-1094.07225040772,35,2196.89362610641,35,11.1200838754185
200,8,40,-609.819356332735,40,-1089.995359566,40,2416.52017562899,40,85.5486880157771
200,8,45,-774.258615727934,45,-1098.80635506209,45,2617.26725556706,45,170.911502283633
200,8,50,-954.330605490146,50,-1122.68070910945,50,2795.77614544498,50,264.32196430658
200,8,55,-1147.42403554584,55,-1162.95234407244,55,2948.74815775509,55,362.340330339662
200,8,60,-1350.33020529815,60,-1220.02827967164,60,3073.15176219857,60,461.213003314526
200,8,65,-1559.34542561411,65,-1293.37729453629,65,3166.43887917892,65,557.12892556827
200,8,70,-1770.41366289126,70,-1381.59419485788,70,3226.75408301019,70,646.470157091065
200,8,75,-1979.30861568317,75,-1482.53308272194,75,3253.114172012,75,726.032632096106
200,8,80,-2181.84863971698,80,-1593.49444977452,80,3245.53265875277,80,793.195850773117
200,8,85,-2374.12999842278,85,-1711.44402513825,85,3205.0663575361,85,846.027010816975
200,8,90,-2552.75640172753,90,-1833.23792602378,90,3133.76977714242,90,883.314640347925
205,8,0,-1144.68152409003,0,-1448.44733504574,0,379.129807413656,0,-182.945176718339
205,8,5,-1138.95517075059,5,-1437.47741605217,5,591.986967047657,5,-202.202942739674
205,8,10,-1140.12729544809,10,-1415.2441246303,10,802.118675065457,10,-212.966203156633
205,8,15,-1150.54600606739,15,-1384.64456343064,15,1011.08120494053,15,-210.629120226944
205,8,20,-1172.75120350906,20,-1349.64864753313,20,1219.503088606,20,-191.632545530896
205,8,25,-1209.06399101348,25,-1314.92728555042,25,1426.95191190083,25,-153.68735768314
205,8,30,-1261.24212913802,30,-1285.45800089272,30,1631.93149954122,30,-95.9078876894852
205,8,35,-1330.23996380724,35,-1266.13262963713,35,1831.97326187419,35,-18.8591181097667
205,8,40,-1416.08137388774,40,-1261.38356412228,40,2023.78498788248,40,75.4806882979518
205,8,45,-1517.82886599377,45,-1274.84162472578,45,2203.43369550227,45,183.844551349725
205,8,50,-1633.61900595635,50,-1309.04144643422,50,2366.55828335923,50,301.893116251422
205,8,55,-1760.73670422979,55,-1365.19711055197,55,2508.62212836658,55,424.522824287926
205,8,60,-1895.71482984868,60,-1443.07647421288,60,2625.21716670653,60,546.253407281151
205,8,65,-2034.46290054517,65,-1541.00139431446,65,2712.41735233124,65,661.664178584581
205,8,70,-2172.44006774363,70,-1655.98927976776,70,2767.15598043433,70,765.831146029231
205,8,75,-2304.88741110493,75,-1784.03010015372,75,2787.57830468798,75,854.707324682489
205,8,80,-2427.12229989147,80,-1920.46769213557,80,2773.3084456123,80,925.392088948449
205,8,85,-2534.87796633296,85,-2060.4330024476,85,2725.57379704006,85,976.252939418976
205,8,90,-2624.65176010897,90,-2199.26702785111,90,2647.15065503623,90,1006.89061427239
210,8,0,-2191.33809781162,0,-1620.21230261598,0,405.327126309623,0,-187.36022746735
210,8,5,-2159.56533340829,5,-1601.79962535372,5,529.977564287174,5,-218.38898252795
210,8,10,-2124.78082550982,10,-1569.8226420187,10,655.499192135943,10,-238.42663462794
210,8,15,-2091.15042224675,15,-1528.40628462786,15,785.968953561203,15,-241.686735051519
210,8,20,-2063.03431397299,20,-1482.88319937246,20,923.909952897746,20,-223.755358125132
210,8,25,-2044.33628186927,25,-1439.28552408706,25,1070.1400595024,25,-181.832656365422
210,8,30,-2037.99983428473,30,-1403.85497759454,30,1223.82504060354,30,-114.880548838721
210,8,35,-2045.71573839525,35,-1382.58941428587,35,1382.65075553585,35,-23.6979088153572
210,8,40,-2067.84289309408,40,-1380.8182299069,40,1543.03442120376,40,89.0730123135819
210,8,45,-2103.48970187986,45,-1402.79033758487,45,1700.33431106192,45,219.031897227424
210,8,50,-2150.67604677613,50,-1451.2742636139,50,1849.0704999524,50,360.24045922517
210,8,55,-2206.50485057583,55,-1527.20442653535,55,1983.20851993256,55,505.617918965575
210,8,60,-2267.30923291823,60,-1629.44272505538,60,2096.56098802624,60,647.520743169817
210,8,65,-2328.78647211774,65,-1754.7383489254,65,2183.32503976446,65,778.462254859896
210,8,70,-2386.16141486124,70,-1897.94748018613,70,2238.71190586378,70,891.8727545464
210,8,75,-2434.42620350919,75,-2052.52064038775,75,2259.56763437032,75,982.767343669551
210,8,80,-2468.68050379941,80,-2211.19713746107,80,2244.85691911727,80,1048.19270520519
210,8,85,-2484.55846345605,85,-2366.78924987242,85,2195.89666354053,85,1087.3674007228
210,8,90,-2478.69110459081,90,-2512.91513680062,90,2116.27540688424,90,1101.49977166802
215,8,0,-3041.00436591206,0,-1746.36022910433,0,425.833606957053,0,-158.797608750463
215,8,5,-2985.64895051137,5,-1719.21671984215,5,450.208291531124,5,-205.742792515449
215,8,10,-2917.76636470469,10,-1677.40397099965,10,479.682307136378,10,-239.759616509842
215,8,15,-2843.30308281746,15,-1626.30749055176,15,521.336133638926,15,-253.870673734474
215,8,20,-2768.34742794047,20,-1572.45845231824,20,579.934068131622,20,-242.744746033661
215,8,25,-2698.21956361919,25,-1522.90069192812,25,657.771122732451,25,-202.91653037207
215,8,30,-2636.79986068173,30,-1484.66881517282,30,754.823515008426,30,-132.924259144426
215,8,35,-2586.19999951176,35,-1464.384539178,35,869.039756455105,35,-33.4358079257488
215,8,40,-2546.77714907122,40,-1467.90286029369,40,996.622133324752,40,92.6153442804345
215,8,45,-2517.3939700293,45,-1499.90684608018,45,1132.23176612103,45,239.945938128626
215,8,50,-2495.77564936583,50,-1563.39043459762,50,1269.16418312242,50,401.023148686118
215,8,55,-2478.82914542106,55,-1659.07153788128,55,1399.62551070201,55,566.491704713477
215,8,60,-2462.85736035975,60,-1784.89067509051,60,1515.24263946121,60,725.997812504056
215,8,65,-2443.68517040689,65,-1935.80756624415,65,1607.85588440277,65,869.346806300714
215,8,70,-2416.77390193296,70,-2104.06855018232,70,1670.50975962611,70,987.794222987378
215,8,75,-2377.41208657527,75,-2279.98931490958,75,1698.44315412091,75,1075.18967806553
215,8,80,-2321.03615010231,80,-2453.13334110147,80,1689.84025959303,80,1128.70547589654
215,8,85,-2243.67789296912,85,-2613.63674211738,85,1646.15370358116,85,1148.98330667685
215,8,90,-2142.48237907867,90,-2753.38722454128,90,1571.92299690181,90,1139.68446272749
220,8,0,-3655.31231520675,0,-1841.45859225393,0,435.90432096613,0,-102.762112736506
220,8,5,-3582.08742436118,5,-1805.36757942506,5,354.386756950845,5,-173.809676446818
220,8,10,-3488.08233008709,10,-1754.97829205761,10,282.661406811282,10,-230.641862596684
220,8,15,-3380.59022535813,15,-1696.7984958753,15,231.16998833371,15,-264.949152306859
220,8,20,-3266.96646283878,20,-1638.21706633677,20,207.170033273283,20,-270.343630801197
220,8,25,-3153.51763278884,25,-1586.72336691088,25,214.584832316448,25,-242.491183510543
220,8,30,-3044.68952497281,30,-1549.40799295392,30,254.280652028797,30,-179.163455400823
220,8,35,-2942.70424098329,35,-1532.7645189266,35,324.507715936838,35,-80.4000093749544
220,8,40,-2847.66241168568,40,-1542.61268139906,40,421.258360085259,40,51.1332075316415
220,8,45,-2757.98682668218,45,-1583.85329858167,45,538.438870955359,45,209.707133318649
220,8,50,-2670.99959813173,50,-1659.84113823133,50,667.953909853437,50,386.3201888151
220,8,55,-2583.4318582984,55,-1771.40798305968,55,799.951586964286,55,569.064978302598
220,8,60,-2491.75207010107,60,-1915.85288300908,60,923.477637186067,60,744.264917006513
220,8,65,-2392.3159642414,65,-2086.3707067531,65,1027.62293962084,65,898.281762185065
220,8,70,-2281.42893019372,70,-2272.31192260649,70,1103.00130768107,70,1019.60471061486
220,8,75,-2155.4364280379,75,-2460.38360024816,75,1143.19756163968,75,1100.68231781903
220,8,80,-2010.92479812885,80,-2636.55056889765,80,1145.78439374762,80,1139.01241977741
220,8,85,-1845.05551062025,85,-2788.14055693602,85,1112.63600517163,85,1137.22737343204
220,8,90,-1656.0023905765,90,-2905.60293566163,90,1049.49131242942,90,1102.20294420443
225,8,0,-4016.50085532418,0,-1916.40931251316,0,432.89028793597,0,-28.5203486268374
225,8,5,-3932.52883857027,5,-1872.60586704349,5,247.657078538186,5,-134.810764338792
225,8,10,-3821.82094988798,10,-1816.25802193914,10,77.192693462829,10,-225.932847848609
225,8,15,-3692.16958132743,15,-1754.75042382754,15,-64.5626305549873,15,-291.986374137574
225,8,20,-3551.31121662503,20,-1695.9610387263,20,-167.749522059329,20,-325.40077196523
225,8,25,-3405.80285412913,25,-1647.21513671197,25,-226.755088812628,25,-320.871586393997
225,8,30,-3260.17369765796,30,-1614.79862721309,30,-239.817593445149,30,-275.168992052748
225,8,35,-3116.52304563652,35,-1604.1385455999,35,-208.434767084045,35,-187.251444809704
225,8,40,-2974.62070641917,40,-1620.29926969593,40,-136.929078756194,40,-58.9244207243663
225,8,45,-2832.42343038328,45,-1668.14830353393,45,-32.3195470941897,45,104.147250231539
225,8,50,-2686.81113358989,50,-1751.66179098482,50,95.6571111757635,50,291.676617265125
225,8,55,-2534.31571774319,55,-1872.35075148587,55,234.76773218732,55,488.950699763797
225,8,60,-2371.66858721645,60,-2027.40197255613,60,371.137859237023,60,678.383396618916
225,8,65,-2196.09619938884,65,-2208.46183876099,65,490.862270568022,65,842.242213853535
225,8,70,-2005.39494059625,70,-2401.83106875679,70,582.088342632393,70,965.827162947211
225,8,75,-1797.8790654456,75,-2590.26625831934,75,636.983559236088,75,1040.15862847821
225,8,80,-1572.31020021745,80,-2755.91187869418,80,652.969515759092,80,1063.40705807868
225,8,85,-1327.90020303056,85,-2883.45003025839,85,632.865693236732,85,1040.74357058518
225,8,90,-1064.45035644076,90,-2962.52976656746,90,583.984670197507,90,982.782633936387
230,8,0,-4125.10764492561,0,-1977.55387635153,0,416.990513186369,0,53.7601990370016
230,8,5,-4037.18708859881,5,-1928.42125527269,5,137.939227901102,5,-99.6004702225243
230,8,10,-3919.97278572219,10,-1869.46809017027,10,-121.3910721459,10,-236.609672114621
230,8,15,-3780.5630469595,15,-1808.70585563989,15,-343.686146742153,15,-345.508785215421
230,8,20,-3625.77319929191,20,-1754.25792140516,20,-516.510439522223,20,-417.538659853366
230,8,25,-3461.3511587816,25,-1712.80448745085,25,-632.545128039251,25,-446.526410964377
230,8,30,-3291.31414785038,30,-1689.00142985604,30,-689.151636556801,30,-428.218973315655
230,8,35,-3117.51262112699,35,-1686.20431132022,35,-687.684303208129,35,-360.203099693978
230,8,40,-2939.53591020417,40,-1707.90753171688,40,-632.98783732651,40,-242.925529576651
230,8,45,-2755.0334002951,45,-1758.66278823307,45,-533.282015654611,45,-81.5256246537138
230,8,50,-2560.43173123403,50,-1843.39659786486,50,-400.242803636347,50,112.584595749331
230,8,55,-2351.90271992116,55,-1964.99556129219,55,-248.759753306026,55,321.655402522923
230,8,60,-2126.33054060116,60,-2121.19009099577,60,-95.8289323452368,60,523.728784136676
230,8,65,-1882.0031538895,65,-2302.38637154333,65,41.587455790917,65,696.597473605416
230,8,70,-1618.84143131996,70,-2491.77219422981,70,149.319121715029,70,822.337144429491
230,8,75,-1338.14788589064,75,-2667.96630400941,75,218.503351549638,75,890.900318955145
230,8,80,-1042.02998926794,80,-2809.32435365291,80,246.980031364912,80,901.702211255548
230,8,85,-732.760201481294,85,-2898.36436900384,85,239.11561499124,85,862.938832700545
230,8,90,-412.346256396034,90,-2924.86793480176,90,204.229692714163,90,789.117335163936
235,8,0,-3997.48597393268,0,-2026.14262941535,0,390.762406127851,0,135.771709809883
235,8,5,-3911.03121135104,5,-1974.42201242009,5,33.8066346045056,5,-74.6883294751132
235,8,10,-3797.00902857777,10,-1916.10426111943,10,-298.95453703049,10,-266.905211221808
235,8,15,-3660.43909574872,15,-1859.64458660936,15,-587.1618054644,15,-427.127452159371
235,8,20,-3505.61278899485,20,-1813.3406415092,20,-815.889840633865,20,-545.55740923999
235,8,25,-3336.14916768294,25,-1782.93767895698,25,-976.066960995279,25,-615.416886496662
235,8,30,-3154.86708609885,30,-1770.77322719921,30,-1064.1614519201,30,-631.568292537987
235,8,35,-2963.34929500828,35,-1777.18641817116,35,-1081.51936669205,35,-590.097720077636
235,8,40,-2761.36246084476,40,-1803.29502883515,40,-1033.79958441513,40,-489.759474071885
235,8,45,-2546.55017658022,45,-1853.0448946069,45,-930.768857816867,45,-334.860672914728
235,8,50,-2314.83472913422,50,-1932.63016393255,50,-786.31147362338,50,-137.879292031257
235,8,55,-2061.65529216909,55,-2046.98111926616,55,-618.088495682885,55,80.1894191383889
235,8,60,-1783.68164950576,60,-2194.98482409137,60,-446.180144701869,60,292.761174311048
235,8,65,-1480.29376374787,65,-2366.10444663014,65,-290.455404599079,65,473.166794587991
235,8,70,-1154.16123049995,70,-2540.44426192024,70,-167.166748923671,70,600.705964426194
235,8,75,-810.675419857936,75,-2692.53103445811,75,-85.8888908780219,75,665.030291301713
235,8,80,-456.516253058728,80,-2797.29011325734,80,-47.9694319038562,80,667.537118050481
235,8,85,-97.9776448139458,85,-2835.85710223315,85,-47.0721009143767,85,619.775996248634
235,8,90,260.297844175845,90,-2799.22403517843,90,-71.5165569595881,90,539.860879633861
240,8,0,-3662.7614688034,0,-2058.41786878695,0,357.78248520107,0,212.691506571079
240,8,5,-3581.54284060018,5,-2006.35932780841,5,-57.9735568421089,5,-61.4258904141152
240,8,10,-3479.1120317407,10,-1951.20995492794,10,-446.022217396689,10,-314.600075777549
240,8,15,-3357.0524918386,15,-1901.74285746818,15,-783.351214563924,15,-531.171420610591
240,8,20,-3215.46241608271,20,-1866.4273909943,20,-1052.59696548918,20,-700.531081298784
240,8,25,-3054.4267101327,25,-1849.88999647401,25,-1242.81144652243,25,-815.53570563108
240,8,30,-2874.86516788862,30,-1851.61686826574,30,-1349.51174686184,30,-870.282931782918
240,8,35,-2678.16411015446,35,-1868.16572585321,35,-1374.20740624828,35,-859.30844793689
240,8,40,-2464.75561051655,40,-1897.61686352065,40,-1323.74602443548,40,-779.537409731064
240,8,45,-2232.62847523972,45,-1943.0629080049,45,-1209.81890023326,45,-634.379024544994
240,8,50,-1977.04054117191,50,-2012.18256524439,50,-1048.67574039724,50,-437.473023702029
240,8,55,-1692.09623320404,55,-2112.40306752918,55,-860.600384223608,55,-213.222464760054
240,8,60,-1373.66060828972,60,-2244.16059812173,60,-668.402429596238,60,7.18630307847079
240,8,65,-1022.12914411191,65,-2396.19264120183,65,-494.490901834455,65,193.063195010439
240,8,70,-643.555820832114,70,-2545.7068888087,70,-356.971075997454,70,321.793871430463
240,8,75,-248.550078892879,75,-2663.54871128293,75,-266.062536715681,75,383.727644215708
240,8,80,150.477955981588,80,-2721.98215208184,80,-222.312861688255,80,382.941352355734
240,8,85,542.451292577607,85,-2701.78816167571,85,-217.394601277892,85,334.379788421324
240,8,90,919.919479727619,90,-2596.18848731858,90,-237.145143334734,90,259.058553835176
245,8,0,-3158.90109670856,0,-2066.48492376578,0,321.185795041571,0,283.317139594234
245,8,5,-3085.34835379217,5,-2015.32829804209,5,-134.065455012728,5,-57.2419277316354
245,8,10,-3001.16105884906,10,-1965.07742584189,10,-559.380247778009,10,-373.70492905635
245,8,15,-2903.39232931477,15,-1924.66501205054,15,-929.390782820673,15,-648.776564873912
245,8,20,-2786.52301215364,20,-1902.59199502564,20,-1224.25480064932,20,-871.177575093708
245,8,25,-2645.87698455952,25,-1902.1122393974,25,-1430.97773542342,25,-1033.38917978593
245,8,30,-2479.88504543323,30,-1919.44768206819,30,-1544.0954618648,30,-1128.65703906404
245,8,35,-2289.86674798177,35,-1946.89787256789,35,-1565.54355577228,35,-1149.92127496973
245,8,40,-2077.4093236603,40,-1979.1402208244,40,-1503.81835062385,40,-1092.37074524135
245,8,45,-1841.12244703835,45,-2018.27189299519,45,-1372.8971371993,45,-958.753400479619
245,8,50,-1575.29192966868,50,-2073.49031206118,50,-1191.37400087742,50,-764.127685239221
245,8,55,-1271.92139899112,55,-2154.78625725421,55,-981.696912572063,55,-536.357333258879
245,8,60,-925.373478765042,60,-2264.17684709625,60,-768.728525149911,60,-310.868549257684
245,8,65,-536.953872955106,65,-2389.79347569324,65,-576.867974772262,65,-121.55006207455
245,8,70,-116.724959635148,70,-2506.389122857,70,-425.901358122288,70,8.14513095783625
245,8,75,318.45155392331,75,-2582.02381194916,75,-326.931024891299,75,70.1962289607058
245,8,80,749.509426445819,80,-2587.51903854138,80,-280.181684751902,80,71.751667729593
245,8,85,1160.14793687582,85,-2504.48499891429,85,-275.789272146323,85,30.8015908367611
245,8,90,1540.21727809806,90,-2329.1437887069,90,-297.314515480829,90,-29.7531184355761
250,8,0,-2528.10275548152,0,-2039.84877452343,0,282.709601920653,0,349.056700731271
250,8,5,-2463.79754846091,5,-1989.78700765523,5,-194.787240593732,5,-57.9121572676264
250,8,10,-2402.51405453652,10,-1945.68481650966,10,-641.42247654018,10,-437.827825554713
250,8,15,-2336.14447456586,15,-1916.32621378395,15,-1029.5784735584,15,-772.075010074607
250,8,20,-2252.68079898396,20,-1909.77280461916,20,-1336.82269732015,20,-1048.59101952192
250,8,25,-2141.91901285205,25,-1927.42716513833,25,-1548.00262247451,25,-1259.07825532815
250,8,30,-1999.45613338,30,-1961.92014061844,30,-1656.78680874561,30,-1395.56115328578
250,8,35,-1826.68296879601,35,-2001.18817593633,35,-1665.94391358512,35,-1449.34648534837
250,8,40,-1626.67489771053,40,-2036.54990148033,40,-1586.13436249928,40,-1414.25003737245
250,8,45,-1398.73778785009,45,-2069.11266957758,45,-1433.89677201518,45,-1292.90859298298
250,8,50,-1135.74595245861,50,-2109.38268212704,50,-1229.93389902462,50,-1102.16014770341
250,8,55,-826.82132600386,55,-2169.48823337168,55,-998.129373672278,55,-873.181806814797
250,8,60,-464.187871374362,60,-2252.64029215379,60,-764.496807830304,60,-644.908852861218
250,8,65,-49.9854087816778,65,-2346.41407790863,65,-554.776066888294,65,-453.336041721985
250,8,70,401.204440540646,70,-2423.87200147825,70,-390.327359801947,70,-321.71676429285
250,8,75,865.526097494789,75,-2451.69264219012,75,-283.595467142341,75,-255.869819060659
250,8,80,1316.73572044514,80,-2400.85646097362,80,-235.29365564756,80,-245.691185601813
250,8,85,1733.24486265081,85,-2255.01537035146,85,-234.851261830802,85,-270.90815395737
250,8,90,2102.52133558168,90,-2013.79603225907,90,-264.07906496941,90,-307.900765339802
255,8,0,-1812.21808005995,0,-1967.21231871269,0,242.481003579063,0,412.468718842589
255,8,5,-1758.28338214442,5,-1917.73071200784,5,-243.126686927536,5,-59.6877132873091
255,8,10,-1722.45639364222,10,-1880.99180423964,10,-697.947286673121,10,-502.683168068253
255,8,15,-1691.42014665718,15,-1865.09866012179,15,-1092.03494824022,15,-896.745332652744
255,8,20,-1646.57487286768,20,-1876.80315463578,20,-1400.28047625219,20,-1228.57191927953
255,8,25,-1572.09261472922,25,-1914.91700891755,25,-1605.45804292837,25,-1488.312762484
255,8,30,-1460.73046527877,30,-1968.24735254846,30,-1700.72440484263,30,-1666.20947163073
255,8,35,-1314.03093421663,35,-2020.66981775901,35,-1690.23037476837,35,-1751.99031795849
255,8,40,-1136.58323123519,40,-2060.62331610501,40,-1587.2810850599,40,-1738.74950636125
255,8,45,-928.175557725688,45,-2088.37008066106,45,-1411.07389635362,45,-1629.80635726134
255,8,50,-679.771666118957,50,-2115.245381635,50,-1183.97128699906,50,-1444.12534519823
255,8,55,-377.011717616186,55,-2154.59843116474,55,-930.415191270257,55,-1215.76690474899
255,8,60,-9.57631789282756,60,-2210.07647853762,60,-676.616758677738,60,-986.105020953363
255,8,65,419.598592371082,65,-2268.73066889347,65,-449.025163504328,65,-792.033124845059
255,8,70,891.177607078191,70,-2302.99821923505,70,-270.513621930444,70,-655.822912509183
255,8,75,1374.0815249811,75,-2279.95616511347,75,-155.389838046923,75,-581.057034534646
255,8,80,1834.90169978315,80,-2172.53275810871,80,-105.765638227363,80,-555.355629019599
255,8,85,2247.04535628013,85,-1967.51056954207,85,-111.357651800526,85,-557.259793885239
255,8,90,2595.97352158751,90,-1667.93981845378,90,-152.973043227458,90,-563.583754348893
260,8,0,-1049.03975632191,0,-1838.0293868734,0,199.40274466279,0,475.970560579648
260,8,5,-1006.31489472401,5,-1788.37672966512,5,-283.202904496064,5,-60.5483592843959
260,8,10,-996.414816531112,10,-1760.44584930123,10,-735.567960937613,10,-567.045846072984
260,8,15,-1001.36364800633,15,-1760.92355156047,15,-1125.26549645911,15,-1022.43861016518
260,8,20,-996.700788929761,20,-1794.08850011601,20,-1424.58394738401,20,-1411.4163181697
260,8,25,-961.621458212164,25,-1855.27892733642,25,-1614.61220635962,25,-1721.61854063777
260,8,30,-886.390889311671,30,-1929.39606991036,30,-1688.61091003165,30,-1940.9673062957
260,8,35,-772.658652965081,35,-1996.93009441963,35,-1652.7154818225,35,-2057.87354102608
260,8,40,-626.150429235926,40,-2044.26221551305,40,-1523.18215426438,40,-2065.60058381476
260,8,45,-446.612610117626,45,-2071.02086753403,45,-1321.70130091058,45,-1969.02719110777
260,8,50,-222.648071654199,50,-2088.64083759368,50,-1071.67998199731,50,-1789.42748331171
260,8,55,63.8258413534697,55,-2110.40638875545,55,-797.260014563699,55,-1562.99991850436
260,8,60,425.730431385485,60,-2139.41718696263,60,-524.039204821505,60,-1332.25372724226
260,8,65,859.373598831463,65,-2162.25944001132,65,-278.671919837828,65,-1133.83352082818
260,8,70,1340.87063762056,70,-2151.98017334146,70,-85.4955725138068,70,-988.636259860339
260,8,75,1832.36026516811,75,-2077.93645303446,75,38.8994582292833,75,-898.528288958478
260,8,80,2293.85679293747,80,-1916.69583682055,80,90.2227860751416,80,-849.998608278291
260,8,85,2694.29352113348,85,-1658.99158334358,85,77.535706741044,85,-821.684605805117
260,8,90,3017.38907356304,90,-1311.00174251564,90,20.2219553033051,90,-791.856209341289
265,8,0,-270.016153334095,0,-1643.40053932337,0,151.809239597549,0,541.015623041265
265,8,5,-239.060281258402,5,-1592.9701179493,5,-318.83833334955,5,-60.4644717659049
265,8,10,-253.687646165203,10,-1575.46845888656,10,-759.683489758662,10,-632.319710250939
265,8,15,-292.329503678999,15,-1595.35075601381,15,-1135.76459341065,15,-1151.62128344247
265,8,20,-326.129851266308,20,-1653.21931456232,20,-1417.12629207654,20,-1600.11627245621
265,8,25,-330.606801184109,25,-1740.14671357964,25,-1583.88828794507,25,-1962.07225187968
265,8,30,-294.163063763909,30,-1837.27561260851,30,-1630.20086887021,30,-2222.82714607123
265,8,35,-218.337830084436,35,-1922.65238684253,35,-1564.67821110655,35,-2370.00803942609
265,8,40,-109.210720214182,40,-1981.57160991752,40,-1406.51810266714,40,-2398.03928288036
265,8,45,34.2860524750644,45,-2013.18824565785,45,-1179.43989078979,45,-2314.09802372047
265,8,50,226.202303425247,50,-2028.12255105857,50,-907.208057769734,50,-2141.65347950056
265,8,55,488.127941145609,55,-2038.14866028538,55,-612.992364103319,55,-1918.02452775201
265,8,60,835.27580135009,60,-2044.80154578479,60,-321.256803190047,60,-1685.48907343076
265,8,65,1263.30054305569,65,-2034.30013598891,65,-58.5436611376624,65,-1479.51352443179
265,8,70,1744.49797915117,70,-1981.48987842316,70,149.423134027365,70,-1319.64366850928
265,8,75,2235.36913084013,75,-1859.64949041433,75,283.564096776994,75,-1206.9799364461
265,8,80,2690.4519726445,80,-1650.28795694789,80,336.908810953574,80,-1128.29305040473
265,8,85,3074.85559302596,85,-1348.53732054827,85,316.581955162282,85,-1063.62483447875
265,8,90,3370.58541502038,90,-963.216744471987,90,241.429543601011,90,-993.534025387649
270,8,0,500.458724896415,0,-1376.11475585801,0,98.1127108332027,0,607.725491401179
270,8,5,519.428960167818,5,-1324.6357422658,5,-352.620000769785,5,-60.9783532322476
270,8,10,483.123814266968,10,-1319.0498646377,10,-773.423541687319,10,-701.348849419834
270,8,15,415.284151992836,15,-1360.87346011449,15,-1127.03130428013,15,-1287.7702026367
270,8,20,347.199209553862,20,-1446.1049653377,20,-1381.95069091035,20,-1798.16915932841
270,8,25,305.309016596604,25,-1561.11380588531,25,-1518.29266455842,25,-2212.94848775034
270,8,30,302.307950883158,30,-1683.72306196673,30,-1531.86780034178,30,-2515.03765802448
270,8,35,337.167586896657,35,-1790.58534522237,35,-1433.97122995316,35,-2692.04629022285
270,8,40,404.538067306271,40,-1866.78989100621,40,-1246.3331733281,40,-2740.4442853278
270,8,45,507.185449142164,45,-1911.00676263262,45,-993.986291861357,45,-2670.0906257846
270,8,50,661.866919865639,50,-1932.04126630521,50,-700.420482125815,50,-2506.16952487136
270,8,55,893.022681369923,55,-1938.7889004878,55,-387.471360411462,55,-2285.94633856134
270,8,60,1217.54578594558,60,-1930.34793516871,60,-78.3000068607236,60,-2050.22802065173
270,8,65,1630.64378008219,65,-1892.67557133742,65,200.801179043666,65,-1832.69665835579
270,8,70,2102.00510946121,70,-1803.32124927011,70,422.874030756966,70,-1651.92009727175
270,8,75,2584.2206087718,75,-1640.5807857572,75,566.411491128512,75,-1509.41133917266
270,8,80,3027.82434436929,80,-1391.60131884674,80,621.599382916875,80,-1393.68274825327
270,8,85,3394.76858251673,85,-1055.9510312891,85,593.210873501653,85,-1287.38241024437
270,8,90,3665.11139251153,90,-644.544107550208,90,499.015217186742,90,-1173.99508601718
275,8,0,1244.34670669752,0,-1029.88881470202,0,37.3301267698911,0,674.811827860273
275,8,5,1251.50257406585,5,-977.457217579054,5,-385.499252747354,5,-64.5270893096121
275,8,10,1197.23509409489,10,-984.771733394321,10,-777.508238236295,10,-777.118285396709
275,8,15,1105.89327134261,15,-1050.00092965087,15,-1099.77388735108,15,-1433.72059071525
275,8,20,1009.06695827328,20,-1164.1608992621,20,-1320.29084091634,20,-2007.86177378269
275,8,25,933.339344918864,25,-1309.03498447018,25,-1420.18483830086,25,-2476.12740372098
275,8,30,891.781846916026,30,-1459.86619549348,30,-1397.45683838911,30,-2819.66411720731
275,8,35,884.426481867314,35,-1592.89991781983,35,-1265.85751970263,35,-3026.90520048956
275,8,40,907.849782353309,40,-1693.60260931567,40,-1048.85947510237,40,-3096.9194179142
275,8,45,967.333066333974,45,-1759.89917061299,45,-771.968021513752,45,-3042.13463410604
275,8,50,1082.12790418262,50,-1797.80309710911,50,-457.948747553269,50,-2888.63410586985
275,8,55,1278.54078344053,55,-1812.23372393864,55,-127.300058412572,55,-2672.46028647421
275,8,60,1574.35484022977,60,-1799.23822965774,60,197.968448910982,60,-2431.99437576031
275,8,65,1964.62599099079,65,-1744.56724495634,65,491.833136128031,65,-2198.87938577374
275,8,70,2417.95181739738,70,-1628.91440705349,70,726.370946718826,70,-1991.29526001424
275,8,75,2885.07960908221,75,-1435.95852227813,75,877.988973957352,75,-1812.35376823016
275,8,80,3314.20661595378,80,-1158.48831247523,80,934.204435554082,80,-1653.62119286527
275,8,85,3664.77529438047,85,-800.160450798169,85,897.339931115186,85,-1501.35364778952
275,8,90,3914.48498415845,90,-373.479880077792,90,783.77841838021,90,-1342.41631567234
280,8,0,1948.14677938231,0,-598.095979264856,0,-30.4673258337091,0,739.653566205812
280,8,5,1944.05548055309,5,-545.139247714672,5,-416.774986915093,5,-73.8130572958255
280,8,10,1875.76857663857,10,-565.637855445279,10,-770.723042215668,10,-861.770802089711
280,8,15,1766.76693085082,15,-654.429797454988,15,-1052.82914208864,15,-1590.62159432958
280,8,20,1646.99238703742,20,-797.863301377274,20,-1231.78506599801,20,-2229.41023647127
280,8,25,1541.60237123922,25,-973.869764800536,25,-1290.59001346077,25,-2751.5018589549
280,8,30,1463.54209652588,30,-1156.08623695261,30,-1229.5423011339,30,-3137.16940274848
280,8,35,1414.53147425585,35,-1321.12606597031,35,-1064.17041120818,35,-3376.34898670146
280,8,40,1394.15930313706,40,-1454.99866924221,40,-818.646545850584,40,-3470.76172878071
280,8,45,1410.79619617086,45,-1554.37273993902,45,-518.150427483621,45,-3434.7809142268
280,8,50,1485.72253817098,50,-1621.61813190147,50,-184.53957132448,50,-3294.36159805547
280,8,55,1645.96378646346,55,-1656.96100656563,55,162.705559474088,55,-3083.32171392874
280,8,60,1909.34879749841,60,-1653.07087237287,60,502.354716220458,60,-2837.03304653212
280,8,65,2271.09177989895,65,-1595.44225397528,65,808.634487790162,65,-2585.1453810998
280,8,70,2700.25189265702,70,-1467.81711492435,70,1053.06862352131,70,-2346.09332618196
280,8,75,3147.83259235898,75,-1258.87638808537,75,1210.58414527214,75,-2125.58363064241
280,8,80,3561.38439523396,80,-966.409890997726,80,1266.51737625435,80,-1919.24973023543
280,8,85,3898.49830809826,85,-597.504206638096,85,1220.93451632572,85,-1717.69001000973
280,8,90,4134.11012777193,90,-165.841196602574,90,1088.7270973995,90,-1511.43387289317
285,8,0,2600.24530293405,0,-72.4968900326243,0,-103.70581648866,0,798.52382627628
285,8,5,2585.86852010665,5,-19.7496416382778,5,-444.261127068922,5,-91.3428194166987
285,8,10,2507.19582495176,10,-53.1201894094348,10,-750.666640053139,10,-956.120202319181
285,8,15,2385.66637298293,15,-164.58063118015,15,-984.308904758763,15,-1757.64036205392
285,8,20,2248.12657110738,20,-336.785136661293,20,-1115.76363710551,20,-2460.96145960333
285,8,25,2117.26919288092,25,-545.058432576363,25,-1130.4042819152,25,-3037.21300190056
285,8,30,2005.74062310535,30,-762.500267533909,30,-1030.45344717005,30,-3466.69867085075
285,8,35,1917.5570888542,35,-966.557803856682,35,-832.203233539945,35,-3741.14174267643
285,8,40,1856.09211304626,40,-1143.53089033814,40,-559.433536673406,40,-3864.41513445573
285,8,45,1833.0067579381,45,-1288.14794674303,45,-236.391130493689,45,-3851.8211531495
285,8,50,1870.93773382133,50,-1398.48984686229,50,115.887687827046,50,-3728.12871737172
285,8,55,1996.47416243926,55,-1469.77477805112,55,478.413401839721,55,-3524.21887986715
285,8,60,2226.67982814215,60,-1491.22473490634,60,830.27698185811,60,-3272.24100941015
285,8,65,2557.14091956164,65,-1447.90750256943,65,1145.96981368946,65,-3000.08792224548
285,8,70,2958.68482492876,70,-1326.04266796501,70,1397.00885427254,70,-2726.98168910687
285,8,75,3384.41045469874,75,-1118.32662916312,75,1557.66417280053,75,-2461.87668141266
285,8,80,3782.79501040263,80,-826.425585870727,80,1611.84190114568,80,-2205.07963882657
285,8,85,4110.32409383823,85,-459.985422948004,85,1557.78749345226,85,-1951.94732443346
285,8,90,4339.00457233436,90,-33.5321321400571,90,1408.92917730864,90,-1696.79734609499
290,8,0,3187.75078918639,0,557.339781134406,0,-178.880284387505,0,847.064766168626
290,8,5,3164.46346008491,5,608.837819444834,5,-464.498205432211,5,-119.114655264144
290,8,10,3078.44433501538,10,563.115253111275,10,-714.472222832452,10,-1059.65745271044
290,8,15,2948.37898130891,15,430.248044943064,15,-892.559338108882,15,-1932.33616641737
290,8,20,2797.28508381998,20,229.85020888253,20,-972.160659226125,20,-2699.2363123038
290,8,25,2645.03685362051,25,-12.2992085917739,25,-941.089708855275,25,-3330.35123213518
290,8,30,2504.157232147,30,-269.737968866186,30,-802.752019181653,30,-3806.61863168307
290,8,35,2381.43885299304,35,-520.866815070404,35,-573.086665924649,35,-4121.3047840834
290,8,40,2284.36068010376,40,-751.707795632351,40,-274.55582449083,40,-4279.46432704449
290,8,45,2227.64585195915,45,-954.328388845624,45,69.8657889784993,45,-4296.1262826052
290,8,50,2234.4687836225,50,-1122.14156955691,50,439.688516043977,50,-4193.96049806662
290,8,55,2329.92940126989,55,-1245.40825089013,55,815.844325575269,55,-4000.53489749058
290,8,60,2529.59238601916,60,-1310.03847932085,60,1177.33784714992,60,-3744.85556811221
290,8,65,2829.43561359687,65,-1300.42192272144,65,1499.01329872549,65,-3453.34798015208
290,8,70,3202.9041642462,70,-1204.38214191302,70,1753.01213367414,70,-3146.31482160175
290,8,75,3606.5571253467,75,-1017.28769618786,75,1913.89798727406,75,-2836.17328080564
290,8,80,3991.15844517912,80,-743.292843099913,80,1965.07137692171,80,-2528.04400554601
290,8,85,4312.99720024404,85,-393.619763415579,85,1903.55168333183,85,-2222.11544702087
290,8,90,4541.43419468041,90,16.6719916842292,90,1741.38155971854,90,-1916.48113494518
295,8,0,3693.28736887034,0,1303.19675073556,0,-250.320347278899,0,881.088613251913
295,8,5,3662.90564601617,5,1352.12720441622,5,-472.959811146457,5,-158.373076664032
295,8,10,3572.0333661727,10,1294.28269160147,10,-659.266768963627,10,-1170.90377309174
295,8,15,3436.41711728325,15,1140.79803783402,15,-776.615840991882,15,-2111.44638764281
295,8,20,3275.27775507135,20,912.000726225834,20,-801.771997227241,20,-2940.44430153772
295,8,25,3105.97920853081,25,633.342542357042,25,-724.695810408149,25,-3627.69050926997
295,8,30,2941.34733831007,30,330.15036521648,30,-549.116766960372,30,-4154.88262494958
295,8,35,2791.19251825429,35,23.2687919278296,35,-289.679041527392,35,-4516.09035108413
295,8,40,2666.91341709234,40,-272.33173664692,40,33.0717495973248,40,-4716.31326898666
295,8,45,2585.66052329006,45,-545.459494408491,45,397.517879470484,45,-4769.1457394496
295,8,50,2570.25019961708,50,-784.787719557487,50,783.397317775203,50,-4694.50423967965
295,8,55,2643.40632246212,55,-975.97866800546,55,1171.12444230054,55,-4516.56509731114
295,8,60,2818.55875889859,60,-1101.93324587187,60,1539.37181997504,60,-4261.43325441835
295,8,65,3091.86971529451,65,-1146.11937715373,65,1863.5050395259,65,-3954.28259246621
295,8,70,3439.71584930818,70,-1097.0154286543,70,2116.92023936035,70,-3616.47914503161
295,8,75,3822.91527014485,75,-951.245755081862,75,2275.41748379876,75,-3263.66405506066
295,8,80,4195.61065977484,80,-714.025116051685,80,2322.85267152745,80,-2905.45648448269
295,8,85,4514.98943234887,85,-397.137733634469,85,2255.66440044227,85,-2546.62887971529
295,8,90,4748.59986372794,90,-15.8017282711309,90,2084.5787730547,90,-2188.94622619961
300,8,0,4092.48720578897,0,2175.42737650397,0,-310.422042735933,0,897.616915073973
300,8,5,4057.25388967231,5,2220.29113124918,5,-464.288313837724,5,-209.349196013852
300,8,10,3963.82487762877,10,2149.90202709096,10,-582.244891942752,10,-1287.83246838004
300,8,15,3825.29693388055,15,1975.50680372546,15,-636.005475955047,15,-2291.65161271762
300,8,20,3657.75361782829,20,1716.80355836056,20,-605.799820419426,20,-3180.97908892316
300,8,25,3476.81293239352,25,1397.85751709337,25,-483.276732948747,25,-3926.0075850447
300,8,30,3296.0850497894,30,1042.55707085535,30,-271.800752066773,30,-4508.86790017396
300,8,35,3128.30409422442,35,671.41801177555,35,15.827415476974,35,-4923.40210454676
300,8,40,2988.1233017008,40,301.071740290715,40,361.193142144333,40,-5173.31459007236
300,8,45,2894.17163094025,45,-53.6984276101697,45,743.953285348251,45,-5269.82605717152
300,8,50,2868.01293713265,50,-377.08058632271,50,1143.86022022414,50,-5229.72898957825
300,8,55,2929.31326883712,55,-650.747723702805,55,1540.63431283096,55,-5073.92305486251
300,8,60,3088.86348942018,60,-855.042191804683,60,1912.59867645211,60,-4825.87734477035
300,8,65,3342.6366687548,65,-972.374109244146,65,2235.8727381303,65,-4509.57162645538
300,8,70,3669.79353286358,70,-991.063088723948,70,2485.63981093792,70,-4147.11351887694
300,8,75,4035.68418062502,75,-907.742037210636,75,2639.71872701104,75,-3756.74701017849
300,8,80,4398.63183454393,80,-727.3984627075,80,2683.25573695601,80,-3351.90856324548
300,8,85,4717.93732607406,85,-461.38901174811,85,2612.69239454244,85,-2941.46112195176
300,8,90,4960.6538794173,90,-124.572573309741,90,2437.48840773699,90,-2530.69240601701
305,8,0,4353.12622287415,0,3178.2381054295,0,-350.546720984539,0,895.837636959453
305,8,5,4315.61592344203,5,3217.51431647745,5,-432.661181237296,5,-270.952529391727
305,8,10,4222.24434055912,10,3133.46834699738,10,-480.443425005703,10,-1408.00846200751
305,8,15,4084.05952630676,15,2936.73579710424,15,-470.050668215157,15,-2469.79802395757
305,8,20,3914.99586277502,20,2645.50379442728,20,-384.937132272468,20,-3417.37885005628
305,8,25,3729.80991778089,25,2281.92964584564,25,-218.029643080241,25,-4221.59816268112
305,8,30,3543.19313723751,30,1868.54819830764,30,27.9945603376384,30,-4864.45205078086
305,8,35,3370.31585215626,35,1426.0493841732,35,342.258398984594,35,-5338.53810263483
305,8,40,3228.0378932889,40,973.169689288551,40,708.363010861807,40,-5645.27214197668
305,8,45,3135.34394175095,45,528.25358250252,45,1107.10678007184,45,-5792.88650741879
305,8,50,3111.74085475115,50,111.027906929794,50,1518.25210544999,50,-5794.91556698469
305,8,55,3173.39678416544,55,-256.992140852366,55,1920.96782484744,55,-5669.16596864928
305,8,60,3328.151132027,60,-554.1669505742,60,2293.45208067122,60,-5436.65222941086
305,8,65,3571.39003953662,65,-761.882451819464,65,2612.8513046172,65,-5120.03852100822
305,8,70,3884.64157823846,70,-867.752599855504,70,2856.501934668,70,-4741.62845300905
305,8,75,4237.67508257904,75,-867.487114594896,75,3004.74564777579,75,-4321.41159336168
305,8,80,4593.50320276145,80,-764.806525948272,80,3044.59315053375,80,-3875.74660605105
305,8,85,4914.71848212445,85,-569.716744424326,85,2972.92600194279,85,-3416.95026098763
305,8,90,5169.43863771216,90,-296.031464415372,90,2797.99714189706,90,-2953.65510193341
310,8,0,4436.76371876559,0,4303.76821985417,0,-362.531560672483,0,877.51835484796
310,8,5,4399.75137076035,5,4336.06659651589,5,-372.421099904761,5,-340.473499284041
310,8,10,4309.87632209053,10,4236.89629799057,10,-350.568665239447,10,-1528.20154103154
310,8,15,4176.81757042622,15,4015.88115211094,15,-277.199096868527,15,-2642.21692602146
310,8,20,4013.30342751477,20,3689.35735833842,20,-138.589860681853,20,-3645.25131742745
310,8,25,3833.87542985508,25,3277.56631422079,25,71.2790849426682,25,-4508.84194604071
310,8,30,3654.21994647262,30,2802.02278508758,30,350.35119950181,30,-5214.33268771934
310,8,35,3491.07281036426,35,2283.98808010887,35,689.37801201338,35,-5752.36611083933
310,8,40,3362.21990526702,40,1744.39236332671,40,1073.67253504857,40,-6121.4951190141
310,8,45,3285.86715339177,45,1204.7174528981,45,1485.09589492369,45,-6326.69838363412
310,8,50,3278.83946887964,50,687.76964187589,50,1903.65386765884,50,-6378.28186953749
310,8,55,3353.64389647725,55,217.333085104431,55,2308.39915928713,55,-6291.11995345268
310,8,60,3515.11605586529,60,-183.625012770236,60,2677.83855029691,60,-6083.82718524406
310,8,65,3757.79848472852,65,-495.662310159156,65,2990.44555468628,65,-5777.49417933393
310,8,70,4065.13143220586,70,-705.429847467998,70,3225.89947136131,70,-5393.97672860562
310,8,75,4410.98432721186,75,-807.13491504751,75,3367.25689677127,75,-4954.08834411413
310,8,80,4763.28262179575,80,-802.482314166635,80,3403.64900658449,80,-4476.15901205159
310,8,85,5088.84873038243,85,-699.320974338858,85,3332.64838154729,85,-3975.25983629412
310,8,90,5358.32220932702,90,-509.626212746146,90,3161.39796173186,90,-3463.11589721298
315,8,0,4303.26220091983,0,5526.35394133962,0,-340.420685706285,0,846.511884928532
315,8,5,4269.67864526822,5,5550.50560138617,5,-279.049719384737,5,-413.479082285086
315,8,10,4187.92254618823,10,5434.99470483174,10,-189.366896343903,10,-1643.57743696357
315,8,15,4066.82523163976,15,5188.34714978913,15,-55.1052198451598,15,-2803.27849498578
315,8,20,3918.48287818337,20,4825.14823677988,20,135.008537374384,20,-3857.39925275074
315,8,25,3757.3760452174,25,4364.03479822339,25,385.96425417851,25,-4778.15748565542
315,8,30,3599.63814872631,30,3825.85999833579,30,696.010046557182,30,-5546.01141486632
315,8,35,3462.414387881,35,3232.58229796506,35,1057.06621946763,35,-6149.41531541024
315,8,40,3363.08528216728,40,2607.00267918096,40,1455.8399578439,40,-6583.9617277934
315,8,45,3318.08523314068,45,1972.96550333786,45,1875.30062120592,45,-6851.43115439918
315,8,50,3341.18065635311,50,1355.34437105061,50,2296.1330386006,50,-6959.04119537225
315,8,55,3441.34328062085,55,779.243668536858,55,2697.91822096164,55,-6918.84544892168
315,8,60,3620.64616722722,60,268.299993075133,60,3060.0530205703,60,-6747.01195455525
315,8,65,3872.78622607473,65,-157.508063564508,65,3362.66541800877,65,-6462.74270348037
315,8,70,4182.80093378984,70,-483.839495808957,70,3587.84200386821,70,-6086.82354454031
315,8,75,4528.28813282647,75,-703.130553156002,75,3721.29368400153,75,-5640.03813436444
315,8,80,4882.04353607432,80,-814.617149055754,80,3754.24292185978,80,-5141.78227124254
315,8,85,5215.64844466806,85,-823.374562795285,85,3685.02056573108,85,-4609.14014507267
315,8,90,5503.3040152805,90,-738.781359246291,90,3519.78204498443,90,-4056.51072921736
320,8,0,3917.80644209739,0,6798.63109650645,0,-281.808992284176,0,807.357152826179
320,8,5,3890.87026757871,5,6813.75172339008,5,-150.384104800213,5,-484.155259442924
320,8,10,3823.14064941223,10,6681.65102548154,10,5.17254606300455,10,-1747.01263164547
320,8,15,3722.80175117819,15,6409.88293272195,15,198.060208228511,15,-2943.96656237116
320,8,20,3601.36123208568,20,6011.59709191229,20,437.323275673569,20,-4042.0673758087
320,8,25,3472.84133853551,25,5504.18589891456,25,726.815816545486,25,-5014.29718126868
320,8,30,3352.89225961788,30,4908.00921134965,30,1064.73022648303,30,-5840.36630600718
320,8,35,3257.79997544138,35,4245.4867587385,35,1443.75510750278,35,-6506.78788593826
320,8,40,3203.33682117667,40,3540.59149293161,40,1851.80630363362,40,-7006.51714277742
320,8,45,3203.42713944022,45,2818.50884791055,45,2273.15814399225,45,-7338.4516663525
320,8,50,3268.67376441054,50,2105.09896906453,50,2689.74189666906,50,-7506.94989009487
320,8,55,3404.89166777872,55,1425.89017707342,55,3082.41395168821,55,-7521.33669901516
320,8,60,3611.88804822414,60,804.593231834097,60,3432.11643313237,60,-7395.25015769146
320,8,65,3882.77638834084,65,261.409359754555,65,3720.98759775573,65,-7145.70612536452
320,8,70,4204.08492485771,70,-188.442857138424,70,3933.53656691324,70,-6791.88790495851
320,8,75,4556.80465003998,75,-535.603637127637,75,4057.92699775411,75,-6353.81290380695
320,8,80,4918.33530810764,80,-776.674227964316,80,4087.25005317345,80,-5851.10044708595
320,8,85,5265.07841469626,85,-913.609552120422,85,4020.50627398251,85,-5302.0353609148
320,8,90,5575.25766250866,90,-952.637999620315,90,3862.96030050186,90,-4723.02324269908
325,8,0,3259.31446367057,0,8050.90770404455,0,-188.26124901863,0,763.461888912903
325,8,5,3242.74106941563,5,8056.53839504478,5,12.2810716226947,5,-546.249075606477
325,8,10,3195.94580188724,10,7909.23894009845,10,232.045165715557,10,-1829.27176336031
325,8,15,3126.31720683227,15,7615.77888996661,15,481.328068785135,15,-3051.61106779909
325,8,20,3044.34280211031,20,7188.15867324405,20,766.98652038544,20,-4182.61450628649
325,8,25,2962.78849863203,25,6642.70611169114,25,1091.60210751867,25,-5196.27130312156
325,8,30,2895.71933288569,30,5999.14551056559,30,1453.06343056482,30,-6071.9974232889
325,8,35,2857.3856889545,35,5279.77873370223,35,1844.62276648993,35,-6794.96125057332
325,8,40,2861.01684304933,40,4508.79126654735,40,2255.41382745706,40,-7356.0884274033
325,8,45,2917.59098457474,45,3711.57685268951,45,2671.34018212566,45,-7751.88662406719
325,8,50,3034.67896085564,50,2913.92828240323,50,3076.19131991799,50,-7984.16482065864
325,8,55,3215.47992121976,55,2140.9973545127,55,3452.83968101399,55,-8059.63651580718
325,8,60,3458.17644536846,60,1416.05554884042,60,3784.41712616178,60,-7989.34755666685
325,8,65,3755.73139194443,65,759.219912370447,65,4055.43318728111,65,-7787.8849485717
325,8,70,4096.22251755698,70,186.377443169717,70,4252.83610916582,70,-7472.38932540227
325,8,75,4463.75599304618,75,-291.485094609401,75,4367.00247914986,75,-7061.46856121065
325,8,80,4839.91415232991,80,-668.441639957286,80,4392.57981026538,80,-6574.15143551919
325,8,85,5205.5879217791,85,-943.300813950257,85,4329.04000089893,85,-6029.01039530671
325,8,90,5542.94676852058,90,-1118.91615685549,90,4180.78013777374,90,-5443.53205296077
330,8,0,2328.67524583489,0,9194.69218385033,0,-64.6400914549439,0,715.677718506053
330,8,5,2326.65241563234,5,9191.06981311392,5,203.716584332009,5,-594.453214224483
330,8,10,2307.87067526688,10,9032.08626774462,10,485.733040194365,10,-1880.45059722386
330,8,15,2278.54429675009,15,8723.84290085092,15,788.747668638714,15,-3111.54737532474
330,8,20,2247.4720262633,20,8277.28568161214,20,1117.36402839698,20,-4259.53450528695
330,8,25,2225.25860489102,25,7707.57449031481,25,1472.79757464574,25,-5299.81403058404
330,8,30,2223.3804480281,30,7033.35507303651,30,1852.54534015636,30,-6212.15107696026
330,8,35,2253.15272379249,35,6276.00088532831,35,2250.41695190028,35,-6981.13469224689
330,8,40,2324.67201020503,40,5458.84305519011,40,2656.92197406281,40,-7596.39513809862
330,8,45,2445.82156310598,45,4606.36388105681,45,3059.96091880246,45,-8052.62972820065
330,8,50,2621.42932797929,50,3743.31679416769,50,3445.73035518715,50,-8349.46745808437
330,8,55,2852.6608063522,55,2893.76181772997,55,3799.73865273051,55,-8491.17427172633
330,8,60,3136.71254964793,60,2080.05767004417,60,4107.83977748901,60,-8486.18685517399
330,8,65,3466.85107938157,65,1321.90315402839,65,4357.21729247426,65,-8346.47365581391
330,8,70,3832.81722564808,70,635.545154228073,70,4537.27179689175,70,-8086.75216708345
330,8,75,4221.58447293633,75,33.2560865966343,75,4640.36950681691,75,-7723.62515059927
330,8,80,4618.41902644005,80,-476.863636314381,80,4662.3978954788,80,-7274.71834239946
330,8,85,5008.14107654402,85,-890.762993329059,85,4603.06030777151,85,-6757.89956020418
330,8,90,5376.44091087563,90,-1208.05414866469,90,4465.84448759781,90,-6190.63659025315
335,8,0,1155.05120163796,0,10130.6198717505,0,82.3321610696406,0,662.001909622757
335,8,5,1171.66827982103,5,10118.9587282478,5,415.278047460772,5,-625.714339658015
335,8,10,1186.73374984835,10,9954.04105289008,10,755.943116256086,10,-1892.32309132759
335,8,15,1204.89269981867,15,9641.28427447072,15,1108.63179456657,15,-3110.43322908799
335,8,20,1232.66486945798,20,9190.45257611455,20,1475.65443127718,20,-4254.59414371254
335,8,25,1277.80441249113,25,8615.19124128892,25,1856.85169872935,25,-5302.15392554355
335,8,30,1348.54043115149,30,7932.43840520472,30,2249.35868467648,30,-6233.93961984368
335,8,35,1452.76033308194,35,7161.75165268079,35,2647.63119590752,35,-7034.74743802482
335,8,40,1597.2061013255,40,6324.57391201798,40,3043.72938603676,40,-7693.64762821125
335,8,45,1786.75535173269,45,5443.45222281748,45,3427.82547140079,45,-8204.11512852973
335,8,50,2023.85278105928,50,4541.22117964334,50,3788.87914286609,50,-8563.99546573602
335,8,55,2308.14389884439,55,3640.17208483017,55,4115.41131932623,55,-8775.31167275425
335,8,60,2636.34440347758,60,2761.24483088478,60,4396.30544777309,60,-8843.91852141514
335,8,65,3002.35822530753,65,1923.29400762461,65,4621.57263048963,65,-8779.01808869047
335,8,70,3397.63688808028,70,1142.48560377787,70,4783.02697302252,70,-8592.56390575538
335,8,75,3811.75249633007,75,431.871961080765,75,4874.82611273554,75,-8298.59453244904
335,8,80,4233.13580909145,80,-198.827927869791,80,4893.8380072632,80,-7912.54568512503
335,8,85,4649.91028705449,85,-743.241931291624,85,4839.80192309582,85,-7450.58968624653
335,8,90,5050.73604476727,90,-1198.17569147196,90,4715.26414727891,90,-6929.0422870591
340,8,0,-201.57004138993,0,10760.2869014156,0,245.616607673283,0,598.637543704124
340,8,5,-163.432898432019,5,10742.8234308652,5,636.346754144866,5,-639.824140126867
340,8,10,-111.653605031667,10,10579.5208742042,10,1028.97667279263,10,-1860.55370177733
340,8,15,-43.3563182537286,15,10274.9913999069,15,1424.90346173683,15,-3039.8791804789
340,8,20,45.4489735537191,20,9837.55344900083,20,1824.26013150139,20,-4155.56822883834
340,8,25,159.427363909633,25,9278.88499436919,25,2225.61150519858,25,-5187.51078980958
340,8,30,303.402839759978,30,8613.56256049855,30,2625.80696906322,30,-6118.29283035586
340,8,35,481.812376542958,35,7858.5104130162,35,3020.00314396539,35,-6933.64334810678
340,8,40,698.180382116131,40,7032.38386791509,40,3401.85285226606,40,-7622.74513669491
340,8,45,954.661522121074,45,6154.90998064532,45,3763.84046177082,45,-8178.40592030658
340,8,50,1251.69312672896,50,5246.20942757425,50,4097.73007176696,50,-8597.09082243976
340,8,55,1587.78753176683,55,4326.12550902667,55,4395.08389126605,55,-8878.82091167235
340,8,60,1959.48130063749,60,3413.58887065095,60,4647.80432034212,60,-9026.94699403446
340,8,65,2361.44394262612,65,2526.04789581679,65,4848.65424762805,65,-9047.81340832314
340,8,70,2786.73482309529,70,1678.99296370093,70,4991.71467885953,70,-8950.33280200826
340,8,75,3227.18430005927,75,885.597021538537,75,5072.74569630293,75,-8745.49839949057
340,8,80,3673.86427929073,80,156.485650599482,80,5089.42515782212,80,-8445.86363661282
340,8,85,4117.60503221348,85,-500.361382761202,85,5041.44942810832,85,-8065.01924933333
340,8,90,4549.51033933323,90,-1079.58612024937,90,4930.49203950864,90,-7617.09488059435
345,8,0,-1653.20043323653,0,11000.509259378,0,418.853979276131,0,521.963784721998
345,8,5,-1593.0550491445,5,10980.1317874341,5,856.116255389756,5,-638.949043473565
345,8,10,-1506.03652463523,10,10826.78535801,10,1290.18547816216,10,-1785.69154594722
345,8,15,-1390.93086063028,15,10544.1301215736,15,1719.99832295244,15,-2898.72989466509
345,8,20,-1246.08062543365,20,10138.7732027085,20,2143.85317738316,20,-3959.5423201064
345,8,25,-1069.62313345931,25,9620.02627409575,25,2559.25653731346,25,-4951.12915232987
345,8,30,-859.769659136697,30,8999.57495756515,30,2962.8529431088,30,-5858.45664185742
345,8,35,-615.098856454994,35,8291.07589757016,35,3350.44581673992,35,-6668.81931470409
345,8,40,-334.836624830468,40,7509.6994803874,40,3717.10781042132,40,-7372.11007481896
345,8,45,-19.096360981052,45,6671.63752385822,45,4057.37089251605,45,-7960.99171017816
345,8,50,330.94233713084,50,5793.59600841484,50,4365.47924627971,50,-8430.96776285138
345,8,55,712.932372593684,55,4892.29309525816,55,4635.68284185709,55,-8780.35488555816
345,8,60,1123.34377498079,60,3983.98215785117,60,4862.54667971443,60,-9010.16283757094
345,8,65,1557.53493205437,65,3084.01812364665,65,5041.25029082412,65,-9123.89209321724
345,8,70,2009.90353251953,70,2206.48290486682,70,5167.85393514915,70,-9127.26243628257
345,8,75,2474.10364881895,75,1363.88207060192,75,5239.51170749452,75,-9027.88858392793
345,8,80,2943.3101414545,80,566.920383590848,80,5254.61700262865,80,-8834.92050838235
345,8,85,3410.50816410439,85,-175.641193519782,85,5212.87204759218,85,-8558.6664875944
345,8,90,3868.78430556051,90,-857.04939767952,90,5115.27998165511,90,-8210.21597395845
350,8,0,-3092.86489782036,0,10797.3490063867,0,596.497599333475,0,430.502192111327
350,8,5,-3013.17203649681,5,10776.8856125833,5,1064.95267203838,5,-626.329430345867
350,8,10,-2897.02428881836,10,10641.2905956636,10,1526.34187654321,10,-1672.53501663858
350,8,15,-2744.483576546,15,10393.1801007358,15,1977.88085169405,15,-2693.04928211505
350,8,20,-2555.64990696018,20,10037.2944610249,20,2416.58953971233,20,-3673.44760344216
350,8,25,-2330.75010468375,25,9580.35064333859,25,2839.2497467346,25,-4600.28622243624
350,8,30,-2070.24156061077,30,9030.83781298729,30,3242.39434066598,30,-5461.40628756002
350,8,35,-1774.92060006981,35,8398.76466322021,35,3622.33129381064,35,-6246.19186775257
350,8,40,-1446.02463436796,40,7695.36883133651,40,3975.20245656224,40,-6945.77427270626
350,8,45,-1085.31783988822,45,6932.79988231371,45,4297.07371404479,45,-7553.17745624494
350,8,50,-695.151620114473,50,6123.78795842217,50,4584.05033496216,50,-8063.40184100815
350,8,55,-278.493373604619,55,5281.31026454251,55,4832.40912502692,55,-8473.44646591752
350,8,60,161.080126292809,60,4418.26709357661,60,5038.73762469679,60,-8782.27181082566
350,8,65,619.425416250658,65,3547.17812218827,65,5200.07013137735,65,-8990.70788680256
350,8,70,1091.90880391652,70,2679.90827573046,70,5314.01077620517,70,-9101.31409217002
350,8,75,1573.51167388434,75,1827.4306534704,75,5378.83515652371,75,-9118.19883114312
350,8,80,2058.95761207401,80,999.631932374356,80,5393.56395834408,80,-9046.80790201608
350,8,85,2542.85293777281,85,205.163466148976,85,5358.00438768635,85,-8893.69114481973
350,8,90,3019.83165014875,90,-548.660884091364,90,5272.75782345081,90,-8666.25679330811
355,8,0,-4408.95632300795,0,10136.4900714447,0,773.2253835948,0,325.99433761499
355,8,5,-4314.60610591375,5,10117.9594171623,5,1254.84459953214,5,-604.837785413041
355,8,10,-4178.95122894425,10,10006.1298542708,10,1726.92834592271,10,-1528.36187038801
355,8,15,-4002.80831987936,15,9802.57903822818,15,2185.86852073075,15,-2434.10789764749
355,8,20,-3787.27963251342,20,9510.18345658366,20,2628.0974046647,20,-3311.93314609646
355,8,25,-3533.76281738625,25,9133.05038360921,25,3050.10525548264,25,-4152.20460936663
355,8,30,-3243.961281815,30,8676.42206075042,30,3448.46318558843,30,-4945.9666824531
355,8,35,-2919.89326233116,35,8146.5553471554,35,3819.85181964769,35,-5685.08962131552
355,8,40,-2563.89762180812,40,7550.58082986112,40,4161.09562716031,40,-6362.3950179858
355,8,45,-2178.63445718989,45,6896.34595647193,45,4469.20221820208,45,-6971.75539581509
355,8,50,-1767.07885299689,50,6192.24713564856,50,4741.4053336533,50,-7508.16597244518
355,8,55,-1332.50651615319,55,5447.05593355509,55,4975.20980278099,55,-7967.78761854159
355,8,60,-878.470541797698,60,4669.74447857742,60,5168.43641918685,60,-8347.96101504331
355,8,65,-408.769141456832,65,3869.31498255079,65,5319.26452546303,65,-8647.19293977179
355,8,70,72.5952359958908,70,3054.63791336441,70,5426.2701067885,70,-8865.11645917758
355,8,75,561.464393314984,75,2234.30283727133,75,5488.45736821739,75,-9002.42753240817
355,8,80,1053.57899612741,80,1416.48532108094,80,5505.28208970274,80,-9060.80112992644
355,8,85,1544.63744010762,85,608.832579566118,85,5476.66548583698,85,-9042.79041325368
355,8,90,2030.35686434538,90,-181.630192125534,90,5402.99780506298,90,-8951.71281058521
360,8,0,-5502.05128071536,0,9046.988350573,0,943.118886776698,0,213.203348750952
360,8,5,-5398.91608740117,5,9031.14372475529,5,1419.06540068359,5,-576.104943682497
360,8,10,-5254.6918827072,10,8946.56664203851,10,1884.21197003616,10,-1361.02872963285
360,8,15,-5070.47629991611,15,8793.90078509119,15,2335.01854857846,15,-2135.59426513907
360,8,20,-4847.67133084537,20,8574.30803326684,20,2768.05422604333,20,-2893.90663878052
360,8,25,-4587.97265584291,25,8289.45962000059,25,3180.02333945118,25,-3630.19463551224
360,8,30,-4293.35673863586,30,7941.52341371357,30,3567.7905550952,30,-4338.85465909626
360,8,35,-3966.06578424811,35,7533.14741902525,35,3928.40473032412,35,-5014.49337885249
360,8,40,-3608.59067446623,40,7067.43962383937,40,4259.12137351964,40,-5651.96877616176
360,8,45,-3223.65201072504,45,6547.94434567935,45,4557.42353133487,45,-6246.42927833239
360,8,50,-2814.17940868794,50,5978.61525729181,50,4821.04094422908,50,-6793.35068199778
360,8,55,-2383.28920210273,55,5363.78529680969,55,5047.9673245136,55,-7288.57058503589
360,8,60,-1934.26072562016,60,4708.13369147674,60,5236.47562541256,60,-7728.32006496262
360,8,65,-1470.51135707705,65,4016.6503459028,65,5385.1311849317,65,-8109.25236270774
360,8,70,-995.57050918756,70,3294.59786587675,70,5492.80264450239,70,-8428.46835347221
360,8,75,-513.052768581239,75,2547.47150675879,75,5558.67055930351,75,-8683.53861081842
360,8,80,-26.6303866162849,80,1780.95735126905,80,5582.23363473127,80,-8872.52189607233
360,8,85,459.994668670688,85,1000.8890349647,85,5563.31254155391,85,-8993.97993232193
360,8,90,943.118886776701,90,213.203348750953,90,5502.05128071536,90,-9046.988350573
