"Theta [deg]","Freq [GHz]","Phi [deg]","re(rETheta) [mV]","Phi [deg]","im(rETheta) [mV]","Phi [deg]","re(rEPhi) [mV]","Phi [deg]","im(rEPhi) [mV]"
0,8,0,-2972.13430886239,0,-813.383316501754,0,5918.3529952552,0,1785.80175022527
0,8,5,-2445.005989361,5,-654.645269474376,5,6154.87044854333,5,1849.89726250564
0,8,10,-1899.26969794558,10,-490.924976660677,10,6344.54562130566,10,1899.91393961983
0,8,15,-1339.0788173184,15,-323.468448345985,15,6485.93497094846,15,1935.47112445412
0,8,20,-768.696738333532,20,-153.550129823791,20,6577.96243914774,20,1956.29820536189
0,8,25,-192.464413018163,25,17.5367979024666,25,6619.92764130278,25,1962.2366756817
0,8,30,385.23268269346,30,188.490260007678,30,6611.51119688592,30,1953.24134006868
0,8,35,959.997925079936,35,358.009197420701,35,6552.77716012114,35,1929.38065845837
0,8,40,1527.45700359396,40,524.803468669488,40,6444.17253249281,40,1890.83622504529
0,8,45,2083.29121200687,45,687.603668636703,45,6286.52386079445,45,1837.90138624149
0,8,50,2623.27031637079,50,845.170789499142,50,6081.03094660856,50,1770.9790081332
0,8,55,3143.2847496532,55,996.30565032542,55,5829.25771509209,55,1690.57841042665
0,8,60,3639.37688802353,60,1139.85802356692,60,5533.12031256174,60,1597.3114902176
0,8,65,4107.77117076014,65,1274.73538898399,65,5194.87252346339,65,1491.88806508494
0,8,70,4544.90283454723,70,1399.91124838461,70,4817.0886177117,70,1375.11047095035
0,8,75,4947.44504347605,75,1514.43293789551,75,4402.64375894159,75,1247.86745581742
0,8,80,5312.33420827502,80,1617.42887830941,80,3954.69212277695,80,1111.12741586275
0,8,85,5636.79330207392,85,1708.11520832911,85,3476.64289164958,85,965.931025356282
0,8,90,5918.35299525519,90,1785.80175022527,90,2972.13430886239,90,813.383316501756
5,8,0,-3567.95132249166,0,380.989696631874,0,6093.80477190319,0,1198.35344204192
5,8,5,-3028.85082182717,5,479.688729007018,5,6387.7921460197,5,1310.95671141291
5,8,10,-2461.93402677077,10,592.897487674194,10,6631.51222113109,10,1419.29683866571
5,8,15,-1872.10732011689,15,720.89592087859,15,6821.64853464043,15,1521.03539637419
5,8,20,-1264.7194628354,20,863.558663773691,20,6955.41571209485,20,1613.71185748374
5,8,25,-645.494896906401,25,1020.33194057099,25,7030.63198474316,25,1694.81863704536
5,8,30,-20.4540123702857,30,1190.22453688098,30,7045.78134652249,30,1761.87935077252
5,8,35,604.177655227389,35,1371.81307626845,35,7000.06276532001,35,1812.52763309
5,8,40,1222.06879757942,40,1563.2613424006,40,6893.42431230875,40,1844.58390335
5,8,45,1826.88735854587,45,1762.35292750494,45,6726.58063424621,45,1856.12760373808
5,8,50,2412.40801216112,50,1966.53607329728,50,6501.0128347789,50,1845.56264457786
5,8,55,2972.61876471488,55,2172.97921254967,55,6218.95051586381,55,1811.67406906497
5,8,60,3501.82337733924,60,2378.63542502528,60,5883.33642181436,60,1753.67427607917
5,8,65,3994.73648105335,65,2580.3137945989,65,5497.77478976114,65,1671.23750300119
5,8,70,4446.56856806251,70,2774.7554966355,70,5066.46510851172,70,1564.52165749926
5,8,75,4853.09847043055,75,2958.71235603141,75,4594.12349529992,75,1434.17698610312
5,8,80,5210.73145392194,80,3129.02559544765,80,4085.89429588953,80,1281.34146702585
5,8,85,5516.54163150585,85,3282.7025379912,85,3547.25478463333,85,1107.62320482186
5,8,90,5768.29800728838,90,3416.98913588824,90,2983.91598175525,90,915.07047528304
10,8,0,-3751.17515324287,0,1684.81836151717,0,6127.65536398462,0,608.051523778616
10,8,5,-3216.51014846758,5,1725.77619648723,5,6476.52584995562,5,762.207318413772
10,8,10,-2646.24278714578,10,1790.00101960356,10,6773.69455818893,10,921.870095515515
10,8,15,-2045.71668592622,15,1879.20502555134,15,7013.49767921792,15,1082.61274841077
10,8,20,-1421.17661556698,20,1994.27110623582,20,7190.93648967342,20,1239.67931224695
10,8,25,-779.666734323705,25,2135.20942212435,25,7301.85827959325,25,1388.14737589619
10,8,30,-128.891755793281,30,2301.14525494931,30,7343.11581797373,30,1523.09411199801
10,8,35,522.953636814662,35,2490.33714321761,35,7312.69708373847,35,1639.7598418803
10,8,40,1167.38002800472,40,2700.22324061204,40,7209.81860856512,40,1733.70360278448
10,8,45,1795.81473018938,45,2927.49303666246,45,7034.97777254787,45,1800.94591732209
10,8,50,2399.82023804396,50,3168.18104011068,50,6789.96161338675,50,1838.09478786369
10,8,55,2971.31020309641,55,3417.77871177741,55,6477.81199978786,55,1842.451771706
10,8,60,3502.75375784974,60,3671.36078484572,60,6102.74922972699,60,1812.09578129208
10,8,65,3987.35983095466,65,3923.72205912749,65,5670.05810703926,65,1745.94297283064
10,8,70,4419.23434523729,70,4169.5207453741,70,5185.94220976026,70,1643.78173970238
10,8,75,4793.50477979937,75,4403.42443197799,75,4657.35330433852,75,1506.28243652813
10,8,80,5106.40838537643,80,4620.25474307567,80,4091.80363062534,80,1334.98205530798
10,8,85,5355.34223616866,85,4815.12677297794,85,3497.16907248246,85,1132.24468154104
10,8,90,5538.87514944475,90,4983.57945313101,90,2881.49106672107,90,901.199187006059
15,8,0,-3510.6673184345,0,2996.7657452266,0,6017.85660758677,0,42.380932321043
15,8,5,-2995.22904574274,5,2985.58292831767,5,6416.78484121118,5,229.032142708537
15,8,10,-2438.23956630872,10,3005.44431522208,10,6764.52540949198,10,430.478720867554
15,8,15,-1845.17010300203,15,3059.25819933627,15,7052.63717659849,15,640.204121437005
15,8,20,-1222.96420418758,20,3148.65235040105,20,7273.46024097798,20,851.194118432221
15,8,25,-579.897644146352,25,3273.93580159259,25,7420.45284889075,25,1056.19765523442
15,8,30,74.6336199496146,30,3434.11182782791,30,7488.48898727187,30,1247.98590921026
15,8,35,730.38673889644,35,3626.93589307472,35,7474.09939480739,35,1419.59892709754
15,8,40,1376.59243008908,40,3849.01073413244,40,7375.64269456216,40,1564.57153875385
15,8,45,2002.30607376964,45,4095.91046403672,45,7193.39798593308,45,1677.13285068744
15,8,50,2596.77143157582,50,4362.32643075173,50,6929.575204383,50,1752.37595520448
15,8,55,3149.77849156757,55,4642.22911211044,55,6588.24454497962,55,1786.39620985824
15,8,60,3651.9975151646,60,4929.04200714073,60,6175.19093791725,60,1776.39741403987
15,8,65,4095.27300745329,65,5215.82478606067,65,5697.70365863499,65,1720.76552954513
15,8,70,4472.86400899451,70,5495.46355383492,70,5164.31437798983,70,1619.10951455486
15,8,75,4779.62066888489,75,5760.86587350032,75,4584.49909301821,75,1472.2686827566
15,8,80,5012.09124614077,80,6005.15732245527,80,3968.36029818192,80,1282.28604682302
15,8,85,5168.5581417116,85,6221.87511557016,85,3326.3054445016,85,1052.34754707927
15,8,90,5249.0058700103,90,6405.15308939767,90,2668.73629757419,90,786.687965960359
20,8,0,-2877.90300538998,0,4209.05616101679,0,5771.0232808818,0,-474.911601277158
20,8,5,-2394.1494853206,5,4154.09496521677,5,6213.03988515906,5,-265.701683863829
20,8,10,-1865.07770976373,10,4137.12265042584,10,6606.33571326471,10,-33.224884121049
20,8,15,-1295.96445493602,15,4161.84540136101,15,6939.33805279444,15,214.003007987366
20,8,20,-694.201681039174,20,4230.2062669657,20,7201.35068754734,20,466.847916812734
20,8,25,-69.1184406727307,25,4342.40071081208,25,7383.09543395497,25,715.931596019689
20,8,30,568.309256871114,30,4496.9692487825,30,7477.18865300409,30,951.987547914336
20,8,35,1205.84373452158,35,4690.94547104688,35,7478.52325405826,35,1166.18098580852
20,8,40,1830.44519431676,40,4920.03539136929,40,7384.53417911821,40,1350.38299237327
20,8,45,2428.78144223568,45,5178.80701027147,45,7195.33376609557,45,1497.39686360143
20,8,50,2987.76109319847,50,5460.8761449128,50,6913.7122993121,50,1601.14038271987
20,8,55,3495.06167772131,55,5759.08366723125,55,6545.00799053989,55,1656.79031192042
20,8,60,3939.62342636012,60,6065.66759129698,60,6096.85900864088,60,1660.8947315239
20,8,65,4312.08067695893,65,6372.43873644129,65,5578.85733842479,65,1611.45595672266
20,8,70,4605.10623367306,70,6670.96985389318,70,5002.12961788142,70,1507.9830499932
20,8,75,4813.64967214344,75,6952.80530911722,75,4378.87329260274,75,1351.50979471741
20,8,80,4935.05822861525,80,7209.69284052304,80,3721.87728232808,80,1144.57235837758
20,8,85,4969.07788836292,85,7433.83225754465,85,3044.05489500469,85,891.141166349728
20,8,90,4917.74165696876,90,7618.12987805203,90,2358.01308012166,90,596.503655456998
25,8,0,-1923.93454553902,0,5223.06348425814,0,5402.14144723631,0,-924.875508779514
25,8,5,-1481.57128337235,5,5134.53488931523,5,5878.36111466522,5,-702.748661641625
25,8,10,-992.492251781776,10,5090.54838199303,10,6310.33368517504,10,-450.073417247683
25,8,15,-461.463823204735,15,5095.05272194067,15,6683.11206527682,15,-177.222805855042
25,8,20,103.979561388494,20,5149.68852014765,20,6982.67632470876,20,104.765190833184
25,8,25,693.746995506305,25,5253.93544491196,25,7196.72776491975,25,384.697434718348
25,8,30,1295.55024728331,30,5405.37849792301,30,7315.38725563874,30,651.67888868725
25,8,35,1895.38862188406,35,5600.03527323659,35,7331.75173525542,35,895.480555739818
25,8,40,2478.13604790626,40,5832.68093615854,40,7242.27427224996,40,1106.81528895558
25,8,45,3028.20412194369,45,6097.11931821141,45,7046.94655289835,45,1277.53466257384
25,8,50,3530.25011159858,50,6386.37363911178,50,6749.27775926839,50,1400.7720906152
25,8,55,3969.89308574049,55,6692.80083303811,55,6356.07946245345,55,1471.05873615145
25,8,60,4334.39639690847,60,7008.15962831137,60,5877.08050916068,60,1484.43083654443
25,8,65,4613.27267250697,65,7323.67687068745,65,5324.4069180319,65,1438.53407406195
25,8,70,4798.76945083248,70,7630.15611393245,70,4711.96838144072,70,1332.71747813236
25,8,75,4886.19991858096,75,7918.15916381383,75,4054.7953672618,75,1168.09987574798
25,8,80,4874.09374673885,80,8178.27040439699,80,3368.37030752559,80,947.587994440047
25,8,85,4764.1575397439,85,8401.43179542385,85,2667.99402853696,85,675.827098649935
25,8,90,4561.05219122568,90,8579.31886176818,90,1968.22428544454,90,359.071521972257
30,8,0,-748.223773336244,0,5962.19206784965,0,4933.58725170499,0,-1293.83670069795
30,8,5,-353.838210335382,5,5850.91647599752,5,5433.670018219,5,-1067.31021801428
30,8,10,86.4166690094374,10,5790.83803534194,10,5895.98758332787,10,-804.636431421479
30,8,15,568.526970196076,15,5785.52230873994,15,6302.12465474683,15,-517.859732495503
30,8,20,1085.10304979703,20,5835.57769961884,20,6634.55895832996,20,-219.615232657602
30,8,25,1625.62301573734,25,5939.02608504583,25,6877.75404981741,25,77.5408040535817
30,8,30,2176.84649947487,30,6091.87108550402,30,7019.12892572454,30,361.669589955631
30,8,35,2723.37460480267,35,6288.73862380473,35,7049.83285481401,35,621.814128915935
30,8,40,3248.3363622277,40,6523.44640232454,40,6965.26826864377,40,848.196028092249
30,8,45,3734.18049707619,45,6789.38468985257,45,6765.32567602018,45,1032.29454839029
30,8,50,4163.54260202851,50,7079.65433360031,50,6454.32241533715,50,1166.87870236405
30,8,55,4520.14531714574,55,7386.98759354188,55,6040.66769593947,55,1246.05743001881
30,8,60,4789.67828820261,60,7703.54524773856,60,5536.30242040372,60,1265.38611614135
30,8,65,4960.59910696792,65,8020.71713836085,65,4955.97655079372,65,1222.03248363902
30,8,70,5024.79613111548,70,8329.04491969938,70,4316.4271231851,70,1114.97385161397
30,8,75,4978.05723423141,75,8618.34283940866,75,3635.51147054394,75,945.178768160388
30,8,80,4820.29523467416,80,8878.03273788826,80,2931.34211222965,80,715.721195607425
30,8,85,4555.49472045394,85,9097.65282233778,85,2221.46902415392,85,431.782951064498
30,8,90,4191.37097987283,90,9267.46089783615,90,1522.16042773213,90,100.516745262486
35,8,0,537.618179366741,0,6379.50659504964,0,4393.22579366135,0,-1573.81066040283
35,8,5,880.882501071573,5,6255.52804682498,5,4906.11807487361,5,-1349.97547617781
35,8,10,1267.44783298332,10,6189.73518579679,10,5389.52803294268,10,-1086.62939916098
35,8,15,1694.14644510468,15,6184.79806974304,15,5821.65935494926,15,-797.217619120885
35,8,20,2153.8928399418,20,6239.66055451189,20,6181.44910389663,20,-495.530504049045
35,8,25,2635.96467611338,25,6350.1890075518,25,6450.00063556727,25,-194.866064140892
35,8,30,3126.46643413072,30,6510.16587975805,30,6611.88321325882,30,92.5584871041498
35,8,35,3608.95375276295,35,6712.40792590234,35,6656.18419119975,35,355.886967974443
35,8,40,4065.20620478468,40,6949.72658423879,40,6577.21208494741,40,585.632713014934
35,8,45,4476.13183238448,45,7215.48139637029,45,6374.78275862123,45,773.53056420774
35,8,50,4822.76972473235,50,7503.60542226708,50,6054.07732987346,50,912.379686184999
35,8,55,5087.33825830897,55,7808.1588647658,55,5625.12622842998,55,996.001282152794
35,8,60,5254.26795093052,60,8122.62389937631,60,5102.02475809268,60,1019.37241491117
35,8,65,5311.16095762017,65,8439.23001943869,65,4501.99893214,65,978.923670536117
35,8,70,5249.62350238155,70,8748.57209025278,70,3844.41219099003,70,872.930427328856
35,8,75,5065.91013633031,75,9039.67317902333,75,3149.75524211067,75,701.897663112587
35,8,80,4761.29960613163,80,9300.4999377148,80,2438.62825612653,80,468.836184749605
35,8,85,4342.11021520648,85,9518.81243522993,85,1730.73257779112,85,179.347617570446
35,8,90,3819.28474060265,90,9683.15852805024,90,1043.93352401564,90,-158.529895469558
40,8,0,1826.5367278283,0,6459.33397743356,0,3811.61660274357,0,-1762.94135699156
40,8,5,2119.05265470726,5,6330.72006792935,5,4326.49320177019,5,-1547.65988769161
40,8,10,2451.38212076922,10,6267.36315193808,10,4821.44519883027,10,-1292.1630074259
40,8,15,2821.13859519636,15,6270.86072515016,15,5271.57884847667,15,-1010.86825061147
40,8,20,3221.52448808725,20,6338.247759245,20,5652.43003129591,20,-718.10315623268
40,8,25,3641.64488959712,25,6462.8618781366,25,5941.76466685152,25,-427.129602685721
40,8,30,4067.02715156091,30,6635.80632225399,30,6121.27158863317,30,-149.568835707224
40,8,35,4480.33920961095,35,6847.7009089917,35,6177.9650241029,35,104.70001237389
40,8,40,4862.29720065518,40,7090.2326784954,40,6105.11185080011,40,327.249730245852
40,8,45,5192.72487439122,45,7357.0173463028,45,5902.55274330871,45,510.631323060733
40,8,50,5451.69077138892,50,7643.49455348715,50,5576.40040811567,50,647.968903712609
40,8,55,5620.63401088781,55,7945.92830060473,55,5138.23799283749,55,732.8222772818
40,8,60,5683.41528745334,60,8259.91655602119,60,4604.04154440126,60,759.398502238746
40,8,65,5627.28203157437,65,8578.9838325774,65,3993.05332368591,65,723.066974130522
40,8,70,5443.76882235136,70,8893.7728033135,70,3326.7306680249,70,621.042083303955
40,8,75,5129.52129142095,75,9192.10892326551,75,2627.74978081622,75,453.058675107307
40,8,80,4686.93542866829,80,9459.90226681472,80,1918.95333439881,80,221.870500345134
40,8,85,4124.40600859423,85,9682.5987850632,85,1222.16295545217,85,-66.562205446132
40,8,90,3455.96394236866,90,9846.77776063629,90,556.918410796763,90,-403.270319553181
45,8,0,3028.92296941099,0,6213.75197106339,0,3218.72689130071,0,-1865.63307879879
45,8,5,3274.17657115272,5,6085.93125417702,5,3725.93324805851,5,-1663.9978495313
45,8,10,3555.62596898181,10,6029.79782829161,10,4223.22352689908,10,-1424.17724244621
45,8,15,3871.53682978775,15,6046.1820567877,15,4683.07366786304,15,-1160.91793640684
45,8,20,4215.29530873141,20,6130.59504837441,20,5077.96312114391,20,-888.296600838927
45,8,25,4575.69027824939,25,6274.05987133675,25,5382.54156897857,25,-618.686801756619
45,8,30,4937.47617671387,30,6464.92355514104,30,5575.767713599,30,-362.279703981168
45,8,35,5282.26404215756,35,6691.32832075508,35,5642.73800000064,35,-127.24095051759
45,8,40,5589.71913858032,40,6943.59798817172,40,5575.88258688019,40,79.6308021405516
45,8,45,5838.93471780292,45,7215.65501062227,45,5375.28656398081,45,252.058313164188
45,8,50,6009.76955677362,50,7504.86833034441,50,5048.1093050226,50,383.623353239966
45,8,55,6083.95362457536,55,7810.34857441081,55,4607.34844394702,55,467.564359172038
45,8,60,6045.90398689033,60,8130.35932705645,60,4070.38315136416,60,497.124438314474
45,8,65,5883.38337433951,65,8459.87528230683,65,3457.70642835656,65,466.353364570183
45,8,70,5588.23937732772,70,8789.2242353496,70,2792.00850399162,70,371.14749044571
45,8,75,5157.37111324244,75,9104.27619014022,75,2097.44623846539,75,210.269817667412
45,8,80,4593.79794430463,80,9388.03928057108,80,1398.74251946934,80,-13.8942630572894
45,8,85,3907.41225312962,85,9623.05944151535,85,719.845430863434,85,-295.040331346584
45,8,90,3114.89501284354,90,9793.85721111413,90,82.1991551350237,90,-623.216587803435
50,8,0,4079.36262407813,0,5675.87971153711,0,2640.8232078522,0,-1891.94039724358
50,8,5,4283.07031761498,5,5551.68582950959,5,3132.58640375831,5,-1708.66009865788
50,8,10,4519.69875269064,10,5504.0331054589,10,3623.93775792026,10,-1491.56323974161
50,8,15,4788.13875200545,15,5533.74774619557,15,4085.32480571114,15,-1254.87978845178
50,8,20,5081.97012325094,20,5635.88352411128,20,4486.7159443229,20,-1011.55607822353
50,8,25,5389.52107035962,25,5800.0620189292,25,4800.09124714084,25,-772.287413575243
50,8,30,5694.38743515375,30,6012.29442549628,30,5002.04754283071,30,-545.216223621941
50,8,35,5976.60701526968,35,6258.13349789239,35,5076.11119507453,35,-336.383079816838
50,8,40,6214.43470172499,40,6526.15830370279,40,5014.2363082776,40,-150.748121198352
50,8,45,6386.35572240459,45,6810.32234759422,45,4817.07641880571,45,6.63073488093158
50,8,50,6472.79578851233,50,7109.98312609804,50,4492.985096385,50,129.739929678817
50,8,55,6457.09398928433,55,7427.4215108434,55,4056.18120279232,55,211.408773593987
50,8,60,6325.7010473529,60,7763.84021101168,60,3524.83259511238,60,243.841565515229
50,8,65,6068.04752880078,65,8115.54932571646,65,2919.73141966038,65,219.723432810465
50,8,70,5676.76997765685,70,8471.92773378785,70,2263.75118464287,70,133.609463635164
50,8,75,5148.76405757275,75,8815.90670250751,75,1581.67204732886,75,-16.7256342858104
50,8,80,4486.92343318302,80,9126.643225565,80,899.634689091464,80,-229.283015629606
50,8,85,3701.78091122232,85,9383.26660473873,85,243.670271622013,85,-497.438040612969
50,8,90,2812.01585801826,90,9568.38034057819,90,-362.646446242791,90,-810.298638236442
55,8,0,4937.31312373997,0,4892.05342907171,0,2098.21580328187,0,-1856.05102933877
55,8,5,5106.31338513094,5,4772.34982862708,5,2568.97684747818,5,-1695.51008550302
55,8,10,5305.34118252128,10,4731.71590280599,10,3047.48458866791,10,-1507.04380919414
55,8,15,5534.12840138953,15,4771.98130827784,15,3502.81279686217,15,-1303.4175378923
55,8,20,5786.77203028301,20,4889.28911452015,20,3903.11218788361,20,-1095.61278621371
55,8,25,6051.20786712625,25,5073.35037603083,25,4218.34317862203,25,-892.06052297028
55,8,30,6309.47268689978,30,5308.73380860098,30,4423.31705771875,30,-698.577035672699
55,8,35,6539.26692873835,35,5578.49550100615,35,4500.50507770605,35,-519.089964045866
55,8,40,6716.7174931179,40,5868.98701948382,40,4441.8426305072,40,-356.935400546273
55,8,45,6819.53240839218,45,6173.60451402769,45,4248.89419008329,45,-216.237469907675
55,8,50,6829.37699289538,50,6493.38014591457,50,3931.31338989368,50,-102.823165588839
55,8,55,6732.59582655029,55,6833.76943620452,55,3504.28635009356,55,-24.3228904224007
55,8,60,6519.29478478594,60,7198.95901870993,60,2986.12389215963,60,10.5697236087754
55,8,65,6181.79547799741,65,7586.32781178665,65,2396.99191947819,65,-6.5518579356636
55,8,70,5713.92363971636,70,7983.58525983482,70,1758.96402283507,70,-82.1794639677693
55,8,75,5112.11792263497,75,8369.73236880962,75,1096.63098955053,75,-219.320007363456
55,8,80,4378.16633652773,80,8719.21227813064,80,437.041644737635,80,-416.307052265201
55,8,85,3522.20373513944,85,9007.38897086352,85,-191.897250526978,85,-666.30359071035
55,8,90,2564.16503270327,90,9215.28800314789,90,-764.483349673347,90,-957.718017211051
60,8,0,5583.53934395575,0,3914.53914228537,0,1604.26886674832,0,-1774.12060409205
60,8,5,5724.81112572795,5,3799.0719375938,5,2050.63047039259,5,-1640.06109146202
60,8,10,5893.33923017074,10,3762.65702089174,10,2511.03677573689,10,-1484.462542391
60,8,15,6090.17441517617,15,3809.06192653993,15,2953.79675137085,15,-1317.73479967818
60,8,20,6310.6274567973,20,3937.14711045391,20,3345.98753317649,20,-1148.25038025155
60,8,25,6542.64430029534,25,4138.44833476432,25,3656.32828238767,25,-981.885090075661
60,8,30,6766.46067415422,30,4397.29027362525,30,3858.57228058232,30,-822.216804244712
60,8,35,6956.61164949745,35,4694.53736900799,35,3934.7536478571,35,-671.465424726304
60,8,40,7086.16057860761,40,5013.8440335473,40,3877.24751051581,40,-531.923175447228
60,8,45,7131.62572084885,45,5347.2784952751,45,3688.76800376807,45,-407.336913734142
60,8,50,7076.40911276665,50,5696.95316957221,50,3380.22893462288,50,-303.679051515757
60,8,55,6911.14810229934,55,6071.24403758928,55,2967.45001958608,55,-229.016722244086
60,8,60,6631.11092997132,60,6477.21440660435,60,2468.32169748945,60,-192.561955464741
60,8,65,6232.55270102371,65,6913.03483661817,65,1901.71960722189,65,-203.21071880919
60,8,70,5710.65142053116,70,7364.15435523449,70,1288.2804240926,70,-267.890616078501
60,8,75,5060.71257995826,75,7804.89125644752,75,651.854051477936,75,-389.975458144662
60,8,80,4282.29911010326,80,8204.39534818923,80,19.9110822202556,80,-568.035873428246
60,8,85,3384.06790910108,85,8534.14925002935,85,-578.227689893474,85,-795.258794374926
60,8,90,2386.48839184937,90,8774.03110290274,90,-1115.15699814703,90,-1059.84040129564
65,8,0,6014.73186567625,0,2795.75887975284,0,1165.70172978732,0,-1662.01694720924
65,8,5,6134.77826991097,5,2683.85974279215,5,1586.10068072469,5,-1556.99321376657
65,8,10,6279.16278715176,10,2648.88273702487,10,2024.88574435914,10,-1436.35065351073
65,8,15,6450.86015921714,15,2697.10772880741,15,2450.07882933154,15,-1307.46535480563
65,8,20,6647.31847226685,20,2831.37652298357,20,2828.36334267574,20,-1175.7440498929
65,8,25,6857.17676125789,25,3046.59529378002,25,3128.01548817984,25,-1044.52042446795
65,8,30,7058.88022542025,30,3328.08737632724,30,3322.52088182477,30,-915.506111164144
65,8,35,7223.12216699225,35,3655.020345076,35,3394.11630964149,35,-789.870225874148
65,8,40,7318.99085485844,40,4008.053911608,40,3335.98205518591,40,-669.651370342
65,8,45,7321.3135399438,45,4377.18849733347,45,3152.01103469999,45,-558.922642039189
65,8,50,7215.543902978,50,4764.90033338813,50,2854.10904536718,50,-464.186126110008
65,8,55,6997.62573439739,55,5182.05165606135,55,2458.30733252715,55,-393.858262267567
65,8,60,6669.14054873081,60,5638.37479929634,60,1981.68824305449,60,-357.117612725293
65,8,65,6230.93555256094,65,6132.64159580679,65,1441.60840907554,65,-362.513116976478
65,8,70,5679.39384105848,70,6647.75024925537,70,857.168298168961,70,-416.571324691742
65,8,75,5007.86403011143,75,7153.02638501234,75,251.328481787139,75,-522.471687977104
65,8,80,4212.58877840044,80,7612.18217276916,80,-348.42365078849,80,-678.90529112952
65,8,85,3299.78025535054,85,7992.96185213194,85,-912.086200436073,85,-879.428666326789
65,8,90,2289.81108872367,90,8274.49651792817,90,-1411.45706922484,90,-1112.71443374946
70,8,0,6238.28817673186,0,1584.38156574053,0,783.863739178297,0,-1533.5520547671
70,8,5,6342.90803128059,5,1475.30766362328,5,1178.11759631271,5,-1458.40037495577
70,8,10,6468.78514322295,10,1439.86782640551,10,1593.41151548044,10,-1372.42052777629
70,8,15,6621.31709008661,15,1486.92523569568,15,1997.784492209,15,-1279.58438626301
70,8,20,6800.93657996506,20,1623.8748658483,20,2358.05023281028,20,-1182.27751117814
70,8,25,6997.72544726672,25,1849.96425885337,25,2642.75235946212,25,-1081.53702989233
70,8,30,7188.5920150882,30,2152.52804712497,30,2825.86375400579,30,-977.720506936599
70,8,35,7340.05897989671,35,2509.66712531135,35,2890.40436096663,35,-871.66661015514
70,8,40,7416.63821326579,40,2899.06904834945,40,2830.56538630249,40,-765.971485158521
70,8,45,7391.09185241315,45,3308.18426279494,45,2651.18941942934,45,-665.743140523774
70,8,50,7251.09674263513,50,3739.18681424489,50,2364.66105692444,50,-578.394319865203
70,8,55,6998.5151335865,55,4204.87646340243,55,1986.73771068312,55,-512.584889288279
70,8,60,6641.85357037307,60,4717.34980108695,60,1533.53683597069,60,-476.866504985979
70,8,65,6186.72313912614,65,5275.89751242806,65,1021.15661248523,65,-478.540933459084
70,8,70,5630.30280414623,70,5860.95477465823,70,467.626969184146,70,-522.824422646298
70,8,75,4963.18541951647,75,6437.09162938488,75,-104.718850649404,75,-612.082275418506
70,8,80,4177.42430956017,80,6962.9416066704,80,-668.675701129873,80,-744.988063196182
70,8,85,3276.06615089735,85,7402.90117407192,85,-1194.490956848,85,-915.842266252096
70,8,90,2278.85623042146,90,7735.6372168,90,-1654.43940862465,90,-1114.55542713253
75,8,0,6268.31135256015,0,323.214308891993,0,456.484074168707,0,-1399.5534525009
75,8,5,6362.61502338679,5,216.144412027994,5,825.336428000217,5,-1353.07801247413
75,8,10,6475.26288864876,10,179.435884042639,10,1216.67112723139,10,-1299.17632689235
75,8,15,6614.24033726385,15,224.135805408819,15,1598.69202893879,15,-1238.36634931839
75,8,20,6783.40593902114,20,361.96005117367,20,1938.67910939484,20,-1170.19326805714
75,8,25,6974.8250476871,25,596.673921527664,25,2205.99369669069,25,-1093.75653839458
75,8,30,7164.28112340557,30,918.194538374224,30,2375.72763865847,30,-1008.56068043596
75,8,35,7314.28112403308,35,1304.23864361776,35,2432.13116449974,35,-915.732148768539
75,8,40,7384.72423708019,40,1729.94389990572,40,2370.41857369108,40,-819.098703007079
75,8,45,7346.268115082,45,2180.15469669247,45,2195.91488278723,45,-725.399023125316
75,8,50,7188.89016685604,50,2656.26796869674,50,1920.7885420408,50,-643.292694510564
75,8,55,6920.49211624952,55,3172.40426800237,55,1560.03949480389,55,-581.615843360827
75,8,60,6556.47362752947,60,3742.59386160659,60,1128.90484848784,60,-547.803870190489
75,8,65,6106.89852937707,65,4366.62858175715,65,642.89632059542,65,-547.136288791365
75,8,70,5569.21494111809,70,5022.92494549787,70,119.862346590654,70,-582.705170222852
75,8,75,4930.70193572478,75,5672.0708452162,75,-417.940950469377,75,-655.474044407418
75,8,80,4178.76198892478,80,6268.45784363944,80,-943.791871382739,80,-763.926482726429
75,8,85,3312.87829953404,85,6773.73112899353,85,-1429.16877614066,85,-903.402727579786
75,8,90,2351.70284563929,90,7166.22874112307,90,-1848.21650009043,90,-1065.72417227153
80,8,0,6123.0462195918,0,-951.353481882001,0,179.402969286974,0,-1267.7980241679
80,8,5,6211.53255199224,5,-1057.48386948159,5,524.137330557674,5,-1246.75683321332
80,8,10,6316.1892222168,10,-1095.44844611462,10,892.08040373147,10,-1220.41055700875
80,8,15,6447.29343278996,15,-1052.72544539761,15,1251.66241617238,15,-1186.04179401
80,8,20,6611.9450712836,20,-914.211291424469,20,1570.81645796022,20,-1140.66562638475
80,8,25,6804.30712407818,25,-672.252180699264,25,1820.09487485952,25,-1081.79513751002
80,8,30,6999.50158366158,30,-334.317395755334,30,1976.1540952193,30,-1008.46103279647
80,8,35,7156.7088701444,35,77.5627042853588,35,2024.72474074981,35,-922.49574524919
80,8,40,7231.89572212504,40,536.776493396285,40,1961.85441282386,40,-829.406247471612
80,8,45,7194.04416956081,45,1025.99138824053,45,1792.71896683003,45,-737.973047353834
80,8,50,7035.44940957304,50,1545.62438327858,50,1528.51720199323,50,-658.365766134146
80,8,55,6769.640588949,55,2110.47266746532,55,1183.09714364924,55,-599.608914158251
80,8,60,6418.21680545132,60,2735.92263414175,60,771.106945299292,60,-567.747437046825
80,8,65,5994.98646713511,65,3422.24647053562,65,308.376752384982,65,-565.539124315248
80,8,70,5497.20144831911,70,4146.54948047179,70,-186.36506095355,70,-593.371520616899
80,8,75,4908.6951832883,75,4866.64158908433,75,-690.293528634738,75,-650.328014945238
80,8,80,4212.27215104989,80,5533.88816010732,80,-1177.29543942032,80,-734.486464040266
80,8,85,3403.78239308465,85,6107.92987441806,85,-1620.93954889211,85,-842.356161882415
80,8,90,2500.32296013925,90,6566.78926613222,90,-1998.46316064269,90,-968.118258998586
85,8,0,5823.52745313217,0,-2208.63375790141,0,-52.0628328432897,0,-1143.55315947231
85,8,5,5910.10129981315,5,-2315.24168251177,5,270.079749492956,5,-1142.9112417198
85,8,10,6011.99395685653,10,-2354.09192790728,10,615.81576646349,10,-1138.13485737222
85,8,15,6141.03214888762,15,-2312.00914901234,15,953.872991376828,15,-1123.67717254878
85,8,20,6306.71675032611,20,-2171.89499674634,20,1252.96548758527,20,-1094.3655081705
85,8,25,6504.92163778374,25,-1923.47392710708,25,1485.06606564569,25,-1046.39109342329
85,8,30,6710.54174090742,30,-1572.08218901745,30,1628.62423538747,30,-978.523246177593
85,8,35,6880.61097362805,35,-1138.9938477295,35,1670.8588815368,35,-893.497422720723
85,8,40,6968.56173215255,40,-651.508298015277,40,1608.27150662576,40,-798.702136469478
85,8,45,6942.61596966343,45,-128.284738513554,45,1445.1941791069,45,-705.160112897476
85,8,50,6797.3566837537,50,430.195855946185,50,1191.18593331295,50,-624.719741546314
85,8,55,6551.01887658737,55,1038.78506270573,55,858.714861734918,55,-566.691180244615
85,8,60,6230.11776346827,60,1713.52246151909,60,462.263915055436,60,-535.716185549303
85,8,65,5851.23172170717,65,2455.08582431349,65,18.8956279127905,65,-531.885513203525
85,8,70,5411.15750402303,70,3240.11441796122,70,-450.820977229054,70,-552.619856122718
85,8,75,4890.6699153043,75,4025.11449651717,75,-922.937766267309,75,-594.812991564985
85,8,80,4268.54871391421,80,4759.88616773457,80,-1372.01419923386,80,-655.891907981215
85,8,85,3537.21454318165,85,5402.91395836195,85,-1774.29532851272,85,-733.462110385667
85,8,90,2711.69615796073,90,5931.86228324032,90,-2110.9257016277,90,-824.217032130822
90,8,0,5393.12877576239,0,-3421.9343482256,0,-242.258423256254,0,-1030.33331775078
90,8,5,5481.02890100649,5,-3530.69790139941,5,58.8439087969414,5,-1043.68231460091
90,8,10,5585.07110002287,10,-3570.07567281859,10,383.780458800568,10,-1053.48322589783
90,8,15,5717.58230424605,15,-3527.01553562062,15,701.744112770161,15,-1051.87745796028
90,8,20,5889.12919367807,20,-3383.99683032063,20,982.39660864495,20,-1031.83037741205
90,8,25,6096.50057627459,25,-3129.75039997502,25,1199.2721547452,25,-988.377969385342
90,8,30,6314.74227412589,30,-2768.33317083801,30,1332.62458369501,30,-920.096852685262
90,8,35,6500.28447604492,35,-2319.94488448659,35,1370.91444823242,35,-830.639824998846
90,8,40,6605.98426343834,40,-1811.42578180611,40,1310.5659492548,40,-729.262736402076
90,8,45,6600.60233656422,45,-1261.65362431167,45,1154.41557699173,45,-629.222828802064
90,8,50,6480.9336082545,50,-671.690331131187,50,909.913754282499,50,-544.099087952092
90,8,55,6268.59263123642,55,-27.1706017869928,55,588.12273102402,55,-483.637471362052
90,8,60,5993.29659752762,60,687.844645592013,60,203.813072863831,60,-451.302942693996
90,8,65,5673.29337899341,65,1474.29990662085,65,-224.008449714184,65,-444.730001628766
90,8,70,5304.93573195983,70,2309.22961419044,70,-672.291388524376,70,-458.457133306962
90,8,75,4866.81640443632,75,3149.40588564276,75,-1115.63085775088,75,-487.093763599124
90,8,80,4334.69597034159,80,3944.63522504898,80,-1529.26552866439,80,-527.185841243154
90,8,85,3697.9585205639,85,4653.16818864733,85,-1892.33821844416,85,-577.185468097518
90,8,90,2968.97534820699,90,5252.30083344868,90,-2190.18181256992,90,-636.150882032929
95,8,0,4857.76704434019,0,-4566.20561712911,0,-394.776079362948,0,-930.502027093655
95,8,5,4949.43441216728,5,-4678.73659424762,5,-113.289108389228,5,-950.527698964238
95,8,10,5059.69677149192,10,-4718.43778925239,10,192.179108742368,10,-967.252812275369
95,8,15,5200.2360940036,15,-4673.0332931254,15,491.598794071185,15,-971.082826789587
95,8,20,5381.1477736327,20,-4526.08630590261,20,755.843639363572,20,-953.442075630251
95,8,25,5599.1523228331,25,-4267.01542929859,25,960.104108761106,25,-908.336664495378
95,8,30,5829.79314440988,30,-3899.61420648623,30,1086.25731981797,30,-834.150302217911
95,8,35,6030.61515564759,35,-3442.87272854827,35,1123.53999799693,35,-735.354337842462
95,8,40,6156.13743287217,40,-2922.1195872578,40,1067.68833775653,40,-622.888410393491
95,8,45,6177.14149644233,45,-2355.29938850775,45,919.530248243971,45,-512.041576258899
95,8,50,6092.51355628984,50,-1743.59916761192,50,684.204815713114,50,-418.032274914283
95,8,55,5925.69845354894,55,-1073.54350333851,55,371.523428078174,55,-351.185786370139
95,8,60,5707.69742324112,60,-329.989429306823,60,-3.08741709453933,60,-314.182467503679
95,8,65,5457.3278833344,65,488.102813037299,65,-418.320853242805,65,-302.709634420717
95,8,70,5170.74635840518,70,1358.94584999102,70,-848.44744861647,70,-308.838843346409
95,8,75,4825.58474387206,75,2241.08430415249,75,-1266.54785273464,75,-325.048040486777
95,8,80,4395.86750451899,80,3085.89714301759,80,-1648.49012069921,80,-346.85386216646
95,8,85,3868.44485708732,85,3852.38732706371,85,-1976.15845775169,85,-373.200419773798
95,8,90,3252.39558427342,90,4517.59379276097,90,-2238.81546440373,90,-405.111685082574
100,8,0,4246.52616273613,0,-5615.50614971597,0,-512.30575354236,0,-845.496395043088
100,8,5,4343.45908563301,5,-5732.8464179717,5,-249.221771041728,5,-864.388203914481
100,8,10,4462.57825481263,10,-5772.7423220834,10,37.874284921408,10,-879.937309326038
100,8,15,4613.90241398368,15,-5724.20962206655,15,320.181543612402,15,-881.415279166757
100,8,20,4805.65539434371,20,-5573.15313283693,20,570.139612890828,20,-859.074621284935
100,8,25,5033.59963376804,25,-5311.13175932326,25,764.65163528573,25,-806.071938679139
100,8,30,5274.14802461951,30,-4942.61809499844,30,886.889584716491,30,-720.625315345562
100,8,35,5487.64412616259,35,-4485.38273214733,35,926.270572562597,35,-607.886368682819
100,8,40,5632.44071902706,40,-3962.41971239976,40,877.260145638324,40,-480.171405634043
100,8,45,5682.75715583986,45,-3389.75099654847,45,738.380102384972,45,-354.418960879813
100,8,50,5639.41086522401,50,-2768.21323890554,50,512.52475533049,50,-247.229792483602
100,8,55,5526.13113410931,55,-2085.45747073213,55,208.519437498582,55,-169.579240959043
100,8,60,5373.34003637676,60,-1327.66829087188,60,-157.369635646617,60,-123.824757323713
100,8,65,5199.42547957675,65,-493.858304011988,65,-561.60805678753,65,-104.420786224616
100,8,70,5000.72118053757,70,396.013156621593,70,-976.054370205491,70,-101.666366967369
100,8,75,4755.23911142153,75,1303.58428369532,75,-1372.48752682616,75,-106.319761353255
100,8,80,4436.64035886095,80,2183.26988365289,80,-1727.31318233688,80,-112.868274700151
100,8,85,4029.80093199018,85,2995.86337995529,85,-2024.6832676003,85,-120.378803378339
100,8,90,3539.91790929569,90,3718.44225147009,90,-2257.08120741149,90,-131.267531174914
105,8,0,3592.34280335548,0,-6540.88557413173,0,-596.541427639031,0,-775.666697256262
105,8,5,3694.97593757619,5,-6662.94704579984,5,-350.855974065739,5,-785.390542153278
105,8,10,3823.66263293574,10,-6702.78252699829,10,-81.2717245429948,10,-791.319807646419
105,8,15,3986.0502761884,15,-6651.09270393809,15,185.172085778745,15,-782.201496948044
105,8,20,4187.52536604636,20,-6497.01134179204,20,422.855145665688,20,-747.59077666897
105,8,25,4422.35225671107,25,-6235.24187812316,25,610.389344144219,25,-680.119429613841
105,8,30,4668.26566343635,30,-5871.59346257168,30,731.829547307168,30,-577.97537643622
105,8,35,4889.86192366622,35,-5422.6404897042,35,776.177661627276,35,-446.869855010655
105,8,40,5051.10774863259,40,-4908.51145410206,40,736.200000137611,40,-300.103982114808
105,8,45,5130.77485055822,45,-4342.62541131917,45,608.078250606589,45,-155.72695317795
105,8,50,5131.41834984639,50,-3725.08641395375,50,392.74882811935,50,-31.2937467523549
105,8,55,5075.72722647921,55,-3044.75017769501,55,98.3303449885126,55,61.621609354934
105,8,60,4991.97614770196,60,-2289.42854674266,60,-258.134636454831,60,120.545722528006
105,8,65,4897.29769646681,65,-1458.25313379638,65,-651.372242642182,65,151.445513374129
105,8,70,4788.55825465301,70,-568.854369930097,70,-1051.49788398142,70,164.903770928073
105,8,75,4645.36100085623,75,344.554948211905,75,-1429.4294967297,75,171.237174242357
105,8,80,4442.27611709891,80,1240.69937088182,80,-1762.01106989464,80,176.802474621227
105,8,85,4162.79607699241,85,2083.20896960071,85,-2034.98701452538,85,182.714402237174
105,8,90,3807.83187348249,90,2849.68858977705,90,-2243.05266004695,90,185.825521285311
110,8,0,2932.20098663734,0,-7309.31582757101,0,-648.008124990479,0,-719.940434674021
110,8,5,3039.83197666684,5,-7434.41691829094,5,-418.793863703671,5,-712.336872484008
110,8,10,3176.60837790789,10,-7473.60646233833,10,-165.95344996293,10,-699.899685123309
110,8,15,3347.51540289716,15,-7419.54973161826,15,85.7526786243622,15,-671.45347299317
110,8,20,3554.75583425723,20,-7265.05255587424,20,312.942278216237,20,-616.45857355803
110,8,25,3791.06307360427,25,-7008.38518069615,25,495.849454721769,25,-527.52695449371
110,8,30,4036.04735090947,30,-6656.92308711895,30,619.000370363929,30,-403.091517778716
110,8,35,4259.63370858948,35,-6226.00700229577,35,670.531224826478,35,-249.348557474752
110,8,40,4432.55644084467,40,-5732.64951933418,40,641.346318947489,40,-80.1437597447703
110,8,45,4538.78096251652,45,-5187.35453987268,45,525.526197759956,45,86.0148139750784
110,8,50,4582.37534363101,50,-4589.2819261833,50,322.476396353176,50,231.188002002236
110,8,55,4584.03937450371,55,-3928.45399896173,55,39.816485112586,55,343.390980578329
110,8,60,4568.79963296804,60,-3194.36691838723,60,-304.953018744481,60,419.689061717619
110,8,65,4551.92811040134,65,-2386.22180313678,65,-685.635640229129,65,465.672848181052
110,8,70,4531.03979427911,70,-1518.95685269575,70,-1071.55547166401,70,491.833737997594
110,8,75,4488.20016060847,75,-621.886991700413,75,-1433.37653782873,75,508.761646998046
110,8,80,4399.89869211464,80,269.022662471603,80,-1748.32266705866,80,523.300484936855
110,8,85,4248.852017362,85,1121.2024783072,85,-2002.99870290444,85,536.938571378157
110,8,90,4031.61189023212,90,1913.40632135189,90,-2193.1848194207,90,546.459941160876
115,8,0,2306.17593823608,0,-7884.14349450743,0,-665.830329335397,0,-675.661370245991
115,8,5,2416.95664162231,5,-8008.80758458378,5,-451.969468205815,5,-642.396724123825
115,8,10,2558.20974182029,10,-8046.33083533824,10,-214.953888035806,10,-602.583669919814
115,8,15,2732.3959438373,15,-7991.49466315187,15,23.1260239032857,15,-545.705193698204
115,8,20,2938.83423929798,20,-7840.74931477978,20,241.270648233137,20,-461.824775730749
115,8,25,3169.21133885387,25,-7595.74189800182,25,421.177462260838,25,-344.17737962767
115,8,30,3405.63208344118,30,-7265.17495157008,30,547.531315461672,30,-191.821675903035
115,8,35,3623.96482549153,35,-6862.99817616737,35,607.419799158933,35,-11.4073418197784
115,8,40,3802.14015785126,40,-6403.07685265529,40,590.050081601824,40,183.124309337605
115,8,45,3929.41925239635,45,-5893.02491402539,45,487.878744117479,45,373.499758524162
115,8,50,4011.12647422667,50,-5331.03807013015,50,299.260840146518,50,542.038590298728
115,8,55,4065.45850341998,55,-4708.20441156594,55,31.404207618644,55,676.643498095737
115,8,60,4113.63328395967,60,-4015.55992690826,60,-298.253989682811,60,773.708815948691
115,8,65,4168.70297294352,65,-3252.2112146336,65,-663.601015489784,65,837.77146810197
115,8,70,4229.05252166299,70,-2430.16105099287,70,-1034.25612618777,70,878.314297391636
115,8,75,4279.62711292877,75,-1573.39799564577,75,-1381.33208711234,75,905.365739642325
115,8,80,4299.48040460497,80,-711.927211624989,80,-1682.46249994649,80,925.795881860997
115,8,85,4271.15978579403,85,126.238469169462,85,-1924.47148332078,85,941.537009409856
115,8,90,4187.21438414306,90,921.641732855881,90,-2103.17032207005,90,949.890523638897
120,8,0,1754.8228200158,0,-8227.16819457949,0,-647.64947657949,0,-638.94111807247
120,8,5,1865.82942919892,5,-8346.33077009242,5,-447.489634163297,5,-571.426713417888
120,8,10,2006.20233161058,10,-8380.79298654162,10,-224.964892334634,10,-495.087619099444
120,8,15,2176.36052924173,15,-8327.44606583879,15,0.677448977653261,15,-400.608457267262
120,8,20,2373.54907653349,20,-8185.91944651405,20,210.786884964149,20,-279.365789357507
120,8,25,2589.26581968602,25,-7960.51793876538,25,388.34708581617,25,-125.886137443675
120,8,30,2808.69948939791,30,-7660.63610504196,30,518.081130631177,30,59.7489529473279
120,8,35,3013.79953611425,35,-7298.55693089141,35,586.177459080294,35,270.452863249868
120,8,40,3189.4410887446,40,-6885.10898712712,40,580.628008399865,40,492.602986027717
120,8,45,3329.79058423274,45,-6425.2839929612,45,492.906800588454,45,708.80353181929
120,8,50,3441.14317992315,50,-5916.44740511845,50,320.780455092804,50,902.251303394307
120,8,55,3539.07763478924,55,-5350.63001462003,55,71.0142341375213,55,1061.08837141079
120,8,60,3640.95126431466,60,-4720.13344062035,60,-239.64033235817,60,1180.97924326794
120,8,65,3757.48766046832,65,-4023.73260308,65,-586.185597593056,65,1264.94209590629
120,8,70,3887.69690304942,70,-3270.36979555755,70,-939.604343650578,70,1320.73370486105
120,8,75,4019.3819903863,75,-2478.59884084796,75,-1272.18218496212,75,1357.10179590069
120,8,80,4134.4225258634,80,-1672.22094438736,80,-1562.11439125911,80,1380.48029960635
120,8,85,4215.77513337887,85,-874.257376042313,85,-1796.02135732149,85,1393.21593667871
120,8,90,4252.77525004859,90,-101.8410657415,90,-1968.9425969847,90,1393.56945978413
125,8,0,1314.89500315254,0,-8301.99233455926,0,-590.025982427608,0,-605.650184444832
125,8,5,1422.288151198,5,-8409.68712093191,5,-401.111905392634,5,-495.125326738144
125,8,10,1555.34519723629,10,-8439.56614055626,10,-191.158646985209,10,-373.280669066781
125,8,15,1713.12076213611,15,-8390.44444922755,15,23.3419597178137,15,-232.486331833849
125,8,20,1891.84995330744,20,-8264.33266586856,20,225.910339546853,20,-66.0457235814642
125,8,25,2083.82112248305,25,-8067.13243042375,25,400.696368375529,25,129.669588831411
125,8,30,2277.73564264575,30,-7808.07246964284,30,532.586887623881,30,353.251060242679
125,8,35,2461.32646143326,35,-7497.44127383403,35,607.336882048804,35,597.212650983328
125,8,40,2625.63509013838,40,-7143.22321906869,40,612.438882597986,40,848.589968672758
125,8,45,2768.98511277372,45,-6748.18000076355,45,539.093067721988,45,1091.36855089619
125,8,50,2898.34128027225,50,-6309.05824992528,50,384.877667174804,50,1310.11876754575
125,8,55,3026.84747543133,55,-5818.70245997352,55,156.013605225345,55,1493.5608609346
125,8,60,3168.34485249456,60,-5270.35448890117,60,-132.02993791819,60,1636.71402952491
125,8,65,3331.35192697728,65,-4662.21750154322,65,-456.26904625202,65,1740.88579751115
125,8,70,3515.28624662118,70,-4000.18699892095,70,-789.966960485723,70,1811.7034767599
125,8,75,3710.47872808411,75,-3297.58346134403,75,-1107.25871826152,75,1856.16211565962
125,8,80,3901.58764745496,80,-2572.17305760809,80,-1387.18644128762,80,1879.89899036593
125,8,85,4072.50169466832,85,-1841.92313455727,85,-1616.04667089334,85,1885.58170914678
125,8,90,4210.45611247602,90,-1121.28479389538,90,-1787.68610483571,90,1872.67947856265
130,8,0,1014.06708997137,0,-8077.97455828038,0,-489.618247535817,0,-572.813292021842
130,8,5,1113.3479472647,5,-8168.42057204335,5,-308.704869144608,5,-410.802066925455
130,8,10,1232.3705050585,10,-8192.46395354994,10,-108.868835942763,10,-235.2473406856
130,8,15,1369.52725217271,15,-8150.48777474952,15,95.8339788607751,15,-40.5964335931115
130,8,20,1521.07185866398,20,-8045.92147756919,20,290.842785496515,20,177.500594930919
130,8,25,1680.91072958318,25,-7885.11436689606,25,461.465597134418,25,420.504713761811
130,8,30,1841.40590162872,30,-7676.27517085093,30,593.107203739532,30,685.553555234255
130,8,35,1995.42323185337,35,-7427.42648354714,35,671.771860665695,35,964.846774101787
130,8,40,2139.07260184538,40,-7143.9558109463,40,685.267868062062,40,1246.31580186352
130,8,45,2273.90345724591,45,-6826.81127576427,45,625.198445535843,45,1515.63295786939
130,8,50,2407.25512595035,50,-6472.33045565072,50,489.275973900391,50,1759.05050845956
130,8,55,2550.19139592998,55,-6074.03674722462,55,283.072858682237,55,1966.13862472845
130,8,60,2713.62477671275,60,-5625.80335874701,60,20.3202169195054,60,2131.47209058927
130,8,65,2904.18056885389,65,-5125.09381724213,65,-278.659734808359,65,2254.7392231876
130,8,70,3121.50496887735,70,-4574.93682336928,70,-590.084664717091,70,2339.39608989661
130,8,75,3358.01145622377,75,-3983.89998217805,75,-890.51367657528,75,2390.53076439015
130,8,80,3600.919795176,80,-3364.23871347388,80,-1160.23831037564,80,2412.79184706479
130,8,85,3835.50204042531,85,-2729.13407379635,85,-1385.43396959287,85,2409.04344540844
130,8,90,4048.14548074694,90,-2090.17356654787,90,-1558.76228934697,90,2379.99804451883
135,8,0,865.893894667203,0,-7534.18014234257,0,-345.146199022284,0,-539.825601416026
135,8,5,952.255638452491,5,-7603.00335226547,5,-168.645987126733,5,-319.072885351102
135,8,10,1051.000227396,10,-7620.66542916069,10,23.704044710273,10,-83.3068521419469
135,8,15,1160.44822614461,15,-7588.64288487385,15,219.83134259494,15,170.693379278948
135,8,20,1277.63718580798,20,-7510.85236797186,20,406.845136318892,20,444.764397509927
135,8,25,1398.56856574702,25,-7393.10580381982,25,571.317124210104,25,738.159105672437
135,8,30,1519.07276930148,30,-7241.95319266428,30,699.657812390075,30,1046.63892032226
135,8,35,1636.25347850675,35,-7063.0440001696,35,778.861528026199,35,1362.22642452996
135,8,40,1750.07200258492,40,-6859.47186578328,40,797.813525666975,40,1673.87800130809
135,8,45,1864.34986168321,45,-6630.75518140577,45,749.079196538387,45,1969.05075584905
135,8,50,1986.53263911955,50,-6372.98189416166,50,630.749311235911,50,2235.78457431929
135,8,55,2126.01265881485,55,-6080.21509628256,55,447.697351106318,55,2464.67587444521
135,8,60,2291.44819972577,60,-5746.71409291548,60,211.670151832507,60,2650.12724752822
135,8,65,2488.00204577906,65,-5369.15727568135,65,-60.0166277871808,65,2790.53035067278
135,8,70,2715.48564492809,70,-4948.0562954787,70,-346.929941468926,70,2887.44766756079
135,8,75,2968.00860273356,75,-4487.91904588058,75,-628.489830363141,75,2944.20550608807
135,8,80,3235.11260982283,80,-3996.25297868371,80,-886.708770027469,80,2964.44762144279
135,8,85,3503.83114200464,85,-3481.93539141886,85,-1108.10600070647,85,2951.10016286131
135,8,90,3760.89538735866,90,-2953.6300155615,90,-1284.53404459901,90,2905.95416509497
140,8,0,866.298429357794,0,-6663.16183420919,0,-159.677368102234,0,-508.802649193227
140,8,5,935.060538939241,5,-6708.34959486322,5,15.4812945173036,5,-224.576409627992
140,8,10,1008.36293230528,10,-6720.09471850417,10,202.512331702734,10,75.0649272935667
140,8,15,1084.85989755659,15,-6700.45667707966,15,390.879478263798,15,390.940908207999
140,8,20,1162.77157206759,20,-6653.10454642959,20,569.176584849389,20,722.469769168437
140,8,25,1240.25675212216,25,-6582.66885042531,25,725.408368672147,25,1066.91391537482
140,8,30,1316.11006138906,30,-6493.74662776012,30,847.471244007854,30,1418.90676919872
140,8,35,1390.65399918118,35,-6389.73159557596,35,923.975907152942,35,1770.46581176173
140,8,40,1466.52087469202,40,-6271.78944727716,40,945.454659347501,40,2111.60710340479
140,8,45,1548.93766292762,45,-6138.34647063205,45,905.810532337979,45,2431.50091671618
140,8,50,1645.22245934933,50,-5985.34388850758,50,803.673273817182,50,2719.91130831076
140,8,55,1763.4670762613,55,-5807.25332864291,55,643.236066003227,55,2968.53792927211
140,8,60,1910.70615265377,60,-5598.55986325417,60,434.225288926323,60,3171.89543475878
140,8,65,2091.10192798743,65,-5355.23740100916,65,190.888437112052,65,3327.52602532038
140,8,70,2304.69152083033,70,-5075.75679003395,70,-69.8223811001147,70,3435.57327922463
140,8,75,2547.04368557311,75,-4761.36916156745,75,-330.464585739603,75,3497.94668545068
140,8,80,2809.85480906096,80,-4415.69353212018,80,-575.229740466272,80,3517.39585861142
140,8,85,3082.2252768746,85,-4043.87456514061,85,-791.572463790826,85,3496.77297156418
140,8,90,3352.21047167539,90,-3651.6688393718,90,-971.125080052667,90,3438.63483938386
145,8,0,992.35839999731,0,-5474.89203222035,0,57.6539091288003,0,-483.670424455681
145,8,5,1039.44810287287,5,-5497.11079651155,5,233.010346318431,5,-135.080115158478
145,8,10,1083.65160129826,10,-5504.41134232993,10,415.675350836783,10,228.207038284829
145,8,15,1124.16936718867,15,-5498.97964199465,15,596.335059811691,15,604.756348495725
145,8,20,1160.45845683216,20,-5483.78808437445,20,764.976980609455,20,991.887444478873
145,8,25,1192.54810258869,25,-5462.03533066303,25,911.202583074065,25,1385.27152076737
145,8,30,1221.48433787522,30,-5436.42435252219,30,1024.73703945593,30,1778.76129529328
145,8,35,1249.78105757193,35,-5408.41987418186,35,1096.18791570868,35,2164.54736647622
145,8,40,1281.69269808257,40,-5377.67747414941,40,1118.02405856616,40,2533.67307515786
145,8,45,1323.12137810003,45,-5341.83080845297,45,1085.63668964996,45,2876.84452145667
145,8,50,1381.05142099264,50,-5296.74247741396,50,998.25218171309,50,3185.37634585732
145,8,55,1462.54957368719,55,-5237.18712717926,55,859.439246656487,55,3452.05970327308
145,8,60,1573.52537917024,60,-5157.79503889463,60,677.017565331129,60,3671.75533980812
145,8,65,1717.54654022099,65,-5054.00142043683,65,462.31504116127,65,3841.59955856505
145,8,70,1895.00459705106,70,-4922.75746009841,70,228.886736907415,70,3960.8302104939
145,8,75,2102.82749030305,75,-4762.85675199434,75,-9.06043099137982,75,4030.34528923429
145,8,80,2334.78078739112,80,-4574.86869257971,80,-238.239593867419,80,4052.15994086521
145,8,85,2582.25034387611,85,-4360.78878490279,85,-447.586704021537,85,4028.91776599403
145,8,90,2835.30616726636,90,-4123.57075617687,90,-629.121586134163,90,3963.55661900124
150,8,0,1203.39357204699,0,-4001.1914741402,0,291.457604767089,0,-468.219248729859
150,8,5,1225.80909010345,5,-4003.34912314018,5,466.245056446311,5,-59.0895763054489
150,8,10,1239.05872320287,10,-4008.31939879609,10,643.706910656695,10,363.097951115287
150,8,15,1242.93867773722,15,-4018.08052697015,15,815.636791705722,15,795.013168280043
150,8,20,1237.95086743234,20,-4034.74051993702,20,973.417977424417,20,1232.35466941144
150,8,25,1225.49532277457,25,-4060.14015646882,25,1108.35365892701,25,1669.69002865052
150,8,30,1208.07978512797,30,-4095.40141449919,30,1212.13523363015,30,2100.46193801344
150,8,35,1189.46520319063,35,-4140.51211436212,35,1277.45283239775,35,2517.19270611138
150,8,40,1174.65152439174,40,-4194.04786184225,40,1298.70134158348,40,2911.882955079
150,8,45,1169.6258956079,45,-4253.11544182684,45,1272.68010965434,45,3276.5545797652
150,8,50,1180.84744565317,50,-4313.55524727574,50,1199.14681392905,50,3603.84746204934
150,8,55,1214.51639265876,55,-4370.37524265445,55,1081.08488868462,55,3887.560215398
150,8,60,1275.74577048347,60,-4418.32713818859,60,924.586623391916,60,4123.03711553956
150,8,65,1367.79556287391,65,-4452.4999064131,65,738.330703438434,65,4307.34394709459
150,8,70,1491.52567007573,70,-4468.80964053363,70,532.720197175845,70,4439.23053648399
150,8,75,1645.17724039954,75,-4464.30483130125,75,318.817771000995,75,4518.92767685387
150,8,80,1824.51850980728,80,-4437.26475919067,80,107.249652183631,80,4547.85506962031
150,8,85,2023.31571549969,85,-4387.12271956443,85,-92.7569538574958,85,4528.31909594089
150,8,90,2234.03298519897,90,-4314.27752162291,90,-274.078390433377,90,4463.25999431241
155,8,0,1443.92669107716,0,-2300.28037885182,0,521.929011305303,0,-463.964205799435
155,8,5,1440.1048857586,5,-2286.59016893898,5,692.896967080536,5,-2.91576737565502
155,8,10,1422.53798523864,10,-2291.39581390259,10,862.388934478933,10,468.979171125312
155,8,15,1391.54666951663,15,-2316.28220965526,15,1023.36997491297,15,947.015819511234
155,8,20,1348.35214230104,20,-2362.53283476565,20,1168.68141143817,20,1425.82871541082
155,8,25,1295.15187377278,25,-2430.89126270324,25,1291.35218505542,25,1899.3778066926
155,8,30,1235.16221997352,30,-2521.31794115059,30,1384.98014331577,30,2361.03552319231
155,8,35,1172.58710871011,35,-2632.79032618888,35,1444.16986536524,35,2803.78094862884
155,8,40,1112.47331266494,40,-2763.19282864333,40,1464.98829188645,40,3220.48829154225
155,8,45,1060.42839731104,45,-2909.33026915838,45,1445.37656547597,45,3604.27740565144
155,8,50,1022.2054479972,50,-3067.07581126509,50,1385.4446643514,50,3948.87932470477
155,8,55,1003.19236222031,55,-3231.63671431872,55,1287.58101256232,55,4248.96463575766
155,8,60,1007.87296883601,60,-3397.89643807183,60,1156.33352459164,60,4500.38947225645
155,8,65,1039.3430891619,65,-3560.77713911334,65,998.056562488047,65,4700.33144602596
155,8,70,1098.96150113978,70,-3715.56658977051,70,820.360450052073,70,4847.31077896455
155,8,75,1186.19419422444,75,-3858.16709992761,75,631.435647994547,75,4941.11342446789
155,8,80,1298.6763464117,80,-3985.24568115325,80,439.34406685316,80,4982.64733852618
155,8,85,1432.47905222797,85,-4094.28702550774,85,251.37178465589,85,4973.76762797593
155,8,90,1582.53558496489,90,-4183.56762458697,90,73.5223137130693,90,4917.10196314324
160,8,0,1648.32655884047,0,-459.906228401081,0,728.359991430544,0,-468.880189810913
160,8,5,1618.37147348818,5,-434.984473667953,5,890.308402558655,5,31.4384136159517
160,8,10,1572.18554144918,10,-441.337395588904,10,1047.53162844183,10,540.177424054804
160,8,15,1510.46456248109,15,-480.102054266051,15,1194.31796051611,15,1051.8568688705
160,8,20,1434.78417666298,20,-551.887385923055,20,1325.0329274359,20,1560.60961771947
160,8,25,1347.59816283086,25,-656.652834123228,25,1434.37522470138,25,2060.24054839814
160,8,30,1252.19238491596,30,-793.59892610684,30,1517.65324024771,30,2544.33667401643
160,8,35,1152.58020120649,35,-961.090898358932,35,1571.06730020616,35,3006.42646156338
160,8,40,1053.32914647361,40,-1156.63377765655,40,1591.97347875613,40,3440.17824238605
160,8,45,959.317647531685,45,-1376.91074853907,45,1579.09799442737,45,3839.62030266025
160,8,50,875.433050288757,50,-1617.88717426891,50,1532.66960242515,50,4199.36053822979
160,8,55,806.235545739461,55,-1874.9721667283,55,1454.44266972874,55,4514.78268370857
160,8,60,755.623251630588,60,-2143.22047032875,60,1347.59569303743,60,4782.19945455666
160,8,65,726.538686524002,65,-2417.55175580627,65,1216.50687297572,65,4998.94976376946
160,8,70,720.754460212814,70,-2692.96340889622,70,1066.42656056387,70,5163.4358535595
160,8,75,738.766358891318,75,-2964.71644052035,75,903.082078311757,75,5275.10465999823
160,8,80,779.807047512341,80,-3228.48093737924,80,732.260364896562,80,5334.38418272702
160,8,85,841.976400138415,85,-3480.43555075139,85,559.416305528014,85,5342.58899185079
160,8,90,922.468316189196,90,-3717.32296255939,90,389.349401076553,90,5301.80913503164
165,8,0,1747.53703992426,0,1403.34601671297,0,893.167778470121,0,-477.717060289907
165,8,5,1693.34094799772,5,1434.86042971563,5,1040.01142229214,5,46.5605031529788
165,8,10,1622.7135786713,10,1425.81223628754,10,1179.95016335305,10,576.871735368941
165,8,15,1536.54530720895,15,1375.48190137713,15,1308.71867687912,15,1107.54667576913
165,8,20,1436.43691991484,20,1283.75462623587,20,1422.21608542066,20,1632.7256493347
165,8,25,1324.66500440516,25,1151.17086889297,25,1516.68525313114,25,2146.44315964377
165,8,30,1204.11186409846,30,978.962731720496,30,1588.88897018801,30,2642.73174123232
165,8,35,1078.15831827042,35,769.068879911181,35,1636.27279845254,35,3115.74309682677
165,8,40,950.540542762541,40,524.122085901849,40,1657.10246839504,40,3559.88092386512
165,8,45,825.176014084607,45,247.406053026645,45,1650.56307131409,45,3969.93752125869
165,8,50,705.968067740673,50,-57.2185357730374,50,1616.80849078353,50,4341.22497871785
165,8,55,596.602711777396,55,-385.415329053526,55,1556.95282826271,55,4669.69173482352
165,8,60,500.354203279232,60,-732.49452795287,60,1473.00079230198,60,4952.01655728893
165,8,65,419.916709097845,65,-1093.54749488037,65,1367.72045577837,65,5185.67430919228
165,8,70,357.277713808209,70,-1463.58443713298,70,1244.46841299004,70,5368.97077800833
165,8,75,313.644782110765,75,-1837.66638799978,75,1106.9830421142,75,5501.04682547552
165,8,80,289.431392149551,80,-2211.02434291125,80,959.165291647625,80,5581.85466487863
165,8,85,284.300757128986,85,-2579.16072632541,85,804.867509873092,85,5612.11083068775
165,8,90,297.259935547593,90,-2937.93087631641,90,647.709148473759,90,5593.23121995151
170,8,0,1678.45819861927,0,3150.7455543928,0,1005.058459424,0,-483.821302133347
170,8,5,1603.80466389508,5,3183.95348669828,5,1131.04837963468,5,48.0068813822109
170,8,10,1514.70393686188,10,3171.26103313067,10,1248.93329484013,10,583.630969642681
170,8,15,1412.08154182007,15,3112.3026565903,15,1355.89791605473,15,1117.68623653813
170,8,20,1297.33175031511,20,3007.29245236646,20,1449.28658051688,20,1644.73811676966
170,8,25,1172.28356891041,25,2857.03919101377,25,1526.70527121902,25,2159.36121691307
170,8,30,1039.14634851054,30,2662.94975405275,30,1586.11594628028,30,2656.2234396673
170,8,35,900.436635018363,35,2427.0192526151,35,1625.91816564012,35,3130.17324649111
170,8,40,758.889121739727,40,2151.80665697548,40,1645.0132328534,40,3576.32740798729
170,8,45,617.355828806568,45,1840.39553849389,45,1642.84670782185,45,3990.15609990769
170,8,50,478.698773980032,50,1496.34044455649,50,1619.42623601635,50,4367.56197919316
170,8,55,345.682237483179,55,1123.60037559346,55,1575.31315482455,55,4704.94996264192
170,8,60,220.871094813657,60,726.461689393597,60,1511.58817062562,60,4999.28482685642
170,8,65,106.54147562006,65,309.45341545262,65,1429.79336935426,65,5248.13440231451
170,8,70,4.60916082910213,70,-122.74165176685,70,1331.85469765245,70,5449.69696107449
170,8,75,-83.4202938441124,75,-565.376625269105,75,1219.99058901649,75,5602.8122917115
170,8,80,-156.477576713951,80,-1013.72770331199,80,1096.61339946803,80,5706.95681160856
170,8,85,-213.931720883291,85,-1463.17601175083,85,964.230620961998,85,5762.22379875341
170,8,90,-255.570254318733,90,-1909.28183219748,90,825.352415922468,90,5769.29037673403
175,8,0,1395.65231049606,0,4634.86723662701,0,1060.43068350611,0,-481.635349053508
175,8,5,1306.35554204042,5,4664.16375818942,5,1161.1563479233,5,41.6690477235997
175,8,10,1206.33351820523,10,4646.50746538479,10,1253.29540435371,10,566.68382703759
175,8,15,1096.45079645519,15,4581.82816140957,15,1335.33342142588,15,1088.71256581591
175,8,20,977.79887193,20,4470.53755239191,20,1405.86774785872,20,1603.05371627622
175,8,25,851.677533978083,25,4313.52991225681,25,1463.64824116493,25,2105.05814409581
175,8,30,719.568717596628,30,4112.1752342434,30,1507.61404202428,30,2590.1869161248
175,8,35,583.103784138246,35,3868.30477089732,35,1536.92486345519,35,3054.06821624612
175,8,40,444.025486032651,40,3584.18905506266,40,1550.9854956133,40,3492.55222228194
175,8,45,304.146133106336,45,3262.5087024501,45,1549.46253409202,45,3901.76276982379
175,8,50,165.303663896634,50,2906.31851123381,50,1532.29270759582,50,4278.14466708587
175,8,55,29.3174182893407,55,2519.00558326224,55,1499.68258931586,55,4618.50561132662
175,8,60,-102.054602204951,60,2104.24238168238,60,1452.0998996688,60,4920.05179087701
175,8,65,-227.155315591028,65,1665.93579881799,65,1390.25701744934,65,5180.41643204503
175,8,70,-344.463525331212,70,1208.1734260404,70,1315.08768250886,70,5397.68075827132
175,8,75,-452.623112434689,75,735.168287453694,75,1227.71816892127,75,5570.38705850344
175,8,80,-550.465653412064,80,251.203318627325,80,1129.43441193919,80,5697.54380021901
175,8,85,-637.026053674057,85,-239.423158714403,85,1021.64667175142,85,5778.62295734636
175,8,90,-711.551175719684,90,-732.44979095388,90,905.853308828246,90,5813.54994327106
180,8,0,883.278811491068,0,5718.42300781148,0,1062.999908386,0,-468.730368584981
180,8,5,787.271122388106,5,5737.51522525006,5,1135.93769367492,5,31.446696572159
180,8,10,685.27182467647,10,5712.94148741808,10,1200.23030721704,10,531.384433380353
180,8,15,578.057194600606,15,5644.88881529845,15,1255.38844340236,15,1027.27801379183
180,8,20,466.443200233353,20,5533.87513081734,20,1300.99231550912,20,1515.35338823092
180,8,25,351.279291466219,25,5380.74531514556,25,1336.69485053422,25,1991.89600839019
180,8,30,233.441935182791,30,5186.66477864266,30,1362.22433062834,30,2453.27909718591
180,8,35,113.82794481653,35,4953.11059138047,35,1377.38646103284,35,2895.99125072162
180,8,40,-6.65234494097788,40,4681.86024174793,40,1382.06584878019,40,3316.66316219202
180,8,45,-127.082006336689,45,4374.97810869119,45,1376.22688090415,45,3712.09326434217
180,8,50,-246.544496929965,50,4034.79975054329,50,1359.91399547591,50,4079.27209532747
180,8,55,-364.130635033967,55,3663.91413001506,55,1333.25134340359,55,4415.4052025355
180,8,60,-478.945519137273,60,3265.14391062558,60,1296.44184356879,60,4717.93441005768
180,8,65,-590.115338644732,65,2841.52397452844,65,1249.76563849145,65,4984.55728795263
180,8,70,-696.794024103719,70,2396.27832522605,70,1193.57796227606,70,5213.24467512829
180,8,75,-798.169686303543,75,1932.79555095628,75,1128.30643706567,75,5402.25612248302
180,8,80,-893.470795242562,80,1454.60303548987,80,1054.44781857915,80,5550.15313877422
180,8,85,-981.972051937369,85,965.340112610055,85,972.564215500255,85,5655.81013840525
180,8,90,-1062.999908386,90,468.730368584981,90,883.278811491068,90,5718.42300781149
185,8,0,-163.554102254146,0,-6295.04547361859,0,-1022.30553243411,0,446.485239858887
185,8,5,-70.6780507842991,5,-6297.89329228601,5,-1066.86084745468,5,-18.2558398867072
185,8,10,23.2774468907705,10,-6264.29204165357,10,-1102.9291142018,10,-480.990392650008
185,8,15,117.627231256151,15,-6194.65919670642,15,-1130.70871108057,15,-938.904391938826
185,8,20,211.750136691873,20,-6089.56330605006,20,-1150.45594318176,20,-1389.23614014134
185,8,25,305.093537453112,25,-5949.71910731957,25,-1162.47417471495,25,-1829.27585999157
185,8,30,397.176595341778,30,-5775.98506843067,30,-1167.10220228332,30,-2256.36521379039
185,8,35,487.591987576378,35,-5569.36325636309,35,-1164.70193943155,35,-2667.89732278609
185,8,40,576.005858000846,40,-5331.00133975026,40,-1155.64555947766,40,-3061.31782361389
185,8,45,662.15572334026,45,-5062.19644346575,45,-1140.30233931267,45,-3434.12745179258
185,8,50,745.846086897321,50,-4764.40049220839,50,-1119.02555420615,50,-3783.8865851025
185,8,55,826.941570542774,55,-4439.22660542719,55,-1092.13988203506,55,-4108.22211245337
185,8,60,905.357473926126,60,-4088.45603796935,60,-1059.9298718816,60,-4404.83691605423
185,8,65,981.047804763934,65,-3714.04510071341,65,-1022.6301030347,65,-4671.52216534668
185,8,70,1053.99098836222,70,-3318.13144551,70,-980.417693496986,70,-4906.17251934057
185,8,75,1124.17364651088,75,-2903.03906257535,75,-933.407802238373,75,-5106.80421945424
185,8,80,1191.57302077996,80,-2471.28132061835,80,-881.652700757522,80,-5271.57592874994
185,8,85,1256.13878669295,85,-2025.56138539529,85,-825.144865983834,85,-5398.81203839946
185,8,90,1317.77514697086,90,-1568.76938567024,90,-763.82437227061,90,-5487.02802318461
190,8,0,702.149118583469,0,-6307.3387831134,0,-951.871492399563,0,419.164066331921
190,8,5,780.904584574042,5,-6289.88804798128,5,-969.006113099782,5,-0.656021961809916
190,8,10,856.409023841675,10,-6246.23392348075,10,-977.966469262768,10,-417.025642373064
190,8,15,928.119379152498,15,-6176.97585875589,15,-979.31519148472,15,-828.121701978694
190,8,20,995.571418217929,20,-6082.68951485684,20,-973.682661550708,20,-1232.17768343639
190,8,25,1058.38651013935,25,-5963.92434047246,25,-961.761641722824,25,-1627.45943343085
190,8,30,1116.28114821707,30,-5821.20632389711,30,-944.299959661978,30,-2012.24237730899
190,8,35,1169.07884465427,35,-5655.04541295404,35,-922.089848715902,35,-2384.79088506215
190,8,40,1216.72333027012,40,-5465.94712965816,40,-895.952624481333,40,-2743.34035756664
190,8,45,1259.29133753043,45,-5254.42798668846,45,-866.717755021896,45,-3086.08249659941
190,8,50,1297.00276045524,50,-5021.03440919758,50,-835.19602640582,50,-3411.15418023817
190,8,55,1330.22577645639,55,-4766.3649407627,55,-802.147333106872,55,-3716.63039067705
190,8,60,1359.47464101728,60,-4491.09552544102,60,-768.244511406215,60,-4000.52172399914
190,8,65,1385.3983263789,65,-4196.00757307883,65,-734.035447542644,65,-4260.77712325232
190,8,70,1408.7589152382,70,-3882.01831210363,70,-699.906309296611,70,-4495.29257298303
190,8,75,1430.39958480383,75,-3550.21261785236,75,-666.049083503804,75,-4701.92652122094
190,8,80,1451.20301095637,80,-3201.87510928441,80,-632.436612566519,80,-4878.52270177785
190,8,85,1472.04197432745,85,-2838.52089368377,85,-598.808016397056,85,-5022.94077922987
190,8,90,1493.72476598918,90,-2461.92298570546,90,-564.66680513874,90,-5133.09482211999
195,8,0,1621.57793218641,0,-5757.51753582056,0,-867.411962567557,0,391.822862883119
195,8,5,1675.45800750929,5,-5719.49832543433,5,-859.039488498489,5,23.3624444888139
195,8,10,1722.92536933203,10,-5667.34855920019,10,-843.008661420031,10,-340.722458491161
195,8,15,1763.73053629137,15,-5601.73228547008,15,-820.003018382793,15,-699.527917326052
195,8,20,1797.63592832447,20,-5523.15186611216,20,-790.766837300684,20,-1052.17844631621
195,8,25,1824.41038430462,25,-5431.95700152589,25,-756.120977978751,25,-1397.78852725001
195,8,30,1843.83872220482,30,-5328.35794917101,30,-716.981698812553,30,-1735.42974152431
195,8,35,1855.74810421786,35,-5212.4408495571,35,-674.376213480486,35,-2064.10346761311
195,8,40,1860.04964024887,40,-5084.18350127935,40,-629.448014285496,40,-2382.71856074018
195,8,45,1856.79036794528,45,-4943.47070080825,45,-583.445798234577,45,-2690.07295915735
195,8,50,1846.20820665702,50,-4790.10934879487,50,-537.692054503043,50,-2984.83790071315
195,8,55,1828.78122573038,55,-4623.84474831762,55,-493.530538840455,55,-3265.54355991303
195,8,60,1805.262810509,60,-4444.38058232131,60,-452.255299813715,60,-3530.5655433235
195,8,65,1776.69592331593,65,-4251.40561372785,65,-415.026940899662,65,-3778.11277883256
195,8,70,1744.4022310334,70,-4044.62993132149,70,-382.783865878555,70,-4006.21869492145
195,8,75,1709.94484962665,75,-3823.83247371383,75,-356.157103884521,75,-4212.73886659584
195,8,80,1675.06629938065,80,-3588.91973393467,80,-335.396989381627,80,-4395.35912204683
195,8,85,1641.60558438964,85,-3339.99330888687,85,-320.318761716648,85,-4551.61815068074
195,8,90,1611.39993599595,90,-3077.4217537673,90,-310.272434757852,90,-4678.94778727725
200,8,0,2487.90137460893,0,-4707.45189479337,0,-785.035646692281,0,367.903231549032
200,8,5,2508.11057522929,5,-4653.3108799168,5,-753.416837460202,5,54.2970494161368
200,8,10,2520.30519376732,10,-4597.74885669211,10,-714.918426274073,10,-254.691328050847
200,8,15,2524.77506128272,15,-4541.27277600086,15,-670.227593614888,15,-558.964730226716
200,8,20,2521.68139653642,20,-4484.13684467323,20,-620.019782248474,20,-858.378093764241
200,8,25,2511.00405638541,25,-4426.38241442901,25,-565.007315695867,25,-1152.69602294279
200,8,30,2492.53058256715,30,-4367.87955850987,30,-506.011324845714,30,-1441.56373836355
200,8,35,2465.89525760327,35,-4308.36334514412,35,-444.039370925316,35,-1724.4910569317
200,8,40,2430.66587196417,40,-4247.45780208897,40,-380.347696892249,40,-2000.84755545175
200,8,45,2386.46575452512,45,-4184.68244140556,45,-316.468761336098,45,-2269.86472122206
200,8,50,2333.11129318969,50,-4119.44028936197,50,-254.191142543378,50,-2530.6385911787
200,8,55,2270.7423102402,55,-4050.99197139958,55,-195.488298266969,55,-2782.125401721
200,8,60,2199.92463015066,60,-3978.42597544264,60,-142.402522735055,60,-3023.12411888443
200,8,65,2121.71004487292,65,-3900.63887086335,65,-96.8982642991532,65,-3252.24356906553
200,8,70,2037.64674899874,70,-3816.33955846595,70,-60.7030475837385,70,-3467.85740509186
200,8,75,1949.74099056642,75,-3724.08819277323,75,-35.1541551021176,75,-3668.05574802362
200,8,80,1860.37638624195,80,-3622.37408000398,80,-21.0658479255049,80,-3850.60633601757
200,8,85,1772.20025210936,85,-3509.72927776509,85,-18.6269940033438,85,-4012.93917194929
200,8,90,1687.98667094027,90,-3384.86764381951,90,-27.3344081080341,90,-4152.16662982867
205,8,0,3199.41720162957,0,-3267.73157824174,0,-719.288791282887,0,347.421641054955
205,8,5,3180.66118121452,5,-3206.10799641047,5,-666.65547503575,5,89.6113550176723
205,8,10,3154.02587615464,10,-3155.48046905106,10,-608.144278253625,10,-164.068781536825
205,8,15,3120.62297283571,15,-3115.88354824662,15,-544.474244480472,15,-414.214446048549
205,8,20,3081.22814324883,20,-3087.02556579688,20,-476.179780446458,20,-661.242174247179
205,8,25,3036.13079690163,25,-3068.39081005776,25,-403.695117054072,25,-905.346684128985
205,8,30,2985.07566160891,30,-3059.3496378017,30,-327.507142404939,30,-1146.48254281134
205,8,35,2927.31633011754,35,-3059.2568498344,35,-248.338224570061,35,-1384.37464365569
205,8,40,2861.7748585009,40,-3067.51384059789,40,-167.310656241542,40,-1618.55797010274
205,8,45,2787.2772824582,45,-3083.57276415439,45,-86.0474960920972,45,-1848.43816678183
205,8,50,2702.81907936069,50,-3106.87312240338,50,-6.68000106926625,50,-2073.35425944095
205,8,55,2607.81110866321,55,-3136.72026618947,55,68.2451237407118,55,-2292.61878042383
205,8,60,2502.26553507002,60,-3172.13490090133,60,135.941901622587,60,-2505.51275958345
205,8,65,2386.89898111446,65,-3211.71521255503,65,193.611081046769,65,-2711.22428417355
205,8,70,2263.15048032228,70,-3253.55350342628,70,238.676827795786,70,-2908.73630790093
205,8,75,2133.12822806464,75,-3295.23700961382,75,269.001206100124,75,-3096.68620287869
205,8,80,1999.50716548167,80,-3333.94256338671,80,283.057597775378,80,-3273.23044208292
205,8,85,1865.39809934194,85,-3366.61412730052,85,280.059594533736,85,-3435.94960416546
205,8,90,1734.20102436412,90,-3390.19716386266,90,260.052275538159,90,-3581.82194032454
210,8,0,3676.63528543403,0,-1578.59644243393,0,-681.131640031962,0,326.374546964456
210,8,5,3617.95395449487,5,-1520.43933758894,5,-609.683977111599,5,123.307990363489
210,8,10,3553.17259960195,10,-1484.80463673656,10,-533.375354539462,10,-76.7373852448782
210,8,15,3484.48343270355,15,-1470.91984503141,15,-453.11539622133,15,-274.977270762958
210,8,20,3413.48004311019,20,-1477.56111787414,20,-369.356662529413,20,-472.266585158855
210,8,25,3340.84827826369,25,-1503.25664749695,25,-282.200795098794,25,-669.04397594037
210,8,30,3266.23275347593,30,-1546.53384837732,30,-191.649168615875,30,-865.31489662686
210,8,35,3188.31773777661,35,-1606.16308976225,35,-97.9300743984919,35,-1060.69563319194
210,8,40,3105.10584340074,40,-1681.32962385573,40,-1.81072869443355,40,-1254.53022473995
210,8,45,3014.32808002202,45,-1771.66722141829,45,95.1943938605089,45,-1446.06618730448
210,8,50,2913.8894805691,50,-1877.11855902119,50,190.777088765812,50,-1634.64437890892
210,8,55,2802.25422205427,55,-1997.64089257361,55,281.960958405134,55,-1819.83908881059
210,8,60,2678.70171047947,60,-2132.8303411897,60,365.359872933077,60,-2001.48888132081
210,8,65,2543.42970601451,65,-2281.57008537082,65,437.497517520118,65,-2179.58847329262
210,8,70,2397.52589298359,70,-2441.80216279669,70,495.111371175882,70,-2354.05608117084
210,8,75,2242.85955961926,75,-2610.48215740881,75,535.38768060086,75,-2524.43128918342
210,8,80,2081.95091455342,80,-2783.71978139518,80,556.113725153542,80,-2689.57993496576
210,8,85,1917.85756240484,85,-2957.06044957659,85,555.771820814696,85,-2847.47895279131
210,8,90,1754.0857060914,90,-3125.84037124695,90,533.619495114064,90,-2995.13083565448
215,8,0,3872.0258082826,0,212.092987949955,0,-676.289185925137,0,297.49731383369
215,8,5,3776.66716745665,5,256.038410891455,5,-588.542986988862,5,146.687532253538
215,8,10,3678.21782729006,10,267.185222369138,10,-496.596835151031,10,-2.58600022276477
215,8,15,3580.16378243342,15,247.351413239187,15,-401.78588113176,15,-152.158091592679
215,8,20,3485.09982005406,20,199.070862745954,20,-304.668727300513,20,-303.280372540154
215,8,25,3394.18662070031,25,125.253685752844,25,-205.113574726106,25,-456.51796123283
215,8,30,3306.91094178559,30,28.7091576946912,30,-102.634237145224,30,-611.70608940058
215,8,35,3221.21656207385,35,-88.371573638878,35,3.12176763912708,35,-768.027651739142
215,8,40,3133.96921869086,40,-224.816328727022,40,111.88076316794,40,-924.248412697444
215,8,45,3041.62470517938,45,-380.595573991721,45,222.39816668138,45,-1079.08663358226
215,8,50,2940.91748113075,50,-556.578682048354,50,332.365116077635,50,-1231.62314833175
215,8,55,2829.39635506631,55,-753.959046368235,55,438.582961560565,55,-1381.61346615425
215,8,60,2705.70033112873,60,-973.513068700133,60,537.32930161163,60,-1529.57468406361
215,8,65,2569.56548245725,65,-1214.92582879324,65,624.779570049101,65,-1676.5893799663
215,8,70,2421.64473395829,70,-1476.38724974622,70,697.347401547062,70,-1823.86729482089
215,8,75,2263.27248278946,75,-1754.55133370549,75,751.864477554704,75,-1972.18844855764
215,8,80,2096.29829511228,80,-2044.81474768959,80,785.608847120188,80,-2121.38310298476
215,8,85,1923.05533017155,85,-2341.77550368866,85,796.268638335154,85,-2269.97790366742
215,8,90,1746.44662214553,90,-2639.71506563665,90,781.96031312886,90,-2415.07486300064
220,8,0,3771.05179370134,0,1968.35977405964,0,-704.528242602939,0,252.029782938795
220,8,5,3645.51793234942,5,1989.73849747545,5,-603.798173016758,5,149.98096982883
220,8,10,3520.44915159442,10,1969.55512249688,10,-498.717259512548,10,47.9316338418855
220,8,15,3400.80445263059,15,1910.71476651308,15,-391.272719054277,15,-56.6451319765069
220,8,20,3290.37255891403,20,1817.3114647237,20,-282.416653122693,20,-165.43561062764
220,8,25,3190.90479577682,25,1694.13542160883,25,-172.05504540755,25,-279.081305247792
220,8,30,3101.72265992362,30,1545.86666060115,30,-59.4049686923721,30,-397.072831821002
220,8,35,3019.9162283471,35,1376.12755459959,35,56.3864635659033,35,-517.862987545332
220,8,40,2941.07408682203,40,1186.69809035282,40,175.563407076204,40,-639.272061292028
220,8,45,2860.31794945431,45,977.218911430418,45,297.257787370957,45,-759.145156701594
220,8,50,2773.31959725544,50,745.571673144341,50,419.335789956121,50,-876.087372988207
220,8,55,2676.99917096429,55,488.86897029612,55,538.628858849267,55,-990.019387536683
220,8,60,2569.73937156262,60,204.724494673327,60,651.423132482294,60,-1102.32245887536
220,8,65,2451.14464846292,65,-107.650961591909,65,753.978386359494,65,-1215.48214745791
220,8,70,2321.54579971907,70,-446.894906204159,70,842.854943033091,70,-1332.33078928497
220,8,75,2181.52844665892,75,-809.592376435925,75,914.94140285027,75,-1455.13436871915
220,8,80,2031.72133399972,80,-1190.85892919824,80,967.240160809055,80,-1584.8021766651
220,8,85,1872.94181330545,85,-1585.07409053225,85,996.601345081326,85,-1720.41723179637
220,8,90,1706.6234950411,90,-1986.45442354912,90,999.637094229672,90,-1859.15000481315
225,8,0,3386.5626850565,0,3579.37105561898,0,-760.171721069186,0,181.827532125678
225,8,5,3239.23166586597,5,3573.36372672321,5,-650.871676873984,5,124.294239291251
225,8,10,3095.70477106255,10,3518.79525303977,10,-535.846979994679,10,65.5074631834629
225,8,15,2962.55558050159,15,3419.47250127648,15,-417.868213850895,15,2.13455828894249
225,8,20,2844.98312332602,20,3281.08815859229,20,-298.620105952726,20,-68.0211041676924
225,8,25,2745.52778861313,25,3110.58617566033,25,-178.479265793859,25,-145.661198762608
225,8,30,2663.45178411505,30,2914.94692332039,30,-56.7588585455792,30,-229.80030080885
225,8,35,2594.98547726217,35,2699.65967469756,35,67.6392244400001,35,-317.932030223744
225,8,40,2534.38445592641,40,2467.39433974616,40,195.392669422283,40,-406.663079405058
225,8,45,2475.45803486609,45,2217.44174710731,45,326.07878398311,45,-492.744846294017
225,8,50,2413.04064964626,50,1946.26433522741,50,457.928872649851,50,-574.218496443774
225,8,55,2343.89472392909,55,1649.04099012055,55,588.095530192605,55,-651.256765139846
225,8,60,2266.77436747778,60,1321.62191888009,60,713.25306228208,60,-726.338439167245
225,8,65,2181.73998025039,65,962.105047867977,65,830.18464567355,65,-803.63743890284
225,8,70,2089.12493171936,70,571.444600072544,70,936.031531228533,70,-887.830603141456
225,8,75,1988.67609311347,75,152.999490652014,75,1028.07658454424,75,-982.75159024626
225,8,80,1879.27782468336,80,-288.565190389392,80,1103.19746926209,80,-1090.32978981038
225,8,85,1759.3901606842,85,-748.373506462279,85,1157.31746147505,85,-1210.07511099586
225,8,90,1628.01751637581,90,-1221.90535262814,90,1185.21601960861,90,-1339.12750313014
230,8,0,2750.39046434324,0,4965.504052789,0,-833.71324524728,0,81.1143463799564
230,8,5,2590.16147387085,5,4930.7413577112,5,-721.21975740399,5,63.2613618455928
230,8,10,2436.26983425526,10,4842.41973720948,10,-600.18005098603,10,43.4761177186426
230,8,15,2296.95185946445,15,4704.89434899165,15,-474.13250951622,15,17.5231183118565
230,8,20,2179.0133606783,20,4525.27452702436,20,-345.83020904885,20,-17.3545403685625
230,8,25,2086.0687970885,25,4312.68594506322,25,-216.665483318113,25,-61.8906203725262
230,8,30,2017.58550097557,30,4076.61216600153,30,-86.5994518881328,30,-114.5316071081
230,8,35,1969.08004580684,35,3824.68559191492,35,45.3215621929497,35,-171.700603534098
230,8,40,1933.50182723925,40,3560.69452402245,40,180.056121936274,40,-228.71403720025
230,8,45,1903.38176487922,45,3283.6902406791,45,317.69584544057,45,-281.23310509396
230,8,50,1872.9412688867,50,2988.73711814383,50,457.068439685142,50,-326.840846734423
230,8,55,1839.30963474594,55,2669.12165611942,55,595.979000382217,55,-366.154103082406
230,8,60,1802.37751240396,60,2319.09092416502,60,731.863726365559,60,-402.966997573077
230,8,65,1763.44539700222,65,1935.89464402367,65,862.380016458356,65,-443.298323742393
230,8,70,1723.37609151168,70,1520.28541437387,70,985.50468485598,70,-493.694066423829
230,8,75,1681.15100121763,75,1075.47533867767,75,1099.01655065116,75,-559.437710205569
230,8,80,1633.49540252367,80,605.336780351704,80,1199.60784381282,80,-643.278649494046
230,8,85,1575.73036672302,85,112.919935633687,85,1282.09654910776,85,-744.971177648929
230,8,90,1503.48776711767,90,-399.950436917561,90,1339.20381813759,90,-861.549910532484
235,8,0,1905.5060972919,0,6078.56638035968,0,-914.006800819497,0,-52.6125580548935
235,8,5,1740.76613468377,5,6016.12060611262,5,-804.048000093924,5,-36.0412050236794
235,8,10,1583.85405167049,10,5897.2796077707,10,-681.338072354237,10,-21.3000634515347
235,8,15,1444.53446077257,15,5726.54609692975,15,-550.028956526278,15,-13.550589647507
235,8,20,1331.30745548523,20,5512.11056962257,20,-414.220732060986,20,-16.0775008181995
235,8,25,1249.18780743486,25,5265.06372936452,25,-276.885580534298,25,-29.5721014945134
235,8,30,1198.2757645584,30,4997.31270205926,30,-139.241818071255,30,-51.8640307266971
235,8,35,1173.69588485694,35,4718.66763776066,35,-0.919517919021784,35,-78.3584774223323
235,8,40,1167.19713865753,40,4434.14147235351,40,139.156885526475,40,-103.2690277844
235,8,45,1170.01558425945,45,4142.70115923164,45,281.693772265093,45,-121.459213142702
235,8,50,1175.86221668699,50,3838.23911576485,50,426.399578560365,50,-130.373375772967
235,8,55,1182.66158933214,55,3512.48797913417,55,572.096705884815,55,-131.325036047296
235,8,60,1192.20174921365,60,3158.53504881367,60,717.319309317313,60,-129.532284902413
235,8,65,1207.90017662499,65,2773.21726123038,65,860.798848228785,65,-132.788712273539
235,8,70,1231.83001816366,70,2357.3138069977,70,1001.33499142936,70,-149.285917681259
235,8,75,1262.46014280594,75,1913.72174597159,75,1136.97965348193,75,-185.46470360117
235,8,80,1294.13182575763,80,1444.88247745688,80,1263.91143727615,80,-244.646048661174
235,8,85,1318.43683257196,85,950.991498589711,85,1375.5790074517,85,-326.714835025565
235,8,90,1326.8574355633,90,429.944801347342,90,1462.58983747159,90,-428.650181571557
240,8,0,900.256018568882,0,6898.46324671956,0,-990.373568212237,0,-218.649253476318
240,8,5,738.254549666095,5,6810.47824445041,5,-888.154323051542,5,-173.079824611085
240,8,10,584.65194126546,10,6665.44108059306,10,-767.972265552487,10,-128.350251306834
240,8,15,450.368139799833,15,6467.68466872726,15,-634.361649069328,15,-90.4631158757717
240,8,20,345.500898177711,20,6226.10249806588,20,-492.943464809269,20,-63.0912805916189
240,8,25,276.761418958019,25,5953.36143007434,25,-348.728554834376,25,-46.7557836580481
240,8,30,245.426990157994,30,5663.45471013866,30,-204.717846388485,30,-38.6754094744721
240,8,35,246.710340744347,35,5368.14637817479,35,-61.5084022435134,35,-33.4765391179146
240,8,40,271.339426144058,40,5073.62115622561,40,81.9659976649039,40,-24.7404062222658
240,8,45,309.163499803219,45,4778.92792038562,45,227.159432812883,45,-7.10955876565755
240,8,50,353.293213308817,50,4477.19158639357,50,374.974597593132,50,21.6220982297932
240,8,55,402.660463276216,55,4159.1857399583,55,525.620006599963,55,59.2126491576257
240,8,60,461.559950419563,60,3817.47900368613,60,679.000576954841,60,99.108519669105
240,8,65,536.358255243532,65,3448.96687230707,65,834.954211388698,65,132.087790255338
240,8,70,631.082979790304,70,3054.56078287872,70,992.823942593901,70,148.764378635966
240,8,75,744.103350755233,75,2636.51493899487,75,1150.41376127487,75,141.91878934895
240,8,80,867.398628961939,80,2195.17667087845,80,1302.8445574115,80,107.835051556899
240,8,85,988.552047797467,85,1727.08187835837,85,1441.90496285841,85,46.438729948036
240,8,90,1094.43809935295,90,1225.41773912566,90,1556.24011894871,90,-39.4229286255622
245,8,0,-215.528090553194,0,7428.29405532523,0,-1054.1187094719,0,-413.897708229723
245,8,5,-368.965062705008,5,7316.77706842073,5,-963.526413746306,5,-344.601773121371
245,8,10,-514.013938626023,10,7149.57355394084,10,-849.371778362807,10,-274.247256283257
245,8,15,-639.172596255444,15,6930.70760168765,15,-716.341955135203,15,-209.486893708681
245,8,20,-733.028901593894,20,6669.46697049572,20,-571.609842727065,20,-154.15314177723
245,8,25,-786.974147009189,25,6379.64499018539,25,-422.4571489913,25,-108.442388578956
245,8,30,-797.991485057723,30,6076.81337916567,30,-273.972700591308,30,-69.0393833144649
245,8,35,-770.214984560039,35,5774.25367117576,35,-127.956971863986,35,-30.2043729384727
245,8,40,-713.698132891205,40,5479.11012745226,40,16.579488832966,40,14.4109421773932
245,8,45,-640.117032599733,45,5190.6514795541,45,161.969415857784,45,69.6087906018097
245,8,50,-557.230019966317,50,4901.74851767817,50,310.593444647145,50,136.690429241006
245,8,55,-465.1543075274,55,4602.97171477982,55,464.366026491629,55,212.364916332037
245,8,60,-356.754635774594,60,4287.0958029011,60,624.749687567605,60,289.072528442306
245,8,65,-222.080330611686,65,3951.47122293401,65,792.58049370411,65,356.75803954271
245,8,70,-54.4626386826725,70,3597.05364112038,70,967.285235831754,70,405.424101025571
245,8,75,144.892286652126,75,3224.96606951815,75,1145.73662851555,75,427.412128619234
245,8,80,365.897407655701,80,2832.8434154286,80,1321.38171009614,80,418.614524537881
245,8,85,592.238559077755,85,2413.08930971163,85,1484.12105679689,85,378.494584936318
245,8,90,806.148226417505,90,1953.96028618635,90,1620.97693878227,90,309.336582851793
250,8,0,-1393.43615617371,0,7689.02693151511,0,-1099.26606435358,0,-633.996179969685
250,8,5,-1533.97392452211,5,7555.0996697134,5,-1022.45037900631,5,-545.764839882121
250,8,10,-1666.35733321724,10,7368.55529724285,10,-916.810810146056,10,-453.702024844879
250,8,15,-1779.13777977719,15,7133.18761080546,15,-787.010581948006,15,-364.846722398385
250,8,20,-1859.97650109187,20,6858.5211769447,20,-641.638211632595,20,-282.929203667784
250,8,25,-1898.30001582758,25,6559.07627267781,25,-490.175194860365,25,-207.694751681032
250,8,30,-1888.90167841548,30,6251.43939021695,30,-339.801358570766,30,-135.459670588879
250,8,35,-1834.73545888661,35,5949.84682918788,35,-193.565044817899,35,-60.658153067099
250,8,40,-1746.36346053097,40,5662.06222286381,40,-50.570757667024,40,22.1635406758283
250,8,45,-1637.09748665071,45,5387.64684866259,45,92.4686958605145,45,116.421629971609
250,8,50,-1515.91375485524,50,5119.74042195081,50,239.59221354059,50,222.01869314128
250,8,55,-1382.27569505989,55,4849.49506718714,55,394.627276347798,55,334.669448386729
250,8,60,-1226.2269833355,60,4570.5830163385,60,560.674723461974,60,446.353738877294
250,8,65,-1033.9353298939,65,4281.0785492036,65,739.374502236527,65,546.923855198312
250,8,70,-795.585796747313,70,3981.73301557025,70,929.737766564218,70,626.348907108967
250,8,75,-511.382204704058,75,3671.97974935543,75,1127.05633784288,75,676.71821961876
250,8,80,-192.905586426331,80,3346.24756482214,80,1322.59481980235,80,693.318727949603
250,8,85,140.159987334645,85,2992.67401619828,85,1504.27786436302,85,674.698861556255
250,8,90,465.819056645526,90,2594.84343948568,90,1657.95526187091,90,622.109585067896
255,8,0,-2588.98135673034,0,7714.23029820136,0,-1122.62957385755,0,-874.337320099162
255,8,5,-2713.7230921419,5,7557.87800290745,5,-1060.05790798982,5,-771.244243205155
255,8,10,-2830.51783920973,10,7353.25359979676,10,-964.423341301328,10,-660.718858338086
255,8,15,-2928.48983678893,15,7104.20532325585,15,-840.237009877942,15,-549.896937654234
255,8,20,-2994.7420462982,20,6820.5264234447,20,-697.193001995514,20,-442.184332343387
255,8,25,-3016.81558096983,25,6517.19447900671,25,-546.592398695333,25,-336.843024094814
255,8,30,-2987.10533925345,30,6211.29296003313,30,-397.406065304697,30,-230.091257225609
255,8,35,-2907.03481293812,35,5917.41860137158,35,-253.792495055653,35,-117.138467982292
255,8,40,-2787.40502732388,40,5643.53699143754,40,-114.943183639858,40,5.77091025964971
255,8,45,-2643.15278583365,45,5389.48425905568,45,23.3586551431628,45,139.946633861633
255,8,50,-2484.75375263345,50,5149.09717735062,50,166.826582611762,50,283.574401944499
255,8,55,-2311.46302198857,55,4914.78138405201,55,321.239399496431,55,431.615406462129
255,8,60,-2110.89517229579,60,4681.66320691905,60,491.295338250879,60,576.258280278559
255,8,65,-1865.47477389209,65,4448.68797830918,65,679.219800644799,65,708.003666197792
255,8,70,-1562.01859402239,70,4216.10959453547,70,883.21570175535,70,817.231936017438
255,8,75,-1199.1513792173,75,3981.19221002534,75,1096.5664678642,75,895.759408323911
255,8,80,-789.117751509864,80,3734.85941998472,80,1308.10177833752,80,937.86637236675
255,8,85,-354.053549664671,85,3461.1077551908,85,1503.85406929631,85,940.642027898382
255,8,90,80.626193948296,90,3139.38185905161,90,1668.94939074767,90,903.850899307789
260,8,0,-3763.62497845538,0,7545.08324597277,0,-1123.52223357991,0,-1130.69691364312
260,8,5,-3870.98516463101,5,7365.26922819096,5,-1074.39806106266,5,-1016.00285552992
260,8,10,-3970.45645323048,10,7142.34721035005,10,-989.527306295564,10,-889.483327111819
260,8,15,-4052.00412569085,15,6880.66559158577,15,-873.138203043985,15,-758.097211265616
260,8,20,-4102.42528680468,20,6590.50115368787,20,-735.560429046432,20,-624.806611504123
260,8,25,-4107.60147151268,25,6287.18026973696,25,-589.287050439806,25,-488.507405867606
260,8,30,-4057.65018766931,30,5987.87352398456,30,-444.547730868503,30,-345.701353841939
260,8,35,-3952.39427575671,35,5706.98748167124,35,-306.34080010411,35,-192.965119909162
260,8,40,-3802.63894540433,40,5452.24944710485,40,-173.938357941103,40,-28.8893742037429
260,8,45,-3624.73802875218,45,5223.65545521978,45,-42.3372685173301,45,145.257956569833
260,8,50,-3430.73891754908,50,5015.98974252008,50,95.6753195331544,50,325.867856347023
260,8,55,-3220.15893268652,55,4823.35097027242,55,247.666162049251,55,507.524023739263
260,8,60,-2978.90304096023,60,4642.66670434304,60,419.760548767402,60,683.278537471963
260,8,65,-2686.25762864443,65,4473.8152822961,65,614.576018096067,65,844.876711223727
260,8,70,-2325.79323654709,70,4316.35421301016,70,829.328724474593,70,983.348840532921
260,8,75,-1894.03572037754,75,4165.12874567818,75,1055.2103214354,75,1090.03464907886
260,8,80,-1402.85695549538,80,4007.50266406832,80,1278.69128950369,80,1157.71345133721
260,8,85,-875.607899260616,85,3823.60890977439,85,1484.14687682155,85,1181.48711396598
260,8,90,-340.020957490238,90,3589.33542561893,90,1656.32152858453,90,1159.27522321776
265,8,0,-4885.87116373132,0,7225.90193278341,0,-1103.42168865155,0,-1399.40274995223
265,8,5,-4975.39283325353,5,7020.87177862532,5,-1066.22290785996,5,-1275.59134833359
265,8,10,-5056.86612629311,10,6778.3272647662,10,-992.481691987987,10,-1134.80271223909
265,8,15,-5121.08849749667,15,6503.6581606578,15,-885.946885723135,15,-983.583842842085
265,8,20,-5154.67203432216,20,6207.97460770189,20,-756.988305747372,20,-824.468284805761
265,8,25,-5142.21034808768,25,5906.98259595807,25,-618.51690548068,25,-656.272661617622
265,8,30,-5072.01098554174,30,5617.6498564962,30,-481.361268004755,30,-476.259716077265
265,8,35,-4942.53168485305,35,5353.72785569499,35,-351.01677077682,35,-282.891613494448
265,8,40,-4764.39241208633,40,5122.28926367678,40,-226.839232014177,40,-77.5013421638531
265,8,45,-4554.92572468206,45,4923.29133922394,45,-103.285097588638,45,135.919868043457
265,8,50,-4327.52747575282,50,4752.49849439685,50,28.0015249042706,50,352.128471570041
265,8,55,-4082.35540741909,55,4605.83980787442,55,176.009230290609,55,565.74359236356
265,8,60,-3804.54687223427,60,4482.13975470086,60,347.993011614378,60,771.175507029621
265,8,65,-3471.2687829705,65,4382.21727050752,65,546.816718110384,65,961.760575855991
265,8,70,-3063.32690816339,70,4304.92318394272,70,768.782537982172,70,1129.20830881221
265,8,75,-2574.75815143045,75,4242.7604759805,75,1003.27582125993,75,1264.08929136871
265,8,80,-2015.92605993544,80,4179.75372317817,80,1234.79856371417,80,1357.22417219644
265,8,85,-1409.95860688452,85,4092.53899293441,85,1446.40652636858,85,1401.3153031063
265,8,90,-785.619899884249,90,3953.94858997338,90,1622.64511413107,90,1392.21337312364
270,8,0,-5931.048466057,0,6800.46726755675,0,-1065.80885898333,0,-1677.13861526392
270,8,5,-6003.18221087586,5,6568.11974548156,5,-1038.70120603729,5,-1546.01924699195
270,8,10,-6066.78289801272,10,6304.04818405207,10,-976.28104102945,10,-1392.08633590997
270,8,15,-6113.29031993845,15,6015.23781876724,15,-881.524114079792,15,-1221.2834790166
270,8,20,-6129.19653220268,20,5714.02976947923,20,-764.173262686413,20,-1035.85500373208
270,8,25,-6098.32600732891,25,5416.61087605755,25,-636.741219825097,25,-834.963855207116
270,8,30,-6007.92618898412,30,5139.54540987274,30,-509.963608998819,30,-617.158086027523
270,8,35,-5855.56269453763,35,4895.56208285576,35,-389.461581360374,35,-383.174334245776
270,8,40,-5651.50629069149,40,4690.7224876986,40,-274.675717930362,40,-137.191568607151
270,8,45,-5413.41951562472,45,4524.69540995906,45,-159.828470300272,45,114.252728876177
270,8,50,-5155.52359288092,50,4394.05255806023,50,-35.9132484543801,50,364.61327612623
270,8,55,-4878.81867239649,55,4296.38380075772,55,106.943682226887,55,608.87918561385
270,8,60,-4568.68948684031,60,4232.24815830551,60,276.716820422999,60,843.040479196832
270,8,65,-4201.48253169309,65,4203.35980401895,65,476.408299681582,65,1062.0743400772
270,8,70,-3756.04884301086,70,4208.04863548635,70,701.689241563158,70,1258.24125910175
270,8,75,-3223.77190814927,75,4236.88761517874,75,940.722280784725,75,1421.08484109784
270,8,80,-2612.44251906689,80,4271.07111565568,80,1176.66985196502,80,1539.17561728966
270,8,85,-1943.48864965885,85,4284.21319147975,85,1391.6660430174,85,1602.59802424854
270,8,90,-1245.3396493199,90,4246.52173904799,90,1570.10383207258,90,1605.05516704554
275,8,0,-6879.74530951852,0,6309.39185361186,0,-1016.24601756346,0,-1960.55863293649
275,8,5,-6935.63208065998,5,6047.67561219019,5,-997.227966186637,5,-1823.35266714581
275,8,10,-6981.97708940703,10,5760.20489574626,10,-946.1285249198,10,-1656.98649018061
275,8,15,-7010.66902830393,15,5456.02468713231,15,-864.787350950611,15,-1466.64913145172
275,8,20,-7008.22055366296,20,5149.03242483495,20,-761.65181148145,20,-1254.51068356754
275,8,25,-6958.34656530972,25,4855.96794070363,25,-648.062082975789,25,-1020.56065257981
275,8,30,-6848.13780158487,30,4592.8282320302,30,-533.998175224823,30,-765.116911603283
275,8,35,-6674.83723071097,35,4371.04514477119,35,-424.824077408825,35,-491.401870066691
275,8,40,-6448.18546481852,40,4195.40249036831,40,-320.037043654263,40,-206.267120172124
275,8,45,-6185.38207346825,45,4065.02862374313,45,-213.935890506272,45,81.6280421483114
275,8,50,-5900.72440635279,50,3976.98407379883,50,-97.4228935855544,50,364.835849722676
275,8,55,-5596.04419366838,55,3930.10130855741,55,39.6150389898612,55,638.87398866679
275,8,60,-5257.89537706631,60,3926.28245785771,60,205.375766202947,60,901.20720486621
275,8,65,-4863.19230319332,65,3968.01030108553,65,402.893965175516,65,1148.21865313665
275,8,70,-4389.89466376229,70,4053.395589017,70,627.598910514802,70,1372.50842351362
275,8,75,-3826.89415168076,75,4171.75004738447,75,867.174606505626,75,1562.47759689577
275,8,80,-3178.62855642202,80,4302.22502187263,80,1104.20537719297,80,1704.41912444272
275,8,85,-2463.51088433155,85,4416.08038258881,85,1320.34787256071,85,1785.82860458165
275,8,90,-1708.29199227779,90,4481.39346050719,90,1499.84558365508,90,1798.32949096881
280,8,0,-7715.2410996748,0,5788.63053089138,0,-962.62375855261,0,-2245.89043702577
280,8,5,-7756.56620605452,5,5495.97632048455,5,-949.406960227698,5,-2103.24164703328
280,8,10,-7786.55035594634,10,5183.91362283294,10,-909.180697820943,10,-1924.9007275735
280,8,15,-7797.51676962465,15,4863.80175839175,15,-842.303599967254,15,-1715.19207457153
280,8,20,-7776.33786842384,20,4551.21324292889,20,-755.339573645308,20,-1476.43034601901
280,8,25,-7707.38963269679,25,4263.38100562756,25,-657.782320548834,25,-1209.8454563205
280,8,30,-7578.50430882088,30,4015.55863800416,30,-558.251096929129,30,-917.857582306549
280,8,35,-7387.10542033066,35,3817.69841106709,35,-461.456125062928,35,-606.168322503032
280,8,40,-7142.16397007688,40,3673.15892437144,40,-366.863485611109,40,-283.908304427735
280,8,45,-6859.57584516188,45,3580.33304631408,45,-269.103843065733,45,38.6934472796178
280,8,50,-6552.86315178893,50,3536.39855171779,50,-159.533107368486,50,353.638843333999
280,8,55,-6224.47605286661,55,3540.86879740523,55,-28.4707732370446,55,656.90388731308
280,8,60,-5862.81918597027,60,3596.43008912648,60,131.962982816278,60,947.01255230672
280,8,65,-5446.64291979373,65,3706.08989495253,65,324.688429263871,65,1221.29133355096
280,8,70,-4954.21593341485,70,3868.0291404934,70,545.258277102639,70,1472.45043701277
280,8,75,-4372.48942436542,75,4071.08319118439,75,781.62120675421,75,1687.83184030705
280,8,80,-3702.25294820883,80,4293.37641938982,80,1016.57227705331,80,1851.73174810418
280,8,85,-2957.96545526789,85,4504.76087988675,85,1231.79342077999,85,1949.361886009
280,8,90,-2163.50297448593,90,4671.90453846675,90,1411.45975983224,90,1970.4865305858
285,8,0,-8420.534266287,0,5269.0738180888,0,-915.410200529313,0,-2528.66372129309
285,8,5,-8449.52367133862,5,4944.86349856109,5,-905.176180769465,5,-2380.57447864744
285,8,10,-8464.34229773874,10,4608.29772399359,10,-874.550258160318,10,-2190.56266362088
285,8,15,-8458.01908451645,15,4272.97943289606,15,-822.202217022401,15,-1962.02938818249
285,8,20,-8418.37220891419,20,3955.95560786497,20,-752.390416664704,20,-1697.58289451475
285,8,25,-8331.2552836105,25,3674.6881193608,25,-672.233649774481,25,-1399.91634870273
285,8,30,-8185.98970637809,30,3443.47480203888,30,-588.460365962918,30,-1073.62530882475
285,8,35,-7980.49244917319,35,3270.70550419639,35,-504.717702794619,35,-726.642555085864
285,8,40,-7722.65634154624,40,3158.31470656644,40,-420.274383241796,40,-369.840782466769
285,8,45,-7426.29417687336,45,3103.88129356799,45,-330.243949112248,45,-14.4634828733488
285,8,50,-7103.33756676544,50,3104.37836751293,50,-226.882857670011,50,331.160205861566
285,8,55,-6756.48819136311,55,3159.4209514378,55,-101.547916635924,55,663.17111434131
285,8,60,-6376.34826570934,60,3271.84129182495,60,52.7919550484242,60,980.504109495852
285,8,65,-5944.47045259881,65,3444.79820168948,65,238.728326086399,65,1280.82220365752
285,8,70,-5440.62116059925,70,3676.70008867271,70,452.168081904874,70,1556.73614490552
285,8,75,-4850.73251186816,75,3956.64635263646,75,681.926698628808,75,1794.80315959904
285,8,80,-4172.25182865644,80,4262.87359427882,80,911.73648785345,80,1977.8920331689
285,8,85,-3415.2996834167,85,4565.05430025791,85,1123.8764511679,85,2089.50711451948
285,8,90,-2599.9805410312,90,4829.48177034058,90,1302.70844180146,90,2117.93511117761
290,8,0,-8975.70924515564,0,4776.98868203067,0,-887.684982927017,0,-2803.63796292397
290,8,5,-8995.30642477944,5,4422.00661313051,5,-876.941333364224,5,-2649.40742873534
290,8,10,-8996.78670259337,10,4062.7334278378,10,-853.514470896927,10,-2447.91769101186
290,8,15,-8974.416725759,15,3714.55058158963,15,-814.420547516834,15,-2201.65655803555
290,8,20,-8917.72704545516,20,3395.41503050963,20,-761.43251454875,20,-1913.55404900903
290,8,25,-8814.8105949553,25,3122.53966899876,25,-698.957983156376,25,-1587.71397654091
290,8,30,-8656.9796685608,30,2909.03015938568,30,-631.413176169941,30,-1230.65994903028
290,8,35,-8442.72694528576,35,2761.74657378294,35,-560.98732031483,35,-852.074768693567
290,8,40,-8178.53042768516,40,2681.36854219421,40,-486.516045237882,40,-463.970186829997
290,8,45,-7875.50907245793,45,2664.74404849732,45,-403.614251978841,45,-78.1371882016521
290,8,50,-7543.3477386999,50,2708.45790053498,50,-305.718481917279,50,296.819254518162
290,8,55,-7184.55364351474,55,2811.75005323568,55,-185.670190132695,55,656.751699930034
290,8,60,-6791.91923210981,60,2976.98606593272,60,-37.7361844134312,60,1000.24511010088
290,8,65,-6350.34792704163,65,3207.00833002834,65,140.079319139415,65,1324.64321382826
290,8,70,-5842.11903367174,70,3500.41568275685,70,344.083378696227,70,1622.27891483904
290,8,75,-5253.30912561026,75,3847.12639394682,75,564.33376402559,75,1879.32502904666
290,8,80,-4578.90181780502,80,4226.58525752833,80,786.092120832173,80,2077.99672563213
290,8,85,-3824.93329610034,85,4609.66010928592,85,992.850057951167,85,2200.88875161846
290,8,90,-3007.29164635506,90,4963.54443183976,90,1169.60548403934,90,2235.34801619995
295,8,0,-9356.44026805725,0,4334.87329743626,0,-894.736161795444,0,-3064.92675795552
295,8,5,-9370.63481998581,5,3951.62470503177,5,-879.493788059027,5,-2903.22120959419
295,8,10,-9361.82710977345,10,3573.23811839717,10,-859.726730774089,10,-2690.38127646627
295,8,15,-9326.15550081251,15,3216.03998086447,15,-831.12279243067,15,-2428.07595335853
295,8,20,-9255.63570670867,20,2898.03145906795,20,-793.081341145748,20,-2119.45752183615
295,8,25,-9141.18625319508,25,2635.55460933762,25,-747.20777082159,25,-1769.70783383904
295,8,30,-8976.33802332211,30,2440.30717296371,30,-695.355919605192,30,-1386.73278100469
295,8,35,-8760.06354368647,35,2317.77725665869,35,-637.941584846155,35,-981.305503442819
295,8,40,-8497.15137703415,40,2267.72168347291,40,-573.107344137924,40,-565.974381463211
295,8,45,-8195.67840517142,45,2286.51476180208,45,-496.860576375053,45,-152.736137870788
295,8,50,-7862.67743007763,50,2370.3598674711,50,-403.890570656273,50,249.452194199383
295,8,55,-7500.02585488937,55,2517.83782275232,55,-288.742733220481,55,635.650729260627
295,8,60,-7102.40238664225,60,2730.3658509648,60,-147.270618886024,60,1003.36155205516
295,8,65,-6658.16217171689,65,3009.9900774427,65,21.6691109449236,65,1349.00148162977
295,8,70,-6152.79201937718,70,3355.28133295765,70,214.673885427532,70,1664.47642775455
295,8,75,-5573.69708094649,75,3757.25212374051,75,423.177718490943,75,1936.0034029785
295,8,80,-4914.65739701057,80,4197.40460378697,80,634.3739334157,80,2145.98680278355
295,8,85,-4178.45617415586,85,4649.05869304256,85,833.547366392987,85,2277.02633757611
295,8,90,-3376.86560748705,90,5081.58441913721,90,1006.90005361498,90,2316.18532764375
300,8,0,-9534.37287728328,0,3962.08665626648,0,-953.04950794231,0,-3306.2297752167
300,8,5,-9548.57481811732,5,3554.85191611604,5,-929.442052001055,5,-3135.4122577322
300,8,10,-9534.42454078198,10,3162.40551707256,10,-909.097691436922,10,-2911.41241975214
300,8,15,-9490.43352375293,15,2800.96390409788,15,-886.951046586658,15,-2635.26509701552
300,8,20,-9411.65557334413,20,2487.58100186137,20,-860.433827242119,20,-2310.16454077935
300,8,25,-9292.13472114777,25,2237.10046048052,25,-828.548824737685,25,-1941.84987287389
300,8,30,-9127.60488771641,30,2059.67764417444,30,-790.587901651523,30,-1538.88204754474
300,8,35,-8917.35740801922,35,1959.70061669403,35,-745.04901506722,35,-1112.39078736534
300,8,40,-8664.38739805813,40,1936.45495198147,40,-689.175170755617,40,-674.914175041004
300,8,45,-8373.71027320697,45,1986.23880866944,45,-619.174176619281,45,-238.423575420901
300,8,50,-8049.60856340568,50,2105.07083546872,50,-530.858588381797,50,187.646615686228
300,8,55,-7692.99820398075,55,2290.82223579119,55,-420.4360937748,55,597.137918275287
300,8,60,-7299.96090700488,60,2543.69288642306,60,-285.407702225033,60,985.90100277593
300,8,65,-6862.01205737727,65,2864.54380098954,65,-125.634542715996,65,1348.95833782641
300,8,70,-6368.12167050481,70,3251.5901960509,70,55.5994714125985,70,1677.67116787454
300,8,75,-5807.9712502845,75,3696.9023564927,75,251.046301120717,75,1958.66052604671
300,8,80,-5175.46912719535,80,4184.45743544307,80,450.010543783336,80,2175.27497886135
300,8,85,-4471.34071637663,85,4690.85770617107,85,640.001114729391,85,2311.003103932
300,8,90,-3703.86007573457,90,5188.60850419482,90,808.963247833765,90,2353.32165011415
305,8,0,-9479.85101717029,0,3674.50298654124,0,-1078.63838441264,0,-3521.00801571219
305,8,5,-9501.15577056331,5,3249.05862093316,5,-1043.92186377851,5,-3339.77541638643
305,8,10,-9488.9969294021,10,2848.34925977323,10,-1018.96137999425,10,-3105.14704971879
305,8,15,-9444.41680108415,15,2487.44908737246,15,-998.640105772397,15,-2817.78792563952
305,8,20,-9365.65171755047,20,2181.59236917489,20,-979.063350754204,20,-2480.76172758852
305,8,25,-9249.81846069325,25,1943.65585089704,25,-957.129823589742,25,-2099.82179862484
305,8,30,-9094.65776648375,30,1782.25118460246,30,-929.879324638607,30,-1683.46129455206
305,8,35,-8899.66739882,35,1701.01301174921,35,-894.00351425233,35,-1242.49687131737
305,8,40,-8666.19314431431,40,1699.24501755945,40,-845.780661912305,40,-789.012797605955
305,8,45,-8396.5177945952,45,1773.62505685636,45,-781.419616339761,45,-334.793259914363
305,8,50,-8092.39845982582,50,1920.31446037283,50,-697.578716335894,50,110.17329739834
305,8,55,-7753.64163392159,55,2136.63642166953,55,-591.846130346016,55,538.278199334412
305,8,60,-7377.21365871575,60,2421.54754260277,60,-463.174747166191,60,943.425138051193
305,8,65,-6957.22632915773,65,2774.5077848588,65,-312.394156012241,65,1318.99253050031
305,8,70,-6485.97005346569,70,3193.03520660898,70,-142.788660267479,70,1655.72936950711
305,8,75,-5955.90560701257,75,3669.94463611139,75,39.5494148227805,75,1940.88990098839
305,8,80,-5362.14084215501,80,4191.58359654316,80,225.9946828191,80,2159.30159323939
305,8,85,-4704.586967554,85,4738.02406357703,85,406.459748786306,85,2296.04319524069
305,8,90,-3988.98083044238,90,5285.2937237308,90,570.985311217064,90,2339.639810609
310,8,0,-9166.88458624418,0,3482.59927495916,0,-1284.84145679632,0,-3702.41981099482
310,8,5,-9204.08346563968,5,3045.66535610046,5,-1238.50935008369,5,-3510.65835380982
310,8,10,-9203.71803100021,10,2642.37516030964,10,-1206.25189935141,10,-3266.7208567594
310,8,15,-9169.08197489096,15,2285.91382656464,15,-1183.56300230675,15,-2971.21811410827
310,8,20,-9101.26096881342,20,1989.17021470152,20,-1165.9817788206,20,-2627.01253166388
310,8,25,-9000.04527302631,25,1762.87432984281,25,-1149.04323277193,25,-2239.48521553948
310,8,30,-8864.86991020024,30,1614.24436265375,30,-1128.14844586021,30,-1816.53545372055
310,8,35,-8695.43361567029,35,1546.51925933035,35,-1098.58298072812,35,-1368.19627230672
310,8,40,-8491.82592417175,40,1559.44403965579,40,-1055.79901312309,40,-905.80025727205
310,8,45,-8254.22600472552,45,1650.47650454173,45,-995.88412021357,45,-440.815308905428
310,8,50,-7982.37918608984,50,1816.27183505643,50,-916.010533593747,50,16.2595820463884
310,8,55,-7675.06220372084,55,2053.89513851679,55,-814.705332721942,55,456.397735722157
310,8,60,-7329.70385778189,60,2361.23897628893,60,-691.959587735549,60,871.590067491688
310,8,65,-6942.33033000743,65,2736.34576799072,65,-549.322508922197,65,1253.58847159712
310,8,70,-6508.02485884121,70,3175.76559444097,70,-390.065068856193,70,1592.54816441502
310,8,75,-6022.00214662628,75,3672.57016910482,75,-219.297802735357,75,1876.45309421
310,8,80,-5481.14033454129,80,4214.91499848636,80,-43.7915308186838,80,2091.86484712643
310,8,85,-4885.51254888809,85,4785.88121866491,85,128.666256364026,85,2225.86928180171
310,8,90,-4239.34396898756,90,5364.78004845368,90,290.282840975119,90,2268.51763937402
315,8,0,-8579.46101351115,0,3387.93463572951,0,-1579.91295033122,0,-3842.92415086682
315,8,5,-8642.71741289908,5,2946.54537154902,5,-1524.53935211372,5,-3642.55924206304
315,8,10,-8665.97152812197,10,2545.58938998576,10,-1484.73104287776,10,-3391.97726350185
315,8,15,-8654.11336981016,15,2196.07814237137,15,-1457.06806563457,15,-3092.05723731866
315,8,20,-8610.34901872611,20,1908.49319506108,20,-1437.25623803685,20,-2745.54397348636
315,8,25,-8536.48093250095,25,1691.56488823238,25,-1420.32231862336,25,-2357.33147659888
315,8,30,-8433.25861486436,30,1551.39016333341,30,-1400.84996128125,30,-1934.51899095153
315,8,35,-8300.66275809155,35,1491.10828298536,35,-1373.3555911344,35,-1486.16821320621
315,8,40,-8138.07748401635,40,1511.16600928873,40,-1332.81086915362,40,-1022.7346359836
315,8,45,-7944.38464267327,45,1610.0332127936,45,-1275.19778292671,45,-555.260845829226
315,8,50,-7718.02599058624,50,1785.10980448068,50,-1197.92279066276,50,-94.575637107979
315,8,55,-7457.04135824474,55,2033.49774525494,55,-1099.97611716725,55,349.171216993891
315,8,60,-7159.07850832926,60,2352.31359001043,60,-981.864281704038,60,766.410863034
315,8,65,-6821.42962681382,65,2738.33146257992,65,-845.453752524129,65,1147.56059455487
315,8,70,-6441.23273669905,70,3186.99260922352,70,-693.848162753031,70,1482.32801405067
315,8,75,-6015.97748207067,75,3691.12131531553,75,-531.297841821125,75,1759.45000921095
315,8,80,-5544.31855328235,80,4239.88736465357,80,-363.023793436075,80,1967.23656520339
315,8,85,-5026.99492820856,85,4818.51106733017,85,-194.837804292552,85,2094.903091411
315,8,90,-4467.5271214495,90,5408.91364794963,90,-32.5619056677792,90,2134.29481659543
320,8,0,-7717.61341619846,0,3378.83135668801,0,-1964.8740256328,0,-3933.66637251383
320,8,5,-7817.80558654213,5,2939.88775442047,5,-1906.34171513432,5,-3729.22524790263
320,8,10,-7877.61860879258,10,2545.26281489635,10,-1861.75541247826,10,-3476.54512122946
320,8,15,-7902.68384283926,15,2203.98388720954,15,-1828.99462158758,15,-3177.04696705578
320,8,20,-7897.39561392692,20,1924.48142202955,20,-1804.5054029628,20,-2833.57353050477
320,8,25,-7864.78284130674,25,1713.88553739716,25,-1783.61140904238,25,-2450.6849785605
320,8,30,-7806.49535258445,30,1577.49213520342,30,-1760.9411186061,30,-2034.79360995431
320,8,35,-7722.88503378458,35,1518.51377921215,35,-1730.98301727302,35,-1594.07840847061
320,8,40,-7613.18480153919,40,1538.13970993956,40,-1688.71298719626,40,-1138.15656808055
320,8,45,-7475.78662021624,45,1635.84606577254,45,-1630.172147321,45,-677.562153279356
320,8,50,-7308.58420506495,50,1809.83348878046,50,-1552.85747979073,50,-223.172288739838
320,8,55,-7109.3059818713,55,2057.42513920331,55,-1455.84590626623,55,214.22884531481
320,8,60,-6875.76574780977,60,2375.24586191619,60,-1339.67717590061,60,624.107335876992
320,8,65,-6606.01979124226,65,2759.05125768082,65,-1206.10536510347,65,996.069504309157
320,8,70,-6298.50208034065,70,3203.19944040872,70,-1057.83782471801,70,1319.67498501353
320,8,75,-5952.24517862214,75,3699.92525711392,75,-898.315778599126,75,1584.45576812199
320,8,80,-5567.24393342989,80,4238.70523022319,80,-731.509602530646,80,1780.35919159821
320,8,85,-5144.90946670399,85,4806.0108889469,85,-561.668281232315,85,1898.63798611717
320,8,90,-4688.46956074223,90,5385.61994610652,90,-392.99575471815,90,1932.9933041616
325,8,0,-6601.50259601205,0,3426.858582432,0,-2432.11448208629,0,-3964.02225760307
325,8,5,-6749.28370099546,5,2997.05059130761,5,-2379.10182505339,5,-3762.69024950787
325,8,10,-6858.49403048015,10,2612.25953274916,10,-2335.44773652997,10,-3514.68329277243
325,8,15,-6934.65053571874,15,2280.03314515295,15,-2300.29432645672,15,-3222.13095907758
325,8,20,-6982.41297736267,20,2007.33625837728,20,-2271.16360011435,20,-2888.22500676125
325,8,25,-7005.26723039941,25,1800.19204189105,25,-2244.2818714032,25,-2517.49030865889
325,8,30,-7005.33786858229,30,1663.37018515553,30,-2215.04461526941,30,-2115.95740451028
325,8,35,-6983.35768166794,35,1600.17703982719,35,-2178.58984881092,35,-1691.1825258256
325,8,40,-6938.80953922998,40,1612.37157707644,40,-2130.40455231369,40,-1252.08776779317
325,8,45,-6870.22577041791,45,1700.19884543497,45,-2066.8578987624,45,-808.640490604304
325,8,50,-6775.58878853891,50,1862.50204433567,50,-1985.55971522891,50,-371.443665412257
325,8,55,-6652.74618902278,55,2096.84667405913,55,-1885.48933738149,55,48.6605395097899
325,8,60,-6499.75745806451,60,2399.57470680265,60,-1766.91037176201,60,440.889726821307
325,8,65,-6315.13243307315,65,2765.72008938645,65,-1631.14557123303,65,794.707038200765
325,8,70,-6097.98110780861,70,3188.7694244758,70,-1480.30368014054,70,1099.96384713317
325,8,75,-5848.13356740008,75,3660.33110649681,75,-1317.02344267832,75,1347.12160426067
325,8,80,-5566.28346767361,80,4169.84672079043,80,-1144.2529417926,80,1527.65727686596
325,8,85,-5254.16485104969,85,4704.50057447829,85,-965.04721324543,85,1634.67359293525
325,8,90,-4914.7218690058,90,5249.44027954112,90,-782.360675103435,90,1663.62956566861
330,8,0,-5272.40110961577,0,3485.98604155215,0,-2965.10610816667,0,-3921.84327751914
330,8,5,-5477.03961263139,5,3072.07908534161,5,-2927.99434090869,5,-3732.95068609434
330,8,10,-5647.03220251398,10,2700.91587608736,10,-2893.19699010356,10,-3498.59724663958
330,8,15,-5787.067172719,15,2379.12657103848,15,-2860.90286066196,15,-3221.63176476962
330,8,20,-5901.30394850475,20,2112.77899046663,20,-2829.79597264709,20,-2905.75082267078
330,8,25,-5993.02706470569,25,1907.20216683072,25,-2797.32717330747,25,-2555.70156312686
330,8,30,-6064.41466962067,30,1766.79429138647,30,-2760.11173321314,30,-2177.43033827232
330,8,35,-6116.4562982811,35,1694.83915638713,35,-2714.41086908831,35,-1778.13252939389
330,8,40,-6149.03419028682,40,1693.35198019231,40,-2656.63046797844,40,-1366.1760053048
330,8,45,-6161.1523967968,45,1762.96817439648,45,-2583.75849018994,45,-950.898408297038
330,8,50,-6151.26649885944,50,1902.87681582219,50,-2493.67219924033,50,-542.308535565583
330,8,55,-6117.64649439631,55,2110.78577663507,55,-2385.27762343142,55,-150.741560485934
330,8,60,-6058.70653734622,60,2382.89344133236,60,-2258.48597667259,60,213.484236422514
330,8,65,-5973.25842333352,65,2713.84142075029,65,-2114.06834913413,65,540.385966007296
330,8,70,-5860.68009119413,70,3096.63941772044,70,-1953.44672165405,70,820.620877279516
330,8,75,-5721.0190585669,75,3522.58404176532,75,-1778.47269016604,75,1045.81256969084
330,8,80,-5555.06080163129,80,3981.22467108764,80,-1591.22333515819,80,1208.93233172671
330,8,85,-5364.38221705121,85,4460.44488608983,85,-1393.82012810109,85,1304.74044331107
330,8,90,-5151.39003017748,90,4946.71757388914,90,-1188.26220098468,90,1330.24994760377
335,8,0,-3790.66697963463,0,3495.76201560704,0,-3539.3517870097,0,-3794.85348187386
335,8,5,-4058.75042272887,5,3105.02304438095,5,-3528.91461552228,5,-3628.89923711803
335,8,10,-4298.07193445122,10,2752.30726722517,10,-3512.05051833143,10,-3418.90111152504
335,8,15,-4511.98009998933,15,2443.70832839152,15,-3489.68073808956,15,-3168.25683781952
335,8,20,-4703.57891804648,20,2184.75221069107,20,-3461.52534823156,20,-2881.12074346104
335,8,25,-4875.43636775053,25,1980.28991285411,25,-3426.29174767192,25,-2562.5130715527
335,8,30,-5029.37708123369,30,1834.35986673488,30,-3381.95637074253,30,-2218.39964248995
335,8,35,-5166.38476303354,35,1750.03025111582,35,-3326.10560102819,35,-1855.7111601821
335,8,40,-5286.62415399009,40,1729.23643666573,40,-3256.28974140256,40,-1482.28065576481
335,8,45,-5389.57240965421,45,1772.63045000227,45,-3170.34026743281,45,-1106.69223584308
335,8,50,-5474.23080580411,50,1879.4567691143,50,-3066.60803357474,50,-738.05033078204
335,8,55,-5539.37549139897,55,2047.46274100743,55,-2944.0974560107,55,-385.69068220923
335,8,60,-5583.80458628928,60,2272.84520862765,60,-2802.4939415227,60,-58.8582138400071
335,8,65,-5606.54832150229,65,2550.23134384325,65,-2642.10192020577,65,233.627867833161
335,8,70,-5607.02490189516,70,2872.69392200305,70,-2463.72276143056,70,483.71111010815
335,8,75,-5585.14072665448,75,3231.80896500381,75,-2268.50325972957,75,684.434586432648
335,8,80,-5541.34375818772,80,3617.77296006347,80,-2057.77826903065,80,830.276198506634
335,8,85,-5476.64083064892,85,4019.60214363086,85,-1832.9202507109,85,917.473885089576
335,8,90,-5392.58512682434,90,4425.43327515918,90,-1595.19896578731,90,944.31937663154
340,8,0,-2231.8827103275,0,3388.74359485962,0,-4124.43109356509,0,-3573.22944174406
340,8,5,-2566.04609608193,5,3029.16428816956,5,-4150.67605116691,5,-3440.65132228136
340,8,10,-2879.08421059659,10,2701.02380295833,10,-4160.92912582176,10,-3266.45450282747
340,8,15,-3172.70706445214,15,2409.95906238118,15,-4156.48376028464,15,-3054.2446918222
340,8,20,-3448.60963230922,20,2161.02324810813,20,-4137.81298367376,20,-2808.3455734871
340,8,25,-3708.26266786193,25,1958.59241520453,25,-4104.67284431261,25,-2533.81808295237
340,8,30,-3952.7547685258,30,1806.25266323607,30,-4056.26519724034,30,-2236.46053698061
340,8,35,-4182.70048732036,35,1706.67264749736,35,-3991.43896965063,35,-1922.77298111362
340,8,40,-4398.22042086499,40,1661.47093441652,40,-3908.90383392124,40,-1599.87316229481
340,8,45,-4598.98890808674,45,1671.09066252328,45,-3807.4292533077,45,-1275.35816609073
340,8,50,-4784.33545431685,50,1734.69459658387,50,-3686.00567138221,50,-957.113364625945
340,8,55,-4953.37943801946,55,1850.0921232002,55,-3543.952438585,55,-653.077026686757
340,8,60,-5105.17548096746,60,2013.70692559017,60,-3380.9669785348,60,-370.973283322206
340,8,65,-5238.84917439894,65,2220.59125154681,65,-3197.11919818577,65,-118.027664168978
340,8,70,-5353.70840747897,70,2464.49086834603,70,-2992.80204791453,70,99.3211695740481
340,8,75,-5449.32225443434,75,2737.9642153862,75,-2768.65229584401,75,275.701100564729
340,8,80,-5525.5651548,80,3032.55921245289,80,-2525.45518470477,80,407.065679478732
340,8,85,-5582.62764043818,85,3339.05035866825,85,-2264.04394727775,85,490.91974235761
340,8,90,-5620.99591225133,90,3647.7359559214,90,-1985.20186135197,90,526.496642364774
345,8,0,-682.571731328394,0,3101.15547942425,0,-4686.79416281585,0,-3252.77803442244
345,8,5,-1080.53323237409,5,2781.19901017147,5,-4758.16305320708,5,-3162.69300167565
345,8,10,-1466.45676299737,10,2484.71394263073,10,-4804.0254087821,10,-3035.12749348174
345,8,15,-1840.31899591579,15,2216.68885798593,15,-4825.65707314293,15,-2873.42996888835
345,8,20,-2202.23052659208,20,1981.54597719434,20,-4823.89120634915,20,-2681.60675882046
345,8,25,-2552.3072154174,25,1783.05107494341,25,-4799.1532820552,25,-2464.27904515124
345,8,30,-2890.56562687779,30,1624.22036504761,30,-4751.52914669697,30,-2226.62481673358
345,8,35,-3216.84992826408,35,1507.22731928645,35,-4680.85619868017,35,-1974.29960726994
345,8,40,-3530.79373742262,40,1433.31471267786,40,-4586.82577014672,40,-1713.33134667752
345,8,45,-3831.8161192065,45,1402.71887534149,45,-4469.08442923914,45,-1449.98719708816
345,8,50,-4119.14692976486,50,1414.61389697284,50,-4327.3232394819,50,-1190.61334138385
345,8,55,-4391.87365640243,55,1467.08331150004,55,-4161.34674394769,55,-941.451811460678
345,8,60,-4649.0002422315,60,1557.1257306876,60,-3971.11702817437,60,-708.441119085778
345,8,65,-4889.50823603722,65,1680.6992687608,65,-3756.77196101807,65,-497.009404229717
345,8,70,-5112.41174862227,70,1832.8076876059,70,-3518.61997031277,70,-311.86999052837
345,8,75,-5316.79966602795,75,2007.62917793098,75,-3257.11604898989,75,-156.829755946482
345,8,80,-5501.86082859376,80,2198.68661556876,80,-2972.82497540259,80,-34.6207670831641
345,8,85,-5666.88998575287,85,2399.05592396773,85,-2666.37811716537,85,53.2347007067663
345,8,90,-5811.27403917111,90,2601.60675206198,90,-2338.4299932883,90,106.516354857177
350,8,0,763.941523522536,0,2584.83856702566,0,-5192.84528628342,0,-2837.63067595084
350,8,5,309.690894381548,5,2312.66473261616,5,-5315.77681583807,5,-2796.72697431243
350,8,10,-142.595885718257,10,2054.9818927183,10,-5404.51908286659,10,-2724.50198866601
350,8,15,-591.254095149711,15,1815.80240500593,15,-5459.90780426039,15,-2623.52807078621
350,8,20,-1034.79477343217,20,1598.66822087306,20,-5482.6671082947,20,-2496.91036782773
350,8,25,-1471.84391624444,25,1406.57574970289,25,-5473.40280490498,25,-2348.22130421112
350,8,30,-1901.0879329578,30,1241.90807913614,30,-5432.6112501357,30,-2181.4234827875
350,8,35,-2321.22861873622,35,1106.37658972757,35,-5360.70054885748,35,-2000.78051319986
350,8,40,-2730.94964389416,40,1000.97455833915,40,-5258.02015300894,40,-1810.75584124927
350,8,45,-3128.89519862918,45,925.945712963491,45,-5124.89467842826,45,-1615.90048440007
350,8,50,-3513.6601161726,50,880.770794824211,50,-4961.65799168847,50,-1420.73158332944
350,8,55,-3883.78968551727,55,864.174953543037,55,-4768.68425473373,55,-1229.60474002728
350,8,60,-4237.78657321311,60,874.158243218756,60,-4546.41355161458,60,-1046.58410688947
350,8,65,-4574.12186536578,65,908.050634862132,65,-4295.37081857275,65,-875.315009736167
350,8,70,-4891.24722033409,70,962.591874101089,70,-4016.17791143703,70,-718.904447645899
350,8,75,-5187.60544357233,75,1034.03526698275,75,-3709.55964779055,75,-579.815060251451
350,8,80,-5461.63737969042,80,1118.27315014949,80,-3376.34546702862,80,-459.778061283745
350,8,85,-5711.78377272954,85,1210.98047382531,85,-3017.46891211067,85,-359.730198302922
350,8,90,-5936.48159047429,90,1307.77167649575,90,-2633.96744099358,90,-279.779020409719
355,8,0,2012.31172975241,0,1818.13720668128,0,-5611.85629627699,0,-2341.33854378158
355,8,5,1513.92753117777,5,1600.51684556263,5,-5790.59312802835,5,-2353.05441780234
355,8,10,1007.06632146574,10,1387.75438892847,10,-5927.90031783123,10,-2341.43895257276
355,8,15,494.796157040258,15,1182.57551290948,15,-6023.71589501844,15,-2307.79217173366
355,8,20,-19.9105804499271,20,987.434620392611,20,-6078.13547441478,20,-2253.75479080533
355,8,25,-534.169246762401,25,804.469104617384,25,-6091.3954378125,25,-2181.26013720159
355,8,30,-1045.17350272725,30,635.461571641132,30,-6063.86078308629,30,-2092.47951229902
355,8,35,-1550.18548204216,35,481.811052257799,35,-5996.01740434834,35,-1989.76213074064
355,8,40,-2046.52647572232,40,344.514112356515,40,-5888.46835907247,40,-1875.570964028
355,8,45,-2531.56883904687,45,224.156604978047,45,-5741.93353885172,45,-1752.41601030011
355,8,50,-3002.72960646481,50,120.91659025336,50,-5557.25209270349,50,-1622.78669688478
355,8,55,-3457.466091651,55,34.5786781541685,55,-5335.3869518178,55,-1489.08528050222
355,8,60,-3893.27357270909,60,-35.4402739310199,60,-5077.43086214897,60,-1353.56322419666
355,8,65,-4307.68503072594,65,-90.0545431258049,65,-4784.61343101833,65,-1218.26258285922
355,8,70,-4698.27283197764,70,-130.462832902682,70,-4458.30881745356,70,-1084.96440552654
355,8,75,-5062.6522222228,75,-158.092712676093,75,-4100.04382371089,75,-955.146051338026
355,8,80,-5398.48653171823,80,-174.537840049961,80,-3711.5062585121,80,-829.94911115581
355,8,85,-5703.49406249827,85,-181.489963636421,85,-3294.55352472277,85,-710.159328509105
355,8,90,-5975.45673148577,90,-180.6680095617,90,-2851.2214230915,90,-596.199528289424
360,8,0,2972.13430886239,0,813.383316501755,0,-5918.3529952552,0,-1785.80175022527
360,8,5,2445.005989361,5,654.645269474376,5,-6154.87044854333,5,-1849.89726250564
360,8,10,1899.26969794558,10,490.924976660678,10,-6344.54562130565,10,-1899.91393961983
360,8,15,1339.0788173184,15,323.468448345985,15,-6485.93497094846,15,-1935.47112445412
360,8,20,768.696738333532,20,153.550129823789,20,-6577.96243914774,20,-1956.29820536189
360,8,25,192.464413018165,25,-17.5367979024684,25,-6619.92764130278,25,-1962.2366756817
360,8,30,-385.232682693459,30,-188.490260007679,30,-6611.51119688592,30,-1953.24134006868
360,8,35,-959.997925079935,35,-358.009197420703,35,-6552.77716012114,35,-1929.38065845837
360,8,40,-1527.45700359396,40,-524.80346866949,40,-6444.17253249281,40,-1890.83622504529
360,8,45,-2083.29121200687,45,-687.603668636705,45,-6286.52386079445,45,-1837.90138624149
360,8,50,-2623.27031637079,50,-845.170789499146,50,-6081.03094660856,50,-1770.9790081332
360,8,55,-3143.2847496532,55,-996.305650325422,55,-5829.25771509209,55,-1690.57841042665
360,8,60,-3639.37688802353,60,-1139.85802356692,60,-5533.12031256174,60,-1597.3114902176
360,8,65,-4107.77117076014,65,-1274.73538898399,65,-5194.87252346339,65,-1491.88806508494
360,8,70,-4544.90283454723,70,-1399.91124838461,70,-4817.0886177117,70,-1375.11047095035
360,8,75,-4947.44504347605,75,-1514.43293789551,75,-4402.64375894159,75,-1247.86745581742
360,8,80,-5312.33420827502,80,-1617.42887830941,80,-3954.69212277695,80,-1111.12741586275
360,8,85,-5636.79330207393,85,-1708.11520832911,85,-3476.64289164958,85,-965.931025356281
360,8,90,-5918.35299525519,90,-1785.80175022528,90,-2972.13430886239,90,-813.383316501755
