"Theta [deg]","Freq [GHz]","Phi [deg]","re(rETheta) [mV]","Phi [deg]","im(rETheta) [mV]","Phi [deg]","re(rEPhi) [mV]","Phi [deg]","im(rEPhi) [mV]"
0,8,0,8201.28311553097,0,5810.19818945741,0,1830.67925209653,0,714.721608432349
0,8,5,8329.62896719051,5,5850.38072384045,5,1108.92404342719,5,205.609738218654
0,8,10,8394.58131284224,10,5846.03832835861,10,378.729253200732,10,-305.06694625344
0,8,15,8395.64582591646,15,5797.2040512635,15,-354.347895325561,15,-813.42188706009
0,8,20,8332.81440482591,20,5704.24955089076,20,-1084.72824240732,20,-1315.58619614865
0,8,25,8206.56523462372,25,5567.88226711569,25,-1806.85315258754,25,-1807.73809991185
0,8,30,8017.85914772647,30,5389.14003730864,30,-2515.2268192688,30,-2286.13202519261
0,8,35,7768.13231139931,35,5169.38319776595,35,-3204.45809111995,35,-2747.1271053574
0,8,40,7459.28529765587,40,4910.28423072935,40,-3869.30150199298,40,-3187.21488948972
0,8,45,7093.66861875766,45,4613.81503578621,45,-4504.69719208772,45,-3603.04604382006
0,8,50,6674.06483839648,50,4282.23192252305,50,-5105.80941654013,50,-3991.45584217825
0,8,55,6203.66739470457,55,3918.05843864716,55,-5668.06334836066,55,-4349.48825147052
0,8,60,5686.05629626218,60,3524.0661642648,60,-6187.17989562995,60,-4674.41842887629
0,8,65,5125.17087607056,65,3103.25361848305,65,-6659.20826797212,65,-4963.7734595473
0,8,70,4525.27981084926,70,2658.82343886888,70,-7080.55604445514,70,-5215.35117698278
0,8,75,3890.94863382875,75,2194.15800744343,75,-7448.01651408322,75,-5427.2369228463
0,8,80,3227.00498828577,80,1712.79370871251,80,-7758.7930808038,80,-5597.81811867169
0,8,85,2538.50188626305,85,1218.39401564517,85,-8010.52054729211,85,-5725.79653855901
0,8,90,1830.67925209653,90,714.721608432353,90,-8201.28311553097,90,-5810.19818945741
5,8,0,7688.07610658088,0,7631.95512011881,0,1904.85729750125,0,570.963020581685
5,8,5,7827.30107649579,5,7653.72014257628,5,1282.54670455821,5,21.6332850595728
5,8,10,7920.56908591713,10,7624.43914277946,10,648.300058912661,10,-525.451070746469
5,8,15,7966.50389381836,15,7544.85623914655,15,4.8175225444409,15,-1065.39854061736
5,8,20,7963.71306604131,20,7416.18933888682,20,-644.977039088952,20,-1593.45962296571
5,8,25,7910.83252994349,25,7240.10865724666,25,-1297.8907149684,25,-2105.07120256684
5,8,30,7806.58327508539,30,7018.71208421008,30,-1950.42565105024,30,-2595.89844746914
5,8,35,7649.8381726752,35,6754.49744196341,35,-2598.75521820038,35,-3061.87432642307
5,8,40,7439.69633847924,40,6450.33153518573,40,-3238.71442655293,40,-3499.23675891721
5,8,45,7175.5620128835,45,6109.41579835245,45,-3865.80620784876,45,-3904.56326411148
5,8,50,6857.22460628409,50,5735.24830712372,50,-4475.22453076056,50,-4274.80279112775
5,8,55,6484.93638072656,55,5331.5819571714,55,-5061.8945907654,55,-4607.30421154619
5,8,60,6059.4842244932,60,4902.3787294201,60,-5620.52956178579,60,-4899.8407599445
5,8,65,5582.25213041378,65,4451.76015354405,65,-6145.70265104547,65,-5150.62954615337
5,8,70,5055.27130597787,70,3983.95434105992,70,-6631.93250150696,70,-5358.34515903241
5,8,75,4481.25530853117,75,3503.24026680065,75,-7073.77937573712,75,-5522.12635790171
5,8,80,3863.61818732816,80,3013.89030753155,80,-7465.94906389157,80,-5641.5749201666
5,8,85,3206.4742938326,85,2520.11236892092,85,-7803.40111210001,85,-5716.74589001832
5,8,90,2514.61915505529,90,2025.99321491815,90,-8081.45778211677,90,-5748.1287520199
10,8,0,6803.60238506821,0,9169.58737219134,0,1930.27552112317,0,426.963053006854
10,8,5,6949.24572250533,5,9175.39937503409,5,1424.72099867562,5,-139.542832363666
10,8,10,7069.91405118437,10,9127.94160760442,10,904.198139208697,10,-700.643034639692
10,8,15,7163.40427285336,15,9028.42537202137,15,368.152565475171,15,-1251.25333872367
10,8,20,7226.89188620246,20,8878.4816612165,20,-183.553906271181,20,-1786.49247385306
10,8,25,7257.01734894648,25,8680.13867620029,25,-750.48362898254,25,-2301.69913390298
10,8,30,7250.00824240897,30,8435.80657409118,30,-1331.48173273549,30,-2792.44813592569
10,8,35,7201.83348097494,35,8148.26868861112,35,-1924.56105123593,35,-3254.56906117912
10,8,40,7108.38385328487,40,7820.67719922328,40,-2526.82063632872,40,-3684.17042328022
10,8,45,6965.67140744519,45,7456.55008257684,45,-3134.40379080219,45,-4077.67166884361
10,8,50,6770.03875787428,50,7059.76532927774,50,-3742.49972706129,50,-4431.84418474055
10,8,55,6518.36843907256,55,6634.54799068528,55,-4345.39075681283,55,-4743.86107215049
10,8,60,6208.28206962849,60,6185.44572276174,60,-4936.54448415494,60,-5011.35390643048
10,8,65,5838.31937636375,65,5717.28913882635,65,-5508.74799262753,65,-5232.47321230909
10,8,70,5408.08806188698,70,5235.13442351744,70,-6054.2786794257,70,-5405.94812202267
10,8,75,4918.37701490543,75,4744.18719024732,75,-6565.10438031126,75,-5531.13979928648
10,8,80,4371.22734206847,80,4249.70833659814,80,-7033.10389769292,80,-5608.08281070091
10,8,85,3769.95798362736,85,3756.9044992725,85,-7450.29809356411,85,-5637.50876348746
10,8,90,3119.14508456569,90,3270.80746504927,90,-7809.08138232231,90,-5620.84720882603
15,8,0,5630.46497344557,0,10359.2886669713,0,1907.83089547922,0,290.027472331011
15,8,5,5777.69553396293,5,10351.7874298699,5,1527.81757044884,5,-272.664285344583
15,8,10,5922.66021836275,10,10292.6509457977,10,1130.67196569831,10,-827.302274208944
15,8,15,6062.54647828553,15,10183.4168868682,15,712.461683871147,15,-1369.25317577779
15,8,20,6193.26870835474,20,10025.8270278024,20,269.800034130034,20,-1894.13638473542
15,8,25,6309.57515941523,25,9821.80125002671,25,-199.860301307146,25,-2397.77846582136
15,8,30,6405.22191856073,30,9573.44226109178,30,-697.954014643752,30,-2876.1645579992
15,8,35,6473.21062534909,35,9283.07096228579,35,-1224.56715947269,35,-3325.39763307355
15,8,40,6506.08204662923,40,8953.28783834459,40,-1778.25469175048,40,-3741.6765214784
15,8,45,6496.25312185897,45,8587.05136124761,45,-2355.92590832411,45,-4121.30196245909
15,8,50,6436.38107523769,50,8187.76095229533,50,-2952.80869065528,50,-4460.71676388731
15,8,55,6319.7351592128,55,7759.33015670367,55,-3562.49874272042,55,-4756.58189277406
15,8,60,6140.55499263603,60,7306.23570245069,60,-4177.09439624732,60,-5005.88558459595
15,8,65,5894.37459869189,65,6833.5300362096,65,-4787.41160495171,65,-5206.07804798449
15,8,70,5578.29322563836,70,6346.80840951106,70,-5383.26812167247,70,-5355.22065906257
15,8,75,5191.1776726421,75,5852.12604885123,75,-5953.82118930115,75,-5452.13609316578
15,8,80,4733.78571487776,80,5355.86573477861,80,-6487.93987522489,80,-5496.54478515567
15,8,85,4208.8057243351,85,4864.56067991613,85,-6974.59169534574,85,-5489.17337667598
15,8,90,3620.81306735467,90,4384.68157260531,90,-7403.22338447031,90,-5431.8222062502
20,8,0,4268.38008922844,0,11178.5167657164,0,1842.3410146272,0,165.066325901157
20,8,5,4412.82564220585,5,11159.914123505,5,1587.88548135792,5,-376.534074034952
20,8,10,4577.54422587245,10,11094.4143765762,10,1315.22219236385,10,-907.792372209944
20,8,15,4759.43175873409,15,10983.8639793675,15,1017.20500119239,15,-1424.96685606094
20,8,20,4953.47914350611,20,10829.9608592327,20,687.26048354535,20,-1924.65275506012
20,8,25,5152.86529269446,25,10634.2032469732,25,319.823517263877,25,-2403.64390705612
20,8,30,5349.1525817643,30,10397.9109270317,30,-89.2372913689781,30,-2858.78000560779
20,8,35,5532.58611167806,35,10122.3230638942,35,-542.232949653017,35,-3286.80430419129
20,8,40,5692.49029035879,40,9808.76464179911,40,-1039.33647537248,40,-3684.25769412453
20,8,45,5817.74734773361,45,9458.86145554888,45,-1578.36328540969,45,-4047.431683673
20,8,50,5897.33335496238,50,9074.77403997141,50,-2154.67357762306,50,-4372.39534298241
20,8,55,5920.87942914314,55,8659.4161274767,55,-2761.21217109442,55,-4655.10104310893
20,8,60,5879.22058920284,60,8216.62434250653,60,-3388.68987631771,60,-4891.56280066026
20,8,65,5764.89352007423,65,7751.25254276398,65,-4025.89772005386,65,-5078.09139397571
20,8,70,5572.54798830879,70,7269.17470368777,70,-4660.13324454093,70,-5211.56380124127
20,8,75,5299.2445439486,75,6777.19185517107,75,-5277.70863858711,75,-5289.70158902297
20,8,80,4944.62213779435,80,6282.84873960921,80,-5864.50509769503,80,-5311.33319870818
20,8,85,4510.93137646222,85,5794.17296798122,85,-6406.5370580533,85,-5276.61740355493
20,8,90,4002.94019670512,90,5319.35334147939,90,-6890.4932461049,90,-5187.20817249517
25,8,0,2821.91958503311,0,11642.3134099333,0,1741.23489835489,0,54.4206203096089
25,8,5,2960.30018221371,5,11614.2785064442,5,1604.32067214013,5,-453.406805765994
25,8,10,3139.56906569866,10,11546.2064658474,10,1449.245451183,10,-948.879343655547
25,8,15,3356.67130227597,15,11440.3387495325,15,1266.10144009388,15,-1429.38221275374
25,8,20,3606.11249123568,20,11298.3081291124,20,1045.45180959584,20,-1892.77899816668
25,8,25,3879.99536960035,25,11121.0246121426,25,778.896205684701,25,-2337.1554286545
25,8,30,4168.18959745433,30,10908.6981277367,30,459.656749175612,30,-2760.52652893599
25,8,35,4458.64846612648,35,10661.013766551,35,83.1426248927782,35,-3160.5541335969
25,8,40,4737.87582230096,40,10377.4486034043,40,-352.557196595285,40,-3534.32478164583
25,8,45,4991.53161492558,45,10057.6903782632,45,-846.306547405415,45,-3878.23122425504
25,8,50,5205.14631878537,50,9702.09499439427,50,-1393.72819158598,50,-4187.98473154156
25,8,55,5364.89607328107,55,9312.10913940699,55,-1987.21727161792,55,-4458.76345213458
25,8,60,5458.37607037829,60,8890.59035931788,60,-2616.17358270238,60,-4685.47978817089
25,8,65,5475.30395568551,65,8441.97823742353,65,-3267.43808384711,65,-4863.13295717974
25,8,70,5408.09050843708,70,7972.30015779466,70,-3925.8946796579,70,-4987.20552618352
25,8,75,5252.23132013072,75,7489.02374293087,75,-4575.18107735328,75,-5054.06501522892
25,8,80,5006.49696163786,80,7000.78676960221,80,-5198.44588832726,80,-5061.34024756116
25,8,85,4672.92437198976,85,6517.04017151903,85,-5779.09342872238,85,-5008.25144348822
25,8,90,4256.63292399345,90,6047.6327675662,90,-6301.47010200187,90,-4895.87813329599
30,8,0,1389.98476888028,0,11794.0787420449,0,1613.05478440393,0,-41.582970184716
30,8,5,1520.33144430891,5,11758.0993547695,5,1579.20338637246,5,-507.69162797244
30,8,10,1708.83399167006,10,11689.9444605708,10,1528.26121821612,10,-959.710275172485
30,8,15,1952.79412309462,15,11592.3884440956,15,1448.26760578164,15,-1396.19467297175
30,8,20,2246.71837348047,20,11467.0829021332,20,1327.48300811423,20,-1816.37695007025
30,8,25,2582.2479952494,25,11314.3261622402,25,1155.04781964173,25,-2219.77417390974
30,8,30,2948.23714679534,30,11133.0541948793,30,921.724832440572,30,-2605.72712825591
30,8,35,3331.01802084089,35,10921.098079668,35,620.67008314902,35,-2972.94848345534
30,8,40,3714.88092721977,40,10675.7009089135,40,248.151674785441,40,-3319.16645987294
30,8,45,4082.77469417461,45,10394.2236758253,45,-195.878583674846,45,-3640.93660540293
30,8,50,4417.19883086504,50,10074.9153358351,50,-707.452208317093,50,-3933.66126915011
30,8,55,4701.21979418672,55,9717.59836136885,55,-1278.55560647138,55,-4191.81229962729
30,8,60,4919.51025151212,60,9324.14031155631,60,-1897.42809007107,60,-4409.31151784922
30,8,65,5059.29438904401,65,8898.64008676063,65,-2549.15661671572,65,-4579.99965401434
30,8,70,5111.09185819838,70,8447.3336623794,70,-3216.49247818168,70,-4698.12513100222
30,8,75,5069.18716519182,75,7978.28896116224,75,-3880.78909561534,75,-4758.80616641331
30,8,80,4931.80034172459,80,7500.98900242504,80,-4522.95873130646,80,-4758.45042387598
30,8,85,4700.98337348448,85,7025.88873964194,85,-5124.36629077573,85,-4695.13950610041
30,8,90,4382.30092684363,90,6563.98568707857,90,-5667.6105661361,90,-4568.98882120392
35,8,0,58.0459435236214,0,11694.1389104494,0,1466.21429619897,0,-123.735208377762
35,8,5,179.475480780542,5,11652.0677953344,5,1516.64262410028,5,-544.472252016503
35,8,10,372.0106069908,10,11585.5546772939,10,1551.90957995678,10,-949.709868656935
35,8,15,633.577349309356,15,11498.0247279247,15,1558.88915450952,15,-1339.0486996293
35,8,20,959.193300180595,20,11391.3048235487,20,1524.26290787679,20,-1713.01044006085
35,8,25,1340.72753768362,25,11265.2029456037,25,1435.21433981572,25,-2072.50331115772
35,8,30,1766.80227278757,30,11117.4002757825,30,1280.31827513575,30,-2418.17015884236
35,8,35,2222.91712312067,35,10943.7695008069,35,1050.55618071408,35,-2749.74615390124
35,8,40,2691.86939622706,40,10739.1384720634,40,740.329720304587,40,-3065.56754794542
35,8,45,3154.51112841394,45,10498.3862828171,45,348.306322355122,45,-3362.34483743292
35,8,50,3590.82377036293,50,10217.638441096,50,-122.067800030047,50,-3635.2460438688
35,8,55,3981.21535760145,55,9895.27541363808,55,-662.501744595724,55,-3878.25083344575
35,8,60,4307.87683114359,60,9532.51775795524,60,-1260.26812725002,60,-4084.66746839456
35,8,65,4556.00196439132,65,9133.48969046392,65,-1899.01492257089,65,-4247.68143992352
35,8,70,4714.69687112508,70,8704.83520443378,70,-2559.83643963981,70,-4360.83656148057
35,8,75,4777.47655850093,75,8255.09209854896,75,-3222.43231818801,75,-4418.41953115311
35,8,80,4742.34176347533,80,7794.06378663474,80,-3866.20801143555,80,-4415.7917883985
35,8,85,4611.51350015201,85,7332.35754756343,85,-4471.22913930472,85,-4349.7507937093
35,8,90,4390.94671646854,90,6881.12125746941,90,-5019.00736472288,90,-4218.98643280724
40,8,0,-1106.72996767975,0,11409.0311216544,0,1308.25287440981,0,-193.124508881514
40,8,5,-994.505033446208,5,11363.4420772348,5,1422.28340267499,5,-568.320152433132
40,8,10,-802.998702764075,10,11300.0413251487,10,1523.75254033645,10,-926.966021133858
40,8,15,-533.393863159159,15,11222.9332451232,15,1599.31436221132,15,-1269.44604932067
40,8,20,-189.632444014,20,11134.3131221871,20,1634.84651242102,20,-1597.35480007459
40,8,25,221.093185527728,25,11033.7564177121,25,1616.11272514364,25,-1912.81832838117
40,8,30,687.967598657158,30,10917.894849477,30,1529.79493357128,30,-2217.62477779757
40,8,35,1196.44031456139,35,10780.7325373734,35,1364.80976476174,35,-2512.36844465578
40,8,40,1728.51642402561,40,10614.693830345,40,1113.70600057543,40,-2795.83863159637
40,8,45,2263.54724898832,45,10412.2350931868,45,773.85958139361,45,-3064.8230742131
40,8,50,2779.51775741344,50,10167.6056882908,50,348.186095268603,50,-3314.35809123915
40,8,55,3254.6895304258,55,9878.23775516382,55,-154.80695039497,55,-3538.30001216498
40,8,60,3669.33340805986,60,9545.35523739327,60,-721.634694841539,60,-3729.98915048398
40,8,65,4007.23421492099,65,9173.68798302086,65,-1334.95008351417,65,-3882.78153842673
40,8,70,4256.70527915231,70,8770.52373861028,70,-1974.88962193493,70,-3990.33503486742
40,8,75,4410.9968157847,75,8344.56378625821,75,-2620.38265875291,75,-4046.69970254387
40,8,80,4468.15759401906,80,7905.05894618036,80,-3250.25246224637,80,-4046.39475076981
40,8,85,4430.53770815501,85,7461.49811656835,85,-3844.06993505267,85,-3984.68928344847
40,8,90,4304.1525920162,90,7023.81181727288,90,-4382.82670765854,90,-3858.22391113431
45,8,0,-2057.7866156641,0,11003.1448366621,0,1145.57165911231,0,-250.662129881185
45,8,5,-1954.92757271455,5,10957.2708809713,5,1302.92518526413,5,-582.658668924026
45,8,10,-1769.32813803094,10,10898.4486429389,10,1450.78175370919,10,-897.394031868065
45,8,15,-1500.96693623076,15,10831.358036715,15,1576.44264340884,15,-1195.68723023967
45,8,20,-1152.20744577436,20,10758.7516930979,20,1665.69094973495,20,-1479.91551648839
45,8,25,-728.636467586465,25,10680.3276292766,25,1703.35875676196,25,-1753.18801203111
45,8,30,-239.808131874544,30,10592.0192496594,30,1674.51097231398,30,-2018.21309281163
45,8,35,300.323602260961,35,10486.2034014192,35,1566.14076136141,35,-2276.19125838742
45,8,40,873.518773532144,40,10353.0622639201,40,1369.05639268973,40,-2526.1122193227
45,8,45,1458.08978851415,45,10182.8604692407,45,1079.49298001798,45,-2764.70237463946
45,8,50,2030.47797750225,50,9968.43559381069,50,699.998775941487,50,-2986.99876039653
45,8,55,2567.34361935218,55,9707.0109263757,55,239.350972812289,55,-3187.24821564771
45,8,60,3047.73538890064,60,9400.6705652288,60,-288.425527039787,60,-3359.69655567427
45,8,65,3454.8415583729,65,9055.40728596963,65,-865.579001153209,65,-3498.92323542798
45,8,70,3776.96141908601,70,8679.28022026789,70,-1472.22053042221,70,-3599.65061451698
45,8,75,4007.61899349254,75,8280.57746030067,75,-2087.6108544665,75,-3656.26962956354
45,8,80,4145.03685673012,80,7866.79323638634,80,-2691.01327518277,80,-3662.51257254346
45,8,85,4191.35443747186,85,7444.76875822213,85,-3262.22599822286,85,-3611.67714483552
45,8,90,4151.94475250494,90,7021.76312400084,90,-3782.03768690065,90,-3497.58460921367
50,8,0,-2769.2461957713,0,10533.0891737249,0,983.46778442514,0,-296.991998195938
50,8,5,-2676.00757295794,5,10490.3734408075,5,1166.10561352569,5,-589.666500869878
50,8,10,-2500.78267874574,10,10437.5498956053,10,1342.54654425651,10,-864.636957796959
50,8,15,-2241.97756475518,15,10379.6366589049,15,1501.41508218937,15,-1122.78787405755
50,8,20,-1899.86820536777,20,10320.0804950874,20,1628.95525896755,20,-1366.98537139425
50,8,25,-1477.88036978225,25,10259.0733981922,25,1709.45318954262,25,-1601.0925137389
50,8,30,-983.787787187747,30,10192.2557675409,30,1726.59708456555,30,-1828.50167074507
50,8,35,-430.529493211952,35,10110.6887423902,35,1665.64598735541,35,-2050.72040536373
50,8,40,163.711364371973,40,10002.5637691297,40,1515.91678653242,40,-2266.61895503388
50,8,45,776.458194402864,45,9856.31372434051,45,1272.85411239234,45,-2472.68207543093
50,8,50,1382.94416584667,50,9663.99771927779,50,938.999551101036,50,-2664.1115784362
50,8,55,1958.79217979734,55,9423.53306182481,55,523.564827421937,55,-2836.16950739412
50,8,60,2482.66972694603,60,9138.79481326554,60,40.8687535238452,60,-2985.01406473347
50,8,65,2938.172989122,65,8817.61029851888,65,-491.676005314274,65,-3107.5634799626
50,8,70,3314.49708858195,70,8468.69705404396,70,-1055.27543771261,70,-3200.47617348058
50,8,75,3605.95740957481,75,8099.05963322324,75,-1630.72578450456,75,-3258.84759144359
50,8,80,3810.87622204675,80,7713.0412984032,80,-2198.68520175198,80,-3275.42037597748
50,8,85,3930.51380170345,85,7313.3458279696,85,-2739.66043126277,85,-3240.90520810798
50,8,90,3968.54361709123,90,6903.40152664867,90,-3234.21498884089,90,-3145.54613953686
55,8,0,-3233.97660809857,0,10044.4334596433,0,826.257865848438,0,-332.643341846684
55,8,5,-3150.61490192176,5,10007.9167302649,5,1019.56162676631,5,-590.525411962014
55,8,10,-2989.41731168218,10,9962.26206854611,10,1209.96334715323,10,-830.445622047586
55,8,15,-2746.84724689888,15,9912.49156030396,15,1387.83407206855,15,-1053.03565338964
55,8,20,-2420.67425839625,20,9862.77903188228,20,1540.23601175939,20,-1261.40741484796
55,8,25,-2011.76722263476,25,9814.0867411345,25,1651.17159128633,25,-1459.98891190396
55,8,30,-1525.81174658188,30,9762.09755237712,30,1703.15930745769,30,-1652.63377341491
55,8,35,-974.565228531194,35,9696.84356195474,35,1679.97870161593,35,-1840.83970525756
55,8,40,-376.119909420566,40,9604.8160830721,40,1569.85789882907,40,-2023.00872633723
55,8,45,246.276986680139,45,9473.08099252317,45,1367.99846809714,45,-2195.19998002885
55,8,50,866.856756051474,50,9293.68355483367,50,1077.46072122654,50,-2352.98496916577
55,8,55,1460.77872301163,55,9066.21301916098,55,708.115252008445,55,-2493.32055307075
55,8,60,2007.2872918036,60,8797.19778837732,60,274.264032700824,60,-2615.27536583374
55,8,65,2491.51907942033,65,8496.63633954698,65,-207.88889742838,65,-2719.07360778951
55,8,70,2904.50698029795,70,8173.47854911022,70,-721.834124322431,70,-2803.88715461358
55,8,75,3241.76056730999,75,7832.36139845572,75,-1251.01973836583,75,-2865.53202528139
55,8,80,3501.40079680048,80,7473.14223286521,80,-1778.19282680673,80,-2895.31262841656
55,8,85,3682.89346548826,85,7093.29472934148,85,-2284.6988298903,85,-2880.72663837179
55,8,90,3786.98044749827,90,6691.89982338796,90,-2750.54452422859,90,-2807.94546429816
60,8,0,-3460.01865834049,0,9570.27781715417,0,677.364446739826,0,-358.223260698962
60,8,5,-3386.50038101652,5,9542.07835323377,5,870.617954382501,5,-585.777921751545
60,8,10,-3241.74131933119,10,9504.30564778555,10,1064.03805947612,10,-795.248388153429
60,8,15,-3019.98918433364,15,9461.61348188606,15,1249.90514587561,15,-986.811196876449
60,8,20,-2716.23918640946,20,9418.7880310216,20,1416.25276015131,20,-1163.65541431522
60,8,25,-2328.57694443555,25,9377.63302155453,25,1546.93977780544,25,-1330.61430454172
60,8,30,-1860.4750065626,30,9334.02275524989,30,1623.49843724898,30,-1491.77832616167
60,8,35,-1322.5488840499,35,9277.1471934683,35,1628.55773249046,35,-1648.31345570121
60,8,40,-732.98773505359,40,9192.10458936104,40,1549.80152007134,40,-1797.82643937197
60,8,45,-115.983318430507,45,9065.16063942442,45,1382.88250901103,45,-1935.82506439526
60,8,50,501.795522353882,50,8889.20869605186,50,1131.9842586446,50,-2058.51645791733
60,8,55,1095.61933639847,55,8666.46751152549,55,807.835577719501,55,-2165.21705611196
60,8,60,1646.31803575162,60,8406.77876856519,60,424.32090140153,60,-2258.72943581266
60,8,65,2141.69859647651,65,8122.31553600682,65,-4.48082979953057,65,-2343.19509334203
60,8,70,2575.44636961927,70,7821.54362564009,70,-465.425700240392,70,-2420.42674045786
60,8,75,2944.44106778297,75,7505.6158639132,75,-945.431184477633,75,-2486.60826556568
60,8,80,3246.09010702494,80,7168.92268498061,80,-1429.62129805801,80,-2531.04551555656
60,8,85,3477.08041358196,85,6803.30828724023,85,-1899.95722698375,85,-2537.61874150132
60,8,90,3634.11146449631,90,6403.81042641753,90,-2335.40239699979,90,-2488.41863933512
65,8,0,-3466.04603560742,0,9131.16415640982,0,539.352578355031,0,-374.502885257551
65,8,5,-3401.74492078219,5,9112.20419930009,5,725.655107682166,5,-575.635892048539
65,8,10,-3274.33132749539,10,9082.44968732951,10,914.797515971758,10,-758.714312080351
65,8,15,-3075.75990924386,15,9045.83721061363,15,1100.89801538831,15,-923.412934019343
65,8,20,-2798.16996885285,20,9007.48338527784,20,1272.92865464743,20,-1072.89291117241
65,8,25,-2436.78263703621,25,8969.83029996585,25,1414.63950198937,25,-1212.21381867657
65,8,30,-1992.85200486242,30,8928.83883570851,30,1506.75373942672,30,-1345.43379311102
65,8,35,-1476.01440753697,35,8872.91660378857,35,1531.15715891198,35,-1473.0660334848
65,8,40,-904.873187681178,40,8786.10190853878,40,1475.64114541316,40,-1591.67910318516
65,8,45,-304.843170888179,45,8654.53272243885,45,1337.0629560775,45,-1696.23929347702
65,8,50,296.559483806301,50,8472.86004262122,50,1121.29477622236,50,-1783.94024596874
65,8,55,875.280201384944,55,8246.76177095924,55,840.010252790561,55,-1857.03353354994
65,8,60,1414.69274665266,60,7989.74291631129,60,506.195103914777,60,-1922.55275052884
65,8,65,1906.23347058961,65,7715.80379116499,65,130.96775253456,65,-1988.66700563764
65,8,70,2346.76009699164,70,7432.04757131847,70,-276.671202116724,70,-2059.46508932414
65,8,75,2734.39296647175,75,7135.23809677033,75,-707.469807330672,75,-2130.87960933085
65,8,80,3065.17412774635,80,6813.92174493098,80,-1148.78256699849,80,-2189.74689108663
65,8,85,3332.17849215832,85,6454.73349138873,85,-1582.73630916847,85,-2216.34048321417
65,8,90,3527.37464363958,90,6049.72435657647,90,-1986.83595045813,90,-2189.23328971517
70,8,0,-3276.77142929036,0,8735.9068122492,0,413.976259486959,0,-382.364519646196
70,8,5,-3220.31496149271,5,8725.90301525564,5,589.803534865324,5,-560.193158570999
70,8,10,-3109.65460486942,10,8703.69803318255,10,770.63786284876,10,-720.233426691464
70,8,15,-2934.6233292284,15,8672.23466095476,15,952.163734611176,15,-861.768377109179
70,8,20,-2684.61158486374,20,8636.52772010243,20,1124.10457792715,20,-987.851654933209
70,8,25,-2352.00871483936,25,8599.17993765486,25,1270.06677323414,25,-1103.50897301232
70,8,30,-1935.91076792268,30,8555.88810085673,30,1370.16974018958,30,-1212.40842517255
70,8,35,-1445.17940461204,35,8494.23871489707,35,1406.04987080981,35,-1314.1024225212
70,8,40,-899.166237334477,40,8397.59808981485,40,1366.316472408,40,-1404.02902295072
70,8,45,-324.770605086558,45,8252.74014807908,45,1249.73418300687,45,-1476.82896290448
70,8,50,249.726049195099,50,8056.94790533749,50,1064.26397308563,50,-1531.12877463542
70,8,55,801.47894133706,55,7819.94293076103,55,822.433566762798,55,-1572.53083836097
70,8,60,1317.19409516581,60,7558.87070465659,60,535.820810944971,60,-1612.36991601247
70,8,65,1792.562051462,65,7288.93384886581,65,211.980047670527,65,-1662.41536131899
70,8,70,2227.72501734495,70,7015.04241226608,70,-144.551639975554,70,-1728.26450566889
70,8,75,2621.61617455581,75,6729.12258876329,75,-528.209216034147,75,-1804.90238715373
70,8,80,2968.2517361239,80,6414.23193223766,80,-928.101897571953,80,-1876.4985250353
70,8,85,3256.61020200793,85,6052.94794878721,85,-1326.05610705417,85,-1920.21053779795
70,8,90,3473.8512419432,90,5635.85207216497,90,-1697.98468137049,90,-1912.1231475971
75,8,0,-2919.16591446524,0,8382.96057341132,0,302.296651719168,0,-382.674947971293
75,8,5,-2868.49703349802,5,8380.60336875504,5,466.910169951471,5,-539.575162397772
75,8,10,-2772.75527047308,10,8364.89698218155,10,638.113907191305,10,-679.311777777832
75,8,15,-2620.05860274999,15,8337.61501358152,15,812.71483472658,15,-800.998764828985
75,8,20,-2397.32600291845,20,8303.14263711719,20,980.890332914275,20,-907.478523942064
75,8,25,-2094.25618161031,25,8263.56580060611,25,1126.05948047222,25,-1003.35898651972
75,8,30,-1707.90435153342,30,8213.8055122893,30,1228.02767515128,30,-1091.4598998766
75,8,35,-1246.55279370182,35,8140.56256602708,35,1268.77549046327,35,-1170.10937538552
75,8,40,-730.540390921397,40,8026.99912083892,40,1238.44065606444,40,-1233.72905466635
75,8,45,-188.357570527016,45,7861.32756225479,45,1138.23156868792,45,-1277.09010334525
75,8,50,351.146920963785,50,7644.18455218585,50,978.324618918072,50,-1300.7712307083
75,8,55,866.820709519817,55,7389.56466288387,55,771.809087491088,55,-1313.92152773652
75,8,60,1349.20364993259,60,7117.85386434741,60,528.401564574289,60,-1331.79637113189
75,8,65,1798.41357697037,65,6844.70249723422,65,251.851668343847,65,-1368.88422503291
75,8,70,2217.56349986957,70,6572.28187646859,70,-57.5611446815118,70,-1431.31192146784
75,8,75,2605.78208379168,75,6287.8633405734,75,-397.380888817429,75,-1512.55065061055
75,8,80,2954.55871123966,80,5970.07606417207,80,-757.857727980907,80,-1594.27588400101
75,8,85,3248.76151588696,85,5599.05980848718,85,-1120.24545213024,85,-1651.41166148812
75,8,90,3471.28670843364,90,5165.50138626677,90,-1459.12692937045,90,-1658.80478703067
80,8,0,-2420.03463981337,0,8062.00376828853,0,204.882382064989,0,-376.186093376196
80,8,5,-2372.65863962141,5,8065.22555203633,5,359.699781485429,5,-514.075820206047
80,8,10,-2289.16854759994,10,8054.41874699104,10,522.023449407993,10,-635.88905486121
80,8,15,-2156.54048684122,15,8030.12235020438,15,689.19269765897,15,-740.82248125789
80,8,20,-1959.65044069806,20,7995.5517585993,20,851.49018446898,20,-831.33751505032
80,8,25,-1685.79005322208,25,7951.53390085071,25,992.176071091488,25,-911.123107955264
80,8,30,-1330.18731441113,30,7891.68179883079,30,1091.18006419318,30,-981.636700117971
80,8,35,-900.71412079485,35,7801.81093118249,35,1131.52453224335,35,-1039.81865137888
80,8,40,-418.744981829833,40,7665.42575903336,40,1105.51759754519,40,-1079.42184179168
80,8,45,85.8135775027583,45,7472.92316215021,45,1017.07879545601,45,-1096.01598700717
80,8,50,583.932806412057,50,7228.72913781261,50,878.388686358381,50,-1092.65705673702
80,8,55,1056.55597451898,55,6950.91063055757,55,702.627268245785,55,-1081.97530569431
80,8,60,1498.18559916795,60,6662.37645826969,60,497.341685371509,60,-1082.37375468978
80,8,65,1913.04725666672,65,6378.5223176354,65,262.667882784031,65,-1109.90350825234
80,8,70,2306.56549286306,70,6098.71125411901,70,-4.67756876293976,70,-1170.25962193833
80,8,75,2677.4336721291,75,5806.42659695261,75,-304.490673379971,75,-1255.11806528759
80,8,80,3014.42935867051,80,5477.46881910443,80,-627.60655539869,80,-1344.18548416064
80,8,85,3298.7864396124,85,5091.28926358105,85,-954.753236843221,85,-1411.2320964031
80,8,90,3510.16104448184,90,4639.94476028145,90,-1259.82710014782,90,-1431.05599971491
85,8,0,-1805.06853198485,0,7755.52842872736,0,122.039241508498,0,-363.535561201601
85,8,5,-1758.40035041871,5,7761.78088471076,5,269.979395024948,5,-484.297818144281
85,8,10,-1684.11424246209,10,7753.75782899477,10,425.567670156327,10,-590.557018670375
85,8,15,-1568.69179461782,15,7730.80266408665,15,585.981709504595,15,-681.769227206888
85,8,20,-1395.53626656008,20,7694.50572126698,20,741.2823074538,20,-759.762600900726
85,8,25,-1150.01431886754,25,7643.79282764101,25,874.748178118186,25,-826.757789638962
85,8,30,-825.894845463851,30,7570.57643797479,30,967.057831376209,30,-882.385979012787
85,8,35,-430.782940058509,35,7459.93020687917,35,1003.04763965556,35,-922.20660484623
85,8,40,13.1174355340003,40,7296.28578974672,40,977.692038561835,40,-939.867344971457
85,8,45,475.019100112535,45,7072.7904450442,45,897.554882334508,45,-932.518167767781
85,8,50,926.322564973072,50,6797.69512790423,50,776.274728203735,50,-906.117437129863
85,8,55,1350.36555220591,55,6492.49684305912,55,626.542578267788,55,-876.434390397995
85,8,60,1745.34378782646,60,6181.70512173328,60,453.640425747708,60,-863.979562693629
85,8,65,2118.82966176066,65,5879.97303232218,65,254.694607471389,65,-885.155529086086
85,8,70,2477.70348936647,70,5584.34376709162,70,23.9115871977439,70,-944.479550868524
85,8,75,2819.75683937792,75,5275.97329874975,75,-239.803057432335,75,-1031.89720039932
85,8,80,3131.2762700962,80,4929.72267444511,80,-527.501249651055,80,-1125.9165075564
85,8,85,3390.74999316619,85,4525.93385005902,85,-819.755292717942,85,-1200.21701391348
85,8,90,3575.86632341153,90,4058.77049309657,90,-1090.68087869393,90,-1230.46303404341
90,8,0,-1099.148432512,0,7440.37579750906,0,53.9820531228455,0,-345.355500667537
90,8,5,-1050.87094707648,5,7446.87267677502,5,198.742751568613,5,-451.261457977852
90,8,10,-982.779888204078,10,7439.04072427934,10,350.41172661728,10,-544.62425776874
90,8,15,-881.502026278526,15,7415.16035638247,15,505.284415523688,15,-625.166350814108
90,8,20,-729.674307467316,20,7374.92095714978,20,652.970184877095,20,-693.767280423607
90,8,25,-511.456478368928,25,7314.9634018762,25,777.131404486857,25,-750.702795602584
90,8,30,-219.710629530365,30,7225.38413239622,30,859.978169365346,30,-793.505071968105
90,8,35,138.109100675278,35,7090.84002029605,35,888.925321149467,35,-816.590133786646
90,8,40,539.446051998794,40,6897.23782977148,40,861.88614030292,40,-814.210105055484
90,8,45,953.52403430154,45,6640.74114609157,45,787.662727242428,45,-785.837119962735
90,8,50,1352.97372396408,50,6333.00484658549,50,680.552013922398,50,-740.538199772898
90,8,55,1723.70535344482,55,5997.93739439304,55,552.170850304512,55,-696.621529747194
90,8,60,2066.99307848417,60,5660.66333722724,60,405.678442556916,60,-675.559926692315
90,8,65,2392.69198060563,65,5334.91267427111,65,236.104484055184,65,-693.046385043054
90,8,70,2708.25833696291,70,5016.39583728776,70,36.3679295449804,70,-752.007056562839
90,8,75,3010.39602816628,75,4685.78183876567,75,-195.034222715002,75,-841.034653645133
90,8,80,3283.51712931586,80,4318.90555617364,80,-449.228385803922,80,-938.30855730112
90,8,85,3504.52153645099,85,3898.22524971417,85,-707.227723348749,85,-1018.30491146175
90,8,90,3650.42811561045,90,3420.19725333717,90,-944.368345289832,90,-1058.10319609784
95,8,0,-327.487624021927,0,7089.28470514039,0,0.87357007379002,0,-322.436572464633
95,8,5,-275.860978264887,5,7093.20139598445,5,146.111524539982,5,-416.414884754214
95,8,10,-211.362458354628,10,7082.57314489464,10,296.593568640277,10,-499.96781453339
95,8,15,-121.343782748171,15,7054.83528894765,15,447.101710342532,15,-572.872087710575
95,8,20,11.503382434242,20,7007.75429735604,20,586.72286918716,20,-634.735637498593
95,8,25,203.295842814039,25,6935.67311381638,25,700.026607756921,25,-683.622382220132
95,8,30,461.377947293474,30,6827.10917516384,30,771.582579212534,30,-715.010879714695
95,8,35,778.376022833756,35,6666.79286969974,35,792.008016974433,35,-722.660604376474
95,8,40,1132.08497166582,40,6442.52706102242,40,762.144257602514,40,-702.169024096102
95,8,45,1492.88421203938,45,6153.38300284737,45,692.35149720632,45,-655.863443707106
95,8,50,1835.52956731132,50,5813.57149251131,50,596.680512664463,50,-595.812611617082
95,8,55,2148.55785012899,55,5448.15263459284,55,485.198368136167,55,-542.061301544427
95,8,60,2435.48715100882,60,5081.94996184044,60,359.300016822035,60,-515.956592285094
95,8,65,2707.28326642545,65,4727.89344086724,65,212.978151123293,65,-531.7148456399
95,8,70,2971.22602442331,70,4381.65708469728,70,39.0560212731867,70,-590.613439989442
95,8,75,3223.04992222004,75,4025.35499317139,75,-163.663907789535,75,-680.483314320127
95,8,80,3446.20063946871,80,3637.50589077435,80,-386.431216387834,80,-780.010686178769
95,8,85,3617.25106535587,85,3203.50898492804,85,-611.380481976024,85,-865.1053999414
95,8,90,3713.72245641925,90,2721.88605381591,90,-816.00443591409,90,-914.465769370572
100,8,0,482.859996186459,0,6672.59495217325,0,-37.2922751469976,0,-295.86184420451
100,8,5,538.761584433247,5,6671.24613724971,5,111.162649883944,5,-381.488263907933
100,8,10,601.534386553822,10,6654.61392479864,10,262.375812147975,10,-458.653086807451
100,8,15,682.607453651553,15,6619.58656639783,15,409.20931369937,15,-526.779991045915
100,8,20,798.357173661521,20,6562.27415935937,20,540.341547207152,20,-583.954446821889
100,8,25,964.139700362599,25,6475.11318916918,25,641.828659619711,25,-626.075356542835
100,8,30,1186.76587502758,30,6345.61822762408,30,701.291820046372,30,-646.987569827855
100,8,35,1458.94679034207,35,6159.17971452235,35,712.881512209995,35,-640.481678656725
100,8,40,1759.66086627804,40,5905.71780160268,40,680.04987931249,40,-604.135129410981
100,8,45,2061.65583658277,45,5586.73424203489,45,613.884230588523,45,-543.319516991894
100,8,50,2342.65754561882,50,5217.84439872551,50,527.35826131231,50,-472.651015941624
100,8,55,2593.76898451054,55,4823.93673862148,55,428.719879337585,55,-412.993172144759
100,8,60,2819.86322103945,60,4428.78095704718,60,318.11226787375,60,-384.66564762198
100,8,65,3031.94052523331,65,4044.83536057666,65,189.518270247322,65,-399.995483717006
100,8,70,3236.57870588643,70,3669.07264557494,70,36.6530844588778,70,-458.851791838422
100,8,75,3428.90497145766,75,3286.7760468815,75,-140.899270541721,75,-548.981618958024
100,8,80,3592.4397389778,80,2880.49195773966,80,-334.684290269398,80,-650.280327687185
100,8,85,3704.64911164444,85,2439.03451392219,85,-528.5874385054,85,-740.473835779608
100,8,90,3744.53759689626,90,1962.56590708489,90,-703.004382384708,90,-799.823268487899
105,8,0,1301.57122813623,0,6160.25879158323,0,-60.9145366242619,0,-267.032969261292
105,8,5,1361.69923705137,5,6151.29638947721,5,91.7902294470924,5,-348.191836812049
105,8,10,1423.58024901836,10,6125.55414140268,10,244.24598660468,10,-422.393000860816
105,8,15,1497.031803686,15,6079.73961841662,15,387.329565050945,15,-488.209484932902
105,8,20,1596.66816286518,20,6008.83676344383,20,509.589939446205,20,-542.108645156134
105,8,25,1736.11271485098,25,5904.10713787965,25,599.055926438641,25,-578.212937584903
105,8,30,1921.01484312443,30,5752.87278529706,30,646.761919633586,30,-589.475812201346
105,8,35,2144.27523464456,35,5541.76501973719,35,650.308548501806,35,-570.487099331792
105,8,40,2386.87991692209,40,5262.81665875048,40,615.16182890898,40,-521.204346561664
105,8,45,2625.00903159834,45,4919.21431400495,45,552.301774605652,45,-449.829415919197
105,8,50,2840.00319133877,50,4526.72106654059,50,473.022910273522,50,-372.767960184258
105,8,55,3025.37453619572,55,4108.85038778781,55,383.739674134231,55,-310.77272793395
105,8,60,3186.56392834842,60,3687.7674986506,60,283.922052387418,60,-282.493802967217
105,8,65,3333.78510713848,65,3275.83560811872,65,168.381964828304,65,-298.287211754683
105,8,70,3472.65073251295,70,2872.4190627815,70,32.3911496130045,70,-357.042064067389
105,8,75,3598.17881143605,75,2467.23181116769,75,-123.467485649135,75,-447.061100381138
105,8,80,3694.97701351227,80,2047.72451395092,80,-291.266016910248,80,-549.954797879286
105,8,85,3742.48029780964,85,1606.33120002575,85,-457.118567347456,85,-645.422367221796
105,8,90,3721.96539921036,90,1144.42903314614,90,-604.791418529982,90,-715.073735841816
110,8,0,2094.0628779245,0,5524.28168975408,0,-71.0066943590979,0,-237.553390945594
110,8,5,2157.32225685009,5,5505.95537460438,5,84.7901977219418,5,-317.84768921152
110,8,10,2217.88656449532,10,5468.5962373625,10,237.289157202479,10,-392.034616237847
110,8,15,2283.69668798361,15,5409.13253012407,15,375.709314340064,15,-457.412110484295
110,8,20,2366.95408918158,20,5322.12197608321,20,488.851945392716,20,-508.950056390302
110,8,25,2478.83177283129,25,5198.56758314826,25,566.968794964421,25,-539.658696586206
110,8,30,2623.44328669766,30,5026.47298449224,30,604.406361230013,30,-542.505911449172
110,8,35,2794.08879770259,35,4794.18223930917,35,601.681534821531,35,-513.561342406572
110,8,40,2974.44234985269,40,4495.64469498336,40,565.475183039248,40,-455.240962290551
110,8,45,3144.84843931028,45,4134.89101728539,45,505.950540479807,45,-377.992444635865
110,8,50,3290.59739850749,50,3726.6965254496,50,432.432211846258,50,-299.061596909945
110,8,55,3407.378304949,55,3292.26955950158,55,349.723373478056,55,-238.248335734803
110,8,60,3500.61885970975,60,2851.81473819,60,257.168562132767,60,-212.159529061449
110,8,65,3579.26035524337,65,2417.86466502934,65,150.956083027704,65,-229.338788573473
110,8,70,3647.92807249989,70,1992.80593733961,70,28.2062893793909,70,-288.17610163579
110,8,75,3702.05212494886,75,1571.41296022347,75,-109.523832398913,75,-378.023663353338
110,8,80,3728.18460405005,80,1146.39421943395,80,-255.064467348825,80,-482.479968159435
110,8,85,3708.59537517407,85,713.790685092453,85,-397.017071348921,85,-583.187340298296
110,8,90,3627.44602634676,90,275.87751615143,90,-522.646097770529,90,-662.826116228222
115,8,0,2821.17637964323,0,4741.67824204593,0,-69.2790118142774,0,-208.996075040988
115,8,5,2885.47608363629,5,4713.16647354163,5,86.299622735718,5,-291.128080823438
115,8,10,2942.98056484604,10,4662.91256494825,10,236.041956991127,10,-367.349380697493
115,8,15,2999.65185305683,15,4588.43766995482,15,368.184079290699,15,-433.501726743176
115,8,20,3064.93029585166,20,4484.59274752947,20,472.177275956263,20,-483.411451320347
115,8,25,3147.21750445632,25,4343.01666815405,25,540.433590031901,25,-509.773763369462
115,8,30,3249.04834296896,30,4153.14725368688,30,570.03937009108,30,-506.421750670049
115,8,35,3364.41105800523,35,3905.33148789751,35,563.520648066653,35,-471.331281222713
115,8,40,3480.10531469585,40,3595.1305606692,40,527.888235165045,40,-409.108711704656
115,8,45,3580.94319634526,45,3226.67761796054,45,471.979606204682,45,-331.601972589821
115,8,50,3656.15402281088,50,2812.94231926173,50,403.156090521627,50,-255.902649164578
115,8,55,3703.32054065393,55,2372.26743834989,55,324.983726896822,55,-200.175431285892
115,8,60,3727.51766496978,60,1922.70437363039,60,237.109296634469,60,-178.830254504574
115,8,65,3736.25853401927,65,1476.99988893897,65,137.316403510016,65,-198.866634938194
115,8,70,3733.34057074131,70,1040.62334449504,70,24.5188941893645,70,-258.575080996484
115,8,75,3715.06200356559,75,613.344248353006,75,-98.9610638579382,75,-348.62600137097
115,8,80,3670.54145097929,80,192.937025596562,80,-226.885980990111,80,-454.634808018895
115,8,85,3585.49378705116,85,-221.187967804084,85,-350.338868599364,85,-560.014289704809
115,8,90,3447.39121086643,90,-626.069233991809,90,-459.837612162875,90,-648.259746510766
120,8,0,3439.6811767458,0,3798.01718549452,0,-57.9757303191817,0,-182.643829114905
120,8,5,3502.15256163102,5,3759.76942747431,5,92.5638354236668,5,-268.089807963425
120,8,10,3553.75722539717,10,3697.18556922612,10,235.692720813119,10,-347.375949551111
120,8,15,3598.56747532481,15,3608.63899768501,15,359.539604021845,15,-415.060633663433
120,8,20,3643.28187025329,20,3489.84795788873,20,454.535720426575,20,-464.374920058156
120,8,25,3693.64780884414,25,3333.76537476073,25,514.902506287818,25,-488.45732352792
120,8,30,3750.89399431168,30,3131.75267647608,30,539.557602289716,30,-482.599961354758
120,8,35,3810.00965041263,35,2876.24547308379,35,531.938901029608,35,-446.749180629887
120,8,40,3861.07519703646,40,2564.10203557794,40,498.549556537452,40,-387.131354035163
120,8,45,3893.25544459658,45,2199.06606216462,45,446.606670745501,45,-316.035197951376
120,8,50,3899.40754435341,50,1791.91139916911,50,381.717171664383,50,-249.49331647064
120,8,55,3878.70326410003,55,1357.94871594591,55,306.612766225304,55,-203.540940060249
120,8,60,3835.74432496182,60,913.014532703656,60,221.487287867858,60,-190.370995330695
120,8,65,3776.72421863482,65,469.871715252728,65,125.641702108273,65,-215.682189412932
120,8,70,3704.88016290589,70,36.5864177060307,70,19.4756680729233,70,-277.879868982463
120,8,75,3617.71356398029,75,-382.789454839924,75,-94.2164350826444,75,-368.96176716187
120,8,80,3507.25465102842,80,-786.135162719847,80,-210.180772140816,80,-476.373219911781
120,8,85,3362.97163875063,85,-1171.17718430489,85,-321.690071368929,85,-585.049836238128
120,8,90,3175.83543783616,90,-1534.46032408082,90,-421.917048129489,90,-679.158380828939
125,8,0,3903.77182265718,0,2691.60405122174,0,-39.4532829439113,0,-159.319792757298
125,8,5,3961.16803277468,5,2645.5657499698,5,100.79586508268,5,-248.591849706254
125,8,10,4003.49103112397,10,2573.42641495464,10,233.210942103025,10,-331.352946384775
125,8,15,4033.19832907902,15,2474.48837728687,15,346.680121593755,15,-401.40186127831
125,8,20,4054.60820235333,20,2345.64557493518,20,432.819217309156,20,-452.02535562967
125,8,25,4071.2934954322,25,2181.51093425267,25,487.138444028897,25,-477.38054817871
125,8,30,4083.66047709689,30,1975.54083323637,30,509.379585344446,30,-474.442349843932
125,8,35,4087.96784006301,35,1722.1678233642,35,502.843715270878,35,-444.821303031501
125,8,40,4077.46886991378,40,1419.2973317816,40,472.861133225251,40,-395.592991092176
125,8,45,4045.24593011112,45,1070.09764285014,45,424.919217824964,45,-338.55516509694
125,8,50,3987.2771399288,50,683.177410918468,50,363.155349044115,50,-287.953484191109
125,8,55,3904.03313621404,55,270.990421036224,55,289.78477993092,55,-257.371843029999
125,8,60,3799.68976117628,60,-152.800816467967,60,205.593925861256,60,-256.807172683453
125,8,65,3679.40148213529,65,-575.802586804815,65,111.11671005514,65,-290.777721025369
125,8,70,3546.15006419064,70,-988.247747343049,70,7.82018181312938,70,-357.790573364856
125,8,75,3398.82445483193,75,-1383.01240798691,75,-101.284472037109,75,-450.950979201398
125,8,80,3232.41652838103,80,-1754.79571681694,80,-211.800801467447,80,-559.212904326427
125,8,85,3040.11097249058,85,-2099.25990853501,85,-318.638600276243,85,-668.808946612665
125,8,90,2816.26080280875,90,-2412.73233647447,90,-416.769497413411,90,-764.62615000576
130,8,0,4167.93499829471,0,1438.18100843357,0,-15.6173217894857,0,-139.398218393836
130,8,5,4217.14842591166,5,1387.75453554682,5,109.74913291365,5,-232.966813271314
130,8,10,4247.06864406785,10,1310.94709539805,10,227.850291371882,10,-319.913365147475
130,8,15,4258.94575550353,15,1207.86867634258,15,328.986542671433,15,-394.021499744452
130,8,20,4255.30806600774,20,1076.60517471102,20,406.017463166271,20,-449.2613086873
130,8,25,4238.23247783405,25,913.441809863639,25,455.213237659641,25,-481.123389952771
130,8,30,4207.84560498745,30,713.823274443695,30,476.288343082811,30,-488.127736038777
130,8,35,4161.83630185479,35,473.968702201465,35,471.627086874207,35,-472.967716217844
130,8,40,4096.31843603979,40,192.670896610472,40,444.987966419287,40,-442.733024856614
130,8,45,4007.67336047599,45,-127.407553434345,45,400.16632968061,45,-407.934050863101
130,8,50,3894.41955082064,50,-479.489304179713,50,340.095356701623,50,-380.509977127065
130,8,55,3758.08364887361,55,-853.579137844473,55,266.652076979688,55,-371.404260426366
130,8,60,3602.57095188947,60,-1238.07948552698,60,181.103955299062,60,-388.418908579112
130,8,65,3432.35639492505,65,-1621.44137786134,65,84.8527299966491,65,-434.865007203127
130,8,70,3250.44537517204,70,-1993.29951823077,70,-19.9499660143679,70,-509.155043244587
130,8,75,3057.13340068288,75,-2344.93863460914,75,-130.19692069874,75,-605.157534276094
130,8,80,2850.13217523144,80,-2669.3250127361,80,-242.042091867096,80,-713.007109811221
130,8,85,2625.94616011201,85,-2961.09114658192,85,-351.318889327814,85,-820.132333590195
130,8,90,2381.85693333244,90,-3216.7526368309,90,-453.864567780554,90,-912.417751403334
135,8,0,4191.78466136276,0,75.5510485505062,0,12.5484257105921,0,-122.996444783727
135,8,5,4230.34225397413,5,25.2149689004335,5,119.671048066362,5,-222.584839648951
135,8,10,4245.816506925,10,-49.8900652147993,10,220.64673947194,10,-315.876015972894
135,8,15,4238.70230297557,15,-149.108723887007,15,307.498735134102,15,-397.385872585417
135,8,20,4210.39791104603,20,-273.364696337289,20,374.260147897456,20,-462.241578619675
135,8,25,4162.17363527307,25,-424.923325989031,25,417.56104650611,25,-507.316987979639
135,8,30,4094.33402130175,30,-606.63273628965,30,436.570977850083,30,-532.286673699904
135,8,35,4006.01171216952,35,-820.753956783444,35,432.378789841978,35,-540.232863327727
135,8,40,3895.73573503568,40,-1067.70286817852,40,407.083338107722,40,-537.500717893109
135,8,45,3762.50856083453,45,-1345.12417157051,45,362.951749581565,45,-532.721329915961
135,8,50,3606.82844469575,50,-1647.61845130316,50,301.933830064144,50,-535.214766325357
135,8,55,3431.09282995907,55,-1967.18432154239,55,225.632873961606,55,-553.199934176289
135,8,60,3239.13423058097,60,-2294.16086583379,60,135.618874693178,60,-592.266458115301
135,8,65,3035.09781089383,65,-2618.31570120463,65,33.8372359423367,65,-654.408704539978
135,8,70,2822.20918411029,70,-2929.78240055718,70,-77.1259929352568,70,-737.689616861273
135,8,75,2602.0203971835,75,-3219.73989192713,75,-194.032864411074,75,-836.424536919897
135,8,80,2374.46451091999,80,-3480.90765425073,80,-313.181104846278,80,-941.72491969489
135,8,85,2138.65800452968,85,-3707.99671877844,85,-430.627341319625,85,-1042.2981953535
135,8,90,1894.07061510077,90,-3898.19410486603,90,-542.286874711071,90,-1125.48404926316
140,8,0,3947.32439921348,0,-1333.24686983524,0,45.100889202308,0,-110.231515572797
140,8,5,3973.70921252595,5,-1378.60401549617,5,131.576550709935,5,-219.868666953207
140,8,10,3974.32449482836,10,-1445.16141477022,10,213.033444864574,10,-323.937578027475
140,8,15,3949.31936366893,15,-1532.01733709284,15,283.18108507236,15,-418.212702893942
140,8,20,3899.54694036356,20,-1639.39539664226,20,337.070774380987,20,-499.198015816789
140,8,25,3826.02416532925,25,-1768.43247738473,25,371.486960896065,25,-564.981398759723
140,8,30,3729.51578363608,30,-1920.61495921132,30,384.918976841296,30,-615.897684916374
140,8,35,3610.46059570049,35,-2096.96758109571,35,377.193335379628,35,-654.780710333264
140,8,40,3469.28775046112,40,-2297.20631359605,40,348.958171730006,40,-686.666156444555
140,8,45,3306.9613910579,45,-2519.10306675608,45,301.238700012961,45,-717.960876345217
140,8,50,3125.45603498942,50,-2758.24641464016,50,235.215197234666,50,-755.259584957106
140,8,55,2927.88408236009,55,-3008.24504641227,55,152.249413068132,55,-804.090282091881
140,8,60,2718.16730033751,60,-3261.27961865063,60,54.0663979010095,60,-867.861713326417
140,8,65,2500.37487351015,65,-3508.83403628445,65,-57.0555788360983,65,-947.18564252081
140,8,70,2278.01636330764,70,-3742.45354843727,70,-178.204704878015,70,-1039.6173079749
140,8,75,2053.59384278668,75,-3954.45147817135,75,-305.896126174187,75,-1139.76693193385
140,8,80,1828.58492297162,80,-4138.55662738215,80,-436.216086162648,80,-1239.71357633365
140,8,85,1603.82516828771,85,-4290.51261774639,85,-564.95246753233,85,-1329.68054451371
140,8,90,1380.08698413815,90,-4408.60499287268,90,-687.6426484583,90,-1398.96184515252
145,8,0,3428.20134062385,0,-2700.3282855441,0,82.749108423413,0,-101.347951181739
145,8,5,3441.93646009633,5,-2736.19049128882,5,146.15004885387,5,-227.513667947549
145,8,10,3429.03254252333,10,-2787.95799331422,10,205.258463495199,10,-349.008259516467
145,8,15,3389.60315921199,15,-2854.72393976377,15,255.197657609201,15,-463.025542658553
145,8,20,3324.38025974286,20,-2936.28196492027,20,291.858529468704,20,-567.373146651806
145,8,25,3234.47559601511,25,-3032.95820897544,25,312.16016745408,25,-661.033271413125
145,8,30,3121.20099580194,30,-3145.22213558078,30,314.086228493204,30,-744.531413652013
145,8,35,2986.04074257998,35,-3273.15854117316,35,296.547165376722,35,-819.994919882411
145,8,40,2830.78601060694,40,-3415.93297464162,40,259.172247578353,40,-890.851555520829
145,8,45,2657.74815339756,45,-3571.39237226131,45,202.140685253639,45,-961.211486313265
145,8,50,2469.91404261116,50,-3735.90467370038,50,126.118488677571,50,-1035.06066929504
145,8,55,2270.92366067171,55,-3904.47146531044,55,32.3011387135745,55,-1115.43646609316
145,8,60,2064.83117821906,60,-4071.07793069567,60,-77.4934832463242,60,-1203.74338443101
145,8,65,1855.71391125228,65,-4229.20331956235,65,-200.755747725171,65,-1299.3116886693
145,8,70,1647.2651950961,70,-4372.41178204093,70,-334.289079621355,70,-1399.23602482853
145,8,75,1442.51200247156,75,-4494.96381872488,75,-474.293180468832,75,-1498.48517135751
145,8,80,1243.73714938182,80,-4592.40804126804,80,-616.489835364575,80,-1590.25836470141
145,8,85,1052.5930001932,85,-4662.11390477725,85,-756.244646082628,85,-1666.56674066203
145,8,90,870.314552413303,90,-4703.68920403835,90,-888.661590447868,90,-1719.01758751592
150,8,0,2658.90016230025,0,-3919.07500778687,0,126.021024098739,0,-96.5568184367477
150,8,5,2660.46690851368,5,-3942.01997901878,5,162.814794155385,5,-247.089988416538
150,8,10,2636.87854180277,10,-3974.23561035822,10,195.512804315399,10,-393.69587270983
150,8,15,2588.40439743205,15,-4014.95877697803,15,220.315277210235,15,-534.769553839517
150,8,20,2515.89626867785,20,-4063.76661452973,20,233.81527482412,20,-669.09431069302
150,8,25,2420.70544943223,25,-4120.46336684162,25,233.178722166016,25,-796.150690212698
150,8,30,2304.61407200587,30,-4184.84251971503,30,216.229786207688,30,-916.287374899213
150,8,35,2169.8126261783,35,-4256.38022610148,35,181.462823799098,35,-1030.69692553047
150,8,40,2018.92234441447,40,-4333.93737590895,40,128.022929112101,40,-1141.18374728345
150,8,45,1855.02700571725,45,-4415.54786745763,45,55.6965188098235,45,-1249.761853816
150,8,50,1681.66180575515,50,-4498.3493586309,50,-35.0665672441705,50,-1358.16046311867
150,8,55,1502.71720307556,55,-4578.67832643493,55,-143.105813723503,55,-1467.33353021082
150,8,60,1322.24891846268,60,-4652.31668020945,60,-266.50507096645,60,-1577.06161449327
150,8,65,1144.22518060874,65,-4714.85340382616,65,-402.58176678993,65,-1685.70822271985
150,8,70,972.26912488462,70,-4762.11518169064,70,-547.929802718149,70,-1790.16122650764
150,8,75,809.455359660423,75,-4790.62011162062,75,-698.515411319276,75,-1885.9646589119
150,8,80,658.195871945564,80,-4798.01038202135,80,-849.809509653545,80,-1967.63096721757
150,8,85,520.21447976826,85,-4783.41796240784,85,-996.937563069594,85,-2029.11418803954
150,8,90,396.578476956241,90,-4747.7132065913,90,-1134.83916220889,90,-2064.41254925377
155,8,0,1700.26079135086,0,-4876.87535154255,0,174.282566257503,0,-95.5904835668561
155,8,5,1690.9936271907,5,-4885.14674834517,5,179.42696749988,5,-277.621729167809
155,8,10,1660.6115902369,10,-4895.14384498803,10,180.316381384714,10,-456.069349861506
155,8,15,1609.61272017963,15,-4906.32976071031,15,173.9809002399,15,-630.04486342066
155,8,20,1539.04161327319,20,-4918.24958817343,20,157.665724327134,20,-798.830108801767
155,8,25,1450.46622779672,25,-4930.47392338753,25,128.963051877231,25,-962.006611177562
155,8,30,1345.94651420156,30,-4942.48377240007,30,85.9149345955408,30,-1119.50945185317
155,8,35,1228.00187150052,35,-4953.52880175797,35,27.0913873505276,35,-1271.5817667771
155,8,40,1099.57465329804,40,-4962.49917568624,40,-48.3462380254331,40,-1418.62905282848
155,8,45,963.977850918006,45,-4967.8494990168,45,-140.587818723406,45,-1560.9962508839
155,8,50,824.811918603404,50,-4967.60243510705,50,-249.121155401861,50,-1698.70869348888
155,8,55,685.840922003473,55,-4959.44305036378,55,-372.689725956106,55,-1831.22601647247
155,8,60,550.830003534051,60,-4940.89779390365,60,-509.274238803034,60,-1957.25517838386
155,8,65,423.359377601807,65,-4909.57833050321,65,-656.110717268205,65,-2074.65749757493
155,8,70,306.638752173278,70,-4863.46191154004,70,-809.752349225565,70,-2180.46964378906
155,8,75,203.346540727664,75,-4801.17588682914,75,-966.174483535326,75,-2271.04380719009
155,8,80,115.510800967033,80,-4722.2525596523,80,-1120.91596926982,80,-2342.29957838159
155,8,85,44.4374355656414,85,-4627.3207866382,85,-1269.24814077036,85,-2390.06888173237
155,8,90,-9.31883975384732,90,-4518.20310978149,90,-1406.36499067076,90,-2410.50424211192
160,8,0,647.433707018497,0,-5472.95585454684,0,225.034162546639,0,-97.2072939843965
160,8,5,629.465164562661,5,-5466.87740057065,5,192.705434548775,5,-314.877386194682
160,8,10,596.776686741834,10,-5454.55078428661,10,155.960502807578,10,-528.863615202032
160,8,15,550.055787902111,15,-5435.72129122333,15,112.578350426398,15,-738.426902324554
160,8,20,490.469966281158,20,-5410.08724896801,20,60.5022711288488,20,-942.861087915265
160,8,25,419.65232940673,25,-5377.28848344062,25,-2.05981835579083,25,-1141.51977597904
160,8,30,339.672236239686,30,-5336.87564165064,30,-76.5413198364533,30,-1333.81431634397
160,8,35,252.990832379231,35,-5288.2745063956,35,-163.93123698498,35,-1519.17512333319
160,8,40,162.39993201556,40,-5230.76212760885,40,-264.698246960248,40,-1696.97797802539
160,8,45,70.9418005292172,45,-5163.47024535495,45,-378.726750809004,45,-1866.4463451205
160,8,50,-18.1919470611196,50,-5085.42651595124,50,-505.268807229846,50,-2026.54781350133
160,8,55,-101.781548199942,55,-4995.63679747289,55,-642.917537254691,55,-2175.90602640766
160,8,60,-176.715722779098,60,-4893.20391896597,60,-789.608168623781,60,-2312.74849111992
160,8,65,-240.135135046599,65,-4777.47148397189,65,-942.651775804241,65,-2434.90608981658
160,8,70,-289.571527970029,70,-4648.17630652587,70,-1098.80413508391,70,-2539.87321945656
160,8,75,-323.071024588124,75,-4505.59038230899,75,-1254.36876298168,75,-2624.92960072196
160,8,80,-339.291920605188,80,-4350.63280831199,80,-1405.33013855779,80,-2687.31690831735
160,8,85,-337.570446945252,85,-4184.93367512634,85,-1547.51099609024,85,-2724.45607803273
160,8,90,-317.951272145786,90,-4010.83568659206,90,-1676.74645366249,90,-2734.18486107255
165,8,0,-381.746961283627,0,-5637.16235409504,0,273.85294015204,0,-99.0386655040186
165,8,5,-405.570037180273,5,-5619.34494799682,5,199.145020889121,5,-351.857983050199
165,8,10,-435.975272287638,10,-5587.5226372747,10,120.200496000858,10,-600.647265681603
165,8,15,-472.218795995609,15,-5541.75407095,15,35.6129321984511,15,-844.352844139321
165,8,20,-513.187843765775,20,-5482.05049876152,20,-55.8688945050866,20,-1081.91270654245
165,8,25,-557.422665444542,25,-5408.38607177718,25,-155.267261762428,25,-1312.24457807016
165,8,30,-603.152052714272,30,-5320.70727888208,30,-263.305020754335,30,-1534.22944067889
165,8,35,-648.342950249077,35,-5218.94529219695,35,-380.34126174807,35,-1746.68932851587
165,8,40,-690.764166216398,40,-5103.03554172161,40,-506.316248875353,40,-1948.36092917568
165,8,45,-728.063519742109,45,-4972.94814059073,45,-640.708985546959,45,-2137.86914689718
165,8,50,-757.85678349634,50,-4828.73097147279,50,-782.510898354058,50,-2313.70671392002
165,8,55,-777.825540796543,55,-4670.56469878597,55,-930.21897190589,55,-2474.22671557962
165,8,60,-785.819753469027,60,-4498.82620181288,60,-1081.85108013123,60,-2617.65433173437
165,8,65,-779.959692790428,65,-4314.15444946395,65,-1234.9851866066,65,-2742.12227438011
165,8,70,-758.731185211721,70,-4117.51108282558,70,-1386.82260309043,70,-2845.73161663298
165,8,75,-721.06804000001,75,-3910.22721411343,75,-1534.27378585494,75,-2926.6363809741
165,8,80,-666.416085949326,80,-3694.02831647999,80,-1674.06344074757,80,-2983.14683799548
165,8,85,-594.774341164639,85,-3471.03056505386,85,-1802.85019499781,85,-3013.84339277451
165,8,90,-506.710289548198,90,-3243.70448236593,90,-1917.3548919775,90,-3017.69059242684
170,8,0,-1266.42134237456,0,-5344.28605569757,0,315.121390591868,0,-98.1147422900066
170,8,5,-1292.8059599367,5,-5319.45693666624,5,196.021519842361,5,-380.464170006699
170,8,10,-1316.88052250572,10,-5273.9687642459,10,73.3684497886461,10,-658.558562822515
170,8,15,-1338.02382537099,15,-5208.1576555096,15,-53.3058362751701,15,-930.796416993873
170,8,20,-1355.39980884924,20,-5122.40074427994,20,-184.340903592335,20,-1195.59146976003
170,8,25,-1367.98175291619,25,-5017.12533093071,25,-319.901856242362,25,-1451.36247419749
170,8,30,-1374.58557817104,30,-4892.82124667507,30,-459.937662926576,30,-1696.52528097492
170,8,35,-1373.91178205678,35,-4750.05628290846,35,-604.145707437778,35,-1929.48781493623
170,8,40,-1364.59512680746,40,-4589.49446865791,40,-751.944465954534,40,-2148.64881372931
170,8,45,-1345.26073410077,45,-4411.91671374646,45,-902.45612083112,45,-2352.40143276405
170,8,50,-1314.58475983168,50,-4218.24290146432,50,-1054.50069888733,50,-2539.14290932677
170,8,55,-1271.3573624745,55,-4009.55398696814,55,-1206.60295539031,55,-2707.29133844851
170,8,60,-1214.54529160086,60,-3787.11214055236,60,-1357.01271114961,60,-2855.3102074512
170,8,65,-1143.35116355475,65,-3552.37658157555,65,-1503.73870656702,65,-2981.74067974043
170,8,70,-1057.26640687641,70,-3307.01258034474,70,-1644.59530043566,70,-3085.24077518781
170,8,75,-956.114983090556,75,-3052.8912333339,75,-1777.2605670498,75,-3164.62966645414
170,8,80,-840.085329497922,80,-2792.07807239827,80,-1899.34359709424,80,-3218.93442225305
170,8,85,-709.748516756393,85,-2526.80933581532,85,-2008.4581517387,85,-3247.43580855706
170,8,90,-566.06133152186,90,-2259.45574775541,90,-2102.29931520609,90,-3249.70932254594
175,8,0,-1905.28955376683,0,-4619.56349205921,0,343.383599074294,0,-92.0815810999875
175,8,5,-1930.99952155042,5,-4593.82228932533,5,182.211343732559,5,-393.811163869036
175,8,10,-1946.02500249717,10,-4542.88877402363,10,18.5881659348242,10,-691.564811678468
175,8,15,-1950.014862967,15,-4467.23184429868,15,-146.941028168678,15,-983.235903959497
175,8,20,-1942.58149454422,20,-4367.4690522152,20,-313.762861170103,20,-1266.76671795697
175,8,25,-1923.31522314108,25,-4244.36470413199,25,-481.179117271799,25,-1540.15522471263
175,8,30,-1891.80252532264,30,-4098.82871606772,30,-648.393376418719,30,-1801.46266442555
175,8,35,-1847.64746831994,35,-3931.91587516225,35,-814.501408250439,35,-2048.8222162544
175,8,40,-1790.49564089726,40,-3744.82508565857,40,-978.485978360491,40,-2280.44898703364
175,8,45,-1720.05970889812,45,-3538.89812115276,45,-1139.21658084324,45,-2494.65143665942
175,8,50,-1636.14562008691,50,-3315.61736856512,50,-1295.45444174007,50,-2689.84423542083
175,8,55,-1538.67840619659,55,-3076.60203913104,55,-1445.8629417771,55,-2864.56241256973
175,8,60,-1427.72649364744,60,-2823.60234387405,60,-1589.02339033344,60,-3017.47651093829
175,8,65,-1303.52344449729,65,-2558.49119080905,65,-1723.45585501749,65,-3147.40831751178
175,8,70,-1166.48610976623,70,-2283.25306153847,70,-1847.64452379461,70,-3253.34660543711
175,8,75,-1017.22828924656,75,-1999.96986540145,75,-1960.0668619518,75,-3334.46221179944
175,8,80,-856.569152631397,80,-1710.80374494723,80,-2059.22563744007,80,-3390.12170094574
175,8,85,-685.535879947694,85,-1417.97700755901,85,-2143.68273783514,85,-3419.89883727664
175,8,90,-505.360215028276,90,-1123.74957056367,90,-2212.09360110435,90,-3423.5831233755
180,8,0,-2235.45983243797,0,-3533.93632027272,0,354.923359092647,0,-80.6475638115018
180,8,5,-2257.88684185199,5,-3513.45972732475,5,158.739606478321,5,-388.343520299328
180,8,10,-2263.12996905015,10,-3466.24358436686,10,-38.6522503908983,10,-693.083948109447
180,8,15,-2251.14931066861,15,-3392.64723475684,15,-235.749940295779,15,-992.549588578925
180,8,20,-2222.03604675176,20,-3293.2307911539,20,-431.053430805302,20,-1284.46132736149
180,8,25,-2176.01174681709,25,-3168.75087272317,25,-623.076344429219,25,-1566.59753986388
180,8,30,-2113.42668357732,30,-3020.15484680692,30,-810.357270848247,30,-1836.81099915044
180,8,35,-2034.7571671536,35,-2848.57361888712,35,-991.470889129021,35,-2093.04521763667
180,8,40,-1940.60192006787,40,-2655.31302571181,40,-1165.03881527703,40,-2333.35009820143
180,8,45,-1831.67752060296,45,-2441.84389708899,45,-1329.74009257112,45,-2555.89677560356
180,8,50,-1708.81294920912,50,-2209.79086198366,50,-1484.32124484171,50,-2758.99153525068
180,8,55,-1572.94327946234,55,-1960.91998411044,55,-1627.60581618139,55,-2941.08870338991
180,8,60,-1425.10256158973,60,-1697.12532112227,60,-1758.50332448466,60,-3100.80241061842
180,8,65,-1266.41595272297,65,-1420.41450968808,65,-1876.01756067528,65,-3236.91713918644
180,8,70,-1098.09115377312,70,-1132.89348616543,70,-1979.25417045877,70,-3348.39697382125
180,8,75,-921.409218097496,75,-836.750459153277,75,-2067.42746089874,75,-3434.39348566791
180,8,80,-737.714801910051,80,-534.239255903224,80,-2139.86638001442,80,-3494.25218934515
180,8,85,-548.405930635696,85,-227.662169333264,85,-2196.01962389156,85,-3527.51752397431
180,8,90,-354.923359092648,90,80.6475638114985,90,-2235.45983243798,90,-3533.93632027271
185,8,0,2242.19409598735,0,2191.02984471789,0,-349.053470909941,0,66.4444839880816
185,8,5,2259.70503143307,5,2180.61566378033,5,-129.041336452231,5,364.88307502426
185,8,10,2256.54875577785,10,2145.32192021725,10,91.1360642346207,10,662.127928866901
185,8,15,2232.90437431238,15,2085.13004510656,15,309.237888581469,15,956.125691127531
185,8,20,2189.19546462082,20,2000.16326155145,20,523.066782623151,20,1244.77927161335
185,8,25,2126.08326561712,25,1890.70263622665,25,730.499003730081,25,1525.95201752854
185,8,30,2044.45613532131,30,1757.20468536698,30,929.514015346678,30,1797.47679995415
185,8,35,1945.41511031242,35,1600.31912416535,35,1118.2230552317,35,2057.17060534737
185,8,40,1830.25547666986,40,1420.90520079827,40,1294.89605578041,40,2302.85480835336
185,8,45,1700.4443906416,45,1220.04503044163,45,1457.98619090589,45,2532.38085382492
185,8,50,1557.59476013139,50,999.052446443387,50,1606.15125800597,50,2743.66063185548
185,8,55,1403.43580160446,55,759.476109516173,55,1738.27109177602,55,2934.70042768919
185,8,60,1239.78090224463,60,503.095944365382,60,1853.46025949364,60,3103.63700323124
185,8,65,1068.49362234295,65,231.912379785905,65,1951.07540817754,65,3248.77414646893
185,8,70,891.452845962598,70,-51.8716809624451,70,2030.71681819715,70,3368.61792777897
185,8,75,710.518209483055,75,-345.875775330503,75,2092.22395360885,75,3461.90893482566
185,8,80,527.496993210814,80,-647.572871526913,80,2135.66506890493,80,3527.64991566717
185,8,85,344.113643020406,85,-954.325260690439,85,2161.32121340137,85,3565.12752686678
185,8,90,161.982996512978,90,-1263.42390743222,90,2169.66524539635,90,3573.92723489739
190,8,0,1957.58226659026,0,709.99537329731,0,-328.667267549688,0,54.5586627862954
190,8,5,1969.46012294074,5,712.059234969747,5,-98.8401570566093,5,328.066203185499
190,8,10,1960.83017344039,10,694.394116767887,10,130.590109875637,10,602.663987608653
190,8,15,1931.90423696393,15,656.393831980001,15,357.017901116173,15,877.161497158781
190,8,20,1883.16013474488,20,597.395979700627,20,577.855212113461,20,1150.1569639673
190,8,25,1815.35076399044,25,516.745696617506,25,790.561517824701,25,1419.98978737554
190,8,30,1729.51115808611,30,413.873549825896,30,992.680893741175,30,1684.71324123177
190,8,35,1626.96046699639,35,288.381435586698,35,1181.88650480217,35,1942.09162256597
190,8,40,1509.29573208643,40,140.129299820001,40,1356.03125441437,40,2189.62398255567
190,8,45,1378.37474738754,45,-30.6849000962869,45,1513.20210145791,45,2424.59425864555
190,8,50,1236.28617217338,50,-223.459235907641,50,1651.77448377844,50,2644.1452268937
190,8,55,1085.30629018591,55,-437.142031556016,55,1770.46260450385,55,2845.37147830368
190,8,60,927.843237999256,60,-670.21075673091,60,1868.36116210776,60,3025.42484476065
190,8,65,766.370950412924,65,-920.677939169643,65,1944.97447933947,65,3181.62456402427
190,8,70,603.356293576948,70,-1186.12409607326,70,2000.2298670098,70,3311.56410367819
190,8,75,441.183709420965,75,-1463.75539175139,75,2034.47332567495,75,3413.2069862794
190,8,80,282.082072340177,80,-1750.48173734765,80,2048.447167104,80,3484.96509623428
190,8,85,128.058331723905,85,-2043.00955598925,85,2043.25063270252,85,3525.75464162141
190,8,90,-19.1580727168255,90,-2337.94256471671,90,2020.2859156256,90,3535.02697355483
195,8,0,1449.9040108777,0,-791.328438553725,0,-299.806168524744,0,50.5784677317842
195,8,5,1455.97540701139,5,-776.859610120149,5,-75.4607399201889,5,284.256782717467
195,8,10,1445.31325542786,10,-774.187441884227,10,148.581281518875,10,521.500867562341
195,8,15,1417.9614010538,15,-784.621268408112,15,369.846679431997,15,762.639395596853
195,8,20,1374.13686026449,20,-809.869789356709,20,585.760230439367,20,1007.54916395757
195,8,25,1314.28201386707,25,-851.903419697892,25,793.64349686433,25,1255.50244833815
195,8,30,1239.12477021122,30,-912.776280878656,30,990.742385166206,30,1505.06097554331
195,8,35,1149.73631982855,35,-994.422785114915,35,1174.28669699693,35,1754.02996272424
195,8,40,1047.57493971669,40,-1098.44736262796,40,1341.58011274139,40,1999.48041094357
195,8,45,934.504977874472,45,-1225.92759524751,45,1490.11401326811,45,2237.84111639441
195,8,50,812.782760164599,50,-1377.25042554488,50,1617.69414786904,50,2465.05445498636
195,8,55,685.005396198683,55,-1551.99810740534,55,1722.56625623104,55,2676.7829101643
195,8,60,554.023612125098,60,-1748.89544137887,60,1803.52596460931,60,2868.64760624186
195,8,65,422.824860732316,65,-1965.82326218363,65,1859.99979322063,65,3036.47667339814
195,8,70,294.397102872895,70,-2199.8960508729,70,1892.08763936525,70,3176.54063630231
195,8,75,171.58610219172,75,-2447.59495305922,75,1900.56193552937,75,3285.75422973632
195,8,80,56.9595088467936,80,-2704.94230165662,80,1886.82390135402,80,3361.82864990059
195,8,85,-47.3104530155304,85,-2967.70057928242,85,1852.82200954399,85,3403.36441396352
195,8,90,-139.536762133415,90,-3231.57783404057,90,1800.9412900773,90,3409.88170156742
200,8,0,807.900390825361,0,-2209.64422541921,0,-270.289083907102,0,57.8599867985168
200,8,5,808.155488370296,5,-2184.59595978986,5,-66.4692976454014,5,238.747880493031
200,8,10,798.479462136717,10,-2161.30035410278,10,137.894740053326,10,425.567088578489
200,8,15,778.600653731096,15,-2141.82637582153,15,341.038915990345,15,620.819420904508
200,8,20,748.205043041919,20,-2129.11929058923,20,540.86496545082,20,826.262637365125
200,8,25,707.055770790357,25,-2126.76334460626,25,734.865695894576,25,1042.58715301848
200,8,30,655.144936756825,30,-2138.66230542344,30,920.119320299688,30,1269.17451794173
200,8,35,592.854416980241,35,-2168.66609113731,35,1093.36463452925,35,1503.97005965967
200,8,40,521.097042320847,40,-2220.18033715763,40,1251.15648552494,40,1743.4921439076
200,8,45,441.409210058169,45,-2295.80051919407,45,1390.08693591469,45,1982.98583773699
200,8,50,355.971912372568,50,-2397.01173157703,50,1507.04472330412,50,2216.71104530472
200,8,55,267.548608087432,55,-2523.98874066332,55,1599.47724331422,55,2438.33721667439
200,8,60,179.342936755256,60,-2675.51899662806,60,1665.61769289328,60,2641.40185920094
200,8,65,94.7934875126593,65,-2849.0556684206,65,1704.64578311104,65,2819.7813855593
200,8,70,17.3332411860951,70,-3040.8911905477,70,1716.76212382348,70,2968.12220475273
200,8,75,-49.8543644228178,75,-3246.42727461812,75,1703.17098433538,75,3082.18750328409
200,8,80,-104.052955506738,80,-3460.50732028871,80,1665.98009196085,80,3159.08912310783
200,8,85,-143.181806649629,85,-3677.77299575752,85,1608.03650398644,85,3197.3912420342
200,8,90,-165.90285483553,90,-3893.00841136668,90,1532.72286282505,90,3197.08969177543
205,8,0,124.705273732898,0,-3464.26517618887,0,-247.758995867302,0,75.3103435498009
205,8,5,119.183089282095,5,-3431.16484733827,5,-77.8233354975634,5,193.499676941705
205,8,10,112.669298318523,10,-3388.3747917869,10,94.326528463684,10,319.718749940388
205,8,15,104.500869238766,15,-3338.78559113398,15,268.232443494768,15,459.210558582933
205,8,20,93.6338820021757,20,-3286.7378430528,20,442.743638726612,20,616.155562821632
205,8,25,78.846489685829,25,-3237.65791541907,25,615.817870518867,25,793.111090916406
205,8,30,59.0212841352542,30,-3197.55870225506,30,784.454186655646,30,990.569969655774
205,8,35,33.465536858573,35,-3172.44986710024,35,944.787600397908,35,1206.70198809488
205,8,40,2.21028527617357,40,-3167.71816844136,40,1092.35023667672,40,1437.32826009332
205,8,45,-33.7764534079381,45,-3187.54909744401,45,1222.47075925033,45,1676.15309872926
205,8,50,-72.5159526735512,50,-3234.46221585843,50,1330.75252246397,50,1915.24270803084
205,8,55,-111.110918253213,55,-3309.02147021101,55,1413.55078253228,55,2145.70080989691
205,8,60,-145.99354735204,60,-3409.75854598184,60,1468.36773172242,60,2358.45711828143
205,8,65,-173.285102132594,65,-3533.31590235424,65,1494.10243211515,65,2545.06437472601
205,8,70,-189.200656740043,70,-3674.78326715002,70,1491.12543774722,70,2698.39933989184
205,8,75,-190.429169799685,75,-3828.17453202045,75,1461.18478114607,75,2813.18305747279
205,8,80,-174.433025435091,80,-3986.97675553954,80,1407.18021117541,80,2886.27049307695
205,8,85,-139.635876210221,85,-4144.70132809573,85,1332.85877031415,85,2916.70017100636
205,8,90,-85.4937632673133,90,-4295.37742904636,90,1242.48546134699,90,2905.53102823862
210,8,0,-514.96558773407,0,-4500.06554637243,0,-237.730355273026,0,96.8842053227286
210,8,5,-526.002757261829,5,-4461.40733084657,5,-112.064060244789,5,146.4697037089
210,8,10,-527.914681699644,10,-4401.02603083484,10,18.3432379079848,10,205.957022162236
210,8,15,-521.781362296134,15,-4322.72362622204,15,154.875984332921,15,283.70618392199
210,8,20,-509.516631214373,20,-4232.34712266595,20,297.740420524054,20,386.690810752133
210,8,25,-493.579956110802,25,-4137.2756403677,25,445.590311990337,25,519.655135678893
210,8,30,-476.528577378948,30,-4045.72154761944,30,595.366594554969,30,684.418664418489
210,8,35,-460.470614311696,35,-3965.90313310905,35,742.417300923391,35,879.432999449301
210,8,40,-446.526822427625,40,-3905.17182601476,40,880.917553141847,40,1099.68577952795
210,8,45,-434.432417704647,45,-3869.19896425161,45,1004.54150214039,45,1337.01255843655
210,8,50,-422.393224003369,50,-3861.33535991862,50,1107.26962017794,50,1580.81734404134
210,8,55,-407.250953017064,55,-3882.24221792855,55,1184.17186575667,55,1819.12653530468
210,8,60,-384.928935183651,60,-3929.85212643785,60,1232.00914588159,60,2039.82957168604
210,8,65,-351.052875160252,65,-3999.66168763088,65,1249.54431463292,65,2231.9160269954
210,8,70,-301.600208692126,70,-4085.29856295958,70,1237.53265738098,70,2386.51896535247
210,8,75,-233.439821933703,75,-4179.26224283161,75,1198.44174570111,75,2497.61906572178
210,8,80,-144.673441592063,80,-4273.72071204735,80,1136.00442762382,80,2562.3388902538
210,8,85,-34.7570084028343,85,-4361.25527817309,85,1054.72235347646,85,2580.83848740108
210,8,90,95.5626208874488,90,-4435.47493136083,90,959.414296494819,90,2555.88998339095
215,8,0,-1042.79708661468,0,-5286.43552227826,0,-242.260996932213,0,113.171208475605
215,8,5,-1058.62988322372,5,-5244.56678250085,5,-167.255558172064,5,92.8016711755743
215,8,10,-1054.98728393688,10,-5169.34727995404,10,-84.1857701966179,10,84.1970618644106
215,8,15,-1033.35522211357,15,-5065.54784698168,15,10.5597829347277,15,98.9175174082546
215,8,20,-996.590770630173,20,-4940.48834360108,20,118.830700444628,20,146.81492882414
215,8,25,-948.579012434221,25,-4803.37968975083,25,240.120556321422,25,234.912125536741
215,8,30,-893.604734901217,30,-4664.44892450921,30,371.276636948795,30,366.436010523317
215,8,35,-835.504610371349,35,-4533.90127650547,35,506.64474957519,35,540.148054019139
215,8,40,-776.777972999861,40,-4420.81023834948,40,638.704800047822,40,750.128716075115
215,8,45,-717.9067550015,45,-4332.07187077087,45,759.12407654668,45,986.142816652115
215,8,50,-657.11605428493,50,-4271.58875372261,50,860.019024414093,50,1234.62488389524
215,8,55,-590.685727232978,55,-4239.83664810505,55,935.133540318719,55,1480.18990801659
215,8,60,-513.74349623126,60,-4233.90338646031,60,980.656079928961,60,1707.4380417249
215,8,65,-421.309099189351,65,-4247.99020983764,65,995.510128022809,65,1902.73519228807
215,8,70,-309.288635156214,70,-4274.26554643559,70,981.118140190601,70,2055.65244623103
215,8,75,-175.165840821671,75,-4303.89670591708,75,940.789638054093,75,2159.8370577351
215,8,80,-18.272798279537,80,-4328.07595324749,80,878.962069917859,80,2213.23134859381
215,8,85,160.32150795984,85,-4338.89849610753,85,800.508140818624,85,2217.70097532441
215,8,90,358.15902215264,90,-4330.01607437609,90,710.238266048126,90,2178.23624734045
220,8,0,-1410.39838378045,0,-5813.82156659557,0,-259.669978243678,0,114.393738009373
220,8,5,-1429.83877884251,5,-5771.28008731086,5,-237.18819998158,5,27.1987227997935
220,8,10,-1420.19962529096,10,-5685.32055290657,10,-202.743101828702,10,-46.0721688842891
220,8,15,-1383.28682695306,15,-5561.5952671032,15,-150.337632743324,15,-90.9164418438518
220,8,20,-1322.83278845697,20,-5408.59550494018,20,-76.3501627793144,20,-94.8722259600192
220,8,25,-1244.19553596246,25,-5236.90013051168,25,19.6183035588711,25,-48.8428796056812
220,8,30,-1153.58664909494,30,-5058.21311865219,30,134.277563944708,30,51.7083704585708
220,8,35,-1056.85307313012,35,-4884.20452415107,35,260.800473144496,35,205.852348556847
220,8,40,-958.082596543879,40,-4725.22091143477,40,389.719782043751,40,406.803167523919
220,8,45,-858.488128825271,45,-4589.02259503395,45,510.469208539418,45,642.274804008525
220,8,50,-756.021442253177,50,-4479.78371540956,50,613.22055399755,50,895.707171670405
220,8,55,-645.935623273673,55,-4397.59561985254,55,690.524156113528,55,1148.26802994767
220,8,60,-522.150380130587,60,-4338.61623774992,60,738.305062106154,60,1381.29506807266
220,8,65,-378.954172653739,65,-4295.83782619554,65,755.994697533502,65,1578.68514362219
220,8,70,-212.463407644809,70,-4260.27655119511,70,745.885832149108,70,1728.7425102397
220,8,75,-21.4023839937237,75,-4222.29521821765,75,712.046608244296,75,1825.16375852974
220,8,80,192.916954028681,80,-4172.78886534445,80,659.213866423411,80,1867.08730210316
220,8,85,427.214509835825,85,-4104.06870237991,85,591.991420956341,85,1858.36399669471
220,8,90,677.081146192231,90,-4010.41181413973,90,514.475733724787,90,1806.33577319333
225,8,0,-1589.81785701651,0,-6089.29209763157,0,-285.338476351997,0,93.4716479453944
225,8,5,-1611.52349409443,5,-6049.1500055542,5,-312.862115730341,5,-53.7183922596421
225,8,10,-1596.35569006981,10,-5958.18425156729,10,-324.328043703144,10,-184.263588357216
225,8,15,-1546.19145039461,15,-5822.61222305375,15,-311.439581799003,15,-281.277344248457
225,8,20,-1465.30483357904,20,-5651.47174981315,20,-268.82777231517,20,-330.286017201628
225,8,25,-1360.31294005539,25,-5455.88307184427,25,-195.1721472176,25,-320.616947974859
225,8,30,-1239.3857081049,30,-5248.15565337225,30,-93.8988446104268,30,-246.706667260744
225,8,35,-1110.60905577508,35,-5040.65810423987,35,26.9415990497318,35,-109.206178121842
225,8,40,-979.877045200926,40,-4844.43680372513,40,155.856227866588,40,84.405569484199
225,8,45,-849.101812921674,45,-4667.7427865165,45,280.022042592544,45,320.077646397277
225,8,50,-715.579398044474,50,-4514.80448965147,50,387.787087753658,50,578.577364550743
225,8,55,-572.934343879353,55,-4385.23325125021,55,470.791986449154,55,837.956728661968
225,8,60,-413.370177618684,60,-4274.30114836435,60,525.052368443183,60,1076.64190784002
225,8,65,-230.350898650353,65,-4174.04108123885,65,550.753787425392,65,1276.43171018072
225,8,70,-20.6640212506682,70,-4074.83490514366,70,551.021002800499,70,1424.70806865371
225,8,75,214.846207573294,75,-3967.02397679364,75,530.279560139398,75,1515.44533631987
225,8,80,471.941261264763,80,-3842.1528218561,80,492.872473448863,80,1549.0038332873
225,8,85,744.513527775825,85,-3693.67872013079,85,442.345798861617,85,1531.01555037285
225,8,90,1026.17717869467,90,-3517.21857755458,90,381.435277056668,90,1470.79871502768
230,8,0,-1572.47383388801,0,-6132.03191555991,0,-313.233459953986,0,47.8967023665644
230,8,5,-1595.44122891185,5,-6097.88656292259,5,-384.711785431604,5,-150.10624330929
230,8,10,-1576.61835457886,10,-6008.93405822804,10,-436.286625151075,10,-328.073350608639
230,8,15,-1517.45964517325,15,-5871.42388128708,15,-457.640990232806,15,-467.464569848752
230,8,20,-1422.0860875881,20,-5694.06354579934,20,-441.802270113067,20,-552.596036427933
230,8,25,-1297.80911801915,25,-5487.43601844413,25,-386.543914080354,25,-571.917339448482
230,8,30,-1154.55793221563,30,-5263.3800340699,30,-295.364772276306,30,-519.2655387836
230,8,35,-1002.81084216616,35,-5034.08208448918,35,-177.439098820929,35,-395.080606876544
230,8,40,-850.510958341235,40,-4810.70508077918,40,-46.1456704211327,40,-207.261336408608
230,8,45,-700.262865696038,45,-4601.68440658597,45,83.657311588941,45,28.8915598052912
230,8,50,-548.282059192803,50,-4411.17590471307,50,198.820255903228,50,292.114233641026
230,8,55,-385.870439594381,55,-4238.28144469185,55,290.447560780357,55,558.020846182725
230,8,60,-202.951598565815,60,-4077.46015940956,60,354.91752832582,60,802.772275659211
230,8,65,7.86259013872885,65,-3920.05025605674,65,393.16270746301,65,1006.60397690112
230,8,70,248.454942083156,70,-3756.3555345169,70,408.750236502454,70,1156.28931374771
230,8,75,514.730705067327,75,-3577.56304927294,75,405.740320619591,75,1246.06239293625
230,8,80,798.396737351332,80,-3376.93811528052,80,387.228325373274,80,1277.10631097973
230,8,85,1089.88814656662,85,-3150.15262394806,85,354.992140557604,85,1256.11936813987
230,8,90,1380.99853945393,90,-2894.99733612205,90,310.071015097395,90,1193.54695939062
235,8,0,-1367.19417180965,0,-5969.09346761798,0,-337.569995244221,0,-20.1434315049384
235,8,5,-1391.15345716609,5,-5944.66042881492,5,-444.739147034145,5,-259.022281941797
235,8,10,-1372.1235051569,10,-5865.08287196907,10,-528.768883855114,10,-473.907835964874
235,8,15,-1310.39399151166,15,-5736.00416709706,15,-577.692107761561,15,-645.335524795524
235,8,20,-1208.89953308722,20,-5564.84979252797,20,-583.15262998927,20,-757.222006876046
235,8,25,-1074.74951403075,25,-5360.53869376836,25,-542.078111884426,25,-797.877513187692
235,8,30,-919.201924726697,30,-5133.35091290299,30,-457.955854912315,30,-761.026856710073
235,8,35,-755.190777279318,35,-4894.45004958218,35,-340.868297505912,35,-647.006854865513
235,8,40,-592.967182649623,40,-4654.62164785218,40,-205.734678188284,40,-463.837490285586
235,8,45,-435.863035724372,45,-4422.28386779478,45,-68.9886786513632,45,-227.433986095962
235,8,50,-278.595078983296,50,-4201.46030797466,50,55.2202922732995,50,39.7554862703111
235,8,55,-109.426643330428,55,-3990.70512663209,55,157.839235547775,55,311.823356503547
235,8,60,84.5541474443361,60,-3783.65436512956,60,235.678410837459,60,563.50068569703
235,8,65,311.529676782699,65,-3571.09682893705,65,290.05620463831,65,774.053454650134
235,8,70,571.247453663085,70,-3343.70456647242,70,324.232686850431,70,929.844118497364
235,8,75,855.095367236178,75,-3094.30383324007,75,340.984004079891,75,1025.07091435104
235,8,80,1149.54532646583,80,-2818.91872864062,80,341.381980716177,80,1060.9716481272
235,8,85,1440.99924276859,85,-2516.50797536109,85,325.074178412353,85,1044.2351116582
235,8,90,1719.71267099671,90,-2187.91389454026,90,291.574971562079,90,985.322675525316
240,8,0,-997.366046166793,0,-5631.43224250677,0,-354.069431804043,0,-105.114304533449
240,8,5,-1022.86624889039,5,-5619.97895536391,5,-487.842660866426,5,-375.640436864036
240,8,10,-1008.24656436516,10,-5556.37665502735,10,-596.013295843881,10,-617.933474849862
240,8,15,-951.751410882216,15,-5445.06564368633,15,-665.317397092207,15,-812.174022269213
240,8,20,-853.931353663495,20,-5291.36078252503,20,-686.280391162208,20,-942.506209420922
240,8,25,-720.620200050795,25,-5101.55648235963,25,-655.127646406621,25,-997.705690776942
240,8,30,-563.815984914969,30,-4883.46531545005,30,-575.305655248799,30,-971.832129100126
240,8,35,-398.866900316252,35,-4646.56019155476,35,-457.550330338545,35,-865.267496226652
240,8,40,-238.552102974639,40,-4400.90097103755,40,-317.828700422798,40,-685.916351941337
240,8,45,-86.9795250412495,45,-4154.77365469475,45,-173.500627084645,45,-449.691990526316
240,8,50,63.0012082571035,50,-3912.00780409509,50,-39.1085957302395,50,-179.330599848571
240,8,55,226.79893295298,55,-3670.47650681116,55,76.4358880652471,55,98.7368048635985
240,8,60,420.60560639051,60,-3422.82540491062,60,170.163190991998,60,358.685571408624
240,8,65,653.233714978351,65,-3159.26661173306,65,243.050077569982,65,579.335006824251
240,8,70,921.452374270327,70,-2871.12866207347,70,297.043728446327,70,746.645389517703
240,8,75,1210.94805629346,75,-2553.52616106659,75,332.737731999234,75,854.237786194186
240,8,80,1501.9640107774,80,-2206.13600518674,80,348.742133530008,80,902.43068069892
240,8,85,1776.48913467185,85,-1832.1389676993,85,342.757566162575,85,896.738144070849
240,8,90,2023.61232668011,90,-1436.21729003786,90,313.498670382815,90,846.571919731296
245,8,0,-497.07292486182,0,-5150.29521493241,0,-360.52432248898,0,-200.15222675132
245,8,5,-525.232708702444,5,-5154.22592728436,5,-512.060482475557,5,-494.837745681999
245,8,10,-519.9175282157,10,-5111.65920907287,10,-636.247107817894,10,-757.126302552594
245,8,15,-476.504568454175,15,-5025.37645443316,15,-718.7922806168,15,-967.164810267182
245,8,20,-392.077803639917,20,-4898.00607821239,20,-749.399054736627,20,-1109.64509414721
245,8,25,-270.192019882802,25,-4732.57315808839,25,-723.849625049698,25,-1174.15480719902
245,8,30,-122.958831350908,30,-4533.83334936167,30,-645.637456183385,30,-1155.41364029005
245,8,35,32.031415098378,35,-4309.16497778272,35,-525.931019231596,35,-1054.02877990645
245,8,40,179.395097193828,40,-4067.7132759938,40,-381.17995819948,40,-877.679559467538
245,8,45,314.259489703228,45,-3817.54507285654,45,-228.910700795521,45,-641.795348247274
245,8,50,445.9261765507,50,-3562.14009219291,50,-83.4276864222908,50,-368.595922032573
245,8,55,593.895239366199,55,-3298.39029530969,55,46.6481057316349,55,-84.106978831581
245,8,60,777.835986219901,60,-3017.61122707371,60,158.06207702473,60,186.055277862897
245,8,65,1006.89319971815,65,-2709.27686759069,65,250.442688055799,65,420.598042117362
245,8,70,1274.11437259589,70,-2365.55643025287,70,323.349477869013,70,604.859524088052
245,8,75,1558.64499957476,75,-1984.3788303441,75,374.544705989496,75,731.176894263073
245,8,80,1833.96625087595,80,-1569.78165708809,80,400.250471677216,80,797.97613283009
245,8,85,2077.63505551506,85,-1129.86178045346,85,396.983300594439,85,808.628650693961
245,8,90,2278.01982669997,90,-673.702322969134,90,363.802825735634,90,770.756241665274
250,8,0,93.4980957755209,0,-4554.23127141169,0,-356.695107417574,0,-298.901126258975
250,8,5,61.4344767453149,5,-4575.00007831817,5,-517.921206481923,5,-612.471861724342
250,8,10,53.319904750522,10,-4556.78003355965,10,-650.569552838028,10,-889.859390258143
250,8,15,77.196904043909,15,-4500.38880996886,15,-739.498790362068,15,-1111.245951248
250,8,20,140.130086699118,20,-4405.46729351564,20,-773.91181489275,20,-1261.86849797719
250,8,25,241.523638742591,25,-4271.49603905044,25,-749.516943074627,25,-1332.18080505458
250,8,30,369.694166146443,30,-4099.97456883497,30,-670.062839501835,30,-1317.72826891055
250,8,35,505.149530500468,35,-3896.09250932308,35,-546.991579384501,35,-1219.53663613645
250,8,40,630.097891716955,40,-3668.03660258857,40,-396.663317468393,40,-1045.0928416076
250,8,45,739.068085556219,45,-3423.5254436138,45,-236.000213648323,45,-809.048365754916
250,8,50,843.684221306469,50,-3165.35988270163,50,-78.51375248296,50,-532.481139653108
250,8,55,967.605438296311,55,-2888.95183754472,55,67.4186420203137,55,-240.261878739959
250,8,60,1133.7918192713,60,-2583.81535662242,60,197.518179935679,60,42.7475313738155
250,8,65,1351.26890542656,65,-2238.48349490941,65,308.948300616596,65,295.219486232435
250,8,70,1608.85198605507,70,-1846.14264089921,70,397.955403119228,70,501.431347908214
250,8,75,1878.8728127421,75,-1407.99638348223,75,459.23479216635,75,651.669561772724
250,8,80,2128.1800716484,80,-932.968062798785,80,487.225427185588,80,741.673931016178
250,8,85,2330.34293828693,85,-434.478863560478,85,478.452613594296,85,772.098382723582
250,8,90,2473.51398635368,90,73.7348118345203,90,433.622103183306,90,748.507507481917
255,8,0,732.612152770072,0,-3867.10049645349,0,-343.787498431677,0,-396.636072541629
255,8,5,695.721164663985,5,-3905.42321609833,5,-507.375895826772,5,-725.983294257263
255,8,10,671.655466076553,10,-3913.39603482173,10,-641.468720877506,10,-1015.88741713312
255,8,15,672.008476371546,15,-3889.65694507071,15,-730.208678656583,15,-1246.44602769746
255,8,20,708.081424712366,20,-3830.7722082454,20,-762.640433822423,20,-1403.1978729215
255,8,25,782.420996142247,25,-3732.74637719541,25,-734.822923598229,25,-1477.283286118
255,8,30,884.147749202636,30,-3594.01775126839,30,-651.020766263776,30,-1465.09202880265
255,8,35,992.414416105899,35,-3417.80168454629,35,-522.823081704645,35,-1368.24723966398
255,8,40,1087.59603410473,40,-3211.39354888182,40,-365.966268176408,40,-1194.17949986115
255,8,45,1164.01790472735,45,-2981.93688223358,45,-196.094481153905,45,-956.639619682991
255,8,50,1235.65699812454,50,-2731.01839165413,50,-25.5539823151215,50,-675.142289052469
255,8,55,1329.94252166182,55,-2451.89927553728,55,137.260692870653,55,-372.889537748706
255,8,60,1472.46776399993,60,-2131.77143566246,60,286.190404368682,60,-73.7124552863884
255,8,65,1671.54487776542,65,-1758.07794191952,65,414.918172734542,65,200.844178618975
255,8,70,1911.58286940807,70,-1325.25613416808,70,515.791075783507,70,433.403198067149
255,8,75,2158.51142909161,75,-838.204403941124,75,580.663430138085,75,611.480955708966
255,8,80,2373.39411898728,80,-311.08143146784,80,603.186053618185,80,727.617492264942
255,8,85,2526.70016825879,85,237.23430592745,85,581.239987221275,85,779.61460139503
255,8,90,2606.88427993614,90,788.402336193771,90,518.342659803086,90,771.162761575562
260,8,0,1380.60669955394,0,-3107.35293647492,0,-323.822469146129,0,-490.561789253421
260,8,5,1338.59584482587,5,-3163.54648235588,5,-482.792439103244,5,-834.310751008334
260,8,10,1298.06993660361,10,-3198.59376061755,10,-611.558499510025,10,-1135.85656564067
260,8,15,1273.82865690596,15,-3208.75183737679,15,-693.702055133033,15,-1374.99363573856
260,8,20,1280.85594754864,20,-3187.55830997094,20,-718.454561292991,20,-1537.21406482184
260,8,25,1324.48818439054,25,-3127.88721687644,25,-682.61424445974,25,-1614.0497161007
260,8,30,1394.84411026563,30,-3025.64988409627,30,-591.159837450241,30,-1602.65348943098
260,8,35,1470.4934747045,35,-2882.55410409282,35,-455.665964396716,35,-1505.37505198177
260,8,40,1530.96610482963,40,-2705.12582030731,40,-290.776865857472,40,-1329.74797603367
260,8,45,1571.01721336876,45,-2499.58113859952,45,-110.38569712799,45,-1088.60468374396
260,8,50,1606.83622217153,50,-2265.58448751429,50,74.4242422864857,50,-799.661913969714
260,8,55,1668.73883682521,55,-1993.49741034046,55,254.783244094139,55,-484.19099477577
260,8,60,1783.82714970507,60,-1667.72622672041,60,421.828398498672,60,-164.98236627719
260,8,65,1959.01943125536,65,-1274.58831958583,65,565.05039466632,65,135.821274525927
260,8,70,2174.5370013019,70,-810.053862297988,70,672.765804293548,70,398.547654042536
260,8,75,2390.98860774821,75,-283.052486210457,75,734.605627729052,75,607.364261150438
260,8,80,2565.11152809486,80,286.865560750612,80,744.574051266687,80,751.389232569377
260,8,85,2665.46761940764,85,875.465702126922,85,703.104752651577,85,825.784681504191
260,8,90,2681.26908751164,90,1460.07497736391,90,617.331749327578,90,832.840484104198
265,8,0,2001.98229922134,0,-2288.58516267389,0,-299.136705877103,0,-579.488354287803
265,8,5,1955.32068168,5,-2362.83946962539,5,-446.311958131916,5,-937.341027216467
265,8,10,1899.80141166101,10,-2425.30197456582,10,-562.852609126096,10,-1250.58566665361
265,8,15,1852.64941917968,15,-2469.63782091785,15,-632.010071352549,15,-1498.47739388757
265,8,20,1831.43239205233,20,-2486.49154983075,20,-643.5212606947,20,-1666.14126282734
265,8,25,1843.48663508073,25,-2466.15548073866,25,-595.177089916448,25,-1745.21517465287
265,8,30,1879.99339780106,30,-2402.78157229673,30,-492.689351483485,30,-1733.48696839976
265,8,35,1919.91992106459,35,-2297.1725670472,35,-347.356923212821,35,-1634.07299635176
265,8,40,1943.28245621467,40,-2155.1814872993,40,-172.353859846901,40,-1454.70085135627
265,8,45,1946.06390016958,45,-1981.62319470938,45,20.369041039694,45,-1207.29407210224
265,8,50,1946.33029155225,50,-1773.45823504643,50,220.765558843264,50,-907.694001465515
265,8,55,1975.96028906257,55,-1517.46798716806,55,418.891724470987,55,-575.224029440042
265,8,60,2062.08443906504,60,-1194.97733545736,60,602.541013461515,60,-231.848783771649
265,8,65,2209.55362804033,65,-791.268389716305,65,756.747923061649,65,99.2166902480143
265,8,70,2395.00630912496,70,-304.095910899314,70,866.141661899711,70,395.446190181316
265,8,75,2575.34258393717,75,253.42785174517,75,918.987290416891,75,637.290097701886
265,8,80,2704.82182592103,80,856.445713310108,80,910.67023871712,80,810.460811225115
265,8,85,2751.39434022915,85,1475.66248124476,85,844.983924844919,85,907.868046184674
265,8,90,2705.34036481684,90,2084.4642059991,90,733.014008963484,90,930.945387268169
270,8,0,2565.88711376604,0,-1421.11622769862,0,-272.117171729412,0,-663.211416452438
270,8,5,2515.781730155,5,-1513.57153995579,5,-399.644550859531,5,-1035.18702913691
270,8,10,2448.34629957367,10,-1603.42455939007,10,-496.612990557866,10,-1360.35164240506
270,8,15,2382.12123986498,15,-1681.58147880385,15,-546.277019099707,15,-1617.22091840586
270,8,20,2335.81786166026,20,-1736.03413933312,20,-539.131638681995,20,-1790.34659267379
270,8,25,2317.75042378405,25,-1755.17709780232,25,-473.999324841233,25,-1871.27819277686
270,8,30,2320.19301502855,30,-1732.2557999192,30,-357.092805966982,30,-1858.29236632218
270,8,35,2323.63455277378,35,-1667.74079993788,35,-199.053119565935,35,-1755.18521927964
270,8,40,2310.08106631002,40,-1566.78987383694,40,-11.3295930379161,40,-1569.83009298284
270,8,45,2277.55751150669,45,-1432.25656106896,45,195.940032630656,45,-1313.22532901366
270,8,50,2245.46950652788,50,-1257.68641745836,50,413.216479991873,50,-999.398263451306
270,8,55,2245.64465235292,55,-1025.83457968758,55,628.839043634452,55,-645.934053302255
270,8,60,2303.60584042167,60,-714.9086583564,60,826.923783200651,60,-274.346130703325
270,8,65,2421.57454522694,65,-309.349125100445,65,988.288295881438,65,90.6287303451488
270,8,70,2573.52200785714,70,191.189074708414,70,1094.61983678158,70,423.253351852831
270,8,75,2714.55681941772,75,769.560114364436,75,1133.73559846329,75,700.147848120221
270,8,80,2798.43110676268,80,1395.98694912749,80,1103.11768843846,80,903.798535112053
270,8,85,2793.68963688485,85,2036.58992127075,85,1010.21363060834,85,1025.25191116104
270,8,90,2691.78996899204,90,2661.25249756789,90,869.927015829112,90,1065.50225941287
275,8,0,3045.34873996053,0,-514.178843363744,0,-245.153387678481,0,-741.891423253891
275,8,5,2993.61080160159,5,-624.781142577644,5,-344.225007831613,5,-1127.54631607461
275,8,10,2918.40526822878,10,-741.54813397278,10,-413.638357060858,10,-1464.3441709106
275,8,15,2838.29986318552,15,-852.61875626922,15,-437.075179695765,15,-1729.92585874215
275,8,20,2771.62707888471,20,-943.728281370683,20,-405.934202518757,20,-1908.19715245721
275,8,25,2726.67516425258,25,-1002.12182444255,25,-319.858992113623,25,-1990.52428629696
275,8,30,2696.90704650937,30,-1020.90326941208,30,-185.08511073105,30,-1975.49687880881
275,8,35,2665.48704594291,35,-1000.57377996925,35,-11.1386068102144,35,-1867.34859752537
275,8,40,2617.84348601486,40,-945.374673067744,40,192.343869226834,40,-1673.88617694921
275,8,45,2554.6923414347,45,-855.613809016472,45,416.605548338518,45,-1405.13358570989
275,8,50,2496.06745484685,50,-720.932763110293,50,651.877737907246,50,-1073.50257456429
275,8,55,2472.06127666226,55,-519.988862693385,55,884.226057009017,55,-695.247809692735
275,8,60,2505.04281652887,60,-228.151148359966,60,1094.13384936122,60,-291.89012121639
275,8,65,2594.24004391194,65,170.721180098733,65,1258.90286268662,65,109.992352349933
275,8,70,2712.04924342387,70,675.175880294326,70,1358.28868898583,70,481.381530585377
275,8,75,2813.74219412843,75,1264.56194624514,75,1380.48342754557,75,795.229643543752
275,8,80,2854.4044401536,80,1904.92358893263,80,1325.37360446123,80,1031.08212803622
275,8,85,2804.15382241802,85,2558.47416193907,85,1203.84110401669,85,1178.40073101403
275,8,90,2655.52199506502,90,3192.0662627976,90,1034.07840040435,90,1237.90734749593
280,8,0,3415.79934971544,0,421.667318095493,0,-220.724202903318,0,-815.613930543472
280,8,5,3364.62805861283,5,293.473161062513,5,-281.583084657016,5,-1213.30693607071
280,8,10,3286.27707996696,10,150.962985937516,10,-314.803142418572,10,-1560.3921874267
280,8,15,3198.05144398071,15,8.49155101348411,15,-304.966130663728,15,-1833.58329758879
280,8,20,3116.56137340749,20,-118.009379162507,20,-244.387851966376,20,-2016.16137199757
280,8,25,3049.30919207361,25,-215.360330464198,25,-133.102962180256,25,-2099.25174358294
280,8,30,2991.16557749529,30,-277.031790009364,30,23.2607704656446,30,-2081.50529724456
280,8,35,2928.99895037647,35,-303.562961331919,35,216.716199546462,35,-1967.19056997184
280,8,40,2852.76377261971,40,-297.824211250749,40,439.32119206685,40,-1763.70351479074
280,8,45,2766.18755472815,45,-257.048624058354,45,683.045352301979,45,-1480.04919358092
280,8,50,2689.11099890683,50,-166.824512400211,50,937.111075288438,50,-1127.36224782863
280,8,55,2648.3817671821,55,-2.08683037628775,55,1184.9755766529,55,-721.124529606069
280,8,60,2661.99350031526,60,264.037349871044,60,1403.92482008392,60,-283.327355593426
280,8,65,2726.06386797064,65,647.973097821595,65,1568.78731373247,65,157.491290560176
280,8,70,2812.51877889687,70,1146.8133267941,70,1658.49591523277,70,569.284463176179
280,8,75,2878.52595070966,75,1737.31606745343,75,1662.24118351673,75,921.771579601451
280,8,80,2882.0116600941,80,2382.45818261198,80,1582.22286936109,80,1191.92446343312
280,8,85,2795.34447937485,85,3041.46517117598,85,1432.11516660288,85,1367.75879691548
280,8,90,2611.84656703438,90,3678.70567191597,90,1232.58181863115,90,1449.60995329981
285,8,0,3653.4357201294,0,1372.1726860495,0,-201.524466675005,0,-884.191712762005
285,8,5,3605.12564579191,5,1227.7959593704,5,-213.774892883944,5,-1290.47966647735
285,8,10,3528.17959407531,10,1061.6534725571,10,-201.660548479073,10,-1645.02069132254
285,8,15,3437.53638860485,15,889.970947733164,15,-151.121588667163,15,-1923.64850075352
285,8,20,3347.13448600789,20,729.58692634023,20,-55.2835618616672,20,-2109.0652335696
285,8,25,3263.31373878579,25,593.511342814823,25,85.970803363204,25,-2192.03980629215
285,8,30,3182.67491049359,30,487.780571884367,30,268.235930224994,30,-2170.90878535726
285,8,35,3096.52151021953,35,412.225648601503,35,485.315440032624,35,-2049.44486119047
285,8,40,2999.89802630093,40,366.000302117112,40,730.625141424769,40,-1834.23844909089
285,8,45,2899.43902286113,45,355.337655913382,45,996.117601159733,45,-1533.29493786827
285,8,50,2813.95285482564,50,398.462099592947,50,1269.37467863035,50,-1156.93686786417
285,8,55,2765.91866279397,55,523.357985541464,55,1531.24397851084,55,-720.505726126755
285,8,60,2768.22905043566,60,758.277292763758,60,1756.59298162319,60,-246.85232018967
285,8,65,2814.02931470336,65,1119.61071921553,65,1918.99639763515,65,233.638969386893
285,8,70,2875.73761615766,70,1603.5275780308,70,1997.6129064831,70,686.447076426362
285,8,75,2913.7207791866,75,2185.41581717456,75,1983.00997471638,75,1078.73767668
285,8,80,2889.77832741336,80,2826.62403096721,80,1879.29475525381,80,1385.36126121688
285,8,85,2778.8800895128,85,3484.57583716827,85,1702.01556676318,85,1592.92650804736
285,8,90,2574.73432403213,90,4121.84268979249,90,1473.32095505742,90,1701.0354329772
290,8,0,3733.90306202479,0,2317.21949305297,0,-190.561707796155,0,-947.178845343271
290,8,5,3690.4806009367,5,2159.18096841602,5,-143.733777268317,5,-1356.45126798065
290,8,10,3618.95826416399,10,1972.57312476303,10,-76.9367235675633,10,-1713.84214304604
290,8,15,3531.16624274869,15,1774.55779938878,15,22.1539147371273,15,-1994.46600181421
290,8,20,3437.94154582432,20,1582.05004440586,20,159.768566760616,20,-2180.4578680558
290,8,25,3344.4830786058,25,1407.53278919006,25,336.659102738072,25,-2261.99024435693
290,8,30,3249.44560422192,30,1256.84375123814,30,550.037081825417,30,-2236.58374519632
290,8,35,3148.8449545692,35,1130.95191229383,35,795.456893950644,35,-2106.93629723661
290,8,40,3042.72518009198,40,1031.77957050973,40,1067.17275413331,40,-1878.49236092645
290,8,45,2940.09311053971,45,969.210851966195,45,1356.4487277561,45,-1558.38690496931
290,8,50,2857.96530714126,50,964.683550217978,50,1648.90973495388,50,-1156.6728552783
290,8,55,2813.84201060581,55,1047.98114517828,55,1923.17861284629,55,-689.156613573016
290,8,60,2815.35533511413,60,1247.70610603341,60,2152.73072708394,60,-179.79081234662
290,8,65,2853.04123521851,65,1579.87941844645,65,2311.11297783303,65,339.532029905274
290,8,70,2900.52360200815,70,2040.36074491612,70,2378.57499039252,70,832.607552025493
290,8,75,2922.12150725919,75,2604.54035348806,75,2347.19874334019,75,1264.91171649556
290,8,80,2883.99377904612,80,3233.78749993786,80,2222.40204672333,80,1609.71571465043
290,8,85,2763.73951064759,85,3885.14483560697,85,2020.58118172881,85,1852.23438087686
290,8,90,2554.99761638004,90,4520.25567577437,90,1764.34367394978,90,1990.85949259582
295,8,0,3631.81331101608,0,3228.90540625949,0,-191.187657636531,0,-1004.01735612508
295,8,5,3594.63502688544,5,3060.8631879277,5,-75.4221535570494,5,-1408.46188821221
295,8,10,3531.70487450245,10,2857.92759738179,10,55.2327599231445,10,-1762.19313885857
295,8,15,3451.48347020776,15,2637.10222648556,15,211.118336329117,15,-2039.87987544023
295,8,20,3361.8042389025,20,2414.63376487803,20,397.940949544398,20,-2223.05869947688
295,8,25,3267.03575187284,25,2202.42201666361,25,617.314862960084,25,-2300.96144626651
295,8,30,3168.05940312224,30,2006.7470569468,30,868.072528856216,30,-2269.74622307514
295,8,35,3065.32922484713,35,1830.66935758704,35,1147.13636216717,35,-2130.53125618548
295,8,40,2963.15209429572,40,1679.55344696549,40,1448.98308232313,40,-1887.42372234612
295,8,45,2872.02338804272,45,1566.8684447485,45,1763.73553143374,45,-1546.93115970855
295,8,50,2806.5641093223,50,1516.40825908626,50,2075.15355215247,50,-1119.36764950195
295,8,55,2779.21321708196,55,1558.49386666194,55,2360.37763521203,55,-621.466842295942
295,8,60,2792.70611699444,60,1721.01876824905,60,2592.636303955,60,-78.3202717264306
295,8,65,2835.49875713289,65,2019.29060910647,65,2746.53875760876,65,477.198011082063
295,8,70,2882.84563111295,70,2449.42931229719,70,2804.038907413,70,1008.12784999372
295,8,75,2903.2091661192,75,2988.14975069928,75,2758.67421920663,75,1479.21543920898
295,8,80,2867.0577106108,80,3598.50927058465,80,2616.52062445612,80,1862.76801544629
295,8,85,2754.3609893964,85,4238.7093037887,85,2393.85561061879,85,2142.66601542311
295,8,90,2558.25302660183,90,4870.49972373738,90,2112.81661656169,90,2315.61545903325
300,8,0,3321.69865834993,0,4070.06056396535,0,-207.051334261356,0,-1054.21949735794
300,8,5,3291.0879742707,5,3896.5171931122,5,-13.7182687575885,5,-1444.11920451008
300,8,10,3238.914388608,10,3682.08155919656,10,189.40008745837,10,-1785.80891066609
300,8,15,3170.51121060821,15,3442.57715162219,15,410.548556343424,15,-2053.87667936619
300,8,20,3091.21985359598,20,3193.07668063086,20,654.874940407486,20,-2229.24161594661
300,8,25,3004.98866215221,25,2945.12566201447,25,924.689878719752,25,-2299.87176421783
300,8,30,2914.80408922714,30,2706.24692452597,30,1219.99233437781,30,-2260.13324433419
300,8,35,2824.73183714431,35,2482.4756776634,35,1538.39641205858,35,-2109.27188177003
300,8,40,2742.08589591678,40,2283.03900159195,40,1874.00756614794,40,-1850.07038701914
300,8,45,2677.75802072905,45,2124.65692990294,45,2215.6626078974,45,-1488.71810447061
300,8,50,2643.55995224333,50,2032.50042947968,50,2545.74358211252,50,-1036.19698298417
300,8,55,2647.21980313549,55,2036.2203178898,55,2840.89812507218,55,-510.382868252188
300,8,60,2687.32159421053,60,2162.0549567003,60,3075.2322026334,60,62.6955801743924
300,8,65,2750.85698445568,65,2424.27009341129,65,3225.27897070795,65,649.842773520289
300,8,70,2814.87370524591,70,2819.66374436647,70,3275.0522188824,70,1214.29628260851
300,8,75,2851.70300125505,75,3327.34486284888,75,3219.36501260796,75,1721.02335923897
300,8,80,2835.64059196846,80,3913.5114893659,80,3064.37148012105,80,2142.01434301698
300,8,85,2748.56223019593,85,4538.99111039979,85,2825.46812681705,85,2459.97231278523
300,8,90,2582.75192926459,90,5166.75375082082,90,2523.6122462157,90,2669.57882645443
305,8,0,2780.99807989052,0,4793.60989510306,0,-241.95793471957,0,-1097.4874516452
305,8,5,2756.02999318612,5,4619.31408125446,5,35.9362676275029,5,-1461.71525806861
305,8,10,2715.78267870117,10,4398.50119508659,10,319.173112667917,10,-1781.26043624625
305,8,15,2663.10559806556,15,4145.09995647207,15,613.876836545348,15,-2031.0545049202
305,8,20,2601.56836871517,20,3872.83053383112,20,924.386671902855,20,-2191.49343749298
305,8,25,2535.00990491213,25,3593.28603121566,25,1253.14084210383,25,-2249.16601376118
305,8,30,2468.039286995,30,3315.93352587948,30,1600.47702823597,30,-2196.52094625984
305,8,35,2407.07004781363,35,3050.32291952016,35,1963.8775053287,35,-2030.96052812071
305,8,40,2360.86723329677,40,2809.55149533176,40,2336.62135449069,40,-1754.16073786436
305,8,45,2339.58236748936,45,2612.99269722725,45,2706.42689293224,45,-1372.28789123862
305,8,50,2351.98509484323,50,2486.22071407468,50,3055.0647912323,50,-897.174612766565
305,8,55,2401.70652494215,55,2457.22439488353,55,3359.75869270416,55,-347.744041925262
305,8,60,2484.10600548872,60,2549.87448000742,60,3596.46812096624,60,249.476745642029
305,8,65,2585.32293769325,65,2777.11904454334,65,3744.24863014284,65,861.702565357198
305,8,70,2684.17002413899,70,3136.6411813128,70,3789.32153265023,70,1453.25319288177
305,8,75,2756.28487612174,75,3610.60988616021,75,3727.56893781051,75,1990.16685925213
305,8,80,2779.06266828528,80,4169.38823092607,80,3564.81934930183,80,2444.74760381614
305,8,85,2735.74519297557,85,4777.60993346742,85,3315.12528830577,85,2798.80340712318
305,8,90,2617.57882703483,90,5400.52242192863,90,2997.84321826956,90,3044.90008948563
310,8,0,1995.34632120818,0,5343.45883892796,0,-299.598895841677,0,-1133.67931681822
310,8,5,1973.87974370054,5,5172.65448943336,5,68.0033325081288,5,-1460.16690410284
310,8,10,1945.86461962006,10,4950.508989317,10,437.643365194692,10,-1745.95460591627
310,8,15,1912.50288908913,15,4688.79433223156,15,813.312354601022,15,-1966.77738689909
310,8,20,1876.28569988692,20,4400.00501748013,20,1198.10076668391,20,-2102.81401811913
310,8,25,1841.01751992972,25,4096.17527623913,25,1593.74845749593,25,-2139.52159516195
310,8,30,1812.13564546633,30,3789.06621444259,30,1999.95388191373,30,-2067.73244015739
310,8,35,1796.91818131118,35,3491.73059183505,35,2413.29966043011,35,-1883.38788057671
310,8,40,1803.98991601026,40,3220.63960965018,40,2826.0041859596,40,-1587.42919836052
310,8,45,1841.73893233129,45,2996.98175203473,45,3225.07205255841,45,-1186.20281112337
310,8,50,1915.80673794109,50,2845.84672109823,50,3592.52868072279,50,-692.302343219547
310,8,55,2026.41992269327,55,2792.86928256777,55,3907.14299850192,55,-125.296443809823
310,8,60,2166.62054028596,60,2859.13608422751,60,4147.46414581717,60,488.423616863306
310,8,65,2322.22193308704,65,3056.09168347285,65,4295.42057709219,65,1117.23123767227
310,8,70,2473.67008752029,70,3382.30279317872,70,4339.46160364695,70,1727.28905500816
310,8,75,2599.26621853289,75,3823.20684784735,75,4276.39112577488,75,2286.40824965544
310,8,80,2678.75705460082,80,4353.80686627382,80,4111.53736979579,80,2767.7917459647
310,8,85,2696.29117660155,85,4943.27477036653,85,3857.45931433596,85,3152.76631931051
310,8,90,2642.09723570665,90,5559.9988458928,90,3531.76655312252,90,3431.99117701147
315,8,0,965.665229428605,0,5657.65726844189,0,-383.110588511506,0,-1162.55745351814
315,8,5,944.649651457694,5,5493.45441784214,5,77.2680247457457,5,-1438.57735106848
315,8,10,928.476058142662,10,5274.74304109092,10,537.62715981869,10,-1677.74094191865
315,8,15,917.479743893634,15,5011.31867618378,15,999.759788436304,15,-1857.08356101235
315,8,20,913.548149119648,20,4714.75082374858,20,1464.98847881909,20,-1957.12495887427
315,8,25,920.25887858558,25,4397.70916687863,25,1933.52061556345,25,-1962.83623335729
315,8,30,942.925185674028,30,4074.08490782892,30,2403.56880537273,30,-1864.14473886349
315,8,35,988.256530929793,35,3759.79661409699,35,2870.29581845061,35,-1656.19495203812
315,8,40,1063.36792457934,40,3473.70110639198,40,3324.87535087493,40,-1339.63335221104
315,8,45,1174.10641550891,45,3237.7671350553,45,3754.12210963222,45,-921.052535397568
315,8,50,1323.01715341491,50,3075.82155868419,50,4141.10288111052,50,-413.467903624175
315,8,55,1507.55583881693,55,3010.74173407023,55,4466.86211403784,55,163.543747959183
315,8,60,1719.19359403768,60,3060.6942148836,60,4712.99128425774,60,784.482567836546
315,8,65,1943.80764939055,65,3235.54050379172,65,4864.436913866,65,1419.60327025848
315,8,70,2163.32130201754,70,3534.5750790559,70,4911.84178697679,70,2037.54244239868
315,8,75,2358.15285344661,75,3946.31352042193,75,4852.88479037143,75,2608.44693718424
315,8,80,2509.82712353814,80,4450.3427559481,80,4692.42714594837,80,3106.95803049572
315,8,85,2603.14864815485,85,5020.61244055447,85,4441.62158997541,85,3514.4493243825
315,8,90,2627.56552261882,90,5629.23045323808,90,4116.36146508478,90,3820.15528799027
320,8,0,-284.471213990383,0,5674.29352765997,0,-494.452090266537,0,-1183.32991308454
320,8,5,-308.504785808884,5,5518.45336577598,5,59.1263498232749,5,-1395.65166595903
320,8,10,-313.835235194745,10,5307.736109181,10,611.634079195047,10,-1574.46856799113
320,8,15,-300.46339416647,15,5050.41412105287,15,1162.54485775794,15,-1698.66737700238
320,8,20,-266.934957365628,20,4757.41177366377,20,1710.97148814142,20,-1749.87324263555
320,8,25,-210.285397744771,25,4441.89707063616,25,2254.99429924699,25,-1713.50019488483
320,8,30,-126.231489251722,30,4119.19884027766,30,2790.85152103253,30,-1579.52918675702
320,8,35,-9.76916937211982,35,3806.93003026856,35,3312.12647989759,35,-1343.09199416714
320,8,40,143.753887914554,40,3524.97814195085,40,3809.18935923576,40,-1004.94804898771
320,8,45,337.204600073412,45,3294.93726179352,45,4269.19303473952,45,-571.862373358024
320,8,50,570.179945726113,50,3138.6872961666,50,4676.8300052312,50,-56.7667782482111
320,8,55,837.889884312386,55,3076.15028320466,55,5015.84418599137,55,521.50880084083
320,8,60,1130.7757455184,60,3122.63413372188,60,5271.04122083528,60,1139.1414270461
320,8,65,1435.03229397296,65,3286.42940223638,65,5430.3657812661,65,1768.93475783427
320,8,70,1733.93710286236,70,3567.32809615975,70,5486.59110856545,70,2382.52643273432
320,8,75,2009.67359486172,75,3956.4815341386,75,5438.29622390256,75,2952.86393658699
320,8,80,2245.2429175282,80,4437.62226193821,80,5290.02138287169,80,3456.5318318859
320,8,85,2426.10635499756,85,4989.30900494694,85,5051.69819042541,85,3875.54596504634
320,8,90,2541.33681526151,90,5587.64431788875,90,4737.57719666516,90,4198.36931003113
325,8,0,-1703.52981900657,0,5339.88363113207,0,-633.670683608485,0,-1194.12750501673
325,8,5,-1733.97802523223,5,5193.16178224072,5,9.81304646262256,5,-1329.35954370772
325,8,10,-1730.16071051192,10,4995.09298589063,10,651.775013783285,10,-1433.98636462124
325,8,15,-1692.20072287466,15,4752.8993701879,15,1289.26836633809,15,-1489.35283163626
325,8,20,-1619.16541438547,20,4476.94151999054,20,1918.97428813956,20,-1479.03858866079
325,8,25,-1509.13899934657,25,4180.39130411527,25,2536.63934305319,25,-1389.89731929857
325,8,30,-1359.54264640225,30,3878.92783255115,30,3136.48410543291,30,-1212.92627340416
325,8,35,-1167.75980415414,35,3590.37882209898,35,3710.709945605,35,-943.955708821516
325,8,40,-932.042327943706,40,3334.15394015407,40,4249.27912868331,40,-584.146380111204
325,8,45,-652.562269945841,45,3130.30972216372,45,4740.13240796809,45,-140.251257900556
325,8,50,-332.381292781968,50,2998.17368305439,50,5169.92421645932,50,375.443121089765
325,8,55,21.9177494687665,55,2954.6172983315,55,5525.21965069252,55,945.596747756123
325,8,60,400.132365345505,60,3012.23940433523,60,5793.96004659116,60,1548.78551313272
325,8,65,788.940547879674,65,3177.82576848626,65,5966.92036256636,65,2160.94342877244
325,8,70,1172.91498328025,70,3451.43584026942,70,6038.88374371205,70,2757.15186875591
325,8,75,1535.85263609677,75,3826.33488085069,75,6009.34001460793,75,3313.55638132139
325,8,80,1862.17709140952,80,4289.78967446158,80,5882.63700356615,80,3809.14946622532
325,8,85,2138.19823430617,85,4824.55267248468,85,5667.62856695546,85,4227.1810091876
325,8,90,2353.0856089434,90,5410.73443095675,90,5376.93690394331,90,4556.03474414133
330,8,0,-3211.14783104418,0,4619.18155498401,0,-798.211901583978,0,-1191.69882319032
330,8,5,-3251.02208125893,5,4482.09638454448,5,-73.2400791761259,5,-1237.19837484344
330,8,10,-3240.72838252556,10,4301.73804362154,10,650.040688021737,10,-1254.91686773146
330,8,15,-3180.5367391272,15,4084.55424700118,15,1366.30654422162,15,-1229.27192934762
330,8,20,-3070.23453412567,20,3840.14389820501,20,2069.88947092807,20,-1146.57606626341
330,8,25,-2909.27518116027,25,3580.92292092322,25,2754.39561381775,25,-995.965495834774
330,8,30,-2697.10714917915,30,3321.67114700372,30,3412.36637020255,30,-770.202410062498
330,8,35,-2433.68327843143,35,3078.93082474498,35,4035.06808452569,35,-466.304453478963
330,8,40,-2120.09999096956,40,2870.21631383305,40,4612.50520820755,40,-85.9556266674726
330,8,45,-1759.26187787011,45,2713.01137825296,45,5133.72845594599,45,364.351086091227
330,8,50,-1356.43152261757,50,2623.57946810847,50,5587.45356613338,50,873.4890453645
330,8,55,-919.52570204439,55,2615.68141310385,55,5962.93250893592,55,1426.22663038853
330,8,60,-459.06209952099,60,2699.35866184288,60,6250.95201649359,60,2004.11030966238
330,8,65,12.2668380205177,65,2879.97084085043,65,6444.79776494223,65,2586.65230227803
330,8,70,480.338237212141,70,3157.65698690332,70,6541.0282144591,70,3152.7183413562
330,8,75,930.547756864936,75,3527.32233751415,75,6539.94521608023,75,3681.96928400281
330,8,80,1348.82451080115,80,3979.15709086044,80,6445.71128548138,80,4156.19493853699
330,8,85,1722.58220977241,85,4499.59893424625,85,6266.12462844615,85,4560.39413506409
330,8,90,2041.508311463,90,5072.5828919069,90,6012.10721343423,90,4883.49639882698
335,8,0,-4703.15867742827,0,3504.66803988472,0,-982.47567779178,0,-1171.6437720691
335,8,5,-4755.0003339806,5,3378.30450063166,5,-190.766902045764,5,-1117.14757154567
335,8,10,-4742.21075724823,10,3221.13608403666,10,599.302218715967,10,-1038.09756450339
335,8,15,-4665.30761409296,15,3038.83522288567,15,1380.33254883922,15,-922.502921877922
335,8,20,-4524.92285266286,20,2839.81907242672,20,2144.70411903956,20,-759.975043352098
335,8,25,-4321.94970527515,25,2634.90647409754,25,2884.3850436155,25,-542.474194669599
335,8,30,-4057.79305410067,30,2436.82650037854,30,3590.80422701092,30,-264.948147527154
335,8,35,-3734.70265490273,35,2259.58186285701,35,4254.8337246723,35,74.1843770357394
335,8,40,-3356.14510532863,40,2117.67880336689,40,4866.92114753898,40,472.748581050365
335,8,45,-2927.14973743652,45,2025.25128427806,45,5417.39353019994,45,924.762637308891
335,8,50,-2454.55411978906,50,1995.13012612481,50,5896.92373378532,50,1420.64436071613
335,8,55,-1947.08224210113,55,2037.93176400149,55,6297.11593666161,55,1947.67979733699
335,8,60,-1415.21290668911,60,2161.25824583086,60,6611.13793652435,60,2490.73251770451
335,8,65,-870.831549842616,65,2369.10207811542,65,6834.31346983964,65,3033.14378397253
335,8,70,-326.696049735558,70,2661.53248308461,70,6964.59150002658,70,3557.74761597282
335,8,75,204.223538069956,75,3034.70538132137,75,7002.82940996673,75,4047.90725295918
335,8,80,709.455973316929,80,3481.19521095325,80,6952.85661669134,80,4488.47510168905
335,8,85,1177.7146956447,85,3990.60260184702,85,6821.31617491318,85,4866.58828152708
335,8,90,1599.4937166361,90,4550.35730970432,90,6617.3080052323,90,5172.23418183975
340,8,0,-6062.37474042045,0,2023.67319383522,0,-1177.79394025649,0,-1129.34613463343
340,8,5,-6128.27941095775,5,1910.07562573867,5,-340.81622686257,5,-969.04041517199
340,8,10,-6118.41401603837,10,1781.47983421084,10,494.987742704897,10,-788.12040741447
340,8,15,-6033.56192285926,15,1642.58387303532,15,1320.74614343125,15,-578.480358335694
340,8,20,-5875.11382285931,20,1500.1505194609,20,2127.54697331872,20,-333.289963607756
340,8,25,-5645.15899803028,25,1362.69932502196,25,2906.40362291522,25,-47.5276166883089
340,8,30,-5346.62052934578,30,1240.07826886096,30,3648.26990271386,30,281.575805206279
340,8,35,-4983.41514055413,35,1142.93140781896,35,4344.12395160827,35,654.216364087617
340,8,40,-4560.60976929826,40,1082.08771876911,40,4985.1334284494,40,1067.84791537181
340,8,45,-4084.54132023639,45,1067.90572766594,45,5562.90315740367,45,1517.18400578046
340,8,50,-3562.86566342434,50,1109.61720015296,50,6069.79241509481,50,1994.37877217199
340,8,55,-3004.5080071669,55,1214.71917115267,55,6499.27504570884,55,2489.38063175758
340,8,60,-2419.49880812184,60,1388.46478772203,60,6846.30478576965,60,2990.43709731385
340,8,65,-1818.69519005987,65,1633.49825477553,65,7107.64321530976,65,3484.71419594493
340,8,70,-1213.40418536108,70,1949.66726160633,70,7282.10981927819,70,3958.98197354473
340,8,75,-614.937728645583,75,2334.02884062487,75,7370.72216290568,75,4400.31052497795
340,8,80,-34.1378927872378,80,2781.04424925621,80,7376.70713785115,80,4796.72027999718
340,8,85,519.086526637677,85,3282.93848014919,85,7305.3789426272,85,5137.73618630934
340,8,90,1036.17383454827,90,3830.18359286807,90,7163.89342470562,90,5414.80711061116
345,8,0,-7173.32988354741,0,241.164073337545,0,-1372.92774358731,0,-1061.42909555973
345,8,5,-7254.88363274218,5,143.078960945155,5,-518.008914590857,5,-795.809133993476
345,8,10,-7254.48908450793,10,47.3636142222244,10,336.910231970586,10,-514.209034067028
345,8,15,-7173.05303966515,15,-42.4867000748789,15,1182.33984038341,15,-212.374576257037
345,8,20,-7012.39331695783,20,-121.689699260701,20,2008.90704453341,20,113.046506906035
345,8,25,-6775.26275726114,25,-184.404226419426,25,2807.42280339805,25,464.17755606669
345,8,30,-6465.38088539047,30,-224.034149790698,30,3568.97212407167,30,841.64935476393
345,8,35,-6087.46261675508,35,-233.592413817261,35,4285.03335704675,35,1244.418912901
345,8,40,-5647.23108573073,40,-206.104693844605,40,4947.62807043583,40,1669.68516850895
345,8,45,-5151.40096787958,45,-135.028108726476,45,5549.49791947417,45,2112.91003737833
345,8,50,-4607.61997139732,50,-14.6579551116471,50,6084.2995754554,50,2567.94599216322
345,8,55,-4024.35956404337,55,159.505027867515,55,6546.80400972934,55,3027.2634776897
345,8,60,-3410.75115118533,60,390.452401141071,60,6933.08310369863,60,3482.2636934641
345,8,65,-2776.37012058017,65,679.45185391915,65,7240.66533815072,65,3923.65542760946
345,8,70,-2130.97647729176,70,1025.93149424993,70,7468.64350167214,70,4341.86952343659
345,8,75,-1484.22624063287,75,1427.47066771123,75,7617.72080938082,75,4727.48186081501
345,8,80,-845.371579843869,80,1879.89437794459,80,7690.18701333009,80,5071.6158190457
345,8,85,-222.969364726787,85,2377.45978350408,85,7689.82223997224,85,5366.2980757613
345,8,90,375.382694475886,90,2913.11607638096,90,7621.73255959853,90,5604.74693494133
350,8,0,-7938.05913041262,0,-1743.32894773014,0,-1555.09196791651,0,-967.21833189231
350,8,5,-8036.07229666992,5,-1823.24231073105,5,-713.337842928038,5,-604.035085565834
350,8,10,-8052.01067157792,10,-1883.92612595735,10,130.488859535732,10,-229.882156577805
350,8,15,-7986.62350339418,15,-1923.19232704612,15,967.269049655886,15,156.03289885705
350,8,20,-7841.64656321872,20,-1938.28613875663,20,1788.06587471371,20,553.977511118239
350,8,25,-7619.78189726116,25,-1926.01703129845,25,2584.23324143881,25,963.538146164286
350,8,30,-7324.66849580113,30,-1882.92600010626,30,3347.52756653849,30,1383.49889805234
350,8,35,-6960.84084227551,35,-1805.48014643037,35,4070.22274768441,35,1811.76299575382
350,8,40,-6533.67201979901,40,-1690.2835840236,40,4745.22694914101,40,2245.32309645785
350,8,45,-6049.29830298399,45,-1534.29241411995,45,5366.19829817098,45,2680.28324953696
350,8,50,-5514.52297657721,50,-1335.02103626318,50,5927.65518837931,50,3111.93213641147
350,8,55,-4936.69845025962,55,-1090.7274816009,55,6425.07578898783,55,3534.86386550222
350,8,60,-4323.5874554699,60,-800.56677825793,60,6854.98074532078,60,3943.13949708995
350,8,65,-3683.20602619426,65,-464.703508980388,65,7214.99305169812,65,4330.47985665166
350,8,70,-3023.65285442195,70,-84.3775356110028,70,7503.86973213943,70,4690.4783002938
350,8,75,-2352.93124163638,75,338.079896167377,75,7721.5012378933,75,5016.82109225167
350,8,80,-1678.77104052206,80,799.279085566552,80,7868.87624266037,80,5303.50302515843
350,8,85,-1008.45855599405,85,1294.85005427992,85,7948.011602128,85,5545.02684187819
350,8,90,-348.682288999034,90,1819.55945291017,90,7961.84942491856,90,5736.57678608204
355,8,0,-8289.70549306411,0,-3805.25681126203,0,-1711.42200904469,0,-849.580846642746
355,8,5,-8403.81340728895,5,-3865.34167776663,5,-914.812796905199,5,-403.474334551109
355,8,10,-8442.15095769819,10,-3891.71171028316,10,-113.213320042807,10,48.6673682052848
355,8,15,-8404.98037292511,15,-3883.40438302857,15,685.610507438033,15,504.863857884502
355,8,20,-8293.39905787579,20,-3839.44832044651,20,1474.02243289679,20,962.929676399976
355,8,25,-8109.31274413665,25,-3758.91117829167,25,2244.61279259265,25,1420.43848639271
355,8,30,-7855.39714454799,30,-3640.95752444007,30,2990.29133013096,30,1874.69885901562
355,8,35,-7535.04845487394,35,-3484.91384654216,35,3704.37454531878,35,2322.74392523488
355,8,40,-7152.32319856367,40,-3290.33734130808,40,4380.66613336369,40,2761.33640712207
355,8,45,-6711.86812299249,45,-3057.084859616,45,5013.52901396527,45,3186.98971501236
355,8,50,-6218.8411226653,50,-2785.37831203698,50,5597.94743335847,50,3596.00492132258
355,8,55,-5678.82447317683,55,-2475.8629857555,55,6129.57767244016,55,3984.52255784999
355,8,60,-5097.73198798289,60,-2129.65557611759,60,6604.78602827502,60,4348.58738575454
355,8,65,-4481.71203125215,65,-1748.37926940073,65,7020.67296442294,65,4684.22360674497
355,8,70,-3837.04860437299,70,-1334.18389024041,70,7375.082648242,70,4987.51746205352
355,8,75,-3170.06294163219,75,-889.749899964566,75,7666.59750130548,75,5254.70383221814
355,8,80,-2487.01817641188,80,-418.275847482195,80,7894.51786374798,80,5482.25332056015
355,8,85,-1794.02965380908,85,76.5503223830302,85,8058.82738857092,85,5666.95637605637
355,8,90,-1096.98335838654,90,590.594958511526,90,8160.1453065367,90,5806.00127148562
360,8,0,-8201.28311553097,0,-5810.19818945741,0,-1830.67925209653,0,-714.72160843235
360,8,5,-8329.62896719051,5,-5850.38072384045,5,-1108.92404342719,5,-205.609738218654
360,8,10,-8394.58131284224,10,-5846.03832835861,10,-378.729253200732,10,305.06694625344
360,8,15,-8395.64582591646,15,-5797.2040512635,15,354.347895325562,15,813.42188706009
360,8,20,-8332.8144048259,20,-5704.24955089076,20,1084.72824240732,20,1315.58619614865
360,8,25,-8206.56523462372,25,-5567.88226711569,25,1806.85315258754,25,1807.73809991185
360,8,30,-8017.85914772648,30,-5389.14003730864,30,2515.2268192688,30,2286.13202519261
360,8,35,-7768.13231139931,35,-5169.38319776595,35,3204.45809111995,35,2747.1271053574
360,8,40,-7459.28529765587,40,-4910.28423072935,40,3869.30150199298,40,3187.21488948972
360,8,45,-7093.66861875766,45,-4613.81503578621,45,4504.69719208772,45,3603.04604382006
360,8,50,-6674.06483839648,50,-4282.23192252305,50,5105.80941654013,50,3991.45584217825
360,8,55,-6203.66739470457,55,-3918.05843864716,55,5668.06334836066,55,4349.48825147052
360,8,60,-5686.05629626218,60,-3524.0661642648,60,6187.17989562995,60,4674.41842887629
360,8,65,-5125.17087607056,65,-3103.25361848305,65,6659.20826797212,65,4963.7734595473
360,8,70,-4525.27981084926,70,-2658.82343886888,70,7080.55604445514,70,5215.35117698279
360,8,75,-3890.94863382874,75,-2194.15800744343,75,7448.01651408322,75,5427.2369228463
360,8,80,-3227.00498828577,80,-1712.79370871251,80,7758.7930808038,80,5597.81811867169
360,8,85,-2538.50188626305,85,-1218.39401564517,85,8010.52054729211,85,5725.79653855901
360,8,90,-1830.67925209653,90,-714.721608432352,90,8201.28311553097,90,5810.19818945741
