"Theta [deg]","Freq [GHz]","Phi [deg]","re(rETheta) [mV]","Phi [deg]","im(rETheta) [mV]","Phi [deg]","re(rEPhi) [mV]","Phi [deg]","im(rEPhi) [mV]"
0,8,0,-3082.2311041109,0,3663.29045238296,0,5752.43115391232,0,-5425.2718037518
0,8,5,-2569.14487438475,5,3176.50693257011,5,5999.17555786395,5,-5723.90380688203
0,8,10,-2036.50590087244,10,2665.54827697306,10,6200.26261341901,10,-5978.97344585426
0,8,15,-1488.36788777861,15,2134.3031894862,15,6354.16192666501,15,-6188.53948670068
0,8,20,-928.902496357684,20,1586.81476599984,20,6459.70223090122,20,-6351.00700531099
0,8,25,-362.367596052811,25,1027.24972399928,25,6516.08030068543,25,-6465.13952576802
0,8,30,206.925140461558,30,459.866691328736,30,6522.86706486455,30,-6530.06843067596
0,8,35,774.643051712201,35,-111.016204537919,35,6480.01087206524,35,-6545.29957186334
0,8,40,1336.46546159705,40,-681.054200054621,40,6387.83788379197,40,-6510.71703114891
0,8,45,1888.11656233924,45,-1245.90896187714,45,6247.04959214108,45,-6426.584002549
0,8,50,2425.39795596607,50,-1801.28160419937,50,6058.71748102231,50,-6293.54078921217
0,8,55,2944.22060665268,55,-2342.94540587008,55,5824.27487151932,55,-6112.59993032562
0,8,60,3440.63596075365,60,-2866.777978293,60,5545.50601345076,60,-5885.13849508053
0,8,65,3910.86599768049,65,-3368.79263929324,65,5224.53250615175,65,-5612.8876023441
0,8,70,4351.33198291953,70,-3845.16875417584,70,4863.79715182195,70,-5297.91924579964
0,8,75,4758.68170436246,75,-4292.2808130628,75,4466.04536432577,75,-4942.63052482354
0,8,80,5129.81498466462,80,-4706.72602321233,80,4034.30427493515,80,-4549.72540111162
0,8,85,5461.90727546651,85,-5085.35020632634,85,3571.85969403274,85,-4122.19411989794
0,8,90,5752.43115391232,90,-5425.2718037518,90,3082.2311041109,90,-3663.29045238296
5,8,0,-1830.04968960324,0,3574.79743118765,0,5187.65644070708,0,-6883.35556563012
5,8,5,-1403.58195090146,5,2968.0430039195,5,5439.79821785836,5,-7165.03085599671
5,8,10,-954.857640394072,10,2341.8781336414,10,5660.54163145872,10,-7381.27957850255
5,8,15,-485.472449699889,15,1703.92552821053,15,5847.53674722868,15,-7531.20911675971
5,8,20,2.65235448006451,20,1061.73015685176,20,5998.38296160185,20,-7614.91353515261
5,8,25,507.234160825385,25,422.622045499463,25,6110.68792045223,25,-7633.43904466931
5,8,30,1025.60559314202,30,-206.413164080656,30,6182.13395815479,30,-7588.72893770961
5,8,35,1554.70453947905,35,-818.852671705843,35,6210.54930145506,35,-7483.54935156662
5,8,40,2091.07811248139,40,-1408.74094571696,40,6193.98122420518,40,-7321.39778015668
5,8,45,2630.90044256391,45,-1970.77735940035,45,6130.76841743213,45,-7106.39681010526
5,8,50,3170.00369112218,50,-2500.38468598659,50,6019.61003144052,50,-6843.1760802335
5,8,55,3703.92124128777,55,-2993.75663086012,55,5859.62912489219,55,-6536.74591919694
5,8,60,4227.94168794201,60,-3447.88321721364,60,5650.42859066006,60,-6192.36647090888
5,8,65,4737.17200732634,65,-3860.55356445864,65,5392.13799175661,65,-5815.41634137982
5,8,70,5226.60813298015,70,-4230.3363758691,70,5085.45010861476,70,-5411.26487037168
5,8,75,5691.21108720572,75,-4556.53924534806,75,4731.64635264146,75,-4985.15203265924
5,8,80,6125.98680134713,80,-4839.14866158301,80,4332.61052750975,80,-4542.07970338113
5,8,85,6526.06778881504,85,-5078.75328977949,85,3890.83071227539,85,-4086.71758800796
5,8,90,6886.7948981053,90,-5276.45370838608,90,3409.389297424,90,-3623.32653886773
10,8,0,-568.722985570698,0,3248.98587788297,0,4561.09704480704,0,-8097.85659056544
10,8,5,-241.377953873907,5,2553.80843390566,5,4818.55306089881,5,-8353.49327287444
10,8,10,112.097405888423,10,1844.94694128908,10,5059.61987347337,10,-8524.81804397516
10,8,15,492.706230096675,15,1133.14150267731,15,5280.59893632033,15,-8611.79456574713
10,8,20,900.757866005735,20,428.9095119798,20,5477.33775900758,20,-8615.92770741639
10,8,25,1335.77437028141,25,-257.679379218361,25,5645.38776516676,25,-8540.21746306729
10,8,30,1796.43431521385,30,-917.224209580462,30,5780.17396289837,30,-8389.07584346088
10,8,35,2280.55364054412,35,-1541.20287438188,35,5877.16723001055,35,-8168.20534905754
10,8,40,2785.10117470465,40,-2122.16382933292,40,5932.05099965371,40,-7884.4393389304
10,8,45,3306.24484682767,45,-2653.8912052118,45,5940.87559935465,45,-7545.54670242432
10,8,50,3839.4235980536,50,-3131.53541608674,50,5900.19523366165,50,-7160.00550400889
10,8,55,4379.43957333777,55,-3551.7022442779,55,5807.18438864239,55,-6736.75247099522
10,8,60,4920.56525745516,60,-3912.49493293969,60,5659.73208356342,60,-6284.91710118402
10,8,65,5456.66068551118,65,-4213.50589977514,65,5456.51376017144,65,-5813.5505904874
10,8,70,5981.29656015696,70,-4455.75713916707,70,5197.04160474077,70,-5331.36057999909
10,8,75,6487.87989936405,75,-4641.59101070458,75,4881.69472645273,75,-4846.46282173712
10,8,80,6969.77959858132,80,-4774.51571577319,80,4511.73090347359,80,-4366.16025028943
10,8,85,7420.44993407523,85,-4859.01214517277,85,4089.2816259055,85,-3896.75867053787
10,8,90,7833.55051408367,90,-4900.31076737132,90,3617.33199957106,90,-3443.42642575814
15,8,0,619.641057376109,0,2707.43973191649,0,3910.3076326636,0,-9023.74932669525
15,8,5,842.457904157397,5,1961.14785160279,5,4173.24423103218,5,-9248.12451731186
15,8,10,1096.36933081695,10,1207.00359198781,10,4434.57061139295,10,-9373.30803004945
15,8,15,1384.89339166003,15,457.96377105247,15,4688.69097958732,15,-9399.61972760184
15,8,20,1710.32318669278,20,-273.200177727098,20,4929.20529152492,20,-9329.35609136215
15,8,25,2073.60250985526,25,-974.191832863506,25,5149.22363594724,25,-9166.80298938606
15,8,30,2474.27886220327,30,-1633.50224698325,30,5341.68538473969,30,-8918.19259164303
15,8,35,2910.52680346084,35,-2240.73252195519,35,5499.66223975118,35,-8591.59239147094
15,8,40,3379.22988183547,40,-2786.90937591696,40,5616.62854282064,40,-8196.71915613304
15,8,45,3876.10668180382,45,-3264.77402069701,45,5686.68768343295,45,-7744.67687674016
15,8,50,4395.86597371405,50,-3669.02424467299,50,5704.74926353552,50,-7247.62455816034
15,8,55,4932.37727015862,55,-3996.49129883529,55,5666.65701520401,55,-6718.38611675551
15,8,60,5478.84573836773,60,-4246.23673942247,60,5569.2716568486,60,-6170.02000314932
15,8,65,6027.98369669418,65,-4419.55933327486,65,5410.51555319024,65,-5615.36992756771
15,8,70,6572.17417578621,70,-4519.90793610865,70,5189.38716616153,70,-5066.61998327006
15,8,75,7103.62474712808,75,-4552.70235675022,75,4905.9530684357,75,-4534.87752292797
15,8,80,7614.51173337907,80,-4525.07012300721,80,4561.32412716911,80,-4029.80550465408
15,8,85,8097.11596231409,85,-4445.51235162386,85,4157.62079506126,85,-3559.32295312583
15,8,90,8543.95153038311,90,-4323.51626554311,90,3697.93066453534,90,-3129.38798064292
20,8,0,1660.97976200938,0,1993.7925629181,0,3264.71989616661,0,-9641.17533982239
20,8,5,1781.25788292957,5,1234.966498462,5,3532.89611018127,5,-9833.456074813
20,8,10,1938.39087122301,10,473.484518480785,10,3813.35902588288,10,-9916.24973459896
20,8,15,2138.1273585445,15,-276.505119806717,15,4098.1393594863,15,-9889.47114390508
20,8,20,2384.31878216966,20,-1000.75639884244,20,4378.1778455437,20,-9755.31927444371
20,8,25,2678.80373248443,25,-1685.26173841298,25,4643.85808973773,25,-9518.44919587977
20,8,30,3021.42647457431,30,-2316.66782824048,30,4885.52496001523,30,-9186.06073645521
20,8,35,3410.16741804804,35,-2882.746568178,35,5093.94796606981,35,-8767.86961508022
20,8,40,3841.35410141661,40,-3372.88632158785,40,5260.69989139235,40,-8275.93910956561
20,8,45,4309.91794681543,45,-3778.56327247735,45,5378.43472949142,45,-7724.36584599312
20,8,50,4809.66463690779,50,-4093.75239108972,50,5441.06312265763,50,-7128.82939733528
20,8,55,5333.5331253321,55,-4315.241816549,55,5443.83554564586,55,-6506.02961944826
20,8,60,5873.82782113337,60,-4442.82227149062,60,5383.35169214478,60,-5873.04624630815
20,8,65,6422.41804244937,65,-4479.33310623542,65,5257.51822040608,65,-5246.66135451353
20,8,70,6970.90654643185,70,-4430.55744143317,70,5065.4765206036,70,-4642.6869556638
20,8,75,7510.77377510267,75,-4304.96959105737,75,4807.51854830788,75,-4075.33794303322
20,8,80,8033.50625554353,80,-4113.34779500142,80,4485.00345414506,80,-3556.68598134776
20,8,85,8530.71689864974,85,-3868.27388785731,85,4100.28214131403,85,-3096.22368895223
20,8,90,8994.26269624971,90,-3583.54869153283,90,3656.6321000808,90,-2700.56128282186
25,8,0,2498.05147161682,0,1169.2762297086,0,2642.57978028174,0,-9953.62581986016
25,8,5,2524.07130698504,5,433.269179613557,5,2914.74869894413,5,-10116.7675390975
25,8,10,2593.16643252078,10,-301.357143150826,10,3211.97919232438,10,-10164.9428672349
25,8,15,2712.89501376538,15,-1020.24030660077,15,3523.6116169997,15,-10096.7459124746
25,8,20,2888.13256153249,20,-1708.36919859095,20,3837.64588662853,20,-9913.22726213251
25,8,25,3121.01011363197,25,-2350.46469905431,25,4141.55322816224,25,-9618.34972570075
25,8,30,3411.06488187945,30,-2931.52820728882,30,4423.04724690862,30,-9219.31950506172
25,8,35,3755.55356718444,35,-3437.51066965657,35,4670.7423550141,35,-8726.71939962085
25,8,40,4149.86116238492,40,-3856.03717134366,40,4874.64909321902,40,-8154.39795679888
25,8,45,4587.9354875144,45,-4177.11562045558,45,5026.48392934245,45,-7519.1024470688
25,8,50,5062.68926901369,50,-4393.76163920117,50,5119.79946728184,50,-6839.87723569329
25,8,55,5566.33256935545,55,-4502.48290125771,55,5149.96399562005,55,-6137.27637241095
25,8,60,6090.62213341235,60,-4503.58165095565,60,5114.03340482885,60,-5432.45610474989
25,8,65,6627.03464257645,65,-4401.25109591895,65,5010.56275762971,65,-4746.21860134328
25,8,70,7166.88416911635,70,-4203.45759159783,70,4839.40044392924,70,-4098.07430627055
25,8,75,7701.40926611314,75,-3921.61477927173,75,4601.49748891571,75,-3505.38067886848
25,8,80,8221.85321365557,80,-3570.06782189633,80,4298.75137824359,80,-2982.60356010588
25,8,85,8719.5542166738,85,-3165.41614108647,85,3933.89084654496,85,-2540.73689483014
25,8,90,9186.05341074037,90,-2725.71248196714,90,3510.39803502935,90,-2186.90794059811
30,8,0,3096.80447520926,0,304.110637502217,0,2051.6941744615,0,-9983.68552862908
30,8,5,3041.06813664032,5,-380.332265495893,5,2325.37629664239,5,-10122.9008227846
30,8,10,3034.82043118852,10,-1060.86515602353,10,2635.82922993253,10,-10146.5266135844
30,8,15,3086.97208365974,15,-1723.69254486743,15,2969.61399921523,15,-10050.9100903514
30,8,20,3202.8728466666,20,-2353.55733228004,20,3311.6848195527,20,-9834.86031442454
30,8,25,3384.34164005175,25,-2934.193629477,25,3646.52514361396,25,-9500.53259816205
30,8,30,3630.01961967326,30,-3449.06643199404,30,3959.21991072368,30,-9054.13343523128
30,8,35,3935.95228702416,35,-3882.30660188436,35,4236.34782485482,35,-8506.3069994996
30,8,40,4296.27346232231,40,-4219.7258997821,40,4466.6130425659,40,-7872.11832540423
30,8,45,4703.86417429203,45,-4449.79692543964,45,4641.18338013903,45,-7170.61636904909
30,8,50,5150.89053490312,50,-4564.50069854228,50,4753.74982895933,50,-6424.02570357173
30,8,55,5629.17306580092,55,-4559.97135923932,55,4800.3597618312,55,-5656.66401837151
30,8,60,6130.38867315414,60,-4436.89522793386,60,4779.09848594224,60,-4893.7054414865
30,8,65,6646.14237049495,65,-4200.64529994475,65,4689.70010927569,65,-4159.90682285948
30,8,70,7167.9635799319,70,-3861.15011840703,70,4533.16114431838,70,-3478.39282931622
30,8,75,7687.28299502027,75,-3432.50796675783,75,4311.41215238657,75,-2869.5674911736
30,8,80,8195.43546541619,80,-2932.36523108592,80,4027.07811353326,80,-2350.19569267744
30,8,85,8683.7171214254,85,-2381.08478618876,85,3683.33226391503,85,-1932.68437876254
30,8,90,9143.5049288974,90,-1800.74006567032,90,3283.82684351671,90,-1624.58978558617
35,8,0,3448.90214621146,0,-533.435734552883,0,1492.88776133834,0,-9767.63675962465
35,8,5,3325.89057404836,5,-1145.75530154977,5,1764.65275778345,5,-9888.5284409506
35,8,10,3258.72240889317,10,-1753.42206367469,10,2083.92904233624,10,-9898.00588845867
35,8,15,3257.29204587731,15,-2343.71195635813,15,2434.68235424742,15,-9789.38166076479
35,8,20,3326.98348592599,20,-2901.36544806304,20,2798.95527445962,20,-9558.20231895301
35,8,25,3468.79947032266,25,-3409.18343735845,25,3158.3314261414,25,-9203.72093457679
35,8,30,3679.97257148106,30,-3849.06528085446,30,3495.32747460276,30,-8730.13101720672
35,8,35,3954.90408040709,35,-4203.3122092131,35,3794.54746906523,35,-8147.31648853225
35,8,40,4286.21109139032,40,-4455.99388720607,40,4043.48323259092,40,-7470.96927780222
35,8,45,4665.66521187462,45,-4594.20187594865,45,4232.91121212701,45,-6722.05314120439
35,8,50,5084.87168449072,50,-4609.06998407687,50,4356.90141776811,50,-5925.71345040904
35,8,55,5535.63358546756,55,-4496.50186135124,55,4412.505132186,55,-5109.8153421375
35,8,60,6010.03383280148,60,-4257.59222711069,60,4399.22127134297,60,-4303.31893077894
35,8,65,6500.32286809269,65,-3898.75353407146,65,4318.35774422896,65,-3534.67288679137
35,8,70,6998.71787825569,70,-3431.56732079902,70,4172.40410266346,70,-2830.34729689386
35,8,75,7497.2107080508,75,-2872.37532641755,75,3964.51317469899,75,-2213.56263226053
35,8,80,7987.45896334282,80,-2241.61693219033,80,3698.15204475018,80,-1703.22906973665
35,8,85,8460.8054539317,85,-1562.91492810434,85,3376.93330861465,85,-1313.10040538073
35,8,90,8908.43721376438,90,-861.919560613692,90,3004.59007744374,90,-1051.16332185164
40,8,0,3569.61645228728,0,-1287.40877570465,0,964.261150061003,0,-9350.02032855568
40,8,5,3394.14182195948,5,-1815.04672857134,5,1230.41156145216,5,-9457.07446417216
40,8,10,3280.39015703834,10,-2339.32938596637,10,1553.72351382943,10,-9461.49682506712
40,8,15,3239.07030050507,15,-2848.85421075834,15,1916.04322005309,15,-9353.0414177707
40,8,20,3275.41882590721,20,-3328.31843411557,20,2296.95002393788,20,-9123.15187040097
40,8,25,3389.36623363586,25,-3759.37173049834,25,2675.47434924969,25,-8767.18096445929
40,8,30,3576.40823020082,30,-4122.12600775792,30,3031.7582664575,30,-8286.32807230037
40,8,35,3828.96626957344,35,-4396.98970647762,35,3348.46131343272,35,-7688.88576277081
40,8,40,4137.8917343594,40,-4566.46992654473,40,3611.76797985312,40,-6990.54431772605
40,8,45,4493.76297336073,45,-4616.67294935931,45,3811.92357568804,45,-6213.72372437466
40,8,50,4887.73773835501,50,-4538.37601944056,50,3943.28972307356,50,-5386.11541417635
40,8,55,5311.89225975687,55,-4327.67285626291,55,4003.96300076656,55,-4538.75267092081
40,8,60,5759.12531781137,60,-3986.26918516451,60,3995.04799718874,60,-3703.95277299803
40,8,65,6222.78579236118,65,-3521.5167526315,65,3919.72449749317,65,-2913.3950265822
40,8,70,6696.19647314754,70,-2946.24409764845,70,3782.28657134824,70,-2196.46600618842
40,8,75,7172.22375037209,75,-2278.3947575249,75,3587.33497364825,75,-1578.88105576473
40,8,80,7643.00748742373,80,-1540.43904207704,80,3339.25624540534,80,-1081.52893506722
40,8,85,8099.92494339715,85,-758.500379454304,85,3042.02966043777,85,-719.497955842239
40,8,90,8533.81222753768,90,38.8546611778404,90,2699.29993140803,90,-501.303279514076
45,8,0,3491.54077306288,0,-1921.08163225357,0,464.440666426929,0,-8778.80069564826
45,8,5,3278.05019104311,5,-2358.20534906451,5,721.827340351669,5,-8874.69767954721
45,8,10,3130.95967427099,10,-2795.42883875185,10,1044.48078341415,10,-8880.88808082071
45,8,15,3061.87013600238,15,-3222.79020117064,15,1412.87671576468,15,-8783.3916860893
45,8,20,3076.07325241038,20,-3624.72014267545,20,1804.94949611132,20,-8568.99934795691
45,8,25,3172.58335341928,25,-3981.27619247178,25,2197.87878859158,25,-8228.36486397612
45,8,30,3345.16191143665,30,-4270.357537131,30,2569.85746305692,30,-7758.81562423482
45,8,35,3584.09646244611,35,-4470.31078999769,35,2901.66697153378,35,-7166.24303442093
45,8,40,3878.24613304204,40,-4562.30286655703,40,3177.92350888709,40,-6465.66385435431
45,8,45,4216.81416787139,45,-4532.0346725239,45,3387.8932185736,45,-5680.39914748647
45,8,50,4590.46635399091,50,-4370.67797599156,50,3525.79334810613,50,-4840.1696056437
45,8,55,4991.68053965,55,-4075.18223536044,55,3590.51967501129,55,-3978.62388242059
45,8,60,5414.44842069839,60,-3648.21916563837,60,3584.80821012281,60,-3130.82967651418
45,8,65,5853.57457084717,65,-3098.00452987826,65,3513.96357185028,65,-2331.08855059981
45,8,70,6303.83490017784,70,-2438.11763370233,70,3384.4231898407,70,-1611.1868249882
45,8,75,6759.2202061893,75,-1687.29972016253,75,3202.49569982315,75,-998.992334867053
45,8,80,7212.44119701454,80,-869.103665527031,80,2973.55637535899,80,-517.235277741137
45,8,85,7654.81438607611,85,-11.2181306564111,85,2701.81333927012,85,-182.376653839846
45,8,90,8076.5709967473,90,855.686300346653,90,2390.55081047008,90,-3.60592941355175
50,8,0,3255.92232257971,0,-2418.75256611746,0,-6.14615833895046,0,-8101.33007744912
50,8,5,3018.55456185882,5,-2764.77922461496,5,240.541203421639,5,-8187.11807338816
50,8,10,2850.08624967234,10,-3116.28266944743,10,558.372083805372,10,-8199.38842538126
50,8,15,2763.27707283107,15,-3464.89762121971,15,927.399347367287,15,-8120.63541348224
50,8,20,2764.09203540855,20,-3794.58390924805,20,1325.08142238465,20,-7932.84846069376
50,8,25,2851.30197944107,25,-4083.31055055406,25,1727.83675896579,25,-7621.51792745189
50,8,30,3017.39528584322,30,-4306.21887537117,30,2112.62918196103,30,-7179.43677623668
50,8,35,3250.64966805441,35,-4439.30646763019,35,2458.53698723237,35,-6609.3695168433
50,8,40,3537.76575800492,40,-4462.5803095933,40,2748.24637693553,40,-5924.95756340074
50,8,45,3866.28059250993,45,-4361.98070350018,45,2969.34179649687,45,-5149.75630048295
50,8,50,4226.13837351551,50,-4129.96469016574,50,3115.15841609294,50,-4314.84375381817
50,8,55,4610.17104343035,55,-3765.14506340708,55,3184.90317314829,55,-3455.77315860525
50,8,60,5013.61297100362,60,-3271.59206329133,60,3182.84686616937,60,-2609.63410884442
50,8,65,5432.9930260745,65,-2658.29991730291,65,3116.6627557222,65,-1812.68389024358
50,8,70,5864.80249009513,70,-1939.03034429452,70,2995.31967443739,70,-1098.60019436695
50,8,75,6304.29807662924,75,-1132.4349828368,75,2827.13657502148,75,-497.109503504675
50,8,80,6744.72244845441,80,-262.145505215319,80,2618.54048741676,80,-32.6909115334516
50,8,85,7177.12047645743,85,643.5443498155,85,2373.76810677279,85,276.780309219241
50,8,90,7590.79381279667,90,1552.69659620141,90,2095.37145788859,90,421.339425730623
55,8,0,2904.15568584445,0,-2782.61941810969,0,-445.841483268609,0,-7361.04478044612
55,8,5,2656.99114877205,5,-3041.16939450605,5,-210.233411269526,5,-7436.8721050092
55,8,10,2478.13243165202,10,-3311.7519533658,10,99.5387089507734,10,-7457.31933322418
55,8,15,2381.79648658915,15,-3587.91029576607,15,464.108282730474,15,-7401.92947986317
55,8,20,2375.53838858093,20,-3853.17426975882,20,861.839858158313,20,-7248.22835205742
55,8,25,2459.03366523152,25,-4083.12476839024,25,1269.77499025846,25,-6976.55014170754
55,8,30,2624.44378404388,30,-4249.66575894916,30,1664.63914402805,30,-6574.83648440455
55,8,35,2858.49509001616,35,-4326.10137250167,35,2024.13531630523,35,-6042.16553535648
55,8,40,3145.67535221424,40,-4291.35284266884,40,2328.65393268827,40,-5390.09877491156
55,8,45,3471.49470704246,45,-4132.16604265922,45,2563.26435083099,45,-4641.64328855984
55,8,50,3824.80378210441,50,-3843.14958234274,50,2719.50336960366,50,-3828.40886940262
55,8,55,4198.62354729035,55,-3425.38948855588,55,2796.2564305308,55,-2987.02113040648
55,8,60,4589.51770460306,60,-2884.773172343,60,2799.16320314775,60,-2155.81895917296
55,8,65,4995.95965605027,65,-2230.94399783521,65,2738.50323794276,65,-1372.38948257147
55,8,70,5416.3222208364,70,-1477.23427508501,70,2626.17778557843,70,-671.886380010808
55,8,75,5847.09744256913,75,-641.324931936233,75,2472.81159294688,75,-85.6874231610939
55,8,80,6281.80669641107,80,253.995766722153,80,2285.90844761813,80,360.049937499115
55,8,85,6710.83391336139,85,1180.65790321687,85,2069.47705396663,85,646.063821587534
55,8,90,7122.15724899985,90,2106.18013937186,90,1824.90771995246,90,761.652178952883
60,8,0,2471.65452222919,0,-3026.55580038088,0,-853.24030910643,0,-6594.82022241453
60,8,5,2228.61806603069,5,-3204.95427863929,5,-627.547395867755,5,-6660.79456152523
60,8,10,2049.75380482835,10,-3401.93465651272,10,-327.772232746675,10,-6689.88713427225
60,8,15,1950.87272841648,15,-3613.4089866902,15,28.1651040677562,15,-6659.54698771854
60,8,20,1942.08033885031,20,-3822.90438121785,20,420.877540018383,20,-6543.67296117314
60,8,25,2025.3578045199,25,-4003.74895996363,25,829.482413292189,25,-6318.00296759692
60,8,30,2193.84098553333,30,-4124.42721273985,30,1231.59773739037,30,-5965.75742424252
60,8,35,2433.46873533692,35,-4155.27636049372,35,1604.0291362098,35,-5482.01386602974
60,8,40,2726.61792970942,40,-4074.08667185122,40,1924.61398253788,40,-4875.58692701119
60,8,45,3056.42644732051,45,-3868.77501616029,45,2175.12413963105,45,-4168.05413108666
60,8,50,3410.23998830588,50,-3536.78448736649,50,2344.39152681526,50,-3390.60236328569
60,8,55,3781.09037370156,55,-3082.3573961444,55,2430.33977012552,55,-2580.02922895066
60,8,60,4166.97987841713,60,-2513.53763983371,60,2439.79366209109,60,-1775.18404909427
60,8,65,4568.54415075853,65,-1840.44386369016,65,2385.83670253286,65,-1014.47347199026
60,8,70,4986.10438699009,70,-1075.37038103719,70,2283.62938071507,70,-334.244395141414
60,8,75,5417.1438647247,75,-234.225627514729,75,2146.29939544433,75,232.606351725154
60,8,80,5854.94171659879,80,661.80376440259,80,1982.36467795135,80,658.343182582348
60,8,85,6288.61628971579,85,1585.48853895116,85,1795.30960292944,85,922.477634163143
60,8,90,6704.35796405789,90,2504.34193095083,90,1584.95113740319,90,1013.79337108354
65,8,0,1985.10489594027,0,-3169.29743166202,0,-1228.44793484174,0,-5831.07526709734
65,8,5,1759.31330549971,5,-3278.32020780017,5,-1010.2508700945,5,-5887.90285453162
65,8,10,1590.31789093665,10,-3411.14847775129,10,-720.815609079369,10,-5925.161850018
65,8,15,1495.36187339226,15,-3566.5278509319,15,-376.075677672352,15,-5919.20152419396
65,8,20,1487.79925249417,20,-3728.7683913017,20,7.83132429591826,20,-5841.52668988442
65,8,25,1573.21651775737,25,-3869.62416738584,25,413.311117616911,25,-5664.35661574472
65,8,30,1747.10505529477,30,-3954.45785598069,30,819.932932134173,30,-5366.79153793055
65,8,35,1995.56172040185,35,-3950.59016605421,35,1204.17844908278,35,-4939.89326118514
65,8,40,2299.13546868564,40,-3834.56336306979,40,1541.28696521281,40,-4389.15931209224
65,8,45,2638.37806206271,45,-3595.56849430131,45,1809.20636162299,45,-3733.81456796157
65,8,50,2998.81670640896,50,-3234.2713533229,50,1993.38451483282,50,-3003.59936603352
65,8,55,3373.40872503328,55,-2758.54043013272,55,2090.28351579038,55,-2234.5796392069
65,8,60,3761.78114405903,60,-2178.81865182303,60,2107.74916427735,60,-1465.46601988836
65,8,65,4166.96001042237,65,-1505.52846736199,65,2061.7652496412,65,-735.113983250046
65,8,70,4591.18257451928,70,-749.392537898875,70,1970.89600519681,70,-80.8917596538225
65,8,75,5032.48034144663,75,76.1250608228166,75,1850.77779335323,75,462.898413321244
65,8,80,5483.1379472626,80,952.029249598201,80,1710.75764081033,80,867.13009518539
65,8,85,5930.22991332524,85,1852.36913786807,85,1553.49490211114,85,1110.40233964088
65,8,90,6357.64625941855,90,2745.0378554856,90,1376.92856660661,90,1181.36454328878
70,8,0,1462.7049455899,0,-3229.11213223434,0,-1573.34462174605,0,-5088.8696043412
70,8,5,1265.44977196706,5,-3282.5572778157,5,-1359.41161394233,5,-5138.11631053508
70,8,10,1115.39895139448,10,-3362.666315264,10,-1078.93759653126,10,-5182.76450011001
70,8,15,1030.7554241409,15,-3471.2731759396,15,-745.769333316544,15,-5199.00838717996
70,8,20,1028.32136765489,20,-3594.41339942507,20,-372.380580060257,20,-5157.36904908807
70,8,25,1118.12144862169,25,-3703.40107964914,25,27.6013910200329,25,-5027.96946737504
70,8,30,1299.12258897101,30,-3761.30307164139,30,436.446658052451,30,-4786.78074785193
70,8,35,1558.51928436437,35,-3732.71991023124,35,830.884564044978,35,-4421.14631510161
70,8,40,1875.49752427118,40,-3592.85713705382,40,1183.78697484641,40,-3932.85194745616
70,8,45,2228.06476374061,45,-3332.04266102852,45,1469.18230361,45,-3337.91187191777
70,8,50,2599.85088810833,50,-2954.21782354813,50,1668.87623133641,50,-2663.62852676457
70,8,55,2983.81336782724,55,-2471.09435504165,55,1777.63428517142,55,-1944.49836741899
70,8,60,3381.45256709585,60,-1895.67606629185,60,1804.19447529875,60,-1218.55273078496
70,8,65,3798.37873813807,65,-1238.5962945504,65,1767.36746015293,65,-524.828809815926
70,8,70,4238.60923917571,70,-508.636471569991,70,1688.9941011749,70,98.4193477881373
70,8,75,4700.15727894178,75,283.687558087156,75,1586.9823679152,75,615.655578725553
70,8,80,5173.46656818442,80,1122.0432731053,80,1471.21049565284,80,996.67227744766
70,8,85,5642.75013119366,85,1982.1360065687,85,1343.26436848799,85,1219.59195794383
70,8,90,6089.09785221999,90,2832.59664311131,90,1199.082028311,90,1273.37524482983
75,8,0,916.135870317259,0,-3220.9075224359,0,-1890.73072466249,0,-4378.21693287765
75,8,5,755.91921347886,5,-3234.75495708818,5,-1677.48939367348,5,-4422.20889247141
75,8,10,632.558518829376,10,-3275.31625925203,10,-1403.00685957193,10,-4473.69636267519
75,8,15,564.546886007334,15,-3347.37814214599,15,-1079.37684723949,15,-4509.43568431346
75,8,20,571.757479388508,20,-3439.50597634393,20,-715.68127419843,20,-4500.26985206376
75,8,25,668.772182771643,25,-3523.90193367741,25,-321.616233810682,25,-4415.71592678623
75,8,30,858.599256933231,30,-3562.57887008668,30,88.0397283340266,30,-4229.81987599997
75,8,35,1130.27183993415,35,-3518.10907368764,35,490.715482914987,35,-3926.78064400144
75,8,40,1462.23804403272,40,-3364.42957592979,40,857.419521285029,40,-3504.53860812169
75,8,45,1830.35858174226,45,-3092.73015464139,45,1158.68868169058,45,-2975.24891984443
75,8,50,2216.62359595397,50,-2709.97557044916,50,1372.9665868255,50,-2362.94817111797
75,8,55,2614.23475185824,55,-2231.67448365112,55,1493.42266535149,55,-1699.85552835182
75,8,60,3026.7932748586,60,-1673.48389635304,60,1529.590429779,60,-1022.87091944861
75,8,65,3462.55827995356,65,-1046.29555708154,65,1502.81565867635,65,-370.966896464167
75,8,70,3927.076641101,70,-356.82569333796,70,1437.78005268843,70,216.914327461065
75,8,75,4417.76609870499,75,387.656962676221,75,1354.19711309593,75,704.295140378052
75,8,80,4922.48661421924,80,1173.88715142856,80,1262.1247236202,80,1060.31364665053
75,8,85,5421.92368001645,85,1979.6769880499,85,1161.94502411638,85,1263.09813194581
75,8,90,5893.97387498683,90,2774.87700100198,90,1047.69110453198,90,1302.31540874512
80,8,0,352.965377626711,0,-3155.61294759526,0,-2182.75526582323,0,-3701.61480969421
80,8,5,234.972439579454,5,-3146.82276608013,5,-1966.69637147101,5,-3743.09783009009
80,8,10,144.199738868815,10,-3162.22060485111,10,-1694.04013967322,10,-3801.42663207181
80,8,15,98.7378017708884,15,-3208.9544700727,15,-1375.77669486964,15,-3854.29380920349
80,8,20,120.665676802135,20,-3278.51889429234,20,-1018.47808094133,20,-3873.80788530406
80,8,25,228.477183402775,25,-3345.19374891839,25,-628.668198337552,25,-3830.13848531167
80,8,30,429.086048827914,30,-3371.36569717966,30,-218.505949663271,30,-3696.59430581347
80,8,35,713.770494543042,35,-3318.63107696415,35,190.364786135654,35,-3454.99644424283
80,8,40,1060.98472348349,40,-3160.00431634806,40,567.794669846055,40,-3099.63020451492
80,8,45,1445.23786633265,45,-2887.2780340458,45,881.758416729683,45,-2638.49675179341
80,8,50,1847.51185675108,50,-2509.96660074539,50,1108.16298034593,50,-2091.83445106231
80,8,55,2261.6235631461,55,-2047.06506289384,55,1239.02157175469,55,-1489.05864177024
80,8,60,2693.36622850943,60,-1516.87951417069,60,1284.58915456686,60,-865.531050260204
80,8,65,3153.47736673783,65,-930.753333842859,65,1268.23314279308,65,-259.83674293644
80,8,70,3648.65875393696,70,-293.501605541494,70,1216.76237892927,70,288.740782236144
80,8,75,4175.2590467289,75,390.910349221883,75,1151.07201812627,75,743.223141232916
80,8,80,4718.10662456829,80,1112.63466822745,80,1081.07764968107,80,1072.59385137059
80,8,85,5254.02855790762,85,1852.18442674837,85,1005.99577478066,85,1255.4244737315
80,8,90,5757.54160987498,90,2581.33685083503,90,918.259756481793,90,1282.33591889424
85,8,0,-221.284934736882,0,-3041.04819036464,0,-2449.21679752246,0,-3056.49711074489
85,8,5,-295.111302812073,5,-3026.24643279587,5,-2227.17557064761,5,-3098.19950503662
85,8,10,-349.524946226532,10,-3031.27505238462,10,-1951.56566040062,10,-3163.99698214527
85,8,15,-367.410280367915,15,-3064.66351477278,15,-1633.06217153895,15,-3232.529334304
85,8,20,-325.6416495436,20,-3120.69225126238,20,-1277.00598887669,20,-3277.59927314354
85,8,25,-203.079044499392,25,-3176.49659598572,25,-888.070606556779,25,-3270.82445577358
85,8,30,10.3015221126818,30,-3196.19450427688,30,-476.656001055212,30,-3185.73204166951
85,8,35,308.059590814853,35,-3141.71515329588,35,-63.528361785987,35,-3002.60816090558
85,8,40,669.464216681612,40,-2985.84547336176,40,320.793679088675,40,-2712.60726059856
85,8,45,1068.82566286458,45,-2720.89003187891,45,643.020846638089,45,-2319.72807144522
85,8,50,1487.08104602657,50,-2358.32454511352,50,877.785939038056,50,-1840.26944529219
85,8,55,1919.08858752505,55,-1920.05865752754,55,1016.66490415397,55,-1300.5317999825
85,8,60,2372.69497851752,60,-1426.87817491819,60,1070.58072154058,60,-733.938908251745
85,8,65,2860.64312202131,65,-890.849053314145,65,1064.24157637606,65,-178.217955021308
85,8,70,3390.29550317391,70,-315.318011818885,70,1025.68485663783,70,327.54955263035
85,8,75,3956.64337069114,75,298.838404797506,75,976.304605375435,75,746.462562231791
85,8,80,4541.45361474235,80,945.439733205402,80,925.648748508153,80,1047.86154522713
85,8,85,5117.81492533444,85,1608.40631952329,85,871.982778182553,85,1211.08075467648
85,8,90,5656.9598377358,90,2262.37465312012,90,806.602835436892,90,1227.74878169562
90,8,0,-801.544541269304,0,-2883.43811840054,0,-2686.18741557806,0,-2438.12428107214
90,8,5,-831.916545803117,5,-2877.75627981385,5,-2455.49815950207,5,-2482.34443329479
90,8,10,-848.28603213399,10,-2886.66544436036,10,-2172.18400514006,10,-2556.68464914068
90,8,15,-834.913583633426,15,-2918.86936766692,15,-1847.36472277685,15,-2640.45213806156
90,8,20,-768.870692342966,20,-2970.77998076777,20,-1486.55518147782,20,-2709.0472081785
90,8,25,-627.985482506072,25,-3022.63712519776,25,-1094.18797016722,25,-2735.77194450063
90,8,30,-400.36684481825,30,-3041.38748904873,30,-680.114359781607,30,-2694.95584085541
90,8,35,-90.4338028654974,35,-2990.7183072256,35,-264.525101193417,35,-2566.14874120825
90,8,40,282.713659978952,40,-2844.22156921267,40,122.439502286584,40,-2338.17373471965
90,8,45,694.573807997477,45,-2594.88462670087,45,447.68579677919,45,-2011.62641759797
90,8,50,1127.21572660997,50,-2255.54229670815,50,686.073745509919,50,-1599.14191529796
90,8,55,1576.94505040541,55,-1850.2028834872,55,829.62923356404,55,-1123.82514530368
90,8,60,2053.26590303039,60,-1401.71489214293,60,889.919321927587,60,-616.763052982207
90,8,65,2570.15824040688,65,-923.09135211459,65,892.247941384737,65,-114.195834436455
90,8,70,3135.05662300707,70,-416.82606773328,70,864.929789580802,70,345.729108528631
90,8,75,3741.51834224649,75,118.80589321496,75,829.210304667391,75,726.868835299246
90,8,80,4368.6552446193,80,681.353766131044,80,794.162256684553,80,999.39838258713
90,8,85,4986.40475780818,85,1258.83442719425,85,757.446303295255,85,1143.58898799807
90,8,90,5563.12487574111,90,1829.79267984539,90,709.761993476283,90,1151.94754700697
95,8,0,-1381.83489844575,0,-2689.00622162054,0,-2885.1565444455,0,-1842.42657875908
95,8,5,-1371.2821104513,5,-2705.21624756993,5,-2643.72050787491,5,-1890.72373266073
95,8,10,-1349.73225121801,10,-2730.74395800976,10,-2348.58906051346,10,-1974.74888220125
95,8,15,-1303.0971671054,15,-2773.22502375191,15,-2011.94217406442,15,-2074.04021548507
95,8,20,-1209.81151551286,20,-2830.21317508729,20,-1640.74971204245,20,-2165.09582549496
95,8,25,-1048.32416627538,25,-2884.84023638834,25,-1240.7878512731,25,-2222.63897245695
95,8,30,-806.258949658901,30,-2907.64869986285,30,-822.658571482476,30,-2221.98943176201
95,8,35,-486.414137292486,35,-2865.48123955463,35,-406.428322368862,35,-2142.62408983591
95,8,40,-105.487565112989,40,-2733.99691350756,40,-21.2411241960097,40,-1971.9915184827
95,8,45,314.645057821602,45,-2507.29437997771,45,301.400870135364,45,-1708.22870123225
95,8,50,758.403124267676,50,-2199.02157365161,50,538.082885495694,50,-1360.94079065899
95,8,55,1223.86568803204,55,-1834.27331263,55,682.194466798544,55,-950.180149373616
95,8,60,1721.59340636359,60,-1437.24585136716,60,745.961458734882,60,-504.335832626169
95,8,65,2265.82923593105,65,-1021.93903705569,65,754.595615053561,65,-57.4348538258937
95,8,70,2863.44112478861,70,-590.652682531774,70,735.823444978114,70,354.167364140852
95,8,75,3506.65242883751,75,-139.77651108162,75,710.199191067643,75,695.82607846262
95,8,80,4172.67300818594,80,331.752847405707,80,686.305726349009,80,938.986072159268
95,8,85,4829.26070291962,85,816.536133528408,85,661.592285146676,85,1064.91670505065
95,8,90,5442.60931142842,90,1298.00066105132,90,626.69425487582,90,1066.75431272553
100,8,0,-1953.89660374308,0,-2465.36546695589,0,-3032.74553013232,0,-1268.4462277181
100,8,5,-1905.99239830415,5,-2513.28863228042,5,-2779.07524152723,5,-1321.46953127272
100,8,10,-1848.14452777699,10,-2565.76263739121,10,-2469.17477733055,10,-1415.89633997506
100,8,15,-1768.15479893308,15,-2628.25398590008,15,-2116.70009240793,15,-1531.05937279015
100,8,20,-1646.80823099055,20,-2698.38901168314,20,-1731.0472635196,20,-1643.86374308037
100,8,25,-1464.59159433662,25,-2761.72280629193,25,-1320.61555647599,25,-1729.88127265507
100,8,30,-1209.85102264797,30,-2792.87173430996,30,-897.869754997581,30,-1765.30810352899
100,8,35,-884.126271149774,35,-2763.07346814131,35,-483.195990609666,35,-1730.03807757271
100,8,40,-501.031705839795,40,-2651.35692963383,40,-104.28473201514,40,-1611.11246288561
100,8,45,-78.5298307792922,45,-2453.51327853926,45,210.098042308558,45,-1405.31598824409
100,8,50,371.220579143671,50,-2183.54413316801,50,439.526630073954,50,-1120.08011219086
100,8,55,848.279951246358,55,-1866.51100643066,55,579.544635130685,55,-772.737040103838
100,8,60,1363.57402969715,60,-1526.96603481884,60,643.08118747258,60,-388.721174450636
100,8,65,1930.57998601033,65,-1179.64889406782,65,654.722375296812,65,0.857641245635601
100,8,70,2554.96896356158,70,-827.204909564063,70,640.93655243527,70,362.312125487698
100,8,75,3227.82501236205,75,-464.981754936184,75,621.189572106995,75,663.247708027831
100,8,80,3925.38493497387,80,-88.9382265516168,80,603.605744409444,80,876.79788334944
100,8,85,4614.42708662675,85,298.218939961731,85,585.773834781236,85,985.259107727417
100,8,90,5259.93973251698,90,685.474441272618,90,558.716965457541,90,982.127652471744
105,8,0,-2505.78917225165,0,-2222.53362568657,0,-3111.10050189005,0,-720.142491242216
105,8,5,-2424.70514746463,5,-2308.59585750785,5,-2844.3934006169,5,-777.598345592605
105,8,10,-2333.54110403403,10,-2395.12703701538,10,-2518.3573883833,10,-882.206820227552
105,8,15,-2222.25391822612,15,-2484.6092067591,15,-2148.3240108172,15,-1012.80645056005
105,8,20,-2074.72277847865,20,-2573.85368536508,20,-1746.66686500901,20,-1146.07699333214
105,8,25,-1874.45985957533,25,-2650.36397389908,25,-1325.18263959573,25,-1257.82191663073
105,8,30,-1611.33163208413,30,-2693.1136755208,30,-898.894902416955,30,-1324.87561993338
105,8,35,-1285.80568002214,35,-2678.70353376167,35,-488.784170031493,35,-1327.88423846223
105,8,40,-907.865347367387,40,-2590.64766722907,40,-120.767004486847,40,-1254.3221298766
105,8,45,-490.602719987419,45,-2426.99260418044,45,179.907824770948,45,-1100.67590166964
105,8,50,-41.9955093756893,50,-2201.71676967468,50,396.661287418601,50,-873.102187933281
105,8,55,440.068409119697,55,-1938.74386666277,55,527.725149034311,55,-586.670274997461
105,8,60,966.232539064687,60,-1661.81963873386,60,586.766996324951,60,-263.770579343558
105,8,65,1548.29743944243,65,-1385.8658422298,65,597.406529238349,65,67.9483173482173
105,8,70,2190.18550042501,70,-1114.14826865181,70,584.433419695804,70,378.231441520249
105,8,75,2882.03905388672,75,-841.78916674123,75,565.987696538632,75,637.640462981081
105,8,80,3600.02801086355,80,-562.580708966574,80,549.775720637055,80,821.433895234191
105,8,85,4311.18891279772,85,-274.907488186615,85,533.776250814907,85,913.029309558983
105,8,90,4980.42490371106,90,15.9518627541266,90,509.731376930728,90,906.102061509442
110,8,0,-3020.74212771581,0,-1973.33667505597,0,-3099.24608305673,0,-207.324822839491
110,8,5,-2911.27256887327,5,-2100.14540773153,5,-2819.49611191466,5,-268.060635606691
110,8,10,-2791.30500619887,10,-2223.9323284895,10,-2477.83885187933,10,-381.269988036188
110,8,15,-2653.22719867347,15,-2343.77918841176,15,-2091.26213884768,15,-525.273000656973
110,8,20,-2484.45456241787,20,-2455.17655605756,20,-1675.20522906149,20,-676.182425353911
110,8,25,-2271.98274936181,25,-2547.28820831078,25,-1245.0328553224,25,-809.639924312494
110,8,30,-2007.48338068466,30,-2603.60481626108,30,-818.473179402034,30,-902.957414929619
110,8,35,-1690.31617387024,35,-2606.68379787319,35,-417.086931682602,35,-937.772816978544
110,8,40,-1326.47239923898,40,-2545.23858105399,40,-64.7787770743062,40,-902.612837021368
110,8,45,-923.673127337202,45,-2419.9371809657,45,217.109590333498,45,-794.482459107645
110,8,50,-485.380327395475,50,-2244.41853154377,50,416.214137552535,50,-619.026459095768
110,8,55,-7.50642130703148,55,-2040.51442575684,55,533.641459236265,55,-389.542743034733
110,8,60,519.816009569076,60,-1830.0053218487,60,583.758837534143,60,-125.480144438758
110,8,65,1106.06841541012,65,-1627.19938291337,65,589.039387841884,65,149.251087974337
110,8,70,1753.03040251556,70,-1435.91185496386,70,572.409419138754,70,408.357559688409
110,8,75,2450.04999369425,75,-1251.6566661139,75,550.596027580401,75,625.943160931873
110,8,80,3173.95459449216,80,-1067.00072338622,80,530.92784288989,80,779.849429114153
110,8,85,3893.13514484761,85,-876.828815737181,85,511.917674355081,85,854.841968411204
110,8,90,4573.57381291904,90,-681.102715247122,90,486.238616288181,90,844.770240696761
115,8,0,-3476.70719530605,0,-1732.88318251329,0,-2975.77499378178,0,254.611150223286
115,8,5,-3344.73540649527,5,-1898.81075124533,5,-2683.87125560581,5,192.434841235726
115,8,10,-3202.44938469092,10,-2058.63767590476,10,-2329.08433168326,10,73.7850078596914
115,8,15,-3044.85587744954,15,-2208.10598478197,15,-1929.81875155471,15,-79.4459006949767
115,8,20,-2862.98797920743,20,-2341.35286969719,20,-1504.21696373547,20,-242.914000867851
115,8,25,-2647.24788887578,25,-2449.16577990651,25,-1070.78431905589,25,-392.12544176566
115,8,30,-2390.9215047567,30,-2519.58520387543,30,-649.531892353283,30,-504.945564641963
115,8,35,-2092.06206258992,35,-2541.25385716055,35,-262.255622736555,35,-564.216914239069
115,8,40,-1752.5586668465,40,-2508.24914473513,40,69.3601383549365,40,-559.882765634743
115,8,45,-1374.77831804608,45,-2423.9015222267,45,327.921393090924,45,-489.936569063443
115,8,50,-957.800854631183,50,-2301.23216234508,50,505.169562411742,50,-360.007355497655
115,8,55,-495.78921136471,55,-2159.29281991743,55,604.895818183104,55,-182.048035426098
115,8,60,20.0607267656523,60,-2016.93913536821,60,641.987669710125,60,27.1731733520498
115,8,65,596.630002862934,65,-1886.98959990505,65,637.667514160387,65,247.456921414142
115,8,70,1233.40211086457,70,-1773.41050749431,70,612.977592826711,70,456.683853303255
115,8,75,1919.04850585413,75,-1672.39158992192,75,583.262104443221,75,632.882769992849
115,8,80,2631.53589252189,80,-1576.14010471442,80,555.52335619417,80,756.910206095788
115,8,85,3341.44443989496,85,-1477.15239968332,85,528.884856724279,85,815.238681104924
115,8,90,4016.90592496465,90,-1371.0530245928,90,497.081169897895,90,802.093303122467
120,8,0,-3847.00609843281,0,-1516.89628773446,0,-2723.05562029605,0,646.49357080235
120,8,5,-3700.19077475895,5,-1715.82328874089,5,-2420.77709645482,5,585.162111780989
120,8,10,-3544.53183710902,10,-1905.92318019507,10,-2057.12949390264,10,465.701944916331
120,8,15,-3377.62020043465,15,-2080.14946221236,15,-1651.47980025157,15,309.589955330271
120,8,20,-3193.79306729766,20,-2231.68594000633,20,-1223.92327729341,20,141.023678724299
120,8,25,-2986.32982556202,25,-2353.08264736986,25,-795.179996362598,25,-15.8775951996545
120,8,30,-2749.6158410006,30,-2436.75934474463,30,-386.650587630409,30,-139.90953668488
120,8,35,-2480.17349767481,35,-2477.0497228036,35,-19.7380158917535,35,-215.355445762042
120,8,40,-2175.99324451536,40,-2472.96279728034,40,286.296729244059,40,-233.70927170341
120,8,45,-1834.61478673036,45,-2430.16349685845,45,517.780105565105,45,-194.065964513218
120,8,50,-1451.31061897247,50,-2360.801531221,50,670.060773440252,50,-102.216586742479
120,8,55,-1018.86422274947,55,-2280.79204505189,55,749.087642528277,55,30.9512813218237
120,8,60,-529.62354625619,60,-2205.46708815838,60,769.911201516444,60,191.012233947327
120,8,65,20.7896863331071,65,-2145.39831089447,65,752.379228042242,65,361.19098930259
120,8,70,629.71652095377,70,-2104.10408202425,70,715.692036782123,70,523.423809419904
120,8,75,1285.33009237905,75,-2078.36942248712,75,673.904046632805,75,659.77603675127
120,8,80,1967.03208587361,80,-2060.64560704563,80,633.764883100561,80,754.432801334257
120,8,85,2648.13737858755,85,-2042.19297137976,85,595.070978578448,85,795.98207254997
120,8,90,3299.77873792851,90,-2015.6483291178,90,552.719452565115,90,779.383863832569
125,8,0,-4102.19312374658,0,-1339.08508228354,0,-2332.58404073448,0,948.837315255447
125,8,5,-3950.48889057221,5,-1560.5940179798,5,-2022.41367032992,5,890.777645669357
125,8,10,-3793.0351666467,10,-1771.08753877379,10,-1655.39524905469,10,776.082892193405
125,8,15,-3629.65122997141,15,-1961.69054632745,15,-1251.2181581542,15,624.96060680302
125,8,20,-3457.3000785311,20,-2125.30720403868,20,-830.902296165116,20,460.474532245702
125,8,25,-3271.31448640789,25,-2256.39789445619,25,-416.131561821264,25,305.471368129525
125,8,30,-3066.55287868846,30,-2351.29471246665,30,-28.5147714495757,30,179.600202977732
125,8,35,-2837.91394431804,35,-2409.11487233589,35,311.725255802525,35,96.8668128903277
125,8,40,-2580.03715942859,40,-2432.83535906261,40,587.933283054344,40,64.2572906421679
125,8,45,-2286.59445372439,45,-2429.80356690836,45,789.751076036007,45,81.7419905550477
125,8,50,-1949.97355711858,50,-2411.06400192248,50,915.383633533716,50,143.472900306169
125,8,55,-1562.06746783732,55,-2389.36731403281,55,972.176354836631,55,239.532113676584
125,8,60,-1116.31655185759,60,-2376.36219509267,60,974.82495512294,60,357.52016462027
125,8,65,-610.423762375062,65,-2379.91434803419,65,941.596944709384,65,483.64848486363
125,8,70,-48.7108357781923,70,-2402.49719704181,70,889.864982628369,70,603.521268671377
125,8,75,556.844229846901,75,-2441.1472037246,75,832.48660530325,75,703.059873827292
125,8,80,1187.32139346006,80,-2488.82288897082,80,776.044592943072,80,769.874115326886
125,8,85,1819.08859669738,85,-2536.50721731545,85,721.085987669924,85,794.987973927246
125,8,90,2426.83915921661,90,-2575.28251901057,90,663.778662208196,90,774.490561224765
130,8,0,-4212.88866298502,0,-1208.30450553285,0,-1810.3296631927,0,1146.4789392965
130,8,5,-4068.466052315,5,-1438.61334161663,5,-1495.08872265009,5,1093.89469046001
130,8,10,-3922.92156930761,10,-1656.65422540337,10,-1130.54758476179,10,989.570875090187
130,8,15,-3777.63046014315,15,-1852.90432508986,15,-735.957557087839,15,851.542572762528
130,8,20,-3631.25920653412,20,-2020.71192701842,20,-332.10790372267,20,700.607516843399
130,8,25,-3480.28226118541,25,-2156.43724834596,25,59.7111820023181,25,557.286139062806
130,8,30,-3319.50139665442,30,-2259.529602975,30,418.921665951755,30,438.952759307067
130,8,35,-3142.34201462874,35,-2332.57829656743,35,727.259961750564,35,357.630955301761
130,8,40,-2940.94903311196,40,-2381.20189332122,40,970.791543007228,40,318.905260162096
130,8,45,-2706.37347164901,45,-2413.56810992082,45,1141.96776346926,45,322.129382514976
130,8,50,-2429.2383118726,50,-2439.40277792625,50,1240.99439931689,50,361.683406454994
130,8,55,-2101.09824216194,55,-2468.5238551966,55,1275.75822661004,55,428.687502207121
130,8,60,-1716.33886428116,60,-2509.14903546443,60,1259.99774469684,60,512.546190507196
130,8,65,-1274.10804913695,65,-2566.37663846383,65,1210.11359182118,65,601.9995354391
130,8,70,-779.640791263655,70,-2641.24888443672,70,1141.59178862609,70,685.781167196083
130,8,75,-244.49932726553,75,-2730.65150281488,75,1066.13342728671,75,753.240315536219
130,8,80,314.390437279339,80,-2828.04417576182,80,990.21779529754,80,795.233992554418
130,8,85,876.648172492609,85,-2924.77394384724,85,915.221239828539,85,805.320084824706
130,8,90,1420.80123586061,90,-3011.60888016405,90,838.694695068452,90,780.9908711732
135,8,0,-4153.09573615778,0,-1126.62801300748,0,-1180.28637605974,0,1233.14441127521
135,8,5,-4029.37193302125,5,-1350.35060503045,5,-862.69620173934,5,1187.6148062893
135,8,10,-3910.20720913446,10,-1561.89539565222,10,-505.862948411683,10,1098.17308856136
135,8,15,-3797.67199291209,15,-1752.23841327652,15,-127.820997975939,15,979.939962483929
135,8,20,-3691.16747465396,20,-1915.7367356614,20,251.979170682518,20,850.469088757648
135,8,25,-3587.52001787426,25,-2050.39986828351,25,613.879180089484,25,727.037678408156
135,8,30,-3481.18725076207,30,-2157.75369308928,30,939.400798602849,30,624.131391564743
135,8,35,-3364.53451940833,35,-2242.35518548325,35,1212.84567946931,35,551.583541776328
135,8,40,-3228.2599435349,40,-2311.01450167722,40,1422.99175861539,40,513.722389084983
135,8,45,-3062.12709365498,45,-2371.80077657765,45,1564.55107227581,45,509.622787333084
135,8,50,-2856.12392033535,50,-2432.93432055748,50,1638.90097588795,50,534.227346787012
135,8,55,-2601.99618883102,55,-2501.68283733387,55,1653.66675580328,55,579.857972341845
135,8,60,-2294.8865776913,60,-2583.38012652231,60,1621.05679325527,60,637.618518346703
135,8,65,-1934.67206711239,65,-2680.68075998007,65,1555.29999189559,65,698.400829090605
135,8,70,-1526.61727714054,70,-2793.15441881278,70,1469.87802204009,70,753.512226340908
135,8,75,-1081.14297860575,75,-2917.29611365787,75,1375.3029076741,75,795.155650473672
135,8,80,-612.760524544976,80,-3046.97210208389,80,1277.94918787308,80,817.005496558811
135,8,85,-138.436211076806,85,-3174.24503188157,85,1180.05158921002,85,814.961353262944
135,8,90,324.248120514146,90,-3290.45326835659,90,1080.61587071944,90,787.951295605524
140,8,0,-3903.53428891216,0,-1089.22826232157,0,-484.393042626582,0,1214.22233738765
140,8,5,-3813.37131677913,5,-1291.6906730179,5,-166.73876147282,5,1176.33155646803
140,8,10,-3733.78427048351,10,-1483.54592112063,10,178.574513255312,10,1104.17759322607
140,8,15,-3666.70252276134,15,-1657.1396054617,15,535.405557212682,15,1009.5609034129
140,8,20,-3611.46383836673,20,-1808.12096273652,20,886.535159252643,20,906.219729606428
140,8,25,-3564.73592161626,25,-1935.69874267653,25,1214.86365910825,25,807.655659439067
140,8,30,-3520.63333569631,30,-2042.37822173976,30,1504.73587576573,30,725.132102646898
140,8,35,-3471.05722345331,35,-2133.2574869824,35,1743.33271896238,35,666.217117658699
140,8,40,-3406.31824160802,40,-2215.02410600045,40,1921.97561909274,40,634.126953237567
140,8,45,-3316.09287125473,45,-2294.83550609218,45,2037.08675485221,45,627.92241475624
140,8,50,-3190.68554016389,50,-2379.26652048967,50,2090.50841612439,50,643.37875374589
140,8,55,-3022.44406047632,55,-2473.46054995313,55,2088.97284994535,55,674.187688969652
140,8,60,-2807.06447057746,60,-2580.54799130168,60,2042.73057954285,60,713.13200057733
140,8,65,-2544.48924319497,65,-2701.33282637153,65,1963.61019875972,65,752.999905965486
140,8,70,-2239.17861180228,70,-2834.22081726405,70,1862.9738658161,70,787.200261127575
140,8,75,-1899.69183712525,75,-2975.3688099611,75,1750.05851580739,75,810.192145507199
140,8,80,-1537.68899746054,80,-3119.05065163727,80,1631.04532315851,80,817.881309388066
140,8,85,-1166.5890259993,85,-3258.23616619694,85,1508.95306066505,85,808.062391561104
140,8,90,-800.160906241075,90,-3385.35593316553,90,1384.21101418715,90,780.861330137827
145,8,0,-3454.77331242525,0,-1086.03189079119,0,222.188598557051,0,1106.28552222202
145,8,5,-3408.32195067108,5,-1255.53897179463,5,538.144198162815,5,1075.38591768932
145,8,10,-3378.05940253815,10,-1417.16863613882,10,869.904335024607,10,1020.26406358451
145,8,15,-3365.173902363,15,-1565.08783465344,15,1203.68574524478,15,949.407185337396
145,8,20,-3368.47040623251,20,-1696.23506606865,20,1525.05153636497,20,872.689766140746
145,8,25,-3384.28516396818,25,-1810.50156975489,25,1819.95861622336,25,799.806279233811
145,8,30,-3406.62424369033,30,-1910.44383828354,30,2075.8656376496,30,738.831521795632
145,8,35,-3427.55787758828,35,-2000.60489727547,35,2282.81254798215,35,695.171436345479
145,8,40,-3437.89240528693,40,-2086.59001715153,40,2434.33612180103,40,671.076352176561
145,8,45,-3428.10358531198,45,-2174.07888351011,45,2528.05106634575,45,665.749730473387
145,8,50,-3389.44880282956,50,-2267.94696573104,50,2565.73593312732,50,675.939695419482
145,8,55,-3315.10199788177,55,-2371.61617072169,55,2552.83854090203,55,696.799837085839
145,8,60,-3201.10861117544,60,-2486.68027218655,60,2497.44747465674,60,722.786761089853
145,8,65,-3046.96805428784,65,-2612.78491854106,65,2408.92084827717,65,748.424446899961
145,8,70,-2855.72414168791,70,-2747.70862503771,70,2296.46218886494,70,768.871197141666
145,8,75,-2633.55673318018,75,-2887.59359042513,75,2167.94315638883,75,780.318647427844
145,8,80,-2388.98029994382,80,-3027.29767931164,80,2029.18960336946,80,780.292638619822
145,8,85,-2131.82964672513,85,-3160.85832489483,85,1883.80603696,85,767.905211867753
145,8,90,-1872.23064970254,90,-3282.05906182926,90,1733.46785029822,90,744.050513148007
150,8,0,-2810.16758391887,0,-1103.95966976094,0,879.887609216428,0,933.0924116424
150,8,5,-2813.10708331603,5,-1233.32355916976,5,1192.71065282488,5,907.303518739638
150,8,10,-2836.87049229988,10,-1357.95439802296,10,1510.46745978902,10,866.40130405382
150,8,15,-2881.6593932608,15,-1473.87115218932,15,1821.92281283791,15,815.938366339395
150,8,20,-2945.64359404991,20,-1579.10066334396,20,2115.58259589701,20,762.352194614183
150,8,25,-3024.93951651733,25,-1673.78301686279,25,2380.51163287133,25,711.957018381891
150,8,30,-3113.7890615791,30,-1759.93513535038,30,2607.15906642841,30,670.014950580042
150,8,35,-3204.95283415325,35,-1840.93162462842,35,2788.11192892792,35,640.049811445233
150,8,40,-3290.30985313978,40,-1920.8119369162,40,2918.68141532762,40,623.509620151145
150,8,45,-3361.62186067151,45,-2003.54734380856,45,2997.22387332516,45,619.802567428564
150,8,50,-3411.37941823204,50,-2092.39345390611,50,3025.12104441142,50,626.649012309321
150,8,55,-3433.61211122241,55,-2189.4177106673,55,3006.39583179691,55,640.63363195816
150,8,60,-3424.53227242196,60,-2295.24026740106,60,2947.01214407382,60,657.823923865805
150,8,65,-3382.90142175328,65,-2408.97925316826,65,2853.97915995023,65,674.344182273016
150,8,70,-3310.05998409198,70,-2528.362278748,70,2734.42643302076,70,686.841853460153
150,8,75,-3209.62981720683,75,-2649.95941089211,75,2594.81876661177,75,692.831798314502
150,8,80,-3086.96445413299,80,-2769.50217382968,80,2440.43690280291,80,690.933468846713
150,8,85,-2948.46432626927,85,-2882.26595965076,85,2275.17669849936,85,681.019304810085
150,8,90,-2800.88347964911,90,-2983.49856578476,90,2101.64023847935,90,664.276986570997
155,8,0,-1988.55846279198,0,-1128.04970447771,0,1435.38866098339,0,719.458125462016
155,8,5,-2041.39524129917,5,-1214.97712309908,5,1743.61400957053,5,695.951072657452
155,8,10,-2118.39310897821,10,-1299.83408625568,10,2047.84774974388,10,664.630825100344
155,8,15,-2218.85356139602,15,-1380.21775272745,15,2339.32046797407,15,628.736982614431
155,8,20,-2340.48606133765,20,-1454.96679045811,20,2609.29253878486,20,592.004283563138
155,8,25,-2479.44824497379,25,-1524.21363155545,25,2849.62537191182,25,558.091782921652
155,8,30,-2630.53388183256,30,-1589.22946308183,30,3053.33218399023,30,530.053440579722
155,8,35,-2787.50654628243,35,-1652.09735884384,35,3215.05336483737,35,509.938596493422
155,8,40,-2943.55920748802,40,-1715.27812528402,40,3331.40028756029,40,498.581336230192
155,8,45,-3091.85924691278,45,-1781.14780089797,45,3401.11906540087,45,495.597289761493
155,8,50,-3226.11887338794,50,-1851.5826131593,50,3425.04485155243,50,499.565403404719
155,8,55,-3341.11849126208,55,-1927.64880779669,55,3405.84704709827,55,508.341234439738
155,8,60,-3433.11100012358,60,-2009.42773518484,60,3347.60099582892,60,519.434304008074
155,8,65,-3500.05100653497,65,-2095.97943138641,65,3255.25359049162,65,530.385876686822
155,8,70,-3541.62238149765,70,-2185.42778987505,70,3134.0692349744,70,539.100039387003
155,8,75,-3559.07360564277,75,-2275.14043670424,75,2989.14246423734,75,544.10158219859
155,8,80,-3554.90349034219,80,-2361.97519725917,80,2825.04375664032,80,544.710981502789
155,8,85,-3532.46159556113,85,-2442.56817689064,85,2645.63145280477,85,541.135625425702
155,8,90,-3495.53325878792,90,-2513.64126926919,90,2454.02505721742,90,534.478047287271
160,8,0,-1026.34388025269,0,-1140.51793042242,0,1850.93788399689,0,485.569382542834
160,8,5,-1124.95603556188,5,-1186.98148947875,5,2152.72844338764,5,461.103386700349
160,8,10,-1249.67164287116,10,-1232.87286805871,10,2444.01541614243,10,434.015779921655
160,8,15,-1399.17264932121,15,-1276.95618700754,15,2718.20433077987,15,405.941466581737
160,8,20,-1570.99431043973,20,-1318.62892768795,20,2968.88858579467,20,378.750399971515
160,8,25,-1761.59213354149,25,-1357.94452805478,25,3190.20549596321,25,354.271685263106
160,8,30,-1966.50002936401,30,-1395.53147801648,30,3377.16603091923,30,334.03553057441
160,8,35,-2180.57155593888,35,-1432.42556836138,35,3525.92730933694,35,319.073827144659
160,8,40,-2398.28612990896,40,-1469.84582423532,40,3633.98005389364,40,309.807963697348
160,8,45,-2614.092580442,45,-1508.95208267293,45,3700.23054720473,45,306.035664410857
160,8,50,-2822.75532056373,50,-1550.62207359384,50,3724.96810577365,50,307.011073891402
160,8,55,-3019.66572361692,55,-1595.27901424251,55,3709.72350873157,55,311.597824214123
160,8,60,-3201.08447460765,60,-1642.7894644872,60,3657.03879150058,60,318.466085463347
160,8,65,-3364.2899335836,65,-1692.43859681721,65,3570.18122154819,65,326.302452188814
160,8,70,-3507.62151861584,70,-1742.97891952152,70,3452.84114872504,70,334.004914988026
160,8,75,-3630.42300345179,75,-1792.74057293564,75,3308.85295386579,75,340.841848450714
160,8,80,-3732.90498143013,80,-1839.78692528318,80,3141.97054303688,80,346.561441992398
160,8,85,-3815.95549073072,85,-1882.09755191909,85,2955.71571781893,85,351.444543769115
160,8,90,-3880.93113049365,90,-1917.76058086823,90,2753.30260494039,90,356.298871927795
165,8,0,21.8872823303069,0,-1118.5947977327,0,2109.44084135683,0,244.1655744056
165,8,5,-115.091498279182,5,-1129.75589258183,5,2402.40801910623,5,215.76769130539
165,8,10,-278.746552863551,10,-1140.47071581932,10,2680.71962775171,10,188.020351996614
165,8,15,-467.444959190901,15,-1150.26679177293,15,2939.55420021836,15,161.616370012107
165,8,20,-678.789579206705,20,-1158.91826679399,20,3174.32707019885,20,137.334791249759
165,8,25,-909.679983995343,25,-1166.45443167638,25,3380.88716348327,25,115.93496470685
165,8,30,-1156.42047028372,30,-1173.12800151691,30,3555.69413520101,30,98.0566331695868
165,8,35,-1414.8684000382,35,-1179.34906232455,35,3695.96168205586,35,84.1411257963474
165,8,40,-1680.61187588329,40,-1185.59578368448,40,3799.75549632911,40,74.3848562230683
165,8,45,-1949.1624207032,45,-1192.31612073086,45,3866.0384407707,45,68.730787261864
165,8,50,-2216.14643815058,50,-1199.8353726846,50,3894.66076254506,50,66.8974227203036
165,8,55,-2477.4792458365,55,-1208.28273566753,55,3886.29890911392,55,68.4393528229618
165,8,60,-2729.50758033838,60,-1217.54643923901,60,3842.35193084513,60,72.8292982777226
165,8,65,-2969.11048348051,65,-1227.26251105091,65,3764.80866898353,65,79.5494446418203
165,8,70,-3193.75380847769,70,-1236.83753215485,70,3656.10119612571,70,88.1796567217746
165,8,75,-3401.49934628855,75,-1245.50162378259,75,3518.95990844194,75,98.4715726975381
165,8,80,-3590.97476990131,80,-1252.38476570604,80,3356.28334269314,80,110.400069385797
165,8,85,-3761.31435638531,85,-1256.60752717905,85,3171.03175264106,85,124.186626534277
165,8,90,-3912.08223776359,90,-1257.3763361071,90,2966.14861008375,90,140.292283799124
170,8,0,1085.09592868576,0,-1033.63683805657,0,2214.15892103667,0,1.41962718928997
170,8,5,919.155400096436,5,-1016.93117728893,5,2495.3566452786,5,-32.944064822932
170,8,10,727.279860231282,10,-998.831782338428,10,2759.69005416818,10,-64.8329434933144
170,8,15,511.199484036828,15,-979.316163675003,15,3003.69366562962,15,-93.9661160597647
170,8,20,273.120364657561,20,-958.42368898945,20,3224.12378896107,20,-120.048211837214
170,8,25,15.6834031500837,25,-936.25813722266,25,3418.05379871216,25,-142.796075439664
170,8,30,-258.096697599697,30,-912.979980915452,30,3582.95906216819,30,-161.964140385557
170,8,35,-544.909085358215,35,-888.789785699487,35,3716.78643441072,35,-177.364681446521
170,8,40,-841.236494486106,40,-863.905432179091,40,3818.00437031025,40,-188.879986926493
170,8,45,-1143.4515862338,45,-838.536746270055,45,3885.63121119022,45,-196.464757861252
170,8,50,-1447.9140081628,50,-812.861451677304,50,3919.24093549054,50,-200.138518262988
170,8,55,-1751.06244822349,55,-787.006110673751,55,3918.94742983276,55,-199.969276321502
170,8,60,-2049.49667244777,60,-761.034966090365,60,3885.36993738089,60,-196.050899314754
170,8,65,-2340.04571146427,65,-734.94847791846,65,3819.58358824637,65,-188.47749788371
170,8,70,-2619.81984396855,70,-708.692040197438,70,3723.05967328025,70,-177.318474571316
170,8,75,-2886.24561578304,75,-682.174051170733,75,3597.60052201983,75,-162.597768745106
170,8,80,-3137.08462265618,80,-655.291352858381,80,3445.27350699828,80,-144.280280457155
170,8,85,-3370.43799199697,85,-627.959176161538,85,3268.34791990128,85,-122.26757853169
170,8,90,-3584.73930000523,90,-600.142198964956,90,3069.23740958327,90,-96.4039148876331
175,8,0,2080.57315507936,0,-854.208003760475,0,2184.0149009458,0,-239.775696949729
175,8,5,1896.53510337898,5,-818.808958639742,5,2450.00324736259,5,-280.701248655781
175,8,10,1688.55698280223,10,-780.63001437889,10,2698.33656399385,10,-318.218798560635
175,8,15,1458.34655920541,15,-739.895449950249,15,2926.54324247698,15,-352.106849925046
175,8,20,1207.88913203174,20,-696.843564258444,20,3132.33614236036,20,-382.159051599951
175,8,25,939.423809868285,25,-651.726521462481,25,3313.65185962613,25,-408.186626703791
175,8,30,655.413399834237,30,-604.809341934533,30,3468.6859941261,30,-430.020752625595
175,8,35,358.508806944229,35,-556.368151888589,35,3595.92316300955,35,-447.514545189071
175,8,40,51.5091017804641,40,-506.687931542678,40,3694.16075000098,40,-460.544374575931
175,8,45,-262.681396618634,45,-456.060090288366,45,3762.52568205205,45,-469.010357924015
175,8,50,-581.097573783132,50,-404.780234734578,50,3800.48386157825,50,-472.836016047839
175,8,55,-900.758049539988,55,-353.146476074679,55,3807.84222764278,55,-471.96722873011
175,8,60,-1218.70840310203,60,-301.458549408394,60,3784.74374659871,60,-466.37075336867
175,8,65,-1532.06186694392,65,-250.017899282526,65,3731.65591823836,65,-456.032666852478
175,8,70,-1838.0364768631,70,-199.128738505051,70,3649.35360909698,70,-440.95713678055
175,8,75,-2133.98791694108,75,-149.099930522893,75,3538.89717887901,75,-421.16591851692
175,8,80,-2417.4375634515,80,-100.247399597331,80,3401.60694544579,80,-396.698909312381
175,8,85,-2686.09548902904,85,-52.8966563499142,85,3239.03504235349,85,-367.615976953849
175,8,90,-2937.87841915829,90,-7.3849539189001,90,3052.9356707743,90,-334.000131039404
180,8,0,2921.85570848668,0,-554.031838258953,0,2047.18776073982,0,-476.69124861028
180,8,5,2732.31299555233,5,-510.377200013655,5,2294.05409772197,5,-523.164350861603
180,8,10,2521.97573090614,10,-462.838283102076,10,2523.46129783271,10,-565.655856507598
180,8,15,2292.44470813718,15,-411.776887386691,15,2733.66343375935,15,-603.842379533227
180,8,20,2045.46679692332,20,-357.58162092061,20,2923.06074032398,20,-637.433297440611
180,8,25,1782.92164829826,25,-300.664942405639,25,3090.21178966241,25,-666.172963061721
180,8,30,1506.80738937213,30,-241.460022132506,30,3233.84446136061,30,-689.8426501877
180,8,35,1219.2254163777,35,-180.417445293396,35,3352.86562405918,35,-708.262218207371
180,8,40,922.364401776195,40,-118.00178275657,40,3446.36945484305,40,-721.291483086062
180,8,45,618.483637138323,45,-54.6880554015439,45,3513.64433310079,45,-728.831284250763
180,8,50,309.895838571195,50,9.04188107663995,50,3554.17825638717,50,-730.824239261955
180,8,55,-1.05045444768237,55,72.7030033801921,55,3567.66273707095,55,-727.255180528623
180,8,60,-311.988752873927,60,135.810811928747,60,3553.99515011195,60,-718.151270742784
180,8,65,-620.552628506844,65,197.885018193716,65,3513.27951409966,65,-703.581796154999
180,8,70,-924.3937239369,70,258.453199983989,70,3445.8256996089,70,-683.657639264171
180,8,75,-1221.19962496361,75,317.054396864074,75,3352.14707089767,75,-658.530434934773
180,8,80,-1508.71145946385,80,373.242618341346,80,3232.95657889517,80,-628.391416363971
180,8,85,-1784.74108877269,85,426.590238122985,85,3089.16133521472,85,-593.46995968153
180,8,90,-2047.18776073982,90,476.691248610278,90,2921.85570848668,90,-554.031838258953
185,8,0,-3529.16610678431,0,122.729150533536,0,-1835.9669655572,0,705.907631279784
185,8,5,-3348.82994464626,5,81.5751918980989,5,-2059.31315059205,5,755.56811009945
185,8,10,-3151.80867768127,10,36.3105516580469,10,-2266.0789089447,10,800.552658454103
185,8,15,-2939.47822998073,15,-12.6025511386494,15,-2455.08591935704,15,840.450092926805
185,8,20,-2713.27129745717,20,-64.6688428213255,20,-2625.26696335493,20,874.914141418574
185,8,25,-2474.6715085964,25,-119.368971729771,25,-2775.66465500503,25,903.66494486812
185,8,30,-2225.20848615807,30,-176.167803356341,30,-2905.43020371155,30,926.488998930999
185,8,35,-1966.45368196388,35,-234.521806131928,35,-3013.82241794127,35,943.237896647453
185,8,40,-1700.01682253663,40,-293.885435424961,40,-3100.20712596668,40,953.826255121505
185,8,45,-1427.54277787352,45,-353.716551769625,45,-3164.05714976964,45,958.229186102059
185,8,50,-1150.70865127098,50,-413.481016537958,50,-3204.95292272368,50,956.479607756375
185,8,55,-871.220886130432,55,-472.656682785648,55,-3222.58379408677,55,948.665602802405
185,8,60,-590.812195983545,60,-530.737033483744,60,-3216.7500178012,60,934.927919600749
185,8,65,-311.238144880904,65,-587.234711351513,65,-3187.36538378706,65,915.457602510439
185,8,70,-34.2732334392757,70,-641.685136756396,70,-3134.46042037031,70,890.493640420596
185,8,75,238.293623491918,75,-693.650330228504,75,-3058.18607887345,75,860.320450723875
185,8,80,504.664313912484,80,-742.722955600552,80,-2958.81780587701,80,825.264979612154
185,8,85,763.037507593373,85,-788.530492781832,85,-2836.75991300352,85,785.69320346999
185,8,90,1011.61545729311,90,-830.739350760629,90,-2692.55016368021,90,742.005860188637
190,8,0,-3840.95914728483,0,-425.178229772775,0,-1584.5953480607,0,924.844607682223
190,8,5,-3686.20384903441,5,-454.404253224762,5,-1779.66435164677,5,974.689575170892
190,8,10,-3519.58546728995,10,-486.745088783635,10,-1959.40475831437,10,1018.61005996122
190,8,15,-3342.09103209033,15,-521.610131000232,15,-2123.15944312586,15,1056.25028250933
190,8,20,-3154.69598331352,20,-558.425826880322,20,-2270.35615047253,20,1087.39050148582
190,8,25,-2958.36657678765,25,-596.657310516782,25,-2400.49376045329,25,1111.93009072159
190,8,30,-2754.06508422885,30,-635.822166233008,30,-2513.12913567771,30,1129.86606912555
190,8,35,-2542.75742270913,35,-675.495789124341,35,-2607.86543240371,35,1141.26989005543
190,8,40,-2325.42261101063,40,-715.308782321189,40,-2684.34272780104,40,1146.26527631468
190,8,45,-2103.06322795302,45,-754.937728107321,45,-2742.23168554107,45,1145.00956230224
190,8,50,-1876.71587792695,50,-794.091396113141,50,-2781.23074841132,50,1137.68041364703
190,8,55,-1647.46059087006,55,-832.494923942789,55,-2801.06702050987,55,1124.46900342926
190,8,60,-1416.42813277895,60,-869.874668171514,60,-2801.50061581846,60,1105.57982239609
190,8,65,-1184.80439937566,65,-905.946255395119,65,-2782.33185885873,65,1081.23639248301
190,8,70,-953.831406779407,70,-940.407881364597,70,-2743.41039567914,70,1051.69134590347
190,8,75,-724.804845856007,75,-972.940167093465,75,-2684.645080801,75,1017.23872422232
190,8,80,-499.068667802613,80,-1003.21297298476,80,-2606.01350517134,80,978.226019422843
190,8,85,-278.007631024028,85,-1030.89860661706,85,-2507.57024862134,85,935.063465842476
190,8,90,-63.0390688953483,90,-1055.68995612265,90,-2389.45336291313,90,888.228403030368
195,8,0,-3824.30533952469,0,-1047.74868538716,0,-1329.69643433041,0,1133.70400119255
195,8,5,-3711.34722634692,5,-1058.89897059902,5,-1491.87413381556,5,1181.05158591106
195,8,10,-3591.82645386718,10,-1070.91151215784,10,-1639.8516047339,10,1220.30514737024
195,8,15,-3466.1924396701,15,-1082.96479670827,15,-1773.54533121257,15,1251.37009425352
195,8,20,-3334.80987085995,20,-1094.39050569722,20,-1892.96471927599,20,1274.41816212741
195,8,25,-3197.96761476093,25,-1104.71870063373,25,-1998.17592399905,25,1289.82496446361
195,8,30,-3055.89604600681,30,-1113.69773974914,30,-2089.26363114707,30,1298.09737057921
195,8,35,-2908.79259839708,35,-1121.28775599847,35,-2166.29387709513,35,1299.79910654005
195,8,40,-2756.85433728075,40,-1127.62949725483,40,-2229.2814547297,40,1295.48285638008
195,8,45,-2600.31524737275,45,-1132.99312570993,45,-2278.16553084031,45,1285.63615155347
195,8,50,-2439.48487136279,50,-1137.71388254704,50,-2312.79663721637,50,1270.64656585666
195,8,55,-2274.7841089051,55,-1142.12306178653,55,-2332.93710332507,55,1250.7893465696
195,8,60,-2106.77362543295,60,-1146.48328433787,60,-2338.2753107832,60,1226.23784978102
195,8,65,-1936.17064120551,65,-1150.93650581657,65,-2328.45207290223,65,1197.09431219383
195,8,70,-1763.85099766375,70,-1155.47155708118,70,-2303.09533807365,70,1163.43592463545
195,8,75,-1590.83529604022,75,-1159.9154904944,75,-2261.85773874452,75,1125.36920947949
195,8,80,-1418.26034402688,80,-1163.94991752436,80,-2204.45069908036,80,1083.08461807727
195,8,85,-1247.33972597491,85,-1167.15029903307,85,-2130.66917949847,85,1036.90321048632
195,8,90,-1079.31952278677,90,-1169.04323090427,90,-2040.40274687877,90,987.308261153805
200,8,0,-3481.31784168951,0,-1681.88859047511,0,-1111.0104729471,0,1335.2138784562
200,8,5,-3423.42437704583,5,-1673.49882722928,5,-1236.79432392208,5,1378.57117833197
200,8,10,-3364.60705957548,10,-1662.73317310166,10,-1348.62501670496,10,1410.50324111749
200,8,15,-3304.75008673459,15,-1648.35648496718,15,-1447.11186357341,15,1431.38436152917
200,8,20,-3243.53349518755,20,-1629.51620653663,20,-1533.04939174371,20,1442.0561382705
200,8,25,-3180.43755730448,25,-1605.82718488219,25,-1607.33916550652,25,1443.68857346434
200,8,30,-3114.77079689905,30,-1577.40178125164,30,-1670.89832685371,30,1437.62233991002
200,8,35,-3045.72260013295,35,-1544.82244567524,35,-1724.56255909931,35,1425.20994378049
200,8,40,-2972.43856994492,40,-1509.06038186712,40,-1768.99356357661,40,1407.67312719154
200,8,45,-2894.11352707519,45,-1471.35023281415,45,-1804.60272833735,45,1385.99173721705
200,8,50,-2810.09361601425,50,-1433.03618227907,50,-1831.5026626159,50,1360.83560340716
200,8,55,-2719.97585377801,55,-1395.40875076448,55,-1849.49598613544,55,1332.54596941867
200,8,60,-2623.69145149269,60,-1359.55315756125,60,-1858.10598096893,60,1301.16711225391
200,8,65,-2521.55918998124,65,-1326.22892160133,65,-1856.646938206,65,1266.52255111172
200,8,70,-2414.29764260819,70,-1295.79629346555,70,-1844.32449653126,70,1228.32449232441
200,8,75,-2302.99018641118,75,-1268.1986183493,75,-1820.34967697513,75,1186.30076776666
200,8,80,-2189.00392896443,80,-1243.00185245565,80,-1784.04637592452,80,1140.32128464313
200,8,85,-2073.87169016235,85,-1219.48458874442,85,-1734.93200324803,85,1090.50634989014
200,8,90,-1959.15343265708,90,-1196.76550832589,90,-1672.75510181383,90,1037.30207005565
205,8,0,-2849.25953926018,0,-2256.71860109486,0,-969.672883526482,0,1530.98782620629
205,8,5,-2854.14956305579,5,-2232.12939227099,5,-1057.88967532974,5,1570.42472045436
205,8,10,-2864.04015600601,10,-2201.43050984373,10,-1130.61379305821,10,1593.90471659969
205,8,15,-2878.43385461605,15,-2162.74376611043,15,-1189.28182615784,15,1602.45378315619
205,8,20,-2896.40884795808,20,-2114.87857051436,20,-1235.7541834405,20,1597.83702965951
205,8,25,-2916.59386004469,25,-2057.47510444423,25,-1272.16904733051,25,1582.30876394107
205,8,30,-2937.19904049967,30,-1991.05272744249,30,-1300.75637995095,30,1558.33289617283
205,8,35,-2956.10689561931,35,-1916.9574191935,35,-1323.62672653723,35,1528.30554582202
205,8,40,-2971.0210017819,40,-1837.213065745,40,-1342.55690570333,40,1494.31026880218
205,8,45,-2979.66253292048,45,-1754.29275036044,45,-1358.80109539234,45,1457.93209232097
205,8,50,-2979.99588841551,50,-1670.83700675197,50,-1372.95845283092,50,1420.14993177668
205,8,55,-2970.45640493255,55,-1589.3547155406,55,-1384.92458746602,55,1381.3182043102
205,8,60,-2950.14756415657,60,-1511.94692414143,60,-1393.94287581883,60,1341.2378885486
205,8,65,-2918.97456066498,65,-1440.09238984921,65,-1398.75417220323,65,1299.30574608371
205,8,70,-2877.68692664505,70,-1374.52514978632,70,-1397.8236673388,70,1254.71946880218
205,8,75,-2827.8149186757,75,-1315.21976275217,75,-1389.6064261254,75,1206.70824920233
205,8,80,-2771.50073502386,80,-1261.48186389289,80,-1372.80304458005,80,1154.75475788872
205,8,85,-2711.243375838,85,-1212.12449134573,85,-1346.55664174293,85,1098.77696767658
205,8,90,-2649.59169144168,90,-1165.69853718728,90,-1310.55227397998,90,1039.24632865458
210,8,0,-1993.67048998059,0,-2709.03042576481,0,-942.609178735796,0,1715.92714782988
210,8,5,-2062.3327692877,5,-2675.12327160347,5,-995.383913023371,5,1752.74554397263
210,8,10,-2142.14081857306,10,-2631.41292317544,10,-1028.5511881056,10,1768.09722429554
210,8,15,-2232.62307020617,15,-2575.19887512075,15,-1044.46400940465,15,1763.83143265385
210,8,20,-2332.5227306949,20,-2504.80830069765,20,-1046.33651522039,20,1742.86796487355
210,8,25,-2439.70047867561,25,-2419.80641497543,25,-1038.00552605205,25,1708.79373545554
210,8,30,-2551.14690426606,30,-2321.06884634939,30,-1023.60237724771,30,1665.41903823333
210,8,35,-2663.11798353263,35,-2210.70640356366,35,-1007.15724343395,35,1616.34631427591
210,8,40,-2771.39497617633,40,-2091.84614671848,40,-992.177052294246,40,1564.59956615057
210,8,45,-2871.65256624574,45,-1968.2877262379,45,-981.256854345224,45,1512.35414419154
210,8,50,-2959.89743087799,50,-1844.07139468373,50,-975.794398201155,50,1460.79561348398
210,8,55,-3032.91908181699,55,-1723.01207731079,55,-975.870819600513,55,1410.12267909866
210,8,60,-3088.68287959827,60,-1608.26723036055,60,-980.334324677787,60,1359.69224656179
210,8,65,-3126.59700444677,65,-1502.00823543881,65,-987.083562095749,65,1308.28524565429
210,8,70,-3147.60193277829,70,-1405.25106279161,70,-993.503987720078,70,1254.45252675119
210,8,75,-3154.05886668595,75,-1317.87234410546,75,-996.976384661838,75,1196.88552676422
210,8,80,-3149.4459668019,80,-1238.79852042524,80,-995.360917377948,80,1134.7515344489
210,8,85,-3137.90145931482,85,-1166.31953151823,85,-987.365569791784,85,1067.94150191263
210,8,90,-3123.67597912585,90,-1098.45624994313,90,-972.731352385907,90,997.19873900408
215,8,0,-996.280411410662,0,-2995.1050659377,0,-1054.17068511446,0,1874.03877740559
215,8,5,-1123.74672678187,5,-2960.2651207089,5,-1077.12261064223,5,1909.88295375615
215,8,10,-1268.53649831914,10,-2912.35302310205,10,-1073.39957057198,10,1918.27614088045
215,8,15,-1430.73897827398,15,-2847.85651878856,15,-1046.2634281147,15,1902.08030127975
215,8,20,-1609.1728131995,20,-2764.61504358693,20,-1000.49490454169,20,1865.59581592756
215,8,25,-1801.15444969951,25,-2662.07085819917,25,-942.052513245803,25,1813.95279405844
215,8,30,-2002.44189174552,30,-2541.35033607458,30,-877.55954983381,30,1752.45473984223
215,8,35,-2207.39488235441,35,-2405.17134577567,35,-813.643642291592,35,1685.95708864606
215,8,40,-2409.37448436229,40,-2257.57878587756,40,-756.197896461603,40,1618.35138701745
215,8,45,-2601.36585882299,45,-2103.51786519085,45,-709.679743003741,45,1552.21018629578
215,8,50,-2776.75381938816,50,-1948.27375624099,50,-676.589348846399,50,1488.63085324817
215,8,55,-2930.13017683739,55,-1796.83910254776,55,-657.254049929749,55,1427.29721229001
215,8,60,-3057.98736452765,60,-1653.30701493797,60,-649.985344287109,60,1366.7531660649
215,8,65,-3159.16753605139,65,-1520.40704647386,65,-651.587754506699,65,1304.85130730129
215,8,70,-3234.98618022661,70,-1399.28747108701,70,-658.114410682958,70,1239.30632346885
215,8,75,-3289.01542967373,75,-1289.59460524947,75,-665.710688804265,75,1168.25720121445
215,8,80,-3326.57204239917,80,-1189.82262183542,80,-671.378165384386,80,1090.73519647324
215,8,85,-3353.99402848687,85,-1097.83251026396,85,-673.521787178115,85,1006.9539170263
215,8,90,-3377.80667124406,90,-1011.3957365181,90,-672.196660183857,90,918.382453676334
220,8,0,58.6695410744624,0,-3095.38566472285,0,-1308.40328301952,0,1978.81501414352
220,8,5,-118.95524173643,5,-3067.61960815347,5,-1309.8468545974,5,2014.67709517738
220,8,10,-319.778013056502,10,-3024.05779560617,10,-1274.82963227679,10,2017.38035244188
220,8,15,-544.925506343878,15,-2960.68577227662,15,-1207.38984202011,15,1991.00996213141
220,8,20,-793.741484391999,20,-2875.11067457751,20,-1113.93954737782,20,1941.45678902104
220,8,25,-1063.3459067451,25,-2766.7631108576,25,-1002.84252917985,25,1875.55232698242
220,8,30,-1348.41442073209,30,-2636.92315613915,30,-883.694030499237,30,1800.1540097964
220,8,35,-1641.2859793213,35,-2488.60318961059,35,-766.312945022344,35,1721.30102111865
220,8,40,-1932.48984235449,40,-2326.2980603762,40,-659.554253400888,40,1643.53786442351
220,8,45,-2211.7034420981,45,-2155.58125798556,45,-570.155483108977,45,1569.47714030133
220,8,50,-2469.02457846003,50,-1982.52249542766,50,-501.887830015597,50,1499.65019142353
220,8,55,-2696.31852409149,55,-1812.95066277583,55,-455.245108129847,55,1432.67084480706
220,8,60,-2888.34671703279,60,-1651.6723880228,60,-427.770723604956,60,1365.70425670645
220,8,65,-3043.43263044866,65,-1501.83171803856,65,-414.943886633094,65,1295.18447859122
220,8,70,-3163.55208639107,70,-1364.60618511352,70,-411.395758090159,70,1217.66728420441
220,8,75,-3253.88733631179,75,-1239.35424671204,75,-412.161986102532,75,1130.6583275103
220,8,80,-3321.99105356414,80,-1124.18268970668,80,-413.711730366788,80,1033.24508265614
220,8,85,-3376.73743393022,85,-1016.75183746466,85,-414.591030212656,85,926.400245163758
220,8,90,-3427.20883113963,90,-915.04935603531,90,-415.627657766389,90,812.910865034652
225,8,0,1095.88967206985,0,-3012.16311347873,0,-1685.83294695994,0,1998.93273910509
225,8,5,877.740963350458,5,-2998.05545194323,5,-1675.2290295267,5,2034.55201559439
225,8,10,631.214322367162,10,-2965.87887755875,10,-1616.53700879947,10,2032.47162734963
225,8,15,353.927085952374,15,-2911.71745195263,15,-1514.31024749086,15,1998.18631421925
225,8,20,45.6600484001383,20,-2833.49312476298,20,-1376.45514441729,20,1939.31245508388
225,8,25,-290.926248716367,25,-2730.95553114946,25,-1213.8001752447,25,1864.43903900401
225,8,30,-649.766151496313,30,-2605.51240971411,30,-1039.1844479696,30,1781.93043180767
225,8,35,-1021.28663056642,35,-2460.03832001799,35,-866.028636997766,35,1698.84086391368
225,8,40,-1392.9729645745,40,-2298.72302231637,40,-706.546113607683,40,1620.06589120483
225,8,45,-1750.70790939194,45,-2126.88811353739,45,-569.96853532532,45,1547.81984250679
225,8,50,-2080.72172760124,50,-1950.61235292846,50,-461.273179368115,50,1481.50208541638
225,8,55,-2371.71631722347,55,-1776.0504449536,55,-380.815111485963,55,1417.99216415722
225,8,60,-2616.60346211937,60,-1608.50731999969,60,-324.99385636299,60,1352.37385184053
225,8,65,-2813.41042359711,65,-1451.5377087442,65,-287.741155269772,65,1279.01479861329
225,8,70,-2965.20413422381,70,-1306.43680792098,70,-262.367557582814,70,1192.8303256753
225,8,75,-3079.20878960577,75,-1172.38780255064,75,-243.259067226665,75,1090.47541491702
225,8,80,-3165.47872455985,80,-1047.26959045118,80,-227.06213004643,80,971.188345801601
225,8,85,-3235.47647447644,85,-928.835027047908,85,-213.229657098111,85,837.083126351969
225,8,90,-3300.7570092089,90,-815.795696326396,90,-203.996500109127,90,692.842963474828
230,8,0,2056.0221467119,0,-2763.27815719784,0,-2146.90741720594,0,1907.03423890209
230,8,5,1805.94776762709,5,-2767.89717721553,5,-2133.15189360749,5,1940.9360557499
230,8,10,1523.31621980779,10,-2752.48748031737,10,-2059.20244343208,10,1934.6072866126
230,8,15,1204.64608450339,15,-2713.96731624534,15,-1929.75147016914,15,1895.04112853205
230,8,20,848.713782811802,20,-2651.30454679581,20,-1753.8312697615,20,1831.56169867071
230,8,25,457.570065262159,25,-2565.08798174055,25,-1544.51144800171,25,1754.41115093632
230,8,30,37.5237217676793,30,-2456.93876849484,30,-1317.86776603708,30,1673.28615178533
230,8,35,-400.320749595804,35,-2329.11543329061,35,-1091.08140359242,35,1596.01564447653
230,8,40,-840.48447015949,40,-2184.52638063022,40,-879.885269872357,40,1527.53241474195
230,8,45,-1264.80769555284,45,-2027.04005437182,45,-695.976209151374,45,1469.24810675124
230,8,50,-1655.24120201579,50,-1861.6881501762,50,-545.217798246674,50,1418.91644067518
230,8,55,-1997.01773596964,55,-1694.33057671409,55,-427.291038121908,55,1371.05558557426
230,8,60,-2281.21631009274,60,-1530.66302771651,60,-336.938223413592,60,1317.95945144447
230,8,65,-2505.93505187066,65,-1374.91706919585,65,-266.33689392083,65,1251.22054210218
230,8,70,-2675.8696200316,70,-1228.90810052683,70,-207.757102542075,70,1163.52176187668
230,8,75,-2800.71806757234,75,-1092.00115928033,75,-155.681071768407,75,1050.30387080331
230,8,80,-2893.15339483917,80,-962.119710252134,80,-107.93467917169,80,910.87923154597
230,8,85,-2966.99754247106,85,-837.380549677454,85,-65.845351662007,85,748.695588174045
230,8,90,-3035.84898272623,90,-717.605619403746,90,-33.7479881189837,90,570.716423808024
235,8,0,2898.06590772805,0,-2375.44665571042,0,-2641.22128371015,0,1687.69092489899
235,8,5,2622.76863995284,5,-2402.8179318517,5,-2631.37170791103,5,1717.74295965329
235,8,10,2311.86264870631,10,-2408.50937988956,10,-2550.28426608275,10,1707.60933779365
235,8,15,1961.27164832783,15,-2390.90204873888,15,-2402.32969329931,15,1665.72407440214
235,8,20,1568.9141229297,20,-2350.71305801613,20,-2197.07325199022,20,1602.91389196687
235,8,25,1135.97656492933,25,-2289.96273206176,25,-1949.30256673475,25,1530.79523105965
235,8,30,668.461838662653,30,-2210.68755622525,30,-1678.01064583968,30,1460.10483902746
235,8,35,178.39650659537,35,-2114.10838744032,35,-1404.01181047715,35,1399.17008415708
235,8,40,-316.191114879013,40,-2000.7968367877,40,-1146.46949474245,40,1352.69735537806
235,8,45,-793.189219325224,45,-1871.7699799938,45,-919.296822131747,45,1321.01477141501
235,8,50,-1230.11778657054,50,-1729.75533097055,50,-728.735325790208,50,1299.88594242929
235,8,55,-1608.59170569789,55,-1579.63073176064,55,-573.121314035148,55,1281.01657761851
235,8,60,-1917.94790245197,60,-1427.51402155875,60,-444.978224936988,60,1253.34415347191
235,8,65,-2156.74164888771,65,-1278.88425427576,65,-334.579520394877,65,1205.05369945816
235,8,70,-2331.8060365258,70,-1136.82895375758,70,-233.57382948172,70,1125.99821966849
235,8,75,-2455.65383292162,75,-1001.51733968002,75,-137.442124256719,75,1009.94691487054
235,8,80,-2543.53177640525,80,-871.291296095458,80,-46.2904688936525,80,856.024177080554
235,8,85,-2611.17719496938,85,-744.824263142061,85,35.7173301859246,85,668.930835550126
235,8,90,-2673.5755690139,90,-623.206701835663,90,101.557707332489,90,457.961744699493
240,8,0,3598.70536801356,0,-1879.42531064555,0,-3119.13089391843,0,1341.25313536556
240,8,5,3303.12477025436,5,-1933.04769899076,5,-3117.88608280732,5,1365.3818681954
240,8,10,2969.96028611422,10,-1963.8320458401,10,-3036.7589465631,10,1352.050978211
240,8,15,2595.22874314893,15,-1971.94160891734,15,-2879.31002209453,15,1310.94915568237
240,8,20,2176.3761894052,20,-1960.30394527136,20,-2654.88634880854,20,1254.06802584304
240,8,25,1713.69503525292,25,-1932.87682897133,25,-2379.22044399265,25,1194.01102722288
240,8,30,1212.43397287851,30,-1892.38864227384,30,-2073.61026308856,30,1142.20192403826
240,8,35,684.825598135916,35,-1838.75096812136,35,-1762.08871946052,35,1107.19176935956
240,8,40,150.72295881838,40,-1769.25005582887,40,-1466.92083712322,40,1093.26835302386
240,8,45,-364.310994651018,45,-1680.65141463666,45,-1203.82549467302,45,1099.53834042883
240,8,50,-833.575213424726,50,-1572.04444001623,50,-978.848183762402,50,1119.6377428642
240,8,55,-1235.11187536392,55,-1446.58910555576,55,-788.339649226235,55,1142.25743019582
240,8,60,-1556.59942643058,60,-1310.92705153489,60,-622.143356996721,60,1152.66375988669
240,8,65,-1797.27553924768,65,-1172.5567620396,65,-468.600107472243,65,1135.20921167904
240,8,70,-1966.38908223791,70,-1036.8526326094,70,-319.233666865354,70,1076.43593635926
240,8,75,-2079.38578647562,75,-905.631599485848,75,-171.404683362581,75,967.974454486557
240,8,80,-2153.87281946264,80,-778.123543356041,80,-28.4609170876695,80,808.34447821606
240,8,85,-2206.95812656733,85,-653.681892306224,85,101.860343180426,85,603.127117125919
240,8,90,-2254.3112635374,90,-534.594302475449,90,209.49772712351,90,363.614071578206
245,8,0,4150.25683140075,0,-1307.27163628746,0,-3541.68393551802,0,882.539874501834
245,8,5,3838.12767300007,5,-1390.34711041295,5,-3551.55857209574,5,899.266976776159
245,8,10,3487.35506150599,10,-1450.20418646057,10,-3476.10382009833,10,883.542642022864
245,8,15,3094.71039910433,15,-1488.74197518953,15,-3317.64625885444,15,846.076492902312
245,8,20,2657.6887269171,20,-1511.20369918911,20,-3084.54446180622,20,799.686363699493
245,8,25,2175.91693572237,25,-1523.76537354283,25,-2792.58152360467,25,757.599206149427
245,8,30,1653.68201071971,30,-1530.11131609014,30,-2464.53410028201,30,731.603970864086
245,8,35,1102.76147703167,35,-1528.75992252028,35,-2126.98011367276,35,730.234455584383
245,8,40,543.889386277791,40,-1513.04239587207,40,-1804.73279069506,40,757.215205023633
245,8,45,5.14937933246112,45,-1474.30039328522,45,-1514.80043657077,45,810.38023386635
245,8,50,-483.1933608059,50,-1406.74025576001,50,-1262.51916849709,50,881.255182069094
245,8,55,-895.904047587269,55,-1311.03087395652,55,-1041.81900953692,55,955.549352597998
245,8,60,-1219.02723107153,60,-1194.3626640506,60,-839.659780046168,60,1014.83882046328
245,8,65,-1452.3829618023,65,-1067.00117125598,65,-642.601410771707,65,1039.51491385262
245,8,70,-1607.48336509837,70,-937.687397569175,70,-442.538683436548,70,1012.54550234791
245,8,75,-1702.47051436284,75,-810.852008867579,75,-239.383379013255,75,923.024337763133
245,8,80,-1756.93290170952,80,-687.188050356497,80,-40.3299232617265,80,768.341168833396
245,8,85,-1788.83424482202,85,-566.864960182242,85,142.957885261526,85,554.322774608018
245,8,90,-1813.97066252987,90,-453.17311957419,90,297.322913388609,90,293.5760991438
250,8,0,4558.26559659174,0,-690.761351949092,0,-3886.0603892493,0,335.709162475807
250,8,5,4232.55842986439,5,-806.12985147291,5,-3907.95524449502,5,344.363589328198
250,8,10,3867.86829515473,10,-898.904399790187,10,-3842.34830190261,10,327.087997222577
250,8,15,3462.20478034467,15,-972.412054563358,15,-3690.08998601781,15,295.423955890412
250,8,20,3013.6549611717,20,-1033.9876670084,20,-3457.95328705055,20,262.815376392711
250,8,25,2521.63424603819,25,-1092.006846794,25,-3160.94641021721,25,242.910921623319
250,8,30,1989.56998799249,30,-1151.24829452775,30,-2822.41269308215,30,247.666883088387
250,8,35,1428.31749132262,35,-1208.90032323847,35,-2470.59473486216,35,285.416168339792
250,8,40,858.462602614754,40,-1254.05269870626,40,-2132.08712636445,40,359.176911421948
250,8,45,309.307133322611,45,-1271.89313649637,45,-1824.59262075043,45,465.451757748535
250,8,50,-186.453872389259,50,-1250.78229074494,50,-1552.36743281945,50,593.722225287557
250,8,55,-600.915252663516,55,-1188.12444012415,55,-1306.81748842232,55,726.907739690747
250,8,60,-918.463469095634,60,-1091.44643027472,60,-1072.18416205036,60,843.147400422207
250,8,65,-1139.00041971011,65,-974.224321721597,65,-833.607915184275,65,919.068320563823
250,8,70,-1275.5958423679,70,-849.449467471148,70,-583.769838211994,70,934.072867457172
250,8,75,-1348.40833826124,75,-725.119578246802,75,-325.443278574638,75,874.441330500413
250,8,80,-1378.46936335051,80,-604.087820278404,80,-69.7749529133084,80,735.845817177651
250,8,85,-1384.21445845721,85,-487.614498713604,85,167.7379246633,85,523.525636231944
250,8,90,-1381.29576341715,90,-379.849286885648,90,371.035998723372,90,250.478462311303
255,8,0,4838.96646894693,0,-60.0135135443633,0,-4145.94969930533,0,-272.099210689978
255,8,5,4501.95708233346,5,-209.997972599855,5,-4179.79023686206,5,-271.430470267417
255,8,10,4126.15397280687,10,-339.065026802772,10,-4126.62301589034,10,-289.533240552079
255,8,15,3711.08315594021,15,-451.585168203781,15,-3985.86415038405,15,-314.13531761292
255,8,20,3255.91588013675,20,-556.557247611505,20,-3762.46358012994,20,-331.161526281651
255,8,25,2760.45153088838,25,-664.240299998744,25,-3470.09667903577,25,-326.509410873515
255,8,30,2227.63801960924,30,-780.420818703949,30,-3131.82422844303,30,-288.075740834638
255,8,35,1667.19912715449,35,-901.069934631411,35,-2776.5393532704,35,-207.840001855149
255,8,40,1098.59683537444,40,-1011.14693374505,40,-2431.65256239231,40,-83.6644146996221
255,8,45,550.815432607509,45,-1089.54508014682,45,-2114.88620504243,45,79.4819864539866
255,8,50,57.432514205643,50,-1118.28601422176,50,-1829.20585933949,50,269.053610183961
255,8,55,-351.921592046665,55,-1090.82022709649,55,-1563.75923577417,55,465.432707731563
255,8,60,-659.97673561139,60,-1014.46349579584,60,-1300.63286400488,60,643.773929418349
255,8,65,-865.874352210358,65,-905.802044816455,65,-1024.10770656079,65,777.425258993692
255,8,70,-982.998579971167,70,-782.50887801785,70,-727.928934426069,70,842.500897978006
255,8,75,-1032.39271427924,75,-656.934735586346,75,-417.610674380544,75,822.335941577988
255,8,80,-1035.83485878936,80,-534.905615822367,80,-107.825015745072,80,710.287314342132
255,8,85,-1012.0058384855,85,-419.303205367627,85,182.601175070769,85,510.067510881375
255,8,90,-976.470090524808,90,-315.225907618165,90,435.057689519951,90,234.033419257032
260,8,0,5016.43270560327,0,557.950307873413,0,-4328.1896185018,0,-915.959367897787
260,8,5,4669.4652661561,5,371.572596567669,5,-4373.42790275732,5,-922.582748177196
260,8,10,4284.24081472316,10,203.534732525668,10,-4333.75515912869,10,-940.882827678781
260,8,15,3861.95948183467,15,48.7346803231254,15,-4207.51907316742,15,-957.903970647542
260,8,20,3403.30615967724,20,-102.996932310901,20,-3998.07582546002,20,-958.7770645079
260,8,25,2909.09754665948,25,-263.248775375134,25,-3717.61683614005,25,-928.716066180473
260,8,30,2382.34354333325,30,-438.460742734555,30,-3388.26446398013,30,-855.327339935208
260,8,35,1831.65664596706,35,-623.450516050296,35,-3038.50573241282,35,-730.937745576318
260,8,40,1274.5619028543,40,-799.493377301911,40,-2695.44392281004,40,-554.486770417297
260,8,45,738.155223472061,45,-939.680891910037,45,-2376.06207729615,45,-332.64416345455
260,8,50,255.106865338945,50,-1019.80319533469,50,-2081.94713893228,50,-80.0528497532288
260,8,55,-144.470795218125,55,-1028.876162095,55,-1800.56632718181,55,181.371328568785
260,8,60,-441.78602634718,60,-973.140098454601,60,-1512.74981526843,60,424.349982904042
260,8,65,-634.22494413799,65,-871.534359213602,65,-1202.62791592285,65,619.626696412533
260,8,70,-733.878023508048,70,-746.209113760117,70,-865.137278382637,70,740.511435098715
260,8,75,-761.178551281378,75,-614.329341958642,75,-508.019945521219,75,767.408720726303
260,8,80,-737.791399655104,80,-485.560426893596,80,-148.600846862503,80,690.823813133203
260,8,85,-682.504886663738,85,-365.240035370463,85,191.769000978216,85,512.019672660406
260,8,90,-611.094457394657,90,-259.866706446012,90,492.343885561552,90,241.714923042617
265,8,0,5119.3387145156,0,1140.3579590126,0,-4447.80086351419,0,-1575.91686194182
265,8,5,4762.52149915992,5,916.181474084304,5,-4503.72778454019,5,-1588.65349404681
265,8,10,4368.1641244347,10,707.138700981255,10,-4477.25884246828,10,-1606.36663935076
265,8,15,3939.30276134583,15,507.600527183427,15,-4366.31088319871,15,-1615.49784570986
265,8,20,3478.528842493,20,306.711642962235,20,-4173.31754013216,20,-1600.20698676675
265,8,25,2988.25351658605,25,92.2607400740463,25,-3909.26740393518,25,-1544.73523290872
265,8,30,2472.09752950165,30,-142.259503989337,30,-3594.95885523737,30,-1436.17687274498
265,8,35,1937.71603247625,35,-390.480887765839,35,-3257.47770418462,35,-1267.17765058997
265,8,40,1400.10667672264,40,-630.676736346981,40,-2922.42733814717,40,-1037.9263018645
265,8,45,883.084593104992,45,-831.193176358885,45,-2605.23625629585,45,-757.040449460328
265,8,50,416.629415412201,50,-962.32802160298,50,-2306.09011345486,50,-441.37538774896
265,8,55,29.9189082411261,55,-1008.51691383383,55,-2011.5371081445,55,-114.946107643522
265,8,60,-257.093783931365,60,-973.885725679524,60,-1702.24233468241,60,193.084444949874
265,8,65,-439.158429542596,65,-878.376105652,65,-1362.96303311193,65,451.581621364232
265,8,70,-525.398228935213,70,-747.719017362494,70,-989.838702514498,70,631.63558592617
265,8,75,-533.96375359725,75,-603.89344317483,75,-592.077406006811,75,710.866186665777
265,8,80,-485.38626688722,80,-461.189519131292,80,-188.52698005829,80,676.538252749529
265,8,85,-398.369478403499,85,-328.476020257241,85,197.894458311119,85,526.702050081044
265,8,90,-289.251140668727,90,-214.493443193253,90,544.728223744744,90,269.603625093621
270,8,0,5177.56430347325,0,1669.02826725049,0,-4523.28490366398,0,-2237.23842865269
270,8,5,4809.63422598905,5,1405.73622116189,5,-4589.19665918896,5,-2254.46793368089
270,8,10,4404.93781964014,10,1154.02356086002,10,-4574.6690221487,10,-2270.28169619117
270,8,15,3968.591729611,15,907.911979258467,15,-4477.95873256693,15,-2270.72063234833
270,8,20,3505.46690949368,20,656.34748779578,20,-4301.5272602728,20,-2238.95520608802
270,8,25,3020.01744008751,25,387.278442282974,25,-4055.76695385738,25,-2158.09550713227
270,8,30,2516.89498268712,30,94.844600935843,30,-3760.03794873459,30,-2014.56080438522
270,8,35,2002.97219254266,35,-213.297120189095,35,-3439.19384788994,35,-1801.26213048636
270,8,40,1490.36641539564,40,-513.235762959503,40,-3116.21474807285,40,-1519.72281995932
270,8,45,998.580549710598,45,-770.029435412479,45,-2804.18561475723,45,-1180.65578667244
270,8,50,553.397345446417,50,-949.766280610611,50,-2501.89415491053,50,-803.185717361347
270,8,55,181.661479810011,55,-1032.57531325946,55,-2195.76028558673,55,-413.24461838228
270,8,60,-96.1265247944452,60,-1019.48246199327,60,-1867.38362051238,60,-41.4120931466063
270,8,65,-271.571455826357,65,-929.721074761027,65,-1502.89709901991,65,279.936860738948
270,8,70,-349.442009705924,70,-791.112899751573,70,-1099.60196954642,70,520.236841031155
270,8,75,-344.011394364342,75,-629.907461108605,75,-667.365853974794,75,654.571910437175
270,8,80,-273.538849645551,80,-465.531664664771,80,-225.414279499607,80,666.804817864845
270,8,85,-156.241974325048,85,-311.514804404479,85,202.715829232104,85,551.302543123154
270,8,90,-9.18932584352041,90,-179.971786247747,90,593.267392819974,90,313.271196997052
275,8,0,5219.07925660456,0,2129.64586142665,0,-4573.22831080866,0,-2888.83949075872
275,8,5,4837.55923885564,5,1825.81167111804,5,-4648.51472796721,5,-2908.49121476868
275,8,10,4420.0811352406,10,1529.86101125272,10,-4644.21872781235,10,-2920.23503834526
275,8,15,3974.14671082652,15,1235.74883063459,15,-4559.65515814957,15,-2910.07378804377
275,8,20,3507.22498705611,20,932.777403654136,20,-4398.2849829016,20,-2860.45638642761
275,8,25,3026.07694475143,25,609.855874745268,25,-4170.6227755001,25,-2753.50479318592
275,8,30,2536.59363888179,30,262.483713460841,30,-3894.671343241,30,-2575.00438119737
275,8,35,2044.98122131134,35,-100.297405838231,35,-3592.46525285134,35,-2318.1155936935
275,8,40,1560.35253043396,40,-453.265748260921,40,-3283.47335003372,40,-1985.65704915885
275,8,45,1097.34728772433,45,-759.83749796748,45,-2977.80665730387,45,-1590.37662876756
275,8,50,676.549264254017,50,-983.529428627358,50,-2672.88769141611,50,-1153.55420440044
275,8,55,321.305934182636,55,-1100.86565235067,55,-2355.69637416816,55,-702.819454213494
275,8,60,51.8548426932778,60,-1109.08571875252,60,-2009.69760443842,60,-269.81489424063
275,8,65,-120.292607426736,65,-1024.99240301887,65,-1623.02427304689,65,112.297108137109
275,8,70,-194.758290551143,70,-876.658047249015,70,-1194.10981629759,70,411.742920761793
275,8,75,-180.702851186791,75,-693.526926121273,75,-732.831362045905,75,601.386693501049
275,8,80,-92.9687098865931,80,-500.20408463699,80,-257.862848821767,80,661.796756277394
275,8,85,51.407899972087,85,-315.786190848701,85,207.437239105813,85,583.562521729298
275,8,90,234.836486417863,90,-156.958833763887,90,638.425724653365,90,368.613876869995
280,8,0,5267.5505756728,0,2510.15160569289,0,-4614.43683805787,0,-3520.77818472334
280,8,5,4869.19067941378,5,2164.3168879961,5,-4698.63716467365,5,-3540.31998830105
280,8,10,4435.84404644311,10,1822.65155676001,10,-4702.99005227947,10,-3544.8276855846
280,8,15,3977.64163621927,15,1479.52448260899,15,-4628.35614550508,15,-3520.75733115725
280,8,20,3504.81902038392,20,1125.271346512,20,-4479.91088742752,20,-3450.41975249795
280,8,25,3026.47521304439,25,750.541314890134,25,-4268.86337506232,25,-3315.47666110934
280,8,30,2549.71668961733,30,352.791079271773,30,-4012.0056103475,30,-3101.42526514917
280,8,35,2080.12075319642,35,-57.5447071838151,35,-3728.24758254935,35,-2801.76840543768
280,8,40,1623.89097768684,40,-454.800742845809,40,-3433.04287458272,40,-2420.46929515557
280,8,45,1190.78010890494,45,-802.370445922208,45,-3133.20261654116,45,-1972.00140416843
280,8,50,795.810358801884,50,-1062.95493741888,50,-2824.89209181287,50,-1479.44822959917
280,8,55,458.089593938393,55,-1210.53139383416,55,-2496.16548619465,55,-971.827086025172
280,8,60,196.720562064269,60,-1238.3563688336,60,-2132.99431766726,60,-481.587381139362
280,8,65,25.7485335808684,65,-1159.43759681462,65,-1725.94107596418,65,-42.4318718182599
280,8,70,-49.2809167957054,70,-1000.24814210741,70,-1274.59405145344,70,312.948876005115
280,8,75,-31.7852251397061,75,-791.947450971407,75,-788.482523888274,75,555.549422415845
280,8,80,67.7743321990808,80,-563.760852764413,80,-285.173900946507,80,663.009112476238
280,8,85,234.478231003085,85,-340.74291892491,85,212.698531753231,85,622.428772939233
280,8,90,450.86820423057,90,-145.095718331353,90,680.016291261259,90,432.568395488605
285,8,0,5340.94565993016,0,2798.80743835007,0,-4661.30808398053,0,-4121.55808508489
285,8,5,4922.33920744894,5,2409.94658804417,5,-4754.14955337132,5,-4138.0162391936
285,8,10,4470.15772973906,10,2021.62182685865,10,-4766.1786648597,10,-4131.24846014002
285,8,15,3997.17949373041,15,1629.28811071439,15,-4699.93960458234,15,-4088.69605146393
285,8,20,3516.30073779115,20,1225.09983865731,20,-4562.56645506698,20,-3993.34915987627
285,8,25,3038.71948932625,25,802.159625717486,25,-4366.16861466189,25,-3827.28114086729
285,8,30,2572.53160733579,30,360.29573604846,30,-4126.40124731784,30,-3576.36198949973
285,8,35,2122.68224212337,35,-88.7835952019778,35,-3859.01049545431,35,-3234.68964293041
285,8,40,1692.78034367451,40,-519.770894848109,40,-3575.39558682135,40,-2807.1763839602
285,8,45,1288.17401494404,45,-897.446840657087,45,-3279.15095025558,45,-2309.51713025131
285,8,50,918.623362405386,50,-1185.33931908849,50,-2965.43017598907,50,-1766.03015165963
285,8,55,598.789045114002,55,-1356.15945737987,55,-2623.70284275346,55,-1206.69768535567
285,8,60,345.880207756055,60,-1399.55606969409,60,-2242.76637929803,60,-664.564374490118
285,8,65,175.478204939382,65,-1324.0256529408,65,-1815.82414908108,65,-173.774165932596
285,8,70,97.5519220119423,70,-1152.94031797299,70,-1343.70306633182,70,232.232197579514
285,8,75,114.309366745087,75,-917.531335926917,75,-835.55789887126,75,522.949076536743
285,8,80,220.226904250517,80,-650.495139840648,80,-307.717060324734,80,673.652792483081
285,8,85,403.470162244898,85,-382.506500451644,85,218.168945113796,85,668.558502331457
285,8,90,647.702160020579,90,-141.658508993567,90,716.899116604381,90,503.660269296735
290,8,0,5451.13612967791,0,2982.69073434188,0,-4725.95335861671,0,-4675.74433523163
290,8,5,5009.3483167631,5,2551.05193379506,5,-4827.37198677583,5,-4685.75519400696
290,8,10,4536.17414625322,10,2116.55943408084,10,-4846.97550298112,10,-4663.15145161407
290,8,15,4046.70179994866,15,1676.50141883726,15,-4788.75162798399,15,-4596.82555730295
290,8,20,3556.01903217834,20,1225.64076487477,20,-4661.48494472257,20,-4471.33418579572
290,8,25,3076.90981332737,25,760.117648239767,25,-4477.91955110201,25,-4270.21806926624
290,8,30,2618.09694492212,30,282.343124439517,30,-4252.48204681238,30,-3980.59961237175
290,8,35,2183.91623279579,35,-194.928351139462,35,-3997.92316429338,35,-3597.58591121126
290,8,40,1775.91447516047,40,-647.415948879048,40,-3721.99453863366,40,-3126.89076082603
290,8,45,1395.94372878779,45,-1042.3606500266,45,-3425.58056556907,45,-2584.86652831372
290,8,50,1049.37749408681,50,-1345.46888818144,50,-3103.24601064579,50,-1996.38784237233
290,8,55,746.769465127095,55,-1529.52745454001,55,-2746.09975602976,55,-1391.89337294355
290,8,60,502.950211079317,60,-1581.47709871842,60,-2345.81748837794,60,-804.793416038744
290,8,65,333.869562953962,65,-1505.36873214464,65,-1898.26530171538,65,-269.612352411023
290,8,70,252.598869126461,70,-1320.60325783656,70,-1405.63687168151,70,179.588360900041
290,8,75,266.112337352813,75,-1056.98075421798,75,-876.959628603326,75,511.200798725641
290,8,80,373.778555433689,80,-749.101594196529,80,-327.550285437298,80,698.828433799391
290,8,85,567.545953562072,85,-432.155893390084,85,221.918728583647,85,724.600327498665
290,8,90,833.246695769626,90,-139.71188030609,90,746.51083836539,90,582.355556737973
295,8,0,5604.19397401926,0,3047.34893072738,0,-4818.55748667303,0,-5162.22418186979
295,8,5,5137.22775435909,5,2575.54039520418,5,-4928.70152946515,5,-5162.09520780933
295,8,10,4642.07203907027,10,2098.0171287434,10,-4956.61375318715,10,-5119.04672591711
295,8,15,4135.41018518054,15,1614.54139002224,15,-4907.1785814384,15,-5023.73908944002
295,8,20,3633.70112856957,20,1123.11369592236,20,-4790.05379241448,20,-4863.06333253757
295,8,25,3150.5869933072,25,623.285232666964,25,-4617.93725637095,25,-4623.03773348266
295,8,30,2695.00648276604,30,120.069997625318,30,-4403.76350480745,30,-4292.95466387891
295,8,35,2270.79646907713,35,-373.00424556219,35,-4157.58682486723,35,-3869.44488809206
295,8,40,1878.16511370908,40,-833.154559937758,40,-3884.24713026568,40,-3358.99909496877
295,8,45,1516.67095083256,45,-1230.75455359028,45,-3582.75462032259,45,-2778.16384448755
295,8,50,1188.57889219996,50,-1534.65007135848,50,-3247.66949004094,50,-2151.73768199934
295,8,55,901.133836523459,55,-1718.94885589612,55,-2871.9181742273,55,-1510.09125895434
295,8,60,666.672200908853,60,-1769.14648725689,60,-2449.94893627473,60,-886.711133103525
295,8,65,500.446329480794,65,-1685.64100919135,65,-1980.18986830832,65,-316.366438826941
295,8,70,417.043741589452,70,-1483.75458747098,70,-1466.34360186284,70,166.458638411283
295,8,75,426.775172069398,75,-1190.77953546591,75,-917.71207330635,75,529.509173963226
295,8,80,533.180358451363,80,-841.540403161307,80,-349.046523375733,80,745.462581221856
295,8,85,732.133266343175,85,-474.046275355171,85,219.772575882538,85,795.233028585148
295,8,90,1012.38827798831,90,-126.114136584341,90,764.351538404885,90,671.210189933963
300,8,0,5800.78706371767,0,2978.07926286581,0,-4947.49809155449,0,-5553.36011506409
300,8,5,5307.74271020559,5,2472.17529237527,5,-5066.72057396008,5,-5539.11938764857
300,8,10,4790.66548142193,10,1958.61932459119,10,-5104.20457832156,10,-5471.42274510773
300,8,15,4266.85779201715,15,1440.0123591154,15,-5065.02572852362,15,-5342.83562053524
300,8,20,3753.12062448827,20,917.90067041815,20,-4958.69480172849,20,-5143.08327382377
300,8,25,3263.1467642063,25,395.334154455655,25,-4796.97336527024,25,-4861.40651827046
300,8,30,2805.72881665181,30,-120.218140204182,30,-4590.95882001206,30,-4490.01771092141
300,8,35,2384.43097568889,35,-614.708891155552,35,-4348.37344428492,35,-4027.5756601157
300,8,40,1998.965878181,40,-1067.09099373636,40,-4072.03576935205,40,-3481.46422310345
300,8,45,1647.91880808282,45,-1451.14763158083,45,-3760.06943585556,45,-2868.17738954253
300,8,50,1331.89657167931,50,-1739.41433698128,50,-3407.69581134084,50,-2211.98876354275
300,8,55,1055.91680454004,55,-1908.34381312818,55,-3009.83651472439,55,-1542.74333547695
300,8,60,830.073034843763,60,-1943.3837497653,60,-2563.55832435652,60,-893.647818290361
300,8,65,668.16596763057,65,-1842.58023226847,65,-2069.70072580421,65,-299.431171062535
300,8,70,584.786995388394,70,-1617.7752435797,70,-1533.59634688586,70,205.347943151596
300,8,75,591.881777139281,75,-1293.28012941405,75,-965.239660349025,75,588.330558398488
300,8,80,695.868742129314,80,-902.69380659425,80,-379.311882408347,80,822.026007444083
300,8,85,896.001437778578,85,-484.90658314175,85,204.841704354173,85,886.975707026971
300,8,90,1184.12495213991,90,-80.1626640060628,90,763.577894008398,90,774.814350253778
305,8,0,6035.97025301174,0,2762.80316584421,0,-5118.81682851233,0,-5815.25555388546
305,8,5,5516.84557833033,5,2233.20053987152,5,-5247.66160392257,5,-5782.69402108666
305,8,10,4978.38873715788,10,1695.347800169,10,-5296.0541856236,10,-5686.87488454158
305,8,15,4437.50778445531,15,1154.68504667628,15,-5268.57701912896,15,-5522.25177110707
305,8,20,3910.34818078722,20,616.206179084185,20,-5173.62465906776,20,-5281.5558839988
305,8,25,3409.95087675738,25,86.2270171283059,25,-5021.20684660576,25,-4957.59739923476
305,8,30,2944.73856624245,30,-425.624668221879,30,-4820.30937633949,30,-4545.93420987014
305,8,35,2518.32886906381,35,-904.99028057981,35,-4576.72008339415,35,-4047.62439435247
305,8,40,2130.78645514187,40,-1332.58628043317,40,-4292.10881756243,40,-3471.1500055215
305,8,45,1780.96217931241,45,-1685.56167880948,45,-3964.6523781273,45,-2832.94114779456
305,8,50,1469.18069355524,50,-1940.33286687853,50,-3590.86014301124,50,-2156.53938239914
305,8,55,1199.37471074264,55,-2076.42695132817,55,-3167.82122302594,55,-1470.92727884165
305,8,60,979.910834629729,60,-2080.540801321,60,-2695.08215983613,60,-808.62890422177
305,8,65,822.784313025216,65,-1949.86524193596,65,-2175.73827050956,65,-203.883041135269
305,8,70,741.420150024506,70,-1693.84235182434,70,-1616.8146401196,70,309.204262103694
305,8,75,747.768489696469,75,-1333.93730587142,75,-1029.3107223856,75,698.811221869706
305,8,80,849.534793238776,80,-901.560460581521,80,-428.229356052609,80,938.021225670414
305,8,85,1048.21354576804,85,-434.709397128446,85,167.404962000334,85,1007.75291911967
305,8,90,1338.23363781061,90,25.9705184545645,90,734.859321400501,90,899.491942011436
310,8,0,6297.91609981939,0,2395.89443785742,0,-5334.81056499679,0,-5909.34183291439
310,8,5,5753.14533342497,5,1857.67585096904,5,-5473.98462722106,5,-5854.08653047831
310,8,10,5193.57559084411,10,1312.25640660216,10,-5534.28028741791,10,-5727.5633722764
310,8,15,4634.92041674531,15,767.575469953216,15,-5519.27940494486,15,-5526.00326771733
310,8,20,4091.95406582198,20,231.597199099683,20,-5435.59852464427,20,-5245.02465075466
310,8,25,3576.63905822906,25,-286.622674590906,25,-5291.00575795674,25,-4880.94899982448
310,8,30,3096.99716103419,30,-775.729820761405,30,-5092.31745801252,30,-4432.72565780524
310,8,35,2657.07114420162,35,-1221.24683454683,35,-4843.81593168096,35,-3903.95943290976
310,8,40,2257.99633013432,40,-1605.56188857827,40,-4546.75935650009,40,-3304.42269948905
310,8,45,1899.8613909767,45,-1908.95710086005,45,-4200.11438853768,45,-2650.62085111544
310,8,50,1583.7931692837,50,-2111.66571054648,50,-3802.14984003017,50,-1965.35034213483
310,8,55,1313.62227862802,55,-2196.7106040491,55,-3352.24192249359,55,-1276.50944240231
310,8,60,1096.60043384164,60,-2153.05202200657,60,-2852.29368821285,60,-615.513680724079
310,8,65,942.919170293345,65,-1978.40327787484,65,-2307.49575267768,65,-15.5303444033674
310,8,70,864.137304052832,70,-1681.04835028842,70,-1726.53114556094,70,490.463805252047
310,8,75,870.935772753472,75,-1280.17873545844,75,-1121.52725389685,75,871.90206490733
310,8,80,970.770972094247,80,-804.617307037573,80,-507.989826047533,80,1103.14763091713
310,8,85,1165.95189256477,85,-290.167723618398,85,95.2971234945826,85,1166.12576034971
310,8,90,1452.47403814868,90,223.932753508236,90,666.665090531812,90,1052.65155884246
315,8,0,6565.80301826616,0,1881.83981744559,0,-5591.84855057314,0,-5795.46692528761
315,8,5,5995.8000840568,5,1354.5026086867,5,-5742.1630750964,5,-5713.14637853032
315,8,10,5414.58054677483,10,822.755155338593,10,-5814.80662383229,10,-5554.29966189278
315,8,15,4836.25460517701,15,296.468225692418,15,-5812.11692020462,15,-5316.79117253231
315,8,20,4273.94800285727,20,-214.159513620864,20,-5738.70801012896,20,-4998.82069405194
315,8,25,3738.47860041758,25,-698.069747075082,25,-5600.06319390175,25,-4599.86022711657
315,8,30,3237.62448142628,30,-1142.73912937034,30,-5401.05791862894,30,-4121.96911899728
315,8,35,2776.19542822986,35,-1533.81722374129,35,-5144.93382731171,35,-3571.19289375364
315,8,40,2356.87427254348,40,-1855.28394568905,40,-4833.09217891302,40,-2958.6645490603
315,8,45,1981.56607077488,45,-2090.28859420309,45,-4465.75236372251,45,-2301.10597267624
315,8,50,1652.85132482825,50,-2222.68918854124,50,-4043.18711432244,50,-1620.61907784893
315,8,55,1375.11681029422,55,-2239.15679205405,55,-3567.06666232965,55,-943.843734078068
315,8,60,1155.02957598564,60,-2131.55000813795,60,-3041.49638145041,60,-300.64509027661
315,8,65,1001.19554926567,65,-1899.12630848916,65,-2473.55989693254,65,277.535723117021
315,8,70,923.054750039818,70,-1550.09768670548,70,-1873.43291272815,70,759.60736494409
315,8,75,929.251159318637,75,-1102.1126661567,75,-1254.26607437344,75,1117.00134322089
315,8,80,1025.82437228783,80,-581.4535394855,80,-631.991725510233,80,1326.00717350747
315,8,85,1214.57846979093,85,-21.0066236963439,85,-25.0462697318039,85,1370.06170575563
315,8,90,1491.90652880347,90,542.701556864527,90,546.159566988216,90,1241.65829664909
320,8,0,6807.95345147781,0,1237.53785527486,0,-5877.98302738891,0,-5436.55491073264
320,8,5,6213.01648222136,5,744.096846920721,5,-6040.24940944892,5,-5323.11504689379
320,8,10,5608.92209671088,10,250.612732539971,10,-6125.20914392325,10,-5131.38749901336
320,8,15,5008.19512752376,15,-231.773142979229,15,-6133.9772218573,15,-4860.72839474504
320,8,20,4422.4705959276,20,-691.470365191148,20,-6069.3501555506,20,-4511.53817250498
320,8,25,3861.67231173709,25,-1116.26356671558,25,-5934.88418797312,25,-4085.92255444744
320,8,30,3333.60859683445,30,-1493.12628775107,30,-5733.98736194408,30,-3588.55727270343
320,8,35,2844.09155281669,35,-1808.2002950627,35,-5469.34281376416,35,-3027.59655547343
320,8,40,2397.52671294172,40,-2047.10593062555,40,-5142.87190357824,40,-2415.4060310936
320,8,45,1997.78240273761,45,-2195.6894752175,45,-4756.2443394609,45,-1768.92042862661
320,8,50,1649.07495481951,50,-2241.22481884206,50,-4311.74266460392,50,-1109.50946266918
320,8,55,1356.6102923123,55,-2173.98214112954,55,-3813.18403996838,55,-462.333592070123
320,8,60,1126.79158148217,60,-1988.96578207288,60,-3266.63353682231,60,144.760020196924
320,8,65,966.910056444812,65,-1687.52733934099,65,-2680.77618241153,65,682.724968513852
320,8,70,884.352395304371,70,-1278.5126999363,70,-2066.96528116193,70,1123.10551606623
320,8,75,885.457391837036,75,-778.6354981341,75,-1439.04940713247,75,1440.03213891956
320,8,80,974.218646340796,80,-211.890138895979,80,-813.066114669768,80,1612.2810004026
320,8,85,1151.05083214462,85,392.005429772822,85,-206.805763898987,85,1625.19080376802
320,8,90,1411.8190736622,90,999.965044134587,90,360.838041915976,90,1472.17574081649
325,8,0,6981.87804955505,0,492.489491277723,0,-6171.34315596538,0,-4804.61590684957
325,8,5,6362.73126388907,5,58.1009020280051,5,-6346.2275445594,5,-4656.81147065818
325,8,10,5734.80800350186,10,-370.79025940767,10,-6443.28843430536,10,-4432.95195106657
325,8,15,5109.37781982182,15,-782.437251061179,15,-6462.63573441167,15,-4133.74499677276
325,8,20,4497.02118411705,20,-1164.6959564631,20,-6405.69564780927,20,-3761.40684105023
325,8,25,3907.17875241311,25,-1505.06172924374,25,-6274.68458665949,25,-3320.12029615275
325,8,30,3347.95960026996,30,-1790.74722382373,30,-6072.12894830753,30,-2816.58192333886
325,8,35,2826.24599683471,35,-2008.88916245347,35,-5800.59761187056,35,-2260.55011670826
325,8,40,2348.04310492982,40,-2146.97058888633,40,-5462.74867078981,40,-1665.27049818958
325,8,45,1918.95037428323,45,-2193.51295268992,45,-5061.68289437602,45,-1047.65257180287
325,8,50,1544.59956234566,50,-2139.03723086264,50,-4601.49105667608,50,-428.101791502489
325,8,55,1230.9170093395,55,-1977.22489747589,55,-4087.82601407845,55,170.040232938822
325,8,60,984.114305603275,60,-1706.13911628205,60,-3528.34271445419,60,721.444806343073
325,8,65,810.373850999901,65,-1329.30933359561,65,-2932.9144597343,65,1200.0900101296
325,8,70,715.257252272995,70,-856.457255767154,70,-2313.61173763523,70,1580.81974711467
325,8,75,702.914161471599,75,-303.664544621557,75,-1684.48040894307,75,1841.05406713773
325,8,80,775.20250302,80,307.144388180543,80,-1061.16034061431,80,1962.50100784379
325,8,85,930.847940213853,85,949.420819511139,85,-460.354667728526,85,1932.6886085672
325,8,90,1164.77266638024,90,1593.80573538096,90,100.875046975716,90,1746.12139325777
330,8,0,7037.62552398175,0,-313.088761986356,0,-6440.45149456156,0,-3887.3847168398
330,8,5,6396.6065476162,5,-662.77987856763,5,-6628.30899708596,5,-3703.41370116454
330,8,10,5745.80886333523,10,-1000.84331853231,10,-6737.42809020237,10,-3449.8892376014
330,8,15,5095.67992635133,15,-1315.58745950483,15,-6767.22659090109,15,-3128.70469513949
330,8,20,4456.22289701185,20,-1595.11104434434,20,-6718.28311183394,20,-2743.51128065585
330,8,25,3836.76170393462,25,-1827.46094670382,25,-6592.08188997573,25,-2300.01359816963
330,8,30,3245.84516106753,30,-2000.85648761183,30,-6390.80195427828,30,-1806.28668443276
330,8,35,2691.29255528234,35,-2104.01828524866,35,-6117.22540403733,35,-1273.0606602864
330,8,40,2180.34117656195,40,-2126.63591100313,40,-5774.80520383059,40,-713.901455145535
330,8,45,1719.82541551609,45,-2059.98865755612,45,-5367.88121840356,45,-145.211273297453
330,8,50,1316.30699665009,50,-1897.70044961976,50,-4901.98414146292,50,414.016218029962
330,8,55,976.087916182841,55,-1636.56958092121,55,-4384.13930486396,55,942.725767976789
330,8,60,705.065482821356,60,-1277.37494316443,60,-3823.08453986434,60,1418.62139771045
330,8,65,508.422860729493,65,-825.532402981258,65,-3229.34282637335,65,1819.24701715025
330,8,70,390.180149578544,70,-291.467327424418,70,-2615.12592756123,70,2123.2592054746
330,8,75,352.655599089859,75,309.411771574084,75,-1994.07301599422,75,2311.79189035196
330,8,80,395.903206423327,80,957.20757740389,80,-1380.83957056039,80,2369.78703333809
330,8,85,517.202835526331,85,1628.49933897265,85,-790.549114000024,85,2287.15138571023
330,8,90,710.682968374841,90,2297.708672662,90,-238.114860806836,90,2059.60218160431
335,8,0,6924.67680777398,0,-1131.50660450214,0,-6647.28150606308,0,-2694.29143768647
335,8,5,6267.23367450695,5,-1372.14947459581,5,-6848.00101879797,5,-2474.47474213097
335,8,10,5598.22205456093,10,-1595.14194663296,10,-6969.55722549436,10,-2195.95157909417
335,8,15,4927.58901764683,15,-1789.55119247313,15,-7010.9897449068,15,-1861.57391214979
335,8,20,4265.05993848501,20,-1944.49446628193,20,-6972.47526706672,20,-1476.01264415584
335,8,25,3619.99251727565,25,-2049.36350714873,25,-6855.22934147298,25,-1045.9134608518
335,8,30,3001.29271316191,30,-2094.11135437444,30,-6661.4348310925,30,-580.036842638028
335,8,35,2417.38393596179,35,-2069.61324533375,35,-6394.22456351657,35,-89.3472873111228
335,8,40,1876.20485877436,40,-1968.10653577411,40,-6057.72954678293,40,412.989979810466
335,8,45,1385.20118263687,45,-1783.70116649405,45,-5657.18242177943,45,911.747579827003
335,8,50,951.275902034817,50,-1512.9335629625,50,-5199.04562471524,50,1389.94576610736
335,8,55,580.671147166785,55,-1155.31642484611,55,-4691.12159628923,55,1829.354316077
335,8,60,278.769687004416,60,-713.819285358176,60,-4142.60155155965,60,2211.1857506447
335,8,65,49.8214744464757,65,-195.20487291095,65,-3564.01857440925,65,2516.95365677168
335,8,70,-103.38355607003,70,389.851822138169,70,-2967.08544017297,70,2729.44420243444
335,8,75,-179.863033002284,75,1026.9192956358,75,-2364.41211286029,75,2833.72671643365
335,8,80,-180.768563798369,80,1698.2691445752,80,-1769.10876461816,80,2818.11400367978
335,8,85,-109.6452503713,85,2383.63103301156,85,-1194.28722966336,85,2674.97792712311
335,8,90,27.4221769907562,90,3061.19397103873,90,-652.479624752038,90,2401.33280163673
340,8,0,6601.07979215783,0,-1911.24064778452,0,-6753.05337285981,0,-1260.12808337123
340,8,5,5937.01099550654,5,-2021.66607643084,5,-6965.95271809267,5,-1007.48593542947
340,8,10,5259.43464646381,10,-2109.26619155042,10,-7100.80075194188,10,-711.181733624605
340,8,15,4577.86582951664,15,-2164.65494725203,15,-7156.50745436203,15,-374.712067922598
340,8,20,3901.75161391976,20,-2178.74681896523,20,-7133.13145495295,20,-3.27264927539184
340,8,25,3240.34074884498,25,-2143.00723972722,25,-7031.85575241384,25,396.201895467063
340,8,30,2602.57395076131,30,-2049.74107273552,30,-6854.96947424308,30,815.032276072657
340,8,35,1996.98764740398,35,-1892.41827185803,35,-6605.86305163804,35,1242.84324917592
340,8,40,1431.61954394889,40,-1666.02956894258,40,-6289.03745530938,40,1667.68843227294
340,8,45,913.902607152975,45,-1367.45690433152,45,-5910.12013540931,45,2076.27107609716
340,8,50,450.535803398295,50,-995.834321826383,50,-5475.87313205139,50,2454.2750863421
340,8,55,47.3249754757596,55,-552.866790953414,55,-4994.17441598603,55,2786.81115351547
340,8,60,-291.005472289576,60,-43.0688593091215,60,-4473.95298632061,60,3058.97025896656
340,8,65,-561.021410248872,65,526.115964860585,65,-3925.06154212171,65,3256.46254050196
340,8,70,-760.792405366058,70,1144.34936594173,70,-3358.07663276562,70,3366.30551891158
340,8,75,-890.088281106754,75,1798.60919588809,75,-2784.02364115666,75,3377.51420912752
340,8,80,-950.534112564254,80,2473.58429054973,80,-2214.03154847883,80,3281.73871161507
340,8,85,-945.698122068983,85,3152.24058185037,85,-1658.92955890055,85,3073.79404191351
340,8,90,-881.088626691133,90,3816.52590989031,90,-1128.80429074313,90,2752.03295447019
345,8,0,6042.44184524534,0,-2600.3212105825,0,-6725.67163364794,0,355.025307538987
345,8,5,5386.33095704133,5,-2564.57821888643,5,-6949.49721089543,5,634.46744119966
345,8,10,4715.04975594862,10,-2502.37921940018,10,-7098.84932119055,10,938.782210892271
345,8,15,4037.46407833366,15,-2406.72992132399,15,-7172.65292826232,15,1264.22910724522
345,8,20,3362.44423815538,20,-2271.09968486495,20,-7170.94499559299,20,1605.67171760395
345,8,25,2698.72952707652,25,-2089.65577397896,25,-7094.873280378,25,1956.61785632134
345,8,30,2054.79652087145,30,-1857.50771224867,30,-6946.68581984588,30,2309.29796273933
345,8,35,1438.72902731612,35,-1570.95634715542,35,-6729.71180510712,35,2654.79012374419
345,8,40,858.086881534828,40,-1227.73871978055,40,-6448.33233983016,40,2983.19927082312
345,8,45,319.771164556101,45,-827.256258282004,45,-6107.93727999038,45,3283.89583265175
345,8,50,-170.115129721208,50,-370.77067606106,50,-5714.86248733535,50,3545.81532620207
345,8,55,-606.409582549144,55,138.450125672027,55,-5276.30089494298,55,3757.81520560805
345,8,60,-985.031669263472,60,695.054262509292,60,-4800.18109575208,60,3909.07918980033
345,8,65,-1303.11558868336,65,1291.61255293478,65,-4295.0087974576,65,3989.55293644776
345,8,70,-1559.12471741815,70,1918.72196094317,70,-3769.66927575402,70,3990.38916897777
345,8,75,-1752.93609252289,75,2565.21175354129,75,-3233.19257229374,75,3904.37608634112
345,8,80,-1885.88276750868,80,3218.45032907486,80,-2694.48722304662,80,3726.32087707765
345,8,85,-1960.74265125066,85,3864.74185673558,85,-2162.05237217127,85,3453.3609565688
345,8,90,-1981.66458800877,90,4489.79333448322,90,-1643.68186751562,90,3085.17932564166
350,8,0,5248.36226060558,0,-3149.40824207858,0,-6546.79606582761,0,2070.25029232068
350,8,5,4618.9070387494,5,-2958.91971819246,5,-6779.88416186248,5,2367.57903087848
350,8,10,3972.95468845984,10,-2740.42879114787,10,-6945.12186495415,10,2668.09114925547
350,8,15,3318.28549714559,15,-2490.12097654052,15,-7041.46561834727,15,2968.25410037774
350,8,20,2662.70080396967,20,-2204.6707403005,20,-7068.8454779574,20,3263.61460025902
350,8,25,2013.89627275688,25,-1881.41596010857,25,-7028.16273726048,25,3548.87115742692
350,8,30,1379.33573638602,30,-1518.52499705309,30,-6921.27203493486,30,3817.97763653221
350,8,35,766.126857235122,35,-1115.15106617894,35,-6750.94758901097,35,4064.27857773299
350,8,40,180.899983059958,40,-671.567716253688,40,-6520.83294283148,40,4280.67598266375
350,8,45,-370.308075195417,45,-189.278566346104,45,-6235.37342403124,45,4459.82584059391
350,8,50,-882.163082468747,50,328.905833349785,50,-5899.73051309742,50,4594.36086555208
350,8,55,-1350.13232105469,55,878.830894408215,55,-5519.67758172489,55,4677.13387198349
350,8,60,-1770.56985384575,60,1455.00661296896,60,-5101.4770474552,60,4701.47411780461
350,8,65,-2140.78397740685,65,2050.66630164517,65,-4651.73990720734,65,4661.44701861838
350,8,70,-2459.08242750305,70,2657.87755299805,70,-4177.26981406405,70,4552.10613303035
350,8,75,-2724.79095524887,75,3267.70476807688,75,-3684.89525734429,75,4369.72546972686
350,8,80,-2938.24139176925,80,3870.41947689846,80,-3181.29486663282,80,4112.00015564768
350,8,85,-3100.72630277146,85,4455.75153500518,85,-2672.82223378294,85,3778.20443282573
350,8,90,-3214.4187909986,90,5013.17141708817,90,-2165.33777235765,90,3369.29781662345
355,8,0,4244.81221205767,0,-3514.99841390615,0,-6216.28906385335,0,3792.10776354407
355,8,5,3663.08001398542,5,-3170.57876604694,5,-6456.90141632618,5,4096.17317283064
355,8,10,3063.55827274697,10,-2798.95469447683,10,-6639.41623391705,10,4380.09013000056
355,8,15,2452.41046285098,15,-2400.06007879719,15,-6762.6905957921,15,4640.96513519276
355,8,20,1835.83644203611,20,-1974.19995267626,20,-6826.29794020194,20,4875.5884989137
355,8,25,1219.98169626539,25,-1522.13043685575,25,-6830.52241372363,25,5080.49208532441
355,8,30,610.848224243226,30,-1045.12913381757,30,-6776.34086450083,30,5252.02283491009
355,8,35,14.2087940857882,35,-545.05311823706,35,-6665.3926693654,35,5386.43054967951
355,8,40,-564.473682184297,40,-24.3818455005126,40,-6499.93781579665,40,5479.96789994732
355,8,45,-1120.11991988405,45,513.757407759064,45,-6282.80391036076,45,5529.00008990257
355,8,50,-1648.09948252472,50,1065.58355121278,50,-6017.32305744986,50,5530.12112399213
355,8,55,-2144.28583871385,55,1626.67659262705,55,-5707.25984419991,55,5480.27317774254
355,8,60,-2605.09977869595,60,2192.01427360035,60,-5356.73197314931,60,5376.86522842296
355,8,65,-3027.53991751285,65,2756.03051620038,65,-4970.12539195136,65,5217.88687648329
355,8,70,-3409.19929035745,70,3312.69496558138,70,-4552.00606245548,70,5002.01321801703
355,8,75,-3748.26740373361,75,3855.61207980394,75,-4107.03076844079,75,4728.6967343173
355,8,80,-4043.51754127318,80,4378.13739698897,80,-3639.85955800037,80,4398.24245892416
355,8,85,-4294.27962552635,85,4873.50785043684,85,-3155.07252804003,85,4011.86316418598
355,8,90,-4500.39948854187,90,5334.9823529632,90,-2657.09366137615,90,3571.71196260458
360,8,0,3082.2311041109,0,-3663.29045238296,0,-5752.43115391232,0,5425.2718037518
360,8,5,2569.14487438475,5,-3176.5069325701,5,-5999.17555786395,5,5723.90380688202
360,8,10,2036.50590087244,10,-2665.54827697306,10,-6200.262613419,10,5978.97344585426
360,8,15,1488.36788777861,15,-2134.3031894862,15,-6354.16192666501,15,6188.53948670068
360,8,20,928.902496357685,20,-1586.81476599984,20,-6459.70223090122,20,6351.00700531099
360,8,25,362.367596052811,25,-1027.24972399928,25,-6516.08030068543,25,6465.13952576801
360,8,30,-206.925140461558,30,-459.866691328736,30,-6522.86706486455,30,6530.06843067596
360,8,35,-774.6430517122,35,111.016204537918,35,-6480.01087206524,35,6545.29957186334
360,8,40,-1336.46546159705,40,681.054200054621,40,-6387.83788379197,40,6510.71703114891
360,8,45,-1888.11656233924,45,1245.90896187714,45,-6247.04959214108,45,6426.584002549
360,8,50,-2425.39795596607,50,1801.28160419937,50,-6058.71748102231,50,6293.54078921217
360,8,55,-2944.22060665268,55,2342.94540587008,55,-5824.27487151933,55,6112.59993032562
360,8,60,-3440.63596075365,60,2866.777978293,60,-5545.50601345076,60,5885.13849508053
360,8,65,-3910.86599768049,65,3368.79263929324,65,-5224.53250615175,65,5612.8876023441
360,8,70,-4351.33198291953,70,3845.16875417585,70,-4863.79715182195,70,5297.91924579964
360,8,75,-4758.68170436246,75,4292.2808130628,75,-4466.04536432577,75,4942.63052482354
360,8,80,-5129.81498466462,80,4706.72602321233,80,-4034.30427493515,80,4549.72540111162
360,8,85,-5461.90727546651,85,5085.35020632634,85,-3571.85969403274,85,4122.19411989793
360,8,90,-5752.43115391232,90,5425.2718037518,90,-3082.2311041109,90,3663.29045238296
