"Theta [deg]","Freq [GHz]","Phi [deg]","re(rETheta) [mV]","Phi [deg]","im(rETheta) [mV]","Phi [deg]","re(rEPhi) [mV]","Phi [deg]","im(rEPhi) [mV]"
0,8,0,1319.84688326949,0,-3684.19374660362,0,-151.474764963797,0,28.1136189936469
0,8,5,1301.62257175804,5,-3667.72401376458,5,-265.930593176162,5,349.105280597158
0,8,10,1273.49212653431,10,-3623.34068654848,10,-378.362529001176,10,667.440040219794
0,8,15,1235.66963727208,15,-3551.38154887481,15,-487.914897518949,15,980.695178125043
0,8,20,1188.44295595249,20,-3452.3942532314,20,-593.753939055532,20,1286.48663356482
0,8,25,1132.17150613662,25,-3327.13215270826,25,-695.074154597471,25,1582.4871489213
0,8,30,1067.2835475352,30,-3176.54856752569,30,-791.104436125674,30,1866.44398154263
0,8,35,994.272916693612,35,-3001.78952969177,35,-881.113935213043,35,2136.19604847472
0,8,40,913.695268597589,40,-2804.18506100683,40,-964.4176252223,40,2389.69037360749
0,8,45,826.163847803249,45,-2585.2390507944,45,-1040.38151477233,45,2624.9977120626
0,8,50,732.344821275756,50,-2346.61781039539,50,-1108.42747279541,50,2840.32723291196
0,8,55,632.952208456461,55,-2090.13739153271,55,-1168.03762846371,55,3034.04014848239
0,8,60,528.742447143821,60,-1817.749765061,60,-1218.758312499,60,3204.66218651933
0,8,65,420.508636544996,65,-1531.52796528986,65,-1260.20350986978,65,3350.89481028893
0,8,70,309.074501312009,70,-1233.65031294099,70,-1292.05779759877,70,3471.62510122663
0,8,75,195.288122499749,75,-926.383836812215,75,-1314.0787453222,75,3565.93422891944
0,8,80,80.0154831570741,80,-612.067020319447,80,-1326.09876033129,80,3633.10444396021
0,8,85,-35.8661223270955,85,-293.092004225875,85,-1328.02636305393,85,3672.62454045401
0,8,90,-151.4747649638,90,28.113618993646,90,-1319.8468832695,90,3684.19374660363
5,8,0,1729.00081576354,0,-4899.62099485898,0,-134.684203801491,0,17.8264816300957
5,8,5,1723.29697222081,5,-4886.00040208178,5,-133.725606257552,5,363.316166033182
5,8,10,1728.86397262519,10,-4840.66127070094,10,-134.773316932691,10,706.591485088706
5,8,15,1744.82432587266,15,-4763.81895937177,15,-140.603268420712,15,1044.7796695284
5,8,20,1769.72953909321,20,-4655.94050861692,20,-153.750367490345,20,1374.99781935932
5,8,25,1801.62026434382,25,-4517.75816031753,25,-176.402106283943,25,1694.36905515092
5,8,30,1838.10585592216,30,-4350.28347919381,30,-210.306594857096,30,2000.04431107368
5,8,35,1876.45980900289,35,-4154.82020517052,35,-256.698459862658,35,2289.23038274147
5,8,40,1913.72696519672,40,-3932.9737872151,40,-316.245164592097,40,2559.22426912555
5,8,45,1946.83802161668,45,-3686.65553669008,45,-389.01533037467,45,2807.45323583011
5,8,50,1972.72677218776,50,-3418.07949712384,50,-474.469643421983,50,3031.51942298553
5,8,55,1988.44562989933,55,-3129.75045094386,55,-571.473975676974,55,3229.24727100759
5,8,60,1991.27529756231,60,-2824.44195369529,60,-678.333485148461,60,3398.73158441717
5,8,65,1978.82493218921,65,-2505.16387352524,65,-792.845729867732,65,3538.383734756
5,8,70,1949.11973790699,70,-2175.11958035805,70,-912.370254477112,70,3646.97334686851
5,8,75,1900.67357674408,75,-1837.65363080292,75,-1033.91169903794,75,3723.66283653638
5,8,80,1832.54486154578,80,-1496.1914831883,80,-1154.21323185017,80,3768.03237792297
5,8,85,1744.37465349982,85,-1154.17340315641,85,-1269.85700697561,85,3780.09327018457
5,8,90,1636.40650034516,90,-814.985237304641,90,-1377.36837044802,90,3760.28822493579
10,8,0,2011.90430822561,0,-6064.759878544,0,-122.210424969906,0,-3.06260237850822
10,8,5,2020.96554916043,5,-6056.50664479918,5,-13.0283106694295,5,351.750251432671
10,8,10,2064.05616525042,10,-6016.08991418508,10,89.62957039582,10,706.129644934954
10,8,15,2138.89497556339,15,-5943.14553734129,15,179.018076379161,15,1057.76898657439
10,8,20,2241.84549084669,20,-5837.36355639091,20,249.009109150864,20,1404.13854014328
10,8,25,2368.08543850677,25,-5698.56979444586,25,294.34830549737,25,1742.44015149649
10,8,30,2511.82571996157,30,-5526.82360802104,30,310.865817271032,30,2069.58944082804
10,8,35,2666.5653037814,35,-5322.52346141455,35,295.632014922739,35,2382.22970357471
10,8,40,2825.36710217664,40,-5086.511079196,40,247.052970062882,40,2676.77929443343
10,8,45,2981.13971583771,45,-4820.16471742078,45,164.904693951192,45,2949.51166403839
10,8,50,3126.91096971383,50,-4525.47256707677,50,50.3089271376491,50,3196.6646609805
10,8,55,3256.0811768164,55,-4205.0784206397,55,-94.3435435825626,55,3414.57337320288
10,8,60,3362.6467453461,60,-3862.2934138711,60,-265.513749708648,60,3599.81880896618
10,8,65,3441.38773314192,65,-3501.06979198235,65,-458.669950484046,65,3749.38322683072
10,8,70,3488.01591024367,70,-3125.93511428943,70,-668.46755485001,70,3860.80200538545
10,8,75,3499.28252699399,75,-2741.88796300382,75,-888.943951914465,75,3932.30165733985
10,8,80,3473.04709717626,80,-2354.25890812471,80,-1113.71969874751,80,3962.91397229696
10,8,85,3408.30998613627,85,-1968.5430418885,85,-1336.19895338649,85,3952.55732318186
10,8,90,3305.21243105346,90,-1590.21266815299,90,-1549.7636254209,90,3902.07786676079
15,8,0,2139.50815790224,0,-7131.44252734806,0,-119.816362856584,0,-30.5814917397733
15,8,5,2164.66950053174,5,-7129.04439973573,5,85.2616992735086,5,320.504766412692
15,8,10,2247.44704737079,10,-7096.66857228962,10,279.076784878236,10,673.896743395233
15,8,15,2383.80475635796,15,-7033.03589044794,15,450.651511002325,15,1028.73676792522
15,8,20,2567.40022824207,20,-6936.5225230309,20,590.140857725091,20,1383.58822939001
15,8,25,2789.93827080262,25,-6805.35455156126,25,689.288887384113,25,1736.27790145161
15,8,30,3041.61847812652,30,-6637.84506328993,30,741.780379425661,30,2083.80318369077
15,8,35,3311.64074425399,35,-6432.65424584622,35,743.469435103684,35,2422.31398562494
15,8,40,3588.7302727651,40,-6189.05121257178,40,692.478657418173,40,2747.17306421264
15,8,45,3861.64551585878,45,-5907.15618086883,45,589.173832839402,45,3053.09264109062
15,8,50,4119.63803834043,50,-5588.14307032747,50,436.028783555772,50,3334.33955292749
15,8,55,4352.84151792962,55,-5234.38534597376,55,237.402190826113,55,3584.99640148441
15,8,60,4552.57662827368,60,-4849.53170147956,60,-0.747859302459908,60,3799.26239925825
15,8,65,4711.56801887167,65,-4438.50265031349,65,-271.18514860883,65,3971.7749433509
15,8,70,4824.07780998229,70,-4007.40400246846,70,-565.72809796171,70,4097.93138758559
15,8,75,4885.96612720173,75,-3563.35833811531,75,-875.573985632056,75,4174.18997362228
15,8,80,4894.69281355516,80,-3114.26077450372,80,-1191.60008208025,80,4198.32939189606
15,8,85,4849.27559162455,85,-2668.47039124501,85,-1504.63306920204,85,4169.6479830737
15,8,90,4750.21893653106,90,-2234.45343111268,90,-1805.6836254091,90,4089.08621503977
20,8,0,2099.34252898927,0,-8054.35140896422,0,-129.853972513288,0,-58.176254890575
20,8,5,2140.63888618424,5,-8056.90861958591,5,155.541077395198,5,279.089673659789
20,8,10,2263.36003945609,10,-8033.47840960329,10,425.065610921154,10,621.962153838796
20,8,15,2461.34637217378,15,-7981.63494955792,15,663.342966157046,15,971.725872510397
20,8,20,2724.98704052321,20,-7898.05216000294,20,856.786900918407,20,1328.60900830353
20,8,25,3041.85898481923,25,-7778.85290965213,25,994.315482362141,25,1691.47116149122
20,8,30,3397.52350921604,30,-7620.03648307422,30,1067.86584673143,30,2057.61081163065
20,8,35,3776.40271595376,35,-7417.94785512326,35,1072.67939918128,35,2422.70918279669
20,8,40,4162.65475525062,40,-7169.74935432385,40,1007.35217761045,40,2780.91537208315
20,8,45,4540.97392258222,45,-6873.85607698807,45,873.669232375784,45,3125.06572075182
20,8,50,4897.25770325484,50,-6530.30054593457,50,676.261674104108,50,3447.02013660214
20,8,55,5219.1049480191,55,-6140.9986835918,55,422.138047669109,55,3738.09044607765
20,8,60,5496.13348464923,60,-5709.89705406413,60,120.146762254657,60,3989.53122142665
20,8,65,5720.12758307716,65,-5242.98951077771,65,-219.576211785783,65,4193.06156458538
20,8,70,5885.04263257142,70,-4748.19922645804,70,-586.128710447462,70,4341.38626198727
20,8,75,5986.9044944682,75,-4235.12937905796,75,-968.299470862437,75,4428.685696744
20,8,80,6023.64417875914,80,-3714.69264715381,80,-1354.94146524784,80,4451.04531301757
20,8,85,5994.90584838922,85,-3198.63637488968,85,-1735.25548467205,85,4406.79711448749
20,8,90,5901.85931723867,90,-2698.98694248358,90,-2098.98981386224,90,4296.74794440117
25,8,0,1896.29579036336,0,-8794.72990313599,0,-150.487974757886,0,-78.5598994174853
25,8,5,1952.51249485194,5,-8800.85803059519,5,198.289647813684,5,238.120167442314
25,8,10,2113.65890434903,10,-8786.08073376938,10,527.070983632114,10,563.852737001123
25,8,15,2371.1162267045,15,-8746.68726402831,15,816.070025953633,15,902.560693625932
25,8,20,2711.4757931538,20,-8677.38363996383,20,1048.05890758407,20,1256.54473600487
25,8,25,3117.57252024512,25,-8571.83125286909,25,1209.38998341019,25,1625.97445461817
25,8,30,3569.76175968553,30,-8423.31500509967,30,1290.69277338977,30,2008.57095132611
25,8,35,4047.29946394735,35,-8225.48004705707,35,1287.19889384145,35,2399.51133560636
25,8,40,4529.67877186481,40,-7973.06874237483,40,1198.69258411686,40,2791.56210518751
25,8,45,4997.79036026775,45,-7662.59110032663,45,1029.12723046149,45,3175.42406978514
25,8,50,5434.8078677785,50,-7292.87213113898,50,785.982736551513,50,3540.25116651757
25,8,55,5826.74712822235,55,-6865.43553160682,55,479.459459989697,55,3874.29315667359
25,8,60,6162.69890922016,60,-6384.70073805431,60,121.609531603977,60,4165.6090070001
25,8,65,6434.77875555546,65,-5857.98607916704,65,-274.502855152526,65,4402.8019891425
25,8,70,6637.86667451871,70,-5295.32255706559,70,-695.539887431967,70,4575.73545335994
25,8,75,6769.22113461936,75,-4709.09068952136,75,-1128.47911271581,75,4676.1958524101
25,8,80,6828.04851617533,80,-4113.49834305133,80,-1561.02931553736,80,4698.47420586416
25,8,85,6815.09594790389,85,-3523.92258702508,85,-1981.87217355465,85,4639.83819388915
25,8,90,6732.31765737703,90,-2956.144888871,90,-2380.74817308956,90,4500.86579889128
30,8,0,1550.56710179697,0,-9325.18957870451,0,-176.371551887354,0,-86.0582586174691
30,8,5,1619.62621808671,5,-9333.59495083749,5,219.056926875538,5,206.673321520684
30,8,10,1816.10386860877,10,-9326.74472334555,10,591.097078142288,10,511.566025419617
30,8,15,2128.72129627272,15,-9299.63908867806,15,915.792466145356,15,835.479598290266
30,8,20,2539.94568305005,20,-9244.88991627218,20,1172.55398461955,20,1183.07295899899
30,8,25,3027.49038608182,25,-9153.4580433442,25,1345.51279900648,25,1556.03980718725
30,8,30,3566.16771288846,30,-9015.60797296093,30,1424.40564933865,30,1952.61618486218
30,8,35,4129.88151876749,35,-8821.98673187841,35,1404.9272358633,35,2367.42561240207
30,8,40,4693.52562634422,40,-8564.70837609861,40,1288.55025442683,40,2791.68335172179
30,8,45,5234.56955428003,45,-8238.32331205769,45,1081.87846929495,45,3213.72785075372
30,8,50,5734.16977362413,50,-7840.57379377054,50,795.650632505966,50,3619.80125845524
30,8,55,6177.73294911652,55,-7372.87572693592,55,443.543189800263,55,3994.97644452201
30,8,60,6554.95491821486,60,-6840.50910587221,60,40.9234979663466,60,4324.13045001757
30,8,65,6859.4393067242,65,-6252.53282145589,65,-396.313652096556,65,4592.88800775035
30,8,70,7088.04414410355,70,-5621.45768008118,70,-852.725842895391,70,4788.49056145211
30,8,75,7240.11002845908,75,-4962.71489125409,75,-1314.05475158719,75,4900.57205912684
30,8,80,7316.6998237141,80,-4293.95215692939,80,-1767.67857379116,80,4921.83384588582
30,8,85,7319.94447728038,85,-3634.18405971984,85,-2202.78337107276,85,4848.60642829296
30,8,90,7252.55620518071,90,-3002.8243530136,90,-2610.27937767731,90,4681.27187310883
35,8,0,1093.1476922088,0,-9634.04782233933,0,-200.443667266727,0,-78.4322940533768
35,8,5,1172.58354316167,5,-9643.53066722099,5,226.221249418734,5,190.263608909649
35,8,10,1399.78121803193,10,-9643.55511877402,10,626.906903218738,10,473.335127272125
35,8,15,1760.86985656395,15,-9628.06474619268,15,974.05216733589,15,780.655272373605
35,8,20,2234.29744670865,20,-9587.6790332576,20,1244.23862073659,20,1119.44577195383
35,8,25,2792.77408438593,25,-9510.5740126421,25,1419.84156275835,25,1493.16776933409
35,8,30,3405.69781720109,30,-9383.74740476956,30,1490.07582990058,30,1900.74563515535
35,8,35,4041.79539248893,35,-9194.54019539811,35,1451.36049340703,35,2336.27888499985
35,8,40,4671.64689093902,40,-8932.20711613022,40,1307.00831488867,40,2789.31724750864
35,8,45,5269.75601015643,45,-8589.30461879001,45,1066.32799006601,45,3245.65509948624
35,8,50,5815.90314197993,50,-8162.70780458918,50,743.294440884104,50,3688.49184749873
35,8,55,6295.66657031559,55,-7654.15837316426,55,354.979627284576,55,4099.74890750904
35,8,60,6700.17154647835,60,-7070.34682628367,60,-80.0623721574074,60,4461.34991709235
35,8,65,7025.26708003561,65,-6422.60762260803,65,-543.289735996594,65,4756.34323164502
35,8,70,7270.39318990052,70,-5726.33561778804,70,-1017.42100579135,70,4969.83587689212
35,8,75,7437.38265519093,75,-5000.21743651043,75,-1487.35049566851,75,5089.77470950533
35,8,80,7529.37213337217,80,-4265.33140557089,80,-1940.67761417358,80,5107.62922166404
35,8,85,7549.92218569101,85,-3544.13078624991,85,-2367.82839643076,85,5019.00263213636
35,8,90,7502.39563033385,90,-2859.30947396959,90,-2761.78622930451,90,4824.14629329772
40,8,0,559.629825147756,0,-9727.21916316059,0,-216.129759030371,0,-57.4153372057208
40,8,5,646.94335468997,5,-9736.29839795005,5,228.450786529455,5,190.049355323126
40,8,10,898.729639422565,10,-9741.38569806058,10,645.099591371534,10,452.671420294895
40,8,15,1298.96493588641,15,-9735.96170922115,15,1003.54861576899,15,743.142044330245
40,8,20,1822.79270250086,20,-9709.12000013735,20,1278.38102841443,20,1071.37646824974
40,8,25,2438.74547128865,25,-9646.41824683958,25,1450.86694994911,25,1442.93625662534
40,8,30,3111.59160927572,30,-9531.42308849391,30,1510.07298960986,30,1857.77752407464
40,8,35,3805.54496182188,35,-9347.80079145845,35,1453.19320075754,35,2309.67120250177
40,8,40,4487.42112879887,40,-9081.59576063117,40,1285.13092862394,40,2786.50533106822
40,8,45,5129.24355207029,45,-8723.24983180698,45,1017.43774046048,45,3271.43045226616
40,8,50,5709.87614967752,50,-8268.98793323885,50,666.776312832913,50,3744.56422119614
40,8,55,6215.48821859069,55,-7721.39152536065,55,253.105394260794,55,4184.8451557559
40,8,60,6638.95389583158,60,-7089.20962681086,60,-202.216467023662,60,4571.66889024773
40,8,65,6978.52496723428,65,-6386.62489967607,65,-678.23415042715,65,4886.1171389581
40,8,70,7236.20072255727,70,-5632.24481269835,70,-1155.95720488984,70,5111.80232342313
40,8,75,7416.14691805126,75,-4848.0266133213,75,-1619.54861799499,75,5235.49587223663
40,8,80,7523.36191144867,80,-4058.21813955727,80,-2057.02850469936,80,5247.72802621554
40,8,85,7562.64997950091,85,-3288.27485162083,85,-2460.41431138243,85,5143.45294316145
40,8,90,7537.90109729907,90,-2563.65799509637,90,-2825.28272103323,90,4922.7308622066
45,8,0,-16.3078179327884,0,-9626.36505528901,0,-219.162868625326,0,-27.8525390247501
45,8,5,76.5174978604633,5,-9632.94955525312,5,232.701348139325,5,203.304770586685
45,8,10,345.455365350088,10,-9640.05394058659,10,654.954181204712,10,448.634373133282
45,8,15,773.13676314604,15,-9641.71867986044,15,1015.74999542309,15,723.145105804999
45,8,20,1332.72938377667,20,-9626.45180844238,20,1288.78980277486,20,1039.46298343732
45,8,25,1990.13923658316,25,-9577.71670260308,25,1455.13380722987,25,1405.64692514355
45,8,30,2706.97157262938,30,-9475.63170768802,30,1504.1672423165,30,1823.19619423472
45,8,35,3444.10020580696,35,-9299.76487893391,35,1433.77572750841,35,2285.93523393926
45,8,40,4165.38624346309,40,-9032.43655374512,40,1249.84099957453,40,2780.24946031711
45,8,45,4840.85577603764,45,-8661.7024140088,45,965.184147779449,45,3286.67354321754
45,8,50,5448.67531760706,50,-8183.29346779746,50,598.079470812521,50,3782.34271286044
45,8,55,5975.59067366386,55,-7601.17274705906,55,170.45175722492,55,4243.55905203125
45,8,60,6415.9707632046,60,-6926.83961973423,60,-294.131331323168,60,4647.81734394262
45,8,65,6769.9801308816,65,-6177.86124769673,65,-772.537094960355,65,4975.0051236005
45,8,70,7041.51446530384,70,-5376.2080675072,70,-1244.03288533555,70,5207.92673818698
45,8,75,7236.36782746436,75,-4546.81339291522,75,-1691.90505425967,75,5332.57678845706
45,8,80,7360.81064507416,80,-3716.47366002809,80,-2104.48575562032,80,5338.58729922538
45,8,85,7420.53435613876,85,-2912.91590409179,85,-2475.39917024502,85,5220.03489117062
45,8,90,7419.86633345086,90,-2163.72336137069,90,-2802.96776070564,90,4976.47588348523
50,8,0,-608.075855167209,0,-9363.51651120367,0,-208.48579681662,0,4.04155843966492
50,8,5,-511.931131525272,5,-9364.95830214874,5,243.176508763042,5,224.73273367227
50,8,10,-233.94556680074,10,-9369.79987401209,10,663.366897476835,10,456.908140182715
50,8,15,208.20063782453,15,-9374.02631746488,15,1019.83586845222,15,717.118478598694
50,8,20,787.419023596802,20,-9366.96376244919,20,1286.70892909438,20,1020.52913727257
50,8,25,1469.03359314042,25,-9330.9067926547,25,1445.98089504319,25,1378.0240656928
50,8,30,2213.45026267745,30,-9242.72477873779,30,1487.9916984276,30,1793.1982489657
50,8,35,2979.76809129665,35,-9077.46746176636,35,1411.20666466228,35,2260.42769470112
50,8,40,3729.90913587376,40,-8813.07803311889,40,1221.61618535429,40,2764.91035134261
50,8,45,4432.3694698939,45,-8434.79033310043,45,931.92504580678,45,3284.77404548424
50,8,50,5064.61240870638,50,-7937.89958746974,50,560.51797394782,50,3794.47538501065
50,8,55,5613.55349846464,55,-7328.27245324568,55,130.065509956043,55,4268.24202811441
50,8,60,6074.30223421053,60,-6620.84445967616,60,-334.35628935563,60,4682.4797044172
50,8,65,6447.91035626378,65,-5837.01876827002,65,-807.605935852977,65,5016.74391134379
50,8,70,6739.01514993752,70,-5002.05765870532,70,-1267.01678816577,70,5253.65885793761
50,8,75,6953.9561092773,75,-4143.23295540045,75,-1694.68178323219,75,5378.62691110079
50,8,80,7099.46275347998,80,-3288.88898595811,80,-2078.97993213257,80,5380.10509425168
50,8,85,7181.69030576153,85,-2467.99356251061,85,-2414.98473826357,85,5250.73390379821
50,8,90,7205.37354823273,90,-1709.48428274145,90,-2703.67145863472,90,4989.00411951505
55,8,0,-1198.66136190544,0,-8973.90054903606,0,-186.102301401712,0,32.5186233858078
55,8,5,-1101.2041860224,5,-8967.47505029918,5,261.224853182772,5,248.049024311762
55,8,10,-821.956925057626,10,-8965.21905884892,10,674.676252080075,10,471.216812681218
55,8,15,-377.888490792227,15,-8966.58184715468,15,1022.60976950523,15,719.177555046789
55,8,20,205.383960072353,20,-8963.39015186295,20,1280.90336292568,20,1009.19767010348
55,8,25,894.728257650634,25,-8938.01940864427,25,1433.7864199958,25,1355.03891318717
55,8,30,1651.47119698847,30,-8864.53837553323,30,1473.35347860151,30,1762.76588076554
55,8,35,2434.67816071447,35,-8713.15530157828,35,1398.58389154408,35,2227.7843506509
55,8,40,3205.46405843614,40,-8456.73430924578,40,1214.58560353734,40,2734.5595992862
55,8,45,3931.26018378376,45,-8077.13040296561,45,932.327228880859,45,3259.26955574806
55,8,50,4588.68269455153,50,-7569.14721331238,50,568.577802486055,50,3774.27325185955
55,8,55,5164.15843588257,55,-6941.00015453302,55,145.427230516334,55,4252.50908138261
55,8,60,5652.46854524844,60,-6211.67562779574,60,-311.197605768417,60,4670.20737349686
55,8,65,6054.21350481863,65,-5406.74389893635,65,-774.183053895055,65,5007.40403631253
55,8,70,6373.36909411342,70,-4554.48857728297,70,-1218.61680296984,70,5246.99056831481
55,8,75,6615.59345144262,75,-3683.62332016263,75,-1625.04259861555,75,5373.71570067805
55,8,80,6787.22388741342,80,-2822.77695574102,80,-1981.65194286405,80,5374.35248126151
55,8,85,6894.48848989822,85,-2000.92552491065,85,-2284.82937888897,85,5239.38329878956
55,8,90,6942.5541378431,90,-1247.50358616238,90,-2538.02059405386,90,4965.58775805764
60,8,0,-1780.04187028886,0,-8489.36459283901,0,-156.124939135902,0,53.583245511882
60,8,5,-1683.05747811276,5,-8472.95284992217,5,285.878997416386,5,267.391574948406
60,8,10,-1409.02732078307,10,-8459.36024349535,10,690.967332375834,10,484.752856658836
60,8,15,-973.428804871521,15,-8452.8220615411,15,1028.80767421675,15,722.498788369448
60,8,20,-399.055455843464,20,-8449.29651918373,20,1278.17057322503,20,999.253722306083
60,8,25,284.279665840499,25,-8432.61005097412,25,1426.77101862326,25,1331.2450927441
60,8,30,1040.72486434435,30,-8374.698241286,30,1469.29734761982,30,1726.98115983471
60,8,35,1830.97901719676,35,-8240.80367253875,35,1405.22861940997,35,2183.21784160822
60,8,40,2616.49687894488,40,-7998.10334987681,40,1237.81883229458,40,2684.2705520704
60,8,45,3364.1387760843,45,-7624.49276598341,45,974.685604030955,45,3205.1415150912
60,8,50,4049.52175958356,50,-7114.12520389381,50,629.301578238619,50,3717.00414193883
60,8,55,4657.87249750408,55,-6477.86920505661,55,221.971639082288,55,4192.47244164951
60,8,60,5182.50252070637,60,-5739.21873659994,60,-221.011040010908,60,4608.46430242775
60,8,65,5622.17203129885,65,-4928.07892577463,65,-670.453173862518,65,4946.06510549355
60,8,70,5978.79650519618,70,-4075.33799356212,70,-1098.85057056929,70,5188.5754981879
60,8,75,6256.19015588563,75,-3210.15392187835,75,-1484.9387278601,75,5319.81384575963
60,8,80,6459.54155242519,80,-2360.13040484846,80,-1816.65737921758,80,5324.32556318534
60,8,85,6594.83640617395,85,-1553.00504086363,85,-2091.70188217959,85,5189.83822547235
60,8,90,6667.71248215418,90,-817.836368390153,90,-2315.8191261656,90,4910.94623856126
65,8,0,-2350.29400928729,0,-7934.28496443341,0,-123.474491296354,0,65.4720725135208
65,8,5,-2255.29375156626,5,-7906.93869565777,5,314.699768812736,5,278.319058633978
65,8,10,-1991.03985808772,10,-7879.51687665954,10,712.55542586741,10,491.426319921952
65,8,15,-1571.09949932839,15,-7861.8446898949,15,1041.42796900148,15,720.543375042739
65,8,20,-1014.69025236892,20,-7855.22063484363,20,1283.73535453572,20,984.643653371818
65,8,25,-347.174473445506,25,-7846.13848638391,25,1431.60384994514,25,1301.47194574169
65,8,30,399.805452249523,30,-7805.19459640718,30,1482.97030402875,30,1681.44101196472
65,8,35,1189.95475654263,35,-7692.819069543,35,1437.78924055586,35,2122.74222858308
65,8,40,1986.12960162211,40,-7470.14909454649,40,1296.64250902798,40,2610.24546873322
65,8,45,2755.16879322504,45,-7110.65344240257,45,1062.45782328684,45,3118.90015882629
65,8,50,3471.66261671834,50,-6607.61707030441,50,744.069020075404,50,3619.93281893757
65,8,55,4119.07643284543,55,-5974.67307643356,55,359.114631913691,55,4086.68254742061
65,8,60,4688.27774740315,60,-5240.02913183499,60,-66.0063283250847,60,4497.39199267932
65,8,65,5174.98501120298,65,-4437.87591207911,65,-499.848755851366,65,4834.34566275092
65,8,70,5577.85698783797,70,-3601.18941237184,70,-912.068726062602,70,5081.01272960499
65,8,75,5897.89065800412,75,-2758.63075173671,75,-1279.53419687359,75,5219.86991417386
65,8,80,6138.50321132268,80,-1935.64446120538,80,-1590.0724258204,80,5232.87560504442
65,8,85,6305.1663983165,85,-1157.67102075023,85,-1842.81366224537,85,5104.80120913761
65,8,90,6403.9730721531,90,-452.602545295535,90,-2045.650685493,90,4827.96733466427
70,8,0,-2909.86988619907,0,-7324.5727064014,0,-92.6804528440944,0,68.4346905017953
70,8,5,-2818.05596385415,5,-7286.73800168622,5,344.677756908283,5,278.323012180134
70,8,10,-2566.16516892023,10,-7245.43574324342,10,738.549225795151,10,486.781650678796
70,8,15,-2165.76611999902,15,-7216.1797778793,15,1062.0226682128,15,707.984699396268
70,8,20,-1632.3498590578,20,-7206.11770808738,20,1301.4002814013,20,960.105969099003
70,8,25,-986.419777075104,25,-7205.21678549499,25,1453.55554067857,25,1261.03379852688
70,8,30,-254.679275286459,30,-7183.52242819649,30,1519.89787722468,30,1622.09705963102
70,8,35,530.511779234603,35,-7097.11085050719,35,1500.73491647681,35,2042.78674113355
70,8,40,1334.2986152259,40,-6901.1199648005,40,1393.42924923191,40,2509.32822176448
70,8,45,2124.11015862147,45,-6564.38498977442,45,1195.41055181587,45,2998.03127161918
70,8,50,2873.70252131277,50,-6079.11635780262,50,910.12066319869,50,3481.64487138439
70,8,55,3564.52633332106,55,-5461.60585877171,55,552.093179009837,55,3935.24040604714
70,8,60,4184.38119381363,60,-4744.65777540411,60,147.744481299614,60,4338.6743748739
70,8,65,4725.10140715789,65,-3966.4335347661,65,-269.152371392484,65,4675.09577221407
70,8,70,5181.21495895192,70,-3161.40548079508,70,-665.414431331043,70,4927.54755290919
70,8,75,5550.15849143098,75,-2356.95554829948,75,-1016.22592446119,75,5076.73070360891
70,8,80,5833.05231435667,80,-1575.55485022611,80,-1309.56619888319,80,5101.98546756382
70,8,85,6034.54577473929,85,-839.61161412107,85,-1546.11773481394,85,4985.43872793819
70,8,90,6161.04211713782,90,-175.225056210738,90,-1735.69586758153,90,4717.49330837613
75,8,0,-3458.4424231588,0,-6669.13974410884,0,-67.0717756681773,0,64.1197721197874
75,8,5,-3370.704289136,5,-6622.5040334133,5,373.040300939736,5,266.864545089205
75,8,10,-3132.20008292199,10,-6569.73713972452,10,767.485521895007,10,468.436156371188
75,8,15,-2752.60806552432,15,-6531.44091516739,15,1091.04482454215,15,681.208606442866
75,8,20,-2243.97577397322,20,-6520.32425178309,20,1333.59301738322,20,921.455882469503
75,8,25,-1622.15704864105,25,-6530.06265817587,25,1496.34267478193,25,1205.68868210062
75,8,30,-908.837679286687,30,-6530.79857666702,30,1583.80184135171,30,1544.94801238217
75,8,35,-132.016401702325,35,-6474.98913597492,35,1596.34743957553,35,1939.7589053227
75,8,40,676.3946755558,40,-6312.28830461938,40,1527.93216056905,40,2378.53101950678
75,8,45,1485.07137934238,45,-6007.07366145179,45,1370.38521057281,45,2840.46247814707
75,8,50,2267.38481063035,50,-5550.36588378045,50,1121.7352034481,50,3301.33197970002
75,8,55,3002.90166458625,55,-4960.79658969468,55,793.426571377169,55,3738.78238101761
75,8,60,3676.17522778492,60,-4275.28930579768,60,411.849405621439,60,4134.21574854055
75,8,65,4274.75934311025,65,-3535.37275952312,65,12.905606079084,65,4470.92884320969
75,8,70,4788.54985495555,70,-2776.36625487166,70,-367.744332454056,70,4730.74232546222
75,8,75,5210.90461987764,75,-2023.79105113588,75,-704.002533919518,75,4892.23929827327
75,8,80,5540.16253543225,80,-1296.69142913681,80,-984.247955439496,80,4932.45095434191
75,8,85,5779.73056427181,85,-614.063299890273,85,-1210.65714128368,85,4831.59500882636
75,8,90,5935.99868821031,90,0.219628064697825,90,-1394.57997980888,90,4578.83399507986
80,8,0,-3993.0486387082,0,-5972.57644836263,0,-48.4376419561556,0,54.8741779418286
80,8,5,-3909.97804621608,5,-5919.66818442653,5,397.863095980188,5,245.00605508012
80,8,10,-3684.91708250542,10,-5859.76643755634,10,797.97822776899,10,435.965552788083
80,8,15,-3325.81825007712,15,-5817.42944065126,15,1128.28894731539,15,638.305519989569
80,8,20,-2841.785613911,20,-5809.93213618019,20,1381.4628661354,20,865.54876516841
80,8,25,-2244.64920306527,25,-5834.29110254923,25,1561.92338110967,25,1131.51593446252
80,8,30,-1551.52508083529,30,-5861.15675734835,30,1676.29436266806,30,1445.86145719835
80,8,35,-786.087660288337,35,-5840.3107940778,35,1724.57495943688,35,1809.87274056445
80,8,40,23.0971975936594,40,-5716.92786057735,40,1697.50342410829,40,2214.88344773075
80,8,45,846.619905030036,45,-5451.55677327655,45,1581.94823753194,45,2644.35676017037
80,8,50,1658.14323794618,50,-5034.06650817958,50,1371.22587121572,50,3078.39523736541
80,8,55,2435.85001472876,55,-4484.91770706829,55,1074.07492026667,55,3497.79218113041
80,8,60,3161.31360246947,60,-3844.31455634097,60,716.723731160442,60,3885.18343360406
80,8,65,3817.86448352061,65,-3156.27194633845,65,336.615447762529,65,4223.16425584094
80,8,70,4390.64190659237,70,-2456.27378595917,70,-28.85758968532,70,4491.57415587329
80,8,75,4868.62286500182,75,-1767.60819731939,75,-352.85709104575,75,4666.71641746125
80,8,80,5246.9011309661,80,-1105.76839705637,80,-624.262096186795,80,4723.84938760778
80,8,85,5527.09005130056,85,-486.259254742452,85,-846.39943776478,85,4642.19270537239
80,8,90,5715.06172694885,90,69.5383097085555,90,-1031.55908455889,90,4410.42674584327
85,8,0,-4507.47456455892,0,-5237.93118763675,0,-37.074380843398,0,43.1528592948848
85,8,5,-4429.38192889998,5,-5181.66977960543,5,418.412429492335,5,214.770444351449
85,8,10,-4217.37735722613,10,-5120.03397016992,10,829.238368903731,10,390.314645665093
85,8,15,-3877.84167225894,15,-5080.11169379698,15,1173.32146024897,15,578.616710286132
85,8,20,-3417.49433176566,20,-5082.24940624335,20,1445.04304922994,20,790.002910981661
85,8,25,-2844.97630035066,25,-5125.92674879146,25,1650.39698760183,25,1034.81229121474
85,8,30,-2173.61590974238,30,-5182.45119340442,30,1796.69539726842,30,1320.61002052369
85,8,35,-1423.14107957564,35,-5200.01116458216,35,1883.01496321117,35,1649.27139391484
85,8,40,-618.587469149574,40,-5120.75127081465,40,1897.4183956374,40,2015.56776948023
85,8,45,213.183078792307,45,-4902.47485368983,45,1823.06964150553,45,2408.17201613764
85,8,50,1046.94331085112,50,-4534.11544551721,50,1649.83300780585,50,2812.35270222896
85,8,55,1860.26892521673,55,-4037.28637779758,55,1384.34577069768,55,3212.33230588244
85,8,60,2632.38733532128,60,-3454.30272421436,60,1052.36825438051,60,3591.61448729189
85,8,65,3342.86565262335,65,-2830.54814229089,65,691.92038445572,65,3931.41866407221
85,8,70,3972.32066744522,70,-2200.99408630242,70,341.077653116805,70,4209.1269846259
85,8,75,4505.27763718455,75,-1586.53345387941,75,26.8314599840542,75,4398.82622156067
85,8,80,4933.1844354169,80,-999.258698362134,80,-240.098772132236,80,4474.59161803187
85,8,85,5255.23451472209,85,-451.318655168897,85,-463.569673635167,85,4415.4428338005
85,8,90,5476.15100213899,90,38.5647402551768,90,-656.053468547991,90,4210.16939789029
90,8,0,-4992.35919827418,0,-4469.0504412574,0,-32.0641611684324,0,31.1067794639219
90,8,5,-4919.29909022245,5,-4412.40682058745,5,435.181183533928,5,178.410642405643
90,8,10,-4719.86220702092,10,-4354.68019294194,10,861.306802253718,10,332.971254912424
90,8,15,-4399.0218326469,15,-4323.96927444001,15,1225.72999159418,15,502.063745191668
90,8,20,-3961.6668977366,20,-4341.93809566568,20,1523.3811543821,20,692.852893228079
90,8,25,-3414.12977437464,25,-4409.31956388678,25,1760.00584399944,25,912.093019427197
90,8,30,-2766.85690996648,30,-4498.02785246085,30,1942.02311800302,30,1165.11489852831
90,8,35,-2036.18110446598,35,-4555.83485802925,35,2067.05546675763,35,1454.35087239642
90,8,40,-1243.58476605143,40,-4523.65764093822,40,2121.26238142456,40,1778.18673472758
90,8,45,-412.837974120343,45,-4358.0175973867,45,2085.71672887209,45,2130.81579687542
90,8,50,432.778274763253,50,-4047.28610607981,50,1948.37794577144,50,2502.90950467066
90,8,55,1271.14653678429,55,-3613.41886377281,55,1714.45096226105,55,2882.10905527664
90,8,60,2080.0298844286,60,-3099.4028843417,60,1408.76287936226,60,3252.54916949185
90,8,65,2836.01435788335,65,-2550.70118116887,65,1068.70766222269,65,3593.82403147216
90,8,70,3515.76147943543,70,-2001.14174916828,70,731.850584637084,70,3880.83707768416
90,8,75,4099.54472281059,75,-1469.2697476582,75,424.777120942095,75,4085.75299390581
90,8,80,4574.92481702351,80,-964.155907347409,80,158.054372862998,80,4181.96096594095
90,8,85,4938.09560915163,85,-494.869096940534,85,-71.9313574068591,85,4148.76047328516
90,8,90,5191.97661831567,90,-77.3463376553463,90,-277.021886611283,90,3975.31730051759
95,8,0,-5435.49097474851,0,-3672.48007472442,0,-31.6479944140561,0,20.3272119535576
95,8,5,-5367.33643812209,5,-3618.30460622985,5,449.63519356899,5,137.781080677497
95,8,10,-5180.0958933648,10,-3569.7302282197,10,894.921698672018,10,265.218542121354
95,8,15,-4877.56703219212,15,-3554.37560057824,15,1285.07647187705,15,408.581241868022
95,8,20,-4463.35274423562,20,-3593.42451964977,20,1614.53616659794,20,572.365683953561
95,8,25,-3942.29010992651,25,-3687.54994944728,25,1887.16284807875,25,760.308312639999
95,8,30,-3322.78908463687,30,-3809.15980981505,30,2107.07558317722,30,975.907513718644
95,8,35,-2618.35079040163,35,-3906.86649298309,35,2270.04293078556,35,1222.24661715581
95,8,40,-1846.98443772952,40,-3922.38256567245,40,2361.17983058877,40,1501.12219236056
95,8,45,-1028.97391815477,45,-3812.64488828072,45,2361.12064648844,45,1811.8704818583
95,8,50,-184.933800361346,50,-3565.9315968144,50,2257.45129315778,50,2150.17545541913
95,8,55,664.226095932443,55,-3203.64369149268,55,2054.55015264224,55,2506.84332857179
95,8,60,1495.80393890187,60,-2767.83424450203,60,1775.77590258812,60,2866.63498705365
95,8,65,2284.42016200704,65,-2302.6673300907,65,1456.66827604658,65,3207.79937332207
95,8,70,3003.65227067425,70,-1840.26931663016,70,1133.12531372683,70,3503.24589653129
95,8,75,3630.04082479301,75,-1397.07517507006,75,830.830409728172,75,3723.72715214361
95,8,80,4147.29804420881,80,-979.704251679507,80,560.479172712777,80,3842.29833717206
95,8,85,4548.2397473663,85,-594.527096273024,85,319.443977907891,85,3838.6520466619
95,8,90,4833.43401201114,90,-254.588474576466,90,97.2563324769345,90,3702.24894881022
100,8,0,-5822.08841597337,0,-2859.13607816922,0,-33.6184877313762,0,11.6975934124685
100,8,5,-5758.70008120028,5,-2810.09792677401,5,463.737828500052,5,93.9612369306451
100,8,10,-5583.63469997234,10,-2775.05686204123,10,931.065929026017,10,187.738004851765
100,8,15,-5299.83637952385,15,-2779.74705640255,15,1350.56989718833,15,297.937198474211
100,8,20,-4910.14621545454,20,-2843.21467639343,20,1715.42884522025,20,427.229533951989
100,8,25,-4418.57264742884,25,-2964.89876669451,25,2026.46177044998,25,577.388840337209
100,8,30,-3832.14668252822,30,-3117.69340710412,30,2284.52638334251,30,750.869834691865
100,8,35,-3162.0027899685,35,-3252.3778470533,35,2483.36328754017,35,951.558817144707
100,8,40,-2422.82584078969,40,-3313.53068574636,40,2607.84836222701,40,1184.11998011684
100,8,45,-1631.2236959764,45,-3260.23506178459,45,2639.58376592809,45,1452.07450033161
100,8,50,-804.653791222292,50,-3081.15767908125,50,2567.04174740462,50,1755.21237928301
100,8,55,37.939295723447,55,-2796.23539525675,55,2394.23727935386,55,2087.06899775006
100,8,60,874.387585013161,60,-2444.9619208868,60,2142.57355804396,60,2433.24689234774
100,8,65,1678.50517663534,65,-2068.83701169273,65,1844.69173862387,65,2771.39150092253
100,8,70,2421.92142313511,70,-1697.8039236149,70,1533.85312659957,70,3073.33475473694
100,8,75,3078.31323525306,75,-1346.55700123136,75,1234.40878685634,75,3309.11930327377
100,8,80,3627.96704825404,80,-1019.97416349638,80,957.368108533161,80,3451.72813998858
100,8,85,4060.28854948149,85,-722.207438646514,85,701.642014584693,85,3481.10077797941
100,8,90,4373.180910798,90,-463.352551150157,90,458.715784509372,90,3386.65701515487
105,8,0,-6135.22248978693,0,-2045.77467470822,0,-35.7168527312227,0,5.32496687913076
105,8,5,-6076.72040527878,5,-2004.28805525812,5,479.353194463212,5,47.2064446074493
105,8,10,-5914.49260268736,10,-1985.90153830532,10,970.339281400211,10,100.699447937766
105,8,15,-5650.98596256772,15,-2013.20624105519,15,1420.59744176238,15,170.077607527143
105,8,20,-5288.72547085337,20,-2101.76789668356,20,1821.64303541182,20,257.208137991122
105,8,25,-4831.34865982191,25,-2248.97838605129,25,2170.72293797341,25,363.16828344164
105,8,30,-4284.91768579901,30,-2428.45340763631,30,2465.06602163892,30,490.300969799488
105,8,35,-3658.52513975609,35,-2594.48875845658,35,2696.48395961659,35,643.422158930745
105,8,40,-2963.74045849479,40,-2696.44183400283,40,2850.27336518344,40,829.292610950216
105,8,45,-2213.54051769909,45,-2697.08747405232,45,2909.98505009449,45,1054.30896027534
105,8,50,-1422.02852986102,50,-2585.8980143265,50,2865.81432363781,50,1321.15004111871
105,8,55,-605.656441447009,55,-2380.52655066071,55,2721.70235664978,55,1625.52573404354
105,8,60,214.84211883055,60,-2116.44429890561,60,2496.75317304132,60,1954.20968076433
105,8,65,1013.68610316007,65,-1831.25224907363,65,2219.99113703442,65,2285.24543436273
105,8,70,1761.89359265239,70,-1552.29229429331,70,1921.35093492787,70,2590.56577457464
105,8,75,2431.48532129303,75,-1292.91984437325,75,1623.48331849683,75,2840.36184333803
105,8,80,3000.17689343881,80,-1057.03281618516,80,1337.72702305603,80,3007.83237105616
105,8,85,3454.36870053762,85,-847.133271828186,85,1064.81161774127,85,3072.95410628209
105,8,90,3789.30998063981,90,-670.430873113748,90,798.556374007902,90,3024.67699375426
110,8,0,-6356.70307392803,0,-1255.90108791144,0,-36.0390287387003,0,0.560924036306504
110,8,5,-6303.77576640661,5,-1223.92120269491,5,497.641692088694,5,-2.78336822963555
110,8,10,-6156.1175106423,10,-1223.61186469184,10,1012.34251633307,10,4.3006559153536
110,8,15,-5915.95140137419,15,-1273.42134150508,15,1492.31129483668,15,25.9253483847567
110,8,20,-5585.75624696676,20,-1384.57987847846,20,1927.34340412365,20,64.1614635632003
110,8,25,-5169.00080101537,25,-1552.13930778723,25,2311.21159754704,25,120.573897396148
110,8,30,-4670.93870804516,30,-1750.96737065258,30,2637.74473601433,30,198.221881442313
110,8,35,-4098.8161666986,35,-1940.14582517964,35,2897.19114047622,35,302.882593398022
110,8,40,-3461.35440326568,40,-2075.3557807318,40,3075.75344840703,40,442.560227988573
110,8,45,-2768.16547189114,45,-2124.23496578277,45,3159.44353336893,45,625.140660678607
110,8,50,-2030.09206690685,50,-2077.365832031,50,3140.5645082428,50,854.902606173649
110,8,55,-1260.82792343993,55,-1949.50315722377,55,3023.10880825944,55,1129.11919370309
110,8,60,-478.94200472701,60,-1770.98109398534,60,2823.72380461224,60,1436.0339223854
110,8,65,291.35395389797,65,-1574.52222804845,65,2567.47436606316,65,1755.0918426637
110,8,70,1021.90355672621,70,-1384.49885597657,70,2280.59001498109,70,2059.54638568728
110,8,75,1684.53794904619,75,-1213.2415146048,75,1983.72780465418,75,2320.68372299309
110,8,80,2255.6482790611,80,-1064.35441283882,80,1688.40908672145,80,2512.33242008071
110,8,85,2719.47008440412,85,-939.303639880025,85,1397.20202197125,85,2614.42413201192
110,8,90,3068.95623232557,90,-842.658610116269,90,1106.44948661144,90,2615.08571657366
115,8,0,-6468.60351427874,0,-519.455445655131,0,-33.4297414315771,0,-3.85518552613129
115,8,5,-6422.71620487125,5,-498.110656559046,5,518.564017486102,5,-56.3653414526165
115,8,10,-6292.68200792887,10,-515.13741791924,10,1055.24540505017,10,-100.441578264024
115,8,15,-6080.57643791331,15,-584.263246243159,15,1561.44849538593,15,-131.642708940634
115,8,20,-5788.8413451488,20,-712.157706548322,20,2025.46298513386,20,-146.884400652092
115,8,25,-5420.7055157119,25,-891.816394884652,25,2438.17388386065,25,-143.248431197501
115,8,30,-4980.55741553312,30,-1100.12617851388,30,2790.70875716153,30,-116.420570870323
115,8,35,-4473.89187858302,35,-1301.99596467349,35,3072.32621465757,35,-59.7641814638808
115,8,40,-3906.8878541234,40,-1460.43797446386,40,3270.46810267234,40,35.169713398391
115,8,45,-3286.21332893528,45,-1548.63680357165,45,3373.72491604919,45,176.534682505487
115,8,50,-2619.7642900149,50,-1558.47220799675,50,3376.51595816079,50,369.0601362824
115,8,55,-1918.44614811873,55,-1501.49277289832,55,3282.88413813084,55,610.976437225167
115,8,60,-1198.14446334435,60,-1402.27913678229,60,3107.04185444494,60,892.145348560568
115,8,65,-480.486880828114,65,-1288.0611657781,65,2870.09779123745,65,1194.18762289036
115,8,70,208.589925352795,70,-1179.92944669027,70,2594.4962675265,70,1492.71698480503
115,8,75,842.296734366887,75,-1089.31680916085,75,2298.71402934417,75,1761.03335643372
115,8,80,1397.19288906826,80,-1020.00604576442,80,1994.21926447398,80,1974.15124219782
115,8,85,1856.51469567087,85,-972.996061656886,85,1685.25515828591,85,2112.10938773171
115,8,90,2211.5641687326,90,-950.651554638815,90,1370.71712071373,90,2162.06481040915
120,8,0,-6455.21818114142,0,129.303611993676,0,-27.7905449351085,0,-9.5094970706503
120,8,5,-6418.5583222004,5,140.152814032548,5,540.603907041396,5,-113.378402714931
120,8,10,-6310.40384191585,10,109.023475718611,10,1095.65586877709,10,-210.957150461359
120,8,15,-6132.52173428524,15,26.9168963126593,15,1622.47635320668,15,-297.06022601913
120,8,20,-5887.05166980978,20,-108.730183154128,20,2108.21607743602,20,-367.107649971129
120,8,25,-5576.66868618062,25,-289.644741907822,25,2541.72830445629,25,-416.41510301789
120,8,30,-5204.67286573813,30,-495.58643752841,30,2912.3975898166,30,-439.252882980511
120,8,35,-4774.8214232194,35,-697.958418232986,35,3209.17207956551,35,-428.362385920512
120,8,40,-4291.0468819103,40,-867.491376087502,40,3420.95378165979,40,-375.500919655477
120,8,45,-3757.53996879344,45,-983.101702880508,45,3538.76937844463,45,-273.151963236574
120,8,50,-3179.6641651442,50,-1038.07031266405,50,3558.92158599407,50,-117.004685455408
120,8,55,-2565.66793344638,55,-1040.79712599872,55,3485.43440542838,55,91.5862184536763
120,8,60,-1928.45353118286,60,-1010.06560337702,60,3330.25206885385,60,344.045432443806
120,8,65,-1286.29445446884,65,-967.437094158832,65,3110.80291796403,65,624.571407528119
120,8,70,-661.725457385837,70,-930.498858118896,70,2845.92464919302,70,911.821338184041
120,8,75,-78.7032200974188,75,-909.688303698892,75,2551.86853172829,75,1181.84897521437
120,8,80,441.005385085247,80,-909.121143157759,80,2239.81710100483,80,1411.466571165
120,8,85,880.925673445227,85,-929.734001343627,85,1915.43136900628,85,1581.19943206748
120,8,90,1231.51795934935,90,-972.236772053331,90,1580.05135981406,90,1677.36158386451
125,8,0,-6304.90081836053,0,655.724711405612,0,-20.1860876791443,0,-17.9061517764573
125,8,5,-6279.95840945805,5,657.807560636578,5,560.798681182158,5,-172.678019589528
125,8,10,-6198.47623533674,10,618.254330670762,10,1128.8314740268,10,-322.773737190553
125,8,15,-6061.5829959693,15,532.190655168887,15,1669.03964947993,15,-462.009719424076
125,8,20,-5870.66360713917,20,400.121753953541,20,2167.8399480833,20,-584.208306076094
125,8,25,-5627.37480650001,25,230.491757634215,25,2612.94984920019,25,-682.97336475478
125,8,30,-5333.6054471265,30,39.9170790654607,30,2992.9936725401,30,-751.363846481372
125,8,35,-4991.31717194102,35,-149.703625632306,35,3297.26366643191,35,-781.844178688382
125,8,40,-4602.41961634989,40,-316.615847333199,40,3516.25234687291,40,-766.845274438084
125,8,45,-4169.02129278396,45,-445.235289550475,45,3643.15099841934,45,-700.031342124587
125,8,50,-3694.33616208507,50,-530.315523314639,50,3675.81107000783,50,-578.048499183559
125,8,55,-3184.15194908824,55,-577.524194501276,55,3618.15890521291,55,-402.268700794462
125,8,60,-2648.28261649623,60,-600.353984765352,60,3480.1427825188,60,-179.943425036074
125,8,65,-2101.18994823455,65,-614.974733407542,65,3275.97304940412,65,75.7038062059277
125,8,70,-1561.19610811983,70,-635.394171142703,70,3021.2606186004,70,346.610510798407
125,8,75,-1048.32099134334,75,-670.776536654408,75,2730.13919778601,75,612.008396442897
125,8,80,-581.404543716937,80,-725.386344633083,80,2413.34023526528,80,851.029883450769
125,8,85,-175.461424850022,85,-800.24236473955,85,2077.65361543213,85,1045.19569388678
125,8,90,159.950558924438,90,-894.92830803656,90,1726.62828892106,90,1180.3728823651
130,8,0,-6011.2240929689,0,1029.67159061073,0,-12.6413359506975,0,-30.0163747937771
130,8,5,-6000.0430619497,5,1026.29776119196,5,575.120360160565,5,-231.947976128621
130,8,10,-5949.37944078941,10,985.837695411707,10,1149.19939757302,10,-429.77894807426
130,8,15,-5859.37710781012,15,906.443428663811,15,1694.58766182521,15,-616.288533246823
130,8,20,-5730.19526031725,20,790.311390032408,20,2197.33851678136,20,-783.943664834577
130,8,25,-5562.00362256948,25,644.915329690029,25,2644.79282494818,25,-925.063115146432
130,8,30,-5354.95054591807,30,482.764895062278,30,3025.62298398578,30,-1031.96512529391
130,8,35,-5109.09827642213,35,319.320133142408,35,3329.9654677247,35,-1097.23837027775
130,8,40,-4824.448145126,40,169.489329897206,40,3549.93008754376,40,-1114.28179559408
130,8,45,-4501.26994264954,45,43.8716058850672,45,3680.55161451914,45,-1078.16776682837
130,8,50,-4140.88373836431,50,-53.8357926221741,50,3720.8893894862,50,-986.734653302498
130,8,55,-3746.79395399902,55,-127.263478159679,55,3674.72229407544,55,-841.668048143673
130,8,60,-3325.77297514207,60,-185.549759371125,60,3550.33923758092,60,-649.244304802377
130,8,65,-2888.34672268276,65,-240.14678790993,65,3359.29646873084,65,-420.43337438009
130,8,70,-2448.28409720415,70,-301.60548343228,70,3114.48675588942,70,-170.203836848923
130,8,75,-2021.08324149361,75,-377.477291987016,75,2828.16100970342,75,83.9015746732367
130,8,80,-1621.86858528379,80,-471.740983989715,80,2510.51517148339,80,323.643046696509
130,8,85,-1263.34090336961,85,-585.365158147357,85,2169.17091500758,85,532.043585655425
130,8,90,-954.363662176895,90,-717.185242078533,90,1809.52892763138,90,695.11645592103
135,8,0,-5573.34690362172,0,1230.01772108559,0,-7.60136269708958,0,-45.8953423182107
135,8,5,-5576.65342709615,5,1225.60995920918,5,579.178310201332,5,-287.866479015922
135,8,10,-5558.87591738743,10,1192.42218256529,10,1151.09977982019,10,-525.092398252408
135,8,15,-5518.97731106413,15,1130.30521812141,15,1693.03408267234,15,-749.493015647353
135,8,20,-5455.59223667508,20,1041.75797856737,20,2190.99251075368,20,-952.65949624017
135,8,25,-5367.09989450976,25,932.360654096082,25,2632.47811901699,25,-1126.25882572818
135,8,30,-5251.69355908246,30,810.398977418228,30,3006.73197040216,30,-1262.45751412746
135,8,35,-5107.45526804927,35,685.537447105366,35,3304.99021043043,35,-1354.35940221174
135,8,40,-4932.51171297469,40,566.798151702771,40,3520.87021965171,40,-1396.48482388056
135,8,45,-4725.38640796899,45,460.455743658201,45,3650.89822919352,45,-1385.31517948196
135,8,50,-4485.61399561203,50,368.578546998286,50,3695.02499248737,50,-1319.88689896846
135,8,55,-4214.53771313389,55,288.741701243261,55,3656.85955480712,55,-1202.35410105249
135,8,60,-3916.04172068121,60,214.988316038699,60,3543.38098751309,60,-1038.37698486501
135,8,65,-3596.88915770567,65,139.634249574858,65,3364.07185182278,65,-837.169584254153
135,8,70,-3266.41957575838,70,55.2377877938109,70,3129.65912176213,70,-611.083690301254
135,8,75,-2935.5832732955,75,-43.8903317475127,75,2850.81385980012,75,-374.711319397365
135,8,80,-2615.54496191821,80,-160.93759040093,80,2537.1683162637,80,-143.613235318687
135,8,85,-2316.24863935346,85,-296.508119823175,85,2196.8735034795,85,67.1323138518533
135,8,90,-2045.33173326049,90,-448.868262099004,90,1836.72578128243,90,244.351377982355
140,8,0,-4996.11259342905,0,1247.53199427525,0,-7.15760405621496,0,-64.4721286148443
140,8,5,-5012.64862687433,5,1246.73262397202,5,569.129596104048,5,-336.567004689393
140,8,10,-5026.53345144162,10,1228.11148129775,10,1129.65111321841,10,-602.270357073569
140,8,15,-5035.60992940024,15,1191.9829719542,15,1659.37244773364,15,-852.992804388817
140,8,20,-5036.99848530663,20,1140.05716365596,20,2144.56558073221,20,-1080.02699642627
140,8,25,-5027.28786385104,25,1075.50265269313,25,2573.22855366238,25,-1275.04558961741
140,8,30,-5002.74007739831,30,1002.64582787903,30,2935.39984540144,30,-1430.61624151284
140,8,35,-4959.50800089867,35,926.26171511512,35,3223.41162584854,35,-1540.66781835864
140,8,40,-4893.89680684744,40,850.578129329127,40,3432.12773639819,40,-1600.88037014405
140,8,45,-4802.71667129435,45,778.263201783618,45,3559.16972848372,45,-1609.00471946545
140,8,50,-4683.74737608156,50,709.72053719675,50,3605.06771137973,50,-1565.12918371966
140,8,55,-4536.26415491756,55,642.938381543939,55,3573.22652657728,55,-1471.89359863101
140,8,60,-4361.49232064493,60,573.954701978343,60,3469.61223555424,60,-1334.61290075426
140,8,65,-4162.81877287339,65,497.789911905059,65,3302.14469617793,65,-1161.23742522233
140,8,70,-3945.62835081693,70,409.558926114732,70,3079.89200308616,70,-962.070841195201
140,8,75,-3716.74534794555,75,305.463340327113,75,2812.24472236059,75,-749.200791973971
140,8,80,-3483.59594303323,80,183.472975057575,80,2508.26124996366,80,-535.659716176072
140,8,85,-3253.30295277521,85,43.6627933575543,85,2176.31770836628,85,-334.39607353462
140,8,90,-3031.93903225744,90,-111.712627952277,90,1824.09738642008,90,-157.175021050978
145,8,0,-4290.68560987688,0,1085.93383302649,0,-12.2745942513325,0,-83.5790942810267
145,8,5,-4317.07637685597,5,1092.4856686535,5,542.605254457874,5,-374.220879993101
145,8,10,-4357.62695630816,10,1093.27681550724,10,1081.6353163195,10,-656.389497693217
145,8,15,-4409.3787929527,15,1088.21119016651,15,1590.27825815573,15,-921.435189483213
145,8,20,-4468.28459593056,20,1077.61335569311,20,2055.39318894305,20,-1160.89990586559
145,8,25,-4529.49645906905,25,1062.19915939162,25,2465.68082359219,25,-1366.99942094229
145,8,30,-4587.68221788595,30,1042.93219308847,30,2812.0050938141,30,-1533.10208888489
145,8,35,-4637.35214263926,35,1020.75167502488,35,3087.60510167795,35,-1654.13302290187
145,8,40,-4673.19385845055,40,996.21071072203,40,3288.21819974103,40,-1726.86428211755
145,8,45,-4690.42251138756,45,969.116282240953,45,3412.12407411615,45,-1750.08860420629
145,8,50,-4685.14478740489,50,938.287784272753,50,3460.09830874395,50,-1724.69984294245
145,8,55,-4654.70884841715,55,901.533213976221,55,3435.24809405564,55,-1653.70653285065
145,8,60,-4597.98087734554,60,855.884148671616,60,3342.70776155579,60,-1542.18637514545
145,8,65,-4515.4738024901,65,798.054760996842,65,3189.20133286086,65,-1397.16138479312
145,8,70,-4409.27069581753,70,725.027724587086,70,2982.52145926666,70,-1227.35380764021
145,8,75,-4282.73362940809,75,634.645250982947,75,2731.00812926307,75,-1042.78472985719
145,8,80,-4140.05006750287,80,526.101066300984,80,2443.11862438185,80,-854.201662055502
145,8,85,-3985.71679251486,85,400.27194327402,85,2127.15734423042,85,-672.358273425328
145,8,90,-3824.07539155514,90,259.868455171643,90,1791.18905085578,90,-507.205197056348
150,8,0,-3476.06584788376,0,761.9716214027,0,-22.3080973756516,0,-100.242050813915
150,8,5,-3507.39238780744,5,777.691536073554,5,499.409802588706,5,-397.56061730473
150,8,10,-3566.41263292006,10,799.120372279779,10,1006.27123308074,10,-684.62490880002
150,8,15,-3649.8427359446,15,825.369967613273,15,1484.75505906658,15,-953.193633813549
150,8,20,-3753.05435020694,20,855.319835541743,20,1922.67466461389,20,-1195.49534356733
150,8,25,-3870.40050916995,25,887.626717363404,25,2309.61068325826,25,-1404.63558733523
150,8,30,-3995.5809323422,30,920.731054500746,30,2637.21667457674,30,-1574.97938273891
150,8,35,-4122.01837279682,35,952.851265618367,35,2899.39911884713,35,-1702.45686237174
150,8,40,-4243.22560265894,40,981.966439655382,40,3092.38366842638,40,-1784.76092205624
150,8,45,-4353.14988829451,45,1005.80269958605,45,3214.68240055526,45,-1821.43226981293
150,8,50,-4446.48383854016,50,1021.85070193081,50,3266.97374223833,50,-1813.84869561605
150,8,55,-4518.92730472815,55,1027.44445385189,55,3251.90285930787,55,-1765.14363676826
150,8,60,-4567.378290004,60,1019.92165222166,60,3173.81098428082,60,-1680.07257058812
150,8,65,-4590.02827154398,65,996.865590700897,65,3038.40963755855,65,-1564.82985351263
150,8,70,-4586.34456152929,70,956.405493849879,70,2852.42739779558,70,-1426.80295411038
150,8,75,-4556.94004370564,75,897.534097205682,75,2623.26667389481,75,-1274.24448260347
150,8,80,-4503.35355946246,80,820.393486582908,80,2358.70956242203,80,-1115.84904050391
150,8,85,-4427.78353813622,85,726.482565555734,85,2066.70234159355,85,-960.239757119029
150,8,90,-4332.82512717151,90,618.748061145099,90,1755.22918042343,90,-815.392474580379
155,8,0,-2580.78394445612,0,305.62465810474,0,-35.0423587553849,0,-111.220344996465
155,8,5,-2611.74789721755,5,329.817320600998,5,441.750402839708,5,-404.279816845443
155,8,10,-2679.39285684393,10,369.0764212632,10,905.671257161049,10,-686.259064703204
155,8,15,-2780.5917176636,15,421.801320367255,15,1344.73927523554,15,-949.746493851534
155,8,20,-2910.78394104192,20,485.803960108299,20,1748.10450726587,20,-1187.95701294638
155,8,25,-3064.27381565328,25,558.383222440039,25,2106.43386191493,25,-1395.04670632531
155,8,30,-3234.5742104125,30,636.430095017249,30,2412.18876267429,30,-1566.39049165468
155,8,35,-3414.76693056339,35,716.55449635594,35,2659.79029341724,35,-1698.79252879705
155,8,40,-3597.85460608201,40,795.222893093618,40,2845.67798312369,40,-1790.61064547395
155,8,45,-3777.08453292868,45,868.898484521881,45,2968.27517664171,45,-1841.79083695814
155,8,50,-3946.23004292573,50,934.181089251579,50,3027.87704871483,50,-1853.82074988857
155,8,55,-4099.81867734188,55,987.94906784966,55,3026.47796604219,55,-1829.6178608377
155,8,60,-4233.29893780265,60,1027.50783145614,60,2967.55479865821,60,-1773.36745497177
155,8,65,-4343.14000906195,65,1050.74721458345,65,2855.82312659009,65,-1690.31934311018
155,8,70,-4426.86301826681,70,1056.30366052759,70,2696.98410441346,70,-1586.54459047247
155,8,75,-4483.0085822835,75,1043.71484504644,75,2497.47993678563,75,-1468.64876277852
155,8,80,-4511.05258831125,80,1013.54676898343,80,2264.27398342672,80,-1343.43920092686
155,8,85,-4511.28820922488,85,967.468801118311,85,2004.66651184234,85,-1217.55099314131
155,8,90,-4484.69481094766,90,908.251978372602,90,1726.14933968727,90,-1097.04767548755
160,8,0,-1643.25496831458,0,-239.425085253303,0,-47.2988134887316,0,-113.753652347908
160,8,5,-1669.52623749472,5,-209.847294144637,5,373.83222271749,5,-393.39630078755
160,8,10,-1736.29690534801,10,-159.025166871934,10,784.720941027592,10,-662.434169781566
160,8,15,-1840.95179730635,15,-88.8908755394307,15,1175.34590660212,15,-914.609321079965
160,8,20,-1979.52884187009,20,-2.07926696485041,20,1536.53560133281,20,-1144.29588190015
160,8,25,-2146.94652648411,25,98.1830632912552,25,1860.28182801385,25,-1346.72790900454
160,8,30,-2337.27542419731,30,208.220841682218,30,2139.97695531072,30,-1518.18919112615
160,8,35,-2544.03188557156,35,324.076798344671,35,2370.56858040418,35,-1656.15003878267
160,8,40,-2760.47320105639,40,441.691034335376,40,2548.63274654264,40,-1759.34160487533
160,8,45,-2979.87660351092,45,557.082006149081,45,2672.37287739276,45,-1827.76512789506
160,8,50,-3195.78851580403,50,666.519908034435,50,2741.5556196662,50,-1862.63979378644
160,8,55,-3402.23467348347,55,766.68610956545,55,2757.39687135923,55,-1866.29711905243
160,8,60,-3593.88569171569,60,854.814937710119,60,2722.41181174554,60,-1842.03121019425
160,8,65,-3766.17615979989,65,928.815406302642,65,2640.2422276452,65,-1793.91338128583
160,8,70,-3915.37849674398,70,987.370030752301,70,2515.47320294921,70,-1726.5776810111
160,8,75,-4038.63563801696,75,1030.00592826432,75,2353.44943892368,75,-1644.98244654288
160,8,80,-4133.95902694764,80,1057.13092776289,80,2160.09908626792,80,-1554.15328132437
160,8,85,-4200.20004906299,85,1070.02561847433,85,1941.77000420112,85,-1458.91528745736
160,8,90,-4237.00361853941,90,1070.78226552507,90,1705.08001459303,90,-1363.62651507879
165,8,0,-709.449479483246,0,-816.385839614036,0,-55.9440328329626,0,-106.406870354023
165,8,5,-728.645765795694,5,-786.01201808796,5,300.842325740216,5,-365.697932181521
165,8,10,-787.050861364349,10,-731.816675268457,10,650.214701202052,10,-616.088209170605
165,8,15,-882.730864880416,15,-655.5980817648,15,984.361997629421,15,-852.665420496726
165,8,20,-1012.63124586861,20,-559.798832353592,20,1296.03823107971,20,-1071.02936572624
165,8,25,-1172.72288068298,25,-447.399558584901,25,1578.79151418948,25,-1267.44554634008
165,8,30,-1358.18372416626,30,-321.788465379928,30,1827.14888391048,30,-1438.96836159759
165,8,35,-1563.60341217165,35,-186.613425366933,35,2036.75096364086,35,-1583.52700185395
165,8,40,-1783.19792109631,40,-45.6246190861453,40,2204.43455435375,40,-1699.96965187562
165,8,45,-2011.02239642584,45,97.4838754965313,45,2328.26491691429,45,-1788.06452607538
165,8,50,-2241.17209759534,50,239.225553242141,50,2407.5224051634,50,-1848.45909069822
165,8,55,-2467.96373626384,55,376.459041118713,55,2442.65007296137,55,-1882.60116013504
165,8,60,-2686.09197728736,60,506.506061204371,60,2435.16990213479,60,-1892.62715848418
165,8,65,-2890.75826326798,65,627.245324872228,65,2387.57548923948,65,-1881.22373478102
165,8,70,-3077.77123390049,70,737.178812230072,70,2303.20855332116,70,-1851.46934207701
165,8,75,-3243.61972958008,75,835.467512631402,75,2186.12566577511,75,-1806.66266588164
165,8,80,-3385.52063153287,80,921.934193208008,80,2040.96033162646,80,-1750.14520352804
165,8,85,-3501.44456639629,85,997.03142083624,85,1872.78413540524,85,-1685.12598045456
165,8,90,-3590.12279043597,90,1061.77420035602,90,1686.96926954463,90,-1614.51725369325
170,8,0,172.177338368299,0,-1359.05826299283,0,-58.9409837787577,0,-89.8003411116529
170,8,5,160.287779137924,5,-1332.53880265001,5,227.609340271374,5,-324.225839703632
170,8,10,114.999727821887,10,-1282.93000116441,10,509.391495522447,10,-552.236617483544
170,8,15,37.5562718496751,15,-1211.54185344925,15,780.88934822588,15,-770.300383912719
170,8,20,-69.9904143366961,20,-1120.16396480055,20,1036.91253800462,20,-975.210891214768
170,8,25,-204.857487050707,25,-1010.99344087558,25,1272.74259431284,25,-1164.17926992326
170,8,30,-363.633424293529,30,-886.547862244522,30,1484.25828409893,30,-1334.90684800943
170,8,35,-542.398074505335,35,-749.567551058939,35,1668.03609518151,35,-1485.63634936457
170,8,40,-736.854746574847,40,-602.911872714788,40,1821.42335935004,40,-1615.17949590433
170,8,45,-942.468280792198,45,-449.454565244938,45,1942.58310192374,45,-1722.9202814581
170,8,50,-1154.60339631062,50,-291.983043085469,50,2030.51113628132,50,-1808.79444564475
170,8,55,-1368.65827495081,55,-133.106303941806,55,2085.02710467503,55,-1873.24685940901
170,8,60,-1580.18920586923,60,24.824473171694,60,2106.7420448729,60,-1917.1695705822
170,8,65,-1785.02307187885,65,179.779255279823,65,2097.00562184338,65,-1941.824107996
170,8,70,-1979.35540894334,70,330.093840671473,70,2057.83642618728,70,-1948.75229508103
170,8,75,-2159.83263840831,75,474.494225943037,75,1991.83875382625,75,-1939.68028523738
170,8,80,-2323.61780371304,80,612.099929421807,80,1902.10910811925,80,-1916.4208113459
170,8,85,-2468.43971115326,85,742.406551906556,85,1792.13537630261,85,-1880.77873975629
170,8,90,-2592.62577237021,90,865.248914275785,90,1665.69129574296,90,-1834.46491600886
175,8,0,956.986046375557,0,-1799.77782338598,0,-56.0267433275876,0,-66.9267372318619
175,8,5,951.070141761696,5,-1780.31774997467,5,157.45279516002,5,-274.486089607255
175,8,10,921.150431739349,10,-1740.8944593837,10,368.413539458284,10,-478.246504116188
175,8,15,867.854628194778,15,-1682.20425888413,15,573.605167383387,15,-675.915198071498
175,8,20,792.267782210609,20,-1605.22323429231,20,769.923012697019,20,-865.342391690108
175,8,25,695.900217642902,25,-1511.17709110194,25,954.480580410728,25,-1044.56297973185
175,8,30,580.643981093893,30,-1401.50453924873,30,1124.67480306188,30,-1211.8312560038
175,8,35,448.719454928544,35,-1277.8158092701,35,1278.24213247663,35,-1365.64757751768
175,8,40,302.614076120769,40,-1141.84807036921,40,1413.30395576295,40,-1504.77623480759
175,8,45,145.015301887648,45,-995.419615455318,45,1528.40025892731,45,-1628.25420497954
175,8,50,-21.2599384450416,50,-840.384680448426,50,1622.5109109667,50,-1735.39088323904
175,8,55,-193.337062064318,55,-678.59067583462,55,1695.06438192895,55,-1825.75929537309
175,8,60,-368.354758809573,60,-511.839433282192,60,1745.93412036842,60,-1899.17966733575
175,8,65,-543.53301206702,65,-341.853819040557,65,1775.42318382077,65,-1955.69655011809
175,8,70,-716.236405566729,70,-170.250752443145,70,1784.23803067503,70,-1995.5509527607
175,8,75,-884.031148470326,75,1.47869140346482,75,1773.45263859138,75,-2019.14911142857
175,8,80,-1044.73451461172,80,171.981802121009,80,1744.46431334407,80,-2027.0296094886
175,8,85,-1196.45566471541,85,340.049478728409,85,1698.94269605951,85,-2019.83055819788
175,8,90,-1337.62709308479,90,504.614679311398,90,1638.77357189647,90,-1998.25844997982
180,8,0,1609.43785436259,0,-2080.54949939293,0,-48.70853662987,0,-42.7834525463774
180,8,5,1607.5586861123,5,-2068.90355682868,5,91.7485656606832,5,-223.952485535617
180,8,10,1593.44502559021,10,-2041.51200895884,10,231.507405967264,10,-403.417104883724
180,8,15,1567.20428627498,15,-1998.58332200218,15,369.504335126438,15,-579.811476473761
180,8,20,1529.03617603736,20,-1940.44420918747,20,504.689113182481,20,-751.79313262809
180,8,25,1479.23117724282,25,-1867.5371442686,25,636.032902347587,25,-918.053189098012
180,8,30,1418.16833600526,30,-1780.41699403209,30,762.536097078664,30,-1077.32630646323
180,8,35,1346.31237741724,35,-1679.74679542581,35,883.235931679087,35,-1228.40032012885
180,8,40,1264.21016871144,40,-1566.2927094475,40,997.213807526995,40,-1370.1254656299
180,8,45,1172.48655727077,45,-1440.9181901969,45,1103.60228416546,45,-1501.42312903313
180,8,50,1071.83961516253,50,-1304.57741346871,50,1201.59168104815,50,-1621.29405584035
180,8,55,963.035326388453,55,-1158.30801489864,55,1290.43623969717,55,-1728.8259559185
180,8,60,846.901757283928,60,-1003.2231929297,60,1369.45979937539,60,-1823.20044657846
180,8,65,724.322754433209,65,-840.503236699828,65,1438.06094307793,65,-1903.69928096143
180,8,70,596.231218063219,70,-671.386543328945,70,1495.7175746787,70,-1969.70981433123
180,8,75,463.602002109515,75,-497.16019296905,75,1541.99089239721,75,-2020.72966667066
180,8,80,327.444494989213,80,-319.150153347127,80,1576.52872834501,80,-2056.3705460968
180,8,85,188.794937545652,85,-138.711188350101,85,1599.06822873604,85,-2076.36120399666
180,8,90,48.7085366298689,90,42.7834525463741,90,1609.43785436259,90,-2080.54949939293
185,8,0,-2105.77092339504,0,2164.22537025819,0,39.5374782547422,0,23.2459689525606
185,8,5,-2106.15058021701,5,2158.58433821878,5,-30.4285554832022,5,180.619634481176
185,8,10,-2106.92858723551,10,2141.15545063568,10,-101.183731445343,10,337.377467342542
185,8,15,-2107.79159130278,15,2111.98063080049,15,-173.761393518432,15,492.638417257051
185,8,20,-2108.16331324923,20,2071.15782771462,20,-249.10553533317,20,645.530558282211
185,8,25,-2107.22486040846,25,2018.83529961437,25,-328.018010579281,25,795.195152395481
185,8,30,-2103.94449673317,30,1955.20522505845,30,-411.110227675485,30,940.788153531436
185,8,35,-2097.11598614379,35,1880.49760143894,35,-498.761045846173,35,1081.47901510676
185,8,40,-2085.40432346106,40,1794.97540906812,40,-591.08240351652,40,1216.44697588898
185,8,45,-2067.3974021563,45,1698.93194395114,45,-687.893966065717,45,1344.87530442953
185,8,50,-2041.66195102972,50,1592.69105960802,50,-788.707786501966,50,1465.94425547486
185,8,55,-2006.80191293525,55,1476.61081992585,55,-892.723640694872,55,1578.82370977111
185,8,60,-1961.51734526579,60,1351.09076857527,60,-998.83534217042,60,1682.66661251415
185,8,65,-1904.66189798313,65,1216.58268797201,65,-1105.64797563503,65,1776.60438158319
185,8,70,-1835.29697026715,70,1073.60437711382,70,-1211.50562935582,70,1859.74541696025
185,8,75,-1752.74075689606,75,922.755649393077,75,-1314.5288693507,75,1931.177706515
185,8,80,-1656.61056207825,80,764.735464919733,80,-1412.66089572756,80,1989.97629691665
185,8,85,-1546.85697083661,85,600.358891026805,85,-1503.72106264028,85,2035.21609518056
185,8,90,-1423.78871424601,90,430.572449331516,90,-1585.46423327517,90,2065.99010603329
190,8,0,-2434.02766546694,0,2041.8819449223,0,30.9559245718743,0,13.4246163393842
190,8,5,-2435.26870029371,5,2038.66194408084,5,26.8936549577153,5,150.85937951475
190,8,10,-2448.6320398757,10,2026.30825608028,10,20.7437228317158,10,287.523799305943
190,8,15,-2473.51835360212,15,2005.1134774298,15,9.47249152364948,15,422.544866906287
190,8,20,-2508.75853629804,20,1975.48935515287,20,-9.77840367727123,20,555.1692967592
190,8,25,-2552.64670201774,25,1937.91920894658,25,-39.5775414289281,25,684.786673550618
190,8,30,-2602.99219668618,30,1892.9047852421,30,-82.0973390568507,30,810.936584020553
190,8,35,-2657.18947432697,35,1840.91252473625,35,-139.019753295236,35,933.299020318069
190,8,40,-2712.30395357721,40,1782.32417413864,40,-211.457766277015,40,1051.66871955219
190,8,45,-2765.17121221435,45,1717.39630337506,45,-299.895941187651,45,1165.91536794459
190,8,50,-2812.50614948339,50,1646.23264745169,50,-404.152676586713,50,1275.93270647186
190,8,55,-2851.01813713735,55,1568.77231133883,55,-523.365901196996,55,1381.58049834376
190,8,60,-2877.52778617536,60,1484.79578281367,60,-656.002876665836,60,1482.62402341367
190,8,65,-2889.08085615818,65,1393.94942382621,65,-799.893606242603,65,1578.67620482132
190,8,70,-2883.05506546577,70,1295.78770730107,70,-952.286208464248,70,1669.14759308559
190,8,75,-2857.25610498252,75,1189.83101500061,75,-1109.92164222229,75,1753.20917898674
190,8,80,-2809.99993714586,80,1075.63542514575,80,-1269.12447779939,80,1829.77234556169
190,8,85,-2740.17935510371,85,952.869727794375,85,-1425.90606455678,85,1897.48920587537
190,8,90,-2647.31364212256,90,821.394044140582,90,-1576.07645220336,90,1954.77516076023
195,8,0,-2592.72329880908,0,1733.70539664572,0,24.2572359217903,0,16.0381942950735
195,8,5,-2593.59246027913,5,1728.8720980027,5,79.9033002876399,5,137.362140596004
195,8,10,-2615.62627474074,10,1715.79366739812,10,132.230228990533,10,256.531783579823
195,8,15,-2658.14116528012,15,1695.41452443606,15,176.325295984474,15,372.304504738693
195,8,20,-2719.6807879588,20,1668.96033247087,20,207.523345942782,20,483.788052773116
195,8,25,-2798.04455374366,25,1637.81424750931,25,221.582728082941,25,590.492276444877
195,8,30,-2890.34112446548,30,1603.38365352468,30,214.852557221466,30,692.342477360681
195,8,35,-2993.0679490385,35,1566.96750218425,35,184.425163682072,35,789.655497124008
195,8,40,-3102.21701121295,40,1529.63323060712,40,128.26663172253,40,883.081595285691
195,8,45,-3213.40519811148,45,1492.11121967665,45,45.3177915893734,45,973.516430543337
195,8,50,-3322.02524104026,50,1454.71398535431,50,-64.4415545294419,50,1061.98844549626
195,8,55,-3423.41051419157,55,1417.28657753288,55,-199.970697725824,55,1149.52806181606
195,8,60,-3513.00477546039,60,1379.1936224128,60,-359.190945866397,60,1237.02650371746
195,8,65,-3586.52684407613,65,1339.3467086088,65,-539.052156245244,65,1325.09368297085
195,8,70,-3640.12063949902,70,1296.27318264535,70,-735.637660670672,70,1413.92603848594
195,8,75,-3670.48297840933,75,1248.22397170056,75,-944.299066586346,75,1503.19603021564
195,8,80,-3674.96465618127,80,1193.3141712225,80,-1159.81048924144,80,1591.97467566562
195,8,85,-3651.64393195836,85,1129.68640638724,85,-1376.53160470719,85,1678.69681148012
195,8,90,-3599.37477900889,90,1055.6840333124,90,-1588.57048979226,90,1761.17566816389
200,8,0,-2589.66917534935,0,1283.07721145623,0,19.1804315116531,0,30.4368952637996
200,8,5,-2588.86197916528,5,1273.45492450617,5,127.382218257732,5,138.158186257857
200,8,10,-2614.25106951839,10,1254.93045226278,10,231.04327901623,10,241.332822534782
200,8,15,-2665.31810959525,15,1229.38090819665,15,323.529069265015,15,338.194488226994
200,8,20,-2740.72551472238,20,1199.14680298604,20,398.506311921092,20,427.64907241139
200,8,25,-2838.31685401292,25,1166.81777432717,25,450.171055728688,25,509.331527418822
200,8,30,-2955.13701690844,30,1135.01768950807,30,473.476610064145,30,583.601337982937
200,8,35,-3087.48113362194,35,1106.19906881481,35,464.355370225613,35,651.487653223202
200,8,40,-3230.98229032927,40,1082.45220835697,40,419.92217493512,40,714.593779133538
200,8,45,-3380.74480463761,45,1065.33335050076,45,338.641115645668,45,774.967073537311
200,8,50,-3531.52248631069,50,1055.71857281346,50,220.435314867334,50,834.936854750901
200,8,55,-3677.93182206681,55,1053.69405835672,55,66.7219006535817,55,896.921903775806
200,8,60,-3814.68132104098,60,1058.49660013138,60,-119.637613707365,60,963.211551842066
200,8,65,-3936.79323071766,65,1068.51831641776,65,-334.469702439633,65,1035.72977199081
200,8,70,-4039.7943037391,70,1081.38543930771,70,-572.489720312753,70,1115.79844197506
200,8,75,-4119.85838791606,75,1094.11303427732,75,-827.547163878102,75,1203.92171716594
200,8,80,-4173.89373242736,80,1103.32731146716,80,-1092.88624327231,80,1299.61617378579
200,8,85,-4199.57929840061,85,1105.53718897038,85,-1361.39395137697,85,1401.30988140432
200,8,90,-4195.36400358495,90,1097.4292175726,90,-1625.81470733425,90,1506.32784281501
205,8,0,-2441.57135374276,0,745.991592173023,0,14.3402552877507,0,52.7230566500534
205,8,5,-2437.82351978101,5,730.095053331811,5,167.995440688531,5,147.392955991627
205,8,10,-2460.79106301629,10,703.880805470795,10,315.908173227639,10,234.481407093277
205,8,15,-2510.33266232013,15,670.237216730176,15,449.901703550578,15,311.817993648907
205,8,20,-2585.62633781515,20,632.607447681878,20,562.124918427312,20,378.26905625265
205,8,25,-2685.12327501647,25,594.708069600908,25,645.308695814252,25,433.7355191601
205,8,30,-2806.49154013428,30,560.283108827688,30,693.049897287656,30,479.078792998065
205,8,35,-2946.57673791207,35,532.88572462846,35,700.123577388351,35,516.010938177829
205,8,40,-3101.41596271821,40,515.668687340393,40,662.802134985429,40,546.971624548293
205,8,45,-3266.33624211179,45,511.168118818884,45,579.13937878862,45,574.995215770477
205,8,50,-3436.14945939184,50,521.080484830889,50,449.166867452953,50,603.554691744747
205,8,55,-3605.42868317278,55,546.053506337337,55,274.955121150535,55,636.361868381652
205,8,60,-3768.82546611458,60,585.528284488367,60,60.513335937626,60,677.10846323844
205,8,65,-3921.37310423073,65,637.674952105165,65,-188.467741717752,65,729.148197141462
205,8,70,-4058.72232258998,70,699.454683175722,70,-464.993382615349,70,795.140615902883
205,8,75,-4177.27300891583,75,766.819661340302,75,-761.203328738919,75,876.695422043736
205,8,80,-4274.19290877014,80,835.036547149368,80,-1068.80318123343,80,974.065874786854
205,8,85,-4347.3431524604,85,899.096080513729,85,-1379.42854033667,85,1085.93862474874
205,8,90,-4395.15273562289,90,954.157598592603,90,-1684.90248049879,90,1209.35630738008
210,8,0,-2173.80794736099,0,179.340912177723,0,8.22050613821763,0,76.9967232017314
210,8,5,-2166.37104348471,5,157.538886612265,5,201.509696030656,5,157.747702407525
210,8,10,-2182.04194237053,10,124.310820144264,10,387.912352644107,10,227.675017672456
210,8,15,-2221.11940369456,15,83.3893706532266,15,557.873143730084,15,284.525385662071
210,8,20,-2283.54996140351,20,38.9535332080771,20,702.146085289597,20,327.433982923553
210,8,25,-2368.83365740488,25,-4.64462717262223,25,812.039844668283,25,356.768951900377
210,8,30,-2475.84444349949,30,-43.0420246378368,30,879.751308578012,30,373.918903175429
210,8,35,-2602.62829912304,35,-71.9764787549823,35,898.805698231258,35,381.105502495816
210,8,40,-2746.27199490238,40,-87.4297915534054,40,864.564883575908,40,381.263189044529
210,8,45,-2902.92673046401,45,-85.8635152356824,45,774.712059504174,45,377.977182407476
210,8,50,-3068.02528658373,50,-64.5575435248708,50,629.594540437379,50,375.428491589458
210,8,55,-3236.6662215465,55,-22.0003387432173,55,432.320559568266,55,378.2763664463
210,8,60,-3404.07919719524,60,41.7653884243242,60,188.557644268617,60,391.420861319401
210,8,65,-3566.05419838439,65,124.947179669628,65,-93.9482966206155,65,419.625478729977
210,8,70,-3719.22529333071,70,224.033276802676,70,-406.046941518545,70,467.027453648426
210,8,75,-3861.14292863131,75,334.068343257021,75,-737.922723273579,75,536.603424814351
210,8,80,-3990.13157475107,80,449.133276069794,80,-1079.76549041931,80,629.677883779584
210,8,85,-4104.99059199146,85,562.944764682669,85,-1422.26652269102,85,745.557254274759
210,8,90,-4204.63710419818,90,669.475630360436,90,-1756.88293491935,90,881.349598447022
215,8,0,-1819.1826885324,0,-368.535360992449,0,0.128924359241438,0,97.2727619915941
215,8,5,-1808.33660609777,5,-394.425429203726,5,229.508582002256,5,163.532170954044
215,8,10,-1813.81353997825,10,-431.54302381656,10,450.919060749876,10,215.924450183506
215,8,15,-1836.20422429158,15,-475.70971193793,15,653.531628684898,15,252.444686339845
215,8,20,-1876.27042903443,20,-522.684315168479,20,826.76792548797,20,272.775716652251
215,8,25,-1934.81496860707,25,-568.300404403637,25,960.482970518953,25,277.883844656745
215,8,30,-2012.31961646267,30,-608.367289624765,30,1045.34340910452,30,269.602498468608
215,8,35,-2108.48275375159,35,-638.505650206258,35,1073.45253439103,35,250.354173683537
215,8,40,-2221.85646970992,40,-654.121202648216,40,1039.15137996074,40,223.078212826962
215,8,45,-2349.76317373467,45,-650.660081284828,45,939.8123374015,45,191.330696249772
215,8,50,-2488.57243551041,50,-624.160321336192,50,776.391880780928,50,159.440317187782
215,8,55,-2634.28206165205,55,-571.970509177234,55,553.54813886111,55,132.570803361605
215,8,60,-2783.22965284636,60,-493.413247583867,60,279.243395024683,60,116.567376955109
215,8,65,-2932.70788315938,65,-390.168921738752,65,-36.1044339269611,65,117.539154818178
215,8,70,-3081.28618564778,70,-266.242783746471,70,-380.737955975146,70,141.220071956885
215,8,75,-3228.73845625658,75,-127.51330644978,75,-742.704657297679,75,192.222248931612
215,8,80,-3375.60210754969,80,19.0176640281878,80,-1110.80671211169,80,273.32377429753
215,8,85,-3522.50330899963,85,166.088881691375,85,-1475.20515066707,85,384.915229158614
215,8,90,-3669.44323706483,90,306.98227482643,90,-1827.62201294379,90,524.683504954093
220,8,0,-1414.85191076547,0,-863.07939414104,0,-9.44427747960826,0,109.315337322352
220,8,5,-1402.05202112409,5,-890.488703001591,5,254.965286045923,5,163.039683564225
220,8,10,-1396.61745860177,10,-926.949710187891,10,510.314532688457,10,200.314263337729
220,8,15,-1399.11293174199,15,-968.388476275512,15,744.529795710589,15,219.47644303388
220,8,20,-1411.02235413142,20,-1011.35102055586,20,945.702642706419,20,220.803680625779
220,8,25,-1434.58501059465,25,-1052.84633224804,25,1102.15473415097,25,205.800605587676
220,8,30,-1472.15696370969,30,-1089.76681263509,30,1202.85790386412,30,176.536186167224
220,8,35,-1525.35444657365,35,-1118.24347780676,35,1238.3134902711,35,135.269807907704
220,8,40,-1594.35935254801,40,-1133.34646973963,40,1201.7656774761,40,84.4661900292678
220,8,45,-1677.71655105928,45,-1129.40580598245,45,1090.41677857945,45,27.1304603497659
220,8,50,-1772.75448166593,50,-1100.95147244329,50,906.233689021398,50,-32.7404038328361
220,8,55,-1876.50490201823,55,-1043.98107883408,55,656.02857956539,55,-89.844214627831
220,8,60,-1986.79444883958,60,-957.097824973167,60,350.722591041044,60,-137.602084110821
220,8,65,-2103.1097971513,65,-842.100742128138,65,3.95763202236998,65,-168.605902398984
220,8,70,-2226.91981567272,70,-703.827212578298,70,-369.597475812312,70,-175.415070847444
220,8,75,-2361.33048568845,75,-549.330973900398,75,-755.85306330427,75,-151.526240262101
220,8,80,-2510.17094498707,80,-386.692503101673,80,-1142.50257281376,80,-92.3102034408527
220,8,85,-2676.77901510626,85,-223.819914856128,85,-1519.65902706268,85,4.24537765313239
220,8,90,-2862.82092335615,90,-67.5112946437276,90,-1879.9092610042,90,137.067453614987
225,8,0,-997.678802863083,0,-1284.45418180507,0,-19.2269322887963,0,111.682916203258
225,8,5,-985.160233812391,5,-1310.74819411188,5,280.817069050293,5,159.066392654353
225,8,10,-969.55366659627,10,-1341.696587107,10,570.583454368776,10,187.904267109765
225,8,15,-951.049411570609,15,-1373.90184745749,15,836.729292990023,15,196.533306536468
225,8,20,-931.783240145975,20,-1405.54217758431,20,1065.99750868148,20,185.505532126299
225,8,25,-915.595045862154,25,-1435.77351588786,25,1245.11392797177,25,156.571143911053
225,8,30,-906.963611483943,30,-1463.44214219805,30,1361.24682844256,30,111.755827133853
225,8,35,-909.582088866598,35,-1485.7387894382,35,1403.20635991975,35,52.8774710684194
225,8,40,-925.227428313879,40,-1497.52668806821,40,1363.17900263791,40,-18.3520025980939
225,8,45,-953.458678103433,45,-1491.81986463757,45,1238.45269524684,45,-99.741800066754
225,8,50,-992.318463937757,50,-1461.36328794862,50,1032.47922787655,50,-187.854466744456
225,8,55,-1039.78078084985,55,-1400.72994633561,55,754.811828710649,55,-277.424165632657
225,8,60,-1095.37636582437,60,-1308.08709282937,60,419.855298678716,60,-361.248214469384
225,8,65,-1161.35686983964,65,-1185.93417699821,65,44.7759957719352,65,-430.651821615035
225,8,70,-1242.9416240799,70,-1040.58479540857,70,-352.845188765476,70,-476.421056583602
225,8,75,-1347.53312508079,75,-880.691415835722,75,-757.045181765483,75,-489.962935562232
225,8,80,-1483.14192631841,80,-715.429187330113,80,-1154.82590340096,80,-464.429732284899
225,8,85,-1656.49295657041,85,-552.946953563928,85,-1536.70554091657,85,-395.624820651213
225,8,90,-1871.326559862,90,-399.431602942278,90,-1896.56059288038,90,-282.629456557177
230,8,0,-599.234625010771,0,-1625.52901951385,0,-28.0136004757782,0,105.658880840575
230,8,5,-589.229315403063,5,-1648.4636325223,5,308.380770447064,5,157.424944683575
230,8,10,-564.480520477105,10,-1669.55161268918,10,633.080615804322,10,188.81803588098
230,8,15,-524.598030735252,15,-1686.5289469715,15,931.456580773634,15,197.338305269298
230,8,20,-472.480480462714,20,-1699.87399751416,20,1188.91781490616,20,183.122382309044
230,8,25,-413.884304365366,25,-1711.6860080403,25,1390.61274745865,25,147.699841043313
230,8,30,-355.728254337954,30,-1723.49510708788,30,1521.92919589263,30,92.8181168967978
230,8,35,-303.906902866009,35,-1733.99321646657,35,1570.06063635078,35,19.8047024562724
230,8,40,-261.635483164115,40,-1737.88684988363,40,1526.33145650697,40,-70.3144067645787
230,8,45,-229.10906339491,45,-1726.65139186255,45,1388.46774978629,45,-176.053608411874
230,8,50,-204.663156816414,50,-1691.05280104491,50,1161.86433551113,50,-294.447194169796
230,8,55,-186.960557928769,55,-1624.38261680646,55,859.237042642838,55,-420.241463409532
230,8,60,-177.296380151571,60,-1524.96675483232,60,498.688126914121,60,-545.655679395238
230,8,65,-181.078102417792,65,-1396.8869680079,65,100.808828267369,65,-660.825061988135
230,8,70,-207.883044935575,70,-1248.7529214277,70,-314.295772345158,70,-754.79284697856
230,8,75,-270.04805035271,75,-1091.24263953927,75,-729.319253958049,75,-816.771291663233
230,8,80,-380.262605525918,80,-934.522198491628,80,-1131.0570189138,80,-837.383297291942
230,8,85,-548.915684427361,85,-786.446094593159,85,-1510.74560575359,85,-809.702090651832
230,8,90,-781.913397979122,90,-651.868527523228,90,-1863.69021749111,90,-730.055190659429
235,8,0,-241.952124628343,0,-1888.65081414543,0,-35.4164244801858,0,94.2533707211454
235,8,5,-235.884960554446,5,-1906.51487589261,5,336.555124308641,5,164.285094404496
235,8,10,-202.360977188734,10,-1914.25579940637,10,695.286459105878,10,212.027531820326
235,8,15,-140.467290094775,15,-1910.99984146462,15,1024.91804684454,15,232.938182376804
235,8,20,-54.2116826467168,20,-1899.91027278981,20,1309.60716097712,20,225.806836495917
235,8,25,48.2701299040413,25,-1886.56091963113,25,1533.04298284425,25,191.42487865431
235,8,30,157.256635245216,30,-1875.71633066784,30,1679.0044167451,30,131.173657347117
235,8,35,264.554694589933,35,-1867.93206305695,35,1733.31583520274,35,46.1418224076676
235,8,40,365.722793142953,40,-1857.81660699411,40,1686.77332148486,40,-62.8909185190696
235,8,45,460.358440631543,45,-1835.17598028632,45,1537.92599810306,45,-194.681541462562
235,8,50,550.297920017101,50,-1788.78692140597,50,1294.44471159377,50,-346.391970721376
235,8,55,636.507073232044,55,-1711.06386422941,55,972.339362557443,55,-512.640753230697
235,8,60,715.993340702028,60,-1601.35408255545,60,593.215390327085,60,-685.135921607721
235,8,65,780.030765326352,65,-1466.36930792956,65,180.555430929732,65,-853.008567756033
235,8,70,814.421982467012,70,-1317.81912288256,70,-243.749669471688,70,-1003.71764324642
235,8,75,801.70527885688,75,-1168.65190838127,75,-661.759294834632,75,-1124.26985747142
235,8,80,724.514888871757,80,-1029.68711657764,80,-1060.52026494029,80,-1202.4996120057
235,8,85,568.999229721878,85,-907.809547491816,85,-1432.09720335009,85,-1228.2452122957
235,8,90,327.366916286826,90,-805.861374077999,90,-1773.06344406968,90,-1194.39051659437
240,8,0,62.5429504178622,0,-2082.48506372917,0,-42.0986413576502,0,80.8270539330372
240,8,5,64.5290365738804,5,-2093.97225985394,5,362.240949375752,5,183.65711095509
240,8,10,107.430065172806,10,-2085.67312437381,10,751.911050033953,10,261.874186381065
240,8,15,192.344142110579,15,-2058.16831474494,15,1109.98797558771,15,307.575147608419
240,8,20,313.66135058419,20,-2017.40285078586,20,1419.51995851552,20,317.227506338233
240,8,25,460.406344660266,25,-1972.67512066187,25,1662.92076741901,25,290.428801768273
240,8,30,619.783343847021,30,-1932.34890137444,30,1822.63553686401,30,228.280570474833
240,8,35,781.287355787888,35,-1899.15656627698,35,1883.48965117834,35,132.136670398197
240,8,40,939.465712332703,40,-1867.74906513973,40,1836.15909949138,40,3.23855976015536
240,8,45,1094.05297973945,45,-1826.31574334517,45,1680.35133928836,45,-156.733689871575
240,8,50,1247.41318739476,50,-1761.87712084454,50,1426.13645660716,50,-344.608425713591
240,8,55,1400.4188513917,55,-1666.61505067999,55,1092.60943643167,55,-554.733721161325
240,8,60,1548.55147608545,60,-1541.91169280653,60,704.298296417699,60,-778.460503066988
240,8,65,1679.87548965834,65,-1398.14051547439,65,286.713546208262,65,-1004.22631975713
240,8,70,1775.71915107493,70,-1250.71987893991,70,-137.403129594755,70,-1218.17043688657
240,8,75,1813.78417174644,75,-1114.82216459936,75,-550.222394710026,75,-1405.14261953979
240,8,80,1772.50634583921,80,-1001.33892198584,80,-939.400779639358,80,-1549.96101804446
240,8,85,1635.17994339688,85,-915.435145581067,85,-1297.76056845809,85,-1638.78255262316
240,8,90,1392.70347736826,90,-857.385139648889,90,-1622.78290199453,90,-1660.49794989575
245,8,0,312.770719824258,0,-2219.44771935146,0,-49.4223883606301,0,67.9395627533665
245,8,5,311.797475008922,5,-2223.38825260225,5,381.689119340498,5,216.070375600213
245,8,10,365.279741801657,10,-2196.84927763361,10,797.161961805672,10,336.734794979689
245,8,15,473.977420990901,15,-2141.83851942361,15,1179.2707506172,15,417.529797203903
245,8,20,630.229647211903,20,-2066.98244575418,20,1510.12419086903,20,451.765971382875
245,8,25,819.988473349304,25,-1985.31068330222,25,1771.05665850011,25,437.506039958072
245,8,30,1027.38291556926,30,-1908.95561673429,30,1943.49221348583,30,375.765239220857
245,8,35,1239.7375766174,35,-1843.07537845598,35,2011.67656310099,35,268.768674350779
245,8,40,1450.7545524607,40,-1782.60123899429,40,1966.57112704105,40,119.005008178465
245,8,45,1660.43173466128,45,-1714.37765033208,45,1809.25759195632,45,-70.7011138146095
245,8,50,1871.76707174329,50,-1624.14588683252,50,1552.08313204159,50,-296.414283839887
245,8,55,2085.69591445582,55,-1504.65277166233,55,1216.71332833694,55,-552.144214553686
245,8,60,2296.4461491938,60,-1360.30665509191,60,829.758596835594,60,-829.125538179619
245,8,65,2489.29517239147,65,-1205.96895369642,65,417.763386613192,65,-1115.47980572769
245,8,70,2641.67619594444,70,-1061.06811490672,70,3.39896440186388,70,-1396.32389817718
245,8,75,2727.17670314926,75,-942.679480229413,75,-396.256508049553,75,-1654.40940331484
245,8,80,2720.85449048418,80,-861.060512387292,80,-769.708410124406,80,-1871.33447633357
245,8,85,2603.97389444886,85,-818.96700242819,85,-1110.38980512542,85,-2029.21457151163
245,8,90,2366.80647883193,90,-813.738663246435,90,-1416.3046386404,90,-2112.58688092176
250,8,0,515.021144811868,0,-2313.6936657076,0,-58.7611193795553,0,56.795850358637
250,8,5,513.023631099894,5,-2308.80731597623,5,392.04853831761,5,258.751204257243
250,8,10,578.147694293692,10,-2262.0145580313,10,827.007294487143,10,429.984715079265
250,8,15,710.268601846041,15,-2176.77986668386,15,1227.89189272579,15,552.85013503767
250,8,20,899.475725295497,20,-2064.25520071306,20,1576.03523232424,20,616.923119852165
250,8,25,1128.83360623554,25,-1941.0273174179,25,1851.87279555055,25,618.495728483614
250,8,30,1379.78834188167,30,-1822.9456534658,30,2036.11769513832,30,558.678349089777
250,8,35,1637.81678702061,35,-1717.71750661321,35,2112.84656204553,35,441.089868490896
250,8,40,1895.83197190131,40,-1620.85065384625,40,2073.64517704288,40,270.129021673788
250,8,45,2153.89835024893,45,-1518.32235753873,45,1921.02352971741,45,50.33243536635
250,8,50,2415.4102215533,50,-1395.27275351777,50,1669.2520687649,50,-213.301352192178
250,8,55,2681.35594077819,55,-1245.83758106537,55,1341.84251239432,55,-514.462180883998
250,8,60,2945.09102406817,60,-1078.22682680724,60,966.56321905816,60,-844.526568677835
250,8,65,3189.86751655443,65,-912.244641371434,65,570.08331766689,65,-1191.63411452098
250,8,70,3390.22632046954,70,-771.288800456695,70,174.283196719809,70,-1540.11458929627
250,8,75,3516.70931438543,75,-673.865552193465,75,-204.951135674457,75,-1870.65334806305
250,8,80,3541.98599118721,80,-628.972851030824,80,-557.125351140716,80,-2161.47129237113
250,8,85,3446.10343692713,85,-636.491291381401,85,-876.196496518808,85,-2390.41582510231
250,8,90,3219.27600924079,90,-690.680539758332,90,-1160.46229042866,90,-2537.53080109623
255,8,0,680.21673265216,0,-2379.46180598049,0,-70.8368411062279,0,47.330989695883
255,8,5,679.261917192062,5,-2364.26849306219,5,392.434207733659,5,306.876471577428
255,8,10,756.205575670848,10,-2295.2571105651,10,840.515364333132,10,532.355675267538
255,8,15,909.644123689401,15,-2177.55902243619,15,1254.96333441836,15,700.61625773089
255,8,20,1127.60478968514,20,-2024.76986467551,20,1616.48613695148,20,797.212676108008
255,8,25,1390.9335099149,25,-1856.74178287412,25,1904.80381977081,25,816.499857458688
255,8,30,1679.17433791098,30,-1692.74617113578,30,2100.2296170837,30,759.748266960488
255,8,35,1976.41249330519,35,-1542.97099022819,35,2187.04510806555,35,632.26482172962
255,8,40,2274.66375420138,40,-1403.79984525702,40,2157.69255608088,40,440.756115409444
255,8,45,2573.50290440577,45,-1260.99109213253,45,2015.99025600387,45,191.798147586122
255,8,50,2876.12547972107,50,-1099.90203039036,50,1777.59615718608,50,-108.40951441216
255,8,55,3183.39493482363,55,-916.779134787383,55,1467.05121892556,55,-453.296941999254
255,8,60,3488.27855190158,60,-724.023761905935,60,1112.43193975844,60,-834.557164855547
255,8,65,3773.07885943416,65,-546.348559019022,65,739.861649778725,65,-1240.5243950328
255,8,70,4010.81287932518,70,-410.75897567509,70,370.013721596248,70,-1654.8377586065
255,8,75,4170.29094780057,75,-336.729648208106,75,17.3653343402792,75,-2056.11140858465
255,8,80,4222.80934487773,80,-331.660759781741,80,-308.706659671004,80,-2419.12400529012
255,8,85,4147.82801317695,85,-392.448436298492,85,-602.764038784371,85,-2717.41919269215
255,8,90,3935.79187888087,90,-510.346990549538,90,-863.444866010441,90,-2926.64995557259
260,8,0,820.862230430755,0,-2429.67723304374,0,-85.3433497232826,0,38.7244894214011
260,8,5,822.478367738315,5,-2402.63480630732,5,384.215024466874,5,355.148897762395
260,8,10,910.091076830671,10,-2309.6094947598,10,839.99930468592,10,634.442119970163
260,8,15,1080.91254600718,15,-2157.82311204952,15,1263.55070085731,15,848.121296234826
260,8,20,1321.5038156173,20,-1963.37141561159,20,1635.11063960899,20,977.701397745486
260,8,25,1611.55548879238,25,-1749.0145653711,25,1933.91719137294,25,1015.47966286043
260,8,30,1929.73836429318,30,-1536.92206667369,30,2140.22310297329,30,962.792579287249
260,8,35,2259.22748253226,35,-1339.48569526339,35,2238.84437393207,35,826.640012777292
260,8,40,2590.8493226382,40,-1154.23860550026,40,2223.18787397817,40,616.112549627189
260,8,45,2922.83499539405,45,-967.501059194249,45,2098.1027470303,45,339.890191560565
260,8,50,3257.30948894794,50,-765.74146352205,50,1879.98831500102,50,5.37651910264016
260,8,55,3594.69637778621,55,-547.837756161634,55,1593.61263647299,55,-380.63196994648
260,8,60,3928.11375660411,60,-330.284059852471,60,1266.68322754723,60,-810.150933149208
260,8,65,4240.19859355802,65,-142.130348035702,65,924.397916885918,65,-1271.65849586522
260,8,70,4504.05812546651,70,-13.3516344363742,70,586.110579994399,70,-1748.03052039293
260,8,75,4688.23010609167,75,35.9465469614372,75,264.863716063226,75,-2215.78400916503
260,8,80,4763.60540663014,80,-0.105344905208298,80,-31.206856979965,80,-2646.33036581034
260,8,85,4709.44890883068,85,-115.723447672439,85,-297.548452900602,85,-3009.11402786
260,8,90,4516.38793112784,90,-299.431365895331,90,-533.480749001997,90,-3275.75944659993
265,8,0,948.577776003012,0,-2474.86124642591,0,-100.931731564433,0,30.0537390586296
265,8,5,953.291685476793,5,-2434.71813659284,5,370.624450234064,5,399.053204842078
265,8,10,1049.06001220574,10,-2316.42441149593,10,830.263925211352,10,728.441041427673
265,8,15,1231.95808481948,15,-2129.84070309097,15,1259.6353844571,15,984.903786454511
265,8,20,1487.99378984178,20,-1893.72863403567,20,1638.70938599196,20,1146.1166338575
265,8,25,1796.94928944547,25,-1633.37070838934,25,1946.56224284831,25,1202.24739393956
265,8,30,2137.67290261192,30,-1373.15786643575,30,2163.76876271887,30,1154.46846155677
265,8,35,2492.81366485382,35,-1127.26738670952,35,2275.95777625665,35,1011.20801094371
265,8,40,2851.57238253838,40,-894.647854118966,40,2277.48781779078,40,783.714767377738
265,8,45,3209.84371079047,45,-663.055303649811,45,2173.84772895659,45,482.610685596103
265,8,50,3567.69432136398,50,-420.970508897432,50,1981.50380477221,50,116.428419237334
265,8,55,3924.70500371621,55,-170.170534860416,55,1724.74207765797,55,-307.755182729958
265,8,60,4274.6403894251,60,69.3494311401084,60,1430.42067127563,60,-782.07871908241
265,8,65,4601.77306535492,65,265.272140623875,65,1122.67597236252,65,-1294.8838880213
265,8,70,4880.97444659586,70,385.521362075538,70,819.647728821756,70,-1828.06555959579
265,8,75,5082.0096773728,75,409.556025167954,75,533.041684020077,75,-2356.0297139894
265,8,80,5176.28262549049,80,332.587961076249,80,269.616006869978,80,-2847.06674708025
265,8,85,5143.08355202381,85,162.404701000245,85,32.6122121978118,85,-3266.99286092052
265,8,90,4972.91420343342,90,-87.2359042086391,90,-178.519970613839,90,-3584.03823299641
270,8,0,1072.35643315056,0,-2522.46695658939,0,-115.490744125771,0,20.8505729149373
270,8,5,1079.55915921126,5,-2468.74203317538,5,356.005878071085,5,435.501167759868
270,8,10,1179.96698346092,10,-2325.005959251,10,817.476083322193,10,808.826185332435
270,8,15,1369.09158845268,15,-2104.23639240623,15,1250.74633018225,15,1103.38726569058
270,8,20,1633.44571561918,20,-1828.01947796112,20,1635.76780558933,20,1293.38794517057
270,8,25,1954.07423762734,25,-1523.76671805223,25,1951.85744694137,25,1366.8616365954
270,8,30,2310.84626782846,30,-1217.3912421934,30,2180.31577266728,30,1324.50751745863
270,8,35,2686.08715081005,35,-924.436642692198,35,2307.79695226112,35,1175.7145851951
270,8,40,3066.89194832677,40,-645.578297195985,40,2329.49843308795,40,933.427621552723
270,8,45,3445.90617288633,45,-370.924938056698,45,2251.10910249828,45,609.888599590672
270,8,50,3820.23360178674,50,-91.8032180613076,50,2088.5399577569,50,214.667368185624
270,8,55,4188.17605916486,55,187.096711524038,55,1865.02140910265,55,-244.705902565299
270,8,60,4544.47021923851,60,443.263380300702,60,1606.24220146906,60,-760.104004085972
270,8,65,4876.10102582405,65,642.554320894752,65,1335.27551528353,65,-1319.28101714129
270,8,70,5161.20444067032,70,751.845278605098,70,1069.24266508169,70,-1902.85495356725
270,8,75,5372.19457696062,75,750.297042272318,75,818.661795278714,75,-2483.16079389541
270,8,80,5481.88912469004,80,633.53412065863,80,588.79231557887,80,-3025.79590019354
270,8,85,5469.7978104539,85,410.435186304129,85,381.118112739506,85,-3493.68253508396
270,8,90,5325.90567168312,90,96.445079483753,90,193.27123681183,90,-3852.55750107457
275,8,0,1197.48644053642,0,-2576.72394664736,0,-126.602587994542,0,11.4274823795111
275,8,5,1205.66885335324,5,-2510.16968095313,5,344.989137450682,5,462.902621729611
275,8,10,1306.86872273029,10,-2342.46239959809,10,808.079884334932,10,872.166169488871
275,8,15,1496.81137565646,15,-2089.86249354219,15,1244.73774755763,15,1198.49191603253
275,8,20,1763.50686662589,20,-1776.76507184287,20,1635.19524093817,20,1413.11374326852
275,8,25,2090.12747146441,25,-1432.31032841398,25,1959.44410866755,25,1502.00612940814
275,8,30,2458.04241068249,30,-1083.35640876888,30,2199.87969512323,30,1465.06064329818
275,8,35,2849.26283679613,35,-746.555684418084,35,2344.30940744855,35,1312.03264558824
275,8,40,3248.3931954493,40,-424.72206823736,40,2388.59338550553,40,1056.94572942801
275,8,45,3644.21545747534,45,-111.210665564473,45,2338.20529232375,45,713.252171681973
275,8,50,4030.23448991133,50,199.115566516502,50,2207.99447336831,50,291.495471940322
275,8,55,4403.05820492107,55,498.847506206111,55,2019.7054229084,55,-200.051263980687
275,8,60,4758.43961873107,60,764.152064610545,60,1797.62962375118,60,-752.476021298019
275,8,65,5086.69923046714,65,960.677580730028,65,1563.78666562074,65,-1352.41822921843
275,8,70,5370.32325670755,70,1055.4333346049,70,1334.44416877638,70,-1978.93344935364
275,8,75,5585.57498547411,75,1027.50131253576,75,1119.07750542433,75,-2602.42443119971
275,8,80,5707.58264755267,80,872.278136086712,80,921.392994198102,80,-3186.40062595624
275,8,85,5716.39581648379,85,598.78467283633,85,740.804549215072,85,-3691.85528163568
275,8,90,5601.22452514096,90,223.459589022974,90,572.709576192305,90,-4083.15732235157
280,8,0,1325.06335121188,0,-2638.97097721658,0,-132.065151418314,0,2.92124036250331
280,8,5,1332.38463878552,5,-2561.84598449419,5,341.760873262724,5,480.866519748115
280,8,10,1431.06297698134,10,-2373.68131259803,10,807.937002004471,10,916.516317499902
280,8,15,1617.81638064789,15,-2093.67274954842,15,1248.86621320219,15,1266.80643847924
280,8,20,1882.87139515581,20,-1748.67683663477,20,1645.38017420691,20,1500.62076101294
280,8,25,2211.94026814718,25,-1369.13488339855,25,1978.53677833564,25,1602.03096852741
280,8,30,2587.9681031424,30,-982.495758538023,30,2232.09760427247,30,1569.79384243817
280,8,35,2992.53625173837,35,-606.535560069873,35,2395.05653155456,35,1413.374413749
280,8,40,3407.60725149847,40,-246.733979938066,40,2463.74026391228,40,1147.17983182503
280,8,45,3817.94069212104,45,99.516197321503,45,2443.07717908998,45,785.435009620468
280,8,50,4213.2020311622,50,433.32796888113,50,2346.49783053291,50,339.638763900447
280,8,55,4587.96596987333,55,744.896198979874,55,2193.95390981034,55,-180.824120096511
280,8,60,4938.717639156,60,1010.24962241393,60,2008.1342439078,60,-765.69162807519
280,8,65,5259.13654114599,65,1196.38552690793,65,1809.93289574525,65,-1399.98953558166
280,8,70,5536.53577194346,70,1271.6735866536,70,1614.81904654193,70,-2061.02284881992
280,8,75,5751.84855475091,75,1215.54155637506,75,1431.34046887607,75,-2717.54023862008
280,8,80,5883.35917459316,80,1022.79141860142,80,1261.71970097443,80,-3331.72934609992
280,8,85,5912.19023318901,85,701.817422687512,85,1103.26504671756,85,-3863.78581179537
280,8,90,5826.83198207645,90,269.339804337081,90,949.082864208782,90,-4277.96447050461
285,8,0,1452.1072759145,0,-2708.30189299008,0,-130.387246487586,0,-2.95293682297951
285,8,5,1457.16995411924,5,-2624.28939060041,5,349.468404426658,5,489.741612638538
285,8,10,1551.44091575314,10,-2421.24780999253,10,821.670398547137,10,940.77585860978
285,8,15,1733.17143762414,15,-2120.38326765938,15,1269.0819217629,15,1305.82287127972
285,8,20,1995.08606426561,20,-1750.25462892027,20,1673.42009594833,20,1552.14958403095
285,8,25,2325.36220035279,25,-1342.11494583247,25,2017.08995035375,25,1662.15578760872
285,8,30,2708.26960529679,30,-923.879210317976,30,2285.35226550172,30,1633.16434984518
285,8,35,3124.83848504845,35,-514.729824484593,35,2468.33377663188,35,1473.68782944105
285,8,40,3554.56819253255,40,-123.39825441084,40,2562.65037950564,40,1197.81188996352
285,8,45,3978.54934065823,45,248.079974774853,45,2572.4714347218,45,820.107277033151
285,8,50,4382.80709019066,50,596.539056516486,50,2509.5979518905,50,353.037842748708
285,8,55,4759.67372638646,55,910.13760580429,55,2391.97054810755,55,-192.521825075275
285,8,60,5105.79914873784,60,1165.73525092651,60,2240.44639769387,60,-804.445321736433
285,8,65,5417.63432601296,65,1332.96063748494,65,2074.60284599382,65,-1465.76830020767
285,8,70,5687.09412083065,70,1382.69945696099,70,1909.03733810919,70,-2152.02268628766
285,8,75,5900.0810787092,75,1295.3939011385,75,1751.46269563533,75,-2830.74406529299
285,8,80,6038.71163221172,80,1065.31353522993,80,1602.85569989541,80,-3463.68976469101
285,8,85,6085.89769445031,85,699.813830757549,85,1458.7497551932,85,-4011.45515412471
285,8,90,6029.85392568888,90,215.279451002526,90,1310.37768291335,90,-4439.4108790755
290,8,0,1572.35309456299,0,-2782.16600199139,0,-121.151250200606,0,-4.4043049780319
290,8,5,1574.96116895343,5,-2695.84949127939,5,369.756633781713,5,490.131641094687
290,8,10,1665.05068558487,10,-2485.08135548903,10,852.117834306521,10,944.232583083732
290,8,15,1842.50486178837,15,-2171.70751622104,15,1309.3780836302,15,1313.50746099501
290,8,20,2102.31199928473,20,-1784.87041075436,20,1724.34286632344,20,1564.44693205486
290,8,25,2434.62407136361,25,-1356.0530831967,25,2080.89715611873,25,1678.0878635683
290,8,30,2824.60953621618,30,-913.640278872363,30,2365.79182684899,30,1650.08230886477
290,8,35,3252.74227020448,35,-478.628335964347,35,2570.16942752741,35,1487.38825144664
290,8,40,3696.58952172643,40,-63.5084926856664,40,2690.79806292119,40,1203.11890380988
290,8,45,4134.38453611343,45,324.705750918867,45,2730.98527292549,45,811.793013722106
290,8,50,4549.11038806527,50,678.5513616118,50,2700.80641692606,50,326.829744733849
290,8,55,4930.82692447319,55,984.470896391578,55,2616.02834421258,55,-239.113496385274
290,8,60,5275.63277640081,60,1220.77499318158,60,2495.41593960925,60,-871.684427385744
290,8,65,5581.68982642632,65,1360.57207136114,65,2356.94181149693,65,-1551.75193017808
290,8,70,5844.63560147572,70,1378.20885115117,70,2214.16612632576,70,-2253.25540875433
290,8,75,6055.04228116052,75,1255.97573560007,75,2074.0663640313,75,-2943.11105820354
290,8,80,6199.20614968119,80,988.106471871841,80,1936.795094872,80,-3583.59330310451
290,8,85,6262.57498660276,85,580.945045710244,85,1796.81129904485,85,-4136.82428141777
290,8,90,6233.84743327574,90,50.1421186703191,90,1644.35476302835,90,-4570.31462487219
295,8,0,1677.66592125679,0,-2856.42410009826,0,-105.116186519804,0,-0.22660711085744
295,8,5,1679.27656651581,5,-2772.38374749229,5,402.475466727222,5,482.45127209605
295,8,10,1767.70871952713,10,-2561.60899279415,10,899.857002583977,10,926.337690184002
295,8,15,1944.05677990815,15,-2245.0864593554,15,1371.12190172735,15,1288.24243368127
295,8,20,2204.86972308858,20,-1851.25648720456,20,1800.2427781073,20,1534.80426772564
295,8,25,2541.52209144912,25,-1411.15693440144,25,2172.56506297792,25,1646.10410290905
295,8,30,2939.64792272191,30,-953.601957706752,30,2476.20406102544,30,1616.01220407442
295,8,35,3379.3483747889,35,-501.693855789546,35,2703.1635565271,35,1449.47530603929
295,8,40,3837.07644840178,40,-71.9230557725773,40,2850.2653260003,40,1158.10240832958
295,8,45,4289.33034000019,45,323.735013625147,45,2919.92880891931,45,755.997281329295
295,8,50,4716.93892196243,50,673.734294507717,50,2920.47933078571,50,257.443053725922
295,8,55,5107.86974432093,55,963.051382224402,55,2865.38705483372,55,-323.014101393188
295,8,60,5456.99116671543,60,1171.6852682181,60,2771.06440426922,60,-968.683724689401
295,8,65,5762.89734049422,65,1276.57243688466,65,2653.56399408142,65,-1658.34669720002
295,8,70,6023.60747038557,70,1256.12309969247,70,2525.22170042223,70,-2364.73509023404
295,8,75,6233.49649124444,75,1095.29603484397,75,2392.41725468027,75,-3054.83876430952
295,8,80,6382.9227359096,80,789.069807820274,80,2255.05026650199,80,-3692.3454440162
295,8,85,6460.41552421551,85,343.199785783468,85,2107.47505668501,85,-4241.80968719781
295,8,90,6456.01458417472,90,-227.492902033824,90,1940.1319612984,90,-4673.54374428436
300,8,0,1759.72890733782,0,-2924.41846128026,0,-83.9585631087486,0,9.57853032305407
300,8,5,1763.33838131935,5,-2846.20852671919,5,445.647697326479,5,466.571898898299
300,8,10,1854.39690045452,10,-2642.47027103798,10,962.878783406317,10,886.640463103307
300,8,15,2034.37921938662,15,-2332.10076864446,15,1452.44480044962,15,1229.00535651234
300,8,20,2300.40853655568,20,-1941.66548589722,20,1899.42377589104,20,1461.40734105177
300,8,25,2644.26958498289,25,-1501.03649349175,25,2290.46923836708,25,1563.50037634775
300,8,30,3051.7507771745,30,-1039.20990760049,30,2614.85212324729,30,1527.46838262458
300,8,35,3502.9456235622,35,-581.326578753712,35,2865.2591797144,35,1356.03014146167
300,8,40,3974.15507908474,40,-147.663465818104,40,3038.4833636752,40,1058.94216713714
300,8,45,4441.37127450251,45,245.280100408044,45,3136.06083937824,45,649.571462480119
300,8,50,4884.29364893241,50,582.333186063966,50,3164.57974650645,50,142.841203108814
300,8,55,5289.18415907551,55,847.220615590086,55,3135.1389383502,55,-444.975193263003
300,8,60,5649.21604539161,60,1021.55681060416,60,3061.59925420493,60,-1095.05548551134
300,8,65,5962.21825199642,65,1085.99328625658,65,2957.84129004962,65,-1784.45200213719
300,8,70,6227.08345868581,70,1023.18177024689,70,2834.84296512828,70,-2485.24597750041
300,8,75,6440.71339897067,75,821.343615115577,75,2698.57082454384,75,-3165.20637371351
300,8,80,6596.89878004601,80,477.0147057546,80,2549.30158242357,80,-3790.15860781337
300,8,85,6687.37279200116,85,-3.98482384720639,85,2382.33161690713,85,-4327.65480724705
300,8,90,6704.17499265757,90,-607.462043861454,90,2189.55413386504,90,-4751.04112081197
305,8,0,1811.31991243011,0,-2975.02065581406,0,-59.6639050742377,0,23.4735337152034
305,8,5,1820.69877650265,5,-2904.43422960105,5,495.774346719204,5,441.633859352503
305,8,10,1919.16226744261,10,-2713.06586223941,10,1036.5592562436,10,824.795057685024
305,8,15,2107.60620653089,15,-2417.07444125532,15,1547.89535010299,15,1135.59449402032
305,8,20,2382.74626173546,20,-2040.35040058788,20,2015.78149842449,20,1343.7744856677
305,8,25,2736.10943877725,25,-1610.92660040738,25,2427.92606146449,25,1429.21223423683
305,8,30,3153.5138501536,30,-1157.45611104897,30,2774.48928171785,30,1382.76248824917
305,8,35,3615.51189679681,35,-706.556271416287,35,3048.63730049597,35,1205.00805596709
305,8,40,4099.17776141255,40,-281.528492687492,40,3247.03816881772,40,903.737232270082
305,8,45,4581.1208593614,45,97.4977226996258,45,3370.34422084128,45,491.315744841588
305,8,50,5040.90698190375,50,412.45605199603,50,3423.44200966398,50,-17.0623653700988
305,8,55,5463.6360592574,55,646.088496658348,55,3415.05909957968,55,-603.850626853121
305,8,60,5840.64373761569,60,781.396171188454,60,3356.43159679179,60,-1248.63481326004
305,8,65,6168.1301918718,65,802.304527697991,65,3259.15752723182,65,-1927.36140332809
305,8,70,6444.50191990463,70,695.466787285041,70,3132.82589266429,70,-2612.12972735797
305,8,75,6667.75698079872,75,452.576717691415,75,2983.19592764018,75,-3272.11727558455
305,8,80,6834.06299060834,80,72.3136393292341,80,2811.47865651079,80,-3875.75632257042
305,8,85,6937.94056804539,85,-438.789541572575,85,2614.80389328967,85,-4393.79071003312
305,8,90,6973.63060071209,90,-1066.7878034564,90,2387.55159090863,90,-4802.46755735741
310,8,0,1826.44895057441,0,-2990.34446058325,0,-33.7717385359476,0,38.567399303197
310,8,5,1844.92790236383,5,-2927.34464424673,5,548.434149529624,5,406.125197749823
310,8,10,1954.41647672442,10,-2751.61956539733,10,1114.03091692597,10,740.614020591619
310,8,15,2154.49115174503,15,-2476.60460088649,15,1648.55868079808,15,1008.76700526506
310,8,20,2440.78187232074,20,-2123.21200158283,20,2138.68264026128,20,1183.07832423647
310,8,25,2804.19588337962,25,-1717.1094581969,25,2572.85450037817,25,1244.36888822296
310,8,30,3230.6480208629,30,-1285.86411320402,30,2941.82083976396,30,1182.76652670261
310,8,35,3701.60782749316,35,-856.557089414636,35,3238.99451365069,35,997.119414841731
310,8,40,4195.64796244329,40,-454.253628026354,40,3460.79127144654,40,693.375526096304
310,8,45,4690.84368988689,45,-101.406809705869,45,3606.95999708081,45,282.716126892467
310,8,50,5167.44813894375,50,182.034611045962,50,3680.74846106714,50,-219.869278198632
310,8,55,5610.00784523333,55,378.258578337114,55,3688.61375090545,55,-796.256788794688
310,8,60,6008.20456823057,60,471.453078139022,60,3639.26028858178,60,-1425.25376655343
310,8,65,6356.21107937964,65,448.240819869081,65,3542.07130314495,65,-2082.52074654445
310,8,70,6650.97992860579,70,298.725283545962,70,3405.32621063252,70,-2740.88971517855
310,8,75,6890.30031711136,75,17.8614423255054,75,3234.75354513975,75,-3371.45141531007
310,8,80,7071.44457331644,80,-393.335674987844,80,3032.85617792126,80,-3945.46184614138
310,8,85,7190.82312297708,85,-927.204069611023,85,2799.1422581735,85,-4436.76757299962
310,8,90,7244.51983521416,90,-1569.68746236401,90,2531.09176637884,90,-4824.1977116202
315,8,0,1799.11689037875,0,-2944.50625431772,0,-6.83888780776157,0,51.3346202921126
315,8,5,1828.38843755285,5,-2887.94396410913,5,598.95347092054,5,358.288815562227
315,8,10,1949.93590957457,10,-2729.60757190365,10,1186.87758307966,10,634.223856769286
315,8,15,2161.75142452645,15,-2480.69898504741,15,1742.69264750635,15,850.28938886288
315,8,20,2458.19627182112,20,-2159.27578877022,20,2253.482978465,20,982.258343172804
315,8,25,2829.57409941501,25,-1788.31562005294,25,2708.13189994189,25,1012.58757095613
315,8,30,3262.12106812657,30,-1393.49249513976,30,3097.66607370821,30,931.420308741012
315,8,35,3738.58771289742,35,-1001.0957386504,35,3415.49929259191,35,736.492530469055
315,8,40,4239.48016140047,40,-636.399778007906,40,3657.6471782065,40,432.238665373738
315,8,45,4744.82993407361,45,-322.60820218576,45,3822.92958366942,45,28.5712653483007
315,8,50,5236.13096675911,50,-80.3062139039892,50,3913.05906679636,50,-460.227301512962
315,8,55,5697.9415596051,55,72.7859424585777,55,3932.43101719392,55,-1016.27405222915
315,8,60,6118.70643867146,60,122.020265916282,60,3887.47324433351,60,-1618.55894733371
315,8,65,6490.61998739783,65,56.1989777468231,65,3785.58389060003,65,-2243.37039020273
315,8,70,6808.71095356005,70,-131.809315304316,70,3633.89312150381,70,-2864.97799430377
315,8,75,7069.60261796058,75,-444.324847731209,75,3438.19994829832,75,-3456.77957890678
315,8,80,7270.45549904547,80,-878.222982851322,80,3202.39090001619,80,-3992.91671462634
315,8,85,7408.41967851181,85,-1424.66751157235,85,2928.47355479925,85,-4450.14289875333
315,8,90,7480.62005105833,90,-2069.3584873224,90,2617.15852660556,90,-4809.58041127953
320,8,0,1721.37787290117,0,-2804.93056817726,0,21.520822206824,0,58.6286329490604
320,8,5,1760.845016665,5,-2753.76550047603,5,642.820555016407,5,296.801121245254
320,8,10,1892.31432152997,10,-2614.18720177343,10,1245.89728365797,10,506.398174089899
320,8,15,2112.44919304043,15,-2395.77580422427,15,1816.72049812194,15,663.014379666638
320,8,20,2414.65477284405,20,-2114.05864522199,20,2342.63331680213,20,745.981562867475
320,8,25,2788.9804431576,25,-1789.17105889052,25,2812.71064763852,25,739.946986951272
320,8,30,3222.30797526354,30,-1444.18167108819,30,3218.00762357784,30,635.791766242007
320,8,35,3698.90662217743,35,-1103.36259879028,35,3551.72888157389,35,430.82743738699
320,8,40,4201.36821143622,40,-790.639305658398,40,3809.36566668821,40,128.402675531545
320,8,45,4711.83301046987,45,-528.358612232535,45,3988.81186118822,45,-262.830964637013
320,8,50,5213.30608829571,50,-336.401433609509,50,4090.40223773409,50,-729.743870592852
320,8,55,5690.79453953332,55,-231.572590461694,55,4116.7692213149,55,-1255.49111570234
320,8,60,6132.01670335575,60,-227.149488870985,60,4072.43497283241,60,-1820.19999095643
320,8,65,6527.55595019277,65,-332.478175344376,65,3963.14728723993,65,-2401.68185200107
320,8,70,6870.50970386834,70,-552.564278195086,70,3795.08433856538,70,-2976.30502834853
320,8,75,7155.83919492287,75,-887.691058101362,75,3574.12838195813,75,-3520.11630958678
320,8,80,7379.68543852828,80,-1333.16637635527,80,3305.39989497807,80,-4010.18945321227
320,8,85,7538.85978867059,85,-1879.31886359245,85,2993.15897530174,85,-4426.06066064296
320,8,90,7630.58151763232,90,-2511.82083823701,90,2641.06840564144,90,-4751.03629312552
325,8,0,1582.20341096079,0,-2536.87349232145,0,51.9128240696693,0,58.5669982040222
325,8,5,1629.18272882332,5,-2491.28939080935,5,675.635851424182,5,221.522960639614
325,8,10,1765.7894260177,10,-2372.57493227689,10,1281.67650137969,10,359.068080793048
325,8,15,1987.95973183014,15,-2189.09321672507,15,1856.33941165947,15,451.107016323429
325,8,20,2288.76345317549,20,-1954.10916518415,20,2387.21086451979,20,480.600425761004
325,8,25,2658.5271903168,25,-1684.84214082964,25,2863.45932698367,25,434.732229840737
325,8,30,3085.12714028261,30,-1401.22451315319,30,3276.04428491719,30,305.67748831641
325,8,35,3554.47812722413,35,-1124.53155915018,35,3617.85828537462,35,90.9124767746192
325,8,40,4051.21267628591,40,-876.043079422271,40,3883.83153761409,40,-206.891885366138
325,8,45,4559.49977265404,45,-675.856460317572,45,4071.00761717433,45,-580.283334881102
325,8,50,5063.90630090069,50,-541.912170565167,50,4178.56387889966,50,-1017.62221705603
325,8,55,5550.17304539328,55,-489.235893861012,55,4207.72580868644,55,-1503.76317806119
325,8,60,6005.78074311144,60,-529.363640532661,60,4161.53241435262,60,-2020.78996174098
325,8,65,6420.22742791779,65,-669.906697605686,65,4044.45257330108,65,-2548.81999647716
325,8,70,6785.01332844626,70,-914.230963333057,70,3861.91026049585,70,-3066.91482149257
325,8,75,7093.40431733906,75,-1261.25795558015,75,3619.81943614396,75,-3554.11201329731
325,8,80,7340.08804915664,80,-1705.42401720028,80,3324.2349727873,80,-3990.5453912398
325,8,85,7520.83276401293,85,-2236.84362070906,85,2981.19312224256,85,-4358.56703409543
325,8,90,7632.21599183578,90,-2841.70681972296,90,2596.76185482374,90,-4643.7528921731
330,8,0,1368.67530275459,0,-2110.31537134989,0,84.0537527779115,0,50.9252706828029
330,8,5,1419.33818065668,5,-2072.10107533044,5,692.732077256904,5,134.06482848948
330,8,10,1554.99255635135,10,-1977.44795520472,10,1284.97501509714,10,195.887393081605
330,8,15,1771.50987634704,15,-1833.55891673634,15,1847.66832327554,15,220.433657319898
330,8,20,2062.27911362666,20,-1651.49591427722,20,2368.79185330527,20,194.228184642302
330,8,25,2418.42164624145,25,-1445.47404087277,25,2837.69640978064,25,107.127233498326
330,8,30,2829.10059701974,30,-1231.94034575893,30,3245.30791920797,30,-47.0823163963531
330,8,35,3281.92519559846,35,-1028.52815486731,35,3584.27458127583,35,-270.374808104169
330,8,40,3763.43970288037,40,-852.985059223454,40,3849.07346709915,40,-560.465341337506
330,8,45,4259.67160560975,45,-722.160313441704,45,4036.0828182462,45,-911.037953104119
330,8,50,4756.69741033947,50,-651.111917285295,50,4143.61046714903,50,-1312.16694659697
330,8,55,5241.17188871281,55,-652.36487259888,55,4171.85751176377,55,-1750.87987605997
330,8,60,5700.76486847182,60,-735.32915402972,60,4122.79847350263,60,-2211.82726397453
330,8,65,6124.46279568597,65,-905.874361896262,65,3999.97632089291,65,-2678.04108670428
330,8,70,6502.7183121285,70,-1166.05818183704,70,3808.23592955951,70,-3131.77096004756
330,8,75,6827.46163614785,75,-1514.01307432527,75,3553.44094137873,75,-3555.37966059667
330,8,80,7092.01173347999,80,-1944.00285121145,80,3242.22665695588,80,-3932.26170543361
330,8,85,7290.93549637641,85,-2446.6616574274,85,2881.83268468512,85,-4247.72925911141
330,8,90,7419.89914757074,90,-3009.4200209873,90,2480.03832204038,90,-4489.79865323429
335,8,0,1070.0112476844,0,-1507.00947012297,0,115.904728132716,0,36.9739053508967
335,8,5,1120.56677539359,5,-1478.92575269507,5,688.957154507937,5,37.9964126143634
335,8,10,1249.32132106952,10,-1411.87726321704,10,1247.26808366794,10,22.6572666274265
335,8,15,1452.56658043899,15,-1311.70222289343,15,1778.64179310571,15,-21.020301241794
335,8,20,1724.47720861092,20,-1187.13390392389,20,2271.75440939077,20,-103.076422439643
335,8,25,2057.3212885815,25,-1049.26141687882,25,2716.4170489669,25,-231.004632171971
335,8,30,2441.7277184894,30,-910.848276721798,30,3103.78594185919,30,-409.307280774253
335,8,35,2867.00259375114,35,-785.558875488825,35,3426.52603928581,35,-639.242030253888
335,8,40,3321.48474384298,40,-687.149586084074,40,3678.9351519834,40,-918.766304443248
335,8,45,3792.92734341273,45,-628.679284980463,45,3857.03191144384,45,-1242.66926874816
335,8,50,4268.8881538719,50,-621.785406292925,50,3958.60502688203,50,-1602.86916347035
335,8,55,4737.10680158973,55,-676.059704137895,55,3983.21704320325,55,-1988.84882907659
335,8,60,5185.84572723133,60,-798.546386807827,60,3932.15620524438,60,-2388.20235567992
335,8,65,5604.17397349797,65,-993.376724820174,65,3808.33594493037,65,-2787.26754754762
335,8,70,5982.1803049406,70,-1261.5492555628,70,3616.15093478839,70,-3171.81901351916
335,8,75,6311.11281686266,75,-1600.86213439798,75,3361.30774550345,75,-3527.79357431221
335,8,80,6583.45337783645,80,-2006.00186807703,80,3050.65313361895,80,-3842.01405433904
335,8,85,6792.94416621634,85,-2468.78865467711,85,2692.02188267417,85,-4102.87194417639
335,8,90,6934.58872804511,90,-2978.57200818454,90,2294.11930754684,90,-4300.92687553723
340,8,0,683.333777623106,0,-725.176989774159,0,143.670320580516,0,19.0229737131181
340,8,5,730.858986806453,5,-709.573902880719,5,659.186283257622,5,-61.2987074582018
340,8,10,847.74131322209,10,-672.444402062403,10,1161.89991229633,10,-152.566962082588
340,8,15,1030.91514579288,15,-618.019915576266,15,1640.9373266813,15,-262.935799270137
340,8,20,1275.54818374479,20,-552.557715015727,20,2086.08981724436,20,-399.175938820804
340,8,25,1575.20357600672,25,-483.948155817314,25,2488.05679834984,25,-566.248034302606
340,8,30,1922.04301509454,30,-421.231202491141,30,2838.65337671476,30,-766.988201416899
340,8,35,2307.06296128604,35,-374.052212618044,35,3130.98258587983,35,-1001.92123043159
340,8,40,2720.35627245236,40,-352.090377046271,40,3359.57319163965,40,-1269.2082889926
340,8,45,3151.39129308971,45,-364.493584297274,45,3520.4834024429,45,-1564.72736692074
340,8,50,3589.29975654576,50,-419.351069818265,50,3611.36954915599,50,-1882.27732178497
340,8,55,4023.16390632002,55,-523.230869422001,55,3631.51788039977,55,-2213.89075896379
340,8,60,4442.29262298605,60,-680.80385571286,60,3581.83795233789,60,-2550.23705836438
340,8,65,4836.47673601335,65,-894.570828994871,65,3464.817990591,65,-2881.09409482554
340,8,70,5196.21556136786,70,-1164.70414562308,70,3284.44562695711,70,-3195.86494441206
340,8,75,5512.91002223807,75,-1489.01061952177,75,3046.10054810118,75,-3484.11375929131
340,8,80,5779.02196945798,80,-1863.01757290156,80,2756.42767048512,80,-3736.09314307887
340,8,85,5988.20369854562,85,-2280.17858862155,85,2423.19961214473,85,-3943.23429791218
340,8,90,6135.40530997161,90,-2732.18961204175,90,2055.17518141889,90,-4098.57162952721
345,8,0,218.899012318554,0,219.626451723829,0,162.892682413527,0,0.03619871545137
345,8,5,261.46941957532,5,222.24550395122,5,599.764326824314,5,-157.024519973835
345,8,10,362.409621991435,10,229.995306986393,10,1025.95861885889,10,-319.809061599571
345,8,15,519.325530734391,15,240.315686371019,15,1432.37687559755,15,-492.905137292481
345,8,20,728.407036721813,20,249.397392284036,20,1810.41567794791,20,-680.049268689201
345,8,25,984.538372939222,25,252.431930532617,25,2152.17566782357,25,-883.853306733108
345,8,30,1281.44095708518,30,243.917517219312,30,2450.64824716875,30,-1105.60107330696
345,8,35,1611.84360093097,35,218.002890151679,35,2699.87723084102,35,-1345.12476878132
345,8,40,1967.67484704222,40,168.849065050789,40,2895.09331183768,40,-1600.76614621959
345,8,45,2340.27212347429,45,90.9886750583053,45,3032.81966731106,45,-1869.42271852258
345,8,50,2720.60230478723,50,-20.3367488610627,50,3110.94731435606,50,-2146.67474242812
345,8,55,3099.48814057767,55,-168.879455177431,55,3128.77912172565,55,-2426.98465222605
345,8,60,3467.83496056273,60,-357.143446267969,60,3087.0418741272,60,-2703.95713897008
345,8,65,3816.85223613245,65,-586.209928498876,65,2987.86653764359,65,-2970.64524498541
345,8,70,4138.26509886558,70,-855.638823811012,70,2834.73781096524,70,-3219.88568372326
345,8,75,4424.51182552018,75,-1163.45102134595,75,2632.41496681398,75,-3444.64512601747
345,8,80,4668.92451047296,80,-1506.19190872542,80,2386.82663753183,80,-3638.35848245744
345,8,85,4865.89145517759,85,-1879.072441893,85,2104.94236274334,85,-3795.24036674685
345,8,90,5011.00092769508,90,-2276.17972381307,90,1794.62329637186,90,-3910.55206530569
350,8,0,-297.537968821002,0,1297.2066999152,0,170.273038750397,0,-16.5536446385466
350,8,5,-261.333399592845,5,1288.91403155135,5,510.447122201215,5,-241.597346199875
350,8,10,-180.189238701405,10,1271.47683657102,10,842.341960865416,10,-468.042242951567
350,8,15,-55.8516556292729,15,1243.79336766607,15,1159.12143402942,15,-697.363185257629
350,8,20,108.894473011207,20,1204.17800200729,20,1454.30190731605,20,-930.633880103896
350,8,25,310.296626919116,25,1150.48404689879,25,1721.91109591502,25,-1168.38572208368
350,8,30,543.730096098112,30,1080.25636604714,30,1956.63352714768,30,-1410.50133567102
350,8,35,803.815087430354,35,990.904550604416,35,2153.9393026391,35,-1656.14836126888
350,8,40,1084.55235538405,40,879.886447838057,40,2310.19335745032,40,-1903.75664071526
350,8,45,1379.47393200197,45,744.891522142118,45,2422.74290196709,45,-2151.03948876064
350,8,50,1681.80531174973,50,584.013755020162,50,2489.98121202678,50,-2395.05730269298
350,8,55,1984.63529550453,55,395.904562125046,55,2511.3864122407,55,-2632.31948152418
350,8,60,2281.08961563337,60,179.897462533843,60,2487.5343850229,60,-2858.91860457185
350,8,65,2564.50445654625,65,-63.9020940272047,65,2420.08543375524,65,-3070.68914694698
350,8,70,2828.59605594891,70,-334.56633818136,70,2311.74482150609,70,-3263.38176052416
350,8,75,3067.62271519789,75,-630.336597135639,75,2166.19777603934,75,-3432.84338200801
350,8,80,3276.53574222706,80,-948.656528857013,80,1988.01997469116,80,-3575.19318740424
350,8,85,3451.11606307166,85,-1286.2448223448,85,1782.5648844228,85,-3686.98471918642
350,8,90,3588.09342596074,90,-1639.20276027591,90,1555.82963625326,90,-3765.34537116503
355,8,0,-826.430051712346,0,2467.32472441246,0,165.394467309904,0,-27.0538385848066
355,8,5,-798.161998859369,5,2452.38209736722,5,395.915631665445,5,-307.593669316436
355,8,10,-741.11072264011,10,2417.08320515693,10,620.99456886265,10,-586.659188390427
355,8,15,-656.332735868833,15,2361.33157631594,15,836.552261134918,15,-863.31518631589
355,8,20,-545.486388725136,20,2284.95167521876,20,1038.71681845468,20,-1136.53345483962
355,8,25,-410.792040603978,25,2187.72213394086,25,1223.9158881857,25,-1405.15438485663
355,8,30,-254.97796644595,30,2069.41841268506,30,1388.9616817424,30,-1667.85833517038
355,8,35,-81.2133377836596,35,1929.86220812829,35,1531.12645215534,35,-1923.14870894884
355,8,40,106.970062564717,40,1768.97457312186,40,1648.20648912272,40,-2169.34796809323
355,8,45,305.765455445656,45,1586.8295354285,45,1738.57297250869,45,-2404.60705445972
355,8,50,511.185840327241,50,1383.70501292569,50,1801.20833450252,50,-2626.92791512336
355,8,55,719.163575341993,55,1160.12801303848,55,1835.72711820505,55,-2834.19809014392
355,8,60,925.652271768432,60,916.911460509761,60,1842.3806800167,60,-3024.23565623578
355,8,65,1126.72842737682,65,655.18049669334,65,1822.0454589734,65,-3194.84226421183
355,8,70,1318.69018968408,70,376.386704679317,70,1776.19492256209,70,-3343.86159140819
355,8,75,1498.15065876499,75,82.3094012509999,75,1706.85569033821,75,-3469.24027391173
355,8,80,1662.12321019291,80,-224.9561415021,80,1616.5487289686,80,-3569.08829968697
355,8,85,1808.09644245437,85,-543.022967425131,85,1508.21690045592,85,-3641.73593525062
355,8,90,1934.09653078172,90,-869.247957321816,90,1385.1405245659,90,-3685.78451792484
360,8,0,-1319.84688326949,0,3684.19374660362,0,151.474764963797,0,-28.1136189936449
360,8,5,-1301.62257175804,5,3667.72401376458,5,265.930593176163,5,-349.105280597157
360,8,10,-1273.49212653431,10,3623.34068654848,10,378.362529001176,10,-667.440040219793
360,8,15,-1235.66963727208,15,3551.38154887482,15,487.91489751895,15,-980.695178125042
360,8,20,-1188.44295595249,20,3452.3942532314,20,593.753939055532,20,-1286.48663356482
360,8,25,-1132.17150613662,25,3327.13215270826,25,695.074154597471,25,-1582.4871489213
360,8,30,-1067.2835475352,30,3176.54856752569,30,791.104436125675,30,-1866.44398154263
360,8,35,-994.272916693614,35,3001.78952969177,35,881.113935213043,35,-2136.19604847472
360,8,40,-913.695268597589,40,2804.18506100683,40,964.4176252223,40,-2389.69037360749
360,8,45,-826.16384780325,45,2585.2390507944,45,1040.38151477233,45,-2624.9977120626
360,8,50,-732.344821275757,50,2346.61781039539,50,1108.42747279541,50,-2840.32723291196
360,8,55,-632.952208456463,55,2090.13739153271,55,1168.03762846371,55,-3034.04014848239
360,8,60,-528.742447143822,60,1817.749765061,60,1218.758312499,60,-3204.66218651933
360,8,65,-420.508636544997,65,1531.52796528986,65,1260.20350986978,65,-3350.89481028893
360,8,70,-309.074501312008,70,1233.65031294099,70,1292.05779759877,70,-3471.62510122662
360,8,75,-195.288122499749,75,926.383836812214,75,1314.0787453222,75,-3565.93422891944
360,8,80,-80.0154831570744,80,612.067020319447,80,1326.09876033129,80,-3633.10444396021
360,8,85,35.8661223270954,85,293.092004225875,85,1328.02636305393,85,-3672.62454045401
360,8,90,151.474764963799,90,-28.1136189936454,90,1319.8468832695,90,-3684.19374660362
