"Theta [deg]","Freq [GHz]","Phi [deg]","re(rETheta) [mV]","Phi [deg]","im(rETheta) [mV]","Phi [deg]","re(rEPhi) [mV]","Phi [deg]","im(rEPhi) [mV]"
0,8,0,6533.08045180623,0,2425.7983827152,0,49.4843815748712,0,16.2848205923009
0,8,5,6512.53295632676,5,2417.98680313464,5,-520.099400644141,5,-195.199407868186
0,8,10,6442.42115267473,10,2391.77288396188,10,-1085.72491237965,10,-405.19805097017
0,8,15,6323.2786340106,15,2347.35612895022,15,-1643.08740195332,15,-612.112892239
0,8,20,6156.01214684161,20,2285.07457642487,20,-2187.94500427483,20,-814.369184794021
0,8,25,5941.89469013339,25,2205.40222660717,25,-2716.15102399649,25,-1010.4276361232
0,8,30,5682.55582701916,30,2108.94543418671,30,-3223.68549436871,30,-1198.79612302859
0,8,35,5379.96928284028,35,1996.43829359603,35,-3706.68577161427,35,-1378.04104758485
0,8,40,5036.43792390472,40,1868.73705210868,40,-4161.47593197977,40,-1546.79824768505
0,8,45,4654.57623128388,45,1726.81359328049,45,-4584.59474773505,45,-1703.78337913805
0,8,50,4237.290403033,50,1571.74804032889,50,-4972.82202920606,50,-1847.80169030328
0,8,55,3787.75623626914,55,1404.72053574297,55,-5323.20313236278,55,-1977.75711487213
0,8,60,3309.39495743752,60,1227.0022596866,60,-5633.07144544428,60,-2092.66061359441
0,8,65,2805.8471847125,65,1039.94575554979,65,-5900.06868348442,65,-2191.63770146421
0,8,70,2280.94522069496,70,844.974636276834,70,-6122.16283628437,70,-2273.93510307885
0,8,75,1738.68388627555,75,643.572749812173,75,-6297.6636332372,75,-2338.92648551949
0,8,80,1183.19011763555,80,437.272886121592,80,-6425.23540730783,80,-2386.11722512291
0,8,85,618.691557770617,85,227.645111735037,85,-6503.90726026563,85,-2415.14817186617
0,8,90,49.4843815748749,90,16.2848205923021,90,-6533.08045180624,90,-2425.79838271519
5,8,0,5890.78759775233,0,2898.87995395611,0,69.3604944832715,0,13.6412499215282
5,8,5,5877.24426878707,5,2902.40606618683,5,-441.516119727919,5,-106.167205128656
5,8,10,5823.71301164259,10,2903.31382668113,10,-950.894660470895,10,-227.862646634092
5,8,15,5730.0538423609,15,2900.96047852134,15,-1456.41981918795,15,-352.540753332206
5,8,20,5596.14205201022,20,2894.38941755438,20,-1955.61908558481,20,-481.133067216064
5,8,25,5421.90739173185,25,2882.36724100739,25,-2445.86480673654,25,-614.344211545013
5,8,30,5207.38388716512,30,2863.43187750204,30,-2924.34740380822,30,-752.596786256451
5,8,35,4952.76732382749,35,2835.95027987102,35,-3388.06210597434,35,-895.98575554619
5,8,40,4658.47698129023,40,2798.18388512588,40,-3833.81079028737,40,-1044.24385669196
5,8,45,4325.21792606231,45,2748.35982204664,45,-4258.21966123502,45,-1196.71923651098
5,8,50,3954.04011428263,50,2684.74567885148,50,-4657.77261366593,50,-1352.36617194678
5,8,55,3546.39070709558,55,2605.7255319094,55,-5028.85924837128,55,-1509.74936290805
5,8,60,3104.15635347138,60,2509.87488102456,60,-5367.83570044264,60,-1667.06190586286
5,8,65,2629.69272529148,65,2396.03213693791,65,-5671.09574222471,65,-1822.1566716314
5,8,70,2125.83926546305,70,2263.36436265672,70,-5935.14907432292,70,-1972.59042532427
5,8,75,1595.91789077625,75,2111.42508355164,75,-6156.70334984439,75,-2115.67964565373
5,8,80,1043.71523005552,80,1940.20215439735,80,-6332.74630809321,80,-2248.5666314755
5,8,85,473.448824372614,85,1750.15390742076,85,-6460.62443133277,85,-2368.29413429083
5,8,90,-110.281481042424,90,1542.23210558052,90,-6538.11477618816,90,-2471.88643826182
10,8,0,5428.22627107914,0,3382.68102798843,0,82.0592760261029,0,1.67389696624401
10,8,5,5422.85101699376,5,3396.88903509936,5,-352.217844085302,5,-35.9316055626419
10,8,10,5388.76871641242,10,3422.77295096216,10,-788.56887346877,10,-78.4879125711411
10,8,15,5324.76713901318,15,3458.89049424532,15,-1227.52530634948,15,-129.509420678184
10,8,20,5229.09577103276,20,3503.08272964974,20,-1669.17415803525,20,-192.17355423499
10,8,25,5099.59528631366,25,3552.54902146502,25,-2112.99739670415,25,-269.194010684248
10,8,30,4933.86201825117,30,3603.94312097712,30,-2557.7480172957,30,-362.709328373573
10,8,35,4729.43785549555,35,3653.48694295423,35,-3001.37009194628,35,-474.189983129017
10,8,40,4484.01460372192,40,3697.09818473939,40,-3440.96761478498,40,-604.366407135676
10,8,45,4195.64106436894,45,3730.52781814345,45,-3872.82420530283,45,-753.179519666497
10,8,50,3862.92092521225,50,3749.50358610967,50,-4292.47287755843,50,-919.754665822732
10,8,55,3485.19006163592,55,3749.8758648413,55,-4694.81226577602,55,-1102.39933920943
10,8,60,3062.66300615371,60,3727.76249134884,60,-5074.26307239138,60,-1298.62472371233
10,8,65,2596.54011294468,65,3679.68930353056,65,-5424.95622641698,65,-1505.19087699511
10,8,70,2089.0692352671,70,3602.72313439314,70,-5740.94245344398,70,-1718.17519943616
10,8,75,1543.55841400471,75,3494.59384252792,75,-6016.41178631789,75,-1933.06357512222
10,8,80,964.338976454706,80,3353.80170716432,80,-6245.91107373405,80,-2144.86313756438
10,8,85,356.681374581605,85,3179.7062754391,85,-6424.5478119339,85,-2348.2349435974
10,8,90,-273.33114507785,90,2972.59265295781,90,-6548.1696193736,90,-2537.64393364675
15,8,0,5188.08697092871,0,3832.33932409643,0,83.3309070070174,0,-17.7093782190333
15,8,5,5190.71691683149,5,3855.43427365777,5,-262.5024156727,5,12.3868691699867
15,8,10,5176.06002968203,10,3902.45302702983,10,-614.633599443218,10,35.165641155496
15,8,15,5141.6042994055,15,3971.25882406834,15,-977.134414511393,15,45.0986128354716
15,8,20,5083.63611482008,20,4058.64059256612,20,-1353.19780332044,20,37.13663191413
15,8,25,4997.48674384644,25,4160.42980677389,25,-1744.81875374981,25,6.89356848772604
15,8,30,4877.84401148847,30,4271.65014018523,30,-2152.54706390894,30,-49.1957540232977
15,8,35,4719.11174245903,35,4386.69095718094,35,-2575.32535038738,35,-133.748786063734
15,8,40,4515.7970035999,40,4499.49507809201,40,-3010.42106661703,40,-248.341785559341
15,8,45,4262.90337974437,45,4603.75225579708,45,-3453.45633014659,45,-393.448923313887
15,8,50,3956.3076464038,50,4693.09206234914,50,-3898.53409971489,50,-568.411251241894
15,8,55,3593.09752880775,55,4761.27270217956,55,-4338.45385795717,55,-771.43219525425
15,8,60,3171.84999420597,60,4802.36480541617,60,-4765.00471526392,60,-999.596989409666
15,8,65,2692.83280903892,65,4810.93077888499,65,-5169.31912611616,65,-1248.91523927133
15,8,70,2158.11678445553,70,4782.2003861841,70,-5542.26661401847,70,-1514.38793352709
15,8,75,1571.59188352763,75,4712.24189072019,75,-5874.86440399832,75,-1790.10196748719
15,8,80,938.886652304448,80,4598.12571139264,80,-6158.68090814374,80,-2069.35597449552
15,8,85,267.196683988684,85,4438.07474249672,85,-6386.20867744132,85,-2344.82062906591
15,8,90,-434.966495162905,90,4231.59297470608,90,-6551.18563497588,90,-2608.73456483485
20,8,0,5183.01813853544,0,4197.50318971919,0,70.917504352742,0,-39.8284441198584
20,8,5,5191.85018442917,5,4226.88731273656,5,-181.304942112678,5,40.6447054452963
20,8,10,5193.4580498235,10,4290.47928809785,10,-444.147495485048,10,112.412593337601
20,8,15,5184.0251513754,15,4385.57652079422,15,-725.570991544511,15,168.367140056919
20,8,20,5157.84893654956,20,4508.03870637972,20,-1032.16256587263,20,201.981072345758
20,8,25,5107.70618425072,25,4652.46521723805,25,-1368.63778867245,25,207.557557486789
20,8,30,5025.31545204457,30,4812.42791690338,30,-1737.45594626214,30,180.434453252041
20,8,35,4901.87406122359,35,4980.73503659437,35,-2138.56774194043,35,117.13221989758
20,8,40,4728.64276043243,40,5149.70006101061,40,-2569.30846465027,40,15.4445573389861
20,8,45,4497.54657981055,45,5311.39403183318,45,-3024.44290177567,45,-125.519702109563
20,8,50,4201.75626328078,50,5457.86899793285,50,-3496.36059561051,50,-305.328808963954
20,8,55,3836.21248423378,55,5581.35169027193,55,-3975.41144358829,55,-522.238820432091
20,8,60,3398.05625645996,60,5674.41641365198,60,-4450.36263762833,60,-773.211526722041
20,8,65,2886.93436518462,65,5730.1517156857,65,-4908.94952519004,65,-1053.93623348801
20,8,70,2305.15801357996,70,5742.33523577887,70,-5338.48633509089,70,-1358.8609959123
20,8,75,1657.70487539943,75,5705.62576743861,75,-5726.4988082755,75,-1681.24603122822
20,8,80,952.067369226577,80,5615.7730107688,80,-6061.34003526454,80,-2013.25539634211
20,8,85,197.961238046388,85,5469.83637678534,85,-6332.75303055057,85,-2346.10197953295
20,8,90,-593.082924192478,90,5266.39677999098,90,-6532.34811088004,90,-2670.25604397244
25,8,0,5392.94685698685,0,4428.25707534309,0,45.8590644454065,0,-58.4917510180265
25,8,5,5404.85460583576,5,4461.016619041,5,-114.100278908046,5,54.5963177471089
25,8,10,5417.17614399033,10,4536.89485820413,10,-288.579958381178,10,158.681955490451
25,8,15,5425.00064347772,15,4652.74773591838,15,-489.505635467708,15,245.479839521297
25,8,20,5420.89044265345,20,4803.55224317248,20,-726.919623442937,20,307.335662123783
25,8,25,5395.340051498,25,4982.6780521468,25,-1008.29333582725,25,337.569103960805
25,8,30,5337.36497475375,30,5182.26069217991,30,-1337.996669964,30,330.738302440479
25,8,35,5235.20073675161,35,5393.61922677707,35,-1716.94999706378,35,282.801168477654
25,8,40,5077.08499143953,40,5607.65571124756,40,-2142.47768647868,40,191.17404842444
25,8,45,4852.08326187621,45,5815.18541981238,45,-2608.37394907057,45,54.7127289886173
25,8,50,4550.90469063566,50,6007.1729461881,50,-3105.18083537881,50,-126.343657871868
25,8,55,4166.64353925123,55,6174.88135497061,55,-3620.66430895103,55,-350.424070160803
25,8,60,3695.38054245705,60,6309.9686361532,60,-4140.45896398379,60,-614.64387467617
25,8,65,3136.58863984218,65,6404.57874129173,65,-4648.83799063503,65,-914.784105245096
25,8,70,2493.30897190399,70,6451.47007177187,70,-5129.5554049621,70,-1245.24896290273
25,8,75,1772.09027252976,75,6444.20589561548,75,-5566.70422674555,75,-1599.03485983967
25,8,80,982.710888638965,80,6377.40705068459,80,-5945.53717472838,80,-1967.74880044184
25,8,85,137.721449734512,85,6247.04643574918,85,-6253.20375397827,85,-2341.70754747137
25,8,90,-748.145330629418,90,6050.75293805262,90,-6479.36671982932,90,-2710.13620293231
30,8,0,5769.25302353012,0,4481.64355392959,0,12.8030725586803,0,-68.0081552410733
30,8,5,5780.68835724874,5,4515.0515886958,5,-61.9879331928597,5,61.6085655937549
30,8,10,5797.35231049537,10,4599.8669142531,10,-154.391321833091,10,182.924279266562
30,8,15,5813.58930215437,15,4732.62296833959,15,-280.138626898929,15,286.845081845801
30,8,20,5820.64882830209,20,4907.40588412049,20,-452.606631544647,20,364.895046597109
30,8,25,5807.19109677935,25,5116.25542922675,25,-681.929643792034,25,409.688379517817
30,8,30,5759.95651213998,30,5349.74930667882,30,-974.307486715161,30,415.276141479561
30,8,35,5664.59791218892,35,5597.66003302448,35,-1331.54735161709,35,377.317722732631
30,8,40,5506.6608594455,40,5849.55524171088,40,-1750.87224034985,40,293.078580484678
30,8,45,5272.66715819478,45,6095.23431998673,45,-2225.01736779103,45,161.30761937069
30,8,50,4951.21848076475,50,6324.95305315382,50,-2742.61644235767,50,-17.91995663796
30,8,55,4534.00605824919,55,6529.46300769778,55,-3288.85379803387,55,-243.308990629036
30,8,60,4016.60471395519,60,6699.95428531904,60,-3846.33126539542,60,-512.347938692234
30,8,65,3398.95322200355,65,6828.01429470889,65,-4396.07762382812,65,-821.209361455852
30,8,70,2685.47346941877,70,6905.69368394936,70,-4918.61934275677,70,-1164.59487715886
30,8,75,1884.84226694205,75,6925.71668100264,75,-5395.03580751302,75,-1535.59715159426
30,8,80,1009.48183170165,80,6881.81333509483,80,-5807.93697892982,80,-1925.64703253171
30,8,85,74.8627239078697,85,6769.11141362009,85,-6142.31971442758,85,-2324.58749178636
30,8,90,-901.288143119046,90,6584.51855220965,90,-6386.27404250034,90,-2720.88376656692
35,8,0,6244.47427915082,0,4327.97873988266,0,-21.0281051290225,0,-65.1678714010972
35,8,5,6252.5731313235,5,4359.90120166815,5,-22.2536398981343,5,68.0208724642453
35,8,10,6268.16570794141,10,4451.41250687507,10,-43.1678662653927,10,194.321220448225
35,8,15,6285.2208784949,15,4598.8684970787,15,-102.926853233143,15,304.210587199782
35,8,20,6294.12373322475,20,4795.49630098596,20,-217.976638100263,20,388.706943372939
35,8,25,6282.16654616763,25,5031.93030235223,25,-400.948218826443,25,439.989662758042
35,8,30,6234.23822571155,30,5297.05959477165,30,-659.763068836055,30,451.838820630674
35,8,35,6133.75551850181,35,5579.00784030999,35,-997.020843818907,35,419.807965506818
35,8,40,5963.85418236164,40,5866.01261348867,40,-1409.73955762113,40,341.134384509682
35,8,45,5708.79226942026,45,6146.9992156531,45,-1889.49512022766,45,214.483975196389
35,8,50,5355.43091008413,50,6411.75670635175,50,-2422.96291949095,50,39.6842704527369
35,8,55,4894.5880552524,55,6650.77974026964,55,-2992.80994933405,55,-182.40972227546
35,8,60,4322.0450145805,60,6854.9685076989,60,-3578.83829705001,60,-449.844980470564
35,8,65,3639.04115926755,65,7015.41914756506,65,-4159.25498397171,65,-759.325993513082
35,8,70,2852.20343719028,70,7123.47110190009,70,-4711.946764579,70,-1105.91001936621
35,8,75,1972.98273395381,75,7171.04342061996,75,-5215.66753077585,75,-1482.78076404079
35,8,80,1016.76159551871,80,7151.15948593336,80,-5651.08644758623,80,-1881.20038343178
35,8,85,1.8280178097399,85,7058.49258863585,85,-6001.67947991672,85,-2290.66451170621
35,8,90,-1051.62246060929,90,6889.78670791103,90,-6254.46322431957,90,-2699.21629491892
40,8,0,6744.66906590218,0,3955.56800332188,0,-47.936995491357,0,-50.3658956812546
40,8,5,6748.08251958522,5,3984.70626258951,5,9.91215025485081,5,77.1676098777273
40,8,10,6759.41607090523,10,4081.53326284267,10,47.0403345108972,10,199.51062663033
40,8,15,6772.5452376836,15,4242.45367677071,15,41.4787224833995,15,307.158977369459
40,8,20,6777.36268423825,20,4460.04239112935,20,-25.8988826520399,20,391.035646977288
40,8,25,6760.17905888006,25,4723.64814641946,25,-170.029162125434,25,443.231322650893
40,8,30,6704.35579668554,30,5020.4934107186,30,-400.480163294226,30,457.503194919073
40,8,35,6591.29860514637,35,5337.03236197677,35,-720.591104573852,35,429.41409794882
40,8,40,6401.89090106926,40,5660.18951474725,40,-1127.08898607833,40,356.128463329805
40,8,45,6118.31344349015,45,5978.11002994789,45,-1610.28303872142,45,236.025281688449
40,8,50,5726.02516437026,50,6280.24231627182,50,-2154.8339726924,50,68.3696099839057
40,8,55,5215.54888730219,55,6556.87018796245,55,-2740.98221744309,55,-146.748894868804
40,8,60,4583.68828375012,60,6798.46407784607,60,-3346.04025269419,60,-408.143362740615
40,8,65,3833.92544027962,65,6995.28834656781,65,-3945.93598838708,65,-713.035861127028
40,8,70,2975.96899800184,70,7137.54540522345,70,-4516.63801259879,70,-1056.57684082242
40,8,75,2024.64804638362,75,7216.04627078521,75,-5035.37527655656,75,-1431.61075110161
40,8,80,998.484200220372,80,7223.1331557338,80,-5481.64607477871,80,-1828.80196858699
40,8,85,-81.7197584478878,85,7153.47869391741,85,-5838.06039401808,85,-2237.07091789349
40,8,90,-1194.0398496256,90,7004.48374975923,90,-6091.06057620366,90,-2644.17102062075
45,8,0,7201.17433035539,0,3372.32537092094,0,-62.1101122928319,0,-27.4100912708848
45,8,5,7200.30667972451,5,3398.2697837067,5,39.2965630484111,5,88.7849873760153
45,8,10,7206.74235157993,10,3499.45844648876,10,119.857825982178,10,201.310078169011
45,8,15,7214.42520905391,15,3672.70759446081,15,155.625837037545,15,301.21714364428
45,8,20,7213.04286342473,20,3910.43785691597,20,125.300425909691,20,379.906323630282
45,8,25,7188.23009311873,25,4201.16260142193,25,11.8392386400386,25,429.881844856417
45,8,30,7122.04131225005,30,4530.72493409613,30,-195.958894049533,30,445.200818342577
45,8,35,6993.96936623987,35,4884.03993673121,35,-502.200199078499,35,421.493483771011
45,8,40,6782.68125701484,40,5246.78251557264,40,-903.297258940902,40,355.6121692575
45,8,45,6468.38960496412,45,5606.38691486525,45,-1388.22453995545,45,245.156164005879
45,8,50,6035.47719200904,50,5952.00646868899,50,-1939.60528344408,50,88.2115843435098
45,8,55,5474.78438741891,55,6273.6078813038,55,-2535.38974458201,55,-116.441787030841
45,8,60,4784.97818362594,60,6560.84433644692,60,-3150.76616946999,60,-368.652344880598
45,8,65,3972.67234050173,65,6802.47219375398,65,-3759.96546392852,65,-666.022534637366
45,8,70,3051.35935531095,70,6986.7623656282,70,-4337.75050671839,70,-1003.25984765657
45,8,75,2039.56750275554,75,7102.79696984788,75,-4860.54984665757,75,-1372.09244353868
45,8,80,958.815750662882,80,7142.06632923429,80,-5307.32755817508,80,-1761.82475357616
45,8,85,-168.136988643527,85,7099.64918398233,85,-5660.328956236,85,-2160.3147382643
45,8,90,-1318.48458265387,90,6974.50676282412,90,-5905.79938965042,90,-2554.9909807874
50,8,0,7559.18053288206,0,2603.55742444641,0,-61.288112768543,0,-2.14816531464446
50,8,5,7555.80565264673,5,2626.6674538966,5,68.986419459956,5,99.8835968044596
50,8,10,7558.65577503771,10,2731.32650728772,10,178.919244724397,10,199.214247510152
50,8,15,7561.84923875936,15,2915.27718466694,15,243.57690363292,15,288.042864309176
50,8,20,7555.15999795969,20,3171.60604799295,20,240.106079021449,20,358.976752961719
50,8,25,7523.85019167257,25,3488.80102036805,25,149.601081003205,25,405.617539888364
50,8,30,7448.83584698984,30,3851.88538142414,30,-40.7860838695853,30,422.756397883686
50,8,35,7307.70306495309,35,4244.49371922408,35,-336.030010118622,35,406.123461176588
50,8,40,7076.85595763737,40,4651.12352223921,40,-732.303352745019,40,351.846671360827
50,8,45,6734.62384098268,45,5058.52213380481,45,-1217.28883039766,45,255.983295717476
50,8,50,6264.67533680451,50,5455.54205711222,50,-1771.66824153783,50,114.549677300043
50,8,55,5658.8171615155,55,5831.67005002481,55,-2371.34651107705,55,-75.7143974801289
50,8,60,4918.36051834088,60,6175.26541539228,60,-2989.81213268586,60,-316.004255692825
50,8,65,4053.70534046243,65,6472.76390178161,65,-3600.14558693275,65,-604.074289939988
50,8,70,3082.41282089549,70,6709.54530411331,70,-4176.46371278471,70,-933.492952696589
50,8,75,2026.51102391995,75,6872.18230261048,75,-4694.86910796121,75,-1293.94862992618
50,8,80,909.894157821269,80,6951.00523787837,80,-5134.13810318176,80,-1672.54061712764
50,8,85,-243.571382758769,85,6941.77742231437,85,-5476.39184038256,85,-2055.54579898263
50,8,90,-1411.04555346466,90,6845.78280969829,90,-5707.88149680327,90,-2429.99048623402
55,8,0,7781.87396603025,0,1686.52630531073,0,-47.1332014142998,0,19.4531481172311
55,8,5,7778.3560678914,5,1707.69910495077,5,99.6798151990906,5,106.514170183598
55,8,10,7779.77781088812,10,1814.8856505075,10,226.902800948248,10,191.116073097406
55,8,15,7780.61152664585,15,2007.36438623766,15,309.644255022113,15,267.154246938659
55,8,20,7771.13816445059,20,2279.93058932857,20,324.219479518412,20,329.239085595671
55,8,25,7736.63733260026,25,2622.10643171513,25,250.212174763279,25,372.873331604589
55,8,30,7657.05116447299,30,3018.82541646317,30,73.1771201581843,30,394.108873670764
55,8,35,7508.00035508932,35,3452.74014062338,35,-212.847938790268,35,388.808938077643
55,8,40,7263.53382071441,40,3907.18219812313,40,-603.976965904381,40,351.862005315594
55,8,45,6900.21422872013,45,4368.15620460203,45,-1086.82405451645,45,276.862082621998
55,8,50,6401.44563628157,50,4824.18051055439,50,-1640.43912466233,50,156.728131403125
55,8,55,5760.68802627009,55,5264.14420050799,55,-2239.10667592963,55,-14.6234161976273
55,8,60,4982.53810181673,60,5674.73017999059,60,-2855.1063314448,60,-240.011590999954
55,8,65,4081.45204314754,65,6039.35070429268,65,-3460.81034240408,65,-517.050395877624
55,8,70,3078.76094985863,70,6339.63624952808,70,-4029.97822664121,70,-837.469238236406
55,8,75,1999.15632790922,75,6558.93592577989,75,-4538.49645025805,75,-1188.11029187589
55,8,80,867.777347114996,80,6686.09555528745,80,-4964.94760735095,80,-1553.24548411345
55,8,85,-291.485790659529,85,6717.6839964919,85,-5291.31309750091,85,-1917.28287725534
55,8,90,-1456.50941921269,90,6657.74690158618,90,-5503.9226697703,90,-2266.86986538914
60,8,0,7850.33282879866,0,663.594642989177,0,-24.2904745315344,0,32.9880436097789
60,8,5,7848.79277915689,5,684.015895626025,5,130.041501169619,5,105.545316274249
60,8,10,7850.7216065187,10,792.905942296243,10,265.381143453838,10,175.236794725988
60,8,15,7851.31051286335,15,991.648678348652,15,357.778888655842,15,238.045437999533
60,8,20,7841.96613269806,20,1277.79031873781,20,383.498889143647,20,291.289250273408
60,8,25,7808.48838952512,25,1642.97116515435,25,321.136148696744,25,333.155035374869
60,8,30,7730.00854010877,30,2072.76932396545,30,154.863148183149,30,361.497808210096
60,8,35,7580.06632281062,35,2549.10179561727,35,-122.325431555363,35,372.359992973947
60,8,40,7330.24993383537,40,3054.0482083123,40,-506.749004520884,40,358.876974848446
60,8,45,6955.55512802923,45,3572.73142141041,45,-984.389117621171,45,311.278412805443
60,8,50,6439.69599206308,50,4093.30349134484,50,-1533.24346232904,50,218.435828475593
60,8,55,5778.4981663102,55,4604.06140126091,55,-2126.61845483631,55,70.7942422572181
60,8,60,4980.27649986684,60,5089.8672706705,60,-2736.13289859107,60,-136.235603713651
60,8,65,4063.34320444795,65,5530.72039962143,65,-3333.73723854673,65,-399.813406131849
60,8,70,3051.87968904927,70,5903.97199930754,70,-3892.79251977321,70,-709.300662632166
60,8,75,1971.82492997699,75,6189.29448927198,75,-4388.69237121029,75,-1048.25466916996
60,8,80,848.065288552069,80,6373.82055033898,80,-4799.50913100158,80,-1397.96488801967
60,8,85,-296.647300876308,85,6454.8952600842,85,-5106.90910540787,85,-1741.08399313106
60,8,90,-1441.4687901001,90,6439.35421812893,90,-5297.3495818811,90,-2064.07493219746
65,8,0,7760.4466374507,0,-423.905220893869,0,1.32053335710493,0,36.4880212059167
65,8,5,7762.17346967686,5,-402.942576175134,5,157.718698938389,5,95.7398956512844
65,8,10,7765.7148079079,10,-292.704316149986,10,295.246494301426,10,151.378353188091
65,8,15,7767.54452872297,15,-89.3436475546293,15,391.518693657179,15,201.622965493152
65,8,20,7760.95305056036,20,208.199294536067,20,423.507444426778,20,246.948503946886
65,8,25,7732.80141961412,25,594.522101260516,25,369.512901957157,25,288.814153473823
65,8,30,7661.53246823695,30,1056.41896730991,30,212.765072075731,30,327.32330169195
65,8,35,7518.44979883568,35,1575.22140001918,35,-54.7029913913,35,358.750009894178
65,8,40,7272.61848423193,40,2131.60800994033,40,-429.709977533581,40,374.073532459446
65,8,45,6897.80365998913,45,2709.64828814419,45,-898.226014523813,45,359.475988259288
65,8,50,6378.7398144049,50,3297.13225502414,50,-1438.02731382456,50,299.135858977599
65,8,55,5714.31513504812,55,3881.92780086514,55,-2022.27555706091,55,179.692099433535
65,8,60,4916.72950850669,60,4447.23579547943,60,-2622.50295826471,60,-5.16891361625138
65,8,65,4007.47311104329,65,4969.67513167039,65,-3210.35603250898,65,-251.891214499353
65,8,70,3012.13504847868,70,5422.24102337131,70,-3758.45703953736,70,-547.276861678674
65,8,75,1956.11365271479,75,5780.83523919969,75,-4241.1255208299,75,-871.697911123683
65,8,80,862.432994747387,80,6030.79247315229,80,-4635.41353098185,80,-1203.86932293802
65,8,85,-248.331793835362,85,6170.06600174344,85,-4922.45816823153,85,-1525.20260244391
65,8,90,-1356.93689910216,90,6207.90914244888,90,-5088.96207369918,90,-1822.28947434038
70,8,0,7518.58101195905,0,-1539.55198703074,0,24.2443128043483,0,30.3632415502742
70,8,5,7523.84105184502,5,-1516.72386233993,5,180.460196763681,5,77.8907485559784
70,8,10,7529.25200772331,10,-1404.6782584589,10,317.297996478608,10,121.15998169831
70,8,15,7533.21578662734,15,-1197.103684628,15,414.189933669727,15,160.523649857553
70,8,20,7531.61465968481,20,-889.178547014762,20,449.449182124124,20,199.701334013167
70,8,25,7512.79787895017,25,-482.977013485395,25,401.874611451392,25,243.670102072702
70,8,30,7454.56120190392,30,9.80185263570898,30,254.402877379611,30,295.012422925858
70,8,35,7325.84360584733,35,569.97301321756,35,-1.64041800464942,35,350.26464905093
70,8,40,7093.2697975694,40,1176.69798674082,40,-363.827037171752,40,398.037436523039
70,8,45,6729.90100572561,45,1812.87890148347,45,-818.830980511481,45,420.159537303864
70,8,50,6222.30732551891,50,2466.01543969492,50,-1345.18607295803,50,395.948158104899
70,8,55,5573.0417115063,55,3123.84970508768,55,-1916.8408322571,55,308.32520395749
70,8,60,4798.04835771688,60,3768.36605118427,60,-2505.79782832092,60,149.491479701033
70,8,65,3920.91254825839,65,4373.26486225485,65,-3083.39071123866,65,-76.1681077178269
70,8,70,2966.87212276407,70,4907.5798741525,70,-3620.99106106454,70,-353.159766886204
70,8,75,1958.91122431243,75,5343.70511360071,75,-4091.12695062011,75,-659.356373132634
70,8,80,916.739927591003,80,5665.21290590169,80,-4469.27116373467,80,-971.798774705057
70,8,85,-142.000092010975,85,5870.35758573222,85,-4735.85726986248,85,-1271.41455224398
70,8,90,-1199.74978591788,90,5970.11408795362,90,-4878.03440836699,90,-1545.209057548
75,8,0,7137.52133088681,0,-2653.0393714412,0,40.6836128005314,0,16.6633083422447
75,8,5,7145.7442763444,5,-2626.98413861734,5,196.901092715663,5,54.240215728741
75,8,10,7152.8544052614,10,-2511.68319109657,10,332.652542317531,10,87.4696020791167
75,8,15,7159.69657531483,15,-2298.7726441864,15,429.064305694951,15,118.553235236854
75,8,20,7165.15284166908,20,-1980.04639834875,20,466.197692641497,20,154.173415224319
75,8,25,7159.21681734065,25,-1554.46032583177,25,424.115980113723,25,202.65003431346
75,8,30,7119.00196392557,30,-1032.24481724673,30,286.231671208447,30,268.967944107831
75,8,35,7011.10886614575,35,-433.064282385709,35,43.575535596175,35,349.887523422723
75,8,40,6800.08418983334,40,220.753648966144,40,-302.325112104842,40,431.656229445244
75,8,45,6459.03487665123,45,910.98020841967,45,-739.526653729247,45,491.900670447395
75,8,50,5977.20101647972,50,1624.97905056886,50,-1248.28605784956,50,505.460149311981
75,8,55,5361.19283348213,55,2350.75154715124,55,-1804.23293259755,55,452.067088804395
75,8,60,4630.23148925946,60,3069.71159567428,60,-2380.33812333141,60,322.813529858999
75,8,65,3808.65464877771,65,3753.46138853706,65,-2947.57713283485,65,122.799674249544
75,8,70,2919.5456664579,70,4367.88022365051,70,-3475.5824232247,70,-130.929586867284
75,8,75,1981.80398438252,75,4882.41158341095,75,-3934.44802639334,75,-414.936188071075
75,8,80,1010.72656415445,80,5278.96642131185,80,-4297.59037933748,80,-705.789425411437
75,8,85,20.5969975003445,85,5555.6552702601,85,-4544.6152983192,85,-984.708941522303
75,8,90,-972.639353780309,90,5724.26306002179,90,-4663.32851579215,90,-1239.21671803219
80,8,0,6633.63580818209,0,-3739.22096873448,0,48.9386806880453,0,-1.91186087574498
80,8,5,6643.82787415439,5,-3708.51225997862,5,206.852596547677,5,27.6320705050829
80,8,10,6652.59070522984,10,-3587.59802021517,10,342.855121028463,10,53.6418053202619
80,8,15,6663.37576683569,15,-3366.84633525484,15,439.343327222893,15,79.8270833951463
80,8,20,6677.96981611284,20,-3035.63154398572,20,478.248655479514,20,115.263536997484
80,8,25,6687.81352557618,25,-2590.56482399704,25,441.497862038117,25,171.0264114415
80,8,30,6669.29727676946,30,-2040.7570874943,30,313.734110241854,30,254.071893489298
80,8,35,6587.02188865593,35,-1406.29836933878,35,86.2028759463537,35,361.224529273287
80,8,40,6404.21405251148,40,-710.757127890241,40,-240.469484781435,40,476.565186273682
80,8,45,6094.97917676434,45,26.7542399990451,45,-656.229747442795,45,574.113563053098
80,8,50,5651.94437037313,50,793.697130004839,50,-1143.8343028258,50,625.129397187613
80,8,55,5085.83154238857,55,1578.72325170312,55,-1681.31023033794,55,607.045754201188
80,8,60,4418.3586716437,60,2363.40632091259,60,-2243.00509533074,60,510.279563367117
80,8,65,3673.2060125248,65,3118.30925681135,65,-2799.56324659827,65,340.286084799479
80,8,70,2869.73927732687,70,3807.2745773605,70,-3318.61579413609,70,114.526782690954
80,8,75,2021.53873153245,75,4397.57120303061,75,-3767.45213799649,75,-143.745519933085
80,8,80,1138.82651183977,80,4869.58194205408,80,-4117.134793777,80,-411.902232499067
80,8,85,232.373712367316,85,5220.72648438514,85,-4346.33530635185,85,-672.068658426121
80,8,90,-683.395231835087,90,5462.59401249984,90,-4443.6186825856,90,-912.13696845673
85,8,0,6025.53430962705,0,-4775.93973595924,0,49.2168969621672,0,-22.8637366083267
85,8,5,6036.71836620109,5,-4739.10481876295,5,211.188987592917,5,0.801862880790351
85,8,10,6047.58774468056,10,-4609.6305743718,10,349.763742156305,10,22.8202102185074
85,8,15,6063.87634332954,15,-4377.65767669334,15,448.020335391113,15,48.1319655043293
85,8,20,6089.6148825084,20,-4031.54082159318,20,489.600355524744,20,87.4825246486694
85,8,25,6117.1815767399,25,-3566.75897114944,25,458.621085340103,25,153.784413997373
85,8,30,6122.31832899537,30,-2991.89576652767,30,341.556465700657,30,255.192837029213
85,8,35,6068.40040958328,35,-2327.36980922617,35,130.381038967788,35,388.280944284297
85,8,40,5918.5230681577,40,-1597.50741864651,40,-175.025454929565,40,535.290099895769
85,8,45,5648.8551563331,45,-821.837119492919,45,-566.736671922742,45,667.580604584026
85,8,50,5255.85251361509,50,-12.5019480237442,50,-1030.45318969738,50,754.115322842681
85,8,55,4753.96388974413,55,820.132152488457,55,-1547.02909547614,55,771.140860909256
85,8,60,4166.36445402721,60,1658.49513555885,60,-2092.49006695029,60,708.814495562523
85,8,65,3514.80114932198,65,2473.2638747542,65,-2637.33334699493,65,572.399388765329
85,8,70,2813.83856544926,70,3227.5475186535,70,-3147.29776584714,70,378.447022046167
85,8,75,2071.08735284597,75,3887.37303616923,75,-3586.90459938884,75,148.477055447663
85,8,80,1291.46545337672,80,4431.78170536095,80,-3924.81049401288,80,-96.8282012566118
85,8,85,482.227257378235,85,4856.9464338566,85,-4138.64172532549,85,-340.881545564252
85,8,90,-343.747679733613,90,5173.29144881124,90,-4217.63096718714,90,-571.609899879763
90,8,0,5334.0068502976,0,-5741.53349930874,0,43.1068641058343,0,-44.3863804471792
90,8,5,5345.51666729977,5,-5697.16168939527,5,211.541177780116,5,-23.977044538587
90,8,10,5359.46100164332,10,-5556.09323600633,10,355.366703793974,10,-2.27588790570786
90,8,15,5383.05368126899,15,-5309.39258049376,15,457.745317329787,15,26.7422536341799
90,8,20,5421.45966351277,20,-4946.01936338273,20,503.650420750663,20,74.743968476878
90,8,25,5467.33548291603,25,-4461.78008188568,25,479.400244055265,25,155.358690755387
90,8,30,5496.08985216464,30,-3865.46160221207,30,373.635773362297,30,276.906469032816
90,8,35,5471.10656055406,35,-3177.66458205992,35,179.482857848197,35,435.24774001014
90,8,40,5356.87930885756,40,-2422.80240886638,40,-103.643718078872,40,611.175963517211
90,8,45,5132.66372605573,45,-1620.17425456156,45,-469.863564914261,45,774.550756660661
90,8,50,4798.77961198309,50,-781.187057118649,50,-907.859532182405,50,893.515470395236
90,8,55,4372.54813864821,55,85.0126812758395,55,-1401.40183414834,55,944.299408451139
90,8,60,3877.39391042182,60,962.279809575697,60,-1928.37997466653,60,917.149698225732
90,8,65,3332.15092345432,65,1822.50471801774,65,-2459.51311148522,65,816.528317727201
90,8,70,2746.12300004249,70,2629.41412710654,70,-2959.17271318437,70,656.812993364194
90,8,75,2120.93975962347,75,3348.83206590558,75,-3389.6038059033,75,456.448542257286
90,8,80,1456.37154934805,80,3958.76611938987,80,-3717.29632641493,80,233.287701610781
90,8,85,756.200673569364,85,4453.72107828529,85,-3918.74620951229,85,2.4365750150801
90,8,90,31.5358986405788,90,4842.16093407281,90,-3983.56352477915,90,-223.704395940216
95,8,0,4582.76723975485,0,-6612.64917096421,0,32.9999830060838,0,-65.4463001999458
95,8,5,4594.30307936042,5,-6559.60203119495,5,209.983531034247,5,-44.8684110544982
95,8,10,4612.43476237619,10,-6404.43474781036,10,361.653330409179,10,-19.1996642900064
95,8,15,4644.74173501196,15,-6140.25329475232,15,470.777939586606,15,18.6395042836287
95,8,20,4696.23499660377,20,-5758.2488202523,20,523.168284629383,20,80.5482018691821
95,8,25,4759.27414715826,25,-5256.04018514148,25,507.060228614399,25,179.69658086332
95,8,30,4809.56676297273,30,-4643.35597182599,30,413.283464798729,30,323.414533775347
95,8,35,4812.0904138986,35,-3940.78479606555,35,236.371034386983,35,506.310269091252
95,8,40,4734.39721425492,40,-3172.05685760207,40,-24.3679808355897,40,708.137655724764
95,8,45,4559.6303947478,45,-2355.50196386074,45,-364.71737932939,45,898.467363537891
95,8,50,4291.54574340042,50,-1501.43481189345,50,-775.979311778051,50,1046.08735403066
95,8,55,3949.0808402406,55,-617.644596431405,55,-1244.59725616959,55,1128.2776919841
95,8,60,3554.65244700652,60,281.534583365546,60,-1750.39033736747,60,1135.64366832445
95,8,65,3123.58450527469,65,1170.12335654467,65,-2264.81525646282,65,1071.32479403151
95,8,70,2660.10137120783,70,2013.72361746006,70,-2751.75530230001,70,946.566336686625
95,8,75,2160.44420076196,75,2779.04612332563,75,-3172.08902357518,75,775.807298944485
95,8,80,1619.73189575341,80,3443.56614781143,80,-3490.69904666062,80,573.507813350685
95,8,85,1038.34284608838,85,3999.98482920653,85,-3682.97960794024,85,353.184018206304
95,8,90,425.197199212455,90,4454.31445352768,90,-3738.51611737366,90,127.762805219474
100,8,0,3799.42922342605,0,-7362.78158762602,0,21.6241477523603,0,-85.5188575698692
100,8,5,3810.88404571467,5,-7300.48450980842,5,208.799630501743,5,-60.1715086763142
100,8,10,3833.83350046351,10,-7129.92624806618,10,370.562493918354,10,-25.4019992830836
100,8,15,3875.07899837053,15,-6847.20367168196,15,489.01965134838,15,26.9234044229427
100,8,20,3938.35811579368,20,-6447.15043839149,20,550.321302645084,20,108.337079019618
100,8,25,4015.46991215185,25,-5930.47847639117,25,544.125449585372,25,230.460981276674
100,8,30,4083.35648245545,30,-5308.46160125217,30,463.178594695697,30,398.54208916546
100,8,35,4110.29637464004,35,-4601.4345183473,35,303.479618212683,35,605.435963513105
100,8,40,4068.40565500882,40,-3831.67998652129,40,64.6093946466951,40,830.261867970861
100,8,45,3945.13752809377,45,-3015.83255536124,45,-250.271948395933,45,1043.41911781489
100,8,50,3746.83785490203,50,-2162.78010851764,50,-634.403514196761,50,1215.6030804496
100,8,55,3492.56766319338,55,-1278.89998415498,55,-1076.38998622608,55,1325.9901182249
100,8,60,3202.5588156755,60,-376.522417742411,60,-1557.92520532238,60,1365.7399292708
100,8,65,2888.40809043779,65,521.151281016322,65,-2051.77698651563,65,1336.36213401903
100,8,70,2549.97143006664,70,1382.63837162922,70,-2522.43356169915,70,1245.48213927624
100,8,75,2179.18024539338,75,2176.600656158,75,-2930.62882285771,75,1103.12770557491
100,8,80,1767.30086579373,80,2880.70030778936,80,-3240.5192542431,80,920.131603869618
100,8,85,1311.4594524875,85,3486.08285529549,85,-3426.64885858812,85,708.303717639437
100,8,90,817.891146676807,90,3996.21387608463,90,-3478.2084125107,90,481.000553380541
105,8,0,3016.11156983088,0,-7961.85563931674,0,11.7172770880274,0,-104.113389813184
105,8,5,3027.27088148982,5,-7890.62219323034,5,210.304954275764,5,-67.9052162052924
105,8,10,3054.54219003491,10,-7705.28220230814,10,383.941782724102,10,-17.8448185623887
105,8,15,3103.09153273582,15,-7405.57237535317,15,514.03500454569,15,55.1651222214264
105,8,20,3174.75103095138,20,-6990.95489538536,20,586.66891456979,20,161.771524354879
105,8,25,3260.95061839572,25,-6466.093820724,25,592.337637198581,25,311.171737402885
105,8,30,3340.99208247476,30,-5844.14043967976,30,525.227932862561,30,505.689833374722
105,8,35,3387.990127581,35,-5144.88302175568,35,382.684869142708,35,736.104698738233
105,8,40,3379.69871041558,40,-4388.49999153552,40,164.898004682753,40,981.305969925951
105,8,45,3307.84407791837,45,-3589.33320009165,45,-125.313180458965,45,1213.43103660075
105,8,50,3180.24274898196,50,-2754.57951301824,50,-482.262648565661,50,1406.00611468118
105,8,55,3014.57965004175,55,-1889.2126333279,55,-896.037173609837,55,1540.65532426777
105,8,60,2827.93000912491,60,-1003.53105871061,60,-1350.03696765561,60,1609.23491763051
105,8,65,2628.25355870178,65,-117.603370701115,65,-1818.86543933918,65,1611.59575979942
105,8,70,2412.07230530306,70,740.743866161139,70,-2268.74661006784,70,1551.7808977644
105,8,75,2168.38513452715,75,1543.06856689247,75,-2661.65007351493,75,1435.54129683123
105,8,80,1885.65723167769,80,2268.10013326256,80,-2962.15933753217,80,1270.15834090799
105,8,85,1558.09945796081,85,2906.05336566333,85,-3144.51442544127,85,1065.58492865126
105,8,90,1188.86959062203,90,3458.16719845255,90,-3197.31738676955,90,835.196997252633
110,8,0,2269.08267365113,0,-8377.10829271798,0,5.77462510207122,0,-120.257254015239
110,8,5,2279.35761945369,5,-8298.42400897075,5,216.638154502715,5,-65.4679400519821
110,8,10,2308.94234143868,10,-8101.398852663,10,403.405325917521,10,7.18703817046185
110,8,15,2361.04056368652,15,-7789.63203554273,15,546.94435031959,15,107.484606409499
110,8,20,2435.61891345755,20,-7367.58866332494,20,633.028971862919,20,244.731167344516
110,8,25,2524.38783667318,25,-6844.14412382979,25,652.44866157288,25,425.13134980571
110,8,30,2610.13021593233,30,-6234.28459116073,30,600.282510323431,30,647.653272488449
110,8,35,2671.88299747401,35,-5556.90910263025,35,474.982090958676,35,900.966248492823
110,8,40,2693.49476277227,40,-4829.62219911192,40,277.590264989771,40,1164.14861644795
110,8,45,2670.49386796751,45,-4064.10085630213,45,11.2665174985249,45,1411.71153868987
110,8,50,2610.9868364358,50,-3265.7091741927,50,-318.506798458063,50,1620.52785070864
110,8,55,2530.0227158411,55,-2438.07309758556,55,-702.577162454731,55,1774.90737098864
110,8,60,2440.86204717523,60,-1589.54129625773,60,-1125.79281894948,60,1867.50276361638
110,8,65,2348.1240219352,65,-736.947859951539,65,-1564.9765878449,65,1896.74372789299
110,8,70,2246.11410801388,70,95.9579307134819,70,-1989.08497199708,70,1863.59238763979
110,8,75,2122.34326265451,75,884.365723595445,75,-2362.67881432403,75,1770.1225862493
110,8,80,1963.68236070082,80,1608.98254685955,80,-2652.07131883243,80,1620.4243005361
110,8,85,1762.01870074034,85,2259.9692345226,85,-2832.0223925276,85,1422.46128421832
110,8,90,1517.32632958609,90,2836.99236542346,90,-2890.61594744664,90,1189.01594859692
115,8,0,1596.973578373,0,-8575.36268716336,0,5.77797097381105,0,-132.139132292012
115,8,5,1605.32131115619,5,-8492.03617646502,5,229.429619309761,5,-49.5774534684395
115,8,10,1633.79418335886,10,-8289.21895321396,10,429.996628780408,10,53.8856792213915
115,8,15,1683.91467275506,15,-7974.07693792002,15,588.103825214619,15,188.187148731157
115,8,20,1754.47174968427,20,-7555.71936083453,20,689.162160516623,20,360.901725796786
115,8,25,1838.41206879328,25,-7046.79565715321,25,723.878645041654,25,575.035135666646
115,8,30,1922.89409215394,30,-6463.66677836858,30,687.743056883443,30,826.249606590777
115,8,35,1993.33371898254,35,-5823.95880820153,35,580.02727330738,35,1101.41467831718
115,8,40,2039.47722031785,40,-5142.46339498411,40,402.740425433444,40,1380.23661937421
115,8,45,2059.88128296615,45,-4428.09958623162,45,159.891337408178,45,1639.95114460755
115,8,50,2061.93073193255,50,-3684.41582613478,50,-142.530042040414,50,1860.89366098403
115,8,55,2057.22752564979,55,-2913.78410053979,55,-495.49811014394,55,2030.01133452194
115,8,60,2054.95510783745,60,-2122.73067598682,60,-885.006199580941,60,2140.80946010173
115,8,65,2056.81242115345,65,-1324.92029884524,65,-1290.28749911831,65,2190.72142154406
115,8,70,2055.88456270453,70,-539.881353037809,70,-1683.75458389281,70,2178.4461214189
115,8,75,2039.47666430192,75,211.676149836816,75,-2033.69614669316,75,2103.30720478208
115,8,80,1994.07069514098,80,913.216790882384,80,-2309.4126241526,80,1966.81215147906
115,8,85,1910.05017771976,85,1555.76889037058,85,-2487.15977762225,85,1774.92771342432
115,8,90,1784.48520693083,90,2138.2421026161,90,-2554.83895768582,90,1539.22817681399
120,8,0,1037.3846339841,0,-8526.4608940061,0,12.8538613435794,0,-137.118987825061
120,8,5,1042.49328170166,5,-8442.54733356621,5,249.318752060726,5,-16.6736784051268
120,8,10,1065.65655351623,10,-8242.45948139778,10,463.645188234252,10,126.196439304922
120,8,15,1107.47210037382,15,-7936.10371965344,15,636.57716606092,15,300.871966178522
120,8,20,1166.64399832254,20,-7536.1441969664,20,753.298204912937,20,512.892607135874
120,8,25,1238.34501036323,25,-7057.90141613336,25,804.28521943859,25,762.218904614248
120,8,30,1314.58535932202,30,-6518.27309300918,30,785.120566039283,30,1041.71264865317
120,8,35,1386.95307751102,35,-5933.20711676747,35,695.624074259278,35,1337.06097400353
120,8,40,1450.36206613994,40,-5314.66787332588,40,538.730156417594,40,1629.04720254168
120,8,45,1505.522399513,45,-4668.99219719534,45,319.534934129712,45,1897.7342389832
120,8,50,1558.44697107325,50,-3998.08741004363,50,44.95498191112,50,2126.71143267794
120,8,55,1617.05425909941,55,-3303.19127448326,55,-275.678792027252,55,2305.29327880777
120,8,60,1686.62767457535,60,-2589.12561059882,60,-629.220859397146,60,2427.84063326319
120,8,65,1766.45315185616,65,-1866.52165713772,65,-997.308499858912,65,2491.28663964842
120,8,70,1849.15723400935,70,-1150.73910363523,70,-1356.17314965041,70,2493.01217668872
120,8,75,1922.78637358911,75,-458.193509337352,75,-1678.57356033666,75,2430.67451726606
120,8,80,1974.4504390128,80,197.856446736594,80,-1937.77927433584,80,2304.00156100966
120,8,85,1993.93973948292,85,810.05722186772,85,-2112.4632907028,85,2117.18136675101
120,8,90,1976.05086857858,90,1377.32285860845,90,-2190.85473767049,90,1880.17998559037
125,8,0,622.176728315289,0,-8207.24224286706,0,26.8914812628497,0,-132.252087116638
125,8,5,622.866765057975,5,-8127.67320031179,5,275.403896557581,5,36.1349540076037
125,8,10,636.783794142014,10,-7940.68017590143,10,502.535988420422,10,226.563776343231
125,8,15,664.529539121623,15,-7657.6614822586,15,689.529460374264,15,447.057809613656
125,8,20,705.833771980524,20,-7293.18596293609,20,821.624577405974,20,700.939998499154
125,8,25,758.81128131133,25,-6863.6585632929,25,889.146821138433,25,985.574061863031
125,8,30,820.276077988693,30,-6385.42442465831,30,887.642437193672,30,1291.85187025637
125,8,35,887.22909621823,35,-5872.35352468261,35,817.247810168035,35,1605.0846881399
125,8,40,958.718297156026,40,-5333.73596768759,40,681.626586620742,40,1907.55711539322
125,8,45,1036.84028024244,45,-4773.69034598421,45,486.889834737546,45,2182.08010636216
125,8,50,1126.05276912938,50,-4192.76337966224,50,240.942215384651,50,2415.08282591267
125,8,55,1230.94372142196,55,-3591.18243597072,55,-46.4229547149169,55,2597.84536768972
125,8,60,1353.5020197489,60,-2972.14166658979,60,-362.722293287641,60,2725.52946024001
125,8,65,1491.19798820262,65,-2343.37673009072,65,-691.831423541823,65,2795.02239352799
125,8,70,1636.72145223153,70,-1716.24442220843,70,-1013.77946657815,70,2803.2790861158
125,8,75,1779.40437044447,75,-1102.91021698742,75,-1306.02920030556,75,2747.35855786507
125,8,80,1907.66066484494,80,-513.154627693706,80,-1546.32766530443,80,2626.11780924104
125,8,85,2011.49319523601,85,47.7217924485069,85,-1716.41160015575,85,2442.44731542243
125,8,90,2084.24369038746,90,579.16625474459,90,-1805.37241673933,90,2204.66311767316
130,8,0,372.229606217669,0,-7605.27115047521,0,46.2448270452731,0,-115.309317879926
130,8,5,367.905335467122,5,-7535.19695473092,5,304.829891948283,5,109.710183230718
130,8,10,369.965034948637,10,-7372.13333569629,10,542.644946386574,10,354.360210065857
130,8,15,379.76405908523,15,-7127.53021528411,15,741.797389949724,15,624.573243039417
130,8,20,398.800120037314,20,-6815.97411475077,20,887.953148297481,20,921.418687365254
130,8,25,428.335558178662,25,-6453.19458966643,25,971.520924739182,25,1240.28627484351
130,8,30,469.424238514991,30,-6053.83757586222,30,988.025900015243,30,1571.05336905402
130,8,35,523.374206342157,35,-5629.33377037245,35,937.723141717827,35,1899.48080797076
130,8,40,592.281907698695,40,-5186.52670731017,40,824.677282876808,40,2209.70023448281
130,8,45,679.116978354846,45,-4727.73817697008,45,655.66350730675,45,2487.08134954285
130,8,50,787.052016314353,50,-4252.44918705601,50,439.296443727147,50,2720.40334278984
130,8,55,918.180182288465,55,-3759.97341750642,55,185.701671175569,55,2902.47773967073
130,8,60,1072.14622458358,60,-3251.91003810351,60,-93.2318943751061,60,3029.16864692072
130,8,65,1245.30043789044,65,-2733.22098299388,65,-383.358937381404,65,3097.65527277477
130,8,70,1430.75125880011,70,-2211.49207113658,70,-668.151340131073,70,3105.17276235097
130,8,75,1619.30760510187,75,-1694.86815087133,75,-929.493564440348,75,3049.08547578406
130,8,80,1800.9735889411,80,-1189.74558180143,80,-1149.55605712862,80,2928.26984308324
130,8,85,1966.50683761675,85,-699.281896354958,85,-1313.35981425754,85,2744.99671217327
130,8,90,2108.58773099257,90,-223.271933643618,90,-1411.25992600692,90,2506.25670217475
135,8,0,292.745102742334,0,-6721.76056751869,0,67.7045391157158,0,-86.0232445471516
135,8,5,283.685714808498,5,-6665.71703742869,5,332.782368329352,5,201.505055594469
135,8,10,273.287331660689,10,-6536.16517279136,10,577.757407214994,10,504.466582962652
135,8,15,263.979505039569,15,-6343.27494332168,15,785.950338845029,15,826.182834275443
135,8,20,259.17314878495,20,-6099.92636736669,20,943.833568447249,20,1165.57642558447
135,8,25,262.89953788587,25,-5819.6039154453,25,1042.18613895528,25,1516.71522814052
135,8,30,279.489508081276,30,-5514.26886500748,30,1076.5874657874,30,1869.33008330496
135,8,35,313.329674762116,35,-5192.62932514772,35,1047.2244807089,35,2210.30425405101
135,8,40,368.610793892624,40,-4859.2922665356,40,958.150220039362,40,2525.82679049031
135,8,45,448.944157429169,45,-4515.12693848802,45,816.268071306803,45,2803.5829904644
135,8,50,556.803293803296,50,-4158.7604086333,50,630.380152794836,50,3034.24416884536
135,8,55,692.892262690527,55,-3788.63374077165,55,410.58183636316,55,3211.77510646774
135,8,60,855.645208587187,60,-3404.76180749684,60,168.093108721325,60,3332.63332085003
135,8,65,1041.05661495423,65,-3009.46770902634,65,-84.6448890347861,65,3394.48988084327
135,8,70,1242.93693917288,70,-2606.86290154194,70,-333.978693152213,70,3395.31575971449
135,8,75,1453.54770395366,75,-2201.44165047858,75,-565.534068444008,75,3333.41471873954
135,8,80,1664.45884773183,80,-1796.53102534651,80,-765.354132916222,80,3208.41187523239
135,8,85,1867.42158069948,85,-1393.32239962991,85,-921.518718162438,85,3022.67295512287
135,8,90,2055.06444135762,90,-990.87690957681,90,-1025.81029703284,90,2782.41791610587
140,8,0,370.127930671854,0,-5573.76538573469,0,86.9066010836728,0,-47.0530221713398
140,8,5,357.472054775469,5,-5534.87312160446,5,353.100018335013,5,304.759279296834
140,8,10,336.074369946172,10,-5445.51271976611,10,600.208426978236,10,666.622534981432
140,8,15,309.284243305758,15,-5313.62810476743,15,813.085342184617,15,1039.04132944694
140,8,20,281.990893880788,20,-5149.18324661384,20,979.34192476174,20,1419.01826792423
140,8,25,260.149197844706,25,-4962.34842892648,25,1090.37826706457,25,1799.85547014752
140,8,30,250.194586261734,30,-4761.76342802633,30,1141.89317006358,30,2171.75799525841
140,8,35,258.41554119776,35,-4553.25665897848,35,1133.82164345438,35,2523.13230321986
140,8,40,290.338349042046,40,-4339.34121668907,40,1069.77901185583,40,2842.2612038351
140,8,45,350.171713442434,45,-4119.61971055218,45,956.205784816747,45,3118.8810488205
140,8,50,440.364224926639,50,-3891.93718799677,50,801.4680855665,50,3345.19205229758
140,8,55,561.331581366685,55,-3653.84109435922,55,615.14116485994,55,3516.04682142564
140,8,60,711.395456176144,60,-3403.78766757176,60,407.584831852819,60,3628.41543288542
140,8,65,886.939583076896,65,-3141.6593280184,65,189.752379834865,65,3680.54565432819
140,8,70,1082.74617946515,70,-2868.48007336415,70,-26.9623269158468,70,3671.34901412458
140,8,75,1292.44641987678,75,-2585.57634045467,75,-231.06736193379,75,3600.3838304129
140,8,80,1509.01060322205,80,-2293.65323174246,80,-411.638019075764,80,3468.46668768304
140,8,85,1725.21243181424,85,-1992.24932808246,85,-559.263493401583,85,3278.61058031481
140,8,90,1934.01981348309,90,-1679.83015522283,90,-667.069112849975,90,3036.82558310207
145,8,0,571.161178732208,0,-4196.29975673411,0,99.2225648573267,0,-4.10270281998683
145,8,5,556.58530895656,5,-4175.72910141762,5,359.517637451572,5,408.819808723769
145,8,10,527.15949132951,10,-4129.19910606991,10,602.348617036252,10,826.062768639753
145,8,15,486.675681290562,15,-4062.02484678526,15,814.37830019138,15,1245.45217721094
145,8,20,440.716633448044,20,-3980.7492166365,20,984.608845626651,20,1662.38654409671
145,8,25,396.103093737141,25,-3891.82384967102,25,1105.23787095793,25,2069.79799170394
145,8,30,360.199953474254,30,-3800.38560068755,30,1172.11917828015,30,2458.67906346153
145,8,35,340.168665914272,35,-3709.40442110384,35,1184.78113524731,35,2819.05706265403
145,8,40,342.263819380395,40,-3619.39507340778,40,1146.04648150749,40,3141.17010897798
145,8,45,371.264844805304,45,-3528.73319868338,45,1061.3798419371,45,3416.53305988835
145,8,50,430.109191055274,50,-3434.43292362792,50,938.136027075248,50,3638.61883895293
145,8,55,519.754105962986,55,-3333.09628804976,55,784.873465550904,55,3803.02583104236
145,8,60,639.249208938743,60,-3221.70230058657,60,610.832488632838,60,3907.20447041538
145,8,65,785.964810595707,65,-3097.99297602232,65,425.582239813875,65,3949.98689571042
145,8,70,955.903762324159,70,-2960.39995455168,70,238.754538822364,70,3931.22054144972
145,8,75,1144.03151937385,75,-2807.6542789235,75,59.747394812077,75,3851.72244641243
145,8,80,1344.58321853732,80,-2638.34499502979,80,-102.68937319083,80,3713.59020047325
145,8,85,1551.33480930939,85,-2450.69181957825,85,-240.995799279298,85,3520.71806248881
145,8,90,1757.84648419493,90,-2242.68588545897,90,-349.393479311318,90,3279.25856030131
150,8,0,844.853619784605,0,-2644.93386779254,0,100.970891059912,0,35.1333529920348
150,8,5,830.094917372871,5,-2641.78275685916,5,347.277767470904,5,500.791072660408
150,8,10,796.286414213974,10,-2636.33027091688,10,578.43150882181,10,965.558419267544
150,8,15,747.107791557004,15,-2631.39355331393,15,783.116192050163,15,1425.02530725172
150,8,20,688.011832415472,20,-2630.27139707286,20,951.896946619722,20,1873.36795853328
150,8,25,625.693918462793,25,-2635.93503454083,25,1077.88760383518,25,2303.39668878798
150,8,30,567.439568198208,30,-2650.29330387532,30,1157.13551923058,30,2706.94580682948
150,8,35,520.432370868706,35,-2673.69870764987,35,1188.68987672354,35,3075.51974438789
150,8,40,491.112239074121,40,-2704.79777466787,40,1174.37646132228,40,3401.04249439552
150,8,45,484.66362716246,45,-2740.73472729288,45,1118.35329165343,45,3676.53291603325
150,8,50,504.686032831322,50,-2777.61823642536,50,1026.55249209975,50,3896.5599392666
150,8,55,553.061005288,55,-2811.09100646186,55,906.114293911062,55,4057.41280678446
150,8,60,629.991574016652,60,-2836.82859033887,60,764.889262780369,60,4157.02375601703
150,8,65,734.162790420979,65,-2850.84373787246,65,611.036637726748,65,4194.76310829943
150,8,70,862.963412970679,70,-2849.56550786756,70,452.699561893023,70,4171.25495604802
150,8,75,1012.71902263058,75,-2829.75920561788,75,297.710766556391,75,4088.32460366581
150,8,80,1178.90933366374,80,-2788.41401241405,80,153.284342876687,80,3949.10525167787
150,8,85,1356.36690785197,85,-2722.72752626768,85,25.6765667104758,85,3758.23972016024
150,8,90,1539.47187432286,90,-2630.26408082318,90,-80.1634307140435,90,3522.05267075142
155,8,0,1127.1573566529,0,-998.343583242332,0,90.5846171508199,0,63.0236505991806
155,8,5,1113.60195178959,5,-1009.9087074441,5,314.629592556415,5,568.176912456235
155,8,10,1078.98436366329,10,-1039.8104243671,10,526.390090035986,10,1068.44101624926
155,8,15,1026.44457658862,15,-1088.87952793086,15,716.69891869982,15,1557.82754777828
155,8,20,960.684714723447,20,-1157.83236956181,20,877.79238211216,20,2029.72753626817
155,8,25,887.544422540205,25,-1246.86535870286,25,1003.80146324632,25,2477.00186328377
155,8,30,813.484094676877,30,-1355.29527820454,30,1091.05667568317,30,2892.24553268991
155,8,35,745.037226191729,35,-1481.32840065186,35,1138.18480918232,35,3268.17867046474
155,8,40,688.295660311822,40,-1622.00732625502,40,1146.00736549164,40,3598.08679809528
155,8,45,648.482601099718,45,-1773.33806173415,45,1117.27885696828,45,3876.2243897782
155,8,50,629.649422149636,50,-1930.55460229778,50,1056.32141577019,50,4098.11230818422
155,8,55,634.508007815485,55,-2088.44838744209,55,968.615999684445,55,4260.69630365219
155,8,60,664.386898437616,60,-2241.6851503711,60,860.399948811511,60,4362.37757909261
155,8,65,719.282925873742,65,-2385.05267551509,65,738.30049987486,65,4402.96141520309
155,8,70,797.973977715944,70,-2513.62082658801,70,609.011901422388,70,4383.58318985056
155,8,75,898.163003634924,75,-2622.83452894635,75,479.007819179247,75,4306.65877823155
155,8,80,1016.63490647238,80,-2708.5858069761,80,354.275561402114,80,4175.87480256666
155,8,85,1149.42121200716,85,-2767.31345457929,85,240.064349047724,85,3996.19754649148
155,8,90,1291.97735051617,90,-2796.15907194608,90,140.652169223133,90,3773.85286351375
160,8,0,1348.63521979852,0,641.294005306539,0,69.2867774714498,0,74.3440878135992
160,8,5,1337.14580803595,5,619.019949458862,5,263.697849365161,5,601.703748660789
160,8,10,1304.80542124526,10,562.531975754261,10,448.945407920153,10,1121.77299728958
160,8,15,1254.00015063958,15,472.308109806471,15,618.03934585764,15,1627.75203666685
160,8,20,1188.35556624831,20,349.336670943563,20,764.941684817817,20,2112.73393766408
160,8,25,1112.44845898013,25,195.264708810964,25,884.904887228992,25,2569.81411285682
160,8,30,1031.45390648234,30,12.5202749375423,30,974.699983343788,30,2992.26986689773
160,8,35,950.764584520173,35,-195.62456605195,35,1032.72072322922,35,3373.79001660764
160,8,40,875.620096261909,40,-425.069584065975,40,1058.9654350655,40,3708.72305355176
160,8,45,810.779303332974,45,-670.983058620239,45,1054.91225935169,45,3992.30911703518
160,8,50,760.259271820349,50,-927.964483179388,50,1023.3132899531,50,4220.86678909678
160,8,55,727.152638444662,55,-1190.24732359416,55,967.937270756385,55,4391.91826054478
160,8,60,713.523645128691,60,-1451.91314524028,60,893.288788082505,60,4504.25140353569
160,8,65,720.374242402415,65,-1707.0941665762,65,804.325839881505,65,4557.9296598636
160,8,70,747.667022855332,70,-1950.15257867636,70,706.189775388681,70,4554.26648072962
160,8,75,794.391451688382,75,-2175.83708366603,75,603.954572170166,75,4495.77899539364
160,8,80,858.662762864608,80,-2379.42536530611,80,502.398197772061,80,4386.12735391552
160,8,85,937.847063997246,85,-2556.86272372538,85,405.798012157993,85,4230.03577592495
160,8,90,1028.7096729042,90,-2704.90179299596,90,317.754053636191,90,4033.18337444516
165,8,0,1444.75475755815,0,2153.05569322991,0,40.9494074342778,0,67.9573302593845
165,8,5,1435.77187761662,5,2124.85354915489,5,200.388679738418,5,597.380944618015
165,8,10,1408.20863810339,10,2052.49466120182,10,353.675801895136,10,1118.76798360898
165,8,15,1363.67144512641,15,1937.10663376183,15,495.914669086547,15,1625.28717639672
165,8,20,1304.64144305874,20,1780.51665919373,20,622.780811389971,20,2110.25773407073
165,8,25,1234.30807891318,25,1585.27004393254,25,730.733396022907,25,2567.26238415873
165,8,30,1156.36137730386,30,1354.63148263418,30,817.170545851894,30,2990.27859497072
165,8,35,1074.76101570127,35,1092.55945441769,35,880.519501513838,35,3373.82105673673
165,8,40,993.501105889111,40,803.647896094734,40,920.259635955719,40,3713.08502925109
165,8,45,916.388181745616,45,493.034238925764,45,936.882416074485,45,4004.07891056041
165,8,50,846.846670527892,50,166.277719903007,50,931.797251047989,50,4243.73546900397
165,8,55,787.761791918125,55,-170.784547654836,55,907.195226124511,55,4429.99410178882
165,8,60,741.365228924635,60,-512.194628540985,60,865.883859212931,60,4561.85025148842
165,8,65,709.164822112213,65,-852.035191351292,65,811.105509887438,65,4639.37159718028
165,8,70,691.916480516832,70,-1184.58833887212,70,746.350486359166,70,4663.68294235465
165,8,75,689.634657102227,75,-1504.48714044711,75,675.173910967134,75,4636.92247249732
165,8,80,701.636940078732,80,-1806.85693491584,80,601.023595774077,80,4562.17149375892
165,8,85,726.618164960478,85,-2087.44411367891,85,527.084874644941,85,4443.35861807833
165,8,90,762.749485797839,90,-2342.72951068353,90,456.147562207609,90,4285.13853939535
170,8,0,1367.57178507608,0,3409.26261231,0,11.1226251156949,0,47.1022973350256
170,8,5,1361.3668133036,5,3380.20507868016,5,133.318306221228,5,557.153701606251
170,8,10,1340.50692145217,10,3303.5509522782,10,251.963315883805,10,1059.87586024626
170,8,15,1305.91056971373,15,3180.53745497245,15,364.046157874934,15,1549.12469108394
170,8,20,1259.01898394554,20,3013.10312084667,20,466.842221312187,20,2018.97447445011
170,8,25,1201.71752127923,25,2803.86035993119,25,558.026463993411,25,2463.81842728406
170,8,30,1136.2350783756,30,2556.05445692254,30,635.762251636715,30,2878.46794909292
170,8,35,1065.02851880494,35,2273.50779042441,35,698.761902631958,35,3258.24790276438
170,8,40,990.659776556246,40,1960.54883692892,40,746.316669186381,40,3599.08465308266
170,8,45,915.673299439332,45,1621.92653738983,45,778.296084800438,45,3897.58330164521
170,8,50,842.480897094408,50,1262.71167187941,50,795.118608475413,50,4151.09067620137
170,8,55,773.25998804651,55,888.187835956548,55,797.697133066116,55,4357.74111510726
170,8,60,709.86987076579,60,503.735316355306,60,787.364104841768,60,4516.48282613335
170,8,65,653.789150919125,65,114.711571623819,65,765.781704296757,65,4627.0834557687
170,8,70,606.075990614283,70,-273.667843312069,70,734.842807917044,70,4690.11435501869
170,8,75,567.351509116362,75,-656.444138646823,75,696.568369764404,75,4706.91379042625
170,8,80,537.805510048397,80,-1029.02235050461,80,653.006525209467,80,4679.53000414581
170,8,85,517.222745084281,85,-1387.2672441991,85,606.138209748799,85,4610.64560507054
170,8,90,505.027129183947,90,-1727.58495615334,90,557.793459730895,90,4503.48532983793
175,8,0,1096.38746886573,0,4294.00071005412,0,-14.4326120330933,0,18.1978523527552
175,8,5,1093.26111830199,5,4268.9547452451,5,72.049840981654,5,488.081456083502
175,8,10,1080.35959534229,10,4199.32321214163,10,156.993372274579,10,952.440115193635
175,8,15,1058.06567583192,15,4086.05623834993,15,238.92190641762,15,1406.42073162604
175,8,20,1026.99172135328,20,3930.649601688,20,316.460093259181,20,1845.33624451871
175,8,25,987.954570710546,25,3735.11713258512,25,388.375305622223,25,2264.7358202009
175,8,30,941.942689481533,30,3501.95379152946,30,453.613020461371,30,2660.4705411926
175,8,35,890.077312664828,35,3234.0900498752,35,511.32408838284,35,3028.75323325861
175,8,40,833.569586866383,40,2934.83841592651,40,560.882868420189,40,3366.2111276207
175,8,45,773.675861380711,45,2607.83316815735,45,601.895720027655,45,3669.93015657346
175,8,50,711.653289030454,50,2256.96457155389,50,634.199866764695,50,3937.48983019895
175,8,55,648.717784575566,55,1886.3090476728,55,657.853142457913,55,4166.98784037007
175,8,60,586.006165911457,60,1500.05693063427,60,673.11557167677,60,4357.05378197691
175,8,65,524.543992185666,65,1102.43955822006,65,680.424099439731,65,4506.85166261141
175,8,70,465.220238037557,70,697.657510605921,70,680.362054697919,70,4616.07118027876
175,8,75,408.769530405826,75,289.811813297295,75,673.625100107872,75,4684.90807189487
175,8,80,355.762249186942,80,-117.160137040119,80,660.985485342391,80,4714.03416057858
175,8,85,306.602378941062,85,-519.542284766657,85,643.256386796308,85,4704.55804433746
175,8,90,261.53261648595,90,-913.889805118666,90,621.257991656141,90,4657.97766043077
180,8,0,644.228156181571,0,4724.06075804881,0,-31.1860268810128,0,-11.255453811905
180,8,5,644.494714885666,5,4707.06525806844,5,25.0808288175478,5,400.516400740773
180,8,10,639.85627965293,10,4654.24614927045,10,81.1568042645885,10,809.240083645398
180,8,15,630.348151776248,15,4566.00541696586,15,136.615127427355,15,1211.80496088096
180,8,20,616.042693849935,20,4443.0146264087,20,191.033726979932,20,1605.14727065638
180,8,25,597.048779046672,25,4286.20981177899,25,243.998444520874,25,1986.27344048768
180,8,30,573.510962526955,30,4096.7843523974,30,295.106186568723,30,2352.28287009217
180,8,35,545.60838128702,35,3876.17989038804,35,343.967992346797,35,2700.39000670804
180,8,40,513.553390818144,40,3626.07535891142,40,390.211994009559,40,3027.94554483278
180,8,45,477.589948953125,45,3348.37420446931,45,433.486246781463,45,3332.45658903785
180,8,50,437.991759199877,50,3045.18990052757,50,473.461407469209,50,3611.60562640803
180,8,55,395.060187692464,55,2718.82986270688,55,509.8332409623,55,3863.26816421414
180,8,60,349.121969612846,60,2371.77788795664,60,542.324935645941,60,4085.52889858549
180,8,65,300.526722538866,65,2006.6752513604,65,570.689210104565,65,4276.69629112881
180,8,70,249.64428564337,70,1626.30060443767,70,594.71019508273,70,4435.31544255681
180,8,75,196.861904994787,75,1233.54882792801,75,614.20507638048,75,4560.17916535027
180,8,80,142.581286380725,80,831.409000000673,80,629.025486179808,80,4650.33717118395
180,8,85,87.2155380843701,85,422.941647564848,85,639.058632213335,85,4705.10330319456
180,8,90,31.1860268810131,90,11.2554538119068,90,644.228156181568,90,4724.06075804882
185,8,0,-57.4389683852932,0,-4666.06501278648,0,36.8028945286088,0,34.7539729186651
185,8,5,-61.1996977513878,5,-4659.58843881833,5,1.97699862455312,5,-305.983030607874
185,8,10,-63.8571167683554,10,-4630.46308935891,10,-33.3220823917509,10,-646.373562074819
185,8,15,-65.3147810349133,15,-4578.42314570975,15,-69.1291871040207,15,-985.328931360296
185,8,20,-65.4564272684483,20,-4503.11869377102,20,-105.470510392202,20,-1321.66003592457
185,8,25,-64.1438660211445,25,-4404.14235946917,25,-142.362997877065,25,-1654.04083229152
185,8,30,-61.2139604266307,30,-4281.0643959458,30,-179.812035996225,30,-1980.97803186686
185,8,35,-56.4754164578755,35,-4133.47485894673,35,-217.8070506565,35,-2300.78873161282
185,8,40,-49.7062260354553,40,-3961.03116682256,40,-256.31488321901,40,-2611.58738456402
185,8,45,-40.6526377060542,45,-3763.50907236845,45,-295.271094453292,45,-2911.28313730534
185,8,50,-29.0304762230496,50,-3540.85489224868,50,-334.569629462018,50,-3197.58813039952
185,8,55,-14.5294956097121,55,-3293.23675676401,55,-374.051534012063,55,-3468.03689668282
185,8,60,3.17875930005624,60,-3021.09266191282,60,-413.493622254762,60,-3720.0165266203
185,8,65,24.4293738505871,65,-2725.17322358538,65,-452.598138886428,65,-3950.80682427901
185,8,70,49.5488598938607,70,-2406.57724050929,70,-490.984522498839,70,-4157.62927392829
185,8,75,78.8367349703334,75,-2066.77845366079,75,-528.184354697839,75,-4337.7032934138
185,8,80,112.544596137276,80,-1707.64222780981,80,-563.640471476625,80,-4488.30797864525
185,8,85,150.853672066527,85,-1331.43125719043,85,-596.711025255063,85,-4606.84735086215
185,8,90,193.852056958331,90,-940.799793992613,90,-626.679029020171,90,-4690.91700715686
190,8,0,592.492688075041,0,-4144.02975152316,0,31.4394709961673,0,48.1040487659412
190,8,5,585.602071653754,5,-4148.30395988159,5,7.66323224192183,5,-215.303825648417
190,8,10,577.980428764852,10,-4145.67651201668,10,-16.5652818109012,10,-480.833224355942
190,8,15,569.629265902755,15,-4135.26833975815,15,-41.1251294264375,15,-749.528262364795
190,8,20,560.471194388791,20,-4115.72647009012,20,-65.9539518794955,20,-1022.19470170739
190,8,25,550.379303589947,25,-4085.27842873765,25,-91.0795078027072,25,-1299.29010696596
190,8,30,539.217071247764,30,-4041.81033478649,30,-116.639429764288,30,-1580.82681544638
190,8,35,526.884701876459,35,-3982.96584734935,35,-142.886445210031,35,-1866.29336923006
190,8,40,513.367095648478,40,-3906.26160937244,40,-170.177730656378,40,-2154.59922149396
190,8,45,498.77843753811,45,-3809.2136275299,45,-198.948619262468,45,-2444.04621583061
190,8,50,483.398667554561,50,-3689.46829181913,50,-229.672391034781,50,-2732.32869632446
190,8,55,467.697797395247,55,-3544.93155375213,55,-262.80918929029,55,-3016.56234140791
190,8,60,452.345080181476,60,-3373.89013393456,60,-298.74810844518,60,-3293.34013830359
190,8,65,438.201293799152,65,-3175.11942045394,65,-337.747115630061,65,-3558.81250523947
190,8,70,426.293733738746,70,-2947.9737956608,70,-379.875681149831,70,-3808.78753806257
190,8,75,417.77480922977,75,-2692.45632039974,75,-424.964823900329,75,-4038.84674032034
190,8,80,413.866303099116,80,-2409.26586159777,80,-472.568783482775,80,-4244.47135364727
190,8,85,415.792328581184,85,-2099.8207687609,85,-521.941784742315,85,-4421.17445143179
190,8,90,424.704763181108,90,-1766.25904370457,90,-572.032440524448,90,-4564.6341869541
195,8,0,1223.13416678981,0,-3234.63486212644,0,17.4390397799504,0,49.7460931232442
195,8,5,1213.97146892973,5,-3247.37980479788,5,-4.9105564844754,5,-137.167046927124
195,8,10,1204.71530004637,10,-3269.48764672943,10,-27.044574354585,10,-327.977809628705
195,8,15,1195.0752059616,15,-3299.73278035882,15,-48.1347608803939,15,-525.830395370275
195,8,20,1184.42861212381,20,-3336.01692084002,20,-67.555076673092,20,-733.551565336936
195,8,25,1171.90045915616,25,-3375.42831677211,25,-84.9801315095167,25,-953.444136694832
195,8,30,1156.47329445457,30,-3414.35203551458,30,-100.452110709355,30,-1187.09527094154
195,8,35,1137.11689167786,35,-3448.62766479335,35,-114.40844294499,35,-1435.21557695214
195,8,40,1112.92438289172,40,-3473.74501212721,40,-127.666698406785,40,-1697.5231113103
195,8,45,1083.24139862371,45,-3485.06388777211,45,-141.367814263599,45,-1972.68213845514
195,8,50,1047.77583696906,50,-3478.04171260922,50,-156.883052851982,50,-2258.30083998525
195,8,55,1006.67835476631,55,-3448.45286136519,55,-175.693524662141,55,-2550.98618186342
195,8,60,960.587011251106,60,-3392.58609206783,60,-199.253276014422,60,-2846.44900697705
195,8,65,910.633131073359,65,-3307.41038137691,65,-228.847734552536,65,-3139.64896241954
195,8,70,858.408868575631,70,-3190.70397907574,70,-265.458852242039,70,-3424.96744498019
195,8,75,805.899772899467,75,-3041.14554376632,75,-309.64688295964,75,-3696.39718249424
195,8,80,755.387686916726,80,-2858.36913510152,80,-361.45674953308,80,-3947.73879853033
195,8,85,709.330555553813,85,-2642.98633173181,85,-420.354746963787,85,-4172.79699605292
195,8,90,670.226300007448,90,-2396.57893291717,90,-485.199173908067,90,-4365.57115502676
200,8,0,1757.28438658437,0,-2051.67459357564,0,-1.37077289903754,0,40.3634287021702
200,8,5,1746.87725947304,5,-2068.46560703809,5,-28.6970279577188,5,-77.0915784331507
200,8,10,1739.47303465632,10,-2109.48322187054,10,-54.6374310670178,10,-199.119805494087
200,8,15,1734.39274002762,15,-2173.63641993694,15,-77.2662934881287,15,-330.823096188088
200,8,20,1730.23777441878,20,-2258.56144579137,20,-95.0564702660048,20,-477.030132522613
200,8,25,1725.03005454919,25,-2360.63823230694,25,-107.078019688532,25,-641.952542294008
200,8,30,1716.4171608909,30,-2475.11067700178,30,-113.137138647192,30,-828.845074060721
200,8,35,1701.92121795784,35,-2596.30834434592,35,-113.837565307437,35,-1039.71058192985
200,8,40,1679.20411054096,40,-2717.94975659084,40,-110.556385203541,40,-1275.08667135023
200,8,45,1646.31983228624,45,-2833.49383021339,45,-105.337306203665,45,-1533.93909575747
200,8,50,1601.92766678444,50,-2936.49957940463,50,-100.714769146341,50,-1813.67030441199
200,8,55,1545.44670625662,55,-3020.95628068964,55,-99.4897719903274,55,-2110.23423802424
200,8,60,1477.14120035821,60,-3081.55576047532,60,-104.481873347646,60,-2418.33483040936
200,8,65,1398.13535060407,65,-3113.89220941041,65,-118.281454815069,65,-2731.67856279577
200,8,70,1310.36367654739,70,-3114.58896295794,70,-143.022834280019,70,-3043.25147552993
200,8,75,1216.46794918576,75,-3081.36253508615,75,-180.193591221024,75,-3345.59677611572
200,8,80,1119.6537054081,80,-3013.03987562432,80,-230.489838687766,80,-3631.07780915195
200,8,85,1023.51897341235,85,-2909.54516938649,85,-293.722160688681,85,-3892.11975774415
200,8,90,931.865889019621,90,-2771.86874401111,90,-368.773083892879,90,-4121.42992007702
205,8,0,2136.30209255227,0,-724.673909307625,0,-20.5758353084874,0,22.2294788949352
205,8,5,2125.29433414954,5,-739.965809059924,5,-54.4286168957328,5,-36.777598451691
205,8,10,2122.32447519724,10,-791.431420359212,10,-85.5377675941855,10,-99.6805824993917
205,8,15,2126.42222471146,15,-878.742160487734,15,-110.720896830509,15,-173.314169644198
205,8,20,2135.408707275,20,-999.899572691348,20,-127.381151522741,20,-264.471405960266
205,8,25,2146.0745881506,25,-1151.13670960531,25,-133.840108879325,25,-379.368508375298
205,8,30,2154.48305379878,30,-1327.01312896124,30,-129.582518031217,30,-523.077995176404
205,8,35,2156.36588532237,35,-1520.7083885716,35,-115.373728588112,35,-699.018594954608
205,8,40,2147.56258955153,40,-1724.47734509289,40,-93.2293471364187,40,-908.584996695095
205,8,45,2124.44411850213,45,-1930.19670211533,45,-66.240813709607,45,-1150.97397930942
205,8,50,2084.2669159442,50,-2129.91606100585,50,-38.2838614485342,50,-1423.22319618021
205,8,55,2025.41858028607,55,-2316.33281647975,55,-13.6530725474124,55,-1720.43704735367
205,8,60,1947.53844203018,60,-2483.13581383886,60,3.32857380088691,60,-2036.1430834623
205,8,65,1851.51841856385,65,-2625.19855785676,65,8.68093784137847,65,-2362.7101334135
205,8,70,1739.40617475195,70,-2738.63717373268,70,-0.913803718216255,70,-2691.76638206325
205,8,75,1614.24100164447,75,-2820.77168422432,75,-27.8619030417387,75,-3014.57579411957
205,8,80,1479.85284549942,80,-2870.03735902184,80,-73.4849068943811,80,-3322.35525784272
205,8,85,1340.64849162246,85,-2885.88761344133,85,-137.919663259048,85,-3606.53445033602
205,8,90,1201.39889999644,90,-2868.71645681606,90,-220.083756919565,90,-3858.9716237468
210,8,0,2326.99115507667,0,621.992370838846,0,-36.0945283174861,0,-1.40338306364565
210,8,5,2315.17961647035,5,613.467756562248,5,-73.0734848798595,5,-14.0234554488696
210,8,10,2317.46249900623,10,560.756363726486,10,-106.237767289417,10,-28.5528806590563
210,8,15,2332.95090925196,15,462.792402462921,15,-131.239552480383,15,-53.2689664929758
210,8,20,2359.00225142497,20,320.540629884085,20,-144.390976064087,20,-96.8533302567807
210,8,25,2391.35429141927,25,137.296431165084,25,-143.167904673494,25,-167.6199367091
210,8,30,2424.48532903801,30,-81.3301058651219,30,-126.615552565925,30,-272.637772735115
210,8,35,2452.16962388694,35,-327.773241866512,35,-95.5734310573039,35,-416.910034506057
210,8,40,2468.14809923553,40,-593.160825820418,40,-52.6672091316318,40,-602.770103964428
210,8,45,2466.80294726591,45,-868.12943434262,45,-2.06310906392226,45,-829.606827929359
210,8,50,2443.72340148997,50,-1143.64272594663,50,50.9690064092001,50,-1093.95099727929
210,8,55,2396.07956179314,55,-1411.65935012984,55,100.601938843871,55,-1389.86870610999
210,8,60,2322.77070545966,60,-1665.54976580932,60,141.014773387308,60,-1709.54552256132
210,8,65,2224.36653403354,65,-1900.23746794221,65,166.896836571678,65,-2043.92720406079
210,8,70,2102.89850893717,70,-2112.11087324041,70,173.845435656171,70,-2383.30761029412
210,8,75,1961.57541739677,75,-2298.79491371592,75,158.643266336723,75,-2717.80452609767
210,8,80,1804.49243668645,80,-2458.87900712145,80,119.425684432104,80,-3037.71470697922
210,8,85,1636.38164670836,85,-2591.67872554387,85,55.7601772094489,85,-3333.77221277007
210,8,90,1462.42195006634,90,-2697.07787039207,90,-31.338507104327,90,-3597.34400936937
215,8,0,2321.1784760593,0,1884.35098711673,0,-44.9465863235386,0,-26.8261668789114
215,8,5,2307.45089741111,5,1886.29561346458,5,-78.2921268273803,5,-3.4478767161156
215,8,10,2313.74596402251,10,1840.5323876977,10,-107.543734968712,10,20.878923974132
215,8,15,2339.91504218871,15,1744.14592632438,15,-127.483957555017,15,36.7732310564259
215,8,20,2383.52612264753,20,1596.48846898713,20,-133.402741167436,20,33.8412389142062
215,8,25,2439.79330439377,25,1399.75862494261,25,-121.807990615119,25,1.68792560853293
215,8,30,2501.88440257763,30,1159.14227907116,30,-91.0724200632165,30,-68.8499827141424
215,8,35,2561.61309219198,35,882.438401240448,35,-41.8575145427588,35,-184.498611131607
215,8,40,2610.41051864227,40,579.217770499481,40,22.8059538303926,40,-348.635133984063
215,8,45,2640.38045281326,45,259.692462424365,45,97.814947167274,45,-560.868519245603
215,8,50,2645.21139855452,50,-66.4414619757764,50,176.600008602687,50,-817.17589350995
215,8,55,2620.76346812809,55,-390.92544281091,55,251.894401550978,55,-1110.50288232856
215,8,60,2565.24870353661,60,-707.44922636286,60,316.500175961463,60,-1431.62539844872
215,8,65,2479.03960298035,65,-1011.71386866772,65,363.921484753786,65,-1770.04524927925
215,8,70,2364.23033621735,70,-1301.13797762746,70,388.804837963896,70,-2114.75082066215
215,8,75,2224.11457615642,75,-1574.36898509934,75,387.194149242721,75,-2454.77525521094
215,8,80,2062.73092638324,80,-1830.76236372743,80,356.651190799763,80,-2779.5738489102
215,8,85,1884.57433276324,85,-2069.94618887461,85,296.302762135981,85,-3079.28455331011
215,8,90,1694.49844523932,90,-2291.53338580622,90,206.86129918063,90,-3344.92878196548
220,8,0,2129.95917028962,0,2986.28848030219,0,-45.7076733751219,0,-50.3868158902067
220,8,5,2112.71257616826,5,3000.11822911113,5,-68.0046537536652,5,1.98827741093924
220,8,10,2120.09709363097,10,2967.37806002807,10,-87.0436968883123,10,58.2423558461912
220,8,15,2153.53828036181,15,2883.17316787241,15,-97.1292648764073,15,108.248218432672
220,8,20,2211.7820709707,20,2744.86115225947,20,-92.6284617015614,20,140.244872300302
220,8,25,2290.39045027009,25,2552.94585385955,25,-68.9104799501497,25,142.018286720083
220,8,30,2381.79746401547,30,2311.47298400104,30,-23.3234758692741,30,102.447930260313
220,8,35,2476.04543179981,35,2027.76144339581,35,44.0627330078501,35,13.1005326186997
220,8,40,2562.1111926886,40,1711.4606404092,40,130.187780834951,40,-130.510379550675
220,8,45,2629.51796565045,45,1373.12979149653,45,229.307702474921,45,-328.314155178212
220,8,50,2669.81123103676,50,1022.70356594306,50,333.788439215284,50,-575.843020004497
220,8,55,2677.51860789491,55,668.249925736319,55,435.142047371818,55,-865.03771237308
220,8,60,2650.39644039851,60,315.309874015875,60,525.017730186794,60,-1185.39115542242
220,8,65,2589.00536192853,65,-33.1091084633842,65,595.936800095708,65,-1525.08670525088
220,8,70,2495.85450333556,70,-376.024524399116,70,641.704266345733,70,-1871.89784097769
220,8,75,2374.44596736404,75,-713.704174308367,75,657.562294866727,75,-2213.79158096304
220,8,80,2228.52707156855,80,-1046.86294848691,80,640.219349980419,80,-2539.31580375481
220,8,85,2061.74524752146,85,-1375.98434877496,85,587.884420330406,85,-2837.89200525556
220,8,90,1877.74264003514,90,-1700.83566443975,90,500.380560828926,90,-3100.08952346569
225,8,0,1776.0765884879,0,3880.18005226234,0,-38.5571796320328,0,-69.0177612415146
225,8,5,1753.9018597552,5,3905.08878143416,5,-44.4841091417204,5,9.07755693892715
225,8,10,1758.61570508254,10,3889.02449417613,10,-49.0593574269463,10,93.0977663687499
225,8,15,1794.00316908723,15,3825.35493166506,15,-46.4557730981598,15,172.499333211971
225,8,20,1861.07459644562,20,3709.31578423781,20,-30.2141030379678,20,234.688229508051
225,8,25,1956.87948134522,25,3539.18882305081,25,5.60093699020947,25,266.220499909119
225,8,30,2074.02215457781,30,3317.04902227978,30,65.0349147536013,30,254.506271943827
225,8,35,2201.23637302231,35,3048.78912208104,35,149.071847661959,35,189.689391689097
225,8,40,2325.04874425035,40,2743.27337296015,40,255.070033279025,40,66.2305199808455
225,8,45,2432.13287685788,45,2410.7553460324,45,377.029547852332,45,-116.255523274417
225,8,50,2511.64362247059,50,2060.9913367503,50,506.591903437648,50,-353.124733321864
225,8,55,2556.80176290328,55,1701.61787330276,55,634.386054265965,55,-635.658127600103
225,8,60,2565.29154819281,60,1337.24582717235,60,751.247443251348,60,-952.432569692799
225,8,65,2538.48672145811,65,969.418926552145,65,848.983759823214,65,-1290.63924821338
225,8,70,2479.92254147647,70,597.269142767983,70,920.634479755423,70,-1637.05495414201
225,8,75,2393.63033626682,75,218.536691266767,75,960.408972298966,75,-1978.63919657381
225,8,80,2282.91197570604,80,-169.353012903588,80,963.584531545289,80,-2302.92093986189
225,8,85,2149.91136890935,85,-568.333714583327,85,926.595297371199,85,-2598.3654752467
225,8,90,1996.03437133654,90,-978.930480483783,90,847.404885240431,90,-2854.8071236127
230,8,0,1287.46179774511,0,4543.47307625849,0,-24.9602309080837,0,-80.6791696378377
230,8,5,1259.72759285458,5,4577.14918903443,5,-13.043558811951,5,22.7443321047659
230,8,10,1258.10139563577,10,4579.32651978278,10,-2.29606379917163,10,132.447631458939
230,8,15,1289.2141608332,15,4542.16765389065,15,13.0615762110703,15,237.72208670302
230,8,20,1357.31221423057,20,4458.91187299626,20,40.2241580715308,20,325.800021560014
230,8,25,1462.20000874702,25,4325.23349766358,25,86.4919740865877,25,382.879764193196
230,8,30,1597.86839181648,30,4140.3992043793,30,157.527981275126,30,395.738091913243
230,8,35,1752.56381572405,35,3907.79415992323,35,255.702792933496,35,353.687886369762
230,8,40,1910.63907906493,40,3634.44651233766,40,379.15964071494,40,250.381419958701
230,8,45,2055.78261341996,45,3329.51432681242,45,522.008501964493,45,84.8807185566918
230,8,50,2174.54671235663,50,3002.15667513241,50,675.557322850869,50,-138.355425136016
230,8,55,2258.89619161613,55,2659.50665737743,55,830.001093326517,55,-410.469941477493
230,8,60,2306.90792641158,60,2305.39909563478,60,975.833501473766,60,-719.697842526499
230,8,65,2321.53719092899,65,1940.13083514833,65,1104.50907963342,65,-1052.76263732477
230,8,70,2308.11727553477,70,1561.10408230998,70,1208.36581599738,70,-1395.83212976763
230,8,75,2271.64980085281,75,1163.97261516389,75,1280.20837253723,75,-1735.0532036097
230,8,80,2214.88263309173,80,743.939304076098,80,1313.06097812771,80,-2056.92464703925
230,8,85,2137.77214810727,85,297.016048753613,85,1300.44377253667,85,-2348.76675148259
230,8,90,2038.38616324014,90,-178.819678896994,90,1237.2452257738,90,-2599.37386265792
235,8,0,693.208445128211,0,4973.99701620864,0,-7.1465080069198,0,-84.5795509924721
235,8,5,660.260720685809,5,5013.6056793399,5,20.0004868791582,5,45.2447582333746
235,8,10,649.381043328161,10,5034.11058033225,10,43.5650605173263,10,179.636517392167
235,8,15,670.076078091364,15,5027.12338953533,15,69.3246574456246,15,307.856918211127
235,8,20,730.476367011288,20,4984.21621533138,20,105.118181311963,20,417.607822899713
235,8,25,834.348662214051,25,4898.303053863,25,159.490205611873,25,495.705274682416
235,8,30,978.495803245223,30,4765.18976473811,30,239.666869205656,30,529.330526244035
235,8,35,1151.86296976215,35,4584.75294851244,35,349.449873040663,35,507.799242541204
235,8,40,1337.2655293592,40,4361.10875772695,40,487.902370806172,40,424.410379447148
235,8,45,1515.51103584362,45,4101.4613611028,45,649.479842058832,45,277.703328852483
235,8,50,1670.43453355608,50,3813.93536392023,50,825.535734485757,50,71.6182458669667
235,8,55,1792.80093926665,55,3505.19614779005,55,1006.36784999181,55,-185.426172758754
235,8,60,1881.52391209418,60,3178.7081394805,60,1182.72836970553,60,-482.006489076154
235,8,65,1941.89938300274,65,2834.08452038342,65,1346.17071313921,65,-805.045612594493
235,8,70,1981.83531289542,70,2467.47084203984,70,1488.39688457112,70,-1140.65995453706
235,8,75,2007.75566704766,75,2072.6151236355,75,1600.35055081243,75,-1474.57612415053
235,8,80,2021.76570112824,80,1642.28918602135,80,1671.87022477294,80,-1792.46587623215
235,8,85,2020.99010961,85,1169.87935227775,85,1692.36123548947,85,-2080.51326543963
235,8,90,1999.11668794489,90,651.057383447543,90,1652.45243862861,90,-2326.29563989454
240,8,0,21.5125652412182,0,5185.52680914562,0,12.4159590740815,0,-81.1138740444589
240,8,5,-15.5536974672976,5,5228.53560933732,5,49.1955233694208,5,76.3115383141979
240,8,10,-37.5854270571483,10,5266.50553533701,10,80.8158581020788,10,234.699461179154
240,8,15,-32.6167811906749,15,5291.10277859703,15,113.306045182074,15,383.289920307586
240,8,20,11.5827224458802,20,5292.69964056934,20,155.069091205488,20,510.714831786845
240,8,25,103.690415513444,25,5261.60636350678,25,215.598669304774,25,605.23476683534
240,8,30,244.750187005453,30,5189.90056446857,30,303.321924411797,30,655.434960558656
240,8,35,425.831116817948,35,5073.27964826997,35,423.156241510849,35,651.558853823721
240,8,40,629.197615590664,40,4912.05385617939,40,574.897526869299,40,587.186828671001
240,8,45,833.191259322395,45,4710.64369728665,45,753.370585371268,45,460.564387820632
240,8,50,1018.98390783669,50,4475.6589476717,50,950.282393717594,50,274.937962086353
240,8,55,1176.20031698803,55,4213.33143133271,55,1156.61282418015,55,37.7995119865665
240,8,60,1304.91300386064,60,3927.27528365844,60,1364.05532891805,60,-240.440943798794
240,8,65,1413.33666023302,65,3617.20975087635,65,1564.76084668168,65,-547.63545538207
240,8,70,1512.55988434252,70,3278.76808874496,70,1749.84669672237,70,-870.540417654495
240,8,75,1610.78250109089,75,2904.21080724061,75,1907.91357629624,75,-1195.05186789787
240,8,80,1709.39821927308,80,2483.83101758051,80,2024.73708238265,80,-1506.45784092989
240,8,85,1802.20748853833,85,2007.90224219207,85,2084.61296123665,85,-1790.05985330626
240,8,90,1877.72339703099,90,1469.00408466111,90,2073.07324857612,90,-2032.24036894185
245,8,0,-701.633243109338,0,5203.78416037712,0,31.4132494670812,0,-71.5826264340165
245,8,5,-741.448016392503,5,5248.38049403544,5,71.0252998821295,5,113.951142595174
245,8,10,-775.584145358125,10,5302.28906577737,10,105.231579085141,10,295.593475288742
245,8,15,-790.316180875774,15,5357.6886570961,15,140.703318921546,15,462.469124209011
245,8,20,-769.517557773212,20,5404.30312620513,20,186.378026016446,20,604.29691282162
245,8,25,-699.074714107484,25,5430.33103557626,25,252.321255040399,25,711.239562127787
245,8,30,-572.536198448011,30,5424.35723012516,30,347.570892363813,30,774.006730717207
245,8,35,-395.284977151752,35,5377.73843004189,35,477.517570985405,35,784.603319574339
245,8,40,-184.38638418927,40,5286.44061472289,40,642.171128806083,40,737.625518417996
245,8,45,36.77913799712,45,5151.39833834776,45,836.505779002565,45,631.474059562012
245,8,50,247.018843929913,50,4977.16985663381,50,1052.77346658057,50,468.774979950695
245,8,55,434.913015610295,55,4769.47103782054,55,1283.19357294134,55,255.807489577537
245,8,60,601.825773539748,60,4532.52962522451,60,1521.08277278767,60,1.41104819756332
245,8,65,759.139294437357,65,4267.01704028906,65,1759.65514961001,65,-283.910711181633
245,8,70,921.399752202971,70,3968.94405697144,70,1989.44800132291,70,-588.321319747862
245,8,75,1098.7445040883,75,3629.68003305227,75,2196.26659866389,75,-898.616620912019
245,8,80,1291.81766181839,80,3237.16175379709,80,2361.15525702885,80,-1200.31890160963
245,8,85,1490.86444751837,85,2778.21433103214,85,2462.7326683466,85,-1478.28359470053
245,8,90,1678.84867488795,90,2241.66949347906,90,2481.17414196048,90,-1717.89222817879
250,8,0,-1453.8398944519,0,5062.44327924345,0,47.906147008786,0,-57.8282402565352
250,8,5,-1495.21541611951,5,5107.53528261407,5,84.0661080573769,5,155.424284597736
250,8,10,-1541.66511452291,10,5175.26639853332,10,116.048828950304,10,359.566489371999
250,8,15,-1578.45889401151,15,5258.63394823493,15,151.611283512468,15,543.458896091633
250,8,20,-1586.09359749824,20,5347.31530600503,20,200.292726901912,20,697.735435476654
250,8,25,-1545.00405670248,25,5428.18143078476,25,272.39684948051,25,814.446300965337
250,8,30,-1442.66986156953,30,5487.04739469324,30,376.892914455128,30,886.711480895279
250,8,35,-1279.77842724375,35,5511.31698305964,35,518.785066348692,35,908.880055668695
250,8,40,-1071.44867293333,40,5492.51478294576,40,697.514251232132,40,877.281497992373
250,8,45,-841.742645611576,45,5427.59841881149,45,907.764321136096,45,791.092745101368
250,8,50,-613.608920327525,50,5318.50546297487,50,1142.3816457253,50,652.656732744969
250,8,55,-399.316224939428,55,5170.16654894152,55,1395.28521156764,55,467.012016048118
250,8,60,-196.27698448676,60,4987.67693395059,60,1661.99329756383,60,241.054138121679
250,8,65,9.88885425356973,65,4773.37627069998,65,1937.13348356936,65,-16.9901995796865
250,8,70,237.02177526058,70,4524.53338780018,70,2210.60557682121,70,-297.46330053343
250,8,75,497.095181913539,75,4232.32396915482,75,2465.06034126601,75,-588.842833909121
250,8,80,789.993293770349,80,3882.63166649897,80,2676.46344001981,80,-877.565520670868
250,8,85,1102.4925034492,85,3458.7269638135,85,2817.72269781529,85,-1148.54168906252
250,8,90,1412.14477980662,90,2945.28200259323,90,2864.03167316597,90,-1386.43150619223
255,8,0,-2217.83457979183,0,4798.89016652615,0,60.4188632920863,0,-41.9109251392335
255,8,5,-2260.01932746993,5,4843.85454144308,5,88.5224722710852,5,198.034095970178
255,8,10,-2318.41673088262,10,4922.71817515425,10,114.98684114913,10,424.144981069402
255,8,15,-2377.91186957664,15,5029.50680791592,15,149.083343314861,15,624.872202618166
255,8,20,-2416.32229232797,20,5154.48072564422,20,201.136655733378,20,791.341941597106
255,8,25,-2409.11884526345,25,5284.15536193512,25,281.487765401054,25,917.049084335278
255,8,30,-2337.69310626306,30,5402.649133825,30,398.400202090983,30,997.346579411779
255,8,35,-2197.38046465099,35,5494.24958187469,35,555.558885529596,35,1029.15856167378
255,8,40,-2000.20671427976,40,5546.36830859099,40,750.915619917705,40,1011.11380632465
255,8,45,-1769.65659551522,45,5551.76536987067,45,978.278259174662,45,943.840231025309
255,8,50,-1529.48846418554,50,5509.226049191,50,1230.98928117345,50,829.932074107788
255,8,55,-1292.45592842648,55,5422.44510960954,55,1504.95036241066,55,673.40994939864
255,8,60,-1054.97393435621,60,5297.33487755393,60,1798.25357431366,60,479.075807427203
255,8,65,-800.260719416704,65,5138.32437998991,65,2107.11927963878,65,252.398818227631
255,8,70,-507.825774306662,70,4944.64959948499,70,2420.71833560743,70,0.168012253413508
255,8,75,-164.266801387472,75,4707.999038754,75,2718.36523775885,75,-268.512680314163
255,8,80,229.527420148433,80,4412.68717866949,80,2970.98496221767,80,-541.633493824309
255,8,85,657.244744642345,85,4038.620286307,85,3146.2514530825,85,-804.625277601776
255,8,90,1091.65610647798,90,3566.23656529289,90,3215.26463504496,90,-1041.71167008261
260,8,0,-2982.52390427605,0,4449.99548600298,0,67.9622487737769,0,-25.8748408278157
260,8,5,-3025.21358628611,5,4494.37191456546,5,85.5809406023882,5,239.573920633765
260,8,10,-3094.68518844495,10,4581.20346470802,10,105.068207895812,10,487.594681057432
260,8,15,-3175.82938158365,15,4705.72070896334,15,137.578164761265,15,706.134936722637
260,8,20,-3244.53721573301,20,4859.39320418333,20,194.488136026721,20,886.283935604576
260,8,25,-3272.21307986072,25,5029.40491236217,25,286.119437525844,25,1022.2709607205
260,8,30,-3234.77623404874,30,5199.3977671635,30,419.516978364276,30,1111.12915658412
260,8,35,-3122.13440186974,35,5351.63943460414,35,596.187260449828,35,1152.20703838013
260,8,40,-2942.3433544195,40,5470.08712662169,40,811.697453235312,40,1146.71947092898
260,8,45,-2716.95038098313,45,5543.37816292997,45,1058.35617748466,45,1097.31097076466
260,8,50,-2469.28314871283,50,5566.74855706348,50,1329.76412768667,50,1007.42694846223
260,8,55,-2212.01345668327,55,5542.1021693563,55,1623.83479600294,55,880.484009064529
260,8,60,-1940.86732092568,60,5475.79947453717,60,1941.3112902702,60,719.28479622502
260,8,65,-1637.61049275655,65,5374.37785808893,65,2279.99436251179,65,526.29232986466
260,8,70,-1280.18528332461,70,5239.43884768823,70,2628.269115589,70,304.922973031226
260,8,75,-854.474543820607,75,5063.80084570437,75,2962.20630153802,75,61.2640052237739
260,8,80,-362.203571380762,80,4830.84939827688,80,3248.13835810442,80,-194.764169774723
260,8,85,177.812045138192,85,4517.64517927987,85,3449.38076460098,85,-449.50781018324
260,8,90,734.574024336849,90,4100.70472538119,90,3534.10939724307,90,-687.015941857928
265,8,0,-3743.01424680785,0,4048.48938471155,0,70.0429662253478,0,-11.5840950005806
265,8,5,-3786.19861151239,5,4091.75591339593,5,76.9183272332336,5,278.486026438002
265,8,10,-3865.36139467864,10,4183.15310757446,10,89.7732599157401,10,548.984605382208
265,8,15,-3965.56270869257,15,4319.29012502878,15,121.919856537879,15,787.344916619916
265,8,20,-4061.49177991795,20,4493.4209862557,20,186.054205846058,20,984.139632513615
265,8,25,-4121.64569819741,25,4694.3373997621,25,292.501553023377,25,1133.56334282719
265,8,30,-4117.58422167514,30,4906.36842861108,30,446.728632665915,30,1233.56005052605
265,8,35,-4034.24663843595,35,5110.90902884273,35,647.408948690703,35,1285.40671685556
265,8,40,-3875.18530467416,40,5289.31463180977,40,887.024608397786,40,1292.82014639644
265,8,45,-3658.69466596535,45,5426.45407606483,45,1155.84399904625,45,1260.7527267423
265,8,50,-3406.2639562271,50,5513.83755575795,50,1447.36647451963,50,1194.00491375382
265,8,55,-3129.74732772938,55,5551.03184341617,55,1761.2310908194,55,1095.89972026502
265,8,60,-2824.49818456905,60,5544.21887645391,60,2100.5501173496,60,967.578707404191
265,8,65,-2471.99621219199,65,5501.63614334019,65,2464.50299632625,65,808.563202102186
265,8,70,-2050.01473273809,70,5427.25418551882,70,2840.74128068682,70,618.692606115856
265,8,75,-1544.69025474167,75,5315.46032197726,75,3202.53890038279,75,400.66519793269
265,8,80,-958.737340089576,80,5149.45220021254,80,3512.49023903727,80,161.905901933813
265,8,85,-312.801501739247,85,4904.27018258295,85,3730.69145182994,85,-85.1947476821009
265,8,90,359.581240796384,90,4553.20067604226,90,3823.60922267537,90,-324.7781366112
270,8,0,-4499.35934290528,0,3620.47841889135,0,66.6807183701359,0,-0.575334767563607
270,8,5,-4543.12202492305,5,3661.95266025183,5,64.4960899748008,5,313.871392772114
270,8,10,-4630.08189918145,10,3754.61700377788,10,72.70070464754,10,608.074546040967
270,8,15,-4745.46905505904,15,3896.62185668432,15,106.914075741655,15,869.028605245031
270,8,20,-4863.42112476063,20,4083.46673881247,20,181.307996753366,20,1086.4760283276
270,8,25,-4950.78275352157,25,4306.28971366667,25,306.220053274128,25,1253.93304480063
270,8,30,-4976.14910078413,30,4551.05446712773,30,485.330924444576,30,1369.4413118677
270,8,35,-4920.33899917641,35,4799.30738329216,35,714.134754030197,35,1435.45214948109
270,8,40,-4782.22152091329,40,5030.71006734722,40,981.668930515974,40,1457.70078030979
270,8,45,-4575.72360814267,45,5226.93981431235,45,1275.80919389064,45,1443.34531002546
270,8,50,-4319.11692612992,50,5375.86430808821,50,1589.50181313334,50,1398.80008362843
270,8,55,-4022.63963041061,55,5474.28043297231,55,1923.48565214338,55,1327.78844773598
270,8,60,-3681.54935261909,60,5527.41695896238,60,2282.57510002552,60,1230.34056352192
270,8,65,-3278.25787228081,65,5544.43704399575,65,2666.94383163643,65,1103.46597977874
270,8,70,-2791.89928858138,70,5531.28058758128,70,3063.70421387173,70,943.620667003458
270,8,75,-2209.9783675887,75,5484.10316353532,75,3444.1565829036,75,750.049697594229
270,8,80,-1536.44696531092,80,5386.67384269981,80,3768.38753496293,80,527.427885183687
270,8,85,-793.123633795385,85,5213.06736901923,85,3994.577050277,85,286.545607702756
270,8,90,-14.7962184887045,90,4934.35048137627,90,4088.5919659646,90,42.847395104331
275,8,0,-5254.23165418877,0,3184.35044793067,0,58.4309681449235,0,6.11317312533198
275,8,5,-5298.5874124444,5,3223.20564307226,5,50.5955054908597,5,345.475379183194
275,8,10,-5390.98501545557,10,3314.3177390263,10,57.6226356039285,10,665.194596156726
275,8,15,-5516.74369324505,15,3457.49663125353,15,97.4262901386272,15,951.975643682289
275,8,20,-5650.00374919923,20,3650.76891166897,20,185.613009865331,20,1194.63283852584
275,8,25,-5757.15603394102,25,3888.07269517382,25,332.451392505483,25,1385.595516906
275,8,30,-5805.27827644255,30,4157.638087058,30,539.773301836914,30,1522.28529437399
275,8,35,-5772.11698970545,35,4441.95060419517,35,799.917318698549,35,1607.43359095816
275,8,40,-5651.99720629551,40,4719.82674962197,40,1098.54411618163,40,1647.96130265727
275,8,45,-5453.70548162891,45,4970.46642217807,45,1421.04349805391,45,1652.70251669524
275,8,50,-5191.16664639475,50,5178.41828300697,50,1759.31176035111,50,1629.60227660289
275,8,55,-4872.29586671731,55,5337.45382954814,55,2114.25980420954,55,1583.14932982411
275,8,60,-4492.48219982502,60,5451.05146589301,60,2491.38159890951,60,1512.94626330253
275,8,65,-4036.17923785273,65,5528.2876694963,65,2891.28087885307,65,1414.27334541416
275,8,70,-3485.33328475827,70,5576.33645177375,70,3300.82879275968,70,1280.8398980427
275,8,75,-2829.9279927606,75,5593.05770297733,75,3690.48294644536,75,1108.7488385666
275,8,80,-2075.46095598612,80,5563.47316073287,80,4019.35972309712,80,899.868360427662
275,8,85,-1244.35586885736,85,5461.85596871756,85,4245.14342777118,85,663.069182203535
275,8,90,-371.454086280568,90,5258.28458730228,90,4334.07604174961,90,412.983900527675
280,8,0,-6009.97913934939,0,2751.01352075568,0,46.3945616907626,0,8.13232260323439
280,8,5,-6054.77074592182,5,2786.38655009267,5,37.9524907068707,5,373.701792034003
280,8,10,-6149.871516879,10,2873.95401378973,10,48.691163208793,10,721.177816570231
280,8,15,-6280.60267649902,15,3015.21909501314,15,98.6095434299964,15,1037.17583277765
280,8,20,-6421.55876780069,20,3210.78489907695,20,204.477351289733,20,1309.68288699738
280,8,25,-6539.70249787746,25,3457.50950345651,25,376.30807186551,25,1529.88897427198
280,8,30,-6601.89979831221,30,3746.16216181577,30,614.169168844836,30,1694.05503065175
280,8,35,-6583.89687746215,35,4060.66553973738,35,907.642709346832,35,1804.2857937106
280,8,40,-6475.87740834451,40,4379.70196050919,40,1239.51077566483,40,1867.63016352089
280,8,45,-6281.15711131175,45,4680.75159035226,45,1592.86289389926,45,1893.70768776391
280,8,50,-6008.62493717633,50,4945.54304297743,50,1958.07061774047,50,1891.55142540382
280,8,55,-5663.41053668132,55,5164.76077294465,55,2335.09955213547,55,1866.56219187758
280,8,60,-5241.22858333836,60,5339.42570136281,60,2728.84581444511,60,1818.61264554147
280,8,65,-4729.44776113845,65,5477.4381160574,65,3139.61149733483,65,1742.28857978258
280,8,70,-4114.00390175489,70,5586.25692695527,70,3554.3246535513,70,1629.59170755421
280,8,75,-3388.3041099497,75,5665.13445030101,75,3943.87526100133,75,1474.19777718561
280,8,80,-2559.69616899137,80,5700.85628819612,80,4268.12953429357,80,1275.38530708499
280,8,85,-1650.76893709057,85,5669.02727515578,85,4485.79142485619,85,1039.88258702091
280,8,90,-695.418249284563,90,5540.07194767194,90,4564.38347958322,90,781.081356957455
285,8,0,-6765.60446456477,0,2325.25246151247,0,32.1837856235769,0,5.97761978642232
285,8,5,-6810.43236867496,5,2356.42720266905,5,29.828443366627,5,399.62407655281
285,8,10,-6905.21887522651,10,2439.56624220864,10,50.548337903091,10,777.30516687291
285,8,15,-7035.25447301995,15,2577.78001726338,15,116.00341521988,15,1125.7707641024
285,8,20,-7175.94288301234,20,2774.03723328971,20,243.660609203474,20,1432.41710940417
285,8,25,-7295.60186823447,25,3027.89122857388,25,443.036987392498,25,1687.24956869449
285,8,30,-7361.92227529935,30,3332.56723233624,30,712.673560387977,30,1885.0293738756
285,8,35,-7349.61819829471,35,3673.62782562329,35,1040.11038190142,35,2026.43344748802
285,8,40,-7245.33816079437,40,4030.15258809525,40,1406.09193186207,40,2117.52944171976
285,8,45,-7047.07929081993,45,4378.62269593878,45,1791.83790556027,45,2167.62577428735
285,8,50,-6758.55554571741,50,4698.54162819396,50,2185.82293228038,50,2186.1110055484
285,8,55,-6381.99514495221,55,4977.62322539469,55,2585.9382802679,55,2179.18229727768
285,8,60,-5913.6211191455,60,5213.89877462484,60,2995.12324656865,60,2147.55385394209
285,8,65,-5344.27265856377,65,5413.08214257206,65,3412.52729388178,65,2086.22543874554
285,8,70,-4664.63294410315,70,5581.89676965899,70,3825.31043747059,70,1986.79237109994
285,8,75,-3872.17344430233,75,5720.47417711621,75,4205.98926989096,75,1841.58292412777
285,8,80,-2976.32282652461,80,5817.63507683129,80,4516.89103252643,80,1647.84897844388
285,8,85,-1999.54015016745,85,5851.28288415198,85,4719.29360969303,85,1410.18498215583
285,8,90,-974.059902330162,90,5793.4993488106,90,4782.91808362296,90,1140.39749908418
290,8,0,-7514.18149074418,0,1907.93709541817,0,17.8053684665099,0,1.0179623166381
290,8,5,-7558.32709059433,5,1934.58048396966,5,29.8801688345451,5,424.899553829754
290,8,10,-7649.54851253054,10,2013.69574957958,10,68.1562579983095,10,835.155053166947
290,8,15,-7773.17327429301,15,2149.76920997767,15,155.325589500288,15,1218.88281823459
290,8,20,-7905.69364193219,20,2347.66742458395,20,308.979654834378,20,1563.17862295286
290,8,25,-8017.30691161739,25,2609.09976065731,25,537.926917379552,25,1857.04344940147
290,8,30,-8077.24716925574,30,2929.35125934922,30,839.566118329194,30,2093.58790739523
290,8,35,-8059.99589946599,35,3295.56198197876,35,1200.30708631313,35,2271.46019647096
290,8,40,-7949.41941550137,40,3687.55199477772,40,1599.88457159668,40,2394.7698459914
290,8,45,-7738.80145487827,45,4081.43501439336,45,2018.24653395218,45,2471.41568366565
290,8,50,-7427.09388168174,50,4455.11460967774,50,2441.77865016637,50,2510.26035035557
290,8,55,-7013.87316845365,55,4793.6032569409,55,2865.36587121873,55,2517.93640864404
290,8,60,-6496.04865468678,60,5091.64073896866,60,3288.77543534252,60,2496.32491915307
290,8,65,-5868.13618419127,65,5351.9496357318,65,3709.14038797562,65,2441.80769197243
290,8,70,-5125.83352205052,70,5579.56069387734,70,4113.8242269355,70,2346.9182856692
290,8,75,-4270.93167761971,75,5774.83722787295,75,4477.86002707678,75,2203.95517412291
290,8,80,-3315.0460012213,80,5928.63081524715,80,4767.49692074978,80,2009.06775967965
290,8,85,-2280.36162750805,85,6021.83102825924,85,4948.0427845547,85,1765.08330808673
290,8,90,-1197.07418190506,90,6029.33398109672,90,4992.36198928785,90,1482.11160666146
295,8,0,-8241.18938678681,0,1498.75019859061,0,5.42312184304656,0,-4.69238484976084
295,8,5,-8283.51999275744,5,1521.14931664034,5,41.7558269647607,5,451.477804745367
295,8,10,-8367.68960135029,10,1597.95651769831,10,106.267826863915,10,896.237794617795
295,8,15,-8479.25761923272,15,1734.64770205025,15,221.892866170828,15,1317.19843108244
295,8,20,-8596.0426844475,20,1937.30223150629,20,405.767434374269,20,1701.42304222535
295,8,25,-8690.42273848347,25,2209.00419930372,25,665.877233896628,25,2037.13610237185
295,8,30,-8733.60055380125,30,2546.46875339789,30,998.967573549047,30,2315.80703053697
295,8,35,-8700.45120687428,35,2938.14464729101,35,1391.27285165009,35,2533.7174703898
295,8,40,-8572.90598846827,40,3364.76703936751,40,1822.55053937908,40,2692.32928911473
295,8,45,-8340.49881702396,45,3802.60458149281,45,2272.14619783118,45,2797.23388688112
295,8,50,-7998.28286530816,50,4228.57870025702,50,2724.40117007391,50,2855.91424719161
295,8,55,-7543.73189779298,55,4625.40310828747,55,3170.64919313689,55,2874.91084822496
295,8,60,-6974.59992677012,60,4984.48502717638,60,3606.64637232625,60,2857.29094819119
295,8,65,-6288.95204647735,65,5305.04188689183,65,4026.7939147401,65,2801.45977227504
295,8,70,-5487.28776581976,70,5589.62706486001,70,4418.43611302877,70,2702.03172843926
295,8,75,-4575.57520160146,75,5838.13335311493,75,4759.55770742872,75,2552.62393113139
295,8,80,-3567.57612986364,80,6043.1678225474,80,5021.30037614542,80,2349.47696229138
295,8,85,-2485.2019612158,85,6188.93513600601,85,5174.14217221078,85,2094.41275846721
295,8,90,-1356.58404610359,90,6254.01553806865,90,5194.96195216021,90,1796.07678900954
300,8,0,-8924.19629418571,0,1098.92058945659,0,-3.00947165810019,0,-8.85433352462524
300,8,5,-8963.0915072098,5,1118.13329192548,5,68.4418500407508,5,481.049223651385
300,8,10,-9036.48054121987,10,1195.45057466853,10,168.588494078143,10,961.357037746636
300,8,15,-9130.47225069382,15,1336.8134252209,15,319.72839070095,15,1420.26431655438
300,8,20,-9224.44376034334,20,1548.68907949863,20,538.027287405767,20,1844.99248636954
300,8,25,-9293.10611117653,25,1834.62465776008,25,830.642425140777,25,2223.21281329318
300,8,30,-9309.84857054971,30,2192.01357734483,30,1194.17424170402,30,2544.89759504374
300,8,35,-9250.43561694716,35,2610.22101061536,35,1615.52167193316,35,2803.91465740912
300,8,40,-9095.75825750815,40,3070.94538831573,40,2075.34214564045,40,2998.77213051283
300,8,45,-8832.78485790922,45,3551.02976635515,45,2553.0322508933,45,3132.2098785315
300,8,50,-8453.81228486972,50,4027.00969894977,50,3031.19286397535,50,3209.67275767632
300,8,55,-7954.93601947573,55,4479.82264905116,55,3497.57144426255,55,3237.03718424566
300,8,60,-7334.86661926885,60,4897.77181273789,60,3943.63074610605,60,3218.29258274077
300,8,65,-6594.814351824,65,5276.39300194362,65,4360.65055947115,65,3154.08099345973
300,8,70,-5739.47016758931,70,5615.23151630106,70,4735.64318231539,70,3041.83309122511
300,8,75,-4778.49175148445,75,5913.03967742365,75,5049.49988182832,75,2877.61709536038
300,8,80,-3727.6040015668,80,6163.67874725939,80,5278.57403657128,80,2659.0201592269
300,8,85,-2608.55681980571,85,6354.60173428296,85,5399.10666874709,85,2387.90804337438
300,8,90,-1447.69555573408,90,6468.53205885231,90,5392.59915160146,90,2072.044165772
305,8,0,-9534.17972988215,0,713.193000733248,0,-6.19679499261891,0,-9.54892736150724
305,8,5,-9567.56531812063,5,731.013519282378,5,111.502373281674,5,514.302746648379
305,8,10,-9626.28880633867,10,812.267782373283,10,256.815508421117,10,1029.77567681223
305,8,15,-9697.40451876607,15,962.752441501598,15,450.530566548401,15,1525.59976006846
305,8,20,-9762.09563956747,20,1188.4695872358,20,707.411295536333,20,1989.24165731271
305,8,25,-9797.50029414691,25,1492.52662597889,25,1033.83108894235,25,2408.01632680659
305,8,30,-9779.32158668222,30,1872.25260616077,30,1426.65950494847,30,2770.65754134185
305,8,35,-9684.6493871284,35,2317.51090596799,35,1874.05811278598,35,3068.85338441092
305,8,40,-9494.23965330461,40,2810.94049665912,40,2358.20606514955,40,3298.25858408903
305,8,45,-9193.75333376358,45,3330.2947505976,45,2859.13144573153,45,3458.64380506908
305,8,50,-8773.96248686163,50,3852.29238590848,50,3358.24109569094,50,3553.07097792001
305,8,55,-8230.34715423836,55,4356.71803923148,55,3840.19380964598,55,3586.26889090616
305,8,60,-7562.61929460677,60,4829.25305511385,60,4292.50821586085,60,3562.69956025357
305,8,65,-6774.54261225906,65,5261.92276743818,65,4703.41135411244,65,3485.03859791442
305,8,70,-5874.12368140231,70,5651.04261138255,70,5059.33834822313,70,3353.75337822181
305,8,75,-4873.97219208956,75,5993.67881914365,75,5343.67022963721,75,3168.06002933258
305,8,80,-3791.46084380262,80,6284.30458078851,80,5537.62889572612,80,2927.93391139362
305,8,85,-2648.32984689841,85,6513.17738132809,85,5623.12742471319,85,2636.37799160866
305,8,90,-1469.59573649715,90,6667.13117677114,90,5586.4489397404,90,2301.07619344412
310,8,0,-10038.4525745029,0,350.1585799257,0,-3.90414913045018,0,-5.86289321621893
310,8,5,-10064.0315303642,5,368.838343996458,5,170.444727908028,5,550.206284445767
310,8,10,-10104.3229162484,10,457.310948064493,10,369.836450913678,10,1098.42601819325
310,8,15,-10147.7238830387,15,620.624262156675,15,612.767384639718,15,1627.89182758111
310,8,20,-10177.4819972816,20,863.565614695416,20,912.232849715855,20,2126.3063535917
310,8,25,-10173.2735765343,25,1188.05330702907,25,1273.82253594774,25,2580.80074328346
310,8,30,-10113.2631590962,30,1590.74752137139,30,1694.88842902187,30,2979.22305839753
310,8,35,-9976.31299083154,35,2061.66057375236,35,2165.14235979546,35,3311.55157812712
310,8,40,-9743.93341680082,40,2584.33355544657,40,2668.62348467659,40,3571.04552372153
310,8,45,-9401.68716162395,45,3137.7011977707,45,3186.47505461829,45,3754.79892538077
310,8,50,-8939.98424581586,50,3699.19458301781,50,3699.6422243303,50,3863.5041964775
310,8,55,-8354.38336927353,55,4248.1326058977,55,4190.64002580966,55,3900.45454143278
310,8,60,-7645.57741843413,60,4768.26395276635,60,4643.9634722852,60,3870.08820478384
310,8,65,-6819.21146890556,65,5248.59545098725,65,5045.34571730163,65,3776.60581477658
310,8,70,-5885.61769141065,70,5682.32555362252,70,5380.61308179609,70,3623.23281383765
310,8,75,-4859.48061639653,75,6064.50174749015,75,5635.05464880617,75,3412.4708184619
310,8,80,-3759.37995704497,80,6389.54613922848,80,5793.92311742463,80,3147.2615884407
310,8,85,-2607.12795780924,85,6649.78955058505,85,5844.08032581091,85,2832.58601424776
310,8,90,-1426.85979337732,90,6835.65838224817,90,5776.23193203051,90,2476.83918474326
315,8,0,-10404.7120319705,0,20.3735639886187,0,2.85313529647347,0,1.72963090163147
315,8,5,-10420.4160481357,5,42.1250216760744,5,242.452584802875,5,585.60461939264
315,8,10,-10439.1219253087,10,140.076487025727,10,503.362140415729,10,1161.50065693383
315,8,15,-10450.8849752529,15,318.036709853746,15,801.167028875724,15,1718.63656738878
315,8,20,-10441.2579251727,20,579.055185264941,20,1146.76481205158,20,2244.88436176359
315,8,25,-10392.6188738352,25,923.382661823596,25,1544.84284971264,25,2727.35524350222
315,8,30,-10285.8259591661,30,1346.64174610477,30,1993.19621050504,30,3153.43078904996
315,8,35,-10102.0104888192,35,1838.78377566834,35,2483.06784440462,35,3512.00808065242
315,8,40,-9824.28668788435,40,2384.23862031729,40,3000.44396925235,40,3794.66022800158
315,8,45,-9439.1969080269,45,2963.33798990353,45,3527.96513567977,45,3996.41477756331
315,8,50,-8937.78611691895,50,3554.69009210674,50,4046.93944697214,50,4115.93275023912
315,8,55,-8316.26247465569,55,4137.84089859792,55,4538.95505322849,55,4155.03258265116
315,8,60,-7576.24087223462,60,4695.42504325332,60,4986.79201606753,60,4117.71869805512
315,8,65,-6724.60188357626,65,5214.17846190998,65,5374.65083494174,65,4009.07000018099
315,8,70,-5773.03946785356,70,5684.61894337378,70,5688.00935800894,70,3834.4193583239
315,8,75,-4737.39956015102,75,6099.72542069625,75,5913.5540488859,75,3599.14695789345
315,8,80,-3636.90651925102,80,6453.32617146943,80,6039.54057688931,80,3309.14751023337
315,8,85,-2493.33986632495,85,6738.97059781344,85,6056.67467917641,85,2971.73308487276
315,8,90,-1330.18832610884,90,6949.79801486846,90,5959.31265920513,90,2596.53849003336
320,8,0,-10605.3484243365,0,-267.509952089586,0,11.9668866099187,0,11.4190738661057
320,8,5,-10609.9073819188,5,-241.096557895243,5,322.616117735295,5,615.375089944036
320,8,10,-10605.1148896143,10,-133.190937031701,10,650.130456588828,10,1210.71005636433
320,8,15,-10582.8620365174,15,58.4963017740696,15,1006.76606471752,15,1786.53667869759
320,8,20,-10531.1920117512,20,335.060739137118,20,1401.0270375117,20,2330.83499068434
320,8,25,-10435.385143968,25,694.937746662122,25,1836.45475249467,25,2830.87186412827
320,8,30,-10279.3019731827,30,1132.62107721473,30,2311.02650374792,30,3274.01052181157
320,8,35,-10046.8696916372,35,1637.95971279088,35,2817.26175065338,35,3648.75661029083
320,8,40,-9723.57681850884,40,2196.30233261023,40,3342.99645969601,40,3945.81931397745
320,8,45,-9297.84215675399,45,2789.53875333602,45,3872.64520109218,45,4158.9461477824
320,8,50,-8762.13699495131,50,3397.82625452839,50,4388.67706313531,50,4285.33320971007
320,8,55,-8113.75853993402,55,4001.57064255494,55,4873.01968505817,55,4325.52181644054
320,8,60,-7355.18479687146,60,4583.14464982561,60,5308.18089028768,60,4282.84631315485
320,8,65,-6493.9955388384,65,5127.91963538289,65,5678.01247514196,65,4162.6458476285
320,8,70,-5542.41361951524,70,5624.43901286956,70,5968.18387590029,70,3971.530362026
320,8,75,-4516.57974733004,75,6063.87756611223,75,6166.52643732645,75,3716.95336992734
320,8,80,-3435.69498923652,80,6439.17876982628,80,6263.41389479968,80,3407.19815679107
320,8,85,-2321.14178680748,85,6744.33993969327,85,6252.26602129843,85,3051.69123982133
320,8,90,-1195.64270617396,90,6974.19884336393,90,6130.14697142452,90,2661.40183464262
325,8,0,-10621.1082353076,0,-511.366524809041,0,20.7373525545158,0,20.567254249339
325,8,5,-10614.5161686489,5,-479.801414475625,5,404.587230112904,5,633.197108417152
325,8,10,-10586.1110223098,10,-363.66879170138,10,800.594099703497,10,1236.29848485053
325,8,15,-10529.6508333095,15,-162.219820019678,15,1217.47933084531,15,1818.76494893521
325,8,20,-10435.7663302384,20,123.790879525167,20,1661.12391962447,20,2368.69791227935
325,8,25,-10292.8191375592,25,491.152930445,25,2133.62442807636,25,2873.72534163393
325,8,30,-10087.9799693534,30,933.39612948596,30,2632.76436508872,30,3321.62739382432
325,8,35,-9808.44713875044,35,1440.38090735637,35,3151.96506914284,35,3701.17025564912
325,8,40,-9442.70796792791,40,1998.44750983565,40,3680.70736788618,40,4002.99333661165
325,8,45,-8981.7340745611,45,2591.1525605802,45,4205.34215479718,45,4220.37223938981
325,8,50,-8419.99740888788,50,3200.46636149764,50,4710.15311571399,50,4349.70183609503
325,8,55,-7756.20216105894,55,3808.17660210842,55,5178.51178711311,55,4390.61158292998
325,8,60,-6993.65540119932,60,4397.19009141079,60,5593.97889429813,60,4345.72417209194
325,8,65,-6140.2487762811,65,4952.46856898421,65,5941.25128389431,65,4220.16769230696
325,8,70,-5208.08515331535,70,5461.46632773504,70,6206.91564764343,70,4021.01288704334
325,8,75,-4212.83767943846,75,5914.10859139744,75,6380.02728317285,75,3756.80370422001
325,8,80,-3172.95429139048,80,6302.49428554849,80,6452.56467846184,80,3437.28014431283
325,8,85,-2108.81015095745,85,6620.56965730401,85,6419.81004736668,85,3073.28581797087
325,8,90,-1041.87180055129,90,6863.98016026805,90,6280.67868550327,90,2676.75384257774
330,8,0,-10443.6140546836,0,-719.072451998533,0,26.5423237127233,0,26.4936244475076
330,8,5,-10427.2534760796,5,-683.171171053551,5,481.405960642685,5,632.776463331984
330,8,10,-10377.1772369722,10,-562.682228797223,10,943.823997403359,10,1228.67567878651
330,8,15,-10288.9245880956,15,-358.17567916062,15,1418.98318458184,15,1802.95586839961
330,8,20,-10155.7009060957,20,-71.8885911121715,20,1910.03334764524,20,2343.98354741693
330,8,25,-9969.02892034436,25,291.73600417894,25,2417.38380816918,25,2839.99517765507
330,8,30,-9719.58115617224,30,725.618790664322,30,2938.27176370117,30,3279.57587499241
330,8,35,-9398.13310223716,35,1219.86225263359,35,3466.65000286851,35,3652.2890286649
330,8,40,-8996.56143318337,40,1761.9085687401,40,3993.40334789577,40,3949.35783229546
330,8,45,-8508.80026896503,45,2337.05359481301,45,4506.86333057305,45,4164.28184223478
330,8,50,-7931.66425369973,50,2929.2497300004,50,4993.555745518,50,4293.2816248058
330,8,55,-7265.45448695264,55,3522.06221413864,55,5439.09203475014,55,4335.50218720549
330,8,60,-6514.28532708866,60,4099.6119882119,60,5829.10727962203,60,4292.96224888972
330,8,65,-5686.10585166396,65,4647.35482485811,65,6150.15632692113,65,4170.29471214174
330,8,70,-4792.43213144634,70,5152.60591412639,70,6390.50261783243,70,3974.36445322825
330,8,75,-3847.84370154089,75,5604.80046731767,75,6540.76475635074,75,3713.85844945089
330,8,80,-2869.31842329726,80,5995.55472996249,80,6594.41445128629,80,3398.91791592638
330,8,85,-1875.4790838095,85,6318.63198266837,85,6548.13792068512,85,3040.83400976391
330,8,90,-885.805974185587,90,6569.91258865821,90,6402.07718763899,90,2651.77849926565
335,8,0,-10076.8941504486,0,-909.097163373435,0,27.4016657500599,0,27.2644669717293
335,8,5,-10053.221804673,5,-870.853807232729,5,546.213277685551,5,609.238951443083
335,8,10,-9985.30355299861,10,-751.53027145015,10,1068.36104828266,10,1180.36643682308
335,8,15,-9870.29580663729,15,-552.623764963099,15,1595.69761455921,15,1729.61342984127
335,8,20,-9703.84135475383,20,-277.321218352374,20,2128.71052367288,20,2245.91014065037
335,8,25,-9480.53386719542,25,69.257690870961,25,2666.03860340003,25,2718.39638234138
335,8,30,-9194.51680359569,30,479.892415612287,30,3204.1613116807,30,3136.78766164906
335,8,35,-8840.17143529283,35,945.238349131185,35,3737.29503787285,35,3491.8284523876
335,8,40,-8412.83785176087,40,1453.99399226208,40,4257.51011445145,40,3775.77649836843
335,8,45,-7909.50565329779,45,1993.26730217048,45,4755.05974650789,45,3982.85059688689
335,8,50,-7329.40971973248,50,2549.11012838041,50,5218.89011491109,50,4109.57776735915
335,8,55,-6674.47293688482,55,3107.15666789449,55,5637.28274678155,55,4154.99353693844
335,8,60,-5949.55276083071,60,3653.2847402562,60,5998.56883332667,60,4120.67673660915
335,8,65,-5162.47046877354,65,4174.22188190255,65,6291.85251639502,65,4010.62996249448
335,8,70,-4323.82685382212,70,4658.03997126712,70,6507.68649661752,70,3831.0400911292
335,8,75,-3446.63042791495,75,5094.5145032839,75,6638.65663101383,75,3589.9634803777
335,8,80,-2545.7788530375,80,5475.35659048398,80,6679.84857018197,80,3296.97597637376
335,8,85,-1637.43885306029,85,5794.34693774715,85,6629.18431677775,85,2962.81230013304
335,8,90,-738.365445774071,90,6047.40576277188,90,6487.6261721534,90,2599.00052828159
340,8,0,-9538.50496129328,0,-1107.50352069874,0,22.2400137430295,0,22.2610944508975
340,8,5,-9510.44448639361,5,-1069.71182996255,5,592.736515619374,5,560.404480225573
340,8,10,-9429.88647709248,10,-957.979025581009,10,1162.96686765004,10,1087.92556110962
340,8,15,-9295.38254320754,15,-774.265971960083,15,1731.8585229234,15,1594.53401077442
340,8,20,-9104.73884663199,20,-522.117668325709,20,2297.5219203155,20,2070.16051277188
340,8,25,-8855.31535632545,25,-206.722672781648,25,2856.96131719646,25,2505.18721921948
340,8,30,-8544.41092120809,30,165.078884517734,30,3405.89053221029,30,2890.72919754726
340,8,35,-8169.70340463686,35,584.867832771298,35,3938.67506743794,35,3218.95023077466
340,8,40,-7729.70782632442,40,1042.81776557702,40,4448.41115994987,40,3483.38525329183
340,8,45,-7224.21198213575,45,1527.96970322258,45,4927.13983613641,45,3679.23580907325
340,8,50,-6654.64927728476,50,2028.59667281771,50,5366.18135815244,50,3803.60549942397
340,8,55,-6024.37304982471,55,2532.63111994549,55,5756.5641325767,55,3855.64921781475
340,8,60,-5338.8053306346,60,3028.11944966459,60,6089.5137339345,60,3836.62129228998
340,8,65,-4605.44477294203,65,3503.66655911515,65,6356.96333750831,65,3749.82061196936
340,8,70,-3833.73160716523,70,3948.83861184735,70,6552.04699225592,70,3600.44226412241
340,8,75,-3034.77979563332,75,4354.50228776491,75,6669.54131324606,75,3395.35270365793
340,8,80,-2220.99620591512,80,4713.09000065847,80,6706.22801503719,80,3142.80802816741
340,8,85,-1405.61258579535,85,5018.78985388498,85,6661.1574744916,85,2852.13326130163
340,8,90,-602.158563434374,90,5267.66433140835,90,6535.8005621667,90,2533.37670356728
345,8,0,-8860.64315368004,0,-1342.05124766955,0,10.8696845000826,0,12.4396003470095
345,8,5,-8831.01058207182,5,-1307.83027464483,5,615.698008029987,5,487.697138136053
345,8,10,-8743.77671831261,10,-1210.21065463973,10,1217.50544294457,10,953.431315890686
345,8,15,-8598.60399633642,15,-1051.16969253892,15,1812.93056346622,15,1400.75135313455
345,8,20,-8395.04064939389,20,-834.043870169204,20,2398.22594384484,20,1821.10381019777
345,8,25,-8132.68132229486,25,-563.49745730399,25,2969.12830759426,25,2206.47662660505
345,8,30,-7811.37160206526,30,-245.454444776255,30,3520.78514078386,30,2549.61277813343
345,8,35,-7431.43881737402,35,113.014582751804,35,4047.74902984812,35,2844.22527181819
345,8,40,-6993.92846829106,40,503.855427113922,40,4544.04538423367,40,3085.2013380769
345,8,45,-6500.82429395718,45,918.242776133528,45,5003.31290239331,45,3268.78151808536
345,8,50,-5955.23052746643,50,1346.83620153921,50,5419.00971538372,50,3392.69933899089
345,8,55,-5361.49738898865,55,1780.06846363941,55,5784.67224327151,55,3456.26941654865
345,8,60,-4725.27514551552,60,2208.45119960498,60,6094.20904617261,60,3460.41567714684
345,8,65,-4053.48768252795,65,2622.88133872868,65,6342.20882857413,65,3407.63618431705
345,8,70,-3354.22286222816,70,3014.93193484104,70,6524.24051747999,70,3301.90591435691
345,8,75,-2636.54328439263,75,3377.11316390153,75,6637.1239600325,75,3148.5229966444
345,8,80,-1910.22679005174,80,3703.09233595498,80,6679.15199769231,80,2953.90696026613
345,8,85,-1185.45072067567,85,3987.86517837112,85,6650.24803030846,85,2725.3593241197
345,8,90,-472.437385771101,90,4227.87378154329,90,6552.04721102897,90,2470.79766235389
350,8,0,-8090.84945984493,0,-1635.16849262795,0,-6.08383926996996,0,0.279049301501217
350,8,5,-8062.09868449067,5,-1607.51962722203,5,611.427390014064,5,396.455323332897
350,8,10,-7974.44467114636,10,-1529.87148921819,10,1224.25417640743,10,785.111745184641
350,8,15,-7828.299081173,15,-1403.84414373523,15,1827.61723952339,15,1159.39302295724
350,8,20,-7624.38274803428,20,-1232.08195737882,20,2416.65555697137,20,1512.76167718275
350,8,25,-7363.78309139429,25,-1018.19826051484,25,2986.40965851256,25,1839.15494033795
350,8,30,-7048.02545569739,30,-766.694347422275,30,3531.82753818057,30,2133.1347666059
350,8,35,-6679.15085020457,35,-482.852614332666,35,4047.79737154007,35,2390.02642498683
350,8,40,-6259.79148988296,40,-172.60476082943,40,4529.20889276333,40,2606.0405273587
350,8,45,-5793.23515148963,45,157.622586958178,45,4971.04272078494,45,2778.37311208799
350,8,50,-5283.46971983924,50,501.080915455604,50,5368.4843337692,50,2905.27867361498
350,8,55,-4735.20039463321,55,850.886137824934,55,5717.0569940899,55,2986.11182506062
350,8,60,-4153.83378031057,60,1200.21160863395,60,6012.76592633982,60,3021.33454498425
350,8,65,-3545.42535120324,65,1542.48051061513,65,6252.24461728572,65,3012.48756276874
350,8,70,-2916.58938713378,70,1871.55004446701,70,6432.89335422652,70,2962.1262115586
350,8,75,-2274.37320170902,75,2181.8801297735,75,6553.00009829437,75,2873.72284848981
350,8,80,-1626.10012795807,80,2468.68006111315,80,6611.83448954118,80,2751.5395571743
350,8,85,-979.188095405597,85,2728.02765838961,85,6609.70713433447,85,2600.4761964916
350,8,90,-340.952575604066,90,2956.95678916174,90,6547.98822651441,90,2425.89987864109
355,8,0,-7291.00927342555,0,-1997.8245468157,0,-27.0923091915406,0,-10.6102036094365
355,8,5,-7265.32230267058,5,-1979.25439718511,5,578.784667426431,5,295.407467785947
355,8,10,-7183.49539166014,10,-1926.06856609374,10,1179.62393970698,10,596.677643185647
355,8,15,-7046.2482218388,15,-1839.25744071259,15,1770.29812662091,15,888.859760893612
355,8,20,-6854.77792138704,20,-1720.41410842873,20,2345.75398962967,20,1167.81103373717
355,8,25,-6610.75839708793,25,-1571.69595179792,25,2901.05209809606,25,1429.67606157263
355,8,30,-6316.33773783688,30,-1395.77222896265,30,3431.40963388366,30,1670.96930128194
355,8,35,-5974.1322497034,35,-1195.75887757233,35,3932.24666525567,35,1888.64813293213
355,8,40,-5587.21552756984,40,-975.142169413311,40,4399.23572329267,40,2080.17444143154
355,8,45,-5159.1009675628,45,-737.693216853386,45,4828.35397892585,45,2243.56289000662
355,8,50,-4693.71628472528,50,-487.375671264477,50,5215.93679036583,50,2377.41439845352
355,8,55,-4195.36891585679,55,-228.249236034165,55,5558.73091476388,55,2480.93375217001
355,8,60,-3668.70163987477,60,35.6281787891448,60,5853.94529691592,60,2553.93074701216
355,8,65,-3118.63830787353,65,300.296725159485,65,6099.29709787371,65,2596.80480277233
355,8,70,-2550.32020363847,70,561.986375523741,70,6293.050534396,70,2610.51353172651
355,8,75,-1969.0342078477,75,817.201355189482,75,6434.04618184003,75,2596.5263018865
355,8,80,-1380.13456778687,80,1062.79466494532,80,6521.71865137939,80,2556.76435973935
355,8,85,-788.960631900631,85,1296.03044886714,85,6556.10097752408,85,2493.52954791193
355,8,90,-200.753351612725,90,1514.63239192476,90,6537.81462182422,90,2409.4240461027
360,8,0,-6533.08045180623,0,-2425.79838271519,0,-49.4843815748719,0,-16.2848205923026
360,8,5,-6512.53295632676,5,-2417.98680313464,5,520.099400644141,5,195.199407868187
360,8,10,-6442.42115267473,10,-2391.77288396188,10,1085.72491237965,10,405.19805097017
360,8,15,-6323.27863401059,15,-2347.35612895022,15,1643.08740195332,15,612.112892238998
360,8,20,-6156.01214684161,20,-2285.07457642487,20,2187.94500427483,20,814.369184794018
360,8,25,-5941.89469013339,25,-2205.40222660717,25,2716.15102399649,25,1010.4276361232
360,8,30,-5682.55582701916,30,-2108.94543418671,30,3223.68549436871,30,1198.79612302859
360,8,35,-5379.96928284028,35,-1996.43829359603,35,3706.68577161427,35,1378.04104758485
360,8,40,-5036.43792390472,40,-1868.73705210868,40,4161.47593197977,40,1546.79824768505
360,8,45,-4654.57623128388,45,-1726.81359328049,45,4584.59474773504,45,1703.78337913805
360,8,50,-4237.290403033,50,-1571.74804032889,50,4972.82202920606,50,1847.80169030328
360,8,55,-3787.75623626914,55,-1404.72053574297,55,5323.20313236278,55,1977.75711487213
360,8,60,-3309.39495743752,60,-1227.0022596866,60,5633.07144544428,60,2092.66061359441
360,8,65,-2805.8471847125,65,-1039.94575554979,65,5900.06868348442,65,2191.63770146421
360,8,70,-2280.94522069496,70,-844.974636276835,70,6122.16283628437,70,2273.93510307885
360,8,75,-1738.68388627555,75,-643.572749812174,75,6297.6636332372,75,2338.92648551949
360,8,80,-1183.19011763555,80,-437.272886121591,80,6425.23540730783,80,2386.11722512291
360,8,85,-618.691557770616,85,-227.645111735037,85,6503.90726026563,85,2415.14817186617
360,8,90,-49.4843815748745,90,-16.2848205923022,90,6533.08045180624,90,2425.79838271519
