"Theta [deg]","Freq [GHz]","Phi [deg]","re(rETheta) [mV]","Phi [deg]","im(rETheta) [mV]","Phi [deg]","re(rEPhi) [mV]","Phi [deg]","im(rEPhi) [mV]"
0,8,0,7162.68591421571,0,10593.6358400187,0,-32.0408991074355,0,-14.1074189904773
0,8,5,7132.6371834781,5,10552.094314761,5,-656.18818473458,5,-937.349936037116
0,8,10,7048.30477697015,10,10430.2449802392,10,-1275.34148205863,10,-1853.45865408315
0,8,15,6910.33051522666,15,10229.0151834636,15,-1884.78866063198,15,-2755.46143262267
0,8,20,6719.76446569066,20,9949.93640469364,20,-2479.89145943141,20,-3636.49348586683
0,8,25,6478.05695106603,25,9595.13260194811,25,-3056.12078682516,25,-4489.84962790875
0,8,30,6187.04751148605,30,9167.30404640228,30,-3609.09118969499,30,-5309.03530323695
0,8,35,5848.95090450223,35,8669.7067716938,35,-4134.59422938239,35,-6087.81601422435
0,8,40,5466.34024944204,40,8106.12779354065,40,-4628.63051044795,40,-6820.2647694197
0,8,45,5042.12744441711,45,7480.85628826488,45,-5087.44011848548,45,-7500.8071915313
0,8,50,4579.54100502037,50,6798.65094957088,50,-5507.531235341,50,-8124.26394180413
0,8,55,4082.10149337297,55,6064.70377201297,55,-5885.70671395729,55,-8685.89013791514
0,8,60,3553.59472452072,60,5284.60053678178,60,-6219.08841059349,60,-9181.41146539276
0,8,65,2998.04295409571,65,4464.27830053663,65,-6505.13908923681,65,-9607.05670773092
0,8,70,2419.6742665222,70,3609.98021081946,70,-6741.68173150068,70,-9959.5864476238
0,8,75,1822.89039674119,75,2728.2079919323,75,-6926.91610504909,75,-10236.3177208875
0,8,80,1212.23323034966,80,1825.67246288952,80,-7059.43246445178,80,-10435.1444354377
0,8,85,592.350237108737,85,909.242464032971,85,-7138.22228019813,85,-10554.5533999217
0,8,90,-32.0408991074362,90,-14.1074189904768,90,-7162.68591421571,90,-10593.6358400187
5,8,0,5817.16320764314,0,12442.3878015553,0,-43.8397792403351,0,-23.9078545112357
5,8,5,5794.04363555619,5,12400.4268692876,5,-555.787717571361,5,-952.126911297152
5,8,10,5736.47560086406,10,12278.0906350397,10,-1065.62281825955,10,-1873.12656775131
5,8,15,5644.29587856543,15,12076.2200133092,15,-1571.89080303915,15,-2779.92181692824
5,8,20,5517.1859894137,20,11796.2137827535,20,-2073.01666769506,20,-3665.58805849669
5,8,25,5354.70817582279,25,11440.0365848326,25,-2567.24456553831,25,-4523.29679279561
5,8,30,5156.354537008,30,11010.2274711014,30,-3052.5863912769,30,-5346.3567268063
5,8,35,4921.6074248289,35,10509.9070708525,35,-3526.78151397233,35,-6128.26116017351
5,8,40,4650.00878021131,40,9942.78119483293,40,-3987.26971805144,40,-6862.74195084776
5,8,45,4341.2357406157,45,9313.13858905657,45,-4431.17895296061,45,-7543.82973419598
5,8,50,3995.17958258099,50,8625.84061749288,50,-4855.32897634386,50,-8165.91942487198
5,8,55,3612.02489006519,55,7886.30088690021,55,-5256.25141567149,55,-8723.83940854823
5,8,60,3192.32576823307,60,7100.45322465811,60,-5630.22618436914,60,-9212.92227299362
5,8,65,2737.07596073654,65,6274.70696400202,65,-5973.33358861549,65,-9629.07447584434
5,8,70,2247.76988064967,70,5415.88915291939,70,-6281.52087057863,70,-9968.84203669588
5,8,75,1726.4518311376,75,4531.17404573316,75,-6550.68137549836,75,-10229.4692039685
5,8,80,1175.75106651357,80,3628.0010145963,80,-6776.74402727459,80,-10408.9471029335
5,8,85,598.900816530625,85,2713.98278070844,85,-6955.77037322552,85,-10506.0496290011
5,8,90,-0.260050474573154,90,1796.80655870532,90,-7084.05613435949,90,-10520.3543049743
10,8,0,4211.74862450111,0,13696.9533627803,0,-48.2120949368553,0,-28.1808957228592
10,8,5,4197.16744872511,5,13660.3744550053,5,-439.218903013452,5,-923.355300643629
10,8,10,4170.02236602435,10,13551.3945287738,10,-831.355017117476,10,-1812.86131166805
10,8,15,4129.26637815101,15,13370.1832651235,15,-1226.49145461665,15,-2690.96000581175
10,8,20,4073.12360075967,20,13117.1266919759,20,-1626.16247537704,20,-3551.75879768785
10,8,25,3999.17224335961,25,12792.9039941005,25,-2031.41082943955,25,-4389.17235871927
10,8,30,3904.45564354636,30,12398.5828417444,30,-2442.65171222169,30,-5196.90796976552
10,8,35,3785.61790703116,35,11935.7263103463,35,-2859.56001969515,35,-5968.47986540987
10,8,40,3639.06010326653,40,11406.5033607427,40,-3280.9849304827,40,-6697.25548459725
10,8,45,3461.11234507378,45,10813.7940866258,45,-3704.89523720226,45,-7376.53463894086
10,8,50,3248.21642605205,50,10161.2806074177,50,-4128.35815857471,50,-7999.66048871899
10,8,55,2997.11302762442,55,9453.51468560085,55,-4547.55353006791,55,-8560.1589601784
10,8,60,2705.02690546072,60,8695.9539521937,60,-4957.82424717236,60,-9051.90097301522
10,8,65,2369.84302152684,65,7894.96006363178,65,-5353.76260387727,65,-9469.279736711
10,8,70,1990.26641450961,70,7057.7541600044,70,-5729.33075454554,70,-9807.39360087526
10,8,75,1565.95879722261,75,6192.32755551625,75,-6078.0120021588,75,-10062.2236871009
10,8,80,1097.64549845399,80,5307.30851348992,80,-6392.98809139169,80,-10230.7949415322
10,8,85,587.18743967951,85,4411.78903878246,85,-6667.33629508116,85,-10311.3094364987
10,8,90,37.6143070098228,90,3515.11862976688,90,-6894.23896092746,90,-10303.2417651387
15,8,0,2475.74599324225,0,14328.9228397569,0,-46.2670453682493,0,-25.7081308638928
15,8,5,2471.25403495242,5,14302.504173729,5,-315.880696956581,5,-856.989934873913
15,8,10,2476.08015792982,10,14218.1577509118,10,-590.051553534484,10,-1685.40765278086
15,8,15,2488.30796907871,15,14074.9635267574,15,-873.733654360686,15,-2507.29497925295
15,8,20,2504.79961540419,20,13871.6807046593,20,-1171.32838647774,20,-3318.52252164965
15,8,25,2521.31573907979,25,13606.914778131,25,-1486.45410872213,25,-4114.35808386223
15,8,30,2532.6697883766,30,13279.3271001562,30,-1821.7423813527,30,-4889.3711022999
15,8,35,2532.91427291315,35,12887.8768201426,35,-2178.66495649437,35,-5637.39018069108
15,8,40,2515.55698837754,40,12432.0823820098,40,-2557.39565530035,40,-6351.52133138404
15,8,45,2473.80491709678,45,11912.2869240544,45,-2956.71169919666,45,-7024.23232992711
15,8,50,2400.83219271902,50,11329.909403954,50,-3373.93963510347,50,-7647.50529561008
15,8,55,2290.06622111297,55,10687.6617337284,55,-3804.95124054774,55,-8213.0552584798
15,8,60,2135.4830988453,60,9989.7122161694,60,-4244.21426346986,60,-8712.60737440085
15,8,65,1931.90044104692,65,9241.77746505607,65,-4684.90123960894,65,-9138.22012596315
15,8,70,1675.25331762825,70,8451.1287972173,70,-5119.05689014007,70,-9482.63691751692
15,8,75,1362.83783627932,75,7626.5045338312,75,-5537.8209807353,75,-9739.64453124306
15,8,80,993.507407946465,80,6777.92624454862,80,-5931.69951198931,80,-9904.41443109502
15,8,85,567.808955402544,85,5916.42410021613,85,-6290.87332249148,85,-9973.80218556424
15,8,90,88.0500047534784,90,5053.68354793535,90,-6605.53019631196,90,-9946.58145658108
20,8,0,732.96109245205,0,14373.6602039454,0,-40.5207736443054,0,-17.4801306584381
20,8,5,739.941493531941,5,14360.1715381861,5,-195.759332501337,5,-763.305028018845
20,8,10,776.098952477018,10,14307.5273729795,10,-358.942201319322,10,-1509.72529839795
20,8,15,838.77294657285,15,14213.5540724388,15,-537.624641405899,15,-2255.47172439746
20,8,20,923.766772135235,20,14075.1440812562,20,-738.610528244393,20,-2998.50344138721
20,8,25,1025.47675084295,25,13888.4937053392,25,-967.679521535117,25,-3735.77416945111
20,8,30,1137.04372306213,30,13649.4077850237,30,-1229.34530227495,30,-4463.04790266095
20,8,35,1250.53155225723,35,13353.6674782454,35,-1526.64365369513,35,-5174.77779679052
20,8,40,1357.14172942781,40,12997.4509418437,40,-1860.95080206173,40,-5864.06474745895
20,8,45,1447.47447193197,45,12577.7873241489,45,-2231.83619006136,45,-6522.7120907505
20,8,50,1511.84385391486,50,12093.0145674143,50,-2636.95862972033,50,-7141.38897119811
20,8,55,1540.64740540388,55,11543.2038591302,55,-3072.01893896103,55,-7709.90730193706
20,8,60,1524.78045333307,60,10930.5104446888,60,-3530.7839901238,60,-8217.60701149008
20,8,65,1456.07451283779,65,10259.4129940674,65,-4005.19536487045,65,-8653.83316794562
20,8,70,1327.73001443093,70,9536.81144985659,70,-4485.57025700704,70,-9008.47838496275
20,8,75,1134.70895636506,75,8771.96478259669,75,-4960.89376042684,75,-9272.55601176936
20,8,80,874.053971404048,80,7976.26334112356,80,-5419.19198060382,80,-9438.76470509596
20,8,85,545.106581929993,85,7162.84367358873,85,-5847.96660344162,85,-9502.00319425118
20,8,90,149.607550354638,90,6346.0655820431,90,-6234.66541089354,90,-9459.7951606522
25,8,0,-911.296709251278,0,13919.7425993849,0,-33.555032198265,0,-6.19753990485952
25,8,5,-892.044566617883,5,13919.5921423234,5,-87.4127062956941,5,-654.755575500436
25,8,10,-827.57009068767,10,13900.7841119625,10,-152.279785852062,10,-1307.31348316867
25,8,15,-721.014689408847,15,13860.0360534851,15,-237.678690502842,15,-1964.86645011954
25,8,20,-577.097608403645,20,13792.5728412088,20,-352.218581744488,20,-2627.43280484255
25,8,25,-402.030939049496,25,13692.3601676403,25,-503.321640220365,25,-3293.75441790491
25,8,30,-203.453891220698,30,13552.4257455748,30,-696.978905369939,30,-3961.0222453323
25,8,35,9.63744167045389,35,13365.2936206172,35,-937.522582822548,35,-4624.64839915717
25,8,40,227.001917469772,40,13123.5406936704,40,-1227.40701271534,40,-5278.11917624306
25,8,45,437.348683283794,45,12820.4572057996,45,-1567.00105678208,45,-5912.96839567067
25,8,50,628.650860225184,50,12450.7629143426,50,-1954.40792707092,50,-6518.90472798837
25,8,55,788.593122826364,55,12011.3075816822,55,-2385.34039403701,55,-7084.11157479939
25,8,60,905.140807502528,60,11501.6754239576,60,-2853.08549043252,60,-7595.71755972255
25,8,65,967.188726122882,65,10924.6205650503,65,-3348.5901794597,65,-8040.41506515213
25,8,70,965.225200204701,70,10286.2811172595,70,-3860.68758555613,70,-8405.18781837133
25,8,75,891.937532909917,75,9596.14644459641,75,-4376.46498698686,75,-8678.09831627189
25,8,80,742.691496213818,80,8866.77811590564,80,-4881.75470322003,80,-8849.08143642282
25,8,85,515.836758658413,85,8113.30505033678,85,-5361.71248359448,85,-8910.68995407658
25,8,90,212.816261687845,90,7352.72620391812,90,-5801.4387283416,90,-8858.73884125932
30,8,0,-2377.60380024475,0,13090.6426831377,0,-27.0841377806619,0,4.74871615318617
30,8,5,-2346.41481361731,5,13102.1510910912,5,3.34894964167989,5,-543.634178090789
30,8,10,-2259.0877980871,10,13114.5991890966,10,20.3326977403737,10,-1098.68095559033
30,8,15,-2118.82463025811,15,13124.0570988775,15,13.0865821771006,15,-1663.18899764056
30,8,20,-1930.09681854051,20,13124.7339906654,20,-28.1630680613244,20,-2238.96464641644
30,8,25,-1698.69222064533,25,13109.0631838975,25,-111.95376142154,25,-2826.49069429022
30,8,30,-1431.8621752356,30,13067.8885350787,30,-245.371060413292,30,-3424.55316840471
30,8,35,-1138.50566432838,35,12990.8503902423,35,-433.815660558561,35,-4029.86478356605
30,8,40,-829.297449324515,40,12867.0309129227,40,-680.736362374924,40,-4636.75427566892
30,8,45,-516.657121300106,45,12685.8488995561,45,-987.3345138688,45,-5237.00225652142
30,8,50,-214.474039280045,50,12438.1170422703,50,-1352.27166537344,50,-5819.89061449729
30,8,55,62.4500205237078,55,12117.1177990292,55,-1771.4340884955,55,-6372.49916347476
30,8,60,299.212970529842,60,11719.5375775405,60,-2237.81719551094,60,-6880.24282799094
30,8,65,481.786301013309,65,11246.1264235296,65,-2741.58463106651,65,-7327.60881225514
30,8,70,598.014038893674,70,10702.0081640587,70,-3270.33187314894,70,-7699.03441852764
30,8,75,638.49239600856,75,10096.6303037402,75,-3809.54990537637,75,-7979.86278460398
30,8,80,597.214839821135,80,9443.39153332539,80,-4343.25153643107,80,-8157.31937034892
30,8,85,471.920302432017,85,8759.00604465648,85,-4854.70046622395,85,-8221.45776185848
30,8,90,264.139322909399,90,8062.66085367074,90,-5327.17549550606,90,-8166.02297688263
35,8,0,-3614.53156276639,0,12022.7849943675,0,-21.717665478317,0,12.3122132372931
35,8,5,-3573.25166919167,5,12042.8566737628,5,73.7950258377763,5,-440.184624242662
35,8,10,-3470.67697517652,10,12080.2887670549,10,154.305647085608,10,-900.739324587901
35,8,15,-3309.50332912128,15,12131.2302585611,15,208.507344049657,15,-1373.32063570855
35,8,20,-3092.99887054335,20,12189.914670927,20,226.079009394986,20,-1861.13889741454
35,8,25,-2825.30596104056,25,12248.3817185814,25,197.821551453296,25,-2366.30181403077
35,8,30,-2511.97218688035,30,12296.3008887199,30,115.830145389625,30,-2889.31525565804
35,8,35,-2160.57631542855,35,12321.139122418,35,-26.2468618656501,35,-3428.49896687704
35,8,40,-1781.25805047127,40,12308.8355348292,40,-232.84564384944,40,-3979.44877965841
35,8,45,-1386.94419160112,45,12244.9911836331,45,-506.047743635575,45,-4534.69285670525
35,8,50,-993.107064940792,50,12116.4079489304,50,-845.132437153563,50,-5083.65220517492
35,8,55,-616.994639953489,55,11912.6874507375,55,-1246.21613608329,55,-5612.94276945285
35,8,60,-276.410244645439,60,11627.5783786941,60,-1702.07562645545,60,-6106.98122518928
35,8,65,11.7533820570714,65,11259.8434547508,65,-2202.2238873071,65,-6548.81000052805
35,8,70,232.954305448493,70,10813.5635435747,70,-2733.25816666148,70,-6921.05151495446
35,8,75,376.163645741001,75,10297.9398613222,75,-3279.44756483203,75,-7206.92722717342
35,8,80,434.590816998187,80,9726.73867949233,80,-3823.48989360018,80,-7391.31000854657
35,8,85,405.936704251644,85,9117.52457363441,85,-4347.35435676284,85,-7461.79512434134
35,8,90,292.24350334057,90,8490.76766254631,90,-4833.13427924235,90,-7409.76404804558
40,8,0,-4596.89527176642,0,10845.0423111189,0,-17.2964881488831,0,14.4795574344299
40,8,5,-4548.83341784585,5,10869.9580638099,5,123.801046409832,5,-351.50541149074
40,8,10,-4439.92620954177,10,10923.9939253083,10,249.384841653899,10,-725.385728299109
40,8,15,-4271.7088895952,15,11004.2471764002,15,348.343685493233,15,-1111.65334702986
40,8,20,-4045.21482530524,20,11106.2308953676,20,410.363940706677,20,-1514.53721669588
40,8,25,-3761.67967723669,25,11222.9717954657,25,425.916143217637,25,-1937.64483491453
40,8,30,-3423.6578982864,30,11344.1885109896,30,386.389081400559,30,-2383.28418389517
40,8,35,-3036.3065127867,35,11456.0326121952,35,284.441834786999,35,-2851.59577294082
40,8,40,-2608.48772408303,40,11541.7354874452,40,114.564819010899,40,-3339.73026829066
40,8,45,-2153.31755973524,45,11583.2021915014,45,-126.240451612922,45,-3841.31870851586
40,8,50,-1687.88198829704,50,11563.2440961722,50,-437.811038156051,50,-4346.38984541438
40,8,55,-1232.05310396678,55,11467.9001528133,55,-816.363281382748,55,-4841.74006521649
40,8,60,-806.605783256397,60,11288.2739567046,60,-1254.34710361285,60,-5311.63343936055
40,8,65,-431.05580831745,65,11021.516576463,65,-1740.65707799434,65,-5738.6634881224
40,8,70,-121.715559804647,70,10670.9086535176,70,-2261.15509205178,70,-6104.65326631069
40,8,75,109.642571344266,75,10245.2827562297,75,-2799.3995442079,75,-6391.56436341186
40,8,80,256.359130053936,80,9758.15363593577,80,-3337.46702402408,80,-6582.46601953424
40,8,85,316.789829831485,85,9226.85724471244,85,-3856.78745224753,85,-6662.63670487533
40,8,90,293.783767421599,90,8671.80396609566,90,-4338.96107374168,90,-6620.82238336363
45,8,0,-5321.74602494004,0,9664.02778490279,0,-13.4481477248396,0,10.5132909679605
45,8,5,-5271.15827305574,5,9690.16002953144,5,155.001099910259,5,-281.248371444241
45,8,10,-5164.90552251679,10,9752.13561246297,10,308.471937045705,10,-579.164248503693
45,8,15,-5002.7226824908,15,9848.82894945893,15,436.729455937488,15,-887.700894048203
45,8,20,-4782.46075257237,20,9978.22517583605,20,529.943170549592,20,-1211.79899366069
45,8,25,-4501.33291561619,25,10135.6501391925,25,578.452739386096,25,-1556.46663724225
45,8,30,-4157.81999606256,30,10312.0236863019,30,572.884382852653,30,-1925.84023243666
45,8,35,-3753.83680737412,35,10492.963811155,35,504.711557392162,35,-2321.94445297626
45,8,40,-3296.57547236028,40,10659.3640355581,40,367.183357472616,40,-2743.5487523252
45,8,45,-2799.40244304991,45,10789.545064466,45,156.391079351318,45,-3185.50371787219
45,8,50,-2281.37247816904,50,10862.4500435016,50,-127.830824034334,50,-3638.73824623226
45,8,55,-1765.32355891166,55,10860.9163176646,55,-481.432593710011,55,-4090.81902580702
45,8,60,-1274.99755941612,60,10774.0452583482,60,-896.224651568044,60,-4526.77921066774
45,8,65,-831.979776663959,65,10598.1133019157,65,-1360.43223622504,65,-4929.91812000385
45,8,70,-453.287647247268,70,10336.0969656888,70,-1859.51765382972,70,-5282.43949099611
45,8,75,-150.136078395018,75,9996.39846588029,75,-2377.02865762358,75,-5566.01364431927
45,8,80,72.0840159515219,80,9591.51988586225,80,-2895.32266374905,80,-5762.48644247393
45,8,85,213.00786243771,85,9137.21149531359,85,-3396.16693160768,85,-5854.94749238405
45,8,90,276.246398058465,90,8652.17756682414,90,-3861.32884560601,90,-5829.23106261722
50,8,0,-5803.30183182383,0,8557.327120219,0,-10.0224517369765,0,0.849618118173238
50,8,5,-5754.58608357594,5,8581.67683723531,5,169.966413683109,5,-229.928830911112
50,8,10,-5658.71787408069,10,8644.30623743393,10,336.424719945027,10,-463.74431059309
50,8,15,-5513.12813894385,15,8746.44876440552,15,480.586037408586,15,-704.661390664576
50,8,20,-5311.7938883609,20,8889.3750654916,20,593.487778217599,20,-958.150898936883
50,8,25,-5047.11616939289,25,9071.61183071577,25,665.429110850651,25,-1230.56360978623
50,8,30,-4712.78045989636,30,9286.07313684824,30,686.092068913721,30,-1527.81721718958
50,8,35,-4307.01405965881,35,9518.36364623852,35,645.458914660891,35,-1853.69097313721
50,8,40,-3835.32453393766,40,9747.26619664602,40,535.330661288138,40,-2208.36301445363
50,8,45,-3311.7310717087,45,9947.62014451222,45,350.969266671629,45,-2587.743659278
50,8,50,-2757.83994850491,50,10094.7558646893,50,92.2910410049174,50,-2983.76198806877
50,8,55,-2199.82636021038,55,10168.9239142699,55,-235.801154853109,55,-3385.28373825241
50,8,60,-1664.19071739072,60,10158.1743107314,60,-624.003783081529,60,-3779.08016163133
50,8,65,-1173.65684259305,65,10058.9125742891,65,-1059.79441397882,65,-4150.38644372207
50,8,70,-744.482125031837,70,9874.45347582961,70,-1528.68301991108,70,-4482.9838480422
50,8,75,-385.781356378349,75,9612.71398282023,75,-2015.08531734111,75,-4759.1424106708
50,8,80,-100.578629638317,80,9284.3388374555,80,-2502.67939090847,80,-4959.93162254473
50,8,85,112.339418719879,85,8902.04614817445,85,-2974.45819075616,85,-5066.28069656523
50,8,90,256.79686134787,90,8481.16412937465,90,-3412.87963501731,90,-5060.8563359481
55,8,0,-6067.50556197774,0,7574.07033014439,0,-7.24346414328596,0,-13.1836567964184
55,8,5,-6024.39306732133,5,7594.58638646115,5,171.617884931308,5,-195.609082660254
55,8,10,-5944.33614384459,10,7653.06420713679,10,339.086653647177,10,-376.931822951883
55,8,15,-5822.1916582613,15,7753.26755858371,15,488.303760169384,15,-560.635186108105
55,8,20,-5647.75764652492,20,7899.94488997289,20,611.447010937873,20,-752.677372652839
55,8,25,-5408.28726498503,25,8095.06619992362,25,698.790905464613,25,-960.734203242081
55,8,30,-5092.39557017823,30,8333.78849319022,30,738.845044726094,30,-1192.3707883764
55,8,35,-4694.57353292793,35,8601.88142324403,35,719.779303272135,35,-1452.78461099332
55,8,40,-4218.95155655655,40,8876.1227073129,40,631.774291846812,40,-1743.0807946965
55,8,45,-3680.81711958701,45,9128.04094163608,45,469.441959906155,45,-2059.8209821069
55,8,50,-3104.96422771425,50,9329.80375282784,50,233.333846032534,50,-2395.88470562428
55,8,55,-2521.13467872087,55,9459.92610207183,55,-70.0778889946702,55,-2741.92969243961
55,8,60,-1958.07434129697,60,9506.54312535285,60,-429.851881874687,60,-3087.45175552337
55,8,65,-1438.3728901147,65,9467.26440409332,65,-832.694276592618,65,-3420.82349417989
55,8,70,-975.86153722531,70,9346.34860897186,70,-1264.72413572902,70,-3728.45779601722
55,8,75,-576.089827374082,75,9151.11205098177,75,-1712.18700569379,75,-3993.87451088915
55,8,80,-238.988180587433,80,8889.52995664513,80,-2161.09576834725,80,-4197.57375524471
55,8,85,37.9892218875282,85,8570.04212786972,85,-2596.40789161319,85,-4318.24028280956
55,8,90,257.807907479567,90,8203.28118797547,90,-3001.57576703221,90,-4335.21464024571
60,8,0,-6146.61894874597,0,6740.19904254164,0,-5.60399486414995,0,-29.6969983728913
60,8,5,-6111.60575026341,5,6755.87066525331,5,162.891882839182,5,-174.731157264125
60,8,10,-6049.97796977692,10,6808.17424216383,10,322.585804540275,10,-313.931318817143
60,8,15,-5954.01973202888,15,6903.10672730014,15,468.744249600705,15,-450.19815569698
60,8,20,-5809.4741026484,20,7048.39817125873,20,594.810857776583,20,-590.05074805263
60,8,25,-5598.60177362104,25,7248.98895819436,25,691.003201552594,25,-742.491945172279
60,8,30,-5305.13185685904,30,7501.96572400904,30,744.47229821429,30,-916.506926255356
60,8,35,-4920.13121451299,35,7793.14058818326,35,741.357137045111,35,-1118.19283191097
60,8,40,-4446.88139573518,40,8097.36339041132,40,670.173096184215,40,-1348.89450732648
60,8,45,-3902.60450457274,45,8383.19269585646,45,525.175669080355,45,-1605.26296626343
60,8,50,-3315.78422302625,50,8620.32343539185,50,308.165261686432,50,-1881.01372941114
60,8,55,-2719.67077345235,55,8786.55530363766,55,27.8737699898106,55,-2169.07985874106
60,8,60,-2144.41196824678,60,8871.24401369726,60,-302.705103859193,60,-2462.62487559539
60,8,65,-1610.99167861582,65,8874.10375535746,65,-669.618887108152,65,-2754.2000766403
60,8,70,-1129.24006418614,70,8800.70945662209,70,-1060.22609010276,70,-3033.61554338742
60,8,75,-700.09922631118,75,8657.55762999979,75,-1463.48589183026,75,-3285.95685054403
60,8,80,-320.310447142384,80,8449.32767227266,80,-1868.52952648259,80,-3491.11766545795
60,8,85,13.1544011271453,85,8179.44037816888,85,-2262.7186214042,85,-3625.4137304405
60,8,90,300.97826725535,90,7853.20729888373,90,-2630.56400023719,90,-3664.89512044222
65,8,0,-6074.23891566786,0,6065.19347857566,0,-5.63203601262357,0,-46.5442861813096
65,8,5,-6048.36401916698,5,6075.93273133571,5,146.586037953149,5,-162.917539561901
65,8,10,-6005.06192655371,10,6122.34935708605,10,292.850960922164,10,-268.593488686031
65,8,15,-5934.28537329876,15,6211.98270903237,15,430.50670099403,15,-366.01261503401
65,8,20,-5818.2150589951,20,6354.4962573888,20,554.204897674292,20,-462.384780079054
65,8,25,-5634.70343420974,25,6556.76395376086,25,654.037061229767,25,-568.015442609117
65,8,30,-5363.18121796513,30,6817.06552360861,30,715.726650496532,30,-692.985664756144
65,8,35,-4991.89632988957,35,7120.95517308819,35,723.379673556324,35,-843.654794997524
65,8,40,-4523.92559041051,40,7441.51075343793,40,664.019238697017,40,-1020.84201310934
65,8,45,-3978.99806390498,45,7744.90118841336,45,531.953950004852,45,-1220.72148265377
65,8,50,-3389.51116729042,50,7999.27041974394,50,330.796473773505,50,-1437.76796560272
65,8,55,-2791.81035916554,55,8182.77823045594,55,72.0225669084241,55,-1667.66346284686
65,8,60,-2216.34732130092,60,8286.93596470419,60,-229.175531249245,60,-1908.03424682554
65,8,65,-1681.05625707941,65,8314.0789804597,65,-558.485448796999,65,-2156.34298725694
65,8,70,-1190.58411366758,70,8271.11240061397,70,-905.115476299506,70,-2406.17136130205
65,8,75,-740.889958129916,75,8163.40839459319,75,-1261.36709601079,75,-2644.15514438201
65,8,80,-326.126694113362,80,7992.06005411404,80,-1619.87575000597,80,-2849.39945914096
65,8,85,55.9195927439436,85,7755.44217479452,85,-1970.47773308667,85,-2995.81092405172
65,8,90,402.19892554219,90,7453.78923118078,90,-2298.62423642134,90,-3056.44532348915
70,8,0,-5881.17050321214,0,5547.77758513641,0,-7.6604518055774,0,-61.5733880891537
70,8,5,-5864.11043164463,5,5554.14246820505,5,125.307242474842,5,-155.623228522861
70,8,10,-5836.85290325418,10,5596.29203974644,10,255.294159805943,10,-234.447879837564
70,8,15,-5787.42011818267,15,5682.40541505254,15,381.404509917391,15,-300.202256012716
70,8,20,-5695.15556680711,20,5822.76122708526,20,499.242721465408,20,-360.884215811631
70,8,25,-5534.38079968353,25,6024.85165205607,25,598.674036251293,25,-427.981449154368
70,8,30,-5281.11553331002,30,6287.21156474421,30,664.091062473346,30,-512.247036463798
70,8,35,-4921.60666642343,35,6594.79947364625,35,677.85918504068,35,-619.638199312384
70,8,40,-4459.39910089862,40,6919.22453772635,40,625.955990793588,40,-749.772228202963
70,8,45,-3917.10589105783,45,7225.08826050201,45,503.24583320382,45,-897.947857876243
70,8,50,-3330.91135480085,50,7480.06694038638,50,315.550896215627,50,-1059.44967462534
70,8,55,-2739.51495309952,55,7663.67733625727,55,77.2118445658299,55,-1233.13383759824
70,8,60,-2172.48673147506,60,7770.17063449683,60,-194.609847451735,60,-1421.60263050281
70,8,65,-1643.55745888146,65,7804.53964509996,65,-485.718989180471,65,-1627.52204052731
70,8,70,-1151.63298390618,70,7774.68064640902,70,-787.652325524724,70,-1848.19340641808
70,8,75,-688.044204255974,75,7684.54149992837,75,-1096.29205144104,75,-2071.54505974157
70,8,80,-245.487970145438,80,7531.77372799862,80,-1407.69892273308,80,-2275.72125632059
70,8,85,176.031267479132,85,7310.42219935267,85,-1713.92529215579,85,-2432.37983352613
70,8,90,568.632169931628,90,7016.68949590246,90,-2001.17766099681,90,-2512.13468386028
75,8,0,-5592.53065293571,0,5179.48917722376,0,-11.6763394090156,0,-72.8163254095373
75,8,5,-5582.90491437338,5,5182.32933269133,5,101.47201569887,5,-148.602296146162
75,8,10,-5568.00187057774,10,5222.06253894587,10,214.633239345228,10,-205.43544729684
75,8,15,-5534.38032192287,15,5306.61685247009,15,328.133232372199,15,-245.341534720871
75,8,20,-5459.34791093298,20,5445.61509049426,20,438.106885279007,20,-277.074110977637
75,8,25,-5314.70854522072,25,5645.87907321649,25,534.081181181773,25,-313.011624913449
75,8,30,-5074.14090433836,30,5905.27767204829,30,599.400706546689,30,-364.057792008624
75,8,35,-4722.84169692247,35,6207.90662605877,35,615.295318751377,35,-435.179343415219
75,8,40,-4265.45753608679,40,6524.36856365153,40,567.409420501231,40,-524.372045945082
75,8,45,-3727.60800900656,45,6818.6991266953,45,451.700736631218,45,-625.975921853801
75,8,50,-3148.77836554659,50,7059.24096293409,50,276.333876154688,50,-736.310563430847
75,8,55,-2569.05199450377,55,7227.66959365457,55,58.1850753756585,55,-857.712626208564
75,8,60,-2016.05468982204,60,7321.15001018326,60,-184.237259310887,60,-997.868231240957
75,8,65,-1498.68248376909,65,7346.93458543426,65,-437.443189011151,65,-1164.42403595464
75,8,70,-1010.27622736143,70,7313.35413034733,70,-695.543743683312,70,-1357.96405300371
75,8,75,-538.507499730273,75,7222.76900268086,75,-957.798456018993,75,-1567.34536367395
75,8,80,-75.9559427960352,80,7069.98258175239,80,-1223.19842894037,80,-1769.72972111337
75,8,85,374.042826063108,85,6846.00859878063,85,-1485.54966791116,85,-1934.93785241612
75,8,90,798.335080799266,90,6544.58068082802,90,-1731.68442050197,90,-2031.87075637059
80,8,0,-5226.26005497008,0,4946.19207066258,0,-17.2676364043028,0,-78.6316786917102
80,8,5,-5222.0361505017,5,4946.31171233428,5,77.3278758337832,5,-138.222572700456
80,8,10,-5215.16594579991,10,4984.81418731814,10,174.83094171154,10,-176.371066050112
80,8,15,-5191.20554498303,15,5068.68954569657,15,276.120376968557,15,-195.05713525206
80,8,20,-5126.18461500113,20,5205.93040860466,20,377.354020315084,20,-203.554490648005
80,8,25,-4990.41387884459,25,5401.65868143672,25,467.642245031041,25,-214.621790302335
80,8,30,-4756.38265236145,30,5652.33170525731,30,529.74668806748,30,-238.715032776869
80,8,35,-4409.24597933157,35,5941.04659804808,35,544.627578110575,35,-279.392069793391
80,8,40,-3955.28825466741,40,6237.98710459819,40,498.487455647625,40,-332.984502220022
80,8,45,-3422.9733666964,45,6507.70314442681,45,388.85655971275,45,-393.180069464771
80,8,50,-2854.27825468275,50,6720.26800664957,50,226.050874203191,50,-457.717884494212
80,8,55,-2289.60074827138,55,6860.0502056764,55,28.7127738998689,55,-532.521505060902
80,8,60,-1753.86999128842,60,6926.9308404899,60,-184.235438542247,60,-629.994399304068
80,8,65,-1251.17603177145,65,6929.75020503426,65,-400.601092475632,65,-762.041423958493
80,8,70,-770.174891847215,70,6876.706512848,70,-617.025444576026,70,-931.812412889302
80,8,75,-296.226967233504,75,6768.66508327071,75,-835.544908574624,75,-1128.75468792098
80,8,80,177.014644675105,80,6598.5428943127,80,-1057.30404442146,80,-1329.24859462227
80,8,85,642.376838100027,85,6355.9172862819,85,-1277.34681649016,85,-1501.90695108804
80,8,90,1081.79055637328,90,6033.74988541066,90,-1483.13661721155,90,-1614.70094081514
85,8,0,-4792.98651476906,0,4828.21355781936,0,-23.6500110667766,0,-77.8291247981466
85,8,5,-4791.90505758078,5,4826.13245505976,5,54.9674108707913,5,-121.698322854125
85,8,10,-4788.76662431884,10,4863.418883344,10,139.110752731639,10,-143.231553555926
85,8,15,-4768.54381820362,15,4945.75007897984,15,229.52838597769,15,-144.342133306239
85,8,20,-4706.65386790812,20,5078.93645096212,20,321.927807683083,20,-134.364481534524
85,8,25,-4572.89008388872,25,5265.75078029667,25,405.024076930148,25,-125.721351846573
85,8,30,-4339.71670562716,30,5500.75774870772,30,461.616372653194,30,-127.799633693645
85,8,35,-3993.24074742686,35,5766.0767449058,35,473.40571962814,35,-142.568022762326
85,8,40,-3541.76546904245,40,6032.13305801958,40,428.069186710259,40,-165.062864795797
85,8,45,-3016.14217820308,45,6265.04015770096,45,325.018169650585,45,-188.984091767622
85,8,50,-2459.77027534192,50,6437.49308036338,50,176.200056157242,50,-213.953645432187
85,8,55,-1912.31418048787,55,6536.80158828719,55,0.92370192868732,55,-249.323698051474
85,8,60,-1395.67178049446,60,6565.10553614455,60,-182.556896994034,60,-311.390052061582
85,8,65,-909.816277259265,65,6532.09672169006,65,-363.828980710133,65,-415.199712492814
85,8,70,-440.14757200187,70,6445.45803241349,70,-541.737315600185,70,-565.610029500566
85,8,75,28.8248237924499,75,6304.96092251524,75,-720.222130954983,75,-752.431919410886
85,8,80,501.591084438858,80,6102.8150754491,80,-901.690628989789,80,-951.674916126111
85,8,85,967.37058797495,85,5828.74256791906,85,-1081.97417032044,85,-1131.49544467804
85,8,90,1404.2832536454,90,5476.41972408454,90,-1249.31879879743,90,-1259.65679367096
90,8,0,-4297.02328359025,0,4799.86598032411,0,-29.7488111925487,0,-69.8139943441373
90,8,5,-4296.99664938652,5,4795.72351589807,5,36.3084657326771,5,-97.306481068605
90,8,10,-4293.79494769373,10,4830.5501984085,10,109.99877462207,10,-103.367858615285
90,8,15,-4272.1867938378,15,4908.65542244415,15,191.36007702484,15,-89.7163884795853
90,8,20,-4207.57265208581,20,5033.53959285837,20,275.335473159124,20,-65.1136814290814
90,8,25,-4070.158572647,25,5205.38034869414,25,350.427344984366,25,-40.8178395779958
90,8,30,-3833.51806202861,30,5416.67017844491,30,400.194520742072,30,-24.5938790714122
90,8,35,-3485.61440404282,35,5648.73898833004,35,408.073883123776,35,-16.9091817337606
90,8,40,-3036.94029421911,40,5872.93568642588,40,363.973575914149,40,-12.2178026848757
90,8,45,-2519.99682749745,45,6057.85890371404,45,269.225923554993,45,-5.11475111059847
90,8,50,-1978.361671071,50,6179.47205735632,50,136.617960128228,50,2.48090736149357
90,8,55,-1450.03024071121,55,6228.01821980745,55,-15.1203601930913,55,-1.76240277753261
90,8,60,-953.953139698135,60,6207.32311152043,60,-169.437103775648,60,-36.8521145516872
90,8,65,-487.194744274662,65,6127.31445997257,65,-317.985484272254,65,-119.639320705138
90,8,70,-33.6332929707661,70,5995.07419579926,70,-461.273975898641,70,-255.824300613445
90,8,75,421.727883404982,75,5809.95243807197,75,-604.169498383602,75,-435.492528182876
90,8,80,881.2430815756,80,5564.67034031962,80,-749.49366006075,80,-634.825438948025
90,8,85,1331.41304692591,85,5250.42486107037,85,-893.5402837707,85,-822.286201248713
90,8,90,1748.19251774719,90,4862.67832865813,90,-1025.58678662499,90,-966.023417936678
95,8,0,-3738.23080869872,0,4828.94302523226,0,-34.3189294751102,0,-54.7770931771912
95,8,5,-3737.68233738204,5,4822.5445195005,5,23.0250516812841,5,-64.6179711278071
95,8,10,-3731.46637939361,10,4852.66120700286,10,89.3519943617807,10,-55.701842100902
95,8,15,-3704.51280407013,15,4922.42255016439,15,163.612966795054,15,-29.3445180033517
95,8,20,-3632.79560561265,20,5033.22929999693,20,239.924150904442,20,6.95452235236449
95,8,25,-3487.85192309001,25,5182.78071581047,25,306.942819218024,25,43.8818360525602
95,8,30,-3245.43248328925,30,5361.6261956722,30,349.725227331605,30,75.664146689032
95,8,35,-2896.09397457918,35,5550.66747607604,35,354.251922252631,35,102.99457944968
95,8,40,-2452.43667422743,40,5722.84067866754,40,313.094176453174,40,131.100568961917
95,8,45,-1947.64139230967,45,5849.95276949214,45,229.228264225491,45,163.604871247156
95,8,50,-1424.15123092217,50,5911.60608139444,50,115.331611044885,50,196.066183642198
95,8,55,-917.52384946594,55,5900.77604673358,55,-11.6214161144808,55,213.891071830907
95,8,60,-444.167233123484,60,5822.42010473744,60,-137.584422147374,60,196.732201241412
95,8,65,0.284410477257515,65,5686.31799731255,65,-256.325948510099,65,127.301026041725
95,8,70,431.712599560246,70,5499.16252862241,70,-369.375512274999,70,-0.178460331881236
95,8,75,863.54248277892,75,5260.70975671765,75,-481.616876944193,75,-176.088811405523
95,8,80,1296.15816184237,80,4965.29066659997,80,-595.600115079415,80,-377.35574306861
95,8,85,1714.65710395851,85,4606.53930028176,85,-707.892881004694,85,-573.437443180166
95,8,90,2094.72730883555,90,4182.31863854256,90,-809.071637377426,90,-733.324520889538
100,8,0,-3114.47603296344,0,4876.62200812274,0,-36.09959973408,0,-33.9151196711335
100,8,5,-3112.5815609535,5,4867.58477297982,5,16.4326379162242,5,-24.7249610585739
100,8,10,-3101.47023916126,10,4890.19766721718,10,78.3629291368277,10,-0.91424607299162
100,8,15,-3066.61388136615,15,4946.71724088647,15,147.447782472291,15,36.827715566233
100,8,20,-2985.20623151095,20,5036.86598962588,20,217.193429464204,20,82.844948212917
100,8,25,-2831.04100358071,25,5156.27208032425,25,276.924195519233,25,130.310369696234
100,8,30,-2582.99525563553,30,5293.96349787669,30,313.832168363288,30,175.526172985284
100,8,35,-2234.71381809126,35,5430.94373307685,35,316.915484039009,35,219.813375704391
100,8,40,-1800.55884280434,40,5542.35247146389,40,281.421312013693,40,267.197102955579
100,8,45,-1313.27777713198,45,5603.69421118917,45,211.40462841993,45,318.854856515411
100,8,50,-812.919942198357,50,5598.31572937712,50,118.478552878184,50,367.897812207487
100,8,55,-332.025810531451,55,5521.61005204256,55,16.9466197465068,55,398.388745008181
100,8,60,114.974724336567,60,5379.22480018411,60,-82.102397824786,60,390.018609743347
100,8,65,532.420677786334,65,5180.65779172426,65,-174.37812624008,65,326.285623718773
100,8,70,934.425097284708,70,4932.62436821677,70,-261.80578365641,70,201.948301512128
100,8,75,1332.10444567659,75,4636.10944347271,75,-348.582156106079,75,26.2471079653952
100,8,80,1724.32775055324,80,4287.91607606729,80,-436.536827966009,80,-178.997341131646
100,8,85,2096.23410448863,85,3884.70277254206,85,-522.443205810295,85,-384.804661184471
100,8,90,2425.09659865166,90,3426.96903010384,90,-598.388652434404,90,-561.362178680973
105,8,0,-2424.43239612536,0,4898.13674879345,0,-34.0122474508479,0,-9.60327153830602
105,8,5,-2421.21545020544,5,4886.06862060583,5,17.3498939854267,5,19.6137034701613
105,8,10,-2404.527602954,10,4898.38024426127,10,77.5616561033772,10,58.425296648761
105,8,15,-2360.79318299674,15,4936.75561509931,15,143.362092334926,15,106.919160498193
105,8,20,-2269.14264913868,20,4999.74379250976,20,208.093253938135,20,161.587501675702
105,8,25,-2106.52558528407,25,5081.51212059468,25,262.29668702128,25,218.233370980952
105,8,30,-1855.69737972707,30,5170.23488974492,30,295.714642584129,30,274.9802819115
105,8,35,-1513.58437377152,35,5247.68733874282,35,300.417710095517,35,333.15233524571
105,8,40,-1095.73255921384,40,5291.76054055381,40,273.928310880288,40,394.903673233757
105,8,45,-633.323413365285,45,5281.91610884681,45,220.633022232292,45,458.702332072089
105,8,50,-162.929141026586,50,5205.13725113132,50,150.278306072209,50,515.631455129873
105,8,55,286.319527067766,55,5058.88533326801,55,73.969933227338,55,549.429577078263
105,8,60,701.421163815028,60,4849.21010876684,60,-0.227063465076602,60,541.048940692285
105,8,65,1085.5190171156,65,4585.38478406356,65,-69.6248890821956,65,475.739723183577
105,8,70,1449.86416597011,70,4274.60845275042,70,-136.03862437809,70,349.231213505628
105,8,75,1802.88382235892,75,3919.75569453102,75,-202.563002951641,75,170.307447028072
105,8,80,2142.50127158381,80,3520.65857594831,80,-270.122951295092,80,-40.846274355296
105,8,85,2455.197988707,85,3077.26330560055,85,-335.724780617249,85,-257.239141138989
105,8,90,2721.38086632904,90,2592.68002738367,90,-393.070942696823,90,-450.551431322935
110,8,0,-1670.45757106541,0,4844.55347250736,0,-27.4063717738284,0,14.6257315086287
110,8,5,-1666.69193391088,5,4829.19796609858,5,25.969947597457,5,64.0396785982739
110,8,10,-1644.96464363837,10,4828.90799657661,10,86.849376528669,10,117.884813031908
110,8,15,-1593.07782363975,15,4845.00084483889,15,151.370519218718,15,177.005604663461
110,8,20,-1492.8302612675,20,4875.33989300127,20,213.265620671947,20,239.947941967057
110,8,25,-1325.10350117689,25,4913.34845984266,25,264.736623408046,25,304.81865294677
110,8,30,-1076.99187248462,30,4947.17511738681,30,298.167668840729,30,371.000247091905
110,8,35,-748.568845379153,35,4960.11374215208,35,308.339904356886,35,439.223185347436
110,8,40,-355.827994875721,40,4933.26708909131,40,294.343848250679,40,509.454642855589
110,8,45,72.6327764897932,45,4850.1232875059,45,260.126114623491,45,577.655863771615
110,8,50,504.526914604237,50,4701.0605631448,50,213.042274980345,50,633.606678453191
110,8,55,914.358824748976,55,4485.2917272792,55,160.897540241158,55,661.730325848333
110,8,60,1290.16287296635,60,4209.12797434382,60,109.00045101309,60,645.198928174193
110,8,65,1633.18795452635,65,3881.76808643166,65,58.8505504191788,65,571.671606186268
110,8,70,1951.27847212679,70,3511.25726678685,70,9.06397201037237,70,438.126654684169
110,8,75,2250.13115634789,75,3102.73705164931,75,-42.2418411842769,75,252.858600215374
110,8,80,2527.27097408337,80,2659.28293080379,80,-95.1462886832018,80,34.1990809169579
110,8,85,2771.48560546093,85,2184.11502818974,85,-146.977261389261,85,-193.135218957277
110,8,90,2967.37740126591,90,1682.75015203805,90,-193.022416510772,90,-402.577397231751
115,8,0,-861.284136141237,0,4665.88924165823,0,-16.3297272677037,0,34.4704141851184
115,8,5,-858.188025742528,5,4647.20011636214,5,41.7761929362431,5,103.022172350149
115,8,10,-833.044816032271,10,4632.88575083254,10,105.581178071224,10,171.47670454589
115,8,15,-775.426623108046,15,4623.98196163777,15,171.172663559091,15,241.177899242075
115,8,20,-670.426155432719,20,4618.07867287026,20,233.178999356921,20,312.205043484356
115,8,25,-503.371065090623,25,4608.58012948312,25,285.666199951936,25,384.223980527262
115,8,30,-265.780547378246,30,4584.47696339369,30,323.39738885911,30,457.121219819172
115,8,35,39.5692092629149,35,4531.31042851871,35,343.181125339817,35,530.579522963682
115,8,40,397.030251189289,40,4433.74581672888,40,344.838700837531,40,602.457576982881
115,8,45,781.376759785236,45,4279.23397875193,45,331.241840686399,45,666.822092712809
115,8,50,1165.08741940561,50,4061.25968774933,50,307.170799030278,50,713.061430775791
115,8,55,1526.38943561678,55,3780.54759432526,55,277.396313418402,55,727.17403083185
115,8,60,1854.19520726418,60,3443.64205795197,60,244.954766784893,60,695.198370076224
115,8,65,2147.69856760102,65,3059.81459960841,65,210.554071912715,65,607.563229103169
115,8,70,2411.35878228682,70,2638.11703374741,70,173.358979779109,70,462.652591294604
115,8,75,2648.40398316427,75,2185.98598851653,75,132.553035896819,75,268.31346044547
115,8,80,2856.41406821474,80,1709.59284786052,80,88.6708292419825,80,40.9822407343712
115,8,85,3027.0192224129,85,1215.14910988331,85,43.9616668850259,85,-197.030865009181
115,8,90,3149.49554271326,90,710.213623616433,90,1.72416958430391,90,-421.123859863862
120,8,0,-14.2726548141802,0,4315.61963525443,0,-1.74506108197209,0,45.7248996639877
120,8,5,-13.0424599943838,5,4293.77231966151,5,63.5322317270297,5,130.728343029694
120,8,10,13.1180604902365,10,4265.11401852863,10,132.673284765896,10,212.337808772491
120,8,15,72.5761209837434,15,4230.39986642069,15,202.242780363536,15,291.906936055642
120,8,20,176.572032797289,20,4187.2690449806,20,268.077136482492,20,370.200680694822
120,8,25,335.211126885551,25,4129.75289484971,25,326.004007774616,25,447.455279477428
120,8,30,552.876806813596,30,4048.45988557126,30,372.606956092865,30,523.288182397552
120,8,35,824.781462219619,35,3931.78088014333,35,405.884902000251,35,596.104035078292
120,8,40,1136.36903401445,40,3768.15726373354,40,425.614959912131,40,662.067437050326
120,8,45,1466.27843687909,45,3548.85477405616,45,433.211317833619,45,714.212534687512
120,8,50,1791.90462691698,50,3270.19370799613,50,431.017832306697,50,742.46933034413
120,8,55,2095.17949894074,55,2934.26393320432,55,421.284105998761,55,735.094442698423
120,8,60,2365.97517732981,60,2547.88231303457,60,405.335792316399,60,681.331248254503
120,8,65,2601.75997355304,65,2120.47342947187,65,383.395824179237,65,574.49467563995
120,8,70,2804.12271813365,70,1662.01730556413,70,355.119899269292,70,414.452240068607
120,8,75,2974.33415868188,75,1181.92067737675,75,320.455290593934,75,208.731147498441
120,8,80,3110.37261413043,80,688.94109981789,80,280.255531932764,80,-27.9959290496193
120,8,85,3206.82465313123,85,191.70883508754,85,236.29639776336,85,-275.794666541255
120,8,90,3257.53419694245,90,-300.731086718469,90,190.76845410969,90,-512.158682971035
125,8,0,843.032316572156,0,3756.37382003396,0,14.4378450232057,0,45.5321944958367
125,8,5,841.718363414885,5,3731.75860602757,5,89.3646198706211,5,142.252564511049
125,8,10,866.192514428466,10,3689.62837599376,10,166.666448334549,10,233.766446768806
125,8,15,922.637239284512,15,3630.44820721017,15,243.735435923779,15,320.814556022871
125,8,20,1018.61941513464,20,3552.15963633964,20,317.64877635587,20,403.883981443199
125,8,25,1160.01605403148,25,3449.92810314972,25,385.616606243918,25,482.801322126481
125,8,30,1347.82191991398,30,3316.55392948704,30,445.329642388035,30,556.30732528544
125,8,35,1576.07704958024,35,3143.65947450841,35,495.179223140032,35,621.550075111103
125,8,40,1831.9331360765,40,2923.50687932356,40,534.338733844737,40,673.619530331377
125,8,45,2098.08189786793,45,2650.96516725499,45,562.674008461731,45,705.422926845856
125,8,50,2356.70539044994,50,2324.95685377209,50,580.471614363117,50,708.21990534012
125,8,55,2593.34431775694,55,1948.86470630804,55,588.074623043936,55,672.942488083569
125,8,60,2799.09410100807,60,1529.83981214651,60,585.616587127988,60,592.106042347188
125,8,65,2970.38047263634,65,1077.44844659614,65,573.022166790711,65,461.848367883524
125,8,70,3106.78505328491,70,602.306338658401,70,550.273195705395,70,283.552481896528
125,8,75,3208.30522355173,75,115.167174049411,75,517.745992053994,75,64.6285307589795
125,8,80,3273.56781752336,80,-373.459131218905,80,476.371809765026,80,-181.734954941723
125,8,85,3299.88587662622,85,-853.390330782482,85,427.510029125375,85,-437.78965677595
125,8,90,3285.07502055546,90,-1314.86605467508,90,372.655691282249,90,-683.14625748196
130,8,0,1672.4094504736,0,2966.3890204626,0,29.6484062876581,0,33.6595651051911
130,8,5,1668.72510336734,5,2939.63628760787,5,116.942119838891,5,134.888447304958
130,8,10,1689.03377955312,10,2886.10184124294,10,205.672424803168,10,230.428658125381
130,8,15,1737.41207794734,15,2806.01349723747,15,294.125315954463,15,319.828453766833
130,8,20,1818.14283033282,20,2697.82941043864,20,380.376654025759,20,402.482478642184
130,8,25,1933.63441141896,25,2558.18915270785,25,462.478305751846,25,477.088434331634
130,8,30,2082.47359051308,30,2382.39517956698,30,538.537628395506,30,541.204870758039
130,8,35,2258.3966563982,35,2165.40790511472,35,606.741379335431,35,590.970190124147
130,8,40,2450.69779650166,40,1903.15898062203,40,665.390655362823,40,621.070404494711
130,8,45,2646.04528666549,45,1593.8317306627,45,712.967451355689,45,625.051189886624
130,8,50,2831.07487929791,50,1238.72580513172,50,748.204468628011,50,596.025423159597
130,8,55,2994.78085751635,55,842.46597532668,55,770.129411653571,55,527.733577602174
130,8,60,3129.83117904892,60,412.574412089758,60,778.092481630615,60,415.80812727167
130,8,65,3232.459291159,65,-41.3433182419969,65,771.805490712547,65,259.019150228753
130,8,70,3301.26340525455,70,-508.477278622268,70,751.391747007151,70,60.2597027817304
130,8,75,3335.7230254416,75,-977.543757611409,75,717.400086555332,75,-172.938546338983
130,8,80,3335.29177351388,80,-1437.33940050308,80,670.735472572397,80,-428.500356556281
130,8,85,3299.55726476918,85,-1877.2242041568,85,612.525435304441,85,-690.553812235504
130,8,90,3229.39151475089,90,-2287.66615504728,90,544.032615253619,90,-940.744521634378
135,8,0,2426.11449762635,0,1946.11647073682,0,41.2976938128233,0,13.2079928441896
135,8,5,2421.07579952028,5,1918.1681510417,5,143.736841310289,5,108.954170088306
135,8,10,2435.39386211836,10,1856.46532899434,10,247.195218288402,10,199.390190316172
135,8,15,2471.31477627088,15,1761.14411845252,15,350.62835327929,15,282.528290768305
135,8,20,2530.54730215184,20,1631.36831594336,20,452.684860992691,20,356.231194923932
135,8,25,2613.06703575077,25,1465.4199516238,25,551.710120819991,25,417.777819121649
135,8,30,2716.13778111371,30,1261.13978444327,30,645.71167108893,30,463.59146172474
135,8,35,2833.97283392699,35,1016.65005460402,35,732.36071088683,35,489.205898762271
135,8,40,2958.24411030196,40,731.192553491839,40,809.098769186819,40,489.498437099112
135,8,45,3079.3221544644,45,405.864216115194,45,873.358634251065,45,459.168743529123
135,8,50,3187.83653711041,50,44.0611388362111,50,922.840062359994,50,393.399616634316
135,8,55,3276.02486093887,55,-348.455796142597,55,955.751880735733,55,288.612703178459
135,8,60,3338.45283070464,60,-763.833882961201,60,970.95457826898,60,143.230623057931
135,8,65,3371.98500707831,65,-1192.6152351346,65,967.984443265233,65,-41.6346124385131
135,8,70,3375.22191058442,70,-1624.30766522264,70,946.978560726311,70,-261.645473237165
135,8,75,3347.83314987194,75,-2047.97208121307,75,908.539752897929,75,-508.94474013416
135,8,80,3290.21305134259,80,-2452.83283214035,80,853.593802957626,80,-772.201565132969
135,8,85,3203.67933712715,85,-2828.95412610503,85,783.306956349967,85,-1037.07523514427
135,8,90,3091.1332637103,90,-3168.01405589929,90,699.13792570037,90,-1287.1094899143
140,8,0,3050.4295843877,0,724.157236213796,0,47.6268055178438,0,-9.79876851578798
140,8,5,3045.48127790006,5,696.339780988787,5,167.33043578767,5,67.7207893753516
140,8,10,3052.82253109304,10,630.819351197024,10,287.93634605605,10,140.604648830021
140,8,15,3073.29413366947,15,527.847135671349,15,408.654523765675,15,205.352601920552
140,8,20,3106.90629806054,20,387.433396884862,20,528.238479013233,20,258.335443989298
140,8,25,3152.30535425814,25,209.498696949651,25,644.905499794909,25,295.584851587193
140,8,30,3206.43743738904,30,-5.79234929321921,30,756.296675457178,30,312.743309741671
140,8,35,3264.58902956595,35,-257.584896928702,35,859.535874713732,35,305.218776025547
140,8,40,3320.85067493681,40,-543.886507229417,40,951.424858428779,40,268.529739862862
140,8,45,3368.88957340206,45,-861.231526085946,45,1028.75574415587,45,198.776991055267
140,8,50,3402.80080186242,50,-1204.53161260938,50,1088.66534431142,50,93.1568695680354
140,8,55,3417.78848878334,55,-1567.12709038718,55,1128.93297012833,55,-49.5574198142883
140,8,60,3410.51459651039,60,-1941.00322076655,60,1148.14622074341,60,-228.607105127975
140,8,65,3379.10242057582,65,-2317.11822445815,65,1145.71252279481,65,-440.923402538738
140,8,70,3322.92515113583,70,-2685.80853402558,70,1121.74958108276,70,-680.894918364371
140,8,75,3242.3830018142,75,-3037.27122519442,75,1076.92426546819,75,-940.258006783211
140,8,80,3138.84567532749,80,-3362.14558574506,80,1012.32054863993,80,-1208.17295173897
140,8,85,3014.82563126133,85,-3652.20862270609,85,929.405765265336,85,-1471.56027816716
140,8,90,2874.30244892909,90,-3901.16720060226,90,830.133537952637,90,-1715.74541028072
145,8,0,3492.14147772455,0,-638.656611054736,0,48.4178923103654,0,-28.1019182539968
145,8,5,3488.48338141721,5,-664.644303554681,5,185.702388003693,5,16.3202708411041
145,8,10,3488.61540500421,10,-728.661411009146,10,323.78478949679,10,56.6683289042609
145,8,15,3492.47480441847,15,-830.156130632026,15,461.690958689507,15,88.3345402859702
145,8,20,3499.23507508275,20,-968.235257225468,20,597.909412583989,20,106.66751839398
145,8,25,3507.18005865405,25,-1141.52417002029,25,730.306730114226,25,106.981764830143
145,8,30,3513.71241414557,30,-1347.96524155204,30,856.129363912622,30,84.6844844026519
145,8,35,3515.54363814075,35,-1584.60581600005,35,972.1230218208,35,35.5299446423936
145,8,40,3509.04817692174,40,-1847.43565102913,40,1074.77427390952,40,-44.0308902696284
145,8,45,3490.70238394668,45,-2131.32001488905,45,1160.6382340332,45,-156.467039987914
145,8,50,3457.49887430834,50,-2430.04575512317,50,1226.68144555801,50,-302.816409090722
145,8,55,3407.24196018601,55,-2736.46862044637,55,1270.55985274396,55,-482.412367028677
145,8,60,3338.68250831562,60,-3042.73573689547,60,1290.77426828371,60,-692.701386560726
145,8,65,3251.51599047393,65,-3340.56331943519,65,1286.68994830752,65,-929.140773839925
145,8,70,3146.31639848474,70,-3621.56962789574,70,1258.45316899197,70,-1185.16326328822
145,8,75,3024.4903998888,75,-3877.68137949143,75,1206.86809588605,75,-1452.21549844887
145,8,80,2888.30658004389,80,-4101.63373954261,80,1133.30284909534,80,-1719.90617677191
145,8,85,2740.99686140923,85,-4287.56462229465,85,1039.67523415649,85,-1976.3171492155
145,8,90,2586.865267248,90,-4431.66983678679,90,928.532814562965,90,-2208.52374922356
150,8,0,3707.61587833282,0,-2048.70213119276,0,45.1677430906544,0,-35.6829637868647
150,8,5,3705.59671879499,5,-2070.96025097417,5,197.415745659697,5,-39.9804905109803
150,8,10,3698.82608443195,10,-2127.53662326281,10,350.160573316728,10,-48.002591592669
150,8,15,3686.83071266652,15,-2217.5072351498,15,501.944701956064,15,-64.7820945734264
150,8,20,3668.64760567077,20,-2339.22330230185,20,650.811118213607,20,-95.2619939141339
150,8,25,3642.88753698085,25,-2490.22856263209,25,794.254670707761,25,-144.140848589572
150,8,30,3607.870311707,30,-2667.18334903225,30,929.265795850377,30,-215.653686615603
150,8,35,3561.82487230927,35,-2865.8245846614,35,1052.475565227,35,-313.298157286413
150,8,40,3503.12452312766,40,-3080.98695886829,40,1160.38936854967,40,-439.537413110001
150,8,45,3430.51281445807,45,-3306.6972359546,45,1249.67235486609,45,-595.52283337139
150,8,50,3343.27702536852,50,-3536.33701662555,50,1317.43328736154,50,-780.876290732476
150,8,55,3241.34417069635,55,-3762.85736720069,55,1361.45319657326,55,-993.555334507215
150,8,60,3125.30149242652,60,-3979.02723680257,60,1380.32284155949,60,-1229.80392222412
150,8,65,2996.36767045885,65,-4177.70644327864,65,1373.48216618067,65,-1484.17685266625
150,8,70,2856.35204692719,70,-4352.14713536032,70,1341.18438664714,70,-1749.62499521915
150,8,75,2707.63243582306,75,-4496.33606195011,75,1284.42618168633,75,-2017.64044631792
150,8,80,2553.1604479139,80,-4605.3866838316,80,1204.88759462523,80,-2278.47824321047
150,8,85,2396.47542385243,85,-4675.97373715112,85,1104.91094434815,85,-2521.48352929438
150,8,90,2241.68515435326,90,-4706.777901282,90,987.522695382897,90,-2735.55202852558
155,8,0,3672.74248103936,0,-3384.46667253966,0,40.5020755939807,0,-29.9975797599404
155,8,5,3671.67463091599,5,-3401.2274734104,5,201.621993778317,5,-97.3428195185136
155,8,10,3658.73048070747,10,-3444.46723505856,10,362.703106436444,10,-168.086972356741
155,8,15,3633.42621150827,15,-3512.98365881073,15,521.738350573047,15,-246.899789847649
155,8,20,3595.11435756918,20,-3604.68307772857,20,676.355435499089,20,-338.233269561034
155,8,25,3543.09164249388,25,-3716.56718641211,25,823.811529902884,25,-446.111034074803
155,8,30,3476.73521901024,30,-3844.75389582797,30,961.058860950184,30,-573.895328543997
155,8,35,3395.64916817596,35,-3984.54494015878,35,1084.87961600534,35,-724.046649892921
155,8,40,3299.79874463078,40,-4130.54709818493,40,1192.07501049236,40,-897.8988948478
155,8,45,3189.61100176909,45,-4276.84540398417,45,1279.68145583527,45,-1095.47522666905
155,8,50,3066.02789016461,50,-4417.21865080051,50,1345.18059446013,50,-1315.36538800847
155,8,55,2930.50971967315,55,-4545.38304944989,55,1386.67231523276,55,-1554.67563718302
155,8,60,2784.99887401749,60,-4655.25070155278,60,1402.99050441485,60,-1809.05186358782
155,8,65,2631.86132030442,65,-4741.19461756539,65,1393.75681248639,65,-2072.76920795372
155,8,70,2473.82381001838,70,-4798.31809247834,70,1359.38280498687,70,-2338.88041990436
155,8,75,2313.91762981481,75,-4822.72930230605,75,1301.04042049385,75,-2599.41987641393
155,8,80,2155.42811653542,80,-4811.81911455429,80,1220.62174502622,80,-2845.66736206304
155,8,85,2001.83745620515,85,-4764.53097842984,85,1120.7018754595,85,-3068.48071632652
155,8,90,1856.74119940575,90,-4681.59876467632,90,1004.50602961198,90,-3258.70540681146
160,8,0,3390.77547015027,0,-4508.36481545567,0,36.9800352573731,0,-12.8971376050857
160,8,5,3389.32498506103,5,-4518.39043623528,5,197.868886082852,5,-153.949833611359
160,8,10,3371.47331463869,10,-4543.37868111376,10,358.078997429146,10,-297.800426985373
160,8,15,3336.96690388704,15,-4582.08495313702,15,515.220766822419,15,-448.033711904018
160,8,20,3285.65469075925,20,-4632.41293318902,20,666.708095822524,20,-607.948118308442
160,8,25,3217.56905293466,25,-4691.45364558302,25,809.785215958048,25,-780.35677667484
160,8,30,3133.01242005422,30,-4755.56186724219,30,941.594958547502,30,-967.390959079997
160,8,35,3032.6362893327,35,-4820.4729214654,35,1059.28483368824,35,-1170.31819392826
160,8,40,2917.50013419123,40,-4881.45894718394,40,1160.14060173655,40,-1389.38905042585
160,8,45,2789.10095461295,45,-4933.5193813903,45,1241.73201850209,45,-1623.72592314059
160,8,50,2649.36940831359,50,-4971.59679178086,50,1302.05343765845,50,-1871.26408186777
160,8,55,2500.63428932754,55,-4990.80730268325,55,1339.64356827053,55,-2128.75061309683
160,8,60,2345.56195017778,60,-4986.67497458215,60,1353.67347076924,60,-2391.80206722721
160,8,65,2187.07970330821,65,-4955.36109020708,65,1343.99839450276,65,-2655.01804083384
160,8,70,2028.2916773234,70,-4893.88117911229,70,1311.17533746915,70,-2912.14635533838
160,8,75,1872.39247295759,75,-4800.30343970407,75,1256.45240996027,75,-3156.29576112793
160,8,80,1722.57959379975,80,-4673.92110705555,80,1181.73714941057,80,-3380.19311130736
160,8,85,1581.96178371505,85,-4515.3882649723,85,1089.54891810014,85,-3576.4821748414
160,8,90,1453.45867778835,90,-4326.80457467797,90,982.956527222382,90,-3738.0593483225
165,8,0,2894.89921698456,0,-5285.29461641691,0,35.8070840788289,0,10.2449685078845
165,8,5,2891.86917991425,5,-5288.17942986722,5,185.810247307596,5,-209.309568004552
165,8,10,2871.14740104881,10,-5292.00620573145,10,334.602611886898,10,-430.594080728398
165,8,15,2832.7671584522,15,-5295.77314216315,15,479.739353800219,15,-655.581078605924
165,8,20,2777.01485929988,20,-5297.83589727544,20,618.721334341437,20,-885.973474915776
165,8,25,2704.46686755361,25,-5295.96659743161,25,749.037565169301,25,-1123.05488952988
165,8,30,2616.02291734512,30,-5287.44256388355,30,868.225259529329,30,-1367.55193206574
165,8,35,2512.92983491431,35,-5269.16347542993,35,973.945000348705,35,-1619.51621365546
165,8,40,2396.79021558881,40,-5237.79366217915,40,1064.0659872047,40,-1878.23368564257
165,8,45,2269.55248312129,45,-5189.92425628361,45,1136.75452211548,45,-2142.16794113698
165,8,50,2133.48104840691,50,-5122.24832597573,50,1190.55818872639,50,-2408.94242833626
165,8,55,1991.10761078454,55,-5031.74111239306,55,1224.47866137731,55,-2675.36437261202
165,8,60,1845.16653285368,60,-4915.83712909146,60,1238.02756337144,60,-2937.49093893388
165,8,65,1698.51832732714,65,-4772.59604252062,65,1231.26185933274,65,-3190.73610960435
165,8,70,1554.06551559898,70,-4600.84967275561,70,1204.79738565064,70,-3430.01508334893
165,8,75,1414.66461080139,75,-4400.32286948725,75,1159.80081464788,75,-3649.92169573311
165,8,80,1283.03710897549,80,-4171.72127429115,80,1097.96132311837,80,-3844.93321090676
165,8,85,1161.68158835445,85,-3916.77912464944,85,1021.4434762188,85,-4009.63555014831
165,8,90,1052.788696936,90,-3638.26055413325,90,932.822585575598,90,-4138.96036734515
170,8,0,2243.72196029468,0,-5605.22166561744,0,36.1030455567205,0,32.7624626414017
170,8,5,2238.78937471655,5,-5601.46453465516,5,165.025013257839,5,-262.690222385337
170,8,10,2218.0533794201,10,-5584.01331036398,10,292.498190412422,10,-558.390425007981
170,8,15,2181.73730970097,15,-5552.32497810043,15,416.408396314554,15,-854.444325658431
170,8,20,2130.34239698598,20,-5505.53019471011,20,534.668504382701,20,-1150.77969742371
170,8,25,2064.65239459771,25,-5442.4809766274,25,645.26093074868,25,-1447.06005998155
170,8,30,1985.73254242948,30,-5361.81671351769,30,746.284078434062,30,-1742.61010584315
170,8,35,1894.92108456654,35,-5262.046264998,35,836.001417821424,35,-2036.35646109803
170,8,40,1793.81191962169,40,-5141.6430106116,40,912.891200880497,40,-2326.78738525421
170,8,45,1684.22754910005,45,-4999.14891979594,45,975.69431613564,45,-2611.93431321142
170,8,50,1568.1822084456,50,-4833.28305978597,50,1023.45756137816,50,-2889.37722726722
170,8,55,1447.83581610843,55,-4643.04951929019,55,1055.56966339065,55,-3156.27477338474
170,8,60,1325.44006030549,60,-4427.83952426026,60,1071.78768276625,60,-3409.41887206344
170,8,65,1203.27848772326,65,-4187.52256462307,65,1072.25194356055,65,-3645.31238788947
170,8,70,1083.60282679939,70,-3922.52162557282,70,1057.4882382916,70,-3860.2672690855
170,8,75,968.567973277691,75,-3633.86810642141,75,1028.3966966106,75,-4050.51948798468
170,8,80,860.168121075008,80,-3323.2327027384,80,986.22730938418,80,-4212.35613040455
170,8,85,760.176484958168,85,-2992.9294252267,85,932.542639265421,85,-4342.24911823126
170,8,90,670.090975896393,90,-2645.89104436284,90,869.168726227063,90,-4436.98933757629
175,8,0,1510.43662847552,0,-5404.66368404467,0,35.1494504928885,0,49.1519137490197
175,8,5,1504.4160541781,5,-5395.49779673309,5,135.160511733926,5,-311.649364567775
175,8,10,1486.9418309273,10,-5359.71729221458,10,233.876307512689,10,-671.09151130287
175,8,15,1458.25309659422,15,-5297.29711528168,15,329.864333706883,15,-1027.47974365157
175,8,20,1418.78452235938,20,-5208.22304575753,20,421.735711222832,20,-1379.06493839201
175,8,25,1369.1594955065,25,-5092.5109495225,25,508.173906480703,25,-1724.02078267748
175,8,30,1310.17901753409,30,-4950.2325633415,30,587.962601881641,30,-2060.42607844534
175,8,35,1242.80630905874,35,-4781.54657708988,35,660.012018022255,35,-2386.25363662776
175,8,40,1168.14723543887,40,-4586.73348510696,40,723.382938767366,40,-2699.36691651103
175,8,45,1087.42681362288,45,-4366.23244576832,45,777.307669050453,45,-2997.52522354886
175,8,50,1001.96222250964,50,-4120.6782284739,50,821.20717167091,50,-3278.39788797908
175,8,55,913.132904916527,55,-3850.93625113925,55,854.703688169514,55,-3539.58742237275
175,8,60,822.348506976387,60,-3558.1337266549,60,877.628250965438,60,-3778.66121714898
175,8,65,731.015538725859,65,-3243.68504735261,65,890.022636421867,65,-3993.1908994221
175,8,70,640.50374760215,70,-2909.309741586,70,892.135485243327,70,-4180.79807360206
175,8,75,552.113266558805,75,-2557.04163075302,75,884.412519094972,75,-4339.20480326978
175,8,80,467.043625126032,80,-2189.2281884085,80,867.481000628297,80,-4466.2869034164
175,8,85,386.365692095616,85,-1808.51954079069,85,842.128807649086,85,-4560.12790872558
175,8,90,310.997552023474,90,-1417.84703080649,90,809.278710432708,90,-4619.07148286722
180,8,0,768.857870679136,0,-4681.01810591253,0,29.5717191151488,0,56.6125290037879
180,8,5,763.354789212859,5,-4668.13952579568,5,96.4695685823929,5,-351.580508596904
180,8,10,752.042116874448,10,-4619.73358518781,10,162.633226382806,10,-757.097806237056
180,8,15,735.005949931177,15,-4536.16868252525,15,227.559147129818,15,-1156.85313242359
180,8,20,712.375943900202,20,-4418.08079717514,20,290.753205363204,20,-1547.80410774536
180,8,25,684.324326791791,25,-4266.3686492484,25,351.734456142192,25,-1926.97535921752
180,8,30,651.06458835017,30,-4082.18685979706,30,410.038795326865,30,-2291.4811646665
180,8,35,612.849855267655,35,-3866.93716345085,35,465.222491690907,35,-2638.54741481821
180,8,40,569.970964737694,40,-3622.25774037028,40,516.86556398416,40,-2965.53272594466
180,8,45,522.754251008201,45,-3350.01074870646,45,564.574977243533,45,-3269.94854238906
180,8,50,471.559061780888,50,-3052.26815245319,50,607.987634026391,50,-3549.47807597696
180,8,55,416.775023358277,55,-2731.29595254986,55,646.773137801336,55,-3801.99393817322
180,8,60,358.819075352271,60,-2389.53694124603,60,680.636307465316,60,-4025.57433079327
180,8,65,298.132297521952,65,-2029.59211097747,65,709.319423850046,65,-4218.51767204775
180,8,70,235.176552890287,70,-1654.20085924315,70,732.604191120497,70,-4379.35554660733
180,8,75,170.430972687643,75,-1266.22014013619,75,750.313398138019,75,-4506.86388113005
180,8,80,104.38830987381,80,-868.602721198178,80,762.312267144095,80,-4600.07226019855
180,8,85,37.5511889904534,85,-464.374711075184,85,768.509479500471,85,-4658.27131176738
180,8,90,-29.5717191151482,90,-56.6125290037927,90,768.857870679136,90,-4681.01810591253
185,8,0,-80.6258749551682,0,3495.10405422439,0,-16.9527342945057,0,-55.1695473448448
185,8,5,-77.3098535403506,5,3480.51119167769,5,-50.5631352663996,5,376.591110601736
185,8,10,-73.8630215536926,10,3427.23953070513,10,-84.3856854132786,10,805.052586327601
185,8,15,-70.1047457762521,15,3335.76356505141,15,-118.945332814823,15,1226.48502442146
185,8,20,-65.7229645830568,20,3206.90071938759,20,-154.708595850322,20,1637.21039929132
185,8,25,-60.2887372803465,25,3041.81153083257,25,-192.057241592486,25,2033.63259130869
185,8,30,-53.2754362865892,30,2841.998409655,30,-231.265326254993,30,2412.27023744371
185,8,35,-44.0818611197321,35,2609.30162791398,35,-272.480354483128,35,2769.79263410852
185,8,40,-32.0584416301862,40,2345.89106939693,40,-315.70917200423,40,3103.05845633515
185,8,45,-16.5356115579748,45,2054.25233580417,45,-360.809051419842,45,3409.15652329072
185,8,50,3.14662725298391,50,1737.16603991144,50,-407.484266187402,50,3685.44734367756
185,8,55,27.6089638613801,55,1397.67950527345,55,-455.288275231537,55,3929.60376960768
185,8,60,57.4038805003151,60,1039.07059710206,60,-503.631462491535,60,4139.64881798221
185,8,65,92.9885943345916,65,664.803982030248,65,-551.794195196717,65,4313.98861391098
185,8,70,134.700779152061,70,278.480701204765,70,-598.944786165264,70,4451.43848406833
185,8,75,182.73791838673,75,-116.217513185032,75,-644.161774821165,75,4551.24047425557
185,8,80,237.141018564495,80,-515.587292781988,80,-686.459786167294,80,4613.0709634907
185,8,85,297.783258754336,85,-915.963849355683,85,-724.818094801927,85,4637.03756165335
185,8,90,364.363971460728,90,-1313.77997415909,90,-758.21092051859,90,4623.66506450408
190,8,0,512.986188906171,0,1960.79495178365,0,2.83594620289376,0,-46.7118194321892
190,8,5,513.064208325384,5,1946.8602710829,5,-0.989974516264411,5,381.253619954563
190,8,10,508.538373380391,10,1897.74401640403,10,-6.3160333954594,10,806.296781551418
190,8,15,499.910585597984,15,1813.60568483054,15,-14.6270116391314,15,1225.07256870422
190,8,20,487.972033334484,20,1694.76230786839,20,-27.2617763350893,20,1634.14228683408
190,8,25,473.768815758774,25,1541.7499290558,25,-45.3620233721563,25,2029.94750160855
190,8,30,458.559384166747,30,1355.39940411491,30,-69.8283650971574,30,2408.81016153486
190,8,35,443.765308334363,35,1136.91662672371,35,-101.284611825947,35,2766.96321190127
190,8,40,430.916891607876,40,887.956483671464,40,-140.050940338871,40,3100.61242112154
190,8,45,421.595175229115,45,610.680225646724,45,-186.126544316473,45,3406.02658434199
190,8,50,417.37191693105,50,307.787429685767,50,-239.182293931902,50,3679.65004182721
190,8,55,419.749215081528,55,-17.4838603448085,55,-298.563854721379,55,3918.22888086173
190,8,60,430.100573033699,60,-361.39217326819,60,-363.305584251401,60,4118.94052994353
190,8,65,449.61533376931,65,-719.762820986834,65,-432.155298754073,65,4279.51585154087
190,8,70,479.248519904835,70,-1088.08994858281,70,-503.609656705918,70,4398.34332880111
190,8,75,519.678137066625,75,-1461.66415790868,75,-575.959443322835,75,4474.54644018504
190,8,80,571.271890574386,80,-1835.71718008501,80,-647.343489235152,80,4508.02763614665
190,8,85,634.064992262641,85,-2205.57369638405,85,-715.809374583009,85,4499.47520300948
190,8,90,707.750286499127,90,-2566.80001309445,90,-779.378530051426,90,4450.33240106131
195,8,0,993.432961753994,0,224.772240777025,0,27.1727707529569,0,-33.7436901117926
195,8,5,990.13933037605,5,214.453225684711,5,46.7735820058008,5,362.344237798863
195,8,10,978.939769098741,10,179.039106914434,10,63.3503124623535,10,757.07607194288
195,8,15,960.672983411128,15,117.832300568259,15,74.6888636984522,15,1148.67786981766
195,8,20,936.587752848432,20,29.8121578413644,20,78.8118067313338,20,1534.92658761978
195,8,25,908.286292187779,25,-86.1574771074195,25,74.0389455450771,25,1912.99014753081
195,8,30,877.658675465988,30,-231.074408630157,30,59.0382540942984,30,2279.34898381684
195,8,35,846.810462903963,35,-405.528049664304,35,32.867671176971,35,2629.81045348129
195,8,40,817.985222585995,40,-609.44453360456,40,-4.99189325032834,40,2959.61711630198
195,8,45,793.483267996261,45,-841.876208731159,45,-54.6124275693094,45,3263.63980508417
195,8,50,775.577779765683,50,-1100.8597045843,50,-115.604338987417,50,3536.63756133834
195,8,55,766.429651421778,55,-1383.3593647039,55,-187.113175318699,55,3773.5596983508
195,8,60,768.002916819371,60,-1685.30386166656,60,-267.829722620778,60,3969.86109267857
195,8,65,781.983389750621,65,-2001.71417602249,65,-356.015869158016,65,4121.80069071525
195,8,70,809.703975906452,70,-2326.91185524924,70,-449.548237527971,70,4226.69525079174
195,8,75,852.080746980293,75,-2654.78858893687,75,-545.980531416097,75,4283.10527964853
195,8,80,909.564055139806,80,-2979.11251593634,80,-642.623927950268,80,4290.93736991581
195,8,85,982.108562709486,85,-3293.84391668605,85,-736.642927348881,85,4251.45581388147
195,8,90,1069.16505272566,90,-3593.43326793547,90,-825.162187440371,90,4167.20539371169
200,8,0,1362.47214906667,0,-1557.60989131403,0,51.3020412261639,0,-18.532920747787
200,8,5,1356.4274580583,5,-1560.696445027,5,86.1338778703795,5,319.825168899764
200,8,10,1340.66817621795,10,-1573.10682397075,10,116.415259051427,10,659.656881376007
200,8,15,1316.35749341205,15,-1597.04263757925,15,139.559810857594,15,1001.92779268065
200,8,20,1285.14783195845,20,-1635.77389575319,20,153.282978173488,20,1346.54900896974
200,8,25,1249.10268575523,25,-1693.17861092705,25,155.651784347334,25,1692.01281864779
200,8,30,1210.61141239418,30,-1773.19663173187,30,145.127176275123,30,2035.20334417074
200,8,35,1172.29898753887,35,-1879.26072843441,35,120.601721668748,35,2371.40025061886
200,8,40,1136.93146652826,40,-2013.76737030863,40,81.4349602005361,40,2694.4731679097
200,8,45,1107.31693849447,45,-2177.6435946867,45,27.4874003832709,45,2997.24559448169
200,8,50,1086.20153120937,50,-2370.05555236839,50,-40.848057094958,50,3271.99067257375
200,8,55,1076.16082325459,55,-2588.2893515203,55,-122.621234460817,55,3511.00840488037
200,8,60,1079.48883448489,60,-2827.81666200494,60,-216.312825279249,60,3707.22584240855
200,8,65,1098.08920654152,65,-3082.53776893685,65,-319.843476449299,65,3854.759694477
200,8,70,1133.37554323111,70,-3345.17560082811,70,-430.611256513222,70,3949.38538801073
200,8,75,1186.1893336242,75,-3607.77820683851,75,-545.562436925591,75,3988.86762394937
200,8,80,1256.74378880181,80,-3862.2764353013,80,-661.296334081684,80,3973.12366509075
200,8,85,1344.60009542082,85,-4101.03957771044,85,-774.200090740236,85,3904.20977124751
200,8,90,1448.67939011553,90,-4317.37481179925,90,-880.604869291997,90,3786.14074002182
205,8,0,1637.19832518341,0,-3243.86498154808,0,69.7821224887147,0,-2.84767092239081
205,8,5,1629.31724542933,5,-3235.77455712447,5,110.836686420275,5,256.833409642466
205,8,10,1611.30578523677,10,-3217.13181151558,10,146.190675399705,10,522.027259163964
205,8,15,1584.60009718179,15,-3192.32181209967,15,173.313255728806,15,797.396985943701
205,8,20,1551.14591611098,20,-3167.70412721275,20,189.970864995744,20,1085.69136072489
205,8,25,1513.31194948926,25,-3150.79631139627,25,194.249331831391,25,1387.13697306653
205,8,30,1473.80368217523,30,-3149.34257182652,30,184.578892422544,30,1699.13244247981
205,8,35,1435.5749727233,35,-3170.3682055241,35,159.766990988808,35,2016.26282046399
205,8,40,1401.73161137491,40,-3219.3149876493,40,119.042990877785,40,2330.62332711713
205,8,45,1375.42006387648,45,-3299.34321029071,45,62.116210540524,45,2632.41567578595
205,8,50,1359.69684106638,50,-3410.87153450508,50,-10.7560916197738,50,2910.756361736
205,8,55,1357.37913676382,55,-3551.40413406278,55,-98.7001157233789,55,3154.61514981938
205,8,60,1370.88432482268,60,-3715.6650292159,60,-200.170993201897,60,3353.78657843305
205,8,65,1402.07264802876,65,-3896.02434006334,65,-312.929681160977,65,3499.79165893887
205,8,70,1452.11182356496,70,-4083.1657596036,70,-434.066939907732,70,3586.6141381882
205,8,75,1521.38260273592,75,-4266.9154534837,75,-560.083713353885,75,3611.19600217042
205,8,80,1609.43986722022,80,-4437.13525285109,80,-687.027684071378,80,3573.64741743768
205,8,85,1715.0354233405,85,-4584.57985697154,85,-810.675849541241,85,3477.16187417309
205,8,90,1836.19853833896,90,-4701.6279691358,90,-926.745696154326,90,3327.66220696156
210,8,0,1844.57634352239,0,-4718.83350868814,0,78.1907410437115,0,11.9583520858535
210,8,5,1835.56565168766,5,-4696.07782665236,5,116.578305524304,5,178.906024779729
210,8,10,1817.3891027007,10,-4640.86741955002,10,148.934199158702,10,356.390986676615
210,8,15,1791.65022931689,15,-4560.3173534892,15,173.226756998943,15,553.365523008904
210,8,20,1760.36272544049,20,-4464.41812546596,20,187.600066508453,20,775.804668187814
210,8,25,1725.89196567645,25,-4364.81302936528,25,190.354645119596,25,1025.86121976263
210,8,30,1690.92511754248,30,-4273.4601625293,30,179.95446362978,30,1301.46317783946
210,8,35,1658.44802927708,35,-4201.30003567473,35,155.068983504601,35,1596.36136084062
210,8,40,1631.69626639543,40,-4157.04161199001,40,114.655098253452,40,1900.60687765768
210,8,45,1614.04893287495,45,-4146.17820966613,45,58.0757559204803,45,2201.41209071229
210,8,50,1608.84872741256,50,-4170.33975499126,50,-14.7582752093794,50,2484.31755286035
210,8,55,1619.15541885141,55,-4227.06639766773,55,-103.246623353229,55,2734.55174830877
210,8,60,1647.46426168535,60,-4310.04383005593,60,-205.986724531432,60,2938.43906020137
210,8,65,1695.43757830361,65,-4409.77779465773,65,-320.71981845208,65,3084.69643320905
210,8,70,1763.70153446114,70,-4514.61950025324,70,-444.357588131551,70,3165.46947552797
210,8,75,1851.7498359917,75,-4612.0032401249,75,-573.097059274619,75,3176.99465395865
210,8,80,1957.97440104314,80,-4689.73485516475,80,-702.613292279732,80,3119.82763523197
210,8,85,2079.81586988928,85,-4737.17644462531,85,-828.303694917483,85,2998.63631808262
210,8,90,2214.00178953202,90,-4746.20107309845,90,-945.55040553695,90,2821.60970073349
215,8,0,2016.46449050912,0,-5900.86880913598,0,74.4370257177407,0,24.8551940483457
215,8,5,2006.47922645184,5,-5861.39982348319,5,102.156341168721,5,92.8408552143511
215,8,10,1989.77232119336,10,-5767.92143383299,10,124.682432005857,10,176.942527418787
215,8,15,1967.97238843555,15,-5630.46157672273,15,140.911259804847,15,290.557661214964
215,8,20,1942.79160665638,20,-5462.62494398678,20,149.646921759282,20,442.95812021994
215,8,25,1916.05418308967,25,-5280.03067310768,25,149.5147526427,25,638.250922152523
215,8,30,1889.83845545315,30,-5098.6675280884,30,138.945534542726,30,874.902208484179
215,8,35,1866.66100866963,35,-4933.25459920094,35,116.254814884936,35,1145.81611312608
215,8,40,1849.59335413909,40,-4795.70236489099,40,79.8218070592235,40,1438.95054146287
215,8,45,1842.20799495893,45,-4693.80990437586,45,28.3437641878977,45,1738.43418841227
215,8,50,1848.30427485637,50,-4630.37121633813,50,-38.8821181869218,50,2026.10596611117
215,8,55,1871.44396963652,55,-4602.85575489138,55,-121.707038079073,55,2283.33319620598
215,8,60,1914.39856301094,60,-4603.75602168466,60,-218.961771526999,60,2492.90210537673
215,8,65,1978.64645065752,65,-4621.57399863583,65,-328.407199345001,65,2640.7431637046
215,8,70,2064.04817607144,70,-4642.29177542019,70,-446.817751440331,70,2717.2729310217
215,8,75,2168.77883548037,75,-4651.08716475178,75,-570.184864415004,75,2718.19962167834
215,8,80,2289.52809572613,80,-4634.03788607952,80,-694.002360425201,80,2644.72900141043
215,8,85,2421.91175087507,85,-4579.60051627099,85,-813.579621288714,85,2503.19302585776
215,8,90,2560.99270390388,90,-4479.7215345585,90,-924.329309215496,90,2304.18819912684
220,8,0,2185.14005008818,0,-6741.44611245009,0,59.2323239020426,0,35.1929382129779
220,8,5,2173.68450025661,5,-6685.41612628626,5,69.7236937832904,5,5.50873587591338
220,8,10,2159.41324952503,10,-6556.56841003386,10,77.1437469067823,10,-2.54412966712503
220,8,15,2143.87080009557,15,-6367.46246669867,15,81.7312628558285,15,28.6427576922545
220,8,20,2128.01892630716,20,-6134.55831077247,20,83.2231337858003,20,111.486437681563
220,8,25,2112.40579196985,25,-5876.54587743669,25,80.6354831484402,25,252.025083017895
220,8,30,2097.64885346229,30,-5612.64226406343,30,72.1955319390782,30,449.361308425785
220,8,35,2085.06515104281,35,-5360.81430428185,35,55.4952162241817,35,695.723036632395
220,8,40,2077.16883888975,40,-5135.94853129327,40,27.8694097953751,40,977.156982499234
220,8,45,2077.76410580052,45,-4948.14133970536,45,-13.0837280251379,45,1274.86300546541
220,8,50,2091.50424107393,50,-4801.41997697564,50,-68.9764570421338,50,1567.10613745044
220,8,55,2123.0006193449,55,-4693.22900418759,55,-140.232308733291,55,1831.52328265054
220,8,60,2175.74704003188,60,-4614.88479453746,60,-225.897892748059,60,2047.52784888953
220,8,65,2251.19469013142,65,-4552.95824587191,65,-323.684647613819,65,2198.46792756156
220,8,70,2348.25166576123,70,-4491.30302678274,70,-430.20520294107,70,2273.24030724713
220,8,75,2463.32955233937,75,-4413.31253508235,75,-541.334637785857,75,2267.18313068524
220,8,80,2590.88765159837,80,-4304.00836021974,80,-652.611253149217,80,2182.21038761949
220,8,85,2724.29445754953,85,-4151.69709633682,85,-759.593788483194,85,2026.25961015538
220,8,90,2856.76810916339,90,-3949.09093865563,90,-858.114896026244,90,1812.17999880366
225,8,0,2379.06008406853,0,-7221.14735384014,0,35.645243666292,0,42.8190596363635
225,8,5,2365.12371778923,5,-7151.09218999678,5,24.0991862387601,5,-77.1955986623495
225,8,10,2353.29986622169,10,-6994.24936876155,10,12.7208530399927,10,-170.819479174195
225,8,15,2345.07630533985,15,-6764.70675960949,15,3.51442951372666,15,-216.708864702991
225,8,20,2340.30269089648,20,-6480.27567763527,20,-2.53953707478549,20,-199.522475572284
225,8,25,2337.4965506494,25,-6161.11094873221,25,-5.95658523167908,25,-111.252242305168
225,8,30,2334.8463131186,30,-5828.33730265847,30,-8.93607799312357,30,48.073863691072
225,8,35,2331.60678982392,35,-5502.3694074794,35,-15.0896329831068,35,270.334883207063
225,8,40,2329.29576282622,40,-5200.80357912597,40,-28.7123712152365,40,540.00162660746
225,8,45,2332.08713269866,45,-4936.12484977093,45,-53.8054941991714,45,835.65115210196
225,8,50,2346.10356537969,50,-4713.80120144992,50,-93.167956926435,50,1132.26720085074
225,8,55,2377.79223752951,55,-4531.41442218198,55,-147.828681872292,55,1404.07301364014
225,8,60,2431.96840965269,60,-4379.22293323524,60,-216.931943952598,60,1627.4630866818
225,8,65,2510.23372018613,65,-4242.07901594439,65,-298.017237284896,65,1783.55269961504
225,8,70,2610.28609342813,70,-4102.17646526319,70,-387.53176912568,70,1859.97687173351
225,8,75,2726.26506823102,75,-3941.909781428,75,-481.397135038898,75,1851.78047145849
225,8,80,2849.9121292103,80,-3746.24900027419,80,-575.491419127619,80,1761.43935718014
225,8,85,2972.11246674977,85,-3504.35590827726,85,-665.96583967479,85,1598.15784884343
225,8,90,3084.3605433233,90,-3210.47813541293,90,-749.37228973245,90,1376.59533184914
230,8,0,2618.97619197037,0,-7344.48788823387,0,8.02493841989378,0,48.0878052534703
230,8,5,2601.33416663697,5,-7264.84468032228,5,-28.5253927905851,5,-151.126059928335
230,8,10,2590.76160008426,10,-7090.74815168228,10,-60.9162822355305,10,-320.531964047945
230,8,15,2588.9373612926,15,-6836.33206138807,15,-84.9387534798125,15,-435.570108934593
230,8,20,2594.5264966454,20,-6518.72495708981,20,-98.0081183781647,20,-478.123944762428
230,8,25,2603.5064727303,25,-6157.46991921465,25,-100.060332896784,25,-438.062046322887
230,8,30,2610.80954075527,30,-5773.95538415776,30,-93.954027340661,30,-314.213101973732
230,8,35,2612.82564453275,35,-5390.10459182007,35,-85.0265739000532,35,-114.666883261623
230,8,40,2609.69302545002,40,-5025.96886757577,40,-79.8209193282987,40,143.82845105132
230,8,45,2606.20414191057,45,-4696.58931891038,45,-84.4161422585823,45,437.563346122128
230,8,50,2610.71762051273,50,-4409.13454932815,50,-102.99138530929,50,738.6099300953
230,8,55,2632.41267174466,55,-4161.48023408992,55,-137.110761132863,55,1018.22619998513
230,8,60,2678.01301695945,60,-3942.92174789024,60,-185.845493727651,60,1250.29156642913
230,8,65,2749.30665508876,65,-3736.84433873045,65,-246.489126932805,65,1414.1408424885
230,8,70,2842.33784362652,70,-3524.40803041205,70,-315.460432286423,70,1496.40267950143
230,8,75,2948.3643796625,75,-3288.05463040241,75,-389.052000808963,75,1491.78085785069
230,8,80,3055.99709968344,80,-3013.9867563881,80,-463.862563519194,80,1402.95492836576
230,8,85,3153.65331224022,85,-2693.41768382558,85,-536.917609490879,85,1239.82443808965
230,8,90,3231.57066805738,90,-2322.92693974718,90,-605.57085715141,90,1018.22626998556
235,8,0,2915.03899775102,0,-7134.70194503473,0,-19.2413655583374,0,51.684540709922
235,8,5,2892.61304806514,5,-7050.86754079178,5,-81.9605131994626,5,-214.252011102937
235,8,10,2880.86528551788,10,-6871.84807409631,10,-136.184766573564,10,-448.609083096688
235,8,15,2882.14232802427,15,-6610.1661937055,15,-175.072399949237,15,-624.003231746302
235,8,20,2894.27367548145,20,-6280.07821587233,20,-194.076485175223,20,-719.550785110004
235,8,25,2910.66426644982,25,-5898.30971011612,25,-192.441474781678,25,-722.761062796615
235,8,30,2922.56733279324,30,-5484.77934912468,30,-173.905750656851,30,-630.941299299571
235,8,35,2922.97848835645,35,-5061.93768874067,35,-146.012961387188,35,-451.851347302762
235,8,40,2910.43276532275,40,-4652.02185701896,40,-118.083170936633,40,-203.202665620281
235,8,45,2890.67799150701,45,-4272.76149411016,45,-98.6172893805003,45,89.2876915317702
235,8,50,2875.09996808626,50,-3933.18955909786,50,-93.2227682141356,50,395.176512250656
235,8,55,2876.43444721415,55,-3631.48557675312,55,-103.838014842298,55,683.303613908426
235,8,60,2903.71012698508,60,-3355.94862224772,60,-129.317027583893,60,925.646910529493
235,8,65,2958.67374182248,65,-3088.72145679349,65,-166.791488748038,65,1100.25875966145
235,8,70,3035.05053223876,70,-2810.66287437747,70,-213.020663708452,70,1192.95683186992
235,8,75,3120.54502526088,75,-2505.50080750614,75,-265.188743357584,75,1197.9094041857
235,8,80,3200.36500493769,80,-2162.13489714406,80,-321.049521519812,80,1117.4743346221
235,8,85,3260.7550337866,85,-1775.10551131232,85,-378.647225094945,85,961.556326016931
235,8,90,3291.45619589602,90,-1344.06555027529,90,-435.924405337969,90,746.499289304547
240,8,0,3265.62794530087,0,-6628.51246357724,0,-42.713677586936,0,54.33308528073
240,8,5,3237.79587522782,5,-6545.81216223812,5,-131.037065488196,5,-266.553460697776
240,8,10,3221.54976844556,10,-6373.88932097519,10,-206.505254854611,10,-555.66560153745
240,8,15,3220.52009868564,15,-6122.17526737049,15,-259.297264683631,15,-782.981822031648
240,8,20,3232.45362255865,20,-5800.11900409386,20,-282.648498574101,20,-924.742810983174
240,8,25,3248.71295898777,25,-5419.65053643622,25,-275.067179830367,25,-965.874010245676
240,8,30,3257.0148079632,30,-4997.61948249517,30,-241.369296770148,30,-901.963495933479
240,8,35,3246.86272467264,35,-4556.04397513885,35,-191.653208368072,35,-740.322794016554
240,8,40,3215.19660684928,40,-4118.99244043282,40,-138.330143340883,40,-499.531064022417
240,8,45,3169.08819614513,45,-3706.83665444249,45,-92.4327888226332,45,-207.111758849679
240,8,50,3123.60424358836,50,-3330.39517994925,50,-60.8743639202602,50,104.392297680988
240,8,55,3095.5968342397,55,-2987.91785289771,55,-45.7689345848422,55,402.023729766305
240,8,60,3096.46991860312,60,-2666.51126397856,60,-45.7270720019584,60,656.523071902678
240,8,65,3127.41571199854,65,-2347.26985995077,65,-58.0314042020883,65,845.123896288929
240,8,70,3179.04065057367,70,-2011.56486356845,70,-80.3891376019039,70,952.908651863511
240,8,75,3234.89717278045,75,-1645.75446736069,75,-111.53383422642,75,973.17400242204
240,8,80,3276.75223224833,80,-1242.93401484568,80,-150.778205975595,80,907.349902426347
240,8,85,3289.23976377247,85,-802.169317821047,85,-197.139916007223,85,764.681364752349
240,8,90,3262.52542247373,90,-326.77142937439,90,-248.660049138547,90,561.459404488624
245,8,0,3658.18342683088,0,-5870.6708951487,0,-60.3991319263573,0,56.5269438230073
245,8,5,3624.95370749069,5,-5793.5781339219,5,-172.073360316375,5,-309.512693963528
245,8,10,3600.62947627738,10,-5638.95712487072,10,-266.684600246145,10,-644.755492326388
245,8,15,3590.71860410916,15,-5412.11256743437,15,-331.25708386644,15,-916.548022567269
245,8,20,3593.86456008171,20,-5116.32330340748,20,-356.756249070411,20,-1098.12117944727
245,8,25,3600.37690985485,25,-4757.26084629492,25,-341.034024295956,25,-1171.70492698363
245,8,30,3595.14706664311,30,-4347.42717306534,30,-290.141693932705,30,-1131.16576210182
245,8,35,3564.58566784327,35,-3907.52016967621,35,-216.866864959543,35,-983.448955495491
245,8,40,3504.31206038845,40,-3462.93187637268,40,-136.716065284186,40,-748.041143592332
245,8,45,3423.05709709521,45,-3036.33023371479,45,-63.0845585953103,45,-454.108622770754
245,8,50,3339.92892154232,50,-2639.90432767241,50,-3.93378592439741,50,-135.842658210829
245,8,55,3276.03062002714,55,-2271.47880948625,55,38.5916327680005,55,172.659725697116
245,8,60,3244.82455185431,60,-1916.65396041876,60,65.9546551278029,60,441.5301584993
245,8,65,3246.23557843146,65,-1555.68636705428,65,80.1819839615089,65,647.519310899706
245,8,70,3267.00614790383,70,-1171.33330240228,70,81.8714394851606,70,774.885260596718
245,8,75,3286.19594928593,75,-753.916486852656,75,70.0929010309134,75,815.611062662585
245,8,80,3282.40876058089,80,-302.082694410786,80,43.7119070064016,80,769.616059090734
245,8,85,3239.43488613407,85,179.620683488222,85,2.97454837568854,85,644.968962071596
245,8,90,3148.77601080868,90,683.881330204078,90,-49.6111150434388,90,457.545689635261
250,8,0,4071.61116205611,0,-4908.49225538937,0,-71.7578387613356,0,58.3925234713773
250,8,5,4033.63877179962,5,-4840.26920573922,5,-202.841306170233,5,-345.395727589875
250,8,10,3998.15411223308,10,-4710.52520852059,10,-312.877521400238,10,-719.936173667044
250,8,15,3972.9355355009,15,-4519.95475526767,15,-385.804387898075,15,-1029.87257958481
250,8,20,3958.45719938333,20,-4265.02831114554,20,-410.519749956605,20,-1245.3731038605
250,8,25,3945.17516809414,25,-3944.38215780938,25,-384.433588231726,25,-1346.03693282219
250,8,30,3916.29800673569,30,-3565.34942196307,30,-314.916522957368,30,-1324.20041452275
250,8,35,3856.01379107475,35,-3146.54477588767,35,-217.312321321161,35,-1186.66550578619
250,8,40,3759.16928609377,40,-2713.98909664728,40,-109.88626103942,40,-953.913900354549
250,8,45,3636.41053978241,45,-2291.93575152777,45,-7.97936774544916,45,-656.55855011071
250,8,50,3510.8454926116,50,-1893.17266323135,50,79.6963188676879,50,-329.941470235902
250,8,55,3407.44414520908,55,-1514.40152591379,55,150.951038962933,55,-8.66554755616508
250,8,60,3341.04200632965,60,-1139.38636861025,60,206.916781164988,60,277.284513421154
250,8,65,3309.54124761898,65,-747.832711664395,65,248.242320698338,65,504.304492446847
250,8,70,3295.34915634472,70,-324.773042647849,70,273.120072083812,70,655.563246318605
250,8,75,3273.10841198368,75,134.328331805291,75,277.972749270354,75,721.244010707823
250,8,80,3218.86917213098,80,624.234586999113,80,259.817064191759,80,699.286176793983
250,8,85,3116.43689354246,85,1134.32667000793,85,218.541794901101,85,596.273588776075
250,8,90,2959.38862701699,90,1653.21875499324,90,157.836990563517,90,427.501248921804
255,8,0,4479.33287020722,0,-3787.13973886325,0,-77.354141646153,0,59.7054231600414
255,8,5,4437.81441970592,5,-3729.86740543894,5,-222.214588598336,5,-376.548811224053
255,8,10,4389.23056506351,10,-3629.81510579938,10,-342.310241043927,10,-785.047535143113
255,8,15,4343.6867361289,15,-3483.08465314129,15,-418.832325350122,15,-1127.70310066816
255,8,20,4304.11015113486,20,-3279.41192576473,20,-439.048993819511,20,-1371.72780217345
255,8,25,4262.22142455245,25,-3010.35481838342,25,-400.231687731907,25,-1494.34120735517
255,8,30,4200.90884359353,30,-2677.78931956871,30,-311.038857518217,30,-1486.67574995858
255,8,35,4103.38833302897,35,-2297.65794299971,35,-188.96007291747,35,-1355.64898252514
255,8,40,3964.53857399515,40,-1895.73205377238,40,-54.3864551599584,40,-1122.7646230024
255,8,45,3797.08192059279,45,-1496.77264082794,45,75.9592388996088,45,-819.790000018146
255,8,50,3627.64578391199,50,-1113.08886803717,50,192.828343313521,50,-482.685366507661
255,8,55,3484.15697872163,55,-739.474215499925,55,293.728784793225,55,-146.02459738787
255,8,60,3381.85440680248,60,-357.628681914278,60,378.841333205877,60,160.362169427354
255,8,65,3315.98920074415,65,52.8934939023399,65,446.734166069194,65,412.399325545435
255,8,70,3264.60433913978,70,503.960019440355,70,492.709806278534,70,591.760276433615
255,8,75,3198.4826244671,75,994.089838811248,75,510.442805487744,75,686.369892310489
255,8,80,3091.99178316461,80,1510.86604375487,80,495.35324462157,80,691.879231798341
255,8,85,2929.75830293141,85,2037.42055614732,85,447.416528240135,85,613.268293972135
255,8,90,2707.88317225727,90,2558.45127360254,90,371.975245732187,90,465.206078382547
260,8,0,4852.03279875461,0,-2546.55055043115,0,-78.3417798367985,0,60.0102017420488
260,8,5,4808.54881574031,5,-2501.38304216416,5,-229.69295234691,5,-404.8626806644
260,8,10,4746.45569555495,10,-2433.41269748243,10,-352.915323081539,10,-842.895834992499
260,8,15,4677.84766958648,15,-2334.52833752506,15,-427.037114319928,15,-1213.37158928323
260,8,20,4608.24603382738,20,-2188.39535847398,20,-438.292095925402,20,-1480.84551151945
260,8,25,4531.44483170164,25,-1980.12595937867,25,-384.125418380445,25,-1620.56704492313
260,8,30,4431.38749672654,30,-1706.38347888588,30,-274.302555418723,30,-1622.84592868903
260,8,35,4291.8167153557,35,-1380.04539796152,35,-127.8104871581,35,-1494.90464798815
260,8,40,4108.65281684752,40,-1025.59983931234,40,33.6563280966279,40,-1259.14593527099
260,8,45,3896.76289784708,45,-666.926461213869,45,192.568060219633,45,-948.070646915432
260,8,50,3685.41451572202,50,-314.580083256996,50,339.162326238782,50,-597.725237799806
260,8,55,3504.13923319164,55,39.2890903504336,55,470.121389120911,55,-242.287272047288
260,8,60,3367.45216799456,60,415.074197098334,60,583.916429142052,60,88.5747889395543
260,8,65,3267.5798543006,65,832.866928194554,65,676.458954108871,65,369.976394447489
260,8,70,3178.67261074804,70,1300.7804993625,70,740.03696996541,70,581.620879523213
260,8,75,3068.63928945481,75,1810.8749109013,75,765.889236636551,75,708.806190823657
260,8,80,2911.16151446022,80,2343.47462320301,80,748.351300897248,80,744.743458359041
260,8,85,2692.30313678008,85,2875.66534765345,85,687.928233137996,85,692.801826968188
260,8,90,2410.79091392852,90,3388.52360649515,90,591.861669371959,90,566.994841939932
265,8,0,5159.52927645964,0,-1220.55532191396,0,-75.9490022551504,0,58.7749470162952
265,8,5,5115.88719823963,5,-1188.00713284241,5,-224.946297303347,5,-431.441766626322
265,8,10,5041.47786451487,10,-1152.59899387897,10,-342.971497275019,10,-894.819043385854
265,8,15,4949.67989173289,15,-1102.60851711077,15,-407.648045467547,15,-1288.27895670755
265,8,20,4848.24235999618,20,-1016.72571624868,20,-404.821516858585,20,-1574.20424240396
265,8,25,4733.43511374586,25,-874.79056158852,25,-332.346800676532,25,-1726.39874355146
265,8,30,4591.49253672293,30,-668.945071183272,30,-200.755055109361,30,-1734.71659741275
265,8,35,4408.27314909891,35,-408.779381970867,35,-29.72482304966,35,-1606.73099161218
265,8,40,4181.85155283832,40,-116.351467875731,40,158.617427777871,40,-1365.4249038876
265,8,45,3929.21429942927,45,186.931670104818,45,346.389004160552,45,-1043.48981608574
265,8,50,3681.09559126887,50,493.595089904688,50,523.094132535464,50,-676.573847155565
265,8,55,3467.003630462,55,814.688199397214,55,683.853258312684,55,-298.29773459919
265,8,60,3299.59291368201,60,1172.48030839105,60,824.651662068359,60,61.5923323475557
265,8,65,3168.0007468384,65,1586.14941547318,65,938.404451822032,65,376.922809224444
265,8,70,3043.3896934843,70,2059.67241302314,70,1014.65659490462,70,624.975083286939
265,8,75,2892.05779066383,75,2578.71484844364,75,1042.89432576124,75,788.180442185656
265,8,80,2687.96605089193,80,3116.76868829636,80,1017.07194563388,80,857.273036953542
265,8,85,2418.9547106896,85,3645.37679403422,85,938.637114616321,85,834.021774535628
265,8,90,2086.13936857879,90,4142.32881318291,90,816.789428556991,90,731.686241942694
270,8,0,5371.71482254665,0,161.832359654731,0,-71.0805360018382,0,55.535293252873
270,8,5,5329.80626014436,5,181.694430650883,5,-207.473317776476,5,-456.43163522923
270,8,10,5245.67251552045,10,185.498874694819,10,-310.819147301639,10,-940.504465583498
270,8,15,5133.01350974978,15,187.839447011414,15,-358.179402289576,15,-1351.68341172316
270,8,20,5001.04738217575,20,213.623353678487,20,-335.60394535019,20,-1650.81472614723
270,8,25,4848.55479796907,25,286.754882010553,25,-241.45184684699,25,-1810.84971452385
270,8,30,4665.06979630799,30,418.639790511939,30,-86.5367418837801,30,-1821.49225591512
270,8,35,4440.06620257495,35,603.09867562113,35,109.627403372407,35,-1690.53801858632
270,8,40,4174.83058970513,40,821.70579937536,40,325.259964370804,40,-1441.04200323635
270,8,45,3888.33181283078,45,1057.16395903825,45,542.369262744031,45,-1105.26351545943
270,8,50,3611.4521008275,50,1306.28495798965,50,749.288024145616,50,-718.058555606635
270,8,55,3371.99503430985,55,1583.60204404413,55,938.748800266912,55,-312.532600307756
270,8,60,3179.75549169034,60,1912.81057453104,60,1103.59166807423,60,81.0782935069614
270,8,65,3021.0027870736,65,2311.63985437093,65,1233.68404476088,65,434.800365241846
270,8,70,2865.0792972111,70,2779.89118055962,70,1316.43252328841,70,723.149270559921
270,8,75,2678.00590411748,75,3297.41344953942,75,1340.4997648467,75,925.592422849895
270,8,80,2434.8251467276,80,3831.73962335207,80,1300.26094828288,80,1030.413119058
270,8,85,2125.19552762554,85,4349.59282698707,85,1198.49548536871,85,1037.7408386983
270,8,90,1752.10412297967,90,4825.78976966618,90,1046.32853384519,90,959.879541094691
275,8,0,5458.90132249149,0,1573.47991080794,0,-64.1095040999873,0,50.0168779290705
275,8,5,5420.55481460785,5,1580.97040938231,5,-176.446246423389,5,-478.941456214919
275,8,10,5330.28212960525,10,1555.22649431844,10,-254.729364297744,10,-977.948367016311
275,8,15,5201.05094744309,15,1512.86110791162,15,-276.294235757764,15,-1400.67238951162
275,8,20,5042.61053627806,20,1480.84520982779,20,-227.852206265099,20,-1707.16529245524
275,8,25,4856.05103355739,25,1485.16095392022,25,-108.189660801453,25,-1870.13538711819
275,8,30,4634.94344306693,30,1539.71814979182,30,72.1712432696976,30,-1879.34811484549
275,8,35,4373.59390707143,35,1641.86184153101,35,294.670124553277,35,-1742.53019258523
275,8,40,4077.31067685181,40,1777.97097524404,40,538.441580011318,40,-1482.16664270223
275,8,45,3766.76391944036,45,1936.34828242546,45,785.3917140087,45,-1129.45052214611
275,8,50,3471.68662637355,50,2119.01477351853,50,1022.12161171946,50,-718.170319669641
275,8,55,3216.6829997868,55,2343.95685636791,55,1238.22439387359,55,-281.110146654852
275,8,60,3007.95431857336,60,2635.6797138434,60,1422.97333236164,60,150.531502435997
275,8,65,2829.32973693116,65,3010.03698103233,65,1563.41776011641,65,546.554470909073
275,8,70,2649.53956678005,70,3462.97375004901,70,1645.63448550538,70,878.536231311444
275,8,75,2435.51914273067,75,3969.55267648284,75,1658.47465445033,75,1123.02362592273
275,8,80,2163.94174213861,80,4492.58469866686,80,1597.54016257711,80,1265.90606235173
275,8,85,1826.06526420006,85,4994.86652443773,85,1467.32292714125,85,1305.5678976775
275,8,90,1426.03659393148,90,5448.53495993167,90,1280.84232375337,90,1253.06882832462
280,8,0,5392.06987264857,0,2985.32078558229,0,-54.9016889136382,0,42.2426452843811
280,8,5,5358.87982398204,5,2981.14601887026,5,-130.800535561373,5,-497.036140607576
280,8,10,5266.54531008706,10,2928.75811971933,10,-173.005446953301,10,-1003.53321905943
280,8,15,5126.35919764645,15,2845.83638651747,15,-159.876158482801,15,-1430.30440627066
280,8,20,4947.73133551411,20,2759.85745596491,20,-79.0632081370434,20,-1737.39520092708
280,8,25,4733.77728497784,25,2697.30263511414,25,70.4502418698555,25,-1897.83427759542
280,8,30,4482.53837235753,30,2673.68092085839,30,279.014482178134,30,-1901.54463303785
280,8,35,4193.90235703538,35,2690.02876354063,35,529.633141012061,35,-1755.77438556633
280,8,40,3877.57568201815,40,2738.55293978476,40,802.651508864681,40,-1481.75699921586
280,8,45,3555.47587642193,45,2814.29449270715,45,1079.68604833892,45,-1109.05582822022
280,8,50,3255.06395016911,50,2924.98515409318,50,1345.07089768724,50,-670.241205494716
280,8,55,2996.6430054675,55,3091.72873349033,55,1584.75162038781,55,-198.038765424823
280,8,60,2782.43944861313,60,3339.15810605761,60,1784.33606103901,60,274.983148700846
280,8,65,2594.37540018808,65,3680.99875129762,65,1928.51590779448,65,716.155526774897
280,8,70,2401.60626869182,70,4109.97709844133,70,2002.90222590796,70,1094.15330768117
280,8,75,2172.85563293606,75,4597.73824979634,75,1997.47322408078,75,1382.78150370184
280,8,80,1886.67510769065,80,5103.87523033597,80,1909.77636646017,80,1565.62274896608
280,8,85,1535.50394695718,85,5588.30495935447,85,1746.37781873056,85,1639.1734095208
280,8,90,1123.83400731319,90,6020.80645417481,90,1522.19615650435,90,1612.91612213699
285,8,0,5143.49865245991,0,4362.42136124661,0,-43.0836700595034,0,32.6209807729211
285,8,5,5116.64278809336,5,4347.6906985866,5,-69.595287437584,5,-507.824279582567
285,8,10,5026.3397220042,10,4272.17721490232,10,-64.357483790677,10,-1012.27133587275
285,8,15,4881.56916588876,15,4153.62723538819,15,-7.36255785381074,15,-1433.97566196659
285,8,20,4690.80690403225,20,4018.60078626,20,112.695723711029,20,-1733.73890242282
285,8,25,4458.9387338746,25,3892.79914474898,25,296.948761354138,25,-1885.36067967022
285,8,30,4188.56577813482,30,3792.71673332911,30,537.09648214588,30,-1878.8940675485
285,8,35,3885.2953662547,35,3723.30107598658,35,818.050607893608,35,-1720.65339329968
285,8,40,3563.04930795405,40,3683.31378084816,40,1121.38671627692,40,-1430.01332545232
285,8,45,3244.358041791,45,3675.14079898066,45,1428.15392912829,45,-1034.49200977652
285,8,50,2953.57171566058,50,3712.22243158954,50,1720.0733610535,50,-565.400211203987
285,8,55,2706.10953552333,55,3818.19105902683,55,1979.31622126158,55,-55.639591170487
285,8,60,2500.22674214115,60,4017.16307170002,60,2188.08940322524,60,460.623077606213
285,8,65,2316.48664593758,65,4320.69208449775,65,2329.35039663815,65,948.259628938352
285,8,70,2125.1895594979,70,4719.15611789484,70,2389.03676059932,70,1373.30021960578
285,8,75,1897.29733609765,75,5182.34113962412,75,2358.99478901085,75,1707.12043933641
285,8,80,1613.17159305153,80,5668.28397971625,80,2239.26089644632,80,1931.13624176534
285,8,85,1265.87529662791,85,6135.20996587355,85,2038.76102563164,85,2039.82550949111
285,8,90,859.408849818522,90,6550.95774768076,90,1774.31622172357,90,2040.75812687089
290,8,0,4688.13431821303,0,5660.56342386758,0,-28.5132890950325,0,21.9807335357227
290,8,5,4668.23304033976,5,5636.75208539913,5,7.40211701099649,5,-507.69290997619
290,8,10,4583.75157701071,10,5541.98547607064,10,71.490888756541,10,-998.2689949936
290,8,15,4441.15350174756,15,5393.15483107099,15,181.683562621689,15,-1404.04775675715
290,8,20,4247.7698594855,20,5214.80538534358,20,348.249018058563,20,-1687.2470949501
290,8,25,4010.06080997,25,5031.04298864819,25,572.702084576939,25,-1822.72731211715
290,8,30,3734.88950781785,30,4859.08168231122,30,848.3463735556,30,-1800.54288596757
290,8,35,3433.04562838596,35,4707.97870552906,35,1162.03477604647,35,-1625.66571633372
290,8,40,3121.89670437177,40,4583.33577378651,40,1496.37980334536,40,-1315.18633567917
290,8,45,2823.7951968384,45,4494.84400895083,45,1831.63570629437,45,-894.362045244209
290,8,50,2559.46817175011,50,4461.13436467079,50,2146.89775425622,50,-393.276892597564
290,8,55,2339.40225052944,55,4507.60227717613,55,2420.8971011072,55,154.875144503472
290,8,60,2158.23873439695,60,4657.32047730575,60,2633.06141603441,60,714.36021226584
290,8,65,1995.68701472821,65,4919.82986800073,65,2765.33510174085,65,1247.88542562434
290,8,70,1823.54617001078,70,5284.15036972479,70,2804.61851879056,70,1719.31105238149
290,8,75,1615.02913193661,75,5719.79287179802,75,2745.08758237347,75,2098.02664758018
290,8,80,1351.94792549044,80,6184.92661746358,80,2589.55086963728,80,2363.49945856392
290,8,85,1027.34454692044,85,6637.37161974592,85,2349.40889282111,85,2508.1121972084
290,8,90,643.939886869642,90,7043.5809385636,90,2043.30072149093,90,2537.20986982555
295,8,0,4005.96451885604,0,6823.88724448752,0,-11.8240113889542,0,11.4936901648989
295,8,5,3993.05366136531,5,6792.75449427535,5,99.0560725197342,5,-492.718113366154
295,8,10,3917.81302970861,10,6682.73362498162,10,233.102020189383,10,-955.397290287244
295,8,15,3784.44046431683,15,6509.18134245897,15,405.861867722014,15,-1332.6806650748
295,8,20,3599.26752291398,20,6294.02357062849,20,626.569725584719,20,-1588.69968468591
295,8,25,3370.13868830809,25,6059.49509540409,25,897.205503356551,25,-1699.50180107816
295,8,30,3107.47074592221,30,5823.56225233586,30,1212.61389167564,30,-1654.97610127263
295,8,35,2826.06649536299,35,5599.44730252742,35,1561.32558804544,35,-1458.4860370644
295,8,40,2545.46680152477,40,5399.33382935588,40,1926.6957518829,40,-1124.66718577822
295,8,45,2286.95217234431,45,5239.51498975543,45,2288.14448365302,45,-676.509031422736
295,8,50,2067.4112131085,50,5142.84129904262,50,2622.54757320989,50,-142.926569254053
295,8,55,1892.78727059817,55,5135.61178615232,55,2905.99559280492,55,442.659770509631
295,8,60,1754.7274171402,60,5239.48121711829,60,3116.06676483886,60,1043.27480381967
295,8,65,1632.52584458706,65,5462.29291421791,65,3234.45700930983,65,1620.03387818294
295,8,70,1499.52075505837,70,5792.69523618062,70,3249.47258271419,70,2135.29467899269
295,8,75,1330.83870081604,75,6201.36980847599,75,3157.76395456175,75,2557.02120188189
295,8,80,1109.17057463868,80,6648.18021668359,80,2964.8702126139,80,2863.03602798552
295,8,85,826.868791874682,85,7091.8292475137,85,2684.51710219213,85,3043.62470866829
295,8,90,484.701045623907,90,7498.06799717777,90,2336.90536727623,90,3101.63949669008
300,8,0,3085.53863542456,0,7784.18707637249,0,5.18532908082666,0,2.43483973638728
300,8,5,3079.20006400776,5,7747.69306486886,5,202.36806032907,5,-459.219063571938
300,8,10,3016.43298709319,10,7626.4749904324,10,416.738864773561,10,-878.060690124047
300,8,15,2899.75690191108,15,7434.05092702411,15,661.230261122982,15,-1212.71672222221
300,8,20,2734.84927159332,20,7189.69017663815,20,943.913708193721,20,-1429.54879702314
300,8,25,2530.64986291638,25,6913.97231198742,25,1267.01586279457,25,-1505.81082216978
300,8,30,2300.03569683231,30,6625.80912903069,30,1626.5168208402,30,-1431.11611984681
300,8,35,2060.17441394685,35,6342.37628870279,35,2012.14305215134,35,-1207.17178305131
300,8,40,1831.18283123977,40,6081.6187059652,40,2407.72500902639,40,-846.257824771911
300,8,45,1632.34452508312,45,5865.15620357504,45,2792.08763548738,45,-369.257220579789
300,8,50,1476.7048057548,50,5718.76102317146,50,3140.7098900627,50,196.056820411201
300,8,55,1366.31581810492,55,5668.75845078995,55,3428.22696092549,55,816.311610076858
300,8,60,1290.58124275529,60,5735.15376090488,60,3631.51520341689,60,1453.89269139635
300,8,65,1228.75548613081,65,5924.48343638613,65,3732.7846477026,65,2069.1291282506
300,8,70,1155.56985623491,70,6225.88507925342,70,3722.00010863328,70,2623.68899025334
300,8,75,1047.54852330857,75,6612.37060989511,75,3598.12704470814,75,3084.75783130279
300,8,80,887.620595937974,80,7046.77282926581,80,3369.05306935527,80,3428.89320038499
300,8,85,666.85138938241,85,7489.82976223537,85,3050.37300267919,85,3644.36622368469
300,8,90,383.566522879058,90,7907.34451101592,90,2663.38501318859,90,3731.34869305959
305,8,0,1928.58542087568,0,8462.60212142155,0,19.5939509855095,0,-4.20333388547373
305,8,5,1928.21250696622,5,8422.86184355613,5,312.409371451173,5,-404.353932265223
305,8,10,1881.26720772967,10,8294.75266091918,10,616.10959221633,10,-761.903759906385
305,8,15,1789.29480749665,15,8090.04574391451,15,940.770085425158,15,-1038.44353271853
305,8,20,1657.63964615317,20,7825.79708058864,20,1292.95798599852,20,-1202.74371602367
305,8,25,1495.84915710647,25,7521.45574147867,25,1674.60641589147,25,-1233.27700985149
305,8,30,1317.87626606659,30,7197.04452833586,30,2082.1506436661,30,-1119.42062623079
305,8,35,1141.3629641728,35,6873.13484032413,35,2505.93780589852,35,-861.423768917168
305,8,40,985.31067040194,40,6572.12964170259,40,2930.13519370821,40,-469.533229427354
305,8,45,866.130146347777,45,6319.30900363689,45,3333.49457620187,45,37.223535201389
305,8,50,793.122421467341,50,6141.90747713481,50,3691.23155043067,50,632.266361989348
305,8,55,765.16542954204,55,6065.44371034018,55,3977.93815270814,55,1282.73746867125
305,8,60,770.161625675147,60,6108.14075788628,60,4171.02631999486,60,1951.1952228904
305,8,65,787.650270202474,65,6275.59758810871,65,4253.93609328795,65,2598.14038815046
305,8,70,793.576709005243,70,6558.07036822599,70,4218.38563495795,70,3185.44584494689
305,8,75,765.378950390496,75,6931.66250569244,75,4065.25720316781,75,3680.21360909422
305,8,80,685.700534452124,80,7363.03169516814,80,3804.12420770036,80,4058.17858414065
305,8,85,543.919775216612,85,7815.83222900513,85,3451.72978478878,85,4305.7844451873
305,8,90,335.689253387124,90,8256.66150083197,90,3029.82994865446,90,4420.47733396276
310,8,0,555.292431599738,0,8774.519097321,0,28.0300338191493,0,-8.11668924500392
310,8,5,560.393638325432,5,8733.78815430614,5,422.844429839313,5,-326.619136039582
310,8,10,532.909802056747,10,8603.75485128818,10,822.585341017562,10,-604.342013813391
310,8,15,473.989988147334,15,8394.80829738101,15,1234.17629397514,15,-806.172177781935
310,8,20,388.742550739857,20,8122.46738666137,20,1662.14033259843,20,-903.426235566592
310,8,25,286.602104283482,25,7805.60357152374,25,2107.35574907797,25,-875.907472652936
310,8,30,181.084538656254,30,7465.29889456777,30,2565.91582539781,30,-712.999410941877
310,8,35,88.4477879907974,35,7124.6051019343,35,3028.26013842677,35,-413.904491063864
310,8,40,25.0294736987729,40,6808.75484419424,40,3478.92564946014,40,12.7139755913785
310,8,45,3.62351856536421,45,6544.85655216289,45,3897.30450824569,45,549.434750100073
310,8,50,29.9066730521042,50,6360.15442342601,50,4259.59924501983,50,1171.02764902074
310,8,55,100.206299622159,55,6278.6165015947,55,4541.78176812609,55,1845.75834610412
310,8,60,201.544892788587,60,6316.59228152117,60,4722.97156574014,60,2537.28214059783
310,8,65,314.028527819885,65,6479.00190466675,65,4788.45789983348,65,3207.28485570885
310,8,70,414.728498969747,70,6757.54791929343,70,4731.69904077478,70,3818.75400671001
310,8,75,481.726308297453,75,7131.73659384444,75,4554.97021640882,75,4339.42167710654
310,8,80,497.145588563566,80,7572.42567813726,80,4268.72236762974,80,4744.70964884548
310,8,85,448.597989616713,85,8046.71506367427,85,3889.98710619885,85,5019.56371197135
310,8,90,329.14792492927,90,8522.65890735912,90,3440.25278614019,90,5158.87509850503
315,8,0,-990.751696510894,0,8638.22984039201,0,27.9024997495152,0,-9.89634682224117
315,8,5,-980.343492054747,5,8598.8764967095,5,526.984573493456,5,-226.136023542468
315,8,10,-984.629318699129,10,8472.96864348376,10,1025.89838106194,10,-404.928912503888
315,8,15,-1002.57087504961,15,8269.93111333322,15,1528.10287740818,15,-514.752851165325
315,8,20,-1029.50657960041,20,8004.32913947685,20,2035.47181347743,20,-529.681602757987
315,8,25,-1056.99869926621,25,7694.74498151114,25,2547.05024891807,25,-431.130205206704
315,8,30,-1073.40052116981,30,7362.91053667584,30,3057.87741447086,30,-208.922099749516
315,8,35,-1065.40433283097,35,7033.13650066641,35,3558.1182498744,35,138.249814346168
315,8,40,-1020.5385651349,40,6731.71938235767,40,4032.85672718202,40,602.84071189929
315,8,45,-930.154103799556,45,6485.80938329858,45,4462.86913465324,45,1168.86217978962
315,8,50,-792.08227451541,50,6321.34829618607,50,4826.47553301858,50,1812.69386379612
315,8,55,-612.089502684681,55,6260.12150334581,55,5102.23007134761,55,2504.40105941624
315,8,60,-403.589412903823,60,6316.50436828095,60,5271.90625694369,60,3209.66783799468
315,8,65,-185.67217292194,65,6494.83051456139,65,5323.11009697992,65,3892.3444178929
315,8,70,19.9154311905998,70,6788.26219535683,70,5250.96915048065,70,4517.4092761584
315,8,75,191.927223123408,75,7179.60043481694,75,5058.6342600626,75,5053.94992273679
315,8,80,312.109492820137,80,7643.83658975638,80,4756.6546935411,80,5477.67512363969
315,8,85,366.608414844893,85,8151.70516180801,85,4361.52019763538,85,5772.54575733928
315,8,90,346.314204393804,90,8673.2724488295,90,3893.75271410993,90,5931.33105431939
320,8,0,-2639.50699639895,0,7987.08542786923,0,18.763451675929,0,-10.8298981127319
320,8,5,-2623.62367585453,5,7951.51207228941,5,619.037234365052,5,-104.690293049466
320,8,10,-2601.54488315198,10,7836.99755606228,10,1215.16430549264,10,-165.691679483022
320,8,15,-2572.37331815445,15,7652.25777915054,15,1806.92961895935,15,-166.27427791497
320,8,20,-2532.34056493388,20,7411.12694711945,20,2393.09660815863,20,-83.6335005514641
320,8,25,-2474.88431772926,25,7131.72724995746,25,2970.31771554249,25,98.7475801969655
320,8,30,-2391.35917603852,30,6835.62872314767,30,3532.13051108049,30,390.049974957639
320,8,35,-2272.47777028451,35,6546.97204276588,35,4068.27818222715,35,791.534220875904
320,8,40,-2110.34620644382,40,6291.38188585059,40,4564.63767875124,40,1296.3854305746
320,8,45,-1900.69059064532,45,6094.45658761033,45,5003.96915018675,45,1889.98522462592
320,8,50,-1644.69673126232,50,5979.7375470411,50,5367.5103512956,50,2550.65353478864
320,8,55,-1349.91248075778,55,5966.30751423956,55,5637.18981127234,55,3250.92132938612
320,8,60,-1029.91180678251,60,6066.42811882967,60,5798.02565436978,60,3959.35488007446
320,8,65,-702.797293254503,65,6283.76741684414,65,5840.20448324718,65,4642.85158177171
320,8,70,-388.960536222774,70,6612.70162677389,70,5760.42645872453,70,5269.19857266063
320,8,75,-108.686332493032,75,7038.91320745628,75,5562.31314212169,75,5809.58188718762
320,8,80,119.870028727779,80,7541.15396555495,80,5255.91326286446,80,6240.70572925545
320,8,85,282.023372186156,85,8093.740375068,85,4856.52347756715,85,6546.24998152452
320,8,90,367.175729933696,90,8669.21306692803,90,4383.12481401348,90,6717.53901030034
325,8,0,-4295.10342411766,0,6783.64965882746,0,3.1120637522957,0,-12.2635104950835
325,8,5,-4273.45217041092,5,6754.18108400367,5,695.032939469612,5,34.4020058392765
325,8,10,-4223.41681877367,10,6659.18049136183,10,1379.93756697553,10,108.416386293401
325,8,15,-4144.46991252455,15,6506.63664118631,15,2053.98768344807,15,232.883558357776
325,8,20,-4034.22265590801,20,6309.4206537973,20,2712.72071410564,20,426.970936563973
325,8,25,-3888.64275174871,25,6084.55061804372,25,3350.23455548065,25,704.55836551685
325,8,30,-3702.73470842144,30,5852.30067833852,30,3958.48011892693,30,1073.25148214562
325,8,35,-3471.68458321023,35,5635.13874332291,35,4526.84795898857,35,1533.77878223548
325,8,40,-3192.32334947799,40,5456.43699778145,40,5042.23729663616,40,2079.78762866417
325,8,45,-2864.61955657931,45,5338.91287010262,45,5489.72523624677,45,2698.06540060217
325,8,50,-2492.83863818703,50,5302.83728351217,50,5853.81799785128,50,3369.21944200569
325,8,55,-2086.04919361497,55,5364.16752127786,55,6120.10615524453,55,4068.83391184026
325,8,60,-1657.8137041984,60,5532.87084739635,60,6277.02184246598,60,4769.07373961388
325,8,65,-1225.11766526465,65,5811.74577067779,65,6317.35682007449,65,5440.63298540401
325,8,70,-806.784499231323,70,6195.98972978262,70,6239.26055369656,70,6054.84938723486
325,8,75,-421.724147587639,75,6673.6165175747,75,6046.57098336077,75,6585.75711755167
325,8,80,-87.345827737427,80,7226.64352506713,80,5748.48626796775,80,7011.84759119981
325,8,85,181.644672824193,85,7832.81317036304,85,5358.71275700486,85,7317.35854771903
325,8,90,373.989787381874,90,8467.53710615427,90,4894.29295175922,90,7492.9994758873
330,8,0,-5841.52868321868,0,5033.10728631396,0,-13.9655467499399,0,-14.7744690694525
330,8,5,-5814.04966857232,5,5011.89939253456,5,752.97392038792,5,186.445845417876
330,8,10,-5737.03802964974,10,4944.50449224519,10,1510.98078527824,10,408.927271265699
330,8,15,-5610.57741456099,15,4837.92513113494,15,2253.01850624576,15,670.77182950841
330,8,20,-5433.95986127899,20,4703.49431895275,20,2971.73404102824,20,986.943024720069
330,8,25,-5205.92599550227,25,4556.18653140284,25,3658.9631160919,25,1368.11615614355
330,8,30,-4925.19189036892,30,4413.72375415505,30,4305.34163348251,30,1819.81427869953
330,8,35,-4591.22726878684,35,4295.49172843612,35,4900.1428711531,35,2341.86848990214
330,8,40,-4205.17197096085,40,4221.28117965555,40,5431.44478801234,40,2928.23390500375
330,8,45,-3770.71221019674,45,4209.88979174987,45,5886.67856954159,45,3567.18735236894
330,8,50,-3294.71380934422,50,4277.66233135767,50,6253.52695988648,50,4241.92120940482
330,8,55,-2787.44300570886,55,4437.09529906212,55,6521.05219057616,55,4931.52320623432
330,8,60,-2262.29145626516,60,4695.66744238688,60,6680.86787965077,60,5612.29361786577
330,8,65,-1735.03423344716,65,5055.05859033028,65,6728.15010011573,65,6259.30574599844
330,8,70,-1222.7508061978,70,5510.8780056953,70,6662.31627895843,70,6848.07521857797
330,8,75,-742.597677461935,75,6052.94741039701,75,6487.27421915589,75,7356.18144352801
330,8,80,-310.624098516853,80,6666.09438297481,80,6211.23238966658,80,7764.68889618609
330,8,85,59.2228721990754,85,7331.33551710728,85,5846.14028008774,85,8059.24676359377
330,8,90,355.82776920969,90,8027.28665377294,90,5406.87591638152,90,8230.79410104515
335,8,0,-7153.74195809233,0,2792.51787014863,0,-26.422899673402,0,-17.6228191650546
335,8,5,-7120.96722953617,5,2781.49472107474,5,792.10195201564,5,345.385949139832
335,8,10,-7021.10795196202,10,2748.54458951658,10,1600.57016546956,10,723.327978406247
335,8,15,-6854.95440889558,15,2699.32481595434,15,2389.55660154033,15,1128.87372460618
335,8,20,-6623.44545298908,20,2642.963101321,20,3149.57535694351,20,1572.33443769901
335,8,25,-6327.84451888565,25,2591.4533021105,25,3870.87510911868,25,2060.75332164687
335,8,30,-5970.062770258,30,2558.85954882518,30,4543.3152250236,30,2597.21678353498
335,8,35,-5553.092398769,35,2560.36334852543,35,5156.38571665694,35,3180.42651283368
335,8,40,-5081.47894588132,40,2611.19707163667,40,5699.41799884412,40,3804.56210040369
335,8,45,-4561.7370302061,45,2725.52112078361,45,6162.00121368347,45,4459.4512905907
335,8,50,-4002.60922399526,50,2915.3190311861,50,6534.57622469149,50,5131.04834329356
335,8,55,-3415.08786628605,55,3189.39925831819,55,6809.13694608031,55,5802.19917878689
335,8,60,-2812.16103845657,60,3552.59748233697,60,6979.93868660835,60,6453.6462646305
335,8,65,-2208.29593953983,65,4005.2634063958,65,7044.10479387156,65,7065.2004954701
335,8,70,-1618.72100794991,70,4543.08993306888,70,7002.03859317848,70,7616.98707577234
335,8,75,-1058.59962890611,75,5157.30422349884,75,6857.5824725909,75,8090.66272754578
335,8,80,-542.196648950345,80,5835.19761397354,80,6617.90970667614,80,8470.50517556212
335,8,85,-82.1255379572026,85,6560.93417308607,85,6293.17561664441,85,8744.29214512749
335,8,90,311.263487206643,90,7316.55330183656,90,5895.98386879488,90,8903.91215132091
340,8,0,-8113.12473078396,0,172.857404648948,0,-29.5462848806676,0,-18.9082244535174
340,8,5,-8076.37656201994,5,173.580691568702,5,811.687267606047,5,503.675490669786
340,8,10,-7960.80875298044,10,179.347129480354,10,1642.45462453202,10,1034.97405572476
340,8,15,-7767.80558296242,15,194.181249005164,15,2452.03850183185,15,1582.11315065842
340,8,20,-7499.56996245031,20,224.517864180136,20,3229.86132405126,20,2150.60211068009
340,8,25,-7159.20463230927,25,278.738434500379,25,3965.49008895865,25,2743.69289716317
340,8,30,-6750.84810257107,30,366.561387690106,30,4648.68704091796,30,3361.89488323
340,8,35,-6279.84130648375,35,498.322383441986,35,5269.53210679656,35,4002.67800749029
340,8,40,-5752.88867008497,40,684.188122357479,40,5818.63268624642,40,4660.38600892766
340,8,45,-5178.17028535981,45,933.354140951894,45,6287.42064874079,45,5326.36899962221
340,8,50,-4565.36292425035,50,1253.28201530823,50,6668.51797218576,50,5989.33049763109
340,8,55,-3925.53767721961,55,1649.03288487895,55,6956.13536557885,55,6635.86866970757
340,8,60,-3270.91951846376,60,2122.75056327478,60,7146.45662027529,60,7251.176089441
340,8,65,-2614.51538290205,65,2673.33779514414,65,7237.95833113244,65,7819.84860840561
340,8,70,-1969.63759722168,70,3296.35378504935,70,7231.62085577504,70,8326.74400954869
340,8,75,-1349.36435973755,75,3984.14170743205,75,7131.00035583998,75,8757.8266599157
340,8,80,-765.985745084456,80,4726.17428047277,80,6942.15006193684,80,9100.93622194076
340,8,85,-230.482090590189,85,5509.58670309732,85,6673.39738910951,85,9346.42629534371
340,8,90,247.926605979268,90,6319.85179774855,90,6334.99859560054,90,9487.63129443977
345,8,0,-8624.72789474983,0,-2667.82695037258,0,-21.8469765939811,0,-16.4984279933609
345,8,5,-8586.0518514925,5,-2654.49335731654,5,810.094447526657,5,652.200290576835
345,8,10,-8464.04787831052,10,-2609.46488915006,10,1631.87620363805,10,1323.89215352612
345,8,15,-8260.41284997411,15,-2530.43532328928,15,2432.7107173568,15,2000.51059482439
345,8,20,-7977.99402852472,20,-2413.78004883735,20,3202.07257190447,20,2683.03902289539
345,8,25,-7620.79182475263,25,-2254.85125966724,25,3929.81703940569,25,3371.13196126334
345,8,30,-7193.96677838756,30,-2048.36406031572,30,4606.31445999548,30,4062.83082612639
345,8,35,-6703.84032643897,35,-1788.84784874521,35,5222.6071102467,35,4754.39503074573
345,8,40,-6157.87564734046,40,-1471.13270197179,40,5770.59061256593,40,5440.261519914
345,8,45,-5564.62370838846,45,-1090.83756225765,45,6243.21603383931,45,6113.13729069344
345,8,50,-4933.62114553833,50,-644.826146149851,50,6634.70256951814,50,6764.22037720564
345,8,55,-4275.23080029086,55,-131.597981218846,55,6940.74528677836,55,7383.53572022312
345,8,60,-3600.42207676512,60,448.414023914192,60,7158.69892806513,60,7960.36398176378
345,8,65,-2920.49571883397,65,1092.6616457846,65,7287.71803133857,65,8483.73443985396
345,8,70,-2246.76484574176,70,1796.42878256831,70,7328.83583300141,70,8942.9483033295
345,8,75,-1590.20989209676,75,2552.91226930714,75,7284.96920552363,75,9328.09664137951
345,8,80,-961.128595530513,80,3353.42999511535,80,7160.84337208514,80,9630.53786652207
345,8,85,-368.803011633072,85,4187.74078536555,85,6962.83720745898,85,9843.30325094532
345,8,90,178.796097794284,90,5044.4525487942,90,6698.75647777711,90,9961.40489641719
350,8,0,-8632.7629606715,0,-5539.83108862608,0,-5.60346163950702,0,-9.3036024686439
350,8,5,-8594.61269505555,5,-5514.27361205494,5,784.80931393569,5,780.637686452978
350,8,10,-8476.23029127233,10,-5433.91760516032,10,1566.10280841936,10,1568.76851436949
350,8,15,-8279.27066325541,15,-5298.00270201208,15,2328.59993974272,15,2352.6899694668
350,8,20,-8006.53756589365,20,-5105.39790203466,20,3062.91224755188,20,3129.59120343176
350,8,25,-7661.94690794486,25,-4854.74193164451,25,3760.08670867861,25,3896.09012782559
350,8,30,-7250.47479055642,30,-4544.62557618893,30,4411.75106568557,30,4648.11826936139
350,8,35,-6778.08816762632,35,-4173.80327891513,35,5010.25683881236,35,5380.85954413301
350,8,40,-6251.65569382543,40,-3741.41917852181,40,5548.8179973982,40,6088.74901386694
350,8,45,-5678.83654953691,45,-3247.23163038174,45,6021.64190329175,45,6765.53356367266
350,8,50,-5067.94586518687,50,-2691.82021985736,50,6424.04783565644,50,7404.39216600117
350,8,55,-4427.79676742826,55,-2076.76035158912,55,6752.56740772359,55,7998.10926385614
350,8,60,-3767.52089377346,60,-1404.75263064371,60,7005.02070561615,60,8539.29111280956
350,8,65,-3096.37124832832,65,-679.697302377733,65,7180.56216100529,65,9020.61193954387
350,8,70,-2423.51323475542,70,93.2922276839138,70,7279.69105790786,70,9435.07473167484
350,8,75,-1757.81134300682,75,907.938593969717,75,7304.2231069369,75,9776.27052714003
350,8,80,-1107.62007166577,80,1756.90990752787,80,7257.22154126691,80,10038.6202919482
350,8,85,-480.588106614546,85,2631.98288739711,85,7142.88847797109,85,10217.5848375645
350,8,90,116.515487546095,90,3524.24962046642,90,6966.4196043245,90,10309.830615629
355,8,0,-8130.62331625232,0,-8243.50481990976,0,14.2110961511225,0,1.82010541808651
355,8,5,-8095.44881837851,5,-8207.90018024946,5,733.586004407222,5,878.573674497832
355,8,10,-7990.15524998369,10,-8100.70063546266,10,1445.59100561435,10,1750.03798012867
355,8,15,-7816.02087814275,15,-7922.27931188855,15,2142.66430615839,15,2610.76645453548
355,8,20,-7575.19699178542,20,-7673.30386152281,20,2817.4637411851,20,3455.2627371666
355,8,25,-7270.67127451668,25,-7354.76893924857,25,3462.97817983078,25,4277.96952903552
355,8,30,-6906.21644992276,30,-6968.03751097025,30,4072.63311942182,30,5073.26863444879
355,8,35,-6486.32491910318,35,-6514.88766811343,35,4640.38848244183,35,5835.49459862017
355,8,40,-6016.13036324271,40,-5997.56108484394,40,5160.82664709976,40,6558.96340058148
355,8,45,-5501.31757525355,45,-5418.80897855258,45,5629.22878991913,45,7238.01660402964
355,8,50,-4948.0221097203,50,-4781.93144047873,50,6041.63771759456,50,7867.08027688096
355,8,55,-4362.72168680083,55,-4090.80629101669,55,6394.90553481027,55,8440.73693826485
355,8,60,-3752.12163276016,60,-3349.90416284627,60,6686.72474962161,60,8953.80785146824
355,8,65,-3123.03696094639,65,-2564.28728590826,65,6915.64176585871,65,9401.44221686115
355,8,70,-2482.27396279396,70,-1739.59038726651,70,7081.0521510813,70,9779.20928134381
355,8,75,-1836.51435985485,75,-881.983160355569,75,7183.17758721739,75,10083.1891052228
355,8,80,-1192.20513983217,80,1.88517044058207,80,7223.02498813116,80,10310.0577296203
355,8,85,-555.45714394316,85,904.957636310521,85,7202.32887540238,85,10457.1627635375
355,8,90,68.0447194781883,90,1819.85519396612,90,7123.47870708448,90,10522.585936001
360,8,0,-7162.68591421571,0,-10593.6358400187,0,32.0408991074364,0,14.1074189904781
360,8,5,-7132.6371834781,5,-10552.094314761,5,656.18818473458,5,937.349936037117
360,8,10,-7048.30477697015,10,-10430.2449802392,10,1275.34148205863,10,1853.45865408315
360,8,15,-6910.33051522666,15,-10229.0151834636,15,1884.78866063198,15,2755.46143262267
360,8,20,-6719.76446569066,20,-9949.93640469365,20,2479.89145943141,20,3636.49348586683
360,8,25,-6478.05695106602,25,-9595.13260194811,25,3056.12078682516,25,4489.84962790875
360,8,30,-6187.04751148605,30,-9167.30404640228,30,3609.09118969499,30,5309.03530323695
360,8,35,-5848.95090450223,35,-8669.7067716938,35,4134.59422938239,35,6087.81601422435
360,8,40,-5466.34024944204,40,-8106.12779354066,40,4628.63051044795,40,6820.2647694197
360,8,45,-5042.12744441711,45,-7480.85628826488,45,5087.44011848548,45,7500.8071915313
360,8,50,-4579.54100502037,50,-6798.65094957089,50,5507.531235341,50,8124.26394180413
360,8,55,-4082.10149337296,55,-6064.70377201297,55,5885.70671395729,55,8685.89013791514
360,8,60,-3553.59472452072,60,-5284.60053678178,60,6219.08841059349,60,9181.41146539276
360,8,65,-2998.04295409571,65,-4464.27830053663,65,6505.13908923681,65,9607.05670773092
360,8,70,-2419.6742665222,70,-3609.98021081946,70,6741.68173150068,70,9959.58644762381
360,8,75,-1822.89039674119,75,-2728.2079919323,75,6926.91610504909,75,10236.3177208876
360,8,80,-1212.23323034966,80,-1825.67246288952,80,7059.43246445178,80,10435.1444354377
360,8,85,-592.350237108737,85,-909.242464032972,85,7138.22228019813,85,10554.5533999217
360,8,90,32.040899107437,90,14.1074189904774,90,7162.68591421571,90,10593.6358400187
