window_start_phi_deg,window_stop_phi_deg,sample_count,gain_total_min_dbi,gain_total_min_theta_deg,gain_total_min_phi_deg,xpd_min_db,xpd_p5_db,xpd_median_db,candidate,active_source,candidate_index
0.0,270.0,550,-18.4252875400179,90.0,160.0,-52.38098367972991,-21.049355090488003,-9.254353472859542,me_h3p5_loop10p4_gap0p55,P1A,1
5.0,275.0,550,-18.4252875400179,90.0,160.0,-42.08990672204494,-21.016043716365953,-9.297862132859796,me_h3p5_loop10p4_gap0p55,P1A,1
10.0,280.0,550,-18.4252875400179,90.0,160.0,-42.08990672204494,-20.677022533441367,-9.51351325819653,me_h3p5_loop10p4_gap0p55,P1A,1
15.0,285.0,550,-18.4252875400179,90.0,160.0,-42.08990672204494,-20.672099837022525,-9.553737233643593,me_h3p5_loop10p4_gap0p55,P1A,1
20.0,290.0,550,-18.4252875400179,90.0,160.0,-42.08990672204494,-20.65806421950579,-9.578109243767061,me_h3p5_loop10p4_gap0p55,P1A,1
25.0,295.0,550,-18.4252875400179,90.0,160.0,-42.08990672204494,-20.65806421950579,-9.578109243767061,me_h3p5_loop10p4_gap0p55,P1A,1
30.0,300.0,550,-18.4252875400179,90.0,160.0,-42.08990672204494,-20.65806421950579,-9.578109243767061,me_h3p5_loop10p4_gap0p55,P1A,1
35.0,305.0,550,-18.4252875400179,90.0,160.0,-42.08990672204494,-20.65806421950579,-9.578109243767061,me_h3p5_loop10p4_gap0p55,P1A,1
40.0,310.0,550,-18.4252875400179,90.0,160.0,-42.08990672204494,-20.65806421950579,-9.578109243767061,me_h3p5_loop10p4_gap0p55,P1A,1
45.0,315.0,550,-18.4252875400179,90.0,160.0,-42.08990672204494,-20.65806421950579,-9.578109243767061,me_h3p5_loop10p4_gap0p55,P1A,1
50.0,320.0,550,-18.4252875400179,90.0,160.0,-42.08990672204494,-20.65806421950579,-9.578109243767061,me_h3p5_loop10p4_gap0p55,P1A,1
55.0,325.0,550,-18.4252875400179,90.0,160.0,-42.08990672204494,-20.65806421950579,-9.578109243767061,me_h3p5_loop10p4_gap0p55,P1A,1
60.0,330.0,550,-18.4252875400179,90.0,160.0,-42.08990672204494,-20.65806421950579,-9.604721987816665,me_h3p5_loop10p4_gap0p55,P1A,1
65.0,335.0,550,-18.4252875400179,90.0,160.0,-42.08990672204494,-20.65806421950579,-9.612412757544872,me_h3p5_loop10p4_gap0p55,P1A,1
70.0,340.0,550,-18.4252875400179,90.0,160.0,-42.08990672204494,-20.65806421950579,-9.619154814859593,me_h3p5_loop10p4_gap0p55,P1A,1
75.0,345.0,550,-18.4252875400179,90.0,160.0,-42.08990672204494,-20.672099837022525,-9.624273142159478,me_h3p5_loop10p4_gap0p55,P1A,1
80.0,350.0,550,-18.4252875400179,90.0,160.0,-42.08990672204494,-20.677022533441367,-9.644968376557522,me_h3p5_loop10p4_gap0p55,P1A,1
85.0,355.0,550,-18.4252875400179,90.0,160.0,-42.08990672204494,-20.85276560890014,-9.766946902574428,me_h3p5_loop10p4_gap0p55,P1A,1
90.0,0.0,550,-18.4252875400179,90.0,160.0,-52.38098367972991,-21.049355090488003,-9.832410649304752,me_h3p5_loop10p4_gap0p55,P1A,1
95.0,5.0,550,-18.4252875400179,90.0,160.0,-52.38098367972991,-21.15740784547127,-9.836843441836612,me_h3p5_loop10p4_gap0p55,P1A,1
100.0,10.0,550,-18.4252875400179,90.0,160.0,-52.38098367972991,-21.71718160864806,-9.844582192121354,me_h3p5_loop10p4_gap0p55,P1A,1
105.0,15.0,550,-18.4252875400179,90.0,160.0,-52.38098367972991,-22.005040566306917,-10.029971514241925,me_h3p5_loop10p4_gap0p55,P1A,1
110.0,20.0,550,-18.4252875400179,90.0,160.0,-52.38098367972991,-22.005040566306917,-10.029971514241925,me_h3p5_loop10p4_gap0p55,P1A,1
115.0,25.0,550,-18.4252875400179,90.0,160.0,-52.38098367972991,-22.005040566306917,-9.844582192121354,me_h3p5_loop10p4_gap0p55,P1A,1
120.0,30.0,550,-18.4252875400179,90.0,160.0,-52.38098367972991,-22.005040566306917,-9.832410649304752,me_h3p5_loop10p4_gap0p55,P1A,1
125.0,35.0,550,-18.4252875400179,90.0,160.0,-52.38098367972991,-22.005040566306917,-9.676125106503493,me_h3p5_loop10p4_gap0p55,P1A,1
130.0,40.0,550,-18.4252875400179,90.0,160.0,-52.38098367972991,-22.005040566306917,-9.612412757544872,me_h3p5_loop10p4_gap0p55,P1A,1
135.0,45.0,550,-18.4252875400179,90.0,160.0,-52.38098367972991,-22.005040566306917,-9.486875722938557,me_h3p5_loop10p4_gap0p55,P1A,1
140.0,50.0,550,-18.4252875400179,90.0,160.0,-52.38098367972991,-22.005040566306917,-9.282372505280051,me_h3p5_loop10p4_gap0p55,P1A,1
145.0,55.0,550,-18.4252875400179,90.0,160.0,-52.38098367972991,-22.005040566306917,-9.185925081697198,me_h3p5_loop10p4_gap0p55,P1A,1
150.0,60.0,550,-18.4252875400179,90.0,160.0,-52.38098367972991,-22.005040566306917,-9.118018330056751,me_h3p5_loop10p4_gap0p55,P1A,1
155.0,65.0,550,-18.4252875400179,90.0,160.0,-52.38098367972991,-22.005040566306917,-9.118018330056751,me_h3p5_loop10p4_gap0p55,P1A,1
160.0,70.0,550,-18.4252875400179,90.0,160.0,-52.38098367972991,-22.005040566306917,-9.139515649420746,me_h3p5_loop10p4_gap0p55,P1A,1
165.0,75.0,550,-16.8373883153059,90.0,200.0,-52.38098367972991,-22.005040566306917,-9.185925081697198,me_h3p5_loop10p4_gap0p55,P1A,1
170.0,80.0,550,-16.8373883153059,90.0,200.0,-52.38098367972991,-22.005040566306917,-9.185925081697198,me_h3p5_loop10p4_gap0p55,P1A,1
175.0,85.0,550,-16.8373883153059,90.0,200.0,-52.38098367972991,-22.005040566306917,-9.139515649420746,me_h3p5_loop10p4_gap0p55,P1A,1
180.0,90.0,550,-16.8373883153059,90.0,200.0,-52.38098367972991,-21.15740784547127,-9.037087586160972,me_h3p5_loop10p4_gap0p55,P1A,1
185.0,95.0,550,-16.8373883153059,90.0,200.0,-52.38098367972991,-21.016043716365953,-9.001580232294982,me_h3p5_loop10p4_gap0p55,P1A,1
190.0,100.0,550,-16.8373883153059,90.0,200.0,-52.38098367972991,-20.93005061589691,-9.001580232294982,me_h3p5_loop10p4_gap0p55,P1A,1
195.0,105.0,550,-16.8373883153059,90.0,200.0,-52.38098367972991,-20.677022533441367,-9.037087586160972,me_h3p5_loop10p4_gap0p55,P1A,1
200.0,110.0,550,-16.8373883153059,90.0,200.0,-52.38098367972991,-20.677022533441367,-9.185925081697198,me_h3p5_loop10p4_gap0p55,P1A,1
205.0,115.0,550,-16.8369276160954,90.0,205.0,-52.38098367972991,-20.677022533441367,-9.297862132859796,me_h3p5_loop10p4_gap0p55,P1A,1
210.0,120.0,550,-13.5142012991923,45.0,210.0,-52.38098367972991,-20.677022533441367,-9.619154814859593,me_h3p5_loop10p4_gap0p55,P1A,1
215.0,125.0,550,-12.0989333647517,45.0,215.0,-52.38098367972991,-20.677022533441367,-9.644968376557522,me_h3p5_loop10p4_gap0p55,P1A,1
220.0,130.0,550,-10.8480739832916,45.0,220.0,-52.38098367972991,-20.677022533441367,-9.644968376557522,me_h3p5_loop10p4_gap0p55,P1A,1
225.0,135.0,550,-9.95800602077987,45.0,225.0,-52.38098367972991,-20.587674175972758,-9.63302951690765,me_h3p5_loop10p4_gap0p55,P1A,1
230.0,140.0,550,-9.82465432333171,45.0,140.0,-52.38098367972991,-20.099450856191613,-9.612412757544872,me_h3p5_loop10p4_gap0p55,P1A,1
235.0,145.0,550,-11.1817089361475,45.0,145.0,-52.38098367972991,-19.56710138919775,-9.295248581622415,me_h3p5_loop10p4_gap0p55,P1A,1
240.0,150.0,550,-13.3640881483194,65.0,150.0,-52.38098367972991,-18.645127694570952,-9.045981961062722,me_h3p5_loop10p4_gap0p55,P1A,1
245.0,155.0,550,-18.0506821190468,85.0,155.0,-52.38098367972991,-18.29684046317929,-8.778205743216112,me_h3p5_loop10p4_gap0p55,P1A,1
250.0,160.0,550,-18.4252875400179,90.0,160.0,-52.38098367972991,-18.13821571751717,-8.624506050081692,me_h3p5_loop10p4_gap0p55,P1A,1
255.0,165.0,550,-18.4252875400179,90.0,160.0,-52.38098367972991,-17.27284999712626,-8.492789798867479,me_h3p5_loop10p4_gap0p55,P1A,1
260.0,170.0,550,-18.4252875400179,90.0,160.0,-52.38098367972991,-18.194647598653077,-8.377310101025547,me_h3p5_loop10p4_gap0p55,P1A,1
265.0,175.0,550,-18.4252875400179,90.0,160.0,-52.38098367972991,-18.29684046317929,-8.31951278631471,me_h3p5_loop10p4_gap0p55,P1A,1
270.0,180.0,550,-18.4252875400179,90.0,160.0,-52.38098367972991,-18.420958278794718,-8.27460811804618,me_h3p5_loop10p4_gap0p55,P1A,1
275.0,185.0,550,-18.4252875400179,90.0,160.0,-52.38098367972991,-18.75984875440617,-8.24983444311305,me_h3p5_loop10p4_gap0p55,P1A,1
280.0,190.0,550,-18.4252875400179,90.0,160.0,-52.38098367972991,-19.29629620377767,-8.19119691191075,me_h3p5_loop10p4_gap0p55,P1A,1
285.0,195.0,550,-18.4252875400179,90.0,160.0,-52.38098367972991,-19.29629620377767,-7.96315270313216,me_h3p5_loop10p4_gap0p55,P1A,1
290.0,200.0,550,-18.4252875400179,90.0,160.0,-52.38098367972991,-19.29629620377767,-7.816057421023435,me_h3p5_loop10p4_gap0p55,P1A,1
295.0,205.0,550,-18.4252875400179,90.0,160.0,-52.38098367972991,-19.29629620377767,-7.399271241486157,me_h3p5_loop10p4_gap0p55,P1A,1
300.0,210.0,550,-18.4252875400179,90.0,160.0,-52.38098367972991,-19.29629620377767,-7.381571952121662,me_h3p5_loop10p4_gap0p55,P1A,1
305.0,215.0,550,-18.4252875400179,90.0,160.0,-52.38098367972991,-19.29629620377767,-7.407314114945951,me_h3p5_loop10p4_gap0p55,P1A,1
310.0,220.0,550,-18.4252875400179,90.0,160.0,-52.38098367972991,-20.099450856191613,-7.8587367222492635,me_h3p5_loop10p4_gap0p55,P1A,1
315.0,225.0,550,-18.4252875400179,90.0,160.0,-52.38098367972991,-20.503337391097425,-8.19119691191075,me_h3p5_loop10p4_gap0p55,P1A,1
320.0,230.0,550,-18.4252875400179,90.0,160.0,-52.38098367972991,-20.85276560890014,-8.26097588165115,me_h3p5_loop10p4_gap0p55,P1A,1
325.0,235.0,550,-18.4252875400179,90.0,160.0,-52.38098367972991,-21.15740784547127,-8.377310101025547,me_h3p5_loop10p4_gap0p55,P1A,1
330.0,240.0,550,-18.4252875400179,90.0,160.0,-52.38098367972991,-22.005040566306917,-8.492789798867479,me_h3p5_loop10p4_gap0p55,P1A,1
335.0,245.0,550,-18.4252875400179,90.0,160.0,-52.38098367972991,-22.005040566306917,-8.624506050081692,me_h3p5_loop10p4_gap0p55,P1A,1
340.0,250.0,550,-18.4252875400179,90.0,160.0,-52.38098367972991,-22.005040566306917,-8.748114328996065,me_h3p5_loop10p4_gap0p55,P1A,1
345.0,255.0,550,-18.4252875400179,90.0,160.0,-52.38098367972991,-22.005040566306917,-8.841099845291215,me_h3p5_loop10p4_gap0p55,P1A,1
350.0,260.0,550,-18.4252875400179,90.0,160.0,-52.38098367972991,-21.71718160864806,-9.045981961062722,me_h3p5_loop10p4_gap0p55,P1A,1
355.0,265.0,550,-18.4252875400179,90.0,160.0,-52.38098367972991,-21.15740784547127,-9.139515649420746,me_h3p5_loop10p4_gap0p55,P1A,1
0.0,270.0,550,-12.6957598557439,45.0,180.0,-47.94893804008619,-1.194162411316559,11.460156403162083,me_h3p5_loop10p4_gap0p55,P1B,1
5.0,275.0,550,-12.6957598557439,45.0,180.0,-29.317162544874154,1.1256333761581812,11.460156403162083,me_h3p5_loop10p4_gap0p55,P1B,1
10.0,280.0,550,-12.6957598557439,45.0,180.0,-29.317162544874154,1.7629028699336087,11.460156403162083,me_h3p5_loop10p4_gap0p55,P1B,1
15.0,285.0,550,-12.6957598557439,45.0,180.0,-29.317162544874154,2.558780981013948,11.460156403162083,me_h3p5_loop10p4_gap0p55,P1B,1
20.0,290.0,550,-12.6957598557439,45.0,180.0,-29.317162544874154,3.303910519792224,11.460156403162083,me_h3p5_loop10p4_gap0p55,P1B,1
25.0,295.0,550,-12.6957598557439,45.0,180.0,-29.317162544874154,4.156809710088085,11.460156403162083,me_h3p5_loop10p4_gap0p55,P1B,1
30.0,300.0,550,-12.6957598557439,45.0,180.0,-29.317162544874154,4.4864879934542925,11.460156403162083,me_h3p5_loop10p4_gap0p55,P1B,1
35.0,305.0,550,-12.6957598557439,45.0,180.0,-29.317162544874154,4.547350709549094,11.460156403162083,me_h3p5_loop10p4_gap0p55,P1B,1
40.0,310.0,550,-12.6957598557439,45.0,180.0,-29.317162544874154,4.547350709549094,11.460156403162083,me_h3p5_loop10p4_gap0p55,P1B,1
45.0,315.0,550,-12.6957598557439,45.0,180.0,-29.317162544874154,4.547350709549094,11.460156403162083,me_h3p5_loop10p4_gap0p55,P1B,1
50.0,320.0,550,-12.6957598557439,45.0,180.0,-29.317162544874154,4.547350709549094,11.458912218953367,me_h3p5_loop10p4_gap0p55,P1B,1
55.0,325.0,550,-12.6957598557439,45.0,180.0,-29.317162544874154,4.547350709549094,11.449132091651295,me_h3p5_loop10p4_gap0p55,P1B,1
60.0,330.0,550,-12.6957598557439,45.0,180.0,-29.317162544874154,3.7748004379149602,11.37978296773592,me_h3p5_loop10p4_gap0p55,P1B,1
65.0,335.0,550,-12.6957598557439,45.0,180.0,-29.317162544874154,2.7764545481780525,11.27185020666463,me_h3p5_loop10p4_gap0p55,P1B,1
70.0,340.0,550,-12.6957598557439,45.0,180.0,-29.317162544874154,2.0614311469880655,11.170423207295137,me_h3p5_loop10p4_gap0p55,P1B,1
75.0,345.0,550,-12.6957598557439,45.0,180.0,-29.317162544874154,1.1256333761581812,11.05767177403271,me_h3p5_loop10p4_gap0p55,P1B,1
80.0,350.0,550,-12.6957598557439,45.0,180.0,-29.317162544874154,-0.7676127712850913,10.74507559658076,me_h3p5_loop10p4_gap0p55,P1B,1
85.0,355.0,550,-12.6957598557439,45.0,180.0,-29.317162544874154,-2.424210983737581,10.523892889819962,me_h3p5_loop10p4_gap0p55,P1B,1
90.0,0.0,550,-12.6957598557439,45.0,180.0,-47.94893804008619,-4.7350305146117435,9.844435815266877,me_h3p5_loop10p4_gap0p55,P1B,1
95.0,5.0,550,-12.6957598557439,45.0,180.0,-47.94893804008619,-5.626228034403881,9.596790721342575,me_h3p5_loop10p4_gap0p55,P1B,1
100.0,10.0,550,-12.6957598557439,45.0,180.0,-47.94893804008619,-5.626228034403881,9.408848132979763,me_h3p5_loop10p4_gap0p55,P1B,1
105.0,15.0,550,-12.6957598557439,45.0,180.0,-47.94893804008619,-5.626228034403881,9.151319867425665,me_h3p5_loop10p4_gap0p55,P1B,1
110.0,20.0,550,-12.6957598557439,45.0,180.0,-47.94893804008619,-5.626228034403881,8.96786983312328,me_h3p5_loop10p4_gap0p55,P1B,1
115.0,25.0,550,-12.6957598557439,45.0,180.0,-47.94893804008619,-5.626228034403881,8.842572046666966,me_h3p5_loop10p4_gap0p55,P1B,1
120.0,30.0,550,-12.6957598557439,45.0,180.0,-47.94893804008619,-5.626228034403881,8.686296505244993,me_h3p5_loop10p4_gap0p55,P1B,1
125.0,35.0,550,-12.6957598557439,45.0,180.0,-47.94893804008619,-5.626228034403881,8.619705272148694,me_h3p5_loop10p4_gap0p55,P1B,1
130.0,40.0,550,-12.6957598557439,45.0,180.0,-47.94893804008619,-5.626228034403881,8.4958002062701,me_h3p5_loop10p4_gap0p55,P1B,1
135.0,45.0,550,-12.6957598557439,45.0,180.0,-47.94893804008619,-5.626228034403881,8.44046578668559,me_h3p5_loop10p4_gap0p55,P1B,1
140.0,50.0,550,-12.6957598557439,45.0,180.0,-47.94893804008619,-5.626228034403881,8.367100687470003,me_h3p5_loop10p4_gap0p55,P1B,1
145.0,55.0,550,-12.6957598557439,45.0,180.0,-47.94893804008619,-5.626228034403881,8.349080674675626,me_h3p5_loop10p4_gap0p55,P1B,1
150.0,60.0,550,-12.6957598557439,45.0,180.0,-47.94893804008619,-5.626228034403881,8.312214874122176,me_h3p5_loop10p4_gap0p55,P1B,1
155.0,65.0,550,-12.6957598557439,45.0,180.0,-47.94893804008619,-5.626228034403881,8.312214874122176,me_h3p5_loop10p4_gap0p55,P1B,1
160.0,70.0,550,-12.6957598557439,45.0,180.0,-47.94893804008619,-5.626228034403881,8.312214874122176,me_h3p5_loop10p4_gap0p55,P1B,1
165.0,75.0,550,-12.6957598557439,45.0,180.0,-47.94893804008619,-5.626228034403881,8.312214874122176,me_h3p5_loop10p4_gap0p55,P1B,1
170.0,80.0,550,-12.6957598557439,45.0,180.0,-47.94893804008619,-5.626228034403881,8.312214874122176,me_h3p5_loop10p4_gap0p55,P1B,1
175.0,85.0,550,-12.6957598557439,45.0,180.0,-47.94893804008619,-5.626228034403881,8.367100687470003,me_h3p5_loop10p4_gap0p55,P1B,1
180.0,90.0,550,-12.6957598557439,45.0,180.0,-47.94893804008619,-5.626228034403881,8.53188312202079,me_h3p5_loop10p4_gap0p55,P1B,1
185.0,95.0,550,-12.2340330421743,45.0,245.0,-47.94893804008619,-4.063274230517535,8.672963240327203,me_h3p5_loop10p4_gap0p55,P1B,1
190.0,100.0,550,-12.2340330421743,45.0,245.0,-47.94893804008619,-4.063274230517535,8.76576586645258,me_h3p5_loop10p4_gap0p55,P1B,1
195.0,105.0,550,-12.2340330421743,45.0,245.0,-47.94893804008619,-4.063274230517535,8.844487931555603,me_h3p5_loop10p4_gap0p55,P1B,1
200.0,110.0,550,-12.2340330421743,45.0,245.0,-47.94893804008619,-4.063274230517535,8.844487931555603,me_h3p5_loop10p4_gap0p55,P1B,1
205.0,115.0,550,-12.2340330421743,45.0,245.0,-47.94893804008619,-4.063274230517535,8.844487931555603,me_h3p5_loop10p4_gap0p55,P1B,1
210.0,120.0,550,-12.2340330421743,45.0,245.0,-47.94893804008619,-4.063274230517535,8.844487931555603,me_h3p5_loop10p4_gap0p55,P1B,1
215.0,125.0,550,-12.2340330421743,45.0,245.0,-47.94893804008619,-4.063274230517535,8.844487931555603,me_h3p5_loop10p4_gap0p55,P1B,1
220.0,130.0,550,-12.2340330421743,45.0,245.0,-47.94893804008619,-4.063274230517535,8.844487931555603,me_h3p5_loop10p4_gap0p55,P1B,1
225.0,135.0,550,-12.2340330421743,45.0,245.0,-47.94893804008619,-4.063274230517535,8.844487931555603,me_h3p5_loop10p4_gap0p55,P1B,1
230.0,140.0,550,-12.2340330421743,45.0,245.0,-47.94893804008619,-4.063274230517535,8.844487931555603,me_h3p5_loop10p4_gap0p55,P1B,1
235.0,145.0,550,-12.2340330421743,45.0,245.0,-47.94893804008619,-4.063274230517535,8.844487931555603,me_h3p5_loop10p4_gap0p55,P1B,1
240.0,150.0,550,-12.2340330421743,45.0,245.0,-47.94893804008619,-4.063274230517535,8.844487931555603,me_h3p5_loop10p4_gap0p55,P1B,1
245.0,155.0,550,-12.2340330421743,45.0,245.0,-47.94893804008619,-4.063274230517535,8.949856433580774,me_h3p5_loop10p4_gap0p55,P1B,1
250.0,160.0,550,-11.8468154807912,45.0,250.0,-47.94893804008619,-4.063274230517535,8.993244013753765,me_h3p5_loop10p4_gap0p55,P1B,1
255.0,165.0,550,-10.246179831069,45.0,255.0,-47.94893804008619,-4.063274230517535,9.142562494666311,me_h3p5_loop10p4_gap0p55,P1B,1
260.0,170.0,550,-8.51002718121503,45.0,260.0,-47.94893804008619,-4.063274230517535,9.14488352762018,me_h3p5_loop10p4_gap0p55,P1B,1
265.0,175.0,550,-9.79971392692103,45.0,175.0,-47.94893804008619,-4.063274230517535,9.109385436718377,me_h3p5_loop10p4_gap0p55,P1B,1
270.0,180.0,550,-12.6957598557439,45.0,180.0,-47.94893804008619,-5.626228034403881,9.010927635845661,me_h3p5_loop10p4_gap0p55,P1B,1
275.0,185.0,550,-12.6957598557439,45.0,180.0,-47.94893804008619,-5.626228034403881,8.949856433580774,me_h3p5_loop10p4_gap0p55,P1B,1
280.0,190.0,550,-12.6957598557439,45.0,180.0,-47.94893804008619,-5.626228034403881,8.8298613094235,me_h3p5_loop10p4_gap0p55,P1B,1
285.0,195.0,550,-12.6957598557439,45.0,180.0,-47.94893804008619,-5.626228034403881,8.890446003257233,me_h3p5_loop10p4_gap0p55,P1B,1
290.0,200.0,550,-12.6957598557439,45.0,180.0,-47.94893804008619,-5.626228034403881,8.993244013753765,me_h3p5_loop10p4_gap0p55,P1B,1
295.0,205.0,550,-12.6957598557439,45.0,180.0,-47.94893804008619,-5.626228034403881,9.151319867425665,me_h3p5_loop10p4_gap0p55,P1B,1
300.0,210.0,550,-12.6957598557439,45.0,180.0,-47.94893804008619,-5.626228034403881,9.537256742543963,me_h3p5_loop10p4_gap0p55,P1B,1
305.0,215.0,550,-12.6957598557439,45.0,180.0,-47.94893804008619,-5.626228034403881,9.948986755541968,me_h3p5_loop10p4_gap0p55,P1B,1
310.0,220.0,550,-12.6957598557439,45.0,180.0,-47.94893804008619,-5.626228034403881,10.339183129706772,me_h3p5_loop10p4_gap0p55,P1B,1
315.0,225.0,550,-12.6957598557439,45.0,180.0,-47.94893804008619,-5.626228034403881,10.736818430473585,me_h3p5_loop10p4_gap0p55,P1B,1
320.0,230.0,550,-12.6957598557439,45.0,180.0,-47.94893804008619,-5.626228034403881,11.132188228181693,me_h3p5_loop10p4_gap0p55,P1B,1
325.0,235.0,550,-12.6957598557439,45.0,180.0,-47.94893804008619,-5.626228034403881,11.242556145660876,me_h3p5_loop10p4_gap0p55,P1B,1
330.0,240.0,550,-12.6957598557439,45.0,180.0,-47.94893804008619,-5.626228034403881,11.275015809047254,me_h3p5_loop10p4_gap0p55,P1B,1
335.0,245.0,550,-12.6957598557439,45.0,180.0,-47.94893804008619,-5.626228034403881,11.435660190651957,me_h3p5_loop10p4_gap0p55,P1B,1
340.0,250.0,550,-12.6957598557439,45.0,180.0,-47.94893804008619,-5.626228034403881,11.449132091651295,me_h3p5_loop10p4_gap0p55,P1B,1
345.0,255.0,550,-12.6957598557439,45.0,180.0,-47.94893804008619,-5.626228034403881,11.458912218953367,me_h3p5_loop10p4_gap0p55,P1B,1
350.0,260.0,550,-12.6957598557439,45.0,180.0,-47.94893804008619,-5.626228034403881,11.460156403162083,me_h3p5_loop10p4_gap0p55,P1B,1
355.0,265.0,550,-12.6957598557439,45.0,180.0,-47.94893804008619,-4.010544913965165,11.460156403162083,me_h3p5_loop10p4_gap0p55,P1B,1
0.0,270.0,550,-22.0901347232347,75.0,155.0,-40.83164632893695,-18.652238884919537,-3.645308514158992,me_h3p5_loop12p0_gap0p55,P1A,2
5.0,275.0,550,-22.0901347232347,75.0,155.0,-34.982859952884006,-18.062161017042943,-3.6291011354956497,me_h3p5_loop12p0_gap0p55,P1A,2
10.0,280.0,550,-22.0901347232347,75.0,155.0,-34.982859952884006,-17.73403462005902,-3.6035598423274537,me_h3p5_loop12p0_gap0p55,P1A,2
15.0,285.0,550,-22.0901347232347,75.0,155.0,-34.982859952884006,-17.73403462005902,-3.576164189518298,me_h3p5_loop12p0_gap0p55,P1A,2
20.0,290.0,550,-22.0901347232347,75.0,155.0,-34.982859952884006,-17.73403462005902,-3.5734862267847327,me_h3p5_loop12p0_gap0p55,P1A,2
25.0,295.0,550,-22.0901347232347,75.0,155.0,-34.982859952884006,-17.73403462005902,-3.5734862267847327,me_h3p5_loop12p0_gap0p55,P1A,2
30.0,300.0,550,-22.0901347232347,75.0,155.0,-34.982859952884006,-17.73403462005902,-3.576164189518298,me_h3p5_loop12p0_gap0p55,P1A,2
35.0,305.0,550,-22.0901347232347,75.0,155.0,-34.982859952884006,-17.73403462005902,-3.6291011354956497,me_h3p5_loop12p0_gap0p55,P1A,2
40.0,310.0,550,-22.0901347232347,75.0,155.0,-34.982859952884006,-17.73403462005902,-3.8073838423220026,me_h3p5_loop12p0_gap0p55,P1A,2
45.0,315.0,550,-22.0901347232347,75.0,155.0,-34.982859952884006,-17.73403462005902,-4.095033661503381,me_h3p5_loop12p0_gap0p55,P1A,2
50.0,320.0,550,-22.0901347232347,75.0,155.0,-34.982859952884006,-17.73403462005902,-4.230402196804442,me_h3p5_loop12p0_gap0p55,P1A,2
55.0,325.0,550,-22.0901347232347,75.0,155.0,-34.982859952884006,-17.73403462005902,-4.363869613380635,me_h3p5_loop12p0_gap0p55,P1A,2
60.0,330.0,550,-22.0901347232347,75.0,155.0,-34.982859952884006,-17.73403462005902,-4.491305125253337,me_h3p5_loop12p0_gap0p55,P1A,2
65.0,335.0,550,-22.0901347232347,75.0,155.0,-34.982859952884006,-17.73403462005902,-4.659494787531119,me_h3p5_loop12p0_gap0p55,P1A,2
70.0,340.0,550,-22.0901347232347,75.0,155.0,-34.982859952884006,-17.73403462005902,-4.7068005791914675,me_h3p5_loop12p0_gap0p55,P1A,2
75.0,345.0,550,-22.0901347232347,75.0,155.0,-34.982859952884006,-17.73403462005902,-4.797152030851209,me_h3p5_loop12p0_gap0p55,P1A,2
80.0,350.0,550,-22.0901347232347,75.0,155.0,-34.982859952884006,-17.73403462005902,-4.967748427813168,me_h3p5_loop12p0_gap0p55,P1A,2
85.0,355.0,550,-22.0901347232347,75.0,155.0,-34.982859952884006,-18.138601011560503,-5.062180222913575,me_h3p5_loop12p0_gap0p55,P1A,2
90.0,0.0,550,-22.0901347232347,75.0,155.0,-40.83164632893695,-18.652238884919537,-5.1473678142726005,me_h3p5_loop12p0_gap0p55,P1A,2
95.0,5.0,550,-22.0901347232347,75.0,155.0,-40.83164632893695,-18.654972362952954,-5.258602843056019,me_h3p5_loop12p0_gap0p55,P1A,2
100.0,10.0,550,-22.0901347232347,75.0,155.0,-40.83164632893695,-18.654972362952954,-5.391990667068484,me_h3p5_loop12p0_gap0p55,P1A,2
105.0,15.0,550,-22.0901347232347,75.0,155.0,-40.83164632893695,-18.654972362952954,-5.473558700384808,me_h3p5_loop12p0_gap0p55,P1A,2
110.0,20.0,550,-22.0901347232347,75.0,155.0,-40.83164632893695,-18.654972362952954,-5.564565848824486,me_h3p5_loop12p0_gap0p55,P1A,2
115.0,25.0,550,-22.0901347232347,75.0,155.0,-40.83164632893695,-18.654972362952954,-5.598081840856168,me_h3p5_loop12p0_gap0p55,P1A,2
120.0,30.0,550,-22.0901347232347,75.0,155.0,-40.83164632893695,-18.654972362952954,-5.598081840856168,me_h3p5_loop12p0_gap0p55,P1A,2
125.0,35.0,550,-22.0901347232347,75.0,155.0,-40.83164632893695,-18.654972362952954,-5.598081840856168,me_h3p5_loop12p0_gap0p55,P1A,2
130.0,40.0,550,-22.0901347232347,75.0,155.0,-40.83164632893695,-18.654972362952954,-5.598081840856168,me_h3p5_loop12p0_gap0p55,P1A,2
135.0,45.0,550,-22.0901347232347,75.0,155.0,-40.83164632893695,-18.654972362952954,-5.5800594080674815,me_h3p5_loop12p0_gap0p55,P1A,2
140.0,50.0,550,-22.0901347232347,75.0,155.0,-40.83164632893695,-18.654972362952954,-5.470784871688435,me_h3p5_loop12p0_gap0p55,P1A,2
145.0,55.0,550,-22.0901347232347,75.0,155.0,-40.83164632893695,-18.654972362952954,-5.314935961775768,me_h3p5_loop12p0_gap0p55,P1A,2
150.0,60.0,550,-22.0901347232347,75.0,155.0,-40.83164632893695,-18.654972362952954,-5.2214816223394624,me_h3p5_loop12p0_gap0p55,P1A,2
155.0,65.0,550,-22.0901347232347,75.0,155.0,-40.83164632893695,-18.654972362952954,-5.109614335500718,me_h3p5_loop12p0_gap0p55,P1A,2
160.0,70.0,550,-20.1889621664509,80.0,160.0,-40.83164632893695,-18.654972362952954,-5.109614335500718,me_h3p5_loop12p0_gap0p55,P1A,2
165.0,75.0,550,-17.174771110589,90.0,205.0,-40.83164632893695,-18.654972362952954,-5.109614335500718,me_h3p5_loop12p0_gap0p55,P1A,2
170.0,80.0,550,-17.174771110589,90.0,205.0,-40.83164632893695,-18.654972362952954,-5.013965625992983,me_h3p5_loop12p0_gap0p55,P1A,2
175.0,85.0,550,-17.174771110589,90.0,205.0,-40.83164632893695,-18.654972362952954,-4.829652338441343,me_h3p5_loop12p0_gap0p55,P1A,2
180.0,90.0,550,-17.174771110589,90.0,205.0,-40.83164632893695,-18.393745222636294,-4.679646384864318,me_h3p5_loop12p0_gap0p55,P1A,2
185.0,95.0,550,-17.174771110589,90.0,205.0,-40.83164632893695,-18.062161017042943,-4.548082570242408,me_h3p5_loop12p0_gap0p55,P1A,2
190.0,100.0,550,-17.174771110589,90.0,205.0,-40.83164632893695,-17.143759485547175,-4.3835690136307,me_h3p5_loop12p0_gap0p55,P1A,2
195.0,105.0,550,-17.174771110589,90.0,205.0,-40.83164632893695,-17.143759485547175,-4.2508080514189315,me_h3p5_loop12p0_gap0p55,P1A,2
200.0,110.0,550,-17.174771110589,90.0,205.0,-40.83164632893695,-17.143759485547175,-4.165363787088976,me_h3p5_loop12p0_gap0p55,P1A,2
205.0,115.0,550,-17.174771110589,90.0,205.0,-40.83164632893695,-17.143759485547175,-4.090515794900457,me_h3p5_loop12p0_gap0p55,P1A,2
210.0,120.0,550,-13.5961678011373,90.0,210.0,-40.83164632893695,-17.143759485547175,-3.9824112025570257,me_h3p5_loop12p0_gap0p55,P1A,2
215.0,125.0,550,-11.3563652473821,45.0,215.0,-40.83164632893695,-17.143759485547175,-4.000143976943795,me_h3p5_loop12p0_gap0p55,P1A,2
220.0,130.0,550,-10.5418613530895,45.0,220.0,-40.83164632893695,-16.685419603466585,-3.9824112025570257,me_h3p5_loop12p0_gap0p55,P1A,2
225.0,135.0,550,-9.66122995021918,45.0,225.0,-40.83164632893695,-15.802456550715629,-3.926537513627518,me_h3p5_loop12p0_gap0p55,P1A,2
230.0,140.0,550,-10.6894786310903,45.0,140.0,-40.83164632893695,-14.82406403017982,-3.8150582439757756,me_h3p5_loop12p0_gap0p55,P1A,2
235.0,145.0,550,-12.6419077939072,55.0,145.0,-40.83164632893695,-14.381934482035168,-3.664584342401417,me_h3p5_loop12p0_gap0p55,P1A,2
240.0,150.0,550,-16.1261585179003,65.0,150.0,-40.83164632893695,-13.675862181689958,-3.6035598423274537,me_h3p5_loop12p0_gap0p55,P1A,2
245.0,155.0,550,-22.0901347232347,75.0,155.0,-40.83164632893695,-13.193194291000124,-3.4438127891633425,me_h3p5_loop12p0_gap0p55,P1A,2
250.0,160.0,550,-22.0901347232347,75.0,155.0,-40.83164632893695,-12.545333568118863,-3.344912386113466,me_h3p5_loop12p0_gap0p55,P1A,2
255.0,165.0,550,-22.0901347232347,75.0,155.0,-40.83164632893695,-12.259602654187846,-3.2914916499947138,me_h3p5_loop12p0_gap0p55,P1A,2
260.0,170.0,550,-22.0901347232347,75.0,155.0,-40.83164632893695,-12.259602654187846,-3.2914916499947138,me_h3p5_loop12p0_gap0p55,P1A,2
265.0,175.0,550,-22.0901347232347,75.0,155.0,-40.83164632893695,-12.464799653630813,-3.3376381359153946,me_h3p5_loop12p0_gap0p55,P1A,2
270.0,180.0,550,-22.0901347232347,75.0,155.0,-40.83164632893695,-12.545333568118863,-3.344912386113466,me_h3p5_loop12p0_gap0p55,P1A,2
275.0,185.0,550,-22.0901347232347,75.0,155.0,-40.83164632893695,-12.809213163148597,-3.3819022752577337,me_h3p5_loop12p0_gap0p55,P1A,2
280.0,190.0,550,-22.0901347232347,75.0,155.0,-40.83164632893695,-12.809213163148597,-3.3961110318589185,me_h3p5_loop12p0_gap0p55,P1A,2
285.0,195.0,550,-22.0901347232347,75.0,155.0,-40.83164632893695,-12.545333568118863,-3.3961110318589185,me_h3p5_loop12p0_gap0p55,P1A,2
290.0,200.0,550,-22.0901347232347,75.0,155.0,-40.83164632893695,-12.545333568118863,-3.3961110318589185,me_h3p5_loop12p0_gap0p55,P1A,2
295.0,205.0,550,-22.0901347232347,75.0,155.0,-40.83164632893695,-12.545333568118863,-3.4110607608488923,me_h3p5_loop12p0_gap0p55,P1A,2
300.0,210.0,550,-22.0901347232347,75.0,155.0,-40.83164632893695,-12.755780557859664,-3.441940715424357,me_h3p5_loop12p0_gap0p55,P1A,2
305.0,215.0,550,-22.0901347232347,75.0,155.0,-40.83164632893695,-14.061257148517,-3.4901712750154634,me_h3p5_loop12p0_gap0p55,P1A,2
310.0,220.0,550,-22.0901347232347,75.0,155.0,-40.83164632893695,-14.381934482035168,-3.5734862267847327,me_h3p5_loop12p0_gap0p55,P1A,2
315.0,225.0,550,-22.0901347232347,75.0,155.0,-40.83164632893695,-15.173645956393845,-3.627263657831512,me_h3p5_loop12p0_gap0p55,P1A,2
320.0,230.0,550,-22.0901347232347,75.0,155.0,-40.83164632893695,-15.925382166200372,-3.653952762345318,me_h3p5_loop12p0_gap0p55,P1A,2
325.0,235.0,550,-22.0901347232347,75.0,155.0,-40.83164632893695,-16.00988850162049,-3.669960013403135,me_h3p5_loop12p0_gap0p55,P1A,2
330.0,240.0,550,-22.0901347232347,75.0,155.0,-40.83164632893695,-16.38302013018698,-3.7836945436956944,me_h3p5_loop12p0_gap0p55,P1A,2
335.0,245.0,550,-22.0901347232347,75.0,155.0,-40.83164632893695,-18.062161017042943,-3.7836945436956944,me_h3p5_loop12p0_gap0p55,P1A,2
340.0,250.0,550,-22.0901347232347,75.0,155.0,-40.83164632893695,-18.138601011560503,-3.669960013403135,me_h3p5_loop12p0_gap0p55,P1A,2
345.0,255.0,550,-22.0901347232347,75.0,155.0,-40.83164632893695,-18.393745222636294,-3.664584342401417,me_h3p5_loop12p0_gap0p55,P1A,2
350.0,260.0,550,-22.0901347232347,75.0,155.0,-40.83164632893695,-18.652238884919537,-3.664584342401417,me_h3p5_loop12p0_gap0p55,P1A,2
355.0,265.0,550,-22.0901347232347,75.0,155.0,-40.83164632893695,-18.654972362952954,-3.653952762345318,me_h3p5_loop12p0_gap0p55,P1A,2
0.0,270.0,550,-13.2175432771316,45.0,180.0,-39.09515882802833,-1.2565269329029707,11.666555860868268,me_h3p5_loop12p0_gap0p55,P1B,2
5.0,275.0,550,-13.2175432771316,45.0,180.0,-27.983996229501948,1.31062387310274,11.666555860868268,me_h3p5_loop12p0_gap0p55,P1B,2
10.0,280.0,550,-13.2175432771316,45.0,180.0,-27.983996229501948,2.0127587782585405,11.666555860868268,me_h3p5_loop12p0_gap0p55,P1B,2
15.0,285.0,550,-13.2175432771316,45.0,180.0,-27.983996229501948,2.8738864101810018,11.666555860868268,me_h3p5_loop12p0_gap0p55,P1B,2
20.0,290.0,550,-13.2175432771316,45.0,180.0,-27.983996229501948,3.5458825324463827,11.666555860868268,me_h3p5_loop12p0_gap0p55,P1B,2
25.0,295.0,550,-13.2175432771316,45.0,180.0,-27.983996229501948,4.350911101993125,11.666555860868268,me_h3p5_loop12p0_gap0p55,P1B,2
30.0,300.0,550,-13.2175432771316,45.0,180.0,-27.983996229501948,4.45480303797252,11.666555860868268,me_h3p5_loop12p0_gap0p55,P1B,2
35.0,305.0,550,-13.2175432771316,45.0,180.0,-27.983996229501948,4.6940487357155565,11.666555860868268,me_h3p5_loop12p0_gap0p55,P1B,2
40.0,310.0,550,-13.2175432771316,45.0,180.0,-27.983996229501948,4.6940487357155565,11.666555860868268,me_h3p5_loop12p0_gap0p55,P1B,2
45.0,315.0,550,-13.2175432771316,45.0,180.0,-27.983996229501948,4.6940487357155565,11.666555860868268,me_h3p5_loop12p0_gap0p55,P1B,2
50.0,320.0,550,-13.2175432771316,45.0,180.0,-27.983996229501948,4.6940487357155565,11.666555860868268,me_h3p5_loop12p0_gap0p55,P1B,2
55.0,325.0,550,-13.2175432771316,45.0,180.0,-27.983996229501948,4.6940487357155565,11.61392065684145,me_h3p5_loop12p0_gap0p55,P1B,2
60.0,330.0,550,-13.2175432771316,45.0,180.0,-27.983996229501948,3.950323040766552,11.56790310701696,me_h3p5_loop12p0_gap0p55,P1B,2
65.0,335.0,550,-13.2175432771316,45.0,180.0,-27.983996229501948,3.0882089327524627,11.510860105426126,me_h3p5_loop12p0_gap0p55,P1B,2
70.0,340.0,550,-13.2175432771316,45.0,180.0,-27.983996229501948,2.2560019022104183,11.490788423577005,me_h3p5_loop12p0_gap0p55,P1B,2
75.0,345.0,550,-13.2175432771316,45.0,180.0,-27.983996229501948,1.253174658042133,11.470055148481428,me_h3p5_loop12p0_gap0p55,P1B,2
80.0,350.0,550,-13.2175432771316,45.0,180.0,-27.983996229501948,-0.7662509675187501,11.19845397907115,me_h3p5_loop12p0_gap0p55,P1B,2
85.0,355.0,550,-13.2175432771316,45.0,180.0,-27.983996229501948,-2.5613703074393412,10.781277627329821,me_h3p5_loop12p0_gap0p55,P1B,2
90.0,0.0,550,-13.2175432771316,45.0,180.0,-39.09515882802833,-4.813439130822649,10.203697758354643,me_h3p5_loop12p0_gap0p55,P1B,2
95.0,5.0,550,-13.2175432771316,45.0,180.0,-39.09515882802833,-5.820102673689782,9.719218817700376,me_h3p5_loop12p0_gap0p55,P1B,2
100.0,10.0,550,-13.2175432771316,45.0,180.0,-39.09515882802833,-5.820102673689782,9.369944417529076,me_h3p5_loop12p0_gap0p55,P1B,2
105.0,15.0,550,-13.2175432771316,45.0,180.0,-39.09515882802833,-5.820102673689782,9.011168554749814,me_h3p5_loop12p0_gap0p55,P1B,2
110.0,20.0,550,-13.2175432771316,45.0,180.0,-39.09515882802833,-5.820102673689782,8.775791088896622,me_h3p5_loop12p0_gap0p55,P1B,2
115.0,25.0,550,-13.2175432771316,45.0,180.0,-39.09515882802833,-5.820102673689782,8.619132234822878,me_h3p5_loop12p0_gap0p55,P1B,2
120.0,30.0,550,-13.2175432771316,45.0,180.0,-39.09515882802833,-5.820102673689782,8.538168991283351,me_h3p5_loop12p0_gap0p55,P1B,2
125.0,35.0,550,-13.2175432771316,45.0,180.0,-39.09515882802833,-5.820102673689782,8.444928177491462,me_h3p5_loop12p0_gap0p55,P1B,2
130.0,40.0,550,-13.2175432771316,45.0,180.0,-39.09515882802833,-5.820102673689782,8.358600734590297,me_h3p5_loop12p0_gap0p55,P1B,2
135.0,45.0,550,-13.2175432771316,45.0,180.0,-39.09515882802833,-5.820102673689782,8.25727388682971,me_h3p5_loop12p0_gap0p55,P1B,2
140.0,50.0,550,-13.2175432771316,45.0,180.0,-39.09515882802833,-5.820102673689782,8.199279072672853,me_h3p5_loop12p0_gap0p55,P1B,2
145.0,55.0,550,-13.2175432771316,45.0,180.0,-39.09515882802833,-5.820102673689782,8.145471657977776,me_h3p5_loop12p0_gap0p55,P1B,2
150.0,60.0,550,-13.2175432771316,45.0,180.0,-39.09515882802833,-5.820102673689782,8.145471657977776,me_h3p5_loop12p0_gap0p55,P1B,2
155.0,65.0,550,-13.2175432771316,45.0,180.0,-39.09515882802833,-5.820102673689782,8.145471657977776,me_h3p5_loop12p0_gap0p55,P1B,2
160.0,70.0,550,-13.2175432771316,45.0,180.0,-39.09515882802833,-5.820102673689782,8.145471657977776,me_h3p5_loop12p0_gap0p55,P1B,2
165.0,75.0,550,-13.2175432771316,45.0,180.0,-39.09515882802833,-5.820102673689782,8.145471657977776,me_h3p5_loop12p0_gap0p55,P1B,2
170.0,80.0,550,-13.2175432771316,45.0,180.0,-39.09515882802833,-5.820102673689782,8.145471657977776,me_h3p5_loop12p0_gap0p55,P1B,2
175.0,85.0,550,-13.2175432771316,45.0,180.0,-39.09515882802833,-5.820102673689782,8.173506793836294,me_h3p5_loop12p0_gap0p55,P1B,2
180.0,90.0,550,-13.2175432771316,45.0,180.0,-39.09515882802833,-5.820102673689782,8.358600734590297,me_h3p5_loop12p0_gap0p55,P1B,2
185.0,95.0,550,-12.3677874845135,45.0,245.0,-39.09515882802833,-4.167946181606451,8.49931620280989,me_h3p5_loop12p0_gap0p55,P1B,2
190.0,100.0,550,-12.3677874845135,45.0,245.0,-39.09515882802833,-4.167946181606451,8.58982665668062,me_h3p5_loop12p0_gap0p55,P1B,2
195.0,105.0,550,-12.3677874845135,45.0,245.0,-39.09515882802833,-4.167946181606451,8.654421170576404,me_h3p5_loop12p0_gap0p55,P1B,2
200.0,110.0,550,-12.3677874845135,45.0,245.0,-39.09515882802833,-4.167946181606451,8.654421170576404,me_h3p5_loop12p0_gap0p55,P1B,2
205.0,115.0,550,-12.3677874845135,45.0,245.0,-39.09515882802833,-4.167946181606451,8.654421170576404,me_h3p5_loop12p0_gap0p55,P1B,2
210.0,120.0,550,-12.3677874845135,45.0,245.0,-39.09515882802833,-4.167946181606451,8.654421170576404,me_h3p5_loop12p0_gap0p55,P1B,2
215.0,125.0,550,-12.3677874845135,45.0,245.0,-39.09515882802833,-4.167946181606451,8.654421170576404,me_h3p5_loop12p0_gap0p55,P1B,2
220.0,130.0,550,-12.3677874845135,45.0,245.0,-39.09515882802833,-4.167946181606451,8.654421170576404,me_h3p5_loop12p0_gap0p55,P1B,2
225.0,135.0,550,-12.3677874845135,45.0,245.0,-39.09515882802833,-4.167946181606451,8.654421170576404,me_h3p5_loop12p0_gap0p55,P1B,2
230.0,140.0,550,-12.3677874845135,45.0,245.0,-39.09515882802833,-4.167946181606451,8.654421170576404,me_h3p5_loop12p0_gap0p55,P1B,2
235.0,145.0,550,-12.3677874845135,45.0,245.0,-39.09515882802833,-4.167946181606451,8.654421170576404,me_h3p5_loop12p0_gap0p55,P1B,2
240.0,150.0,550,-12.3677874845135,45.0,245.0,-39.09515882802833,-4.167946181606451,8.654421170576404,me_h3p5_loop12p0_gap0p55,P1B,2
245.0,155.0,550,-12.3677874845135,45.0,245.0,-39.09515882802833,-4.167946181606451,8.71741753285596,me_h3p5_loop12p0_gap0p55,P1B,2
250.0,160.0,550,-12.115449842085,45.0,250.0,-39.09515882802833,-4.167946181606451,8.775791088896622,me_h3p5_loop12p0_gap0p55,P1B,2
255.0,165.0,550,-10.536628260143,45.0,255.0,-39.09515882802833,-4.167946181606451,8.915145439207533,me_h3p5_loop12p0_gap0p55,P1B,2
260.0,170.0,550,-8.76268439723454,45.0,260.0,-39.09515882802833,-4.167946181606451,8.934648721552547,me_h3p5_loop12p0_gap0p55,P1B,2
265.0,175.0,550,-9.41682682614778,55.0,175.0,-39.09515882802833,-4.167946181606451,8.81806857907425,me_h3p5_loop12p0_gap0p55,P1B,2
270.0,180.0,550,-13.2175432771316,45.0,180.0,-39.09515882802833,-5.820102673689782,8.767997744199983,me_h3p5_loop12p0_gap0p55,P1B,2
275.0,185.0,550,-13.2175432771316,45.0,180.0,-39.09515882802833,-5.820102673689782,8.654421170576404,me_h3p5_loop12p0_gap0p55,P1B,2
280.0,190.0,550,-13.2175432771316,45.0,180.0,-39.09515882802833,-5.820102673689782,8.605035863593816,me_h3p5_loop12p0_gap0p55,P1B,2
285.0,195.0,550,-13.2175432771316,45.0,180.0,-39.09515882802833,-5.820102673689782,8.646256964790643,me_h3p5_loop12p0_gap0p55,P1B,2
290.0,200.0,550,-13.2175432771316,45.0,180.0,-39.09515882802833,-5.820102673689782,8.800139609535272,me_h3p5_loop12p0_gap0p55,P1B,2
295.0,205.0,550,-13.2175432771316,45.0,180.0,-39.09515882802833,-5.820102673689782,9.014129459759808,me_h3p5_loop12p0_gap0p55,P1B,2
300.0,210.0,550,-13.2175432771316,45.0,180.0,-39.09515882802833,-5.820102673689782,9.443185335805165,me_h3p5_loop12p0_gap0p55,P1B,2
305.0,215.0,550,-13.2175432771316,45.0,180.0,-39.09515882802833,-5.820102673689782,9.932901234969089,me_h3p5_loop12p0_gap0p55,P1B,2
310.0,220.0,550,-13.2175432771316,45.0,180.0,-39.09515882802833,-5.820102673689782,10.352940333337097,me_h3p5_loop12p0_gap0p55,P1B,2
315.0,225.0,550,-13.2175432771316,45.0,180.0,-39.09515882802833,-5.820102673689782,10.780063069499054,me_h3p5_loop12p0_gap0p55,P1B,2
320.0,230.0,550,-13.2175432771316,45.0,180.0,-39.09515882802833,-5.820102673689782,11.19845397907115,me_h3p5_loop12p0_gap0p55,P1B,2
325.0,235.0,550,-13.2175432771316,45.0,180.0,-39.09515882802833,-5.820102673689782,11.436389370450113,me_h3p5_loop12p0_gap0p55,P1B,2
330.0,240.0,550,-13.2175432771316,45.0,180.0,-39.09515882802833,-5.820102673689782,11.490788423577005,me_h3p5_loop12p0_gap0p55,P1B,2
335.0,245.0,550,-13.2175432771316,45.0,180.0,-39.09515882802833,-5.820102673689782,11.543493279085432,me_h3p5_loop12p0_gap0p55,P1B,2
340.0,250.0,550,-13.2175432771316,45.0,180.0,-39.09515882802833,-5.820102673689782,11.61392065684145,me_h3p5_loop12p0_gap0p55,P1B,2
345.0,255.0,550,-13.2175432771316,45.0,180.0,-39.09515882802833,-5.820102673689782,11.666555860868268,me_h3p5_loop12p0_gap0p55,P1B,2
350.0,260.0,550,-13.2175432771316,45.0,180.0,-39.09515882802833,-5.820102673689782,11.666555860868268,me_h3p5_loop12p0_gap0p55,P1B,2
355.0,265.0,550,-13.2175432771316,45.0,180.0,-39.09515882802833,-4.051128260200579,11.666555860868268,me_h3p5_loop12p0_gap0p55,P1B,2
0.0,270.0,550,-17.9993789522242,90.0,160.0,-45.635019478248,-20.604633893017834,-8.154573411054214,me_h4p0_loop10p8_gap0p55,P1A,3
5.0,275.0,550,-17.9993789522242,90.0,160.0,-35.296474770244195,-20.15631734731886,-8.261191400755155,me_h4p0_loop10p8_gap0p55,P1A,3
10.0,280.0,550,-17.9993789522242,90.0,160.0,-35.296474770244195,-19.967949813368186,-8.304517184129654,me_h4p0_loop10p8_gap0p55,P1A,3
15.0,285.0,550,-17.9993789522242,90.0,160.0,-35.296474770244195,-19.907203151441877,-8.329383406557128,me_h4p0_loop10p8_gap0p55,P1A,3
20.0,290.0,550,-17.9993789522242,90.0,160.0,-35.296474770244195,-19.77187231434238,-8.329383406557128,me_h4p0_loop10p8_gap0p55,P1A,3
25.0,295.0,550,-17.9993789522242,90.0,160.0,-35.296474770244195,-19.77187231434238,-8.329383406557128,me_h4p0_loop10p8_gap0p55,P1A,3
30.0,300.0,550,-17.9993789522242,90.0,160.0,-35.296474770244195,-19.77187231434238,-8.304517184129654,me_h4p0_loop10p8_gap0p55,P1A,3
35.0,305.0,550,-17.9993789522242,90.0,160.0,-35.296474770244195,-19.77187231434238,-8.304517184129654,me_h4p0_loop10p8_gap0p55,P1A,3
40.0,310.0,550,-17.9993789522242,90.0,160.0,-35.296474770244195,-19.77187231434238,-8.304517184129654,me_h4p0_loop10p8_gap0p55,P1A,3
45.0,315.0,550,-17.9993789522242,90.0,160.0,-35.296474770244195,-19.77187231434238,-8.304517184129654,me_h4p0_loop10p8_gap0p55,P1A,3
50.0,320.0,550,-17.9993789522242,90.0,160.0,-35.296474770244195,-19.77187231434238,-8.304517184129654,me_h4p0_loop10p8_gap0p55,P1A,3
55.0,325.0,550,-17.9993789522242,90.0,160.0,-35.296474770244195,-19.77187231434238,-8.329383406557128,me_h4p0_loop10p8_gap0p55,P1A,3
60.0,330.0,550,-17.9993789522242,90.0,160.0,-35.296474770244195,-19.77187231434238,-8.337994835248544,me_h4p0_loop10p8_gap0p55,P1A,3
65.0,335.0,550,-17.9993789522242,90.0,160.0,-35.296474770244195,-19.77187231434238,-8.381430530305378,me_h4p0_loop10p8_gap0p55,P1A,3
70.0,340.0,550,-17.9993789522242,90.0,160.0,-35.296474770244195,-19.77187231434238,-8.404457791942027,me_h4p0_loop10p8_gap0p55,P1A,3
75.0,345.0,550,-17.9993789522242,90.0,160.0,-35.296474770244195,-19.907203151441877,-8.426159266885572,me_h4p0_loop10p8_gap0p55,P1A,3
80.0,350.0,550,-17.9993789522242,90.0,160.0,-35.296474770244195,-19.92548281521572,-8.527905212449493,me_h4p0_loop10p8_gap0p55,P1A,3
85.0,355.0,550,-17.9993789522242,90.0,160.0,-35.296474770244195,-20.16867233674592,-8.77735242949272,me_h4p0_loop10p8_gap0p55,P1A,3
90.0,0.0,550,-17.9993789522242,90.0,160.0,-45.635019478248,-20.645554383338315,-8.871464129276843,me_h4p0_loop10p8_gap0p55,P1A,3
95.0,5.0,550,-17.9993789522242,90.0,160.0,-45.635019478248,-20.826434662287227,-8.906308005562463,me_h4p0_loop10p8_gap0p55,P1A,3
100.0,10.0,550,-17.9993789522242,90.0,160.0,-45.635019478248,-21.29674550590731,-8.975403778817409,me_h4p0_loop10p8_gap0p55,P1A,3
105.0,15.0,550,-17.9993789522242,90.0,160.0,-45.635019478248,-21.29674550590731,-9.021284967980241,me_h4p0_loop10p8_gap0p55,P1A,3
110.0,20.0,550,-17.9993789522242,90.0,160.0,-45.635019478248,-21.29674550590731,-9.066959834912904,me_h4p0_loop10p8_gap0p55,P1A,3
115.0,25.0,550,-17.9993789522242,90.0,160.0,-45.635019478248,-21.29674550590731,-9.070347119001628,me_h4p0_loop10p8_gap0p55,P1A,3
120.0,30.0,550,-17.9993789522242,90.0,160.0,-45.635019478248,-21.29674550590731,-9.070347119001628,me_h4p0_loop10p8_gap0p55,P1A,3
125.0,35.0,550,-17.9993789522242,90.0,160.0,-45.635019478248,-21.29674550590731,-9.066959834912904,me_h4p0_loop10p8_gap0p55,P1A,3
130.0,40.0,550,-17.9993789522242,90.0,160.0,-45.635019478248,-21.29674550590731,-9.006352450935772,me_h4p0_loop10p8_gap0p55,P1A,3
135.0,45.0,550,-17.9993789522242,90.0,160.0,-45.635019478248,-21.29674550590731,-8.965982664495812,me_h4p0_loop10p8_gap0p55,P1A,3
140.0,50.0,550,-17.9993789522242,90.0,160.0,-45.635019478248,-21.29674550590731,-8.948348362533693,me_h4p0_loop10p8_gap0p55,P1A,3
145.0,55.0,550,-17.9993789522242,90.0,160.0,-45.635019478248,-21.29674550590731,-8.888026495859728,me_h4p0_loop10p8_gap0p55,P1A,3
150.0,60.0,550,-17.9993789522242,90.0,160.0,-45.635019478248,-21.29674550590731,-8.867033794636969,me_h4p0_loop10p8_gap0p55,P1A,3
155.0,65.0,550,-17.9993789522242,90.0,160.0,-45.635019478248,-21.29674550590731,-8.822323682209877,me_h4p0_loop10p8_gap0p55,P1A,3
160.0,70.0,550,-17.9993789522242,90.0,160.0,-45.635019478248,-21.29674550590731,-8.867033794636969,me_h4p0_loop10p8_gap0p55,P1A,3
165.0,75.0,550,-17.2848404455064,90.0,200.0,-45.635019478248,-21.29674550590731,-8.867033794636969,me_h4p0_loop10p8_gap0p55,P1A,3
170.0,80.0,550,-17.2848404455064,90.0,200.0,-45.635019478248,-21.29674550590731,-8.77735242949272,me_h4p0_loop10p8_gap0p55,P1A,3
175.0,85.0,550,-17.2848404455064,90.0,200.0,-45.635019478248,-20.826434662287227,-8.610193148230383,me_h4p0_loop10p8_gap0p55,P1A,3
180.0,90.0,550,-17.2848404455064,90.0,200.0,-45.635019478248,-20.645554383338315,-8.463553574636748,me_h4p0_loop10p8_gap0p55,P1A,3
185.0,95.0,550,-17.2848404455064,90.0,200.0,-45.635019478248,-20.16867233674592,-8.41089315082723,me_h4p0_loop10p8_gap0p55,P1A,3
190.0,100.0,550,-17.2848404455064,90.0,200.0,-45.635019478248,-20.008521481699262,-8.397603133747701,me_h4p0_loop10p8_gap0p55,P1A,3
195.0,105.0,550,-17.2848404455064,90.0,200.0,-45.635019478248,-19.967949813368186,-8.388208127723495,me_h4p0_loop10p8_gap0p55,P1A,3
200.0,110.0,550,-17.2848404455064,90.0,200.0,-45.635019478248,-19.967949813368186,-8.397603133747701,me_h4p0_loop10p8_gap0p55,P1A,3
205.0,115.0,550,-16.899109409038,90.0,205.0,-45.635019478248,-19.967949813368186,-8.416162062320508,me_h4p0_loop10p8_gap0p55,P1A,3
210.0,120.0,550,-13.5215336797634,45.0,210.0,-45.635019478248,-19.967949813368186,-8.507063473684637,me_h4p0_loop10p8_gap0p55,P1A,3
215.0,125.0,550,-11.8916059420778,45.0,215.0,-45.635019478248,-19.967949813368186,-8.522395654815123,me_h4p0_loop10p8_gap0p55,P1A,3
220.0,130.0,550,-10.5948942479295,45.0,220.0,-45.635019478248,-19.967949813368186,-8.49691013309678,me_h4p0_loop10p8_gap0p55,P1A,3
225.0,135.0,550,-9.7244014610166,45.0,225.0,-45.635019478248,-19.245567393685427,-8.40745843781204,me_h4p0_loop10p8_gap0p55,P1A,3
230.0,140.0,550,-9.7611721169265,45.0,140.0,-45.635019478248,-18.285141301051212,-8.329383406557128,me_h4p0_loop10p8_gap0p55,P1A,3
235.0,145.0,550,-11.1538137147673,45.0,145.0,-45.635019478248,-17.759841054127193,-8.083525878491443,me_h4p0_loop10p8_gap0p55,P1A,3
240.0,150.0,550,-13.6528727424428,75.0,150.0,-45.635019478248,-16.656864875287628,-7.948681666191423,me_h4p0_loop10p8_gap0p55,P1A,3
245.0,155.0,550,-17.9202590672647,85.0,155.0,-45.635019478248,-16.131918063894734,-7.762321944221658,me_h4p0_loop10p8_gap0p55,P1A,3
250.0,160.0,550,-17.9993789522242,90.0,160.0,-45.635019478248,-15.459481877370479,-7.536985630537792,me_h4p0_loop10p8_gap0p55,P1A,3
255.0,165.0,550,-17.9993789522242,90.0,160.0,-45.635019478248,-15.383210293419163,-7.4236038500136505,me_h4p0_loop10p8_gap0p55,P1A,3
260.0,170.0,550,-17.9993789522242,90.0,160.0,-45.635019478248,-15.933641379200427,-7.262349733463341,me_h4p0_loop10p8_gap0p55,P1A,3
265.0,175.0,550,-17.9993789522242,90.0,160.0,-45.635019478248,-16.271510183087287,-7.0668300469806224,me_h4p0_loop10p8_gap0p55,P1A,3
270.0,180.0,550,-17.9993789522242,90.0,160.0,-45.635019478248,-16.595000091164923,-6.970816767000833,me_h4p0_loop10p8_gap0p55,P1A,3
275.0,185.0,550,-17.9993789522242,90.0,160.0,-45.635019478248,-16.982962106243022,-6.816553013340179,me_h4p0_loop10p8_gap0p55,P1A,3
280.0,190.0,550,-17.9993789522242,90.0,160.0,-45.635019478248,-17.528180767310076,-6.733503643153465,me_h4p0_loop10p8_gap0p55,P1A,3
285.0,195.0,550,-17.9993789522242,90.0,160.0,-45.635019478248,-17.528180767310076,-6.690058283502381,me_h4p0_loop10p8_gap0p55,P1A,3
290.0,200.0,550,-17.9993789522242,90.0,160.0,-45.635019478248,-17.528180767310076,-6.581596854172039,me_h4p0_loop10p8_gap0p55,P1A,3
295.0,205.0,550,-17.9993789522242,90.0,160.0,-45.635019478248,-17.528180767310076,-6.507772885504415,me_h4p0_loop10p8_gap0p55,P1A,3
300.0,210.0,550,-17.9993789522242,90.0,160.0,-45.635019478248,-17.528180767310076,-6.507772885504415,me_h4p0_loop10p8_gap0p55,P1A,3
305.0,215.0,550,-17.9993789522242,90.0,160.0,-45.635019478248,-17.63533022263774,-6.581596854172039,me_h4p0_loop10p8_gap0p55,P1A,3
310.0,220.0,550,-17.9993789522242,90.0,160.0,-45.635019478248,-17.953595454994353,-6.672125077670588,me_h4p0_loop10p8_gap0p55,P1A,3
315.0,225.0,550,-17.9993789522242,90.0,160.0,-45.635019478248,-19.907203151441877,-6.733503643153465,me_h4p0_loop10p8_gap0p55,P1A,3
320.0,230.0,550,-17.9993789522242,90.0,160.0,-45.635019478248,-20.604633893017834,-6.900550528069296,me_h4p0_loop10p8_gap0p55,P1A,3
325.0,235.0,550,-17.9993789522242,90.0,160.0,-45.635019478248,-20.826434662287227,-7.1325365344050216,me_h4p0_loop10p8_gap0p55,P1A,3
330.0,240.0,550,-17.9993789522242,90.0,160.0,-45.635019478248,-21.29674550590731,-7.372185064956515,me_h4p0_loop10p8_gap0p55,P1A,3
335.0,245.0,550,-17.9993789522242,90.0,160.0,-45.635019478248,-21.29674550590731,-7.4236038500136505,me_h4p0_loop10p8_gap0p55,P1A,3
340.0,250.0,550,-17.9993789522242,90.0,160.0,-45.635019478248,-21.29674550590731,-7.6021103541509785,me_h4p0_loop10p8_gap0p55,P1A,3
345.0,255.0,550,-17.9993789522242,90.0,160.0,-45.635019478248,-21.29674550590731,-7.762321944221658,me_h4p0_loop10p8_gap0p55,P1A,3
350.0,260.0,550,-17.9993789522242,90.0,160.0,-45.635019478248,-21.29674550590731,-7.985046055599336,me_h4p0_loop10p8_gap0p55,P1A,3
355.0,265.0,550,-17.9993789522242,90.0,160.0,-45.635019478248,-20.826434662287227,-8.083525878491443,me_h4p0_loop10p8_gap0p55,P1A,3
0.0,270.0,550,-13.5495557180538,45.0,180.0,-42.80277249465489,-0.5801805659070636,11.379095581345302,me_h4p0_loop10p8_gap0p55,P1B,3
5.0,275.0,550,-13.5495557180538,45.0,180.0,-30.580130407905553,1.9377654954774854,11.379095581345302,me_h4p0_loop10p8_gap0p55,P1B,3
10.0,280.0,550,-13.5495557180538,45.0,180.0,-30.580130407905553,2.5171196030184513,11.379095581345302,me_h4p0_loop10p8_gap0p55,P1B,3
15.0,285.0,550,-13.5495557180538,45.0,180.0,-30.580130407905553,3.2926721863289328,11.379095581345302,me_h4p0_loop10p8_gap0p55,P1B,3
20.0,290.0,550,-13.5495557180538,45.0,180.0,-30.580130407905553,3.798517496434943,11.379095581345302,me_h4p0_loop10p8_gap0p55,P1B,3
25.0,295.0,550,-13.5495557180538,45.0,180.0,-30.580130407905553,4.34965995228075,11.379095581345302,me_h4p0_loop10p8_gap0p55,P1B,3
30.0,300.0,550,-13.5495557180538,45.0,180.0,-30.580130407905553,4.5084755201026825,11.379095581345302,me_h4p0_loop10p8_gap0p55,P1B,3
35.0,305.0,550,-13.5495557180538,45.0,180.0,-30.580130407905553,4.5084755201026825,11.379095581345302,me_h4p0_loop10p8_gap0p55,P1B,3
40.0,310.0,550,-13.5495557180538,45.0,180.0,-30.580130407905553,4.5084755201026825,11.379095581345302,me_h4p0_loop10p8_gap0p55,P1B,3
45.0,315.0,550,-13.5495557180538,45.0,180.0,-30.580130407905553,4.5084755201026825,11.379095581345302,me_h4p0_loop10p8_gap0p55,P1B,3
50.0,320.0,550,-13.5495557180538,45.0,180.0,-30.580130407905553,4.5084755201026825,11.362496883887447,me_h4p0_loop10p8_gap0p55,P1B,3
55.0,325.0,550,-13.5495557180538,45.0,180.0,-30.580130407905553,4.5084755201026825,11.344553855159509,me_h4p0_loop10p8_gap0p55,P1B,3
60.0,330.0,550,-13.5495557180538,45.0,180.0,-30.580130407905553,4.104558207366354,11.29415297216637,me_h4p0_loop10p8_gap0p55,P1B,3
65.0,335.0,550,-13.5495557180538,45.0,180.0,-30.580130407905553,3.2926721863289328,11.226139594478198,me_h4p0_loop10p8_gap0p55,P1B,3
70.0,340.0,550,-13.5495557180538,45.0,180.0,-30.580130407905553,2.3761721091099988,11.120968514272075,me_h4p0_loop10p8_gap0p55,P1B,3
75.0,345.0,550,-13.5495557180538,45.0,180.0,-30.580130407905553,1.1632279565820802,10.931739655591135,me_h4p0_loop10p8_gap0p55,P1B,3
80.0,350.0,550,-13.5495557180538,45.0,180.0,-30.580130407905553,-0.7372129828576234,10.784243260391102,me_h4p0_loop10p8_gap0p55,P1B,3
85.0,355.0,550,-13.5495557180538,45.0,180.0,-30.580130407905553,-3.713590185175658,10.416310170487211,me_h4p0_loop10p8_gap0p55,P1B,3
90.0,0.0,550,-13.5495557180538,45.0,180.0,-42.80277249465489,-6.231377036014435,9.781939810922465,me_h4p0_loop10p8_gap0p55,P1B,3
95.0,5.0,550,-13.5495557180538,45.0,180.0,-42.80277249465489,-6.791716463644883,9.46034641754401,me_h4p0_loop10p8_gap0p55,P1B,3
100.0,10.0,550,-13.5495557180538,45.0,180.0,-42.80277249465489,-6.791716463644883,9.189331019971481,me_h4p0_loop10p8_gap0p55,P1B,3
105.0,15.0,550,-13.5495557180538,45.0,180.0,-42.80277249465489,-6.791716463644883,8.973423910804053,me_h4p0_loop10p8_gap0p55,P1B,3
110.0,20.0,550,-13.5495557180538,45.0,180.0,-42.80277249465489,-6.791716463644883,8.842925931044325,me_h4p0_loop10p8_gap0p55,P1B,3
115.0,25.0,550,-13.5495557180538,45.0,180.0,-42.80277249465489,-6.791716463644883,8.665801876737586,me_h4p0_loop10p8_gap0p55,P1B,3
120.0,30.0,550,-13.5495557180538,45.0,180.0,-42.80277249465489,-6.791716463644883,8.616391310132009,me_h4p0_loop10p8_gap0p55,P1B,3
125.0,35.0,550,-13.5495557180538,45.0,180.0,-42.80277249465489,-6.791716463644883,8.559139770643858,me_h4p0_loop10p8_gap0p55,P1B,3
130.0,40.0,550,-13.5495557180538,45.0,180.0,-42.80277249465489,-6.791716463644883,8.497451114511694,me_h4p0_loop10p8_gap0p55,P1B,3
135.0,45.0,550,-13.5495557180538,45.0,180.0,-42.80277249465489,-6.791716463644883,8.472675742809525,me_h4p0_loop10p8_gap0p55,P1B,3
140.0,50.0,550,-13.5495557180538,45.0,180.0,-42.80277249465489,-6.791716463644883,8.432644561264672,me_h4p0_loop10p8_gap0p55,P1B,3
145.0,55.0,550,-13.5495557180538,45.0,180.0,-42.80277249465489,-6.791716463644883,8.40068417991479,me_h4p0_loop10p8_gap0p55,P1B,3
150.0,60.0,550,-13.5495557180538,45.0,180.0,-42.80277249465489,-6.791716463644883,8.366093110438788,me_h4p0_loop10p8_gap0p55,P1B,3
155.0,65.0,550,-13.5495557180538,45.0,180.0,-42.80277249465489,-6.791716463644883,8.366093110438788,me_h4p0_loop10p8_gap0p55,P1B,3
160.0,70.0,550,-13.5495557180538,45.0,180.0,-42.80277249465489,-6.791716463644883,8.366093110438788,me_h4p0_loop10p8_gap0p55,P1B,3
165.0,75.0,550,-13.5495557180538,45.0,180.0,-42.80277249465489,-6.791716463644883,8.366093110438788,me_h4p0_loop10p8_gap0p55,P1B,3
170.0,80.0,550,-13.5495557180538,45.0,180.0,-42.80277249465489,-6.791716463644883,8.366093110438788,me_h4p0_loop10p8_gap0p55,P1B,3
175.0,85.0,550,-13.5495557180538,45.0,180.0,-42.80277249465489,-6.791716463644883,8.385603140589762,me_h4p0_loop10p8_gap0p55,P1B,3
180.0,90.0,550,-13.5495557180538,45.0,180.0,-42.80277249465489,-6.791716463644883,8.479514215052465,me_h4p0_loop10p8_gap0p55,P1B,3
185.0,95.0,550,-11.5011943610845,45.0,250.0,-42.80277249465489,-4.797961058790246,8.565973038024023,me_h4p0_loop10p8_gap0p55,P1B,3
190.0,100.0,550,-11.5011943610845,45.0,250.0,-42.80277249465489,-4.797961058790246,8.62228369223836,me_h4p0_loop10p8_gap0p55,P1B,3
195.0,105.0,550,-11.5011943610845,45.0,250.0,-42.80277249465489,-4.797961058790246,8.65654733221407,me_h4p0_loop10p8_gap0p55,P1B,3
200.0,110.0,550,-11.5011943610845,45.0,250.0,-42.80277249465489,-4.797961058790246,8.65654733221407,me_h4p0_loop10p8_gap0p55,P1B,3
205.0,115.0,550,-11.5011943610845,45.0,250.0,-42.80277249465489,-4.797961058790246,8.65654733221407,me_h4p0_loop10p8_gap0p55,P1B,3
210.0,120.0,550,-11.5011943610845,45.0,250.0,-42.80277249465489,-4.797961058790246,8.65654733221407,me_h4p0_loop10p8_gap0p55,P1B,3
215.0,125.0,550,-11.5011943610845,45.0,250.0,-42.80277249465489,-4.797961058790246,8.65654733221407,me_h4p0_loop10p8_gap0p55,P1B,3
220.0,130.0,550,-11.5011943610845,45.0,250.0,-42.80277249465489,-4.797961058790246,8.65654733221407,me_h4p0_loop10p8_gap0p55,P1B,3
225.0,135.0,550,-11.5011943610845,45.0,250.0,-42.80277249465489,-4.797961058790246,8.65654733221407,me_h4p0_loop10p8_gap0p55,P1B,3
230.0,140.0,550,-11.5011943610845,45.0,250.0,-42.80277249465489,-4.797961058790246,8.65654733221407,me_h4p0_loop10p8_gap0p55,P1B,3
235.0,145.0,550,-11.5011943610845,45.0,250.0,-42.80277249465489,-4.797961058790246,8.65654733221407,me_h4p0_loop10p8_gap0p55,P1B,3
240.0,150.0,550,-11.5011943610845,45.0,250.0,-42.80277249465489,-4.797961058790246,8.65654733221407,me_h4p0_loop10p8_gap0p55,P1B,3
245.0,155.0,550,-11.5011943610845,45.0,250.0,-42.80277249465489,-4.797961058790246,8.718527471778023,me_h4p0_loop10p8_gap0p55,P1B,3
250.0,160.0,550,-11.5011943610845,45.0,250.0,-42.80277249465489,-4.797961058790246,8.82249755077103,me_h4p0_loop10p8_gap0p55,P1B,3
255.0,165.0,550,-10.6245678102196,45.0,255.0,-42.80277249465489,-4.797961058790246,8.933403741577155,me_h4p0_loop10p8_gap0p55,P1B,3
260.0,170.0,550,-9.12745394443945,45.0,260.0,-42.80277249465489,-4.797961058790246,8.959921930380295,me_h4p0_loop10p8_gap0p55,P1B,3
265.0,175.0,550,-9.31621702105875,90.0,175.0,-42.80277249465489,-4.797961058790246,8.901836293475334,me_h4p0_loop10p8_gap0p55,P1B,3
270.0,180.0,550,-13.5495557180538,45.0,180.0,-42.80277249465489,-6.791716463644883,8.842925931044325,me_h4p0_loop10p8_gap0p55,P1B,3
275.0,185.0,550,-13.5495557180538,45.0,180.0,-42.80277249465489,-6.791716463644883,8.790198963923745,me_h4p0_loop10p8_gap0p55,P1B,3
280.0,190.0,550,-13.5495557180538,45.0,180.0,-42.80277249465489,-6.791716463644883,8.76163405338663,me_h4p0_loop10p8_gap0p55,P1B,3
285.0,195.0,550,-13.5495557180538,45.0,180.0,-42.80277249465489,-6.791716463644883,8.842925931044325,me_h4p0_loop10p8_gap0p55,P1B,3
290.0,200.0,550,-13.5495557180538,45.0,180.0,-42.80277249465489,-6.791716463644883,8.962074597621298,me_h4p0_loop10p8_gap0p55,P1B,3
295.0,205.0,550,-13.5495557180538,45.0,180.0,-42.80277249465489,-6.791716463644883,9.198907738604845,me_h4p0_loop10p8_gap0p55,P1B,3
300.0,210.0,550,-13.5495557180538,45.0,180.0,-42.80277249465489,-6.791716463644883,9.5468440739348,me_h4p0_loop10p8_gap0p55,P1B,3
305.0,215.0,550,-13.5495557180538,45.0,180.0,-42.80277249465489,-6.791716463644883,9.884335105615765,me_h4p0_loop10p8_gap0p55,P1B,3
310.0,220.0,550,-13.5495557180538,45.0,180.0,-42.80277249465489,-6.791716463644883,10.224665006889657,me_h4p0_loop10p8_gap0p55,P1B,3
315.0,225.0,550,-13.5495557180538,45.0,180.0,-42.80277249465489,-6.791716463644883,10.636607918466938,me_h4p0_loop10p8_gap0p55,P1B,3
320.0,230.0,550,-13.5495557180538,45.0,180.0,-42.80277249465489,-6.791716463644883,10.931739655591135,me_h4p0_loop10p8_gap0p55,P1B,3
325.0,235.0,550,-13.5495557180538,45.0,180.0,-42.80277249465489,-6.791716463644883,11.226139594478198,me_h4p0_loop10p8_gap0p55,P1B,3
330.0,240.0,550,-13.5495557180538,45.0,180.0,-42.80277249465489,-6.791716463644883,11.29415297216637,me_h4p0_loop10p8_gap0p55,P1B,3
335.0,245.0,550,-13.5495557180538,45.0,180.0,-42.80277249465489,-6.791716463644883,11.331231602946199,me_h4p0_loop10p8_gap0p55,P1B,3
340.0,250.0,550,-13.5495557180538,45.0,180.0,-42.80277249465489,-6.791716463644883,11.362496883887447,me_h4p0_loop10p8_gap0p55,P1B,3
345.0,255.0,550,-13.5495557180538,45.0,180.0,-42.80277249465489,-6.791716463644883,11.379095581345302,me_h4p0_loop10p8_gap0p55,P1B,3
350.0,260.0,550,-13.5495557180538,45.0,180.0,-42.80277249465489,-6.791716463644883,11.379095581345302,me_h4p0_loop10p8_gap0p55,P1B,3
355.0,265.0,550,-13.5495557180538,45.0,180.0,-42.80277249465489,-4.422909816378924,11.379095581345302,me_h4p0_loop10p8_gap0p55,P1B,3
0.0,270.0,550,-19.7754643981307,90.0,155.0,-31.505657966686435,-19.06627997406886,-7.334312257038567,me_sym_h5p5_cap3p8_loop8p8_air1p4,P1A,4
5.0,275.0,550,-19.7754643981307,90.0,155.0,-31.505657966686435,-18.875770316446353,-7.519116200577446,me_sym_h5p5_cap3p8_loop8p8_air1p4,P1A,4
10.0,280.0,550,-19.7754643981307,90.0,155.0,-31.505657966686435,-18.618122555617585,-7.704996914504668,me_sym_h5p5_cap3p8_loop8p8_air1p4,P1A,4
15.0,285.0,550,-19.7754643981307,90.0,155.0,-31.505657966686435,-18.618122555617585,-7.815516624723349,me_sym_h5p5_cap3p8_loop8p8_air1p4,P1A,4
20.0,290.0,550,-19.7754643981307,90.0,155.0,-31.505657966686435,-18.618122555617585,-8.12508041189668,me_sym_h5p5_cap3p8_loop8p8_air1p4,P1A,4
25.0,295.0,550,-19.7754643981307,90.0,155.0,-31.505657966686435,-18.618122555617585,-8.283392869778247,me_sym_h5p5_cap3p8_loop8p8_air1p4,P1A,4
30.0,300.0,550,-19.7754643981307,90.0,155.0,-31.505657966686435,-18.618122555617585,-8.501829567006673,me_sym_h5p5_cap3p8_loop8p8_air1p4,P1A,4
35.0,305.0,550,-19.7754643981307,90.0,155.0,-31.505657966686435,-18.618122555617585,-8.686165282976111,me_sym_h5p5_cap3p8_loop8p8_air1p4,P1A,4
40.0,310.0,550,-19.7754643981307,90.0,155.0,-31.505657966686435,-18.618122555617585,-8.802849465922918,me_sym_h5p5_cap3p8_loop8p8_air1p4,P1A,4
45.0,315.0,550,-19.7754643981307,90.0,155.0,-31.505657966686435,-18.618122555617585,-9.032372406310339,me_sym_h5p5_cap3p8_loop8p8_air1p4,P1A,4
50.0,320.0,550,-19.7754643981307,90.0,155.0,-31.505657966686435,-18.618122555617585,-9.271129756769344,me_sym_h5p5_cap3p8_loop8p8_air1p4,P1A,4
55.0,325.0,550,-19.7754643981307,90.0,155.0,-31.505657966686435,-18.618122555617585,-9.506296073065304,me_sym_h5p5_cap3p8_loop8p8_air1p4,P1A,4
60.0,330.0,550,-19.7754643981307,90.0,155.0,-31.505657966686435,-18.875770316446353,-9.950390271303338,me_sym_h5p5_cap3p8_loop8p8_air1p4,P1A,4
65.0,335.0,550,-19.7754643981307,90.0,155.0,-31.505657966686435,-19.06627997406886,-10.004012106391158,me_sym_h5p5_cap3p8_loop8p8_air1p4,P1A,4
70.0,340.0,550,-19.7754643981307,90.0,155.0,-31.505657966686435,-19.411357180512667,-10.149565747107514,me_sym_h5p5_cap3p8_loop8p8_air1p4,P1A,4
75.0,345.0,550,-19.7754643981307,90.0,155.0,-31.505657966686435,-19.549001962118627,-10.25871099759769,me_sym_h5p5_cap3p8_loop8p8_air1p4,P1A,4
80.0,350.0,550,-19.7754643981307,90.0,155.0,-31.505657966686435,-19.61029390934759,-10.375450355517184,me_sym_h5p5_cap3p8_loop8p8_air1p4,P1A,4
85.0,355.0,550,-19.7754643981307,90.0,155.0,-33.017353856891894,-19.767820881597732,-10.513136961578338,me_sym_h5p5_cap3p8_loop8p8_air1p4,P1A,4
90.0,0.0,550,-19.7754643981307,90.0,155.0,-33.017353856891894,-20.137774620958897,-10.545687163008967,me_sym_h5p5_cap3p8_loop8p8_air1p4,P1A,4
95.0,5.0,550,-19.7754643981307,90.0,155.0,-33.017353856891894,-20.1469916892691,-10.616901651508098,me_sym_h5p5_cap3p8_loop8p8_air1p4,P1A,4
100.0,10.0,550,-19.7754643981307,90.0,155.0,-33.017353856891894,-20.1469916892691,-10.616901651508098,me_sym_h5p5_cap3p8_loop8p8_air1p4,P1A,4
105.0,15.0,550,-19.7754643981307,90.0,155.0,-33.017353856891894,-20.1469916892691,-10.614137798218103,me_sym_h5p5_cap3p8_loop8p8_air1p4,P1A,4
110.0,20.0,550,-19.7754643981307,90.0,155.0,-33.017353856891894,-20.1469916892691,-10.523001622363648,me_sym_h5p5_cap3p8_loop8p8_air1p4,P1A,4
115.0,25.0,550,-19.7754643981307,90.0,155.0,-33.017353856891894,-20.1469916892691,-10.493045371553771,me_sym_h5p5_cap3p8_loop8p8_air1p4,P1A,4
120.0,30.0,550,-19.7754643981307,90.0,155.0,-33.017353856891894,-20.1469916892691,-10.375450355517184,me_sym_h5p5_cap3p8_loop8p8_air1p4,P1A,4
125.0,35.0,550,-19.7754643981307,90.0,155.0,-33.017353856891894,-20.1469916892691,-10.25871099759769,me_sym_h5p5_cap3p8_loop8p8_air1p4,P1A,4
130.0,40.0,550,-19.7754643981307,90.0,155.0,-33.017353856891894,-20.1469916892691,-10.146333905407294,me_sym_h5p5_cap3p8_loop8p8_air1p4,P1A,4
135.0,45.0,550,-19.7754643981307,90.0,155.0,-33.017353856891894,-20.1469916892691,-10.019939234154942,me_sym_h5p5_cap3p8_loop8p8_air1p4,P1A,4
140.0,50.0,550,-19.7754643981307,90.0,155.0,-33.017353856891894,-20.1469916892691,-9.988320366255511,me_sym_h5p5_cap3p8_loop8p8_air1p4,P1A,4
145.0,55.0,550,-19.7754643981307,90.0,155.0,-33.017353856891894,-20.1469916892691,-9.970661612950432,me_sym_h5p5_cap3p8_loop8p8_air1p4,P1A,4
150.0,60.0,550,-19.7754643981307,90.0,155.0,-33.017353856891894,-20.1469916892691,-9.96719678874042,me_sym_h5p5_cap3p8_loop8p8_air1p4,P1A,4
155.0,65.0,550,-19.7754643981307,90.0,155.0,-33.017353856891894,-20.1469916892691,-9.96719678874042,me_sym_h5p5_cap3p8_loop8p8_air1p4,P1A,4
160.0,70.0,550,-18.51544506359,85.0,205.0,-33.017353856891894,-20.1469916892691,-9.974068512482763,me_sym_h5p5_cap3p8_loop8p8_air1p4,P1A,4
165.0,75.0,550,-18.51544506359,85.0,205.0,-33.017353856891894,-20.1469916892691,-10.004012106391158,me_sym_h5p5_cap3p8_loop8p8_air1p4,P1A,4
170.0,80.0,550,-18.51544506359,85.0,205.0,-33.017353856891894,-20.1469916892691,-10.004012106391158,me_sym_h5p5_cap3p8_loop8p8_air1p4,P1A,4
175.0,85.0,550,-18.51544506359,85.0,205.0,-33.017353856891894,-20.137774620958897,-9.988320366255511,me_sym_h5p5_cap3p8_loop8p8_air1p4,P1A,4
180.0,90.0,550,-18.51544506359,85.0,205.0,-33.017353856891894,-19.767820881597732,-9.970661612950432,me_sym_h5p5_cap3p8_loop8p8_air1p4,P1A,4
185.0,95.0,550,-18.51544506359,85.0,205.0,-33.017353856891894,-19.69101962116499,-9.96719678874042,me_sym_h5p5_cap3p8_loop8p8_air1p4,P1A,4
190.0,100.0,550,-18.51544506359,85.0,205.0,-33.017353856891894,-19.607720629318855,-9.950390271303338,me_sym_h5p5_cap3p8_loop8p8_air1p4,P1A,4
195.0,105.0,550,-18.51544506359,85.0,205.0,-33.017353856891894,-19.549001962118627,-9.869813896896499,me_sym_h5p5_cap3p8_loop8p8_air1p4,P1A,4
200.0,110.0,550,-18.51544506359,85.0,205.0,-33.017353856891894,-19.549001962118627,-9.950390271303338,me_sym_h5p5_cap3p8_loop8p8_air1p4,P1A,4
205.0,115.0,550,-18.51544506359,85.0,205.0,-33.017353856891894,-19.549001962118627,-9.988320366255511,me_sym_h5p5_cap3p8_loop8p8_air1p4,P1A,4
210.0,120.0,550,-9.89515350346009,80.0,210.0,-33.017353856891894,-19.549001962118627,-10.050459530505961,me_sym_h5p5_cap3p8_loop8p8_air1p4,P1A,4
215.0,125.0,550,-6.34478011539692,60.0,215.0,-33.017353856891894,-19.549001962118627,-10.103914580641815,me_sym_h5p5_cap3p8_loop8p8_air1p4,P1A,4
220.0,130.0,550,-4.88176126593064,45.0,220.0,-33.017353856891894,-19.549001962118627,-10.103914580641815,me_sym_h5p5_cap3p8_loop8p8_air1p4,P1A,4
225.0,135.0,550,-3.93239555358769,45.0,225.0,-33.017353856891894,-19.411357180512667,-10.050459530505961,me_sym_h5p5_cap3p8_loop8p8_air1p4,P1A,4
230.0,140.0,550,-4.48808721873698,45.0,140.0,-33.017353856891894,-19.06627997406886,-10.004012106391158,me_sym_h5p5_cap3p8_loop8p8_air1p4,P1A,4
235.0,145.0,550,-5.96128382125362,90.0,145.0,-33.017353856891894,-18.618122555617585,-9.96719678874042,me_sym_h5p5_cap3p8_loop8p8_air1p4,P1A,4
240.0,150.0,550,-10.2869424684232,90.0,150.0,-33.017353856891894,-18.495155678126544,-9.76507860069463,me_sym_h5p5_cap3p8_loop8p8_air1p4,P1A,4
245.0,155.0,550,-19.7754643981307,90.0,155.0,-33.017353856891894,-18.161142015982243,-9.45649688199037,me_sym_h5p5_cap3p8_loop8p8_air1p4,P1A,4
250.0,160.0,550,-19.7754643981307,90.0,155.0,-33.017353856891894,-18.15239012172919,-8.950710968468746,me_sym_h5p5_cap3p8_loop8p8_air1p4,P1A,4
255.0,165.0,550,-19.7754643981307,90.0,155.0,-33.017353856891894,-18.136949239862442,-8.7572365420516,me_sym_h5p5_cap3p8_loop8p8_air1p4,P1A,4
260.0,170.0,550,-19.7754643981307,90.0,155.0,-33.017353856891894,-18.15239012172919,-8.62060234537354,me_sym_h5p5_cap3p8_loop8p8_air1p4,P1A,4
265.0,175.0,550,-19.7754643981307,90.0,155.0,-33.017353856891894,-18.15868755620236,-8.407673534393469,me_sym_h5p5_cap3p8_loop8p8_air1p4,P1A,4
270.0,180.0,550,-19.7754643981307,90.0,155.0,-33.017353856891894,-18.30668143598762,-8.291179492777905,me_sym_h5p5_cap3p8_loop8p8_air1p4,P1A,4
275.0,185.0,550,-19.7754643981307,90.0,155.0,-33.017353856891894,-18.49968596203689,-8.259496673182293,me_sym_h5p5_cap3p8_loop8p8_air1p4,P1A,4
280.0,190.0,550,-19.7754643981307,90.0,155.0,-33.017353856891894,-18.536832461148492,-7.965243508700262,me_sym_h5p5_cap3p8_loop8p8_air1p4,P1A,4
285.0,195.0,550,-19.7754643981307,90.0,155.0,-33.017353856891894,-18.536832461148492,-7.815516624723349,me_sym_h5p5_cap3p8_loop8p8_air1p4,P1A,4
290.0,200.0,550,-19.7754643981307,90.0,155.0,-33.017353856891894,-18.536832461148492,-7.598475603116935,me_sym_h5p5_cap3p8_loop8p8_air1p4,P1A,4
295.0,205.0,550,-19.7754643981307,90.0,155.0,-33.017353856891894,-18.536832461148492,-7.19450911905261,me_sym_h5p5_cap3p8_loop8p8_air1p4,P1A,4
300.0,210.0,550,-19.7754643981307,90.0,155.0,-33.017353856891894,-18.536832461148492,-7.112025877078201,me_sym_h5p5_cap3p8_loop8p8_air1p4,P1A,4
305.0,215.0,550,-19.7754643981307,90.0,155.0,-33.017353856891894,-18.536832461148492,-6.9107195907220635,me_sym_h5p5_cap3p8_loop8p8_air1p4,P1A,4
310.0,220.0,550,-19.7754643981307,90.0,155.0,-33.017353856891894,-19.095177248100036,-6.837881520437612,me_sym_h5p5_cap3p8_loop8p8_air1p4,P1A,4
315.0,225.0,550,-19.7754643981307,90.0,155.0,-33.017353856891894,-19.607720629318855,-6.837878450847703,me_sym_h5p5_cap3p8_loop8p8_air1p4,P1A,4
320.0,230.0,550,-19.7754643981307,90.0,155.0,-33.017353856891894,-19.6992747390969,-6.837878450847703,me_sym_h5p5_cap3p8_loop8p8_air1p4,P1A,4
325.0,235.0,550,-19.7754643981307,90.0,155.0,-33.017353856891894,-20.1469916892691,-6.837881520437612,me_sym_h5p5_cap3p8_loop8p8_air1p4,P1A,4
330.0,240.0,550,-19.7754643981307,90.0,155.0,-33.017353856891894,-20.1469916892691,-6.888096136423544,me_sym_h5p5_cap3p8_loop8p8_air1p4,P1A,4
335.0,245.0,550,-19.7754643981307,90.0,155.0,-33.017353856891894,-20.1469916892691,-6.9107195907220635,me_sym_h5p5_cap3p8_loop8p8_air1p4,P1A,4
340.0,250.0,550,-19.7754643981307,90.0,155.0,-33.017353856891894,-20.137774620958897,-6.946206876711822,me_sym_h5p5_cap3p8_loop8p8_air1p4,P1A,4
345.0,255.0,550,-19.7754643981307,90.0,155.0,-33.017353856891894,-19.794809138388544,-7.112025877078201,me_sym_h5p5_cap3p8_loop8p8_air1p4,P1A,4
350.0,260.0,550,-19.7754643981307,90.0,155.0,-33.017353856891894,-19.6992747390969,-7.124632622246983,me_sym_h5p5_cap3p8_loop8p8_air1p4,P1A,4
355.0,265.0,550,-19.7754643981307,90.0,155.0,-33.017353856891894,-19.467260948935337,-7.19450911905261,me_sym_h5p5_cap3p8_loop8p8_air1p4,P1A,4
0.0,270.0,550,-35.9560201255634,45.0,180.0,1.9181243398512544,21.88110648980424,34.15990796034793,me_sym_h5p5_cap3p8_loop8p8_air1p4,P1B,4
5.0,275.0,550,-35.9560201255634,45.0,180.0,1.9181243398512544,23.177441289124463,34.187225618996486,me_sym_h5p5_cap3p8_loop8p8_air1p4,P1B,4
10.0,280.0,550,-35.9560201255634,45.0,180.0,1.9181243398512544,23.177441289124463,34.15990796034793,me_sym_h5p5_cap3p8_loop8p8_air1p4,P1B,4
15.0,285.0,550,-35.9560201255634,45.0,180.0,1.9181243398512544,23.177441289124463,34.127198777719194,me_sym_h5p5_cap3p8_loop8p8_air1p4,P1B,4
20.0,290.0,550,-35.9560201255634,45.0,180.0,1.9181243398512544,23.177441289124463,34.08295912359752,me_sym_h5p5_cap3p8_loop8p8_air1p4,P1B,4
25.0,295.0,550,-35.9560201255634,45.0,180.0,1.9181243398512544,23.177441289124463,33.879287339313116,me_sym_h5p5_cap3p8_loop8p8_air1p4,P1B,4
30.0,300.0,550,-35.9560201255634,45.0,180.0,1.9181243398512544,23.177441289124463,33.600525141399,me_sym_h5p5_cap3p8_loop8p8_air1p4,P1B,4
35.0,305.0,550,-35.9560201255634,45.0,180.0,1.9181243398512544,23.177441289124463,33.3609019272449,me_sym_h5p5_cap3p8_loop8p8_air1p4,P1B,4
40.0,310.0,550,-35.9560201255634,45.0,180.0,1.9181243398512544,23.177441289124463,33.22930555059261,me_sym_h5p5_cap3p8_loop8p8_air1p4,P1B,4
45.0,315.0,550,-35.9560201255634,45.0,180.0,1.9181243398512544,23.177441289124463,33.32756388091555,me_sym_h5p5_cap3p8_loop8p8_air1p4,P1B,4
50.0,320.0,550,-35.9560201255634,45.0,180.0,1.9181243398512544,23.177441289124463,33.47138529001758,me_sym_h5p5_cap3p8_loop8p8_air1p4,P1B,4
55.0,325.0,550,-35.9560201255634,45.0,180.0,1.9181243398512544,23.177441289124463,33.68894981116016,me_sym_h5p5_cap3p8_loop8p8_air1p4,P1B,4
60.0,330.0,550,-35.9560201255634,45.0,180.0,1.9181243398512544,23.177441289124463,34.033715072854505,me_sym_h5p5_cap3p8_loop8p8_air1p4,P1B,4
65.0,335.0,550,-35.9560201255634,45.0,180.0,1.9181243398512544,23.177441289124463,34.1698742628377,me_sym_h5p5_cap3p8_loop8p8_air1p4,P1B,4
70.0,340.0,550,-35.9560201255634,45.0,180.0,1.9181243398512544,23.177441289124463,34.458618851218546,me_sym_h5p5_cap3p8_loop8p8_air1p4,P1B,4
75.0,345.0,550,-35.9560201255634,45.0,180.0,1.9181243398512544,23.177441289124463,34.70805450563151,me_sym_h5p5_cap3p8_loop8p8_air1p4,P1B,4
80.0,350.0,550,-35.9560201255634,45.0,180.0,1.9181243398512544,23.177441289124463,35.12080869381008,me_sym_h5p5_cap3p8_loop8p8_air1p4,P1B,4
85.0,355.0,550,-35.9560201255634,45.0,180.0,1.9181243398512544,23.177441289124463,35.282553313115066,me_sym_h5p5_cap3p8_loop8p8_air1p4,P1B,4
90.0,0.0,550,-35.9560201255634,45.0,180.0,1.9181243398512544,21.88110648980424,35.26733846769609,me_sym_h5p5_cap3p8_loop8p8_air1p4,P1B,4
95.0,5.0,550,-35.9560201255634,45.0,180.0,1.9181243398512544,21.88110648980424,35.23228714848422,me_sym_h5p5_cap3p8_loop8p8_air1p4,P1B,4
100.0,10.0,550,-35.9560201255634,45.0,180.0,1.9181243398512544,21.88110648980424,35.282553313115066,me_sym_h5p5_cap3p8_loop8p8_air1p4,P1B,4
105.0,15.0,550,-35.9560201255634,45.0,180.0,1.9181243398512544,21.88110648980424,35.32255959150937,me_sym_h5p5_cap3p8_loop8p8_air1p4,P1B,4
110.0,20.0,550,-35.9560201255634,45.0,180.0,1.9181243398512544,21.885189607338354,35.35254842655591,me_sym_h5p5_cap3p8_loop8p8_air1p4,P1B,4
115.0,25.0,550,-35.9560201255634,45.0,180.0,1.9181243398512544,23.09823242848082,35.56570608236646,me_sym_h5p5_cap3p8_loop8p8_air1p4,P1B,4
120.0,30.0,550,-35.9560201255634,45.0,180.0,1.9181243398512544,24.46123065432593,35.69349311706465,me_sym_h5p5_cap3p8_loop8p8_air1p4,P1B,4
125.0,35.0,550,-35.9560201255634,45.0,180.0,1.9181243398512544,25.46067985844514,35.91699700186958,me_sym_h5p5_cap3p8_loop8p8_air1p4,P1B,4
130.0,40.0,550,-35.9560201255634,45.0,180.0,1.9181243398512544,25.760299760606998,35.97065376212507,me_sym_h5p5_cap3p8_loop8p8_air1p4,P1B,4
135.0,45.0,550,-35.9560201255634,45.0,180.0,1.9181243398512544,25.900702438322803,36.019740043020796,me_sym_h5p5_cap3p8_loop8p8_air1p4,P1B,4
140.0,50.0,550,-35.9560201255634,45.0,180.0,1.9181243398512544,25.900702438322803,36.02158192723116,me_sym_h5p5_cap3p8_loop8p8_air1p4,P1B,4
145.0,55.0,550,-35.9560201255634,45.0,180.0,1.9181243398512544,25.900702438322803,36.02158192723116,me_sym_h5p5_cap3p8_loop8p8_air1p4,P1B,4
150.0,60.0,550,-35.9560201255634,45.0,180.0,1.9181243398512544,25.900702438322803,35.93941445354237,me_sym_h5p5_cap3p8_loop8p8_air1p4,P1B,4
155.0,65.0,550,-35.9560201255634,45.0,180.0,1.9181243398512544,25.900702438322803,35.69349311706465,me_sym_h5p5_cap3p8_loop8p8_air1p4,P1B,4
160.0,70.0,550,-35.9560201255634,45.0,180.0,1.9181243398512544,25.900702438322803,35.46116556108821,me_sym_h5p5_cap3p8_loop8p8_air1p4,P1B,4
165.0,75.0,550,-35.9560201255634,45.0,180.0,1.9181243398512544,25.900702438322803,35.23228714848422,me_sym_h5p5_cap3p8_loop8p8_air1p4,P1B,4
170.0,80.0,550,-35.9560201255634,45.0,180.0,1.9181243398512544,25.86452457110922,34.977484975592446,me_sym_h5p5_cap3p8_loop8p8_air1p4,P1B,4
175.0,85.0,550,-35.9560201255634,45.0,180.0,1.9181243398512544,25.66060459255312,34.69044834228754,me_sym_h5p5_cap3p8_loop8p8_air1p4,P1B,4
180.0,90.0,550,-35.9560201255634,45.0,180.0,1.9181243398512544,25.46067985844514,34.57376555133334,me_sym_h5p5_cap3p8_loop8p8_air1p4,P1B,4
185.0,95.0,550,-32.4564723534014,45.0,0.0,3.6467118222449546,25.78889355122779,34.62286178533274,me_sym_h5p5_cap3p8_loop8p8_air1p4,P1B,4
190.0,100.0,550,-32.4564723534014,45.0,0.0,3.6467118222449546,25.462366217521083,34.52741469639432,me_sym_h5p5_cap3p8_loop8p8_air1p4,P1B,4
195.0,105.0,550,-32.4564723534014,45.0,0.0,3.6467118222449546,25.18515940941692,34.3551868130515,me_sym_h5p5_cap3p8_loop8p8_air1p4,P1B,4
200.0,110.0,550,-32.4564723534014,45.0,0.0,3.6467118222449546,24.267966260066295,34.15990796034793,me_sym_h5p5_cap3p8_loop8p8_air1p4,P1B,4
205.0,115.0,550,-32.4564723534014,45.0,0.0,3.6467118222449546,23.970146670977243,33.993639296583325,me_sym_h5p5_cap3p8_loop8p8_air1p4,P1B,4
210.0,120.0,550,-32.4564723534014,45.0,0.0,3.6467118222449546,23.18552797551301,33.73763805880432,me_sym_h5p5_cap3p8_loop8p8_air1p4,P1B,4
215.0,125.0,550,-32.4564723534014,45.0,0.0,3.6467118222449546,23.177441289124463,33.39203690223637,me_sym_h5p5_cap3p8_loop8p8_air1p4,P1B,4
220.0,130.0,550,-32.4564723534014,45.0,0.0,3.6467118222449546,23.177441289124463,33.17784183194826,me_sym_h5p5_cap3p8_loop8p8_air1p4,P1B,4
225.0,135.0,550,-32.4564723534014,45.0,0.0,3.6467118222449546,23.177441289124463,32.96805035336154,me_sym_h5p5_cap3p8_loop8p8_air1p4,P1B,4
230.0,140.0,550,-32.4564723534014,45.0,0.0,3.6467118222449546,23.177441289124463,32.86521288200887,me_sym_h5p5_cap3p8_loop8p8_air1p4,P1B,4
235.0,145.0,550,-32.4564723534014,45.0,0.0,3.6467118222449546,23.177441289124463,32.87006835976769,me_sym_h5p5_cap3p8_loop8p8_air1p4,P1B,4
240.0,150.0,550,-32.4564723534014,45.0,0.0,3.6467118222449546,23.177441289124463,32.96805035336154,me_sym_h5p5_cap3p8_loop8p8_air1p4,P1B,4
245.0,155.0,550,-32.4564723534014,45.0,0.0,3.6467118222449546,23.177441289124463,33.177552564057166,me_sym_h5p5_cap3p8_loop8p8_air1p4,P1B,4
250.0,160.0,550,-32.4564723534014,45.0,0.0,3.6467118222449546,23.177441289124463,33.429044092780735,me_sym_h5p5_cap3p8_loop8p8_air1p4,P1B,4
255.0,165.0,550,-32.4564723534014,45.0,0.0,3.6467118222449546,23.177441289124463,33.751185735709164,me_sym_h5p5_cap3p8_loop8p8_air1p4,P1B,4
260.0,170.0,550,-32.4564723534014,45.0,0.0,3.6467118222449546,23.177441289124463,33.996056821666954,me_sym_h5p5_cap3p8_loop8p8_air1p4,P1B,4
265.0,175.0,550,-32.4564723534014,45.0,0.0,3.6467118222449546,23.177441289124463,34.10268786464462,me_sym_h5p5_cap3p8_loop8p8_air1p4,P1B,4
270.0,180.0,550,-35.9560201255634,45.0,180.0,1.9181243398512544,21.88110648980424,34.033715072854505,me_sym_h5p5_cap3p8_loop8p8_air1p4,P1B,4
275.0,185.0,550,-35.9560201255634,45.0,180.0,1.9181243398512544,21.88110648980424,34.127198777719194,me_sym_h5p5_cap3p8_loop8p8_air1p4,P1B,4
280.0,190.0,550,-35.9560201255634,45.0,180.0,1.9181243398512544,21.88110648980424,34.35311311951261,me_sym_h5p5_cap3p8_loop8p8_air1p4,P1B,4
285.0,195.0,550,-35.9560201255634,45.0,180.0,1.9181243398512544,21.88110648980424,34.55268511056095,me_sym_h5p5_cap3p8_loop8p8_air1p4,P1B,4
290.0,200.0,550,-35.9560201255634,45.0,180.0,1.9181243398512544,21.88110648980424,34.75349801331723,me_sym_h5p5_cap3p8_loop8p8_air1p4,P1B,4
295.0,205.0,550,-35.9560201255634,45.0,180.0,1.9181243398512544,21.88110648980424,35.09489467491507,me_sym_h5p5_cap3p8_loop8p8_air1p4,P1B,4
300.0,210.0,550,-35.9560201255634,45.0,180.0,1.9181243398512544,21.88110648980424,35.35254842655591,me_sym_h5p5_cap3p8_loop8p8_air1p4,P1B,4
305.0,215.0,550,-35.9560201255634,45.0,180.0,1.9181243398512544,21.88110648980424,35.69349311706465,me_sym_h5p5_cap3p8_loop8p8_air1p4,P1B,4
310.0,220.0,550,-35.9560201255634,45.0,180.0,1.9181243398512544,21.88110648980424,36.014609978852626,me_sym_h5p5_cap3p8_loop8p8_air1p4,P1B,4
315.0,225.0,550,-35.9560201255634,45.0,180.0,1.9181243398512544,21.88110648980424,36.09271963048712,me_sym_h5p5_cap3p8_loop8p8_air1p4,P1B,4
320.0,230.0,550,-35.9560201255634,45.0,180.0,1.9181243398512544,21.88110648980424,36.019740043020796,me_sym_h5p5_cap3p8_loop8p8_air1p4,P1B,4
325.0,235.0,550,-35.9560201255634,45.0,180.0,1.9181243398512544,21.88110648980424,35.87737727337105,me_sym_h5p5_cap3p8_loop8p8_air1p4,P1B,4
330.0,240.0,550,-35.9560201255634,45.0,180.0,1.9181243398512544,21.88110648980424,35.546005568845196,me_sym_h5p5_cap3p8_loop8p8_air1p4,P1B,4
335.0,245.0,550,-35.9560201255634,45.0,180.0,1.9181243398512544,21.88110648980424,35.23228714848422,me_sym_h5p5_cap3p8_loop8p8_air1p4,P1B,4
340.0,250.0,550,-35.9560201255634,45.0,180.0,1.9181243398512544,21.88110648980424,34.892382875596525,me_sym_h5p5_cap3p8_loop8p8_air1p4,P1B,4
345.0,255.0,550,-35.9560201255634,45.0,180.0,1.9181243398512544,21.88110648980424,34.63335888041749,me_sym_h5p5_cap3p8_loop8p8_air1p4,P1B,4
350.0,260.0,550,-35.9560201255634,45.0,180.0,1.9181243398512544,21.88110648980424,34.46260001665581,me_sym_h5p5_cap3p8_loop8p8_air1p4,P1B,4
355.0,265.0,550,-35.9560201255634,45.0,180.0,1.9181243398512544,21.88110648980424,34.20421304470912,me_sym_h5p5_cap3p8_loop8p8_air1p4,P1B,4
0.0,270.0,550,-22.7164361608488,85.0,200.0,-41.26944483161448,-20.077136607820066,-5.9403232894147395,me_sym_h6p5_cap4p2_loop9p4_air1p0,P1A,5
5.0,275.0,550,-22.7164361608488,85.0,200.0,-41.26944483161448,-19.908117002660234,-5.997104074316222,me_sym_h6p5_cap4p2_loop9p4_air1p0,P1A,5
10.0,280.0,550,-22.7164361608488,85.0,200.0,-41.26944483161448,-19.293731097972948,-6.041463165837837,me_sym_h6p5_cap4p2_loop9p4_air1p0,P1A,5
15.0,285.0,550,-22.7164361608488,85.0,200.0,-41.26944483161448,-19.293731097972948,-6.073374771996826,me_sym_h6p5_cap4p2_loop9p4_air1p0,P1A,5
20.0,290.0,550,-22.7164361608488,85.0,200.0,-41.26944483161448,-19.293731097972948,-6.266092501154911,me_sym_h6p5_cap4p2_loop9p4_air1p0,P1A,5
25.0,295.0,550,-22.7164361608488,85.0,200.0,-41.26944483161448,-19.293731097972948,-6.4480746606919634,me_sym_h6p5_cap4p2_loop9p4_air1p0,P1A,5
30.0,300.0,550,-22.7164361608488,85.0,200.0,-41.26944483161448,-19.293731097972948,-6.61676233591459,me_sym_h6p5_cap4p2_loop9p4_air1p0,P1A,5
35.0,305.0,550,-22.7164361608488,85.0,200.0,-41.26944483161448,-19.293731097972948,-6.789045272552887,me_sym_h6p5_cap4p2_loop9p4_air1p0,P1A,5
40.0,310.0,550,-22.7164361608488,85.0,200.0,-41.26944483161448,-19.293731097972948,-6.919306838485872,me_sym_h6p5_cap4p2_loop9p4_air1p0,P1A,5
45.0,315.0,550,-22.7164361608488,85.0,200.0,-41.26944483161448,-19.293731097972948,-7.039307466174607,me_sym_h6p5_cap4p2_loop9p4_air1p0,P1A,5
50.0,320.0,550,-22.7164361608488,85.0,200.0,-41.26944483161448,-19.293731097972948,-7.053451376321082,me_sym_h6p5_cap4p2_loop9p4_air1p0,P1A,5
55.0,325.0,550,-22.7164361608488,85.0,200.0,-41.26944483161448,-19.293731097972948,-7.2078619393580565,me_sym_h6p5_cap4p2_loop9p4_air1p0,P1A,5
60.0,330.0,550,-22.7164361608488,85.0,200.0,-41.26944483161448,-19.293731097972948,-7.362657117972101,me_sym_h6p5_cap4p2_loop9p4_air1p0,P1A,5
65.0,335.0,550,-22.7164361608488,85.0,200.0,-41.26944483161448,-19.293731097972948,-7.459473908741519,me_sym_h6p5_cap4p2_loop9p4_air1p0,P1A,5
70.0,340.0,550,-22.7164361608488,85.0,200.0,-41.26944483161448,-19.293731097972948,-7.548270255707836,me_sym_h6p5_cap4p2_loop9p4_air1p0,P1A,5
75.0,345.0,550,-22.7164361608488,85.0,200.0,-41.26944483161448,-19.908117002660234,-7.673978411374484,me_sym_h6p5_cap4p2_loop9p4_air1p0,P1A,5
80.0,350.0,550,-22.7164361608488,85.0,200.0,-41.26944483161448,-19.991222423124444,-7.764312443614408,me_sym_h6p5_cap4p2_loop9p4_air1p0,P1A,5
85.0,355.0,550,-22.7164361608488,85.0,200.0,-41.26944483161448,-20.146364457801603,-8.029972053413458,me_sym_h6p5_cap4p2_loop9p4_air1p0,P1A,5
90.0,0.0,550,-22.7164361608488,85.0,200.0,-41.26944483161448,-20.67433321953437,-8.1224035622234,me_sym_h6p5_cap4p2_loop9p4_air1p0,P1A,5
95.0,5.0,550,-22.7164361608488,85.0,200.0,-41.26944483161448,-20.677676938741797,-8.317319887257671,me_sym_h6p5_cap4p2_loop9p4_air1p0,P1A,5
100.0,10.0,550,-22.7164361608488,85.0,200.0,-41.26944483161448,-20.677676938741797,-8.317319887257671,me_sym_h6p5_cap4p2_loop9p4_air1p0,P1A,5
105.0,15.0,550,-22.7164361608488,85.0,200.0,-41.26944483161448,-20.677676938741797,-8.317319887257671,me_sym_h6p5_cap4p2_loop9p4_air1p0,P1A,5
110.0,20.0,550,-22.7164361608488,85.0,200.0,-41.26944483161448,-20.677676938741797,-8.162697283762952,me_sym_h6p5_cap4p2_loop9p4_air1p0,P1A,5
115.0,25.0,550,-22.7164361608488,85.0,200.0,-41.26944483161448,-20.677676938741797,-8.091946629156094,me_sym_h6p5_cap4p2_loop9p4_air1p0,P1A,5
120.0,30.0,550,-22.7164361608488,85.0,200.0,-41.26944483161448,-20.677676938741797,-7.908995910437682,me_sym_h6p5_cap4p2_loop9p4_air1p0,P1A,5
125.0,35.0,550,-22.7164361608488,85.0,200.0,-41.26944483161448,-20.677676938741797,-7.748272529006854,me_sym_h6p5_cap4p2_loop9p4_air1p0,P1A,5
130.0,40.0,550,-22.7164361608488,85.0,200.0,-41.26944483161448,-20.677676938741797,-7.561960922967309,me_sym_h6p5_cap4p2_loop9p4_air1p0,P1A,5
135.0,45.0,550,-22.7164361608488,85.0,200.0,-41.26944483161448,-20.677676938741797,-7.4939803530404685,me_sym_h6p5_cap4p2_loop9p4_air1p0,P1A,5
140.0,50.0,550,-22.7164361608488,85.0,200.0,-41.26944483161448,-20.677676938741797,-7.459473908741519,me_sym_h6p5_cap4p2_loop9p4_air1p0,P1A,5
145.0,55.0,550,-22.7164361608488,85.0,200.0,-41.26944483161448,-20.677676938741797,-7.431351091462154,me_sym_h6p5_cap4p2_loop9p4_air1p0,P1A,5
150.0,60.0,550,-22.7164361608488,85.0,200.0,-41.26944483161448,-20.677676938741797,-7.431351091462154,me_sym_h6p5_cap4p2_loop9p4_air1p0,P1A,5
155.0,65.0,550,-22.7164361608488,85.0,200.0,-41.26944483161448,-20.677676938741797,-7.459473908741519,me_sym_h6p5_cap4p2_loop9p4_air1p0,P1A,5
160.0,70.0,550,-22.7164361608488,85.0,200.0,-41.26944483161448,-20.677676938741797,-7.499690040170219,me_sym_h6p5_cap4p2_loop9p4_air1p0,P1A,5
165.0,75.0,550,-22.7164361608488,85.0,200.0,-41.26944483161448,-20.677676938741797,-7.548270255707836,me_sym_h6p5_cap4p2_loop9p4_air1p0,P1A,5
170.0,80.0,550,-22.7164361608488,85.0,200.0,-41.26944483161448,-20.677676938741797,-7.561127603645122,me_sym_h6p5_cap4p2_loop9p4_air1p0,P1A,5
175.0,85.0,550,-22.7164361608488,85.0,200.0,-41.26944483161448,-20.67433321953437,-7.548270255707836,me_sym_h6p5_cap4p2_loop9p4_air1p0,P1A,5
180.0,90.0,550,-22.7164361608488,85.0,200.0,-41.26944483161448,-20.34463835384223,-7.509893117908407,me_sym_h6p5_cap4p2_loop9p4_air1p0,P1A,5
185.0,95.0,550,-22.7164361608488,85.0,200.0,-32.086731631804014,-20.136530894619984,-7.4939803530404685,me_sym_h6p5_cap4p2_loop9p4_air1p0,P1A,5
190.0,100.0,550,-22.7164361608488,85.0,200.0,-32.086731631804014,-19.991222423124444,-7.459473908741519,me_sym_h6p5_cap4p2_loop9p4_air1p0,P1A,5
195.0,105.0,550,-22.7164361608488,85.0,200.0,-32.086731631804014,-19.908117002660234,-7.459473908741519,me_sym_h6p5_cap4p2_loop9p4_air1p0,P1A,5
200.0,110.0,550,-22.7164361608488,85.0,200.0,-32.086731631804014,-19.908117002660234,-7.469886358134973,me_sym_h6p5_cap4p2_loop9p4_air1p0,P1A,5
205.0,115.0,550,-15.2211717732463,85.0,205.0,-32.086731631804014,-19.908117002660234,-7.548270255707836,me_sym_h6p5_cap4p2_loop9p4_air1p0,P1A,5
210.0,120.0,550,-8.72454171041427,75.0,210.0,-32.086731631804014,-19.908117002660234,-7.592287328776552,me_sym_h6p5_cap4p2_loop9p4_air1p0,P1A,5
215.0,125.0,550,-5.74543222385574,55.0,215.0,-32.086731631804014,-19.908117002660234,-7.626009336057592,me_sym_h6p5_cap4p2_loop9p4_air1p0,P1A,5
220.0,130.0,550,-4.431514366998,45.0,220.0,-32.086731631804014,-19.293731097972948,-7.626009336057592,me_sym_h6p5_cap4p2_loop9p4_air1p0,P1A,5
225.0,135.0,550,-3.54479581438466,45.0,225.0,-32.086731631804014,-19.02749681249206,-7.592287328776552,me_sym_h6p5_cap4p2_loop9p4_air1p0,P1A,5
230.0,140.0,550,-3.78951050540264,45.0,140.0,-32.086731631804014,-18.230125193107227,-7.519485951611591,me_sym_h6p5_cap4p2_loop9p4_air1p0,P1A,5
235.0,145.0,550,-5.52757075784254,90.0,145.0,-32.086731631804014,-18.17172850822389,-7.459473908741519,me_sym_h6p5_cap4p2_loop9p4_air1p0,P1A,5
240.0,150.0,550,-9.0016437472045,90.0,150.0,-32.086731631804014,-17.690350155450886,-7.30847179923678,me_sym_h6p5_cap4p2_loop9p4_air1p0,P1A,5
245.0,155.0,550,-15.2627905332272,90.0,155.0,-32.086731631804014,-17.478747649291925,-7.0430450078221485,me_sym_h6p5_cap4p2_loop9p4_air1p0,P1A,5
250.0,160.0,550,-19.5713760689877,90.0,160.0,-32.086731631804014,-17.352401894185515,-6.5926408789194015,me_sym_h6p5_cap4p2_loop9p4_air1p0,P1A,5
255.0,165.0,550,-19.5713760689877,90.0,160.0,-32.086731631804014,-17.049639397509825,-6.367462975290089,me_sym_h6p5_cap4p2_loop9p4_air1p0,P1A,5
260.0,170.0,550,-19.5713760689877,90.0,160.0,-32.086731631804014,-16.813531804671634,-6.269546511322638,me_sym_h6p5_cap4p2_loop9p4_air1p0,P1A,5
265.0,175.0,550,-19.5713760689877,90.0,160.0,-32.086731631804014,-16.807099656569086,-6.081810831784478,me_sym_h6p5_cap4p2_loop9p4_air1p0,P1A,5
270.0,180.0,550,-19.5713760689877,90.0,160.0,-41.26944483161448,-17.049639397509825,-6.047713438111999,me_sym_h6p5_cap4p2_loop9p4_air1p0,P1A,5
275.0,185.0,550,-19.5713760689877,90.0,160.0,-41.26944483161448,-17.256561506715887,-5.997104074316222,me_sym_h6p5_cap4p2_loop9p4_air1p0,P1A,5
280.0,190.0,550,-19.5713760689877,90.0,160.0,-41.26944483161448,-17.297559076517604,-5.72143131081035,me_sym_h6p5_cap4p2_loop9p4_air1p0,P1A,5
285.0,195.0,550,-19.5713760689877,90.0,160.0,-41.26944483161448,-17.256561506715887,-5.700309675813698,me_sym_h6p5_cap4p2_loop9p4_air1p0,P1A,5
290.0,200.0,550,-22.7164361608488,85.0,200.0,-41.26944483161448,-17.049639397509825,-5.590561779842227,me_sym_h6p5_cap4p2_loop9p4_air1p0,P1A,5
295.0,205.0,550,-22.7164361608488,85.0,200.0,-41.26944483161448,-16.807099656569086,-5.416716650558016,me_sym_h6p5_cap4p2_loop9p4_air1p0,P1A,5
300.0,210.0,550,-22.7164361608488,85.0,200.0,-41.26944483161448,-17.256561506715887,-5.406735951028839,me_sym_h6p5_cap4p2_loop9p4_air1p0,P1A,5
305.0,215.0,550,-22.7164361608488,85.0,200.0,-41.26944483161448,-17.51099454892309,-5.406735951028839,me_sym_h6p5_cap4p2_loop9p4_air1p0,P1A,5
310.0,220.0,550,-22.7164361608488,85.0,200.0,-41.26944483161448,-18.17172850822389,-5.411790567983822,me_sym_h6p5_cap4p2_loop9p4_air1p0,P1A,5
315.0,225.0,550,-22.7164361608488,85.0,200.0,-41.26944483161448,-18.719535855640984,-5.47425973150657,me_sym_h6p5_cap4p2_loop9p4_air1p0,P1A,5
320.0,230.0,550,-22.7164361608488,85.0,200.0,-41.26944483161448,-19.908117002660234,-5.582853619809618,me_sym_h6p5_cap4p2_loop9p4_air1p0,P1A,5
325.0,235.0,550,-22.7164361608488,85.0,200.0,-41.26944483161448,-20.146364457801603,-5.623726589273593,me_sym_h6p5_cap4p2_loop9p4_air1p0,P1A,5
330.0,240.0,550,-22.7164361608488,85.0,200.0,-41.26944483161448,-20.67433321953437,-5.6589783914256975,me_sym_h6p5_cap4p2_loop9p4_air1p0,P1A,5
335.0,245.0,550,-22.7164361608488,85.0,200.0,-41.26944483161448,-20.677676938741797,-5.710272966387224,me_sym_h6p5_cap4p2_loop9p4_air1p0,P1A,5
340.0,250.0,550,-22.7164361608488,85.0,200.0,-41.26944483161448,-20.677676938741797,-5.72143131081035,me_sym_h6p5_cap4p2_loop9p4_air1p0,P1A,5
345.0,255.0,550,-22.7164361608488,85.0,200.0,-41.26944483161448,-20.677676938741797,-5.81241298546689,me_sym_h6p5_cap4p2_loop9p4_air1p0,P1A,5
350.0,260.0,550,-22.7164361608488,85.0,200.0,-41.26944483161448,-20.677676938741797,-5.906527130542168,me_sym_h6p5_cap4p2_loop9p4_air1p0,P1A,5
355.0,265.0,550,-22.7164361608488,85.0,200.0,-41.26944483161448,-20.34463835384223,-5.933644244916174,me_sym_h6p5_cap4p2_loop9p4_air1p0,P1A,5
0.0,270.0,550,-30.689309984393,50.0,180.0,-28.235891845783353,18.68906118189367,30.732485000969007,me_sym_h6p5_cap4p2_loop9p4_air1p0,P1B,5
5.0,275.0,550,-30.689309984393,50.0,180.0,-28.235891845783353,19.17589162449387,30.732485000969007,me_sym_h6p5_cap4p2_loop9p4_air1p0,P1B,5
10.0,280.0,550,-30.689309984393,50.0,180.0,-28.235891845783353,20.46364755316582,30.732485000969007,me_sym_h6p5_cap4p2_loop9p4_air1p0,P1B,5
15.0,285.0,550,-30.689309984393,50.0,180.0,-28.235891845783353,20.46364755316582,30.732485000969007,me_sym_h6p5_cap4p2_loop9p4_air1p0,P1B,5
20.0,290.0,550,-30.689309984393,50.0,180.0,-28.235891845783353,20.46364755316582,30.737258923212543,me_sym_h6p5_cap4p2_loop9p4_air1p0,P1B,5
25.0,295.0,550,-30.689309984393,50.0,180.0,-28.235891845783353,20.46364755316582,30.566661163992123,me_sym_h6p5_cap4p2_loop9p4_air1p0,P1B,5
30.0,300.0,550,-30.689309984393,50.0,180.0,-28.235891845783353,20.46364755316582,30.34878907034285,me_sym_h6p5_cap4p2_loop9p4_air1p0,P1B,5
35.0,305.0,550,-30.689309984393,50.0,180.0,-28.235891845783353,20.46364755316582,30.1542138128899,me_sym_h6p5_cap4p2_loop9p4_air1p0,P1B,5
40.0,310.0,550,-30.689309984393,50.0,180.0,-28.235891845783353,20.46364755316582,30.09024389120153,me_sym_h6p5_cap4p2_loop9p4_air1p0,P1B,5
45.0,315.0,550,-30.689309984393,50.0,180.0,-28.235891845783353,20.46364755316582,29.85332163240865,me_sym_h6p5_cap4p2_loop9p4_air1p0,P1B,5
50.0,320.0,550,-30.689309984393,50.0,180.0,-28.235891845783353,20.46364755316582,29.662778610401098,me_sym_h6p5_cap4p2_loop9p4_air1p0,P1B,5
55.0,325.0,550,-30.689309984393,50.0,180.0,-28.235891845783353,20.46364755316582,29.576580065537957,me_sym_h6p5_cap4p2_loop9p4_air1p0,P1B,5
60.0,330.0,550,-30.689309984393,50.0,180.0,-28.235891845783353,20.46364755316582,29.526612428272934,me_sym_h6p5_cap4p2_loop9p4_air1p0,P1B,5
65.0,335.0,550,-30.689309984393,50.0,180.0,-28.235891845783353,20.46364755316582,29.396323545782575,me_sym_h6p5_cap4p2_loop9p4_air1p0,P1B,5
70.0,340.0,550,-30.689309984393,50.0,180.0,-28.235891845783353,20.46364755316582,29.319952894350635,me_sym_h6p5_cap4p2_loop9p4_air1p0,P1B,5
75.0,345.0,550,-30.689309984393,50.0,180.0,-28.235891845783353,20.46364755316582,29.111861490082397,me_sym_h6p5_cap4p2_loop9p4_air1p0,P1B,5
80.0,350.0,550,-30.689309984393,50.0,180.0,-28.235891845783353,20.46364755316582,28.990328332241738,me_sym_h6p5_cap4p2_loop9p4_air1p0,P1B,5
85.0,355.0,550,-30.689309984393,50.0,180.0,-28.235891845783353,19.17210833064906,28.88285447914437,me_sym_h6p5_cap4p2_loop9p4_air1p0,P1B,5
90.0,0.0,550,-30.689309984393,50.0,180.0,-28.235891845783353,18.55413474070759,28.749114050996955,me_sym_h6p5_cap4p2_loop9p4_air1p0,P1B,5
95.0,5.0,550,-30.689309984393,50.0,180.0,-28.235891845783353,18.54716816494667,28.55532304648876,me_sym_h6p5_cap4p2_loop9p4_air1p0,P1B,5
100.0,10.0,550,-30.689309984393,50.0,180.0,-28.235891845783353,18.54716816494667,28.391547514356454,me_sym_h6p5_cap4p2_loop9p4_air1p0,P1B,5
105.0,15.0,550,-30.689309984393,50.0,180.0,-28.235891845783353,18.54716816494667,28.48772352319555,me_sym_h6p5_cap4p2_loop9p4_air1p0,P1B,5
110.0,20.0,550,-30.689309984393,50.0,180.0,-28.235891845783353,18.54716816494667,28.577569056990523,me_sym_h6p5_cap4p2_loop9p4_air1p0,P1B,5
115.0,25.0,550,-30.689309984393,50.0,180.0,-28.235891845783353,18.54716816494667,28.630067555002295,me_sym_h6p5_cap4p2_loop9p4_air1p0,P1B,5
120.0,30.0,550,-30.689309984393,50.0,180.0,-28.235891845783353,18.54716816494667,28.757999349461084,me_sym_h6p5_cap4p2_loop9p4_air1p0,P1B,5
125.0,35.0,550,-30.689309984393,50.0,180.0,-28.235891845783353,18.54716816494667,28.81029554706597,me_sym_h6p5_cap4p2_loop9p4_air1p0,P1B,5
130.0,40.0,550,-30.689309984393,50.0,180.0,-28.235891845783353,18.54716816494667,28.831023326161684,me_sym_h6p5_cap4p2_loop9p4_air1p0,P1B,5
135.0,45.0,550,-30.689309984393,50.0,180.0,-28.235891845783353,18.54716816494667,28.854851887128685,me_sym_h6p5_cap4p2_loop9p4_air1p0,P1B,5
140.0,50.0,550,-30.689309984393,50.0,180.0,-28.235891845783353,18.54716816494667,28.88285447914437,me_sym_h6p5_cap4p2_loop9p4_air1p0,P1B,5
145.0,55.0,550,-30.689309984393,50.0,180.0,-28.235891845783353,18.54716816494667,28.893343866658576,me_sym_h6p5_cap4p2_loop9p4_air1p0,P1B,5
150.0,60.0,550,-30.689309984393,50.0,180.0,-28.235891845783353,18.54716816494667,28.893343866658576,me_sym_h6p5_cap4p2_loop9p4_air1p0,P1B,5
155.0,65.0,550,-30.689309984393,50.0,180.0,-28.235891845783353,18.54716816494667,28.893343866658576,me_sym_h6p5_cap4p2_loop9p4_air1p0,P1B,5
160.0,70.0,550,-30.689309984393,50.0,180.0,-28.235891845783353,18.54716816494667,28.893343866658576,me_sym_h6p5_cap4p2_loop9p4_air1p0,P1B,5
165.0,75.0,550,-30.689309984393,50.0,180.0,-28.235891845783353,18.54716816494667,28.893343866658576,me_sym_h6p5_cap4p2_loop9p4_air1p0,P1B,5
170.0,80.0,550,-30.689309984393,50.0,180.0,-28.235891845783353,18.54716816494667,28.893343866658576,me_sym_h6p5_cap4p2_loop9p4_air1p0,P1B,5
175.0,85.0,550,-30.689309984393,50.0,180.0,-28.235891845783353,18.54716816494667,28.983965742089858,me_sym_h6p5_cap4p2_loop9p4_air1p0,P1B,5
180.0,90.0,550,-30.689309984393,50.0,180.0,-28.235891845783353,18.54716816494667,29.111861490082397,me_sym_h6p5_cap4p2_loop9p4_air1p0,P1B,5
185.0,95.0,550,-26.6197972646843,60.0,0.0,-11.502664854668986,18.754791930904084,29.30925248337685,me_sym_h6p5_cap4p2_loop9p4_air1p0,P1B,5
190.0,100.0,550,-26.6197972646843,60.0,0.0,-11.502664854668986,18.754791930904084,29.39328463744383,me_sym_h6p5_cap4p2_loop9p4_air1p0,P1B,5
195.0,105.0,550,-26.6197972646843,60.0,0.0,-11.502664854668986,18.754791930904084,29.526009617033356,me_sym_h6p5_cap4p2_loop9p4_air1p0,P1B,5
200.0,110.0,550,-26.6197972646843,60.0,0.0,-11.502664854668986,18.754791930904084,29.526009617033356,me_sym_h6p5_cap4p2_loop9p4_air1p0,P1B,5
205.0,115.0,550,-26.6197972646843,60.0,0.0,-11.502664854668986,18.754791930904084,29.333405423293833,me_sym_h6p5_cap4p2_loop9p4_air1p0,P1B,5
210.0,120.0,550,-26.6197972646843,60.0,0.0,-11.502664854668986,18.754791930904084,29.29918393861204,me_sym_h6p5_cap4p2_loop9p4_air1p0,P1B,5
215.0,125.0,550,-26.6197972646843,60.0,0.0,-11.502664854668986,18.754791930904084,29.16775581530907,me_sym_h6p5_cap4p2_loop9p4_air1p0,P1B,5
220.0,130.0,550,-26.6197972646843,60.0,0.0,-11.502664854668986,18.754791930904084,29.111861490082397,me_sym_h6p5_cap4p2_loop9p4_air1p0,P1B,5
225.0,135.0,550,-26.6197972646843,60.0,0.0,-11.502664854668986,18.754791930904084,29.100480586108905,me_sym_h6p5_cap4p2_loop9p4_air1p0,P1B,5
230.0,140.0,550,-26.6197972646843,60.0,0.0,-11.502664854668986,18.754791930904084,29.109165282468325,me_sym_h6p5_cap4p2_loop9p4_air1p0,P1B,5
235.0,145.0,550,-26.6197972646843,60.0,0.0,-11.502664854668986,18.754791930904084,29.29918393861204,me_sym_h6p5_cap4p2_loop9p4_air1p0,P1B,5
240.0,150.0,550,-26.6197972646843,60.0,0.0,-11.502664854668986,18.754791930904084,29.526612428272934,me_sym_h6p5_cap4p2_loop9p4_air1p0,P1B,5
245.0,155.0,550,-26.6197972646843,60.0,0.0,-11.502664854668986,18.754791930904084,29.794051023191773,me_sym_h6p5_cap4p2_loop9p4_air1p0,P1B,5
250.0,160.0,550,-26.6197972646843,60.0,0.0,-11.502664854668986,18.874076422404713,30.09048946877826,me_sym_h6p5_cap4p2_loop9p4_air1p0,P1B,5
255.0,165.0,550,-26.6197972646843,60.0,0.0,-11.502664854668986,18.98542993594539,30.536126143208143,me_sym_h6p5_cap4p2_loop9p4_air1p0,P1B,5
260.0,170.0,550,-26.6197972646843,60.0,0.0,-11.502664854668986,19.13656207214712,30.536126143208143,me_sym_h6p5_cap4p2_loop9p4_air1p0,P1B,5
265.0,175.0,550,-26.6197972646843,60.0,0.0,-11.502664854668986,19.13656207214712,30.536126143208143,me_sym_h6p5_cap4p2_loop9p4_air1p0,P1B,5
270.0,180.0,550,-30.689309984393,50.0,180.0,-28.235891845783353,18.580965279121372,30.536126143208143,me_sym_h6p5_cap4p2_loop9p4_air1p0,P1B,5
275.0,185.0,550,-30.689309984393,50.0,180.0,-28.235891845783353,18.580965279121372,30.412327106975845,me_sym_h6p5_cap4p2_loop9p4_air1p0,P1B,5
280.0,190.0,550,-30.689309984393,50.0,180.0,-28.235891845783353,18.580965279121372,30.412327106975845,me_sym_h6p5_cap4p2_loop9p4_air1p0,P1B,5
285.0,195.0,550,-30.689309984393,50.0,180.0,-28.235891845783353,18.580965279121372,30.536126143208143,me_sym_h6p5_cap4p2_loop9p4_air1p0,P1B,5
290.0,200.0,550,-30.689309984393,50.0,180.0,-28.235891845783353,18.580965279121372,30.654978961297314,me_sym_h6p5_cap4p2_loop9p4_air1p0,P1B,5
295.0,205.0,550,-30.689309984393,50.0,180.0,-28.235891845783353,18.580965279121372,30.787298456395558,me_sym_h6p5_cap4p2_loop9p4_air1p0,P1B,5
300.0,210.0,550,-30.689309984393,50.0,180.0,-28.235891845783353,18.580965279121372,30.934031802282217,me_sym_h6p5_cap4p2_loop9p4_air1p0,P1B,5
305.0,215.0,550,-30.689309984393,50.0,180.0,-28.235891845783353,18.580965279121372,31.062124904202282,me_sym_h6p5_cap4p2_loop9p4_air1p0,P1B,5
310.0,220.0,550,-30.689309984393,50.0,180.0,-28.235891845783353,18.580965279121372,31.062124904202282,me_sym_h6p5_cap4p2_loop9p4_air1p0,P1B,5
315.0,225.0,550,-30.689309984393,50.0,180.0,-28.235891845783353,18.580965279121372,31.00630434491517,me_sym_h6p5_cap4p2_loop9p4_air1p0,P1B,5
320.0,230.0,550,-30.689309984393,50.0,180.0,-28.235891845783353,18.580965279121372,30.9731902669026,me_sym_h6p5_cap4p2_loop9p4_air1p0,P1B,5
325.0,235.0,550,-30.689309984393,50.0,180.0,-28.235891845783353,18.580965279121372,30.92770688829394,me_sym_h6p5_cap4p2_loop9p4_air1p0,P1B,5
330.0,240.0,550,-30.689309984393,50.0,180.0,-28.235891845783353,18.580965279121372,30.908983513720628,me_sym_h6p5_cap4p2_loop9p4_air1p0,P1B,5
335.0,245.0,550,-30.689309984393,50.0,180.0,-28.235891845783353,18.580965279121372,30.823017235745485,me_sym_h6p5_cap4p2_loop9p4_air1p0,P1B,5
340.0,250.0,550,-30.689309984393,50.0,180.0,-28.235891845783353,18.55413474070759,30.754825029156464,me_sym_h6p5_cap4p2_loop9p4_air1p0,P1B,5
345.0,255.0,550,-30.689309984393,50.0,180.0,-28.235891845783353,18.54716816494667,30.732485000969007,me_sym_h6p5_cap4p2_loop9p4_air1p0,P1B,5
350.0,260.0,550,-30.689309984393,50.0,180.0,-28.235891845783353,18.54716816494667,30.732485000969007,me_sym_h6p5_cap4p2_loop9p4_air1p0,P1B,5
355.0,265.0,550,-30.689309984393,50.0,180.0,-28.235891845783353,18.54716816494667,30.732485000969007,me_sym_h6p5_cap4p2_loop9p4_air1p0,P1B,5
0.0,270.0,550,-19.6353818940865,90.0,240.0,-26.98136483588256,-11.754615470950665,-0.8642146542503237,cross_pifa_h3p5_l8p8_w8p0_feed8p40,P1A,6
5.0,275.0,550,-19.6353818940865,90.0,240.0,-26.98136483588256,-11.754615470950665,-0.885550022342514,cross_pifa_h3p5_l8p8_w8p0_feed8p40,P1A,6
10.0,280.0,550,-19.6353818940865,90.0,240.0,-26.98136483588256,-11.399510292132796,-0.8642146542503237,cross_pifa_h3p5_l8p8_w8p0_feed8p40,P1A,6
15.0,285.0,550,-19.6353818940865,90.0,240.0,-18.781927207988982,-10.743275927144953,-0.8090563891177366,cross_pifa_h3p5_l8p8_w8p0_feed8p40,P1A,6
20.0,290.0,550,-19.6353818940865,90.0,240.0,-12.66029216877834,-10.161786567116042,-0.728448303120084,cross_pifa_h3p5_l8p8_w8p0_feed8p40,P1A,6
25.0,295.0,550,-19.6353818940865,90.0,240.0,-12.66029216877834,-9.249696178689774,-0.682850713510748,cross_pifa_h3p5_l8p8_w8p0_feed8p40,P1A,6
30.0,300.0,550,-19.6353818940865,90.0,240.0,-12.66029216877834,-9.249696178689774,-0.6566101446482121,cross_pifa_h3p5_l8p8_w8p0_feed8p40,P1A,6
35.0,305.0,550,-19.6353818940865,90.0,240.0,-12.66029216877834,-9.249696178689774,-0.6033356180231947,cross_pifa_h3p5_l8p8_w8p0_feed8p40,P1A,6
40.0,310.0,550,-19.6353818940865,90.0,240.0,-12.66029216877834,-9.249696178689774,-0.5119989584260697,cross_pifa_h3p5_l8p8_w8p0_feed8p40,P1A,6
45.0,315.0,550,-19.6353818940865,90.0,240.0,-12.66029216877834,-9.249696178689774,-0.4035044558896301,cross_pifa_h3p5_l8p8_w8p0_feed8p40,P1A,6
50.0,320.0,550,-19.6353818940865,90.0,240.0,-12.66029216877834,-9.249696178689774,-0.29147134283197906,cross_pifa_h3p5_l8p8_w8p0_feed8p40,P1A,6
55.0,325.0,550,-19.6353818940865,90.0,240.0,-12.66029216877834,-9.249696178689774,-0.14712507553297519,cross_pifa_h3p5_l8p8_w8p0_feed8p40,P1A,6
60.0,330.0,550,-19.6353818940865,90.0,240.0,-12.66029216877834,-9.249696178689774,-0.04691448573081201,cross_pifa_h3p5_l8p8_w8p0_feed8p40,P1A,6
65.0,335.0,550,-19.6353818940865,90.0,240.0,-12.66029216877834,-9.249696178689774,-0.017363291531861516,cross_pifa_h3p5_l8p8_w8p0_feed8p40,P1A,6
70.0,340.0,550,-19.6353818940865,90.0,240.0,-12.66029216877834,-9.249696178689774,0.03597081914303616,cross_pifa_h3p5_l8p8_w8p0_feed8p40,P1A,6
75.0,345.0,550,-19.6353818940865,90.0,240.0,-12.66029216877834,-9.249696178689774,0.07591442520731079,cross_pifa_h3p5_l8p8_w8p0_feed8p40,P1A,6
80.0,350.0,550,-19.6353818940865,90.0,240.0,-12.66029216877834,-9.249696178689774,0.14993865167168188,cross_pifa_h3p5_l8p8_w8p0_feed8p40,P1A,6
85.0,355.0,550,-19.6353818940865,90.0,240.0,-12.66029216877834,-9.249696178689774,0.14993865167168188,cross_pifa_h3p5_l8p8_w8p0_feed8p40,P1A,6
90.0,0.0,550,-19.6353818940865,90.0,240.0,-12.66029216877834,-9.249696178689774,0.015059721366122509,cross_pifa_h3p5_l8p8_w8p0_feed8p40,P1A,6
95.0,5.0,550,-19.6353818940865,90.0,240.0,-12.66029216877834,-9.905688918108702,-0.04691448573081201,cross_pifa_h3p5_l8p8_w8p0_feed8p40,P1A,6
100.0,10.0,550,-19.6353818940865,90.0,240.0,-26.98136483588256,-10.518429431428213,-0.21379017615409945,cross_pifa_h3p5_l8p8_w8p0_feed8p40,P1A,6
105.0,15.0,550,-19.6353818940865,90.0,240.0,-26.98136483588256,-11.272206775268137,-0.3749999719138134,cross_pifa_h3p5_l8p8_w8p0_feed8p40,P1A,6
110.0,20.0,550,-19.6353818940865,90.0,240.0,-26.98136483588256,-11.754615470950665,-0.5476942429935967,cross_pifa_h3p5_l8p8_w8p0_feed8p40,P1A,6
115.0,25.0,550,-19.6353818940865,90.0,240.0,-26.98136483588256,-11.754615470950665,-0.682850713510748,cross_pifa_h3p5_l8p8_w8p0_feed8p40,P1A,6
120.0,30.0,550,-19.6353818940865,90.0,240.0,-26.98136483588256,-11.754615470950665,-0.9110046996107974,cross_pifa_h3p5_l8p8_w8p0_feed8p40,P1A,6
125.0,35.0,550,-19.6353818940865,90.0,240.0,-26.98136483588256,-11.754615470950665,-1.1596055382085377,cross_pifa_h3p5_l8p8_w8p0_feed8p40,P1A,6
130.0,40.0,550,-19.6353818940865,90.0,240.0,-26.98136483588256,-11.754615470950665,-1.328282661938628,cross_pifa_h3p5_l8p8_w8p0_feed8p40,P1A,6
135.0,45.0,550,-19.6353818940865,90.0,240.0,-26.98136483588256,-11.754615470950665,-1.5627223180360397,cross_pifa_h3p5_l8p8_w8p0_feed8p40,P1A,6
140.0,50.0,550,-19.6353818940865,90.0,240.0,-26.98136483588256,-11.754615470950665,-1.6813269310212362,cross_pifa_h3p5_l8p8_w8p0_feed8p40,P1A,6
145.0,55.0,550,-19.6353818940865,90.0,240.0,-26.98136483588256,-11.754615470950665,-1.6813269310212362,cross_pifa_h3p5_l8p8_w8p0_feed8p40,P1A,6
150.0,60.0,550,-19.6353818940865,90.0,240.0,-26.98136483588256,-11.754615470950665,-1.6226745266975335,cross_pifa_h3p5_l8p8_w8p0_feed8p40,P1A,6
155.0,65.0,550,-19.6353818940865,90.0,240.0,-26.98136483588256,-11.754615470950665,-1.5510106515650137,cross_pifa_h3p5_l8p8_w8p0_feed8p40,P1A,6
160.0,70.0,550,-19.6353818940865,90.0,240.0,-26.98136483588256,-11.754615470950665,-1.5009619134695495,cross_pifa_h3p5_l8p8_w8p0_feed8p40,P1A,6
165.0,75.0,550,-19.6353818940865,90.0,240.0,-26.98136483588256,-11.754615470950665,-1.5009619134695495,cross_pifa_h3p5_l8p8_w8p0_feed8p40,P1A,6
170.0,80.0,550,-19.6353818940865,90.0,240.0,-26.98136483588256,-11.754615470950665,-1.5009619134695495,cross_pifa_h3p5_l8p8_w8p0_feed8p40,P1A,6
175.0,85.0,550,-19.6353818940865,90.0,240.0,-26.98136483588256,-11.754615470950665,-1.5009619134695495,cross_pifa_h3p5_l8p8_w8p0_feed8p40,P1A,6
180.0,90.0,550,-19.6353818940865,90.0,240.0,-26.98136483588256,-11.754615470950665,-1.5009619134695495,cross_pifa_h3p5_l8p8_w8p0_feed8p40,P1A,6
185.0,95.0,550,-19.6353818940865,90.0,240.0,-26.98136483588256,-11.754615470950665,-1.5009619134695495,cross_pifa_h3p5_l8p8_w8p0_feed8p40,P1A,6
190.0,100.0,550,-19.6353818940865,90.0,240.0,-26.98136483588256,-11.754615470950665,-1.5009619134695495,cross_pifa_h3p5_l8p8_w8p0_feed8p40,P1A,6
195.0,105.0,550,-19.6353818940865,90.0,240.0,-26.98136483588256,-11.754615470950665,-1.5009619134695495,cross_pifa_h3p5_l8p8_w8p0_feed8p40,P1A,6
200.0,110.0,550,-19.6353818940865,90.0,240.0,-26.98136483588256,-11.754615470950665,-1.5009619134695495,cross_pifa_h3p5_l8p8_w8p0_feed8p40,P1A,6
205.0,115.0,550,-19.6353818940865,90.0,240.0,-26.98136483588256,-11.754615470950665,-1.5009619134695495,cross_pifa_h3p5_l8p8_w8p0_feed8p40,P1A,6
210.0,120.0,550,-19.6353818940865,90.0,240.0,-26.98136483588256,-11.754615470950665,-1.2222388853248065,cross_pifa_h3p5_l8p8_w8p0_feed8p40,P1A,6
215.0,125.0,550,-19.6353818940865,90.0,240.0,-26.98136483588256,-11.754615470950665,-1.0562487147060438,cross_pifa_h3p5_l8p8_w8p0_feed8p40,P1A,6
220.0,130.0,550,-19.6353818940865,90.0,240.0,-26.98136483588256,-11.754615470950665,-0.9087523207875101,cross_pifa_h3p5_l8p8_w8p0_feed8p40,P1A,6
225.0,135.0,550,-19.6353818940865,90.0,240.0,-26.98136483588256,-11.754615470950665,-0.7309168741866628,cross_pifa_h3p5_l8p8_w8p0_feed8p40,P1A,6
230.0,140.0,550,-19.6353818940865,90.0,240.0,-26.98136483588256,-11.754615470950665,-0.6155181146073978,cross_pifa_h3p5_l8p8_w8p0_feed8p40,P1A,6
235.0,145.0,550,-19.6353818940865,90.0,240.0,-26.98136483588256,-11.754615470950665,-0.5739622897933673,cross_pifa_h3p5_l8p8_w8p0_feed8p40,P1A,6
240.0,150.0,550,-19.6353818940865,90.0,240.0,-26.98136483588256,-11.467852547477829,-0.46241340210872717,cross_pifa_h3p5_l8p8_w8p0_feed8p40,P1A,6
245.0,155.0,550,-18.496114596234,90.0,245.0,-26.98136483588256,-11.336949170627753,-0.5592735982939977,cross_pifa_h3p5_l8p8_w8p0_feed8p40,P1A,6
250.0,160.0,550,-16.7692915396117,85.0,250.0,-26.98136483588256,-11.195693219610018,-0.4483913994606551,cross_pifa_h3p5_l8p8_w8p0_feed8p40,P1A,6
255.0,165.0,550,-15.0682867025888,85.0,255.0,-26.98136483588256,-10.584266048116808,-0.37614099583824023,cross_pifa_h3p5_l8p8_w8p0_feed8p40,P1A,6
260.0,170.0,550,-13.5873475113277,85.0,260.0,-26.98136483588256,-10.54588223751686,-0.22326288393217225,cross_pifa_h3p5_l8p8_w8p0_feed8p40,P1A,6
265.0,175.0,550,-12.3355545381457,85.0,265.0,-26.98136483588256,-10.32748782406034,-0.07127520229221962,cross_pifa_h3p5_l8p8_w8p0_feed8p40,P1A,6
270.0,180.0,550,-11.6969222175579,50.0,115.0,-26.98136483588256,-10.07184879831982,0.015059721366122509,cross_pifa_h3p5_l8p8_w8p0_feed8p40,P1A,6
275.0,185.0,550,-11.6969222175579,50.0,115.0,-26.98136483588256,-10.07184879831982,0.287853787309943,cross_pifa_h3p5_l8p8_w8p0_feed8p40,P1A,6
280.0,190.0,550,-11.6969222175579,50.0,115.0,-26.98136483588256,-10.07184879831982,0.4321617074096191,cross_pifa_h3p5_l8p8_w8p0_feed8p40,P1A,6
285.0,195.0,550,-11.6969222175579,50.0,115.0,-26.98136483588256,-10.07184879831982,0.720048134441636,cross_pifa_h3p5_l8p8_w8p0_feed8p40,P1A,6
290.0,200.0,550,-11.6969222175579,50.0,115.0,-26.98136483588256,-10.07184879831982,0.6731868248660484,cross_pifa_h3p5_l8p8_w8p0_feed8p40,P1A,6
295.0,205.0,550,-11.6969222175579,50.0,115.0,-26.98136483588256,-10.07184879831982,0.6033747174864341,cross_pifa_h3p5_l8p8_w8p0_feed8p40,P1A,6
300.0,210.0,550,-11.6969222175579,50.0,115.0,-26.98136483588256,-10.07184879831982,0.510502182541142,cross_pifa_h3p5_l8p8_w8p0_feed8p40,P1A,6
305.0,215.0,550,-11.6969222175579,50.0,115.0,-26.98136483588256,-10.07184879831982,0.4529162880183627,cross_pifa_h3p5_l8p8_w8p0_feed8p40,P1A,6
310.0,220.0,550,-11.6969222175579,50.0,115.0,-26.98136483588256,-10.07184879831982,0.42867077184356783,cross_pifa_h3p5_l8p8_w8p0_feed8p40,P1A,6
315.0,225.0,550,-13.6840117222194,90.0,225.0,-26.98136483588256,-10.094281683776693,0.3170429674784319,cross_pifa_h3p5_l8p8_w8p0_feed8p40,P1A,6
320.0,230.0,550,-16.1169385365144,90.0,230.0,-26.98136483588256,-10.336271412201603,0.12532442954875594,cross_pifa_h3p5_l8p8_w8p0_feed8p40,P1A,6
325.0,235.0,550,-18.5721805372956,90.0,235.0,-26.98136483588256,-10.54588223751686,0.03597081914303616,cross_pifa_h3p5_l8p8_w8p0_feed8p40,P1A,6
330.0,240.0,550,-19.6353818940865,90.0,240.0,-26.98136483588256,-11.248630837555735,-0.04691448573081201,cross_pifa_h3p5_l8p8_w8p0_feed8p40,P1A,6
335.0,245.0,550,-19.6353818940865,90.0,240.0,-26.98136483588256,-11.322186484420342,-0.20889955847430922,cross_pifa_h3p5_l8p8_w8p0_feed8p40,P1A,6
340.0,250.0,550,-19.6353818940865,90.0,240.0,-26.98136483588256,-11.467852547477829,-0.29835481173699807,cross_pifa_h3p5_l8p8_w8p0_feed8p40,P1A,6
345.0,255.0,550,-19.6353818940865,90.0,240.0,-26.98136483588256,-11.754615470950665,-0.4381141885857098,cross_pifa_h3p5_l8p8_w8p0_feed8p40,P1A,6
350.0,260.0,550,-19.6353818940865,90.0,240.0,-26.98136483588256,-11.754615470950665,-0.6033356180231947,cross_pifa_h3p5_l8p8_w8p0_feed8p40,P1A,6
355.0,265.0,550,-19.6353818940865,90.0,240.0,-26.98136483588256,-11.754615470950665,-0.6872349034571328,cross_pifa_h3p5_l8p8_w8p0_feed8p40,P1A,6
0.0,270.0,550,-12.0626006881313,45.0,120.0,-22.91429215210462,-15.1226522241317,1.0151940956103571,cross_pifa_h3p5_l8p8_w8p0_feed8p40,P1B,6
5.0,275.0,550,-12.0626006881313,45.0,120.0,-22.91429215210462,-15.1226522241317,1.215802577782701,cross_pifa_h3p5_l8p8_w8p0_feed8p40,P1B,6
10.0,280.0,550,-12.0626006881313,45.0,120.0,-22.91429215210462,-15.1226522241317,1.3723888364625414,cross_pifa_h3p5_l8p8_w8p0_feed8p40,P1B,6
15.0,285.0,550,-12.0626006881313,45.0,120.0,-22.91429215210462,-15.1226522241317,1.4257805386825444,cross_pifa_h3p5_l8p8_w8p0_feed8p40,P1B,6
20.0,290.0,550,-12.0626006881313,45.0,120.0,-22.91429215210462,-15.1226522241317,1.4447345469040453,cross_pifa_h3p5_l8p8_w8p0_feed8p40,P1B,6
25.0,295.0,550,-12.0626006881313,45.0,120.0,-22.91429215210462,-15.1226522241317,1.5434752595669765,cross_pifa_h3p5_l8p8_w8p0_feed8p40,P1B,6
30.0,300.0,550,-12.0626006881313,45.0,120.0,-22.91429215210462,-15.1226522241317,1.8218304650694201,cross_pifa_h3p5_l8p8_w8p0_feed8p40,P1B,6
35.0,305.0,550,-12.0626006881313,45.0,120.0,-22.91429215210462,-15.1226522241317,2.1024656748520236,cross_pifa_h3p5_l8p8_w8p0_feed8p40,P1B,6
40.0,310.0,550,-12.0626006881313,45.0,120.0,-22.91429215210462,-15.1226522241317,2.4643579074104998,cross_pifa_h3p5_l8p8_w8p0_feed8p40,P1B,6
45.0,315.0,550,-12.0626006881313,45.0,120.0,-22.91429215210462,-15.1226522241317,2.8755366541731537,cross_pifa_h3p5_l8p8_w8p0_feed8p40,P1B,6
50.0,320.0,550,-12.0626006881313,45.0,120.0,-22.91429215210462,-15.1226522241317,2.8755366541731537,cross_pifa_h3p5_l8p8_w8p0_feed8p40,P1B,6
55.0,325.0,550,-12.0626006881313,45.0,120.0,-22.91429215210462,-15.1226522241317,2.8755366541731537,cross_pifa_h3p5_l8p8_w8p0_feed8p40,P1B,6
60.0,330.0,550,-12.0626006881313,45.0,120.0,-22.91429215210462,-14.53368945424387,2.8755366541731537,cross_pifa_h3p5_l8p8_w8p0_feed8p40,P1B,6
65.0,335.0,550,-12.0626006881313,45.0,120.0,-22.69297891182744,-14.249768049450228,2.8755366541731537,cross_pifa_h3p5_l8p8_w8p0_feed8p40,P1B,6
70.0,340.0,550,-12.0626006881313,45.0,120.0,-20.913103269690406,-12.61102741367106,2.8755366541731537,cross_pifa_h3p5_l8p8_w8p0_feed8p40,P1B,6
75.0,345.0,550,-12.0626006881313,45.0,120.0,-20.189299546681042,-11.338835337650426,2.8755366541731537,cross_pifa_h3p5_l8p8_w8p0_feed8p40,P1B,6
80.0,350.0,550,-12.0626006881313,45.0,120.0,-22.417550825038223,-12.012486842792725,2.8755366541731537,cross_pifa_h3p5_l8p8_w8p0_feed8p40,P1B,6
85.0,355.0,550,-12.0626006881313,45.0,120.0,-22.417550825038223,-11.93109216848104,2.8755366541731537,cross_pifa_h3p5_l8p8_w8p0_feed8p40,P1B,6
90.0,0.0,550,-12.0626006881313,45.0,120.0,-22.417550825038223,-11.246626376044839,2.8755366541731537,cross_pifa_h3p5_l8p8_w8p0_feed8p40,P1B,6
95.0,5.0,550,-12.0626006881313,45.0,120.0,-22.417550825038223,-10.68077774101103,2.92037362155133,cross_pifa_h3p5_l8p8_w8p0_feed8p40,P1B,6
100.0,10.0,550,-12.0626006881313,45.0,120.0,-22.417550825038223,-10.1866831234619,3.0032223573307832,cross_pifa_h3p5_l8p8_w8p0_feed8p40,P1B,6
105.0,15.0,550,-12.0626006881313,45.0,120.0,-22.417550825038223,-9.58285677521506,3.3121348584832893,cross_pifa_h3p5_l8p8_w8p0_feed8p40,P1B,6
110.0,20.0,550,-12.0626006881313,45.0,120.0,-22.417550825038223,-9.119724665383833,3.657876552735452,cross_pifa_h3p5_l8p8_w8p0_feed8p40,P1B,6
115.0,25.0,550,-12.0626006881313,45.0,120.0,-22.417550825038223,-8.848086753744385,3.760100628693226,cross_pifa_h3p5_l8p8_w8p0_feed8p40,P1B,6
120.0,30.0,550,-12.0626006881313,45.0,120.0,-22.417550825038223,-7.991837602951152,3.804384427275239,cross_pifa_h3p5_l8p8_w8p0_feed8p40,P1B,6
125.0,35.0,550,-11.704291703945,45.0,125.0,-22.417550825038223,-7.364448795258398,3.8079956977116725,cross_pifa_h3p5_l8p8_w8p0_feed8p40,P1B,6
130.0,40.0,550,-11.5268587063089,85.0,190.0,-22.417550825038223,-7.364448795258398,3.8079956977116725,cross_pifa_h3p5_l8p8_w8p0_feed8p40,P1B,6
135.0,45.0,550,-11.5268587063089,85.0,190.0,-22.417550825038223,-7.991837602951152,3.8079956977116725,cross_pifa_h3p5_l8p8_w8p0_feed8p40,P1B,6
140.0,50.0,550,-11.5268587063089,85.0,190.0,-22.417550825038223,-8.923324318339864,3.8079956977116725,cross_pifa_h3p5_l8p8_w8p0_feed8p40,P1B,6
145.0,55.0,550,-11.5268587063089,85.0,190.0,-22.417550825038223,-9.67371732635163,3.8079956977116725,cross_pifa_h3p5_l8p8_w8p0_feed8p40,P1B,6
150.0,60.0,550,-11.5268587063089,85.0,190.0,-22.91429215210462,-10.576195666106834,3.8079956977116725,cross_pifa_h3p5_l8p8_w8p0_feed8p40,P1B,6
155.0,65.0,550,-11.5268587063089,85.0,190.0,-22.91429215210462,-12.136938748625363,3.8079956977116725,cross_pifa_h3p5_l8p8_w8p0_feed8p40,P1B,6
160.0,70.0,550,-11.5268587063089,85.0,190.0,-22.91429215210462,-13.645273449130915,3.7930091010913443,cross_pifa_h3p5_l8p8_w8p0_feed8p40,P1B,6
165.0,75.0,550,-11.5268587063089,85.0,190.0,-22.91429215210462,-14.53368945424387,3.6624703567335324,cross_pifa_h3p5_l8p8_w8p0_feed8p40,P1B,6
170.0,80.0,550,-11.5268587063089,85.0,190.0,-22.91429215210462,-14.84915600781534,3.3790897695314492,cross_pifa_h3p5_l8p8_w8p0_feed8p40,P1B,6
175.0,85.0,550,-11.5268587063089,85.0,190.0,-22.91429215210462,-15.4392827483589,3.0542696168388095,cross_pifa_h3p5_l8p8_w8p0_feed8p40,P1B,6
180.0,90.0,550,-11.5268587063089,85.0,190.0,-22.91429215210462,-15.4392827483589,2.9529622182516215,cross_pifa_h3p5_l8p8_w8p0_feed8p40,P1B,6
185.0,95.0,550,-11.5268587063089,85.0,190.0,-22.91429215210462,-15.4392827483589,2.8246495086397605,cross_pifa_h3p5_l8p8_w8p0_feed8p40,P1B,6
190.0,100.0,550,-11.5268587063089,85.0,190.0,-22.91429215210462,-15.698190090256057,2.6896178159220785,cross_pifa_h3p5_l8p8_w8p0_feed8p40,P1B,6
195.0,105.0,550,-11.2737433799856,45.0,105.0,-22.91429215210462,-15.703185903634312,2.4226768423948895,cross_pifa_h3p5_l8p8_w8p0_feed8p40,P1B,6
200.0,110.0,550,-11.7578070027996,45.0,110.0,-22.91429215210462,-15.761547290481591,2.175732362497304,cross_pifa_h3p5_l8p8_w8p0_feed8p40,P1B,6
205.0,115.0,550,-12.0555326904761,45.0,115.0,-22.91429215210462,-15.761547290481591,1.9098734496141725,cross_pifa_h3p5_l8p8_w8p0_feed8p40,P1B,6
210.0,120.0,550,-12.0626006881313,45.0,120.0,-22.91429215210462,-15.761547290481591,1.4447345469040453,cross_pifa_h3p5_l8p8_w8p0_feed8p40,P1B,6
215.0,125.0,550,-12.0626006881313,45.0,120.0,-22.91429215210462,-15.761547290481591,1.0678921384541211,cross_pifa_h3p5_l8p8_w8p0_feed8p40,P1B,6
220.0,130.0,550,-12.0626006881313,45.0,120.0,-22.91429215210462,-15.761547290481591,0.6293295518026307,cross_pifa_h3p5_l8p8_w8p0_feed8p40,P1B,6
225.0,135.0,550,-12.0626006881313,45.0,120.0,-22.91429215210462,-15.761547290481591,0.2604688912624754,cross_pifa_h3p5_l8p8_w8p0_feed8p40,P1B,6
230.0,140.0,550,-12.0626006881313,45.0,120.0,-22.91429215210462,-15.761547290481591,-0.17599765902315262,cross_pifa_h3p5_l8p8_w8p0_feed8p40,P1B,6
235.0,145.0,550,-12.0626006881313,45.0,120.0,-22.91429215210462,-15.761547290481591,-0.4048438419756773,cross_pifa_h3p5_l8p8_w8p0_feed8p40,P1B,6
240.0,150.0,550,-12.0626006881313,45.0,120.0,-22.91429215210462,-15.761547290481591,-0.4048438419756773,cross_pifa_h3p5_l8p8_w8p0_feed8p40,P1B,6
245.0,155.0,550,-12.0626006881313,45.0,120.0,-22.91429215210462,-15.761547290481591,-0.4048438419756773,cross_pifa_h3p5_l8p8_w8p0_feed8p40,P1B,6
250.0,160.0,550,-12.0626006881313,45.0,120.0,-22.91429215210462,-15.761547290481591,-0.4048438419756773,cross_pifa_h3p5_l8p8_w8p0_feed8p40,P1B,6
255.0,165.0,550,-12.0626006881313,45.0,120.0,-22.91429215210462,-15.761547290481591,-0.4048438419756773,cross_pifa_h3p5_l8p8_w8p0_feed8p40,P1B,6
260.0,170.0,550,-12.0626006881313,45.0,120.0,-22.91429215210462,-15.761547290481591,-0.4048438419756773,cross_pifa_h3p5_l8p8_w8p0_feed8p40,P1B,6
265.0,175.0,550,-12.0626006881313,45.0,120.0,-22.91429215210462,-15.761547290481591,-0.4642814871913309,cross_pifa_h3p5_l8p8_w8p0_feed8p40,P1B,6
270.0,180.0,550,-12.0626006881313,45.0,120.0,-22.91429215210462,-15.761547290481591,-0.4949636698187968,cross_pifa_h3p5_l8p8_w8p0_feed8p40,P1B,6
275.0,185.0,550,-12.0626006881313,45.0,120.0,-22.91429215210462,-15.761547290481591,-0.5902627187203096,cross_pifa_h3p5_l8p8_w8p0_feed8p40,P1B,6
280.0,190.0,550,-12.0626006881313,45.0,120.0,-22.91429215210462,-15.761547290481591,-0.7467097592930589,cross_pifa_h3p5_l8p8_w8p0_feed8p40,P1B,6
285.0,195.0,550,-12.0626006881313,45.0,120.0,-22.91429215210462,-15.761547290481591,-0.84018933907702,cross_pifa_h3p5_l8p8_w8p0_feed8p40,P1B,6
290.0,200.0,550,-12.0626006881313,45.0,120.0,-22.91429215210462,-15.761547290481591,-0.84018933907702,cross_pifa_h3p5_l8p8_w8p0_feed8p40,P1B,6
295.0,205.0,550,-12.0626006881313,45.0,120.0,-22.91429215210462,-15.761547290481591,-0.84018933907702,cross_pifa_h3p5_l8p8_w8p0_feed8p40,P1B,6
300.0,210.0,550,-12.0626006881313,45.0,120.0,-22.91429215210462,-15.761547290481591,-0.84018933907702,cross_pifa_h3p5_l8p8_w8p0_feed8p40,P1B,6
305.0,215.0,550,-12.0626006881313,45.0,120.0,-22.91429215210462,-15.761547290481591,-0.84018933907702,cross_pifa_h3p5_l8p8_w8p0_feed8p40,P1B,6
310.0,220.0,550,-12.0626006881313,45.0,120.0,-22.91429215210462,-15.761547290481591,-0.84018933907702,cross_pifa_h3p5_l8p8_w8p0_feed8p40,P1B,6
315.0,225.0,550,-12.0626006881313,45.0,120.0,-22.91429215210462,-15.761547290481591,-0.84018933907702,cross_pifa_h3p5_l8p8_w8p0_feed8p40,P1B,6
320.0,230.0,550,-12.0626006881313,45.0,120.0,-22.91429215210462,-15.761547290481591,-0.84018933907702,cross_pifa_h3p5_l8p8_w8p0_feed8p40,P1B,6
325.0,235.0,550,-12.0626006881313,45.0,120.0,-22.91429215210462,-15.761547290481591,-0.84018933907702,cross_pifa_h3p5_l8p8_w8p0_feed8p40,P1B,6
330.0,240.0,550,-12.0626006881313,45.0,120.0,-22.91429215210462,-15.761547290481591,-0.84018933907702,cross_pifa_h3p5_l8p8_w8p0_feed8p40,P1B,6
335.0,245.0,550,-12.0626006881313,45.0,120.0,-22.91429215210462,-15.761547290481591,-0.5902627187203096,cross_pifa_h3p5_l8p8_w8p0_feed8p40,P1B,6
340.0,250.0,550,-12.0626006881313,45.0,120.0,-22.91429215210462,-15.761547290481591,-0.36052044762671864,cross_pifa_h3p5_l8p8_w8p0_feed8p40,P1B,6
345.0,255.0,550,-12.0626006881313,45.0,120.0,-22.91429215210462,-15.761547290481591,0.031048262416298614,cross_pifa_h3p5_l8p8_w8p0_feed8p40,P1B,6
350.0,260.0,550,-12.0626006881313,45.0,120.0,-22.91429215210462,-15.761547290481591,0.31672152534389925,cross_pifa_h3p5_l8p8_w8p0_feed8p40,P1B,6
355.0,265.0,550,-12.0626006881313,45.0,120.0,-22.91429215210462,-15.1226522241317,0.6632333383763812,cross_pifa_h3p5_l8p8_w8p0_feed8p40,P1B,6
0.0,270.0,550,-15.2763624791939,90.0,245.0,-17.945303814136363,-8.7090115922278,-0.1342868997947792,cross_pifa_h4p0_l8p8_w8p0_feed8p40,P1A,7
5.0,275.0,550,-15.2763624791939,90.0,245.0,-17.945303814136363,-8.7090115922278,-0.1285408131242034,cross_pifa_h4p0_l8p8_w8p0_feed8p40,P1A,7
10.0,280.0,550,-15.2763624791939,90.0,245.0,-17.945303814136363,-8.53707628112315,-0.08551390587477908,cross_pifa_h4p0_l8p8_w8p0_feed8p40,P1A,7
15.0,285.0,550,-15.2763624791939,90.0,245.0,-14.527599251717014,-7.9455015703565826,-0.01733927458413635,cross_pifa_h4p0_l8p8_w8p0_feed8p40,P1A,7
20.0,290.0,550,-15.2763624791939,90.0,245.0,-10.57815059621394,-7.701454458295878,0.046123468663057096,cross_pifa_h4p0_l8p8_w8p0_feed8p40,P1A,7
25.0,295.0,550,-15.2763624791939,90.0,245.0,-10.493091659681221,-7.3620431337804675,0.0890024870687666,cross_pifa_h4p0_l8p8_w8p0_feed8p40,P1A,7
30.0,300.0,550,-15.2763624791939,90.0,245.0,-10.493091659681221,-7.202079986267705,0.15524538434262844,cross_pifa_h4p0_l8p8_w8p0_feed8p40,P1A,7
35.0,305.0,550,-15.2763624791939,90.0,245.0,-10.493091659681221,-7.202079986267705,0.1972051036857507,cross_pifa_h4p0_l8p8_w8p0_feed8p40,P1A,7
40.0,310.0,550,-15.2763624791939,90.0,245.0,-10.493091659681221,-7.202079986267705,0.2850014907475711,cross_pifa_h4p0_l8p8_w8p0_feed8p40,P1A,7
45.0,315.0,550,-15.2763624791939,90.0,245.0,-10.493091659681221,-7.202079986267705,0.444456724653916,cross_pifa_h4p0_l8p8_w8p0_feed8p40,P1A,7
50.0,320.0,550,-15.2763624791939,90.0,245.0,-10.493091659681221,-7.202079986267705,0.6483916174189455,cross_pifa_h4p0_l8p8_w8p0_feed8p40,P1A,7
55.0,325.0,550,-15.2763624791939,90.0,245.0,-10.493091659681221,-7.202079986267705,0.756372220124154,cross_pifa_h4p0_l8p8_w8p0_feed8p40,P1A,7
60.0,330.0,550,-15.2763624791939,90.0,245.0,-10.493091659681221,-7.202079986267705,0.8772099007251734,cross_pifa_h4p0_l8p8_w8p0_feed8p40,P1A,7
65.0,335.0,550,-15.2763624791939,90.0,245.0,-10.493091659681221,-7.202079986267705,0.9890226875045225,cross_pifa_h4p0_l8p8_w8p0_feed8p40,P1A,7
70.0,340.0,550,-15.2763624791939,90.0,245.0,-10.493091659681221,-7.202079986267705,1.0913719380836042,cross_pifa_h4p0_l8p8_w8p0_feed8p40,P1A,7
75.0,345.0,550,-15.2763624791939,90.0,245.0,-10.493091659681221,-7.202079986267705,1.2121283162350593,cross_pifa_h4p0_l8p8_w8p0_feed8p40,P1A,7
80.0,350.0,550,-15.2763624791939,90.0,245.0,-10.493091659681221,-7.202079986267705,1.3216187784594027,cross_pifa_h4p0_l8p8_w8p0_feed8p40,P1A,7
85.0,355.0,550,-15.2763624791939,90.0,245.0,-10.493091659681221,-7.202079986267705,1.2477902114645825,cross_pifa_h4p0_l8p8_w8p0_feed8p40,P1A,7
90.0,0.0,550,-15.2763624791939,90.0,245.0,-10.493091659681221,-7.202079986267705,1.0628495915867002,cross_pifa_h4p0_l8p8_w8p0_feed8p40,P1A,7
95.0,5.0,550,-15.2763624791939,90.0,245.0,-12.42474118897934,-7.572354391757634,0.9112458004334698,cross_pifa_h4p0_l8p8_w8p0_feed8p40,P1A,7
100.0,10.0,550,-15.2763624791939,90.0,245.0,-17.945303814136363,-8.24047652665691,0.7900078057645511,cross_pifa_h4p0_l8p8_w8p0_feed8p40,P1A,7
105.0,15.0,550,-15.2763624791939,90.0,245.0,-17.945303814136363,-8.53707628112315,0.6573907176295984,cross_pifa_h4p0_l8p8_w8p0_feed8p40,P1A,7
110.0,20.0,550,-15.2763624791939,90.0,245.0,-17.945303814136363,-8.7090115922278,0.444456724653916,cross_pifa_h4p0_l8p8_w8p0_feed8p40,P1A,7
115.0,25.0,550,-15.2763624791939,90.0,245.0,-17.945303814136363,-8.7090115922278,0.1972051036857507,cross_pifa_h4p0_l8p8_w8p0_feed8p40,P1A,7
120.0,30.0,550,-15.2763624791939,90.0,245.0,-17.945303814136363,-8.7090115922278,0.05353057957232231,cross_pifa_h4p0_l8p8_w8p0_feed8p40,P1A,7
125.0,35.0,550,-15.2763624791939,90.0,245.0,-17.945303814136363,-8.7090115922278,-0.13145993947828605,cross_pifa_h4p0_l8p8_w8p0_feed8p40,P1A,7
130.0,40.0,550,-15.2763624791939,90.0,245.0,-17.945303814136363,-8.7090115922278,-0.26693566626427817,cross_pifa_h4p0_l8p8_w8p0_feed8p40,P1A,7
135.0,45.0,550,-15.2763624791939,90.0,245.0,-17.945303814136363,-8.7090115922278,-0.3744103370278551,cross_pifa_h4p0_l8p8_w8p0_feed8p40,P1A,7
140.0,50.0,550,-15.2763624791939,90.0,245.0,-17.945303814136363,-8.7090115922278,-0.5206948386798548,cross_pifa_h4p0_l8p8_w8p0_feed8p40,P1A,7
145.0,55.0,550,-15.2763624791939,90.0,245.0,-17.945303814136363,-8.7090115922278,-0.526329703311996,cross_pifa_h4p0_l8p8_w8p0_feed8p40,P1A,7
150.0,60.0,550,-15.2763624791939,90.0,245.0,-17.945303814136363,-8.7090115922278,-0.48478298748041115,cross_pifa_h4p0_l8p8_w8p0_feed8p40,P1A,7
155.0,65.0,550,-15.2763624791939,90.0,245.0,-17.945303814136363,-8.7090115922278,-0.38021682241351723,cross_pifa_h4p0_l8p8_w8p0_feed8p40,P1A,7
160.0,70.0,550,-15.2763624791939,90.0,245.0,-17.945303814136363,-8.7090115922278,-0.3699179618835782,cross_pifa_h4p0_l8p8_w8p0_feed8p40,P1A,7
165.0,75.0,550,-15.2763624791939,90.0,245.0,-17.945303814136363,-8.7090115922278,-0.3699179618835782,cross_pifa_h4p0_l8p8_w8p0_feed8p40,P1A,7
170.0,80.0,550,-15.2763624791939,90.0,245.0,-17.945303814136363,-8.7090115922278,-0.3699179618835782,cross_pifa_h4p0_l8p8_w8p0_feed8p40,P1A,7
175.0,85.0,550,-15.2763624791939,90.0,245.0,-17.945303814136363,-8.7090115922278,-0.3699179618835782,cross_pifa_h4p0_l8p8_w8p0_feed8p40,P1A,7
180.0,90.0,550,-15.2763624791939,90.0,245.0,-17.945303814136363,-8.7090115922278,-0.3699179618835782,cross_pifa_h4p0_l8p8_w8p0_feed8p40,P1A,7
185.0,95.0,550,-15.2763624791939,90.0,245.0,-17.945303814136363,-8.7090115922278,-0.3699179618835782,cross_pifa_h4p0_l8p8_w8p0_feed8p40,P1A,7
190.0,100.0,550,-15.2763624791939,90.0,245.0,-17.945303814136363,-8.7090115922278,-0.3699179618835782,cross_pifa_h4p0_l8p8_w8p0_feed8p40,P1A,7
195.0,105.0,550,-15.2763624791939,90.0,245.0,-17.945303814136363,-8.7090115922278,-0.3699179618835782,cross_pifa_h4p0_l8p8_w8p0_feed8p40,P1A,7
200.0,110.0,550,-15.2763624791939,90.0,245.0,-17.945303814136363,-8.7090115922278,-0.3699179618835782,cross_pifa_h4p0_l8p8_w8p0_feed8p40,P1A,7
205.0,115.0,550,-15.2763624791939,90.0,245.0,-17.945303814136363,-8.7090115922278,-0.3462906201162307,cross_pifa_h4p0_l8p8_w8p0_feed8p40,P1A,7
210.0,120.0,550,-15.2763624791939,90.0,245.0,-17.945303814136363,-8.7090115922278,-0.1285408131242034,cross_pifa_h4p0_l8p8_w8p0_feed8p40,P1A,7
215.0,125.0,550,-15.2763624791939,90.0,245.0,-17.945303814136363,-8.7090115922278,0.0890024870687666,cross_pifa_h4p0_l8p8_w8p0_feed8p40,P1A,7
220.0,130.0,550,-15.2763624791939,90.0,245.0,-17.945303814136363,-8.7090115922278,0.1854155803370392,cross_pifa_h4p0_l8p8_w8p0_feed8p40,P1A,7
225.0,135.0,550,-15.2763624791939,90.0,245.0,-17.945303814136363,-8.7090115922278,0.2794166835345384,cross_pifa_h4p0_l8p8_w8p0_feed8p40,P1A,7
230.0,140.0,550,-15.2763624791939,90.0,245.0,-17.945303814136363,-8.7090115922278,0.2822697760425519,cross_pifa_h4p0_l8p8_w8p0_feed8p40,P1A,7
235.0,145.0,550,-15.2763624791939,90.0,245.0,-17.945303814136363,-8.7090115922278,0.25491166416474376,cross_pifa_h4p0_l8p8_w8p0_feed8p40,P1A,7
240.0,150.0,550,-15.2763624791939,90.0,245.0,-17.945303814136363,-8.701950051130673,0.19118911914281894,cross_pifa_h4p0_l8p8_w8p0_feed8p40,P1A,7
245.0,155.0,550,-15.2763624791939,90.0,245.0,-17.945303814136363,-8.53707628112315,0.16171661961380146,cross_pifa_h4p0_l8p8_w8p0_feed8p40,P1A,7
250.0,160.0,550,-14.4566792929129,90.0,250.0,-17.945303814136363,-8.365431857594656,0.1972051036857507,cross_pifa_h4p0_l8p8_w8p0_feed8p40,P1A,7
255.0,165.0,550,-13.2995346300174,90.0,255.0,-17.945303814136363,-7.9455015703565826,0.2822697760425519,cross_pifa_h4p0_l8p8_w8p0_feed8p40,P1A,7
260.0,170.0,550,-12.1235034433275,90.0,260.0,-17.945303814136363,-7.701454458295878,0.3765455434306537,cross_pifa_h4p0_l8p8_w8p0_feed8p40,P1A,7
265.0,175.0,550,-11.0262307042157,90.0,265.0,-17.945303814136363,-7.4644722018428045,0.516796287642269,cross_pifa_h4p0_l8p8_w8p0_feed8p40,P1A,7
270.0,180.0,550,-10.4917707311402,55.0,115.0,-17.945303814136363,-6.898665836416962,0.7167175979895539,cross_pifa_h4p0_l8p8_w8p0_feed8p40,P1A,7
275.0,185.0,550,-10.4917707311402,55.0,115.0,-17.945303814136363,-6.725016893747593,0.8114114272041375,cross_pifa_h4p0_l8p8_w8p0_feed8p40,P1A,7
280.0,190.0,550,-10.4917707311402,55.0,115.0,-17.945303814136363,-6.373884058181918,0.9112458004334698,cross_pifa_h4p0_l8p8_w8p0_feed8p40,P1A,7
285.0,195.0,550,-10.4917707311402,55.0,115.0,-17.945303814136363,-6.179736342902484,1.0913719380836042,cross_pifa_h4p0_l8p8_w8p0_feed8p40,P1A,7
290.0,200.0,550,-10.4917707311402,55.0,115.0,-17.945303814136363,-6.078537937773751,1.04073211504776,cross_pifa_h4p0_l8p8_w8p0_feed8p40,P1A,7
295.0,205.0,550,-10.4917707311402,55.0,115.0,-17.945303814136363,-6.078537937773751,0.97914177805115,cross_pifa_h4p0_l8p8_w8p0_feed8p40,P1A,7
300.0,210.0,550,-10.4917707311402,55.0,115.0,-17.945303814136363,-6.078537937773751,0.9100626737006158,cross_pifa_h4p0_l8p8_w8p0_feed8p40,P1A,7
305.0,215.0,550,-10.4917707311402,55.0,115.0,-17.945303814136363,-6.078537937773751,0.8728320024009723,cross_pifa_h4p0_l8p8_w8p0_feed8p40,P1A,7
310.0,220.0,550,-10.4917707311402,55.0,115.0,-17.945303814136363,-6.258175107910471,0.8114114272041375,cross_pifa_h4p0_l8p8_w8p0_feed8p40,P1A,7
315.0,225.0,550,-10.9928989802118,90.0,225.0,-17.945303814136363,-6.373884058181918,0.7270599201201626,cross_pifa_h4p0_l8p8_w8p0_feed8p40,P1A,7
320.0,230.0,550,-12.619202249407,90.0,230.0,-17.945303814136363,-6.575533093548048,0.6230308600223989,cross_pifa_h4p0_l8p8_w8p0_feed8p40,P1A,7
325.0,235.0,550,-14.208040304635,90.0,235.0,-17.945303814136363,-6.796705674308595,0.46904759030778365,cross_pifa_h4p0_l8p8_w8p0_feed8p40,P1A,7
330.0,240.0,550,-15.2476719883864,90.0,240.0,-17.945303814136363,-7.0075017192406,0.3031521975783535,cross_pifa_h4p0_l8p8_w8p0_feed8p40,P1A,7
335.0,245.0,550,-15.2763624791939,90.0,245.0,-17.945303814136363,-7.4644722018428045,0.26784785550169016,cross_pifa_h4p0_l8p8_w8p0_feed8p40,P1A,7
340.0,250.0,550,-15.2763624791939,90.0,245.0,-17.945303814136363,-7.812139729607902,0.1854155803370392,cross_pifa_h4p0_l8p8_w8p0_feed8p40,P1A,7
345.0,255.0,550,-15.2763624791939,90.0,245.0,-17.945303814136363,-8.218639419819686,0.0890024870687666,cross_pifa_h4p0_l8p8_w8p0_feed8p40,P1A,7
350.0,260.0,550,-15.2763624791939,90.0,245.0,-17.945303814136363,-8.53707628112315,-0.00948540908144544,cross_pifa_h4p0_l8p8_w8p0_feed8p40,P1A,7
355.0,265.0,550,-15.2763624791939,90.0,245.0,-17.945303814136363,-8.701950051130673,-0.1285408131242034,cross_pifa_h4p0_l8p8_w8p0_feed8p40,P1A,7
0.0,270.0,550,-10.2461763068144,45.0,115.0,-20.647911646200615,-12.990718602832542,2.0695975132438797,cross_pifa_h4p0_l8p8_w8p0_feed8p40,P1B,7
5.0,275.0,550,-10.2461763068144,45.0,115.0,-20.647911646200615,-12.990718602832542,2.1683501098176117,cross_pifa_h4p0_l8p8_w8p0_feed8p40,P1B,7
10.0,280.0,550,-10.2461763068144,45.0,115.0,-20.647911646200615,-12.990718602832542,2.1683501098176117,cross_pifa_h4p0_l8p8_w8p0_feed8p40,P1B,7
15.0,285.0,550,-10.2461763068144,45.0,115.0,-20.647911646200615,-12.990718602832542,2.1683501098176117,cross_pifa_h4p0_l8p8_w8p0_feed8p40,P1B,7
20.0,290.0,550,-10.2461763068144,45.0,115.0,-20.647911646200615,-12.990718602832542,2.1683501098176117,cross_pifa_h4p0_l8p8_w8p0_feed8p40,P1B,7
25.0,295.0,550,-10.2461763068144,45.0,115.0,-20.647911646200615,-12.990718602832542,2.1683501098176117,cross_pifa_h4p0_l8p8_w8p0_feed8p40,P1B,7
30.0,300.0,550,-10.2461763068144,45.0,115.0,-20.647911646200615,-12.990718602832542,2.1683501098176117,cross_pifa_h4p0_l8p8_w8p0_feed8p40,P1B,7
35.0,305.0,550,-10.2461763068144,45.0,115.0,-20.647911646200615,-12.990718602832542,2.1683501098176117,cross_pifa_h4p0_l8p8_w8p0_feed8p40,P1B,7
40.0,310.0,550,-10.2461763068144,45.0,115.0,-20.647911646200615,-12.990718602832542,2.0194143309646044,cross_pifa_h4p0_l8p8_w8p0_feed8p40,P1B,7
45.0,315.0,550,-10.2461763068144,45.0,115.0,-20.647911646200615,-12.990718602832542,2.00288144750417,cross_pifa_h4p0_l8p8_w8p0_feed8p40,P1B,7
50.0,320.0,550,-10.2461763068144,45.0,115.0,-20.647911646200615,-12.990718602832542,2.00288144750417,cross_pifa_h4p0_l8p8_w8p0_feed8p40,P1B,7
55.0,325.0,550,-10.2461763068144,45.0,115.0,-20.647911646200615,-12.990718602832542,2.00288144750417,cross_pifa_h4p0_l8p8_w8p0_feed8p40,P1B,7
60.0,330.0,550,-10.2461763068144,45.0,115.0,-20.647911646200615,-12.990718602832542,2.00288144750417,cross_pifa_h4p0_l8p8_w8p0_feed8p40,P1B,7
65.0,335.0,550,-10.2461763068144,45.0,115.0,-20.647911646200615,-12.990718602832542,2.00288144750417,cross_pifa_h4p0_l8p8_w8p0_feed8p40,P1B,7
70.0,340.0,550,-10.2461763068144,45.0,115.0,-20.647911646200615,-13.379368913744061,2.00288144750417,cross_pifa_h4p0_l8p8_w8p0_feed8p40,P1B,7
75.0,345.0,550,-10.2461763068144,45.0,115.0,-32.92897298936333,-13.938494707603608,2.00288144750417,cross_pifa_h4p0_l8p8_w8p0_feed8p40,P1B,7
80.0,350.0,550,-10.2461763068144,45.0,115.0,-32.92897298936333,-13.127888965968415,2.00288144750417,cross_pifa_h4p0_l8p8_w8p0_feed8p40,P1B,7
85.0,355.0,550,-10.2461763068144,45.0,115.0,-32.92897298936333,-11.6597318734123,2.00288144750417,cross_pifa_h4p0_l8p8_w8p0_feed8p40,P1B,7
90.0,0.0,550,-10.2461763068144,45.0,115.0,-32.92897298936333,-10.76854532298803,2.26344048271316,cross_pifa_h4p0_l8p8_w8p0_feed8p40,P1B,7
95.0,5.0,550,-10.2461763068144,45.0,115.0,-32.92897298936333,-9.368405399769182,2.4932872839110702,cross_pifa_h4p0_l8p8_w8p0_feed8p40,P1B,7
100.0,10.0,550,-10.2461763068144,45.0,115.0,-32.92897298936333,-8.476541183639814,2.798918693094294,cross_pifa_h4p0_l8p8_w8p0_feed8p40,P1B,7
105.0,15.0,550,-10.2461763068144,45.0,115.0,-32.92897298936333,-8.17933535563824,3.4094940831430733,cross_pifa_h4p0_l8p8_w8p0_feed8p40,P1B,7
110.0,20.0,550,-10.2461763068144,45.0,115.0,-32.92897298936333,-8.116577462707749,3.8218958020635085,cross_pifa_h4p0_l8p8_w8p0_feed8p40,P1B,7
115.0,25.0,550,-10.2461763068144,45.0,115.0,-32.92897298936333,-8.008496078890213,4.110542618323504,cross_pifa_h4p0_l8p8_w8p0_feed8p40,P1B,7
120.0,30.0,550,-10.1916467648415,45.0,120.0,-32.92897298936333,-7.904890400593549,4.330687430810237,cross_pifa_h4p0_l8p8_w8p0_feed8p40,P1B,7
125.0,35.0,550,-9.8497795977308,45.0,125.0,-32.92897298936333,-7.904890400593549,4.330687430810237,cross_pifa_h4p0_l8p8_w8p0_feed8p40,P1B,7
130.0,40.0,550,-9.38640850662302,85.0,195.0,-32.92897298936333,-7.904890400593549,4.330687430810237,cross_pifa_h4p0_l8p8_w8p0_feed8p40,P1B,7
135.0,45.0,550,-9.38640850662302,85.0,195.0,-32.92897298936333,-7.904890400593549,4.330687430810237,cross_pifa_h4p0_l8p8_w8p0_feed8p40,P1B,7
140.0,50.0,550,-9.38640850662302,85.0,195.0,-32.92897298936333,-7.904890400593549,4.330687430810237,cross_pifa_h4p0_l8p8_w8p0_feed8p40,P1B,7
145.0,55.0,550,-9.38640850662302,85.0,195.0,-32.92897298936333,-8.008496078890213,4.330687430810237,cross_pifa_h4p0_l8p8_w8p0_feed8p40,P1B,7
150.0,60.0,550,-9.38640850662302,85.0,195.0,-32.92897298936333,-8.174909617839091,4.330687430810237,cross_pifa_h4p0_l8p8_w8p0_feed8p40,P1B,7
155.0,65.0,550,-9.38640850662302,85.0,195.0,-32.92897298936333,-8.978567629708431,4.330687430810237,cross_pifa_h4p0_l8p8_w8p0_feed8p40,P1B,7
160.0,70.0,550,-9.38640850662302,85.0,195.0,-32.92897298936333,-9.935944675349736,4.330687430810237,cross_pifa_h4p0_l8p8_w8p0_feed8p40,P1B,7
165.0,75.0,550,-9.38640850662302,85.0,195.0,-32.92897298936333,-11.270761562030273,4.242554967335919,cross_pifa_h4p0_l8p8_w8p0_feed8p40,P1B,7
170.0,80.0,550,-9.38640850662302,85.0,195.0,-32.92897298936333,-11.965444513746426,4.098362073616127,cross_pifa_h4p0_l8p8_w8p0_feed8p40,P1B,7
175.0,85.0,550,-9.38640850662302,85.0,195.0,-32.92897298936333,-12.97566761834984,3.860616855365154,cross_pifa_h4p0_l8p8_w8p0_feed8p40,P1B,7
180.0,90.0,550,-9.38640850662302,85.0,195.0,-32.92897298936333,-13.12841112300708,3.686700902352711,cross_pifa_h4p0_l8p8_w8p0_feed8p40,P1B,7
185.0,95.0,550,-9.38640850662302,85.0,195.0,-32.92897298936333,-13.448341567729244,3.4806241363721284,cross_pifa_h4p0_l8p8_w8p0_feed8p40,P1B,7
190.0,100.0,550,-9.38640850662302,85.0,195.0,-32.92897298936333,-13.890874455699988,3.363280744621075,cross_pifa_h4p0_l8p8_w8p0_feed8p40,P1B,7
195.0,105.0,550,-9.64592084298971,45.0,105.0,-32.92897298936333,-13.938494707603608,3.1828441632997166,cross_pifa_h4p0_l8p8_w8p0_feed8p40,P1B,7
200.0,110.0,550,-10.044607536052,45.0,110.0,-32.92897298936333,-13.938494707603608,2.6637422331938314,cross_pifa_h4p0_l8p8_w8p0_feed8p40,P1B,7
205.0,115.0,550,-10.2461763068144,45.0,115.0,-32.92897298936333,-13.938494707603608,2.472916022958987,cross_pifa_h4p0_l8p8_w8p0_feed8p40,P1B,7
210.0,120.0,550,-10.2461763068144,45.0,115.0,-32.92897298936333,-13.938494707603608,1.9030522161025523,cross_pifa_h4p0_l8p8_w8p0_feed8p40,P1B,7
215.0,125.0,550,-10.2461763068144,45.0,115.0,-32.92897298936333,-13.938494707603608,1.4763982244518001,cross_pifa_h4p0_l8p8_w8p0_feed8p40,P1B,7
220.0,130.0,550,-10.2461763068144,45.0,115.0,-32.92897298936333,-13.938494707603608,1.2544160396110011,cross_pifa_h4p0_l8p8_w8p0_feed8p40,P1B,7
225.0,135.0,550,-10.2461763068144,45.0,115.0,-32.92897298936333,-13.938494707603608,0.9403824611333262,cross_pifa_h4p0_l8p8_w8p0_feed8p40,P1B,7
230.0,140.0,550,-10.2461763068144,45.0,115.0,-32.92897298936333,-13.938494707603608,0.6064519032512514,cross_pifa_h4p0_l8p8_w8p0_feed8p40,P1B,7
235.0,145.0,550,-10.2461763068144,45.0,115.0,-32.92897298936333,-13.938494707603608,0.37910954197792474,cross_pifa_h4p0_l8p8_w8p0_feed8p40,P1B,7
240.0,150.0,550,-10.2461763068144,45.0,115.0,-32.92897298936333,-13.938494707603608,0.28111757514337465,cross_pifa_h4p0_l8p8_w8p0_feed8p40,P1B,7
245.0,155.0,550,-10.2461763068144,45.0,115.0,-32.92897298936333,-13.938494707603608,0.2087250018564629,cross_pifa_h4p0_l8p8_w8p0_feed8p40,P1B,7
250.0,160.0,550,-10.2461763068144,45.0,115.0,-32.92897298936333,-13.938494707603608,0.11189332969855416,cross_pifa_h4p0_l8p8_w8p0_feed8p40,P1B,7
255.0,165.0,550,-10.2461763068144,45.0,115.0,-32.92897298936333,-13.938494707603608,0.05711425467296083,cross_pifa_h4p0_l8p8_w8p0_feed8p40,P1B,7
260.0,170.0,550,-10.2461763068144,45.0,115.0,-32.92897298936333,-13.938494707603608,0.027522621949449228,cross_pifa_h4p0_l8p8_w8p0_feed8p40,P1B,7
265.0,175.0,550,-10.2461763068144,45.0,115.0,-32.92897298936333,-13.938494707603608,-0.024016200450498043,cross_pifa_h4p0_l8p8_w8p0_feed8p40,P1B,7
270.0,180.0,550,-10.2461763068144,45.0,115.0,-32.92897298936333,-13.938494707603608,-0.07641932304614807,cross_pifa_h4p0_l8p8_w8p0_feed8p40,P1B,7
275.0,185.0,550,-10.2461763068144,45.0,115.0,-32.92897298936333,-13.938494707603608,-0.13477042687567026,cross_pifa_h4p0_l8p8_w8p0_feed8p40,P1B,7
280.0,190.0,550,-10.2461763068144,45.0,115.0,-32.92897298936333,-13.938494707603608,-0.28221562078574597,cross_pifa_h4p0_l8p8_w8p0_feed8p40,P1B,7
285.0,195.0,550,-10.2461763068144,45.0,115.0,-32.92897298936333,-13.938494707603608,-0.28240020163342217,cross_pifa_h4p0_l8p8_w8p0_feed8p40,P1B,7
290.0,200.0,550,-10.2461763068144,45.0,115.0,-32.92897298936333,-13.938494707603608,-0.28240020163342217,cross_pifa_h4p0_l8p8_w8p0_feed8p40,P1B,7
295.0,205.0,550,-10.2461763068144,45.0,115.0,-32.92897298936333,-13.938494707603608,-0.28240020163342217,cross_pifa_h4p0_l8p8_w8p0_feed8p40,P1B,7
300.0,210.0,550,-10.2461763068144,45.0,115.0,-32.92897298936333,-13.938494707603608,-0.28240020163342217,cross_pifa_h4p0_l8p8_w8p0_feed8p40,P1B,7
305.0,215.0,550,-10.2461763068144,45.0,115.0,-32.92897298936333,-13.938494707603608,-0.28240020163342217,cross_pifa_h4p0_l8p8_w8p0_feed8p40,P1B,7
310.0,220.0,550,-10.2461763068144,45.0,115.0,-32.92897298936333,-13.938494707603608,-0.28240020163342217,cross_pifa_h4p0_l8p8_w8p0_feed8p40,P1B,7
315.0,225.0,550,-10.2461763068144,45.0,115.0,-32.92897298936333,-13.938494707603608,-0.28240020163342217,cross_pifa_h4p0_l8p8_w8p0_feed8p40,P1B,7
320.0,230.0,550,-10.2461763068144,45.0,115.0,-32.92897298936333,-13.938494707603608,-0.280693787466337,cross_pifa_h4p0_l8p8_w8p0_feed8p40,P1B,7
325.0,235.0,550,-10.2461763068144,45.0,115.0,-32.92897298936333,-13.938494707603608,0.00986319523410475,cross_pifa_h4p0_l8p8_w8p0_feed8p40,P1B,7
330.0,240.0,550,-10.2461763068144,45.0,115.0,-32.92897298936333,-13.938494707603608,0.3389596603335753,cross_pifa_h4p0_l8p8_w8p0_feed8p40,P1B,7
335.0,245.0,550,-10.2461763068144,45.0,115.0,-32.92897298936333,-13.938494707603608,0.6064519032512514,cross_pifa_h4p0_l8p8_w8p0_feed8p40,P1B,7
340.0,250.0,550,-10.2461763068144,45.0,115.0,-32.92897298936333,-13.938494707603608,0.8463898529962708,cross_pifa_h4p0_l8p8_w8p0_feed8p40,P1B,7
345.0,255.0,550,-10.2461763068144,45.0,115.0,-32.92897298936333,-13.379368913744061,1.1247769862754045,cross_pifa_h4p0_l8p8_w8p0_feed8p40,P1B,7
350.0,260.0,550,-10.2461763068144,45.0,115.0,-20.647911646200615,-12.990718602832542,1.4091111932297182,cross_pifa_h4p0_l8p8_w8p0_feed8p40,P1B,7
355.0,265.0,550,-10.2461763068144,45.0,115.0,-20.647911646200615,-12.990718602832542,1.8374911299234742,cross_pifa_h4p0_l8p8_w8p0_feed8p40,P1B,7
0.0,270.0,550,-18.5406415036226,90.0,240.0,-35.92504311190402,-13.358328427784361,-3.9571063867461156,cross_pifa_h3p5_l9p2_w8p4_feed8p80,P1A,8
5.0,275.0,550,-18.5406415036226,90.0,240.0,-35.92504311190402,-13.358328427784361,-3.9571063867461156,cross_pifa_h3p5_l9p2_w8p4_feed8p80,P1A,8
10.0,280.0,550,-18.5406415036226,90.0,240.0,-35.92504311190402,-13.007681600860789,-3.9562436974094632,cross_pifa_h3p5_l9p2_w8p4_feed8p80,P1A,8
15.0,285.0,550,-18.5406415036226,90.0,240.0,-20.592714954939527,-12.442945123230704,-3.929579463584794,cross_pifa_h3p5_l9p2_w8p4_feed8p80,P1A,8
20.0,290.0,550,-18.5406415036226,90.0,240.0,-14.822372441369339,-11.770912437913273,-3.898788417765233,cross_pifa_h3p5_l9p2_w8p4_feed8p80,P1A,8
25.0,295.0,550,-18.5406415036226,90.0,240.0,-13.667640914299092,-11.288189568561517,-3.870253915990957,cross_pifa_h3p5_l9p2_w8p4_feed8p80,P1A,8
30.0,300.0,550,-18.5406415036226,90.0,240.0,-13.667640914299092,-10.988771533586998,-3.8534156773397377,cross_pifa_h3p5_l9p2_w8p4_feed8p80,P1A,8
35.0,305.0,550,-18.5406415036226,90.0,240.0,-13.667640914299092,-10.988771533586998,-3.789583339925175,cross_pifa_h3p5_l9p2_w8p4_feed8p80,P1A,8
40.0,310.0,550,-18.5406415036226,90.0,240.0,-13.667640914299092,-10.988771533586998,-3.7448664381445944,cross_pifa_h3p5_l9p2_w8p4_feed8p80,P1A,8
45.0,315.0,550,-18.5406415036226,90.0,240.0,-13.667640914299092,-10.988771533586998,-3.6573397256876534,cross_pifa_h3p5_l9p2_w8p4_feed8p80,P1A,8
50.0,320.0,550,-18.5406415036226,90.0,240.0,-13.667640914299092,-10.988771533586998,-3.508597517954288,cross_pifa_h3p5_l9p2_w8p4_feed8p80,P1A,8
55.0,325.0,550,-18.5406415036226,90.0,240.0,-13.667640914299092,-10.988771533586998,-3.3998632618251383,cross_pifa_h3p5_l9p2_w8p4_feed8p80,P1A,8
60.0,330.0,550,-18.5406415036226,90.0,240.0,-13.667640914299092,-10.988771533586998,-3.2185772049344226,cross_pifa_h3p5_l9p2_w8p4_feed8p80,P1A,8
65.0,335.0,550,-18.5406415036226,90.0,240.0,-13.667640914299092,-10.988771533586998,-3.103426441388252,cross_pifa_h3p5_l9p2_w8p4_feed8p80,P1A,8
70.0,340.0,550,-18.5406415036226,90.0,240.0,-13.667640914299092,-10.988771533586998,-2.9699029957869936,cross_pifa_h3p5_l9p2_w8p4_feed8p80,P1A,8
75.0,345.0,550,-18.5406415036226,90.0,240.0,-13.667640914299092,-10.988771533586998,-2.9416275509265106,cross_pifa_h3p5_l9p2_w8p4_feed8p80,P1A,8
80.0,350.0,550,-18.5406415036226,90.0,240.0,-13.667640914299092,-10.988771533586998,-2.858548813983397,cross_pifa_h3p5_l9p2_w8p4_feed8p80,P1A,8
85.0,355.0,550,-18.5406415036226,90.0,240.0,-13.667640914299092,-10.988771533586998,-2.9009907836931825,cross_pifa_h3p5_l9p2_w8p4_feed8p80,P1A,8
90.0,0.0,550,-18.5406415036226,90.0,240.0,-13.667640914299092,-10.988771533586998,-2.9602047560589955,cross_pifa_h3p5_l9p2_w8p4_feed8p80,P1A,8
95.0,5.0,550,-18.5406415036226,90.0,240.0,-16.450656057781355,-11.766581818462377,-3.1153950910582013,cross_pifa_h3p5_l9p2_w8p4_feed8p80,P1A,8
100.0,10.0,550,-18.5406415036226,90.0,240.0,-35.92504311190402,-12.18112498293474,-3.3712537016381514,cross_pifa_h3p5_l9p2_w8p4_feed8p80,P1A,8
105.0,15.0,550,-18.5406415036226,90.0,240.0,-35.92504311190402,-13.007681600860789,-3.5201880353865893,cross_pifa_h3p5_l9p2_w8p4_feed8p80,P1A,8
110.0,20.0,550,-18.5406415036226,90.0,240.0,-35.92504311190402,-13.358328427784361,-3.7206114116378086,cross_pifa_h3p5_l9p2_w8p4_feed8p80,P1A,8
115.0,25.0,550,-18.5406415036226,90.0,240.0,-35.92504311190402,-13.358328427784361,-3.8284396034731443,cross_pifa_h3p5_l9p2_w8p4_feed8p80,P1A,8
120.0,30.0,550,-18.5406415036226,90.0,240.0,-35.92504311190402,-13.358328427784361,-3.9571063867461156,cross_pifa_h3p5_l9p2_w8p4_feed8p80,P1A,8
125.0,35.0,550,-18.5406415036226,90.0,240.0,-35.92504311190402,-13.358328427784361,-4.060907455395756,cross_pifa_h3p5_l9p2_w8p4_feed8p80,P1A,8
130.0,40.0,550,-18.5406415036226,90.0,240.0,-35.92504311190402,-13.358328427784361,-4.282343843654537,cross_pifa_h3p5_l9p2_w8p4_feed8p80,P1A,8
135.0,45.0,550,-18.5406415036226,90.0,240.0,-35.92504311190402,-13.358328427784361,-4.382665732975657,cross_pifa_h3p5_l9p2_w8p4_feed8p80,P1A,8
140.0,50.0,550,-18.5406415036226,90.0,240.0,-35.92504311190402,-13.358328427784361,-4.524816005969784,cross_pifa_h3p5_l9p2_w8p4_feed8p80,P1A,8
145.0,55.0,550,-18.5406415036226,90.0,240.0,-35.92504311190402,-13.358328427784361,-4.554137269125354,cross_pifa_h3p5_l9p2_w8p4_feed8p80,P1A,8
150.0,60.0,550,-18.5406415036226,90.0,240.0,-35.92504311190402,-13.358328427784361,-4.5360300345401114,cross_pifa_h3p5_l9p2_w8p4_feed8p80,P1A,8
155.0,65.0,550,-18.5406415036226,90.0,240.0,-35.92504311190402,-13.358328427784361,-4.464136543404939,cross_pifa_h3p5_l9p2_w8p4_feed8p80,P1A,8
160.0,70.0,550,-18.5406415036226,90.0,240.0,-35.92504311190402,-13.358328427784361,-4.421414763537378,cross_pifa_h3p5_l9p2_w8p4_feed8p80,P1A,8
165.0,75.0,550,-18.5406415036226,90.0,240.0,-35.92504311190402,-13.358328427784361,-4.421414763537378,cross_pifa_h3p5_l9p2_w8p4_feed8p80,P1A,8
170.0,80.0,550,-18.5406415036226,90.0,240.0,-35.92504311190402,-13.358328427784361,-4.421414763537378,cross_pifa_h3p5_l9p2_w8p4_feed8p80,P1A,8
175.0,85.0,550,-18.5406415036226,90.0,240.0,-35.92504311190402,-13.358328427784361,-4.421414763537378,cross_pifa_h3p5_l9p2_w8p4_feed8p80,P1A,8
180.0,90.0,550,-18.5406415036226,90.0,240.0,-35.92504311190402,-13.358328427784361,-4.421414763537378,cross_pifa_h3p5_l9p2_w8p4_feed8p80,P1A,8
185.0,95.0,550,-18.5406415036226,90.0,240.0,-35.92504311190402,-13.358328427784361,-4.421414763537378,cross_pifa_h3p5_l9p2_w8p4_feed8p80,P1A,8
190.0,100.0,550,-18.5406415036226,90.0,240.0,-35.92504311190402,-13.358328427784361,-4.421414763537378,cross_pifa_h3p5_l9p2_w8p4_feed8p80,P1A,8
195.0,105.0,550,-18.5406415036226,90.0,240.0,-35.92504311190402,-13.358328427784361,-4.421414763537378,cross_pifa_h3p5_l9p2_w8p4_feed8p80,P1A,8
200.0,110.0,550,-18.5406415036226,90.0,240.0,-35.92504311190402,-13.358328427784361,-4.421414763537378,cross_pifa_h3p5_l9p2_w8p4_feed8p80,P1A,8
205.0,115.0,550,-18.5406415036226,90.0,240.0,-35.92504311190402,-13.358328427784361,-4.421414763537378,cross_pifa_h3p5_l9p2_w8p4_feed8p80,P1A,8
210.0,120.0,550,-18.5406415036226,90.0,240.0,-35.92504311190402,-13.358328427784361,-4.3672797607443385,cross_pifa_h3p5_l9p2_w8p4_feed8p80,P1A,8
215.0,125.0,550,-18.5406415036226,90.0,240.0,-35.92504311190402,-13.358328427784361,-4.217878503212816,cross_pifa_h3p5_l9p2_w8p4_feed8p80,P1A,8
220.0,130.0,550,-18.5406415036226,90.0,240.0,-35.92504311190402,-13.358328427784361,-4.070602017698835,cross_pifa_h3p5_l9p2_w8p4_feed8p80,P1A,8
225.0,135.0,550,-18.5406415036226,90.0,240.0,-35.92504311190402,-13.358328427784361,-3.9265990041985717,cross_pifa_h3p5_l9p2_w8p4_feed8p80,P1A,8
230.0,140.0,550,-18.5406415036226,90.0,240.0,-35.92504311190402,-13.358328427784361,-3.8621247961712224,cross_pifa_h3p5_l9p2_w8p4_feed8p80,P1A,8
235.0,145.0,550,-18.5406415036226,90.0,240.0,-35.92504311190402,-13.358328427784361,-3.8639132301347248,cross_pifa_h3p5_l9p2_w8p4_feed8p80,P1A,8
240.0,150.0,550,-18.5406415036226,90.0,240.0,-35.92504311190402,-13.358328427784361,-3.9265990041985717,cross_pifa_h3p5_l9p2_w8p4_feed8p80,P1A,8
245.0,155.0,550,-17.8742661958062,90.0,245.0,-35.92504311190402,-13.358328427784361,-3.898788417765233,cross_pifa_h3p5_l9p2_w8p4_feed8p80,P1A,8
250.0,160.0,550,-15.8251923136292,90.0,250.0,-35.92504311190402,-13.348552122065973,-3.8355844414776445,cross_pifa_h3p5_l9p2_w8p4_feed8p80,P1A,8
255.0,165.0,550,-13.8875962230498,90.0,255.0,-35.92504311190402,-13.020066581397545,-3.7674009932925525,cross_pifa_h3p5_l9p2_w8p4_feed8p80,P1A,8
260.0,170.0,550,-12.3326607311261,90.0,260.0,-35.92504311190402,-12.834403851321168,-3.7052664082793396,cross_pifa_h3p5_l9p2_w8p4_feed8p80,P1A,8
265.0,175.0,550,-11.798680961286,45.0,115.0,-35.92504311190402,-12.445829767531194,-3.6091249638792093,cross_pifa_h3p5_l9p2_w8p4_feed8p80,P1A,8
270.0,180.0,550,-11.798680961286,45.0,115.0,-35.92504311190402,-12.070125176805377,-3.458401257183201,cross_pifa_h3p5_l9p2_w8p4_feed8p80,P1A,8
275.0,185.0,550,-11.798680961286,45.0,115.0,-35.92504311190402,-12.023918041033417,-3.352214693117275,cross_pifa_h3p5_l9p2_w8p4_feed8p80,P1A,8
280.0,190.0,550,-11.798680961286,45.0,115.0,-35.92504311190402,-12.023918041033417,-3.1153950910582013,cross_pifa_h3p5_l9p2_w8p4_feed8p80,P1A,8
285.0,195.0,550,-11.798680961286,45.0,115.0,-35.92504311190402,-12.023918041033417,-2.9719601097773527,cross_pifa_h3p5_l9p2_w8p4_feed8p80,P1A,8
290.0,200.0,550,-11.798680961286,45.0,115.0,-35.92504311190402,-12.023918041033417,-2.942704418867848,cross_pifa_h3p5_l9p2_w8p4_feed8p80,P1A,8
295.0,205.0,550,-11.798680961286,45.0,115.0,-35.92504311190402,-12.023918041033417,-2.9453698865926867,cross_pifa_h3p5_l9p2_w8p4_feed8p80,P1A,8
300.0,210.0,550,-11.798680961286,45.0,115.0,-35.92504311190402,-12.023918041033417,-2.9549857306490273,cross_pifa_h3p5_l9p2_w8p4_feed8p80,P1A,8
305.0,215.0,550,-11.798680961286,45.0,115.0,-35.92504311190402,-12.023918041033417,-2.9813065519309765,cross_pifa_h3p5_l9p2_w8p4_feed8p80,P1A,8
310.0,220.0,550,-11.798680961286,45.0,115.0,-35.92504311190402,-12.023918041033417,-3.0780660483548417,cross_pifa_h3p5_l9p2_w8p4_feed8p80,P1A,8
315.0,225.0,550,-11.798680961286,45.0,115.0,-35.92504311190402,-12.023918041033417,-3.13416359209741,cross_pifa_h3p5_l9p2_w8p4_feed8p80,P1A,8
320.0,230.0,550,-13.7660626392446,90.0,230.0,-35.92504311190402,-12.023918041033417,-3.2425137690672825,cross_pifa_h3p5_l9p2_w8p4_feed8p80,P1A,8
325.0,235.0,550,-16.588651737759,90.0,235.0,-35.92504311190402,-12.18112498293474,-3.3623581736995636,cross_pifa_h3p5_l9p2_w8p4_feed8p80,P1A,8
330.0,240.0,550,-18.5406415036226,90.0,240.0,-35.92504311190402,-12.431153068897737,-3.425296346724165,cross_pifa_h3p5_l9p2_w8p4_feed8p80,P1A,8
335.0,245.0,550,-18.5406415036226,90.0,240.0,-35.92504311190402,-12.681206617546696,-3.546412981813807,cross_pifa_h3p5_l9p2_w8p4_feed8p80,P1A,8
340.0,250.0,550,-18.5406415036226,90.0,240.0,-35.92504311190402,-13.169709549541357,-3.6847494850320315,cross_pifa_h3p5_l9p2_w8p4_feed8p80,P1A,8
345.0,255.0,550,-18.5406415036226,90.0,240.0,-35.92504311190402,-13.348552122065973,-3.7674009932925525,cross_pifa_h3p5_l9p2_w8p4_feed8p80,P1A,8
350.0,260.0,550,-18.5406415036226,90.0,240.0,-35.92504311190402,-13.358328427784361,-3.8355844414776445,cross_pifa_h3p5_l9p2_w8p4_feed8p80,P1A,8
355.0,265.0,550,-18.5406415036226,90.0,240.0,-35.92504311190402,-13.358328427784361,-3.90114540208459,cross_pifa_h3p5_l9p2_w8p4_feed8p80,P1A,8
0.0,270.0,550,-11.9543121573242,55.0,115.0,-23.83325520875897,-11.656156600139989,3.82389820746303,cross_pifa_h3p5_l9p2_w8p4_feed8p80,P1B,8
5.0,275.0,550,-11.9543121573242,55.0,115.0,-23.83325520875897,-11.656156600139989,4.038008353587076,cross_pifa_h3p5_l9p2_w8p4_feed8p80,P1B,8
10.0,280.0,550,-11.9543121573242,55.0,115.0,-23.83325520875897,-11.656156600139989,4.23529946124125,cross_pifa_h3p5_l9p2_w8p4_feed8p80,P1B,8
15.0,285.0,550,-11.9543121573242,55.0,115.0,-23.83325520875897,-11.656156600139989,4.328225927171416,cross_pifa_h3p5_l9p2_w8p4_feed8p80,P1B,8
20.0,290.0,550,-11.9543121573242,55.0,115.0,-23.83325520875897,-11.656156600139989,4.379132794834151,cross_pifa_h3p5_l9p2_w8p4_feed8p80,P1B,8
25.0,295.0,550,-11.9543121573242,55.0,115.0,-23.83325520875897,-11.656156600139989,4.530082359777573,cross_pifa_h3p5_l9p2_w8p4_feed8p80,P1B,8
30.0,300.0,550,-11.9543121573242,55.0,115.0,-23.83325520875897,-11.656156600139989,4.585946730017632,cross_pifa_h3p5_l9p2_w8p4_feed8p80,P1B,8
35.0,305.0,550,-11.9543121573242,55.0,115.0,-23.83325520875897,-11.656156600139989,4.7819610428210435,cross_pifa_h3p5_l9p2_w8p4_feed8p80,P1B,8
40.0,310.0,550,-11.9543121573242,55.0,115.0,-23.83325520875897,-11.656156600139989,4.763792745866471,cross_pifa_h3p5_l9p2_w8p4_feed8p80,P1B,8
45.0,315.0,550,-11.9543121573242,55.0,115.0,-23.83325520875897,-11.656156600139989,4.626029913031469,cross_pifa_h3p5_l9p2_w8p4_feed8p80,P1B,8
50.0,320.0,550,-11.9543121573242,55.0,115.0,-23.83325520875897,-11.656156600139989,4.575558062160196,cross_pifa_h3p5_l9p2_w8p4_feed8p80,P1B,8
55.0,325.0,550,-11.9543121573242,55.0,115.0,-23.83325520875897,-11.656156600139989,4.575558062160196,cross_pifa_h3p5_l9p2_w8p4_feed8p80,P1B,8
60.0,330.0,550,-11.9543121573242,55.0,115.0,-23.83325520875897,-11.656156600139989,4.575558062160196,cross_pifa_h3p5_l9p2_w8p4_feed8p80,P1B,8
65.0,335.0,550,-11.9543121573242,55.0,115.0,-23.83325520875897,-11.656156600139989,4.575558062160196,cross_pifa_h3p5_l9p2_w8p4_feed8p80,P1B,8
70.0,340.0,550,-11.9543121573242,55.0,115.0,-23.83325520875897,-11.656156600139989,4.575558062160196,cross_pifa_h3p5_l9p2_w8p4_feed8p80,P1B,8
75.0,345.0,550,-11.9543121573242,55.0,115.0,-23.83325520875897,-11.63681064398602,4.575558062160196,cross_pifa_h3p5_l9p2_w8p4_feed8p80,P1B,8
80.0,350.0,550,-11.9543121573242,55.0,115.0,-23.83325520875897,-11.70465371799578,4.575558062160196,cross_pifa_h3p5_l9p2_w8p4_feed8p80,P1B,8
85.0,355.0,550,-11.9543121573242,55.0,115.0,-23.83325520875897,-11.70465371799578,4.575558062160196,cross_pifa_h3p5_l9p2_w8p4_feed8p80,P1B,8
90.0,0.0,550,-11.9543121573242,55.0,115.0,-23.83325520875897,-11.611785998309132,4.575558062160196,cross_pifa_h3p5_l9p2_w8p4_feed8p80,P1B,8
95.0,5.0,550,-11.9543121573242,55.0,115.0,-23.83325520875897,-10.902629322929812,4.741389450032699,cross_pifa_h3p5_l9p2_w8p4_feed8p80,P1B,8
100.0,10.0,550,-11.9543121573242,55.0,115.0,-23.83325520875897,-9.88595059657701,4.799843865208767,cross_pifa_h3p5_l9p2_w8p4_feed8p80,P1B,8
105.0,15.0,550,-11.9543121573242,55.0,115.0,-23.83325520875897,-8.397630648211674,4.937474260852906,cross_pifa_h3p5_l9p2_w8p4_feed8p80,P1B,8
110.0,20.0,550,-11.9543121573242,55.0,115.0,-21.6649941161158,-7.509939861853563,5.113895910699141,cross_pifa_h3p5_l9p2_w8p4_feed8p80,P1B,8
115.0,25.0,550,-11.9543121573242,55.0,115.0,-21.6649941161158,-6.44715282286064,5.401179899415539,cross_pifa_h3p5_l9p2_w8p4_feed8p80,P1B,8
120.0,30.0,550,-11.7001601321792,65.0,120.0,-21.6649941161158,-5.594352458641869,5.472341442492326,cross_pifa_h3p5_l9p2_w8p4_feed8p80,P1B,8
125.0,35.0,550,-11.4963460442725,90.0,185.0,-21.6649941161158,-4.73888550265807,5.664725494915123,cross_pifa_h3p5_l9p2_w8p4_feed8p80,P1B,8
130.0,40.0,550,-11.4963460442725,90.0,185.0,-21.6649941161158,-4.73888550265807,5.72740970742313,cross_pifa_h3p5_l9p2_w8p4_feed8p80,P1B,8
135.0,45.0,550,-11.4963460442725,90.0,185.0,-21.6649941161158,-4.73888550265807,5.72740970742313,cross_pifa_h3p5_l9p2_w8p4_feed8p80,P1B,8
140.0,50.0,550,-11.4963460442725,90.0,185.0,-21.6649941161158,-4.73888550265807,5.72740970742313,cross_pifa_h3p5_l9p2_w8p4_feed8p80,P1B,8
145.0,55.0,550,-11.4963460442725,90.0,185.0,-21.6649941161158,-5.2867189578740525,5.72740970742313,cross_pifa_h3p5_l9p2_w8p4_feed8p80,P1B,8
150.0,60.0,550,-11.4963460442725,90.0,185.0,-21.6649941161158,-5.594352458641869,5.72740970742313,cross_pifa_h3p5_l9p2_w8p4_feed8p80,P1B,8
155.0,65.0,550,-11.4963460442725,90.0,185.0,-21.6649941161158,-5.939003049271486,5.655521432782936,cross_pifa_h3p5_l9p2_w8p4_feed8p80,P1B,8
160.0,70.0,550,-11.4963460442725,90.0,185.0,-21.6649941161158,-6.761033738881349,5.418327907316333,cross_pifa_h3p5_l9p2_w8p4_feed8p80,P1B,8
165.0,75.0,550,-11.4963460442725,90.0,185.0,-21.6649941161158,-7.509939861853563,5.196525676239156,cross_pifa_h3p5_l9p2_w8p4_feed8p80,P1B,8
170.0,80.0,550,-11.4963460442725,90.0,185.0,-21.6649941161158,-7.772350526633568,5.0416371245686955,cross_pifa_h3p5_l9p2_w8p4_feed8p80,P1B,8
175.0,85.0,550,-11.4963460442725,90.0,185.0,-21.6649941161158,-9.103092395539798,4.9078619775445205,cross_pifa_h3p5_l9p2_w8p4_feed8p80,P1B,8
180.0,90.0,550,-11.4963460442725,90.0,185.0,-21.6649941161158,-10.104320485399473,4.799843865208767,cross_pifa_h3p5_l9p2_w8p4_feed8p80,P1B,8
185.0,95.0,550,-11.4963460442725,90.0,185.0,-21.6649941161158,-10.96809506426882,4.7819610428210435,cross_pifa_h3p5_l9p2_w8p4_feed8p80,P1B,8
190.0,100.0,550,-11.056316419102,90.0,190.0,-21.6649941161158,-11.272069002133264,4.716735566997222,cross_pifa_h3p5_l9p2_w8p4_feed8p80,P1B,8
195.0,105.0,550,-11.2161313243111,55.0,105.0,-23.83325520875897,-11.927726725749228,4.5052150432191045,cross_pifa_h3p5_l9p2_w8p4_feed8p80,P1B,8
200.0,110.0,550,-11.7637327833852,55.0,110.0,-23.83325520875897,-12.317392777821198,4.26851693324853,cross_pifa_h3p5_l9p2_w8p4_feed8p80,P1B,8
205.0,115.0,550,-11.9543121573242,55.0,115.0,-23.83325520875897,-12.317392777821198,3.8972431344710063,cross_pifa_h3p5_l9p2_w8p4_feed8p80,P1B,8
210.0,120.0,550,-11.9543121573242,55.0,115.0,-23.83325520875897,-12.317392777821198,3.48681609026561,cross_pifa_h3p5_l9p2_w8p4_feed8p80,P1B,8
215.0,125.0,550,-11.9543121573242,55.0,115.0,-23.83325520875897,-12.317392777821198,3.0361219352642714,cross_pifa_h3p5_l9p2_w8p4_feed8p80,P1B,8
220.0,130.0,550,-11.9543121573242,55.0,115.0,-23.83325520875897,-12.317392777821198,2.5164953417081963,cross_pifa_h3p5_l9p2_w8p4_feed8p80,P1B,8
225.0,135.0,550,-11.9543121573242,55.0,115.0,-23.83325520875897,-12.317392777821198,2.2520857897454367,cross_pifa_h3p5_l9p2_w8p4_feed8p80,P1B,8
230.0,140.0,550,-11.9543121573242,55.0,115.0,-23.83325520875897,-12.317392777821198,2.2520857897454367,cross_pifa_h3p5_l9p2_w8p4_feed8p80,P1B,8
235.0,145.0,550,-11.9543121573242,55.0,115.0,-23.83325520875897,-12.317392777821198,2.2520857897454367,cross_pifa_h3p5_l9p2_w8p4_feed8p80,P1B,8
240.0,150.0,550,-11.9543121573242,55.0,115.0,-23.83325520875897,-12.317392777821198,2.2520857897454367,cross_pifa_h3p5_l9p2_w8p4_feed8p80,P1B,8
245.0,155.0,550,-11.9543121573242,55.0,115.0,-23.83325520875897,-12.317392777821198,2.2520857897454367,cross_pifa_h3p5_l9p2_w8p4_feed8p80,P1B,8
250.0,160.0,550,-11.9543121573242,55.0,115.0,-23.83325520875897,-12.317392777821198,2.2520857897454367,cross_pifa_h3p5_l9p2_w8p4_feed8p80,P1B,8
255.0,165.0,550,-11.9543121573242,55.0,115.0,-23.83325520875897,-12.317392777821198,2.2520857897454367,cross_pifa_h3p5_l9p2_w8p4_feed8p80,P1B,8
260.0,170.0,550,-11.9543121573242,55.0,115.0,-23.83325520875897,-12.317392777821198,2.232894465180605,cross_pifa_h3p5_l9p2_w8p4_feed8p80,P1B,8
265.0,175.0,550,-11.9543121573242,55.0,115.0,-23.83325520875897,-12.317392777821198,2.083168414717775,cross_pifa_h3p5_l9p2_w8p4_feed8p80,P1B,8
270.0,180.0,550,-11.9543121573242,55.0,115.0,-23.83325520875897,-12.317392777821198,1.8531757518977512,cross_pifa_h3p5_l9p2_w8p4_feed8p80,P1B,8
275.0,185.0,550,-11.9543121573242,55.0,115.0,-23.83325520875897,-12.317392777821198,1.6183089025793445,cross_pifa_h3p5_l9p2_w8p4_feed8p80,P1B,8
280.0,190.0,550,-11.9543121573242,55.0,115.0,-23.83325520875897,-12.317392777821198,1.5031545858567794,cross_pifa_h3p5_l9p2_w8p4_feed8p80,P1B,8
285.0,195.0,550,-11.9543121573242,55.0,115.0,-23.83325520875897,-12.317392777821198,1.5031545858567794,cross_pifa_h3p5_l9p2_w8p4_feed8p80,P1B,8
290.0,200.0,550,-11.9543121573242,55.0,115.0,-23.83325520875897,-12.317392777821198,1.5031545858567794,cross_pifa_h3p5_l9p2_w8p4_feed8p80,P1B,8
295.0,205.0,550,-11.9543121573242,55.0,115.0,-23.83325520875897,-12.317392777821198,1.5031545858567794,cross_pifa_h3p5_l9p2_w8p4_feed8p80,P1B,8
300.0,210.0,550,-11.9543121573242,55.0,115.0,-23.83325520875897,-12.317392777821198,1.5031545858567794,cross_pifa_h3p5_l9p2_w8p4_feed8p80,P1B,8
305.0,215.0,550,-11.9543121573242,55.0,115.0,-23.83325520875897,-12.317392777821198,1.5031545858567794,cross_pifa_h3p5_l9p2_w8p4_feed8p80,P1B,8
310.0,220.0,550,-11.9543121573242,55.0,115.0,-23.83325520875897,-12.317392777821198,1.5031545858567794,cross_pifa_h3p5_l9p2_w8p4_feed8p80,P1B,8
315.0,225.0,550,-11.9543121573242,55.0,115.0,-23.83325520875897,-12.317392777821198,1.5031545858567794,cross_pifa_h3p5_l9p2_w8p4_feed8p80,P1B,8
320.0,230.0,550,-11.9543121573242,55.0,115.0,-23.83325520875897,-12.317392777821198,1.5031545858567794,cross_pifa_h3p5_l9p2_w8p4_feed8p80,P1B,8
325.0,235.0,550,-11.9543121573242,55.0,115.0,-23.83325520875897,-12.317392777821198,1.5031545858567794,cross_pifa_h3p5_l9p2_w8p4_feed8p80,P1B,8
330.0,240.0,550,-11.9543121573242,55.0,115.0,-23.83325520875897,-12.317392777821198,1.6647853511308,cross_pifa_h3p5_l9p2_w8p4_feed8p80,P1B,8
335.0,245.0,550,-11.9543121573242,55.0,115.0,-23.83325520875897,-12.317392777821198,2.0475181456720497,cross_pifa_h3p5_l9p2_w8p4_feed8p80,P1B,8
340.0,250.0,550,-11.9543121573242,55.0,115.0,-23.83325520875897,-12.317392777821198,2.333754442791229,cross_pifa_h3p5_l9p2_w8p4_feed8p80,P1B,8
345.0,255.0,550,-11.9543121573242,55.0,115.0,-23.83325520875897,-12.317392777821198,2.847161060758911,cross_pifa_h3p5_l9p2_w8p4_feed8p80,P1B,8
350.0,260.0,550,-11.9543121573242,55.0,115.0,-23.83325520875897,-12.317392777821198,3.125048093886063,cross_pifa_h3p5_l9p2_w8p4_feed8p80,P1B,8
355.0,265.0,550,-11.9543121573242,55.0,115.0,-23.83325520875897,-12.10903216885031,3.444120905554096,cross_pifa_h3p5_l9p2_w8p4_feed8p80,P1B,8
0.0,270.0,550,-16.0496393543371,45.0,220.0,-35.89198069579583,-17.83486143232347,-4.360072300082543,offset_pifa_h3p5_l8p8_sep9p0_feed8p40,P1A,9
5.0,275.0,550,-16.0496393543371,45.0,220.0,-35.89198069579583,-17.83486143232347,-4.622101256446224,offset_pifa_h3p5_l8p8_sep9p0_feed8p40,P1A,9
10.0,280.0,550,-16.0496393543371,45.0,220.0,-35.89198069579583,-17.83486143232347,-4.666946545340966,offset_pifa_h3p5_l8p8_sep9p0_feed8p40,P1A,9
15.0,285.0,550,-16.0496393543371,45.0,220.0,-35.89198069579583,-17.83486143232347,-4.6912296135774,offset_pifa_h3p5_l8p8_sep9p0_feed8p40,P1A,9
20.0,290.0,550,-16.0496393543371,45.0,220.0,-35.89198069579583,-17.83486143232347,-4.726700002633532,offset_pifa_h3p5_l8p8_sep9p0_feed8p40,P1A,9
25.0,295.0,550,-16.0496393543371,45.0,220.0,-35.89198069579583,-17.83486143232347,-4.791496712903619,offset_pifa_h3p5_l8p8_sep9p0_feed8p40,P1A,9
30.0,300.0,550,-16.0496393543371,45.0,220.0,-35.89198069579583,-17.83486143232347,-4.791897546989737,offset_pifa_h3p5_l8p8_sep9p0_feed8p40,P1A,9
35.0,305.0,550,-16.0496393543371,45.0,220.0,-35.89198069579583,-17.83486143232347,-4.791897546989737,offset_pifa_h3p5_l8p8_sep9p0_feed8p40,P1A,9
40.0,310.0,550,-16.0496393543371,45.0,220.0,-35.89198069579583,-17.83486143232347,-4.791496712903619,offset_pifa_h3p5_l8p8_sep9p0_feed8p40,P1A,9
45.0,315.0,550,-16.0496393543371,45.0,220.0,-35.89198069579583,-17.83486143232347,-4.726700002633532,offset_pifa_h3p5_l8p8_sep9p0_feed8p40,P1A,9
50.0,320.0,550,-16.0496393543371,45.0,220.0,-35.89198069579583,-17.83486143232347,-4.6912296135774,offset_pifa_h3p5_l8p8_sep9p0_feed8p40,P1A,9
55.0,325.0,550,-16.0496393543371,45.0,220.0,-35.89198069579583,-17.83486143232347,-4.653884990684441,offset_pifa_h3p5_l8p8_sep9p0_feed8p40,P1A,9
60.0,330.0,550,-16.0496393543371,45.0,220.0,-35.89198069579583,-17.83486143232347,-4.5922593902509785,offset_pifa_h3p5_l8p8_sep9p0_feed8p40,P1A,9
65.0,335.0,550,-16.0496393543371,45.0,220.0,-35.89198069579583,-17.83486143232347,-4.411321994693244,offset_pifa_h3p5_l8p8_sep9p0_feed8p40,P1A,9
70.0,340.0,550,-16.0496393543371,45.0,220.0,-35.89198069579583,-17.83486143232347,-4.197534761812133,offset_pifa_h3p5_l8p8_sep9p0_feed8p40,P1A,9
75.0,345.0,550,-16.0496393543371,45.0,220.0,-35.89198069579583,-17.83486143232347,-4.0767434303849,offset_pifa_h3p5_l8p8_sep9p0_feed8p40,P1A,9
80.0,350.0,550,-16.0496393543371,45.0,220.0,-35.89198069579583,-17.83486143232347,-3.769358037040562,offset_pifa_h3p5_l8p8_sep9p0_feed8p40,P1A,9
85.0,355.0,550,-16.0496393543371,45.0,220.0,-35.89198069579583,-17.83486143232347,-3.4957721309175716,offset_pifa_h3p5_l8p8_sep9p0_feed8p40,P1A,9
90.0,0.0,550,-16.0496393543371,45.0,220.0,-35.89198069579583,-17.83486143232347,-3.337265097404088,offset_pifa_h3p5_l8p8_sep9p0_feed8p40,P1A,9
95.0,5.0,550,-16.0496393543371,45.0,220.0,-35.89198069579583,-17.83486143232347,-3.038565515784742,offset_pifa_h3p5_l8p8_sep9p0_feed8p40,P1A,9
100.0,10.0,550,-16.0496393543371,45.0,220.0,-35.89198069579583,-17.83486143232347,-2.7279397601253508,offset_pifa_h3p5_l8p8_sep9p0_feed8p40,P1A,9
105.0,15.0,550,-16.0496393543371,45.0,220.0,-35.89198069579583,-17.83486143232347,-2.4296974972914382,offset_pifa_h3p5_l8p8_sep9p0_feed8p40,P1A,9
110.0,20.0,550,-16.0496393543371,45.0,220.0,-35.89198069579583,-16.707543314781024,-2.172394552141364,offset_pifa_h3p5_l8p8_sep9p0_feed8p40,P1A,9
115.0,25.0,550,-16.0496393543371,45.0,220.0,-35.89198069579583,-14.518931281388321,-1.9639033142182594,offset_pifa_h3p5_l8p8_sep9p0_feed8p40,P1A,9
120.0,30.0,550,-16.0496393543371,45.0,220.0,-35.89198069579583,-11.836403492090321,-1.747605884550239,offset_pifa_h3p5_l8p8_sep9p0_feed8p40,P1A,9
125.0,35.0,550,-16.0496393543371,45.0,220.0,-25.85789785544393,-10.085069678753122,-1.4896635957696542,offset_pifa_h3p5_l8p8_sep9p0_feed8p40,P1A,9
130.0,40.0,550,-16.0496393543371,45.0,220.0,-21.562136485053017,-8.773526336559277,-1.3928686232859024,offset_pifa_h3p5_l8p8_sep9p0_feed8p40,P1A,9
135.0,45.0,550,-16.0496393543371,45.0,220.0,-16.987459256145925,-8.08580741397746,-1.3837773289854358,offset_pifa_h3p5_l8p8_sep9p0_feed8p40,P1A,9
140.0,50.0,550,-16.0496393543371,45.0,220.0,-13.235585564731021,-7.566698142695699,-1.3837773289854358,offset_pifa_h3p5_l8p8_sep9p0_feed8p40,P1A,9
145.0,55.0,550,-16.0496393543371,45.0,220.0,-10.663489231862307,-7.359799572452266,-1.3837773289854358,offset_pifa_h3p5_l8p8_sep9p0_feed8p40,P1A,9
150.0,60.0,550,-16.0496393543371,45.0,220.0,-11.58770871367074,-7.379076766734682,-1.3837773289854358,offset_pifa_h3p5_l8p8_sep9p0_feed8p40,P1A,9
155.0,65.0,550,-16.0496393543371,45.0,220.0,-12.828386096274073,-7.685388385832065,-1.3837773289854358,offset_pifa_h3p5_l8p8_sep9p0_feed8p40,P1A,9
160.0,70.0,550,-16.0496393543371,45.0,220.0,-14.038589410344628,-7.953563819720204,-1.4176831352716601,offset_pifa_h3p5_l8p8_sep9p0_feed8p40,P1A,9
165.0,75.0,550,-16.0496393543371,45.0,220.0,-15.06698117890821,-8.30576795542784,-1.8537161894052328,offset_pifa_h3p5_l8p8_sep9p0_feed8p40,P1A,9
170.0,80.0,550,-16.0496393543371,45.0,220.0,-15.704515648429666,-8.985778342703913,-2.070321754131496,offset_pifa_h3p5_l8p8_sep9p0_feed8p40,P1A,9
175.0,85.0,550,-16.0496393543371,45.0,220.0,-15.79292298453087,-9.665501706982312,-2.4061891144312213,offset_pifa_h3p5_l8p8_sep9p0_feed8p40,P1A,9
180.0,90.0,550,-16.0496393543371,45.0,220.0,-15.947381258978155,-10.672890859588463,-2.6739822205143815,offset_pifa_h3p5_l8p8_sep9p0_feed8p40,P1A,9
185.0,95.0,550,-16.0496393543371,45.0,220.0,-16.25212849663809,-11.915697752598797,-2.8700213343696914,offset_pifa_h3p5_l8p8_sep9p0_feed8p40,P1A,9
190.0,100.0,550,-16.0496393543371,45.0,220.0,-17.099612044569387,-13.315424954961808,-2.999291468513719,offset_pifa_h3p5_l8p8_sep9p0_feed8p40,P1A,9
195.0,105.0,550,-16.0496393543371,45.0,220.0,-18.923714098734628,-14.038589410344628,-3.0642956857087755,offset_pifa_h3p5_l8p8_sep9p0_feed8p40,P1A,9
200.0,110.0,550,-16.0496393543371,45.0,220.0,-22.16099398087639,-15.021107865477113,-3.211769306529453,offset_pifa_h3p5_l8p8_sep9p0_feed8p40,P1A,9
205.0,115.0,550,-16.0496393543371,45.0,220.0,-28.507184164393887,-15.703521961810834,-3.2702294057525356,offset_pifa_h3p5_l8p8_sep9p0_feed8p40,P1A,9
210.0,120.0,550,-16.0496393543371,45.0,220.0,-35.89198069579583,-16.090350890672575,-3.367494985943795,offset_pifa_h3p5_l8p8_sep9p0_feed8p40,P1A,9
215.0,125.0,550,-16.0496393543371,45.0,220.0,-35.89198069579583,-16.651439571174972,-3.3971703186849718,offset_pifa_h3p5_l8p8_sep9p0_feed8p40,P1A,9
220.0,130.0,550,-16.0496393543371,45.0,220.0,-35.89198069579583,-17.83486143232347,-3.710116003786847,offset_pifa_h3p5_l8p8_sep9p0_feed8p40,P1A,9
225.0,135.0,550,-13.2538142161893,45.0,225.0,-35.89198069579583,-17.83486143232347,-3.922248590244319,offset_pifa_h3p5_l8p8_sep9p0_feed8p40,P1A,9
230.0,140.0,550,-11.007515016439,75.0,230.0,-35.89198069579583,-17.83486143232347,-4.13879965560297,offset_pifa_h3p5_l8p8_sep9p0_feed8p40,P1A,9
235.0,145.0,550,-10.2675950923914,90.0,235.0,-35.89198069579583,-17.83486143232347,-4.4069173763797025,offset_pifa_h3p5_l8p8_sep9p0_feed8p40,P1A,9
240.0,150.0,550,-9.07869674390201,90.0,240.0,-35.89198069579583,-17.83486143232347,-4.413590241335426,offset_pifa_h3p5_l8p8_sep9p0_feed8p40,P1A,9
245.0,155.0,550,-7.63972766210614,90.0,245.0,-35.89198069579583,-17.83486143232347,-4.4069173763797025,offset_pifa_h3p5_l8p8_sep9p0_feed8p40,P1A,9
250.0,160.0,550,-6.33442643888275,90.0,250.0,-35.89198069579583,-17.83486143232347,-4.292547957151082,offset_pifa_h3p5_l8p8_sep9p0_feed8p40,P1A,9
255.0,165.0,550,-7.38371053201819,45.0,165.0,-35.89198069579583,-17.83486143232347,-4.180499804667052,offset_pifa_h3p5_l8p8_sep9p0_feed8p40,P1A,9
260.0,170.0,550,-7.38371053201819,45.0,165.0,-35.89198069579583,-17.83486143232347,-4.0767434303849,offset_pifa_h3p5_l8p8_sep9p0_feed8p40,P1A,9
265.0,175.0,550,-7.38371053201819,45.0,165.0,-35.89198069579583,-17.83486143232347,-3.769358037040562,offset_pifa_h3p5_l8p8_sep9p0_feed8p40,P1A,9
270.0,180.0,550,-7.38371053201819,45.0,165.0,-35.89198069579583,-17.83486143232347,-3.4506348193335357,offset_pifa_h3p5_l8p8_sep9p0_feed8p40,P1A,9
275.0,185.0,550,-7.38371053201819,45.0,165.0,-35.89198069579583,-17.83486143232347,-3.1724898465002105,offset_pifa_h3p5_l8p8_sep9p0_feed8p40,P1A,9
280.0,190.0,550,-7.38371053201819,45.0,165.0,-35.89198069579583,-17.83486143232347,-3.054149443400312,offset_pifa_h3p5_l8p8_sep9p0_feed8p40,P1A,9
285.0,195.0,550,-7.38371053201819,45.0,165.0,-35.89198069579583,-17.83486143232347,-2.9560736896606885,offset_pifa_h3p5_l8p8_sep9p0_feed8p40,P1A,9
290.0,200.0,550,-7.38371053201819,45.0,165.0,-35.89198069579583,-17.83486143232347,-2.887784782445591,offset_pifa_h3p5_l8p8_sep9p0_feed8p40,P1A,9
295.0,205.0,550,-7.38371053201819,45.0,165.0,-35.89198069579583,-17.83486143232347,-2.8777964747905322,offset_pifa_h3p5_l8p8_sep9p0_feed8p40,P1A,9
300.0,210.0,550,-9.20939603145741,45.0,210.0,-35.89198069579583,-17.83486143232347,-3.0642956857087755,offset_pifa_h3p5_l8p8_sep9p0_feed8p40,P1A,9
305.0,215.0,550,-13.2542032933768,45.0,215.0,-35.89198069579583,-17.83486143232347,-2.926169870367246,offset_pifa_h3p5_l8p8_sep9p0_feed8p40,P1A,9
310.0,220.0,550,-16.0496393543371,45.0,220.0,-35.89198069579583,-17.83486143232347,-2.8700213343696914,offset_pifa_h3p5_l8p8_sep9p0_feed8p40,P1A,9
315.0,225.0,550,-16.0496393543371,45.0,220.0,-35.89198069579583,-17.83486143232347,-2.7887410299957995,offset_pifa_h3p5_l8p8_sep9p0_feed8p40,P1A,9
320.0,230.0,550,-16.0496393543371,45.0,220.0,-35.89198069579583,-17.83486143232347,-2.752751373694278,offset_pifa_h3p5_l8p8_sep9p0_feed8p40,P1A,9
325.0,235.0,550,-16.0496393543371,45.0,220.0,-35.89198069579583,-17.83486143232347,-2.7887410299957995,offset_pifa_h3p5_l8p8_sep9p0_feed8p40,P1A,9
330.0,240.0,550,-16.0496393543371,45.0,220.0,-35.89198069579583,-17.83486143232347,-2.8700213343696914,offset_pifa_h3p5_l8p8_sep9p0_feed8p40,P1A,9
335.0,245.0,550,-16.0496393543371,45.0,220.0,-35.89198069579583,-17.83486143232347,-2.999291468513719,offset_pifa_h3p5_l8p8_sep9p0_feed8p40,P1A,9
340.0,250.0,550,-16.0496393543371,45.0,220.0,-35.89198069579583,-17.83486143232347,-3.220735890347139,offset_pifa_h3p5_l8p8_sep9p0_feed8p40,P1A,9
345.0,255.0,550,-16.0496393543371,45.0,220.0,-35.89198069579583,-17.83486143232347,-3.4835923542432328,offset_pifa_h3p5_l8p8_sep9p0_feed8p40,P1A,9
350.0,260.0,550,-16.0496393543371,45.0,220.0,-35.89198069579583,-17.83486143232347,-3.7995661172097077,offset_pifa_h3p5_l8p8_sep9p0_feed8p40,P1A,9
355.0,265.0,550,-16.0496393543371,45.0,220.0,-35.89198069579583,-17.83486143232347,-4.095340215443918,offset_pifa_h3p5_l8p8_sep9p0_feed8p40,P1A,9
0.0,270.0,550,-13.1638043299179,75.0,120.0,-24.06764647924572,-8.637540634942226,5.604125881102712,offset_pifa_h3p5_l8p8_sep9p0_feed8p40,P1B,9
5.0,275.0,550,-13.1638043299179,75.0,120.0,-24.06764647924572,-7.675171129956684,5.680799712169783,offset_pifa_h3p5_l8p8_sep9p0_feed8p40,P1B,9
10.0,280.0,550,-13.1638043299179,75.0,120.0,-24.06764647924572,-6.7665672054876955,5.688269328078235,offset_pifa_h3p5_l8p8_sep9p0_feed8p40,P1B,9
15.0,285.0,550,-13.1638043299179,75.0,120.0,-24.06764647924572,-5.719252424618103,5.721267247704642,offset_pifa_h3p5_l8p8_sep9p0_feed8p40,P1B,9
20.0,290.0,550,-13.1638043299179,75.0,120.0,-24.06764647924572,-5.395449846758842,5.747030250938307,offset_pifa_h3p5_l8p8_sep9p0_feed8p40,P1B,9
25.0,295.0,550,-13.1638043299179,75.0,120.0,-24.06764647924572,-4.7209290940570146,5.7494920304658725,offset_pifa_h3p5_l8p8_sep9p0_feed8p40,P1B,9
30.0,300.0,550,-13.1638043299179,75.0,120.0,-24.06764647924572,-4.148394854396589,5.78003864711949,offset_pifa_h3p5_l8p8_sep9p0_feed8p40,P1B,9
35.0,305.0,550,-13.1638043299179,75.0,120.0,-24.06764647924572,-4.049525991784055,5.78003864711949,offset_pifa_h3p5_l8p8_sep9p0_feed8p40,P1B,9
40.0,310.0,550,-13.1638043299179,75.0,120.0,-24.06764647924572,-4.049525991784055,5.78003864711949,offset_pifa_h3p5_l8p8_sep9p0_feed8p40,P1B,9
45.0,315.0,550,-13.1638043299179,75.0,120.0,-24.06764647924572,-4.049525991784055,5.78003864711949,offset_pifa_h3p5_l8p8_sep9p0_feed8p40,P1B,9
50.0,320.0,550,-13.1638043299179,75.0,120.0,-24.06764647924572,-4.049525991784055,5.78003864711949,offset_pifa_h3p5_l8p8_sep9p0_feed8p40,P1B,9
55.0,325.0,550,-13.1638043299179,75.0,120.0,-24.06764647924572,-4.385403851366306,5.78003864711949,offset_pifa_h3p5_l8p8_sep9p0_feed8p40,P1B,9
60.0,330.0,550,-13.1638043299179,75.0,120.0,-24.06764647924572,-5.598689589571255,5.78003864711949,offset_pifa_h3p5_l8p8_sep9p0_feed8p40,P1B,9
65.0,335.0,550,-13.1638043299179,75.0,120.0,-24.06764647924572,-6.408612669990548,5.7494920304658725,offset_pifa_h3p5_l8p8_sep9p0_feed8p40,P1B,9
70.0,340.0,550,-13.1638043299179,75.0,120.0,-24.06764647924572,-7.974353974025266,5.747030250938307,offset_pifa_h3p5_l8p8_sep9p0_feed8p40,P1B,9
75.0,345.0,550,-13.1638043299179,75.0,120.0,-24.06764647924572,-9.79334058157027,5.721267247704642,offset_pifa_h3p5_l8p8_sep9p0_feed8p40,P1B,9
80.0,350.0,550,-13.1638043299179,75.0,120.0,-30.209556953753626,-11.284461207098563,5.686430864479415,offset_pifa_h3p5_l8p8_sep9p0_feed8p40,P1B,9
85.0,355.0,550,-13.1638043299179,75.0,120.0,-30.209556953753626,-12.440413053431161,5.604125881102712,offset_pifa_h3p5_l8p8_sep9p0_feed8p40,P1B,9
90.0,0.0,550,-13.1638043299179,75.0,120.0,-30.209556953753626,-12.968000605950571,5.353958643321361,offset_pifa_h3p5_l8p8_sep9p0_feed8p40,P1B,9
95.0,5.0,550,-13.1638043299179,75.0,120.0,-30.209556953753626,-12.968000605950571,5.114348944706774,offset_pifa_h3p5_l8p8_sep9p0_feed8p40,P1B,9
100.0,10.0,550,-13.1638043299179,75.0,120.0,-30.209556953753626,-12.968000605950571,4.897013190208482,offset_pifa_h3p5_l8p8_sep9p0_feed8p40,P1B,9
105.0,15.0,550,-13.1638043299179,75.0,120.0,-30.209556953753626,-12.968000605950571,4.6366970203935045,offset_pifa_h3p5_l8p8_sep9p0_feed8p40,P1B,9
110.0,20.0,550,-13.1638043299179,75.0,120.0,-30.209556953753626,-12.968000605950571,4.3059381171767575,offset_pifa_h3p5_l8p8_sep9p0_feed8p40,P1B,9
115.0,25.0,550,-13.1638043299179,75.0,120.0,-30.209556953753626,-12.968000605950571,3.919812828541103,offset_pifa_h3p5_l8p8_sep9p0_feed8p40,P1B,9
120.0,30.0,550,-13.1638043299179,75.0,120.0,-30.209556953753626,-12.968000605950571,3.6436843081320482,offset_pifa_h3p5_l8p8_sep9p0_feed8p40,P1B,9
125.0,35.0,550,-12.725232498121,65.0,125.0,-30.209556953753626,-12.968000605950571,3.2549371352710246,offset_pifa_h3p5_l8p8_sep9p0_feed8p40,P1B,9
130.0,40.0,550,-11.7297952965724,55.0,130.0,-30.209556953753626,-12.968000605950571,2.929155432311536,offset_pifa_h3p5_l8p8_sep9p0_feed8p40,P1B,9
135.0,45.0,550,-10.7695671188951,45.0,190.0,-30.209556953753626,-12.968000605950571,2.738244155333014,offset_pifa_h3p5_l8p8_sep9p0_feed8p40,P1B,9
140.0,50.0,550,-10.7695671188951,45.0,190.0,-30.209556953753626,-12.968000605950571,2.417643894737757,offset_pifa_h3p5_l8p8_sep9p0_feed8p40,P1B,9
145.0,55.0,550,-10.7695671188951,45.0,190.0,-30.209556953753626,-12.968000605950571,2.168589677590445,offset_pifa_h3p5_l8p8_sep9p0_feed8p40,P1B,9
150.0,60.0,550,-10.7695671188951,45.0,190.0,-30.209556953753626,-12.968000605950571,2.118529278119857,offset_pifa_h3p5_l8p8_sep9p0_feed8p40,P1B,9
155.0,65.0,550,-10.7695671188951,45.0,190.0,-30.209556953753626,-12.968000605950571,1.9439633532046565,offset_pifa_h3p5_l8p8_sep9p0_feed8p40,P1B,9
160.0,70.0,550,-10.7695671188951,45.0,190.0,-30.209556953753626,-12.968000605950571,1.7588219537334757,offset_pifa_h3p5_l8p8_sep9p0_feed8p40,P1B,9
165.0,75.0,550,-10.7695671188951,45.0,190.0,-30.209556953753626,-12.968000605950571,1.7588219537334757,offset_pifa_h3p5_l8p8_sep9p0_feed8p40,P1B,9
170.0,80.0,550,-10.7695671188951,45.0,190.0,-30.209556953753626,-12.968000605950571,1.8419191897956544,offset_pifa_h3p5_l8p8_sep9p0_feed8p40,P1B,9
175.0,85.0,550,-10.7695671188951,45.0,190.0,-30.209556953753626,-12.968000605950571,2.07750213484778,offset_pifa_h3p5_l8p8_sep9p0_feed8p40,P1B,9
180.0,90.0,550,-10.7695671188951,45.0,190.0,-30.209556953753626,-12.968000605950571,2.155878708306051,offset_pifa_h3p5_l8p8_sep9p0_feed8p40,P1B,9
185.0,95.0,550,-10.7695671188951,45.0,190.0,-30.209556953753626,-12.916371154056659,2.5707632911670375,offset_pifa_h3p5_l8p8_sep9p0_feed8p40,P1B,9
190.0,100.0,550,-10.7695671188951,45.0,190.0,-30.209556953753626,-11.723017977728974,2.7439189975577696,offset_pifa_h3p5_l8p8_sep9p0_feed8p40,P1B,9
195.0,105.0,550,-10.1949838567104,90.0,105.0,-30.209556953753626,-11.190382138912454,3.0249811036966068,offset_pifa_h3p5_l8p8_sep9p0_feed8p40,P1B,9
200.0,110.0,550,-11.5904714159918,85.0,110.0,-30.209556953753626,-11.190382138912454,3.27363753148177,offset_pifa_h3p5_l8p8_sep9p0_feed8p40,P1B,9
205.0,115.0,550,-12.7195373370872,80.0,115.0,-30.209556953753626,-11.190382138912454,3.402323015703375,offset_pifa_h3p5_l8p8_sep9p0_feed8p40,P1B,9
210.0,120.0,550,-13.1638043299179,75.0,120.0,-30.209556953753626,-11.190382138912454,3.402323015703375,offset_pifa_h3p5_l8p8_sep9p0_feed8p40,P1B,9
215.0,125.0,550,-13.1638043299179,75.0,120.0,-30.209556953753626,-11.190382138912454,3.402323015703375,offset_pifa_h3p5_l8p8_sep9p0_feed8p40,P1B,9
220.0,130.0,550,-13.1638043299179,75.0,120.0,-30.209556953753626,-11.190382138912454,3.402323015703375,offset_pifa_h3p5_l8p8_sep9p0_feed8p40,P1B,9
225.0,135.0,550,-13.1638043299179,75.0,120.0,-30.209556953753626,-11.190382138912454,3.402323015703375,offset_pifa_h3p5_l8p8_sep9p0_feed8p40,P1B,9
230.0,140.0,550,-13.1638043299179,75.0,120.0,-30.209556953753626,-11.190382138912454,3.402323015703375,offset_pifa_h3p5_l8p8_sep9p0_feed8p40,P1B,9
235.0,145.0,550,-13.1638043299179,75.0,120.0,-30.209556953753626,-11.190382138912454,3.402323015703375,offset_pifa_h3p5_l8p8_sep9p0_feed8p40,P1B,9
240.0,150.0,550,-13.1638043299179,75.0,120.0,-30.209556953753626,-11.190382138912454,3.402323015703375,offset_pifa_h3p5_l8p8_sep9p0_feed8p40,P1B,9
245.0,155.0,550,-13.1638043299179,75.0,120.0,-30.209556953753626,-11.190382138912454,3.402323015703375,offset_pifa_h3p5_l8p8_sep9p0_feed8p40,P1B,9
250.0,160.0,550,-13.1638043299179,75.0,120.0,-30.209556953753626,-11.190382138912454,3.2925984484678903,offset_pifa_h3p5_l8p8_sep9p0_feed8p40,P1B,9
255.0,165.0,550,-13.1638043299179,75.0,120.0,-30.209556953753626,-11.190382138912454,3.2094621364534475,offset_pifa_h3p5_l8p8_sep9p0_feed8p40,P1B,9
260.0,170.0,550,-13.1638043299179,75.0,120.0,-30.209556953753626,-11.190382138912454,3.039991547153166,offset_pifa_h3p5_l8p8_sep9p0_feed8p40,P1B,9
265.0,175.0,550,-13.1638043299179,75.0,120.0,-30.209556953753626,-11.190382138912454,2.8039123381008975,offset_pifa_h3p5_l8p8_sep9p0_feed8p40,P1B,9
270.0,180.0,550,-13.1638043299179,75.0,120.0,-30.209556953753626,-11.439396342883317,2.6472389780489736,offset_pifa_h3p5_l8p8_sep9p0_feed8p40,P1B,9
275.0,185.0,550,-13.1638043299179,75.0,120.0,-30.209556953753626,-12.850137800933787,2.1998888332263613,offset_pifa_h3p5_l8p8_sep9p0_feed8p40,P1B,9
280.0,190.0,550,-13.1638043299179,75.0,120.0,-30.209556953753626,-12.968000605950571,2.118529278119857,offset_pifa_h3p5_l8p8_sep9p0_feed8p40,P1B,9
285.0,195.0,550,-13.1638043299179,75.0,120.0,-30.209556953753626,-12.968000605950571,1.7588219537334757,offset_pifa_h3p5_l8p8_sep9p0_feed8p40,P1B,9
290.0,200.0,550,-13.1638043299179,75.0,120.0,-30.209556953753626,-12.968000605950571,1.7588219537334757,offset_pifa_h3p5_l8p8_sep9p0_feed8p40,P1B,9
295.0,205.0,550,-13.1638043299179,75.0,120.0,-30.209556953753626,-12.968000605950571,1.7588219537334757,offset_pifa_h3p5_l8p8_sep9p0_feed8p40,P1B,9
300.0,210.0,550,-13.1638043299179,75.0,120.0,-30.209556953753626,-12.968000605950571,1.9439633532046565,offset_pifa_h3p5_l8p8_sep9p0_feed8p40,P1B,9
305.0,215.0,550,-13.1638043299179,75.0,120.0,-30.209556953753626,-12.968000605950571,2.105203665756256,offset_pifa_h3p5_l8p8_sep9p0_feed8p40,P1B,9
310.0,220.0,550,-13.1638043299179,75.0,120.0,-30.209556953753626,-12.968000605950571,2.1954319628659325,offset_pifa_h3p5_l8p8_sep9p0_feed8p40,P1B,9
315.0,225.0,550,-13.1638043299179,75.0,120.0,-30.209556953753626,-12.968000605950571,2.6128570180668778,offset_pifa_h3p5_l8p8_sep9p0_feed8p40,P1B,9
320.0,230.0,550,-13.1638043299179,75.0,120.0,-30.209556953753626,-12.968000605950571,2.846073880951525,offset_pifa_h3p5_l8p8_sep9p0_feed8p40,P1B,9
325.0,235.0,550,-13.1638043299179,75.0,120.0,-30.209556953753626,-12.968000605950571,3.2549371352710246,offset_pifa_h3p5_l8p8_sep9p0_feed8p40,P1B,9
330.0,240.0,550,-13.1638043299179,75.0,120.0,-30.209556953753626,-12.968000605950571,3.6438415359102776,offset_pifa_h3p5_l8p8_sep9p0_feed8p40,P1B,9
335.0,245.0,550,-13.1638043299179,75.0,120.0,-30.209556953753626,-12.968000605950571,4.021824608691385,offset_pifa_h3p5_l8p8_sep9p0_feed8p40,P1B,9
340.0,250.0,550,-13.1638043299179,75.0,120.0,-30.209556953753626,-12.968000605950571,4.457606604446679,offset_pifa_h3p5_l8p8_sep9p0_feed8p40,P1B,9
345.0,255.0,550,-13.1638043299179,75.0,120.0,-30.209556953753626,-12.968000605950571,4.850894257973929,offset_pifa_h3p5_l8p8_sep9p0_feed8p40,P1B,9
350.0,260.0,550,-13.1638043299179,75.0,120.0,-30.209556953753626,-12.289589494300035,5.36257780297361,offset_pifa_h3p5_l8p8_sep9p0_feed8p40,P1B,9
355.0,265.0,550,-13.1638043299179,75.0,120.0,-24.06764647924572,-10.363322279727923,5.468378971578932,offset_pifa_h3p5_l8p8_sep9p0_feed8p40,P1B,9
0.0,270.0,550,-11.1704514359953,55.0,220.0,-34.7888940705814,-17.549963503466522,-5.1260095483607815,offset_pifa_h3p5_l8p8_sep10p0_feed8p40,P1A,10
5.0,275.0,550,-11.1704514359953,55.0,220.0,-34.7888940705814,-17.549963503466522,-5.49496327930853,offset_pifa_h3p5_l8p8_sep10p0_feed8p40,P1A,10
10.0,280.0,550,-11.1704514359953,55.0,220.0,-34.7888940705814,-17.549963503466522,-5.674962002532568,offset_pifa_h3p5_l8p8_sep10p0_feed8p40,P1A,10
15.0,285.0,550,-11.1704514359953,55.0,220.0,-34.7888940705814,-17.549963503466522,-5.842128455557459,offset_pifa_h3p5_l8p8_sep10p0_feed8p40,P1A,10
20.0,290.0,550,-11.1704514359953,55.0,220.0,-34.7888940705814,-17.549963503466522,-6.2301055818210695,offset_pifa_h3p5_l8p8_sep10p0_feed8p40,P1A,10
25.0,295.0,550,-11.1704514359953,55.0,220.0,-34.7888940705814,-17.549963503466522,-6.404853019832,offset_pifa_h3p5_l8p8_sep10p0_feed8p40,P1A,10
30.0,300.0,550,-11.1704514359953,55.0,220.0,-34.7888940705814,-17.549963503466522,-6.515748112300629,offset_pifa_h3p5_l8p8_sep10p0_feed8p40,P1A,10
35.0,305.0,550,-11.1704514359953,55.0,220.0,-34.7888940705814,-17.549963503466522,-6.54158132617299,offset_pifa_h3p5_l8p8_sep10p0_feed8p40,P1A,10
40.0,310.0,550,-11.1704514359953,55.0,220.0,-34.7888940705814,-17.549963503466522,-6.54158132617299,offset_pifa_h3p5_l8p8_sep10p0_feed8p40,P1A,10
45.0,315.0,550,-11.1704514359953,55.0,220.0,-34.7888940705814,-17.549963503466522,-6.515748112300629,offset_pifa_h3p5_l8p8_sep10p0_feed8p40,P1A,10
50.0,320.0,550,-11.1704514359953,55.0,220.0,-34.7888940705814,-17.549963503466522,-6.449696999019596,offset_pifa_h3p5_l8p8_sep10p0_feed8p40,P1A,10
55.0,325.0,550,-11.1704514359953,55.0,220.0,-34.7888940705814,-17.549963503466522,-6.2691408954695715,offset_pifa_h3p5_l8p8_sep10p0_feed8p40,P1A,10
60.0,330.0,550,-11.1704514359953,55.0,220.0,-34.7888940705814,-17.549963503466522,-6.124085362433805,offset_pifa_h3p5_l8p8_sep10p0_feed8p40,P1A,10
65.0,335.0,550,-11.1704514359953,55.0,220.0,-34.7888940705814,-17.549963503466522,-5.962475685109839,offset_pifa_h3p5_l8p8_sep10p0_feed8p40,P1A,10
70.0,340.0,550,-11.1704514359953,55.0,220.0,-34.7888940705814,-17.549963503466522,-5.768398613107309,offset_pifa_h3p5_l8p8_sep10p0_feed8p40,P1A,10
75.0,345.0,550,-11.1704514359953,55.0,220.0,-34.7888940705814,-17.549963503466522,-5.621809785787708,offset_pifa_h3p5_l8p8_sep10p0_feed8p40,P1A,10
80.0,350.0,550,-11.1704514359953,55.0,220.0,-34.7888940705814,-17.549963503466522,-5.482832252761423,offset_pifa_h3p5_l8p8_sep10p0_feed8p40,P1A,10
85.0,355.0,550,-11.1704514359953,55.0,220.0,-34.7888940705814,-17.549963503466522,-5.153059342203935,offset_pifa_h3p5_l8p8_sep10p0_feed8p40,P1A,10
90.0,0.0,550,-11.1704514359953,55.0,220.0,-34.7888940705814,-17.549963503466522,-4.870798002035693,offset_pifa_h3p5_l8p8_sep10p0_feed8p40,P1A,10
95.0,5.0,550,-11.1704514359953,55.0,220.0,-34.7888940705814,-17.549963503466522,-4.564313269440393,offset_pifa_h3p5_l8p8_sep10p0_feed8p40,P1A,10
100.0,10.0,550,-11.1704514359953,55.0,220.0,-34.7888940705814,-17.549963503466522,-4.368057885155186,offset_pifa_h3p5_l8p8_sep10p0_feed8p40,P1A,10
105.0,15.0,550,-11.1704514359953,55.0,220.0,-34.7888940705814,-16.853778989972984,-3.9601615183313186,offset_pifa_h3p5_l8p8_sep10p0_feed8p40,P1A,10
110.0,20.0,550,-11.1704514359953,55.0,220.0,-34.7888940705814,-15.804454402509638,-3.5299135601043834,offset_pifa_h3p5_l8p8_sep10p0_feed8p40,P1A,10
115.0,25.0,550,-11.1704514359953,55.0,220.0,-34.7888940705814,-14.556498824230445,-3.3131166449141536,offset_pifa_h3p5_l8p8_sep10p0_feed8p40,P1A,10
120.0,30.0,550,-11.1704514359953,55.0,220.0,-26.61715600464681,-13.995257025823197,-3.1957581638556976,offset_pifa_h3p5_l8p8_sep10p0_feed8p40,P1A,10
125.0,35.0,550,-11.1704514359953,55.0,220.0,-22.176054997863805,-13.22342974057584,-3.150409812154087,offset_pifa_h3p5_l8p8_sep10p0_feed8p40,P1A,10
130.0,40.0,550,-11.1704514359953,55.0,220.0,-17.549963503466522,-12.442100129106402,-3.063717015992538,offset_pifa_h3p5_l8p8_sep10p0_feed8p40,P1A,10
135.0,45.0,550,-11.1704514359953,55.0,220.0,-16.502122768304343,-12.20484964928287,-3.0417010147483086,offset_pifa_h3p5_l8p8_sep10p0_feed8p40,P1A,10
140.0,50.0,550,-11.1704514359953,55.0,220.0,-16.502122768304343,-12.181315122864952,-3.0417010147483086,offset_pifa_h3p5_l8p8_sep10p0_feed8p40,P1A,10
145.0,55.0,550,-11.1704514359953,55.0,220.0,-16.502122768304343,-12.399061229386103,-3.0417010147483086,offset_pifa_h3p5_l8p8_sep10p0_feed8p40,P1A,10
150.0,60.0,550,-11.1704514359953,55.0,220.0,-16.502122768304343,-12.442100129106402,-3.1391589593183946,offset_pifa_h3p5_l8p8_sep10p0_feed8p40,P1A,10
155.0,65.0,550,-11.1704514359953,55.0,220.0,-16.502122768304343,-12.909951030436673,-3.2533201114591064,offset_pifa_h3p5_l8p8_sep10p0_feed8p40,P1A,10
160.0,70.0,550,-11.1704514359953,55.0,220.0,-16.502122768304343,-13.418979771997087,-3.5488206360965524,offset_pifa_h3p5_l8p8_sep10p0_feed8p40,P1A,10
165.0,75.0,550,-11.1704514359953,55.0,220.0,-16.502122768304343,-13.58528861750605,-4.018310752067309,offset_pifa_h3p5_l8p8_sep10p0_feed8p40,P1A,10
170.0,80.0,550,-11.1704514359953,55.0,220.0,-16.502122768304343,-14.067950551331352,-4.3666377500247,offset_pifa_h3p5_l8p8_sep10p0_feed8p40,P1A,10
175.0,85.0,550,-11.1704514359953,55.0,220.0,-16.502122768304343,-14.108080651616472,-4.564313269440393,offset_pifa_h3p5_l8p8_sep10p0_feed8p40,P1A,10
180.0,90.0,550,-11.1704514359953,55.0,220.0,-16.502122768304343,-14.364843788637412,-4.8276206731857965,offset_pifa_h3p5_l8p8_sep10p0_feed8p40,P1A,10
185.0,95.0,550,-11.1704514359953,55.0,220.0,-16.658584673341956,-14.556498824230445,-5.1260095483607815,offset_pifa_h3p5_l8p8_sep10p0_feed8p40,P1A,10
190.0,100.0,550,-11.1704514359953,55.0,220.0,-18.240610802685072,-14.861575651019008,-5.355755129216258,offset_pifa_h3p5_l8p8_sep10p0_feed8p40,P1A,10
195.0,105.0,550,-11.1704514359953,55.0,220.0,-21.038167099693016,-15.114844027740578,-5.514212011930805,offset_pifa_h3p5_l8p8_sep10p0_feed8p40,P1A,10
200.0,110.0,550,-11.1704514359953,55.0,220.0,-27.454111489933762,-15.561622156409221,-5.674962002532568,offset_pifa_h3p5_l8p8_sep10p0_feed8p40,P1A,10
205.0,115.0,550,-11.1704514359953,55.0,220.0,-34.7888940705814,-16.03973186214881,-5.8133884144975045,offset_pifa_h3p5_l8p8_sep10p0_feed8p40,P1A,10
210.0,120.0,550,-11.1704514359953,55.0,220.0,-34.7888940705814,-16.502122768304343,-5.962475685109839,offset_pifa_h3p5_l8p8_sep10p0_feed8p40,P1A,10
215.0,125.0,550,-11.1704514359953,55.0,220.0,-34.7888940705814,-17.323871350780554,-6.124085362433805,offset_pifa_h3p5_l8p8_sep10p0_feed8p40,P1A,10
220.0,130.0,550,-11.1704514359953,55.0,220.0,-34.7888940705814,-17.549963503466522,-6.38244665993593,offset_pifa_h3p5_l8p8_sep10p0_feed8p40,P1A,10
225.0,135.0,550,-10.988113966782,70.0,225.0,-34.7888940705814,-17.549963503466522,-6.542429569724055,offset_pifa_h3p5_l8p8_sep10p0_feed8p40,P1A,10
230.0,140.0,550,-10.4127211245778,80.0,230.0,-34.7888940705814,-17.549963503466522,-6.637146251190278,offset_pifa_h3p5_l8p8_sep10p0_feed8p40,P1A,10
235.0,145.0,550,-9.72320177928104,90.0,235.0,-34.7888940705814,-17.549963503466522,-6.617123226686639,offset_pifa_h3p5_l8p8_sep10p0_feed8p40,P1A,10
240.0,150.0,550,-8.63803683843212,90.0,240.0,-34.7888940705814,-17.549963503466522,-6.524734210670618,offset_pifa_h3p5_l8p8_sep10p0_feed8p40,P1A,10
245.0,155.0,550,-7.34077418910248,90.0,245.0,-34.7888940705814,-17.549963503466522,-6.449696999019596,offset_pifa_h3p5_l8p8_sep10p0_feed8p40,P1A,10
250.0,160.0,550,-6.15443510777561,90.0,250.0,-34.7888940705814,-17.549963503466522,-6.261210409405907,offset_pifa_h3p5_l8p8_sep10p0_feed8p40,P1A,10
255.0,165.0,550,-5.72518650446935,45.0,165.0,-34.7888940705814,-17.549963503466522,-6.120859746439768,offset_pifa_h3p5_l8p8_sep10p0_feed8p40,P1A,10
260.0,170.0,550,-5.72518650446935,45.0,165.0,-34.7888940705814,-17.549963503466522,-6.033002674812029,offset_pifa_h3p5_l8p8_sep10p0_feed8p40,P1A,10
265.0,175.0,550,-5.72518650446935,45.0,165.0,-34.7888940705814,-17.549963503466522,-5.848055011684771,offset_pifa_h3p5_l8p8_sep10p0_feed8p40,P1A,10
270.0,180.0,550,-5.72518650446935,45.0,165.0,-34.7888940705814,-17.549963503466522,-5.7666820845327855,offset_pifa_h3p5_l8p8_sep10p0_feed8p40,P1A,10
275.0,185.0,550,-5.72518650446935,45.0,165.0,-34.7888940705814,-17.549963503466522,-5.623106495411035,offset_pifa_h3p5_l8p8_sep10p0_feed8p40,P1A,10
280.0,190.0,550,-5.72518650446935,45.0,165.0,-34.7888940705814,-17.549963503466522,-5.484950691713921,offset_pifa_h3p5_l8p8_sep10p0_feed8p40,P1A,10
285.0,195.0,550,-5.72518650446935,45.0,165.0,-34.7888940705814,-17.549963503466522,-5.258114109896809,offset_pifa_h3p5_l8p8_sep10p0_feed8p40,P1A,10
290.0,200.0,550,-5.72518650446935,45.0,165.0,-34.7888940705814,-17.549963503466522,-4.8325703848619375,offset_pifa_h3p5_l8p8_sep10p0_feed8p40,P1A,10
295.0,205.0,550,-5.72518650446935,45.0,165.0,-34.7888940705814,-17.549963503466522,-4.574497583034387,offset_pifa_h3p5_l8p8_sep10p0_feed8p40,P1A,10
300.0,210.0,550,-7.85078992655747,45.0,210.0,-34.7888940705814,-17.549963503466522,-4.384751973443518,offset_pifa_h3p5_l8p8_sep10p0_feed8p40,P1A,10
305.0,215.0,550,-10.3982657231634,45.0,215.0,-34.7888940705814,-17.549963503466522,-4.083949101935589,offset_pifa_h3p5_l8p8_sep10p0_feed8p40,P1A,10
310.0,220.0,550,-11.1704514359953,55.0,220.0,-34.7888940705814,-17.549963503466522,-3.7373403056687424,offset_pifa_h3p5_l8p8_sep10p0_feed8p40,P1A,10
315.0,225.0,550,-11.1704514359953,55.0,220.0,-34.7888940705814,-17.549963503466522,-3.4372908359443892,offset_pifa_h3p5_l8p8_sep10p0_feed8p40,P1A,10
320.0,230.0,550,-11.1704514359953,55.0,220.0,-34.7888940705814,-17.549963503466522,-3.2682512838001503,offset_pifa_h3p5_l8p8_sep10p0_feed8p40,P1A,10
325.0,235.0,550,-11.1704514359953,55.0,220.0,-34.7888940705814,-17.549963503466522,-3.2682512838001503,offset_pifa_h3p5_l8p8_sep10p0_feed8p40,P1A,10
330.0,240.0,550,-11.1704514359953,55.0,220.0,-34.7888940705814,-17.549963503466522,-3.330165627882411,offset_pifa_h3p5_l8p8_sep10p0_feed8p40,P1A,10
335.0,245.0,550,-11.1704514359953,55.0,220.0,-34.7888940705814,-17.549963503466522,-3.4372908359443892,offset_pifa_h3p5_l8p8_sep10p0_feed8p40,P1A,10
340.0,250.0,550,-11.1704514359953,55.0,220.0,-34.7888940705814,-17.549963503466522,-3.758807310275843,offset_pifa_h3p5_l8p8_sep10p0_feed8p40,P1A,10
345.0,255.0,550,-11.1704514359953,55.0,220.0,-34.7888940705814,-17.549963503466522,-4.09124100616266,offset_pifa_h3p5_l8p8_sep10p0_feed8p40,P1A,10
350.0,260.0,550,-11.1704514359953,55.0,220.0,-34.7888940705814,-17.549963503466522,-4.442773834274148,offset_pifa_h3p5_l8p8_sep10p0_feed8p40,P1A,10
355.0,265.0,550,-11.1704514359953,55.0,220.0,-34.7888940705814,-17.549963503466522,-4.72015259541047,offset_pifa_h3p5_l8p8_sep10p0_feed8p40,P1A,10
0.0,270.0,550,-10.0858106218356,90.0,115.0,-22.25146412351052,-7.252666932791442,7.518760042421939,offset_pifa_h3p5_l8p8_sep10p0_feed8p40,P1B,10
5.0,275.0,550,-10.0858106218356,90.0,115.0,-22.25146412351052,-6.201256108644233,7.518760042421939,offset_pifa_h3p5_l8p8_sep10p0_feed8p40,P1B,10
10.0,280.0,550,-10.0858106218356,90.0,115.0,-22.25146412351052,-5.126868736312468,7.518760042421939,offset_pifa_h3p5_l8p8_sep10p0_feed8p40,P1B,10
15.0,285.0,550,-10.0858106218356,90.0,115.0,-22.25146412351052,-4.939848688866339,7.518760042421939,offset_pifa_h3p5_l8p8_sep10p0_feed8p40,P1B,10
20.0,290.0,550,-10.0858106218356,90.0,115.0,-22.25146412351052,-4.939848688866339,7.518760042421939,offset_pifa_h3p5_l8p8_sep10p0_feed8p40,P1B,10
25.0,295.0,550,-10.0858106218356,90.0,115.0,-22.25146412351052,-4.939848688866339,7.518760042421939,offset_pifa_h3p5_l8p8_sep10p0_feed8p40,P1B,10
30.0,300.0,550,-10.0858106218356,90.0,115.0,-22.25146412351052,-4.939848688866339,7.518760042421939,offset_pifa_h3p5_l8p8_sep10p0_feed8p40,P1B,10
35.0,305.0,550,-10.0858106218356,90.0,115.0,-22.25146412351052,-4.939848688866339,7.518760042421939,offset_pifa_h3p5_l8p8_sep10p0_feed8p40,P1B,10
40.0,310.0,550,-10.0858106218356,90.0,115.0,-22.25146412351052,-4.939848688866339,7.507082920022673,offset_pifa_h3p5_l8p8_sep10p0_feed8p40,P1B,10
45.0,315.0,550,-10.0858106218356,90.0,115.0,-22.25146412351052,-4.939848688866339,7.504203706258146,offset_pifa_h3p5_l8p8_sep10p0_feed8p40,P1B,10
50.0,320.0,550,-10.0858106218356,90.0,115.0,-22.25146412351052,-4.939848688866339,7.469633765976199,offset_pifa_h3p5_l8p8_sep10p0_feed8p40,P1B,10
55.0,325.0,550,-10.0858106218356,90.0,115.0,-22.25146412351052,-4.939848688866339,7.428925870732687,offset_pifa_h3p5_l8p8_sep10p0_feed8p40,P1B,10
60.0,330.0,550,-10.0858106218356,90.0,115.0,-22.25146412351052,-5.545141950237625,7.245648889882249,offset_pifa_h3p5_l8p8_sep10p0_feed8p40,P1B,10
65.0,335.0,550,-10.0858106218356,90.0,115.0,-22.25146412351052,-6.71023892708201,7.097616198910476,offset_pifa_h3p5_l8p8_sep10p0_feed8p40,P1B,10
70.0,340.0,550,-10.0858106218356,90.0,115.0,-22.25146412351052,-8.4187910622321,6.942511110038212,offset_pifa_h3p5_l8p8_sep10p0_feed8p40,P1B,10
75.0,345.0,550,-10.0858106218356,90.0,115.0,-22.25146412351052,-9.918672614776943,6.741464044237402,offset_pifa_h3p5_l8p8_sep10p0_feed8p40,P1B,10
80.0,350.0,550,-10.0858106218356,90.0,115.0,-27.959981880457057,-11.275535179391188,6.390948655804562,offset_pifa_h3p5_l8p8_sep10p0_feed8p40,P1B,10
85.0,355.0,550,-10.0858106218356,90.0,115.0,-27.959981880457057,-12.370067168861116,6.16551174697234,offset_pifa_h3p5_l8p8_sep10p0_feed8p40,P1B,10
90.0,0.0,550,-10.0858106218356,90.0,115.0,-27.959981880457057,-12.496885440453694,5.980187132743583,offset_pifa_h3p5_l8p8_sep10p0_feed8p40,P1B,10
95.0,5.0,550,-10.0858106218356,90.0,115.0,-27.959981880457057,-12.496885440453694,5.607062899387469,offset_pifa_h3p5_l8p8_sep10p0_feed8p40,P1B,10
100.0,10.0,550,-10.0858106218356,90.0,115.0,-27.959981880457057,-12.496885440453694,5.274389956249095,offset_pifa_h3p5_l8p8_sep10p0_feed8p40,P1B,10
105.0,15.0,550,-10.0858106218356,90.0,115.0,-27.959981880457057,-12.496885440453694,5.057002488488105,offset_pifa_h3p5_l8p8_sep10p0_feed8p40,P1B,10
110.0,20.0,550,-10.0858106218356,90.0,115.0,-27.959981880457057,-12.496885440453694,4.76703682738439,offset_pifa_h3p5_l8p8_sep10p0_feed8p40,P1B,10
115.0,25.0,550,-10.0858106218356,90.0,115.0,-27.959981880457057,-12.496885440453694,4.522291043614172,offset_pifa_h3p5_l8p8_sep10p0_feed8p40,P1B,10
120.0,30.0,550,-9.95126000725021,85.0,120.0,-27.959981880457057,-12.496885440453694,4.200370258444957,offset_pifa_h3p5_l8p8_sep10p0_feed8p40,P1B,10
125.0,35.0,550,-9.73199722822098,90.0,255.0,-27.959981880457057,-12.496885440453694,4.0308069127046195,offset_pifa_h3p5_l8p8_sep10p0_feed8p40,P1B,10
130.0,40.0,550,-9.73199722822098,90.0,255.0,-27.959981880457057,-12.496885440453694,3.8036028751808546,offset_pifa_h3p5_l8p8_sep10p0_feed8p40,P1B,10
135.0,45.0,550,-9.73199722822098,90.0,255.0,-27.959981880457057,-12.496885440453694,3.626530131818031,offset_pifa_h3p5_l8p8_sep10p0_feed8p40,P1B,10
140.0,50.0,550,-9.73199722822098,90.0,255.0,-27.959981880457057,-12.496885440453694,3.4959625224980484,offset_pifa_h3p5_l8p8_sep10p0_feed8p40,P1B,10
145.0,55.0,550,-9.73199722822098,90.0,255.0,-27.959981880457057,-12.496885440453694,3.4871258847347466,offset_pifa_h3p5_l8p8_sep10p0_feed8p40,P1B,10
150.0,60.0,550,-9.73199722822098,90.0,255.0,-27.959981880457057,-12.496885440453694,3.4871258847347466,offset_pifa_h3p5_l8p8_sep10p0_feed8p40,P1B,10
155.0,65.0,550,-9.73199722822098,90.0,255.0,-27.959981880457057,-12.496885440453694,3.4871258847347466,offset_pifa_h3p5_l8p8_sep10p0_feed8p40,P1B,10
160.0,70.0,550,-9.73199722822098,90.0,255.0,-27.959981880457057,-12.496885440453694,3.5906441264365485,offset_pifa_h3p5_l8p8_sep10p0_feed8p40,P1B,10
165.0,75.0,550,-9.73199722822098,90.0,255.0,-27.959981880457057,-12.496885440453694,3.7058443631298186,offset_pifa_h3p5_l8p8_sep10p0_feed8p40,P1B,10
170.0,80.0,550,-9.73199722822098,90.0,255.0,-27.959981880457057,-12.496885440453694,3.9822370547460832,offset_pifa_h3p5_l8p8_sep10p0_feed8p40,P1B,10
175.0,85.0,550,-9.73199722822098,90.0,255.0,-27.959981880457057,-12.496885440453694,4.183994948755398,offset_pifa_h3p5_l8p8_sep10p0_feed8p40,P1B,10
180.0,90.0,550,-9.73199722822098,90.0,255.0,-27.959981880457057,-12.496885440453694,4.5366536126687365,offset_pifa_h3p5_l8p8_sep10p0_feed8p40,P1B,10
185.0,95.0,550,-9.73199722822098,90.0,255.0,-27.959981880457057,-12.350547690724046,4.834543863147821,offset_pifa_h3p5_l8p8_sep10p0_feed8p40,P1B,10
190.0,100.0,550,-9.73199722822098,90.0,255.0,-27.959981880457057,-10.819661321965356,5.121889345724203,offset_pifa_h3p5_l8p8_sep10p0_feed8p40,P1B,10
195.0,105.0,550,-9.73199722822098,90.0,255.0,-27.959981880457057,-9.112095058468316,5.360451302321588,offset_pifa_h3p5_l8p8_sep10p0_feed8p40,P1B,10
200.0,110.0,550,-9.73199722822098,90.0,255.0,-27.959981880457057,-9.112095058468316,5.689753501056943,offset_pifa_h3p5_l8p8_sep10p0_feed8p40,P1B,10
205.0,115.0,550,-10.0858106218356,90.0,115.0,-27.959981880457057,-9.112095058468316,5.980187132743583,offset_pifa_h3p5_l8p8_sep10p0_feed8p40,P1B,10
210.0,120.0,550,-10.0858106218356,90.0,115.0,-27.959981880457057,-9.112095058468316,6.118527572207623,offset_pifa_h3p5_l8p8_sep10p0_feed8p40,P1B,10
215.0,125.0,550,-10.0858106218356,90.0,115.0,-27.959981880457057,-9.112095058468316,6.331925442691731,offset_pifa_h3p5_l8p8_sep10p0_feed8p40,P1B,10
220.0,130.0,550,-10.0858106218356,90.0,115.0,-27.959981880457057,-9.112095058468316,6.331925442691731,offset_pifa_h3p5_l8p8_sep10p0_feed8p40,P1B,10
225.0,135.0,550,-10.0858106218356,90.0,115.0,-27.959981880457057,-9.112095058468316,6.331925442691731,offset_pifa_h3p5_l8p8_sep10p0_feed8p40,P1B,10
230.0,140.0,550,-10.0858106218356,90.0,115.0,-27.959981880457057,-9.112095058468316,6.331925442691731,offset_pifa_h3p5_l8p8_sep10p0_feed8p40,P1B,10
235.0,145.0,550,-10.0858106218356,90.0,115.0,-27.959981880457057,-9.112095058468316,6.221722121981927,offset_pifa_h3p5_l8p8_sep10p0_feed8p40,P1B,10
240.0,150.0,550,-10.0858106218356,90.0,115.0,-27.959981880457057,-9.112095058468316,6.113373185335343,offset_pifa_h3p5_l8p8_sep10p0_feed8p40,P1B,10
245.0,155.0,550,-10.0858106218356,90.0,115.0,-27.959981880457057,-9.112095058468316,5.980187132743583,offset_pifa_h3p5_l8p8_sep10p0_feed8p40,P1B,10
250.0,160.0,550,-10.0858106218356,90.0,115.0,-27.959981880457057,-9.112095058468316,5.7511291095676045,offset_pifa_h3p5_l8p8_sep10p0_feed8p40,P1B,10
255.0,165.0,550,-10.0858106218356,90.0,115.0,-27.959981880457057,-9.112095058468316,5.58917213890568,offset_pifa_h3p5_l8p8_sep10p0_feed8p40,P1B,10
260.0,170.0,550,-10.0858106218356,90.0,115.0,-27.959981880457057,-9.112095058468316,5.271276772827598,offset_pifa_h3p5_l8p8_sep10p0_feed8p40,P1B,10
265.0,175.0,550,-10.0858106218356,90.0,115.0,-27.959981880457057,-9.112095058468316,5.057002488488105,offset_pifa_h3p5_l8p8_sep10p0_feed8p40,P1B,10
270.0,180.0,550,-10.0858106218356,90.0,115.0,-27.959981880457057,-10.00463493637447,4.834543863147821,offset_pifa_h3p5_l8p8_sep10p0_feed8p40,P1B,10
275.0,185.0,550,-10.0858106218356,90.0,115.0,-27.959981880457057,-11.275535179391188,4.562060964554779,offset_pifa_h3p5_l8p8_sep10p0_feed8p40,P1B,10
280.0,190.0,550,-10.0858106218356,90.0,115.0,-27.959981880457057,-12.496885440453694,4.264504940268403,offset_pifa_h3p5_l8p8_sep10p0_feed8p40,P1B,10
285.0,195.0,550,-10.0858106218356,90.0,115.0,-27.959981880457057,-12.496885440453694,4.0308069127046195,offset_pifa_h3p5_l8p8_sep10p0_feed8p40,P1B,10
290.0,200.0,550,-10.0858106218356,90.0,115.0,-27.959981880457057,-12.496885440453694,3.6544571981417304,offset_pifa_h3p5_l8p8_sep10p0_feed8p40,P1B,10
295.0,205.0,550,-10.0858106218356,90.0,115.0,-27.959981880457057,-12.496885440453694,3.4871258847347466,offset_pifa_h3p5_l8p8_sep10p0_feed8p40,P1B,10
300.0,210.0,550,-10.0858106218356,90.0,115.0,-27.959981880457057,-12.496885440453694,3.626530131818031,offset_pifa_h3p5_l8p8_sep10p0_feed8p40,P1B,10
305.0,215.0,550,-10.0858106218356,90.0,115.0,-27.959981880457057,-12.496885440453694,3.849650283980546,offset_pifa_h3p5_l8p8_sep10p0_feed8p40,P1B,10
310.0,220.0,550,-10.0858106218356,90.0,115.0,-27.959981880457057,-12.496885440453694,4.210711478006017,offset_pifa_h3p5_l8p8_sep10p0_feed8p40,P1B,10
315.0,225.0,550,-10.0858106218356,90.0,115.0,-27.959981880457057,-12.496885440453694,4.7637412615167305,offset_pifa_h3p5_l8p8_sep10p0_feed8p40,P1B,10
320.0,230.0,550,-10.0858106218356,90.0,115.0,-27.959981880457057,-12.496885440453694,5.057167019529159,offset_pifa_h3p5_l8p8_sep10p0_feed8p40,P1B,10
325.0,235.0,550,-10.0858106218356,90.0,115.0,-27.959981880457057,-12.496885440453694,5.440182854529896,offset_pifa_h3p5_l8p8_sep10p0_feed8p40,P1B,10
330.0,240.0,550,-10.0858106218356,90.0,115.0,-27.959981880457057,-12.496885440453694,5.9351310669546455,offset_pifa_h3p5_l8p8_sep10p0_feed8p40,P1B,10
335.0,245.0,550,-10.0858106218356,90.0,115.0,-27.959981880457057,-12.496885440453694,6.206168434196989,offset_pifa_h3p5_l8p8_sep10p0_feed8p40,P1B,10
340.0,250.0,550,-10.0858106218356,90.0,115.0,-27.959981880457057,-12.496885440453694,6.778813356916617,offset_pifa_h3p5_l8p8_sep10p0_feed8p40,P1B,10
345.0,255.0,550,-10.0858106218356,90.0,115.0,-27.959981880457057,-12.350547690724046,7.097616198910476,offset_pifa_h3p5_l8p8_sep10p0_feed8p40,P1B,10
350.0,260.0,550,-10.0858106218356,90.0,115.0,-27.959981880457057,-10.546957864992883,7.4750877050239115,offset_pifa_h3p5_l8p8_sep10p0_feed8p40,P1B,10
355.0,265.0,550,-10.0858106218356,90.0,115.0,-22.25146412351052,-8.560542043342817,7.507082920022673,offset_pifa_h3p5_l8p8_sep10p0_feed8p40,P1B,10
0.0,270.0,550,-11.8695248831613,90.0,240.0,-33.54129889862218,-19.0398689749301,-6.631089275925178,offset_pifa_h4p0_l8p8_sep10p0_feed8p40,P1A,11
5.0,275.0,550,-11.8695248831613,90.0,240.0,-33.54129889862218,-19.19673763000275,-6.818124822825064,offset_pifa_h4p0_l8p8_sep10p0_feed8p40,P1A,11
10.0,280.0,550,-11.8695248831613,90.0,240.0,-33.54129889862218,-19.62911725838188,-7.067802015684837,offset_pifa_h4p0_l8p8_sep10p0_feed8p40,P1A,11
15.0,285.0,550,-11.8695248831613,90.0,240.0,-33.54129889862218,-20.24107890036225,-7.285580743666445,offset_pifa_h4p0_l8p8_sep10p0_feed8p40,P1A,11
20.0,290.0,550,-11.8695248831613,90.0,240.0,-33.54129889862218,-20.73986574512648,-7.383693136167596,offset_pifa_h4p0_l8p8_sep10p0_feed8p40,P1A,11
25.0,295.0,550,-11.8695248831613,90.0,240.0,-33.54129889862218,-21.08521309631037,-7.41717409352786,offset_pifa_h4p0_l8p8_sep10p0_feed8p40,P1A,11
30.0,300.0,550,-11.8695248831613,90.0,240.0,-33.54129889862218,-21.355291067085467,-7.41717409352786,offset_pifa_h4p0_l8p8_sep10p0_feed8p40,P1A,11
35.0,305.0,550,-11.8695248831613,90.0,240.0,-44.493236058730105,-21.68157836470161,-7.383693136167596,offset_pifa_h4p0_l8p8_sep10p0_feed8p40,P1A,11
40.0,310.0,550,-11.8695248831613,90.0,240.0,-44.493236058730105,-21.732127039405427,-7.313220061032349,offset_pifa_h4p0_l8p8_sep10p0_feed8p40,P1A,11
45.0,315.0,550,-11.8695248831613,90.0,240.0,-44.493236058730105,-21.732127039405427,-7.121370961752085,offset_pifa_h4p0_l8p8_sep10p0_feed8p40,P1A,11
50.0,320.0,550,-11.8695248831613,90.0,240.0,-44.493236058730105,-21.732127039405427,-7.017477209542383,offset_pifa_h4p0_l8p8_sep10p0_feed8p40,P1A,11
55.0,325.0,550,-11.8695248831613,90.0,240.0,-44.493236058730105,-21.732127039405427,-6.772673019873806,offset_pifa_h4p0_l8p8_sep10p0_feed8p40,P1A,11
60.0,330.0,550,-11.8695248831613,90.0,240.0,-44.493236058730105,-21.732127039405427,-6.55735462793118,offset_pifa_h4p0_l8p8_sep10p0_feed8p40,P1A,11
65.0,335.0,550,-11.8695248831613,90.0,240.0,-44.493236058730105,-21.732127039405427,-6.054685070757275,offset_pifa_h4p0_l8p8_sep10p0_feed8p40,P1A,11
70.0,340.0,550,-11.8695248831613,90.0,240.0,-44.493236058730105,-21.732127039405427,-5.846599631785782,offset_pifa_h4p0_l8p8_sep10p0_feed8p40,P1A,11
75.0,345.0,550,-11.8695248831613,90.0,240.0,-44.493236058730105,-21.732127039405427,-5.482385676078555,offset_pifa_h4p0_l8p8_sep10p0_feed8p40,P1A,11
80.0,350.0,550,-11.8695248831613,90.0,240.0,-44.493236058730105,-21.732127039405427,-5.263588981537812,offset_pifa_h4p0_l8p8_sep10p0_feed8p40,P1A,11
85.0,355.0,550,-11.8695248831613,90.0,240.0,-44.493236058730105,-21.732127039405427,-4.982436899920922,offset_pifa_h4p0_l8p8_sep10p0_feed8p40,P1A,11
90.0,0.0,550,-11.8695248831613,90.0,240.0,-44.493236058730105,-21.732127039405427,-4.784684105128834,offset_pifa_h4p0_l8p8_sep10p0_feed8p40,P1A,11
95.0,5.0,550,-11.8695248831613,90.0,240.0,-44.493236058730105,-21.732127039405427,-4.628162605566764,offset_pifa_h4p0_l8p8_sep10p0_feed8p40,P1A,11
100.0,10.0,550,-11.8695248831613,90.0,240.0,-44.493236058730105,-21.732127039405427,-4.431775417578702,offset_pifa_h4p0_l8p8_sep10p0_feed8p40,P1A,11
105.0,15.0,550,-11.8695248831613,90.0,240.0,-44.493236058730105,-21.68157836470161,-4.363019843593156,offset_pifa_h4p0_l8p8_sep10p0_feed8p40,P1A,11
110.0,20.0,550,-11.8695248831613,90.0,240.0,-44.493236058730105,-21.355291067085467,-4.353402659102044,offset_pifa_h4p0_l8p8_sep10p0_feed8p40,P1A,11
115.0,25.0,550,-11.8695248831613,90.0,240.0,-44.493236058730105,-21.311924686231553,-4.353402659102044,offset_pifa_h4p0_l8p8_sep10p0_feed8p40,P1A,11
120.0,30.0,550,-11.8695248831613,90.0,240.0,-44.493236058730105,-21.114259846370828,-4.353402659102044,offset_pifa_h4p0_l8p8_sep10p0_feed8p40,P1A,11
125.0,35.0,550,-11.8695248831613,90.0,240.0,-44.493236058730105,-21.114259846370828,-4.353402659102044,offset_pifa_h4p0_l8p8_sep10p0_feed8p40,P1A,11
130.0,40.0,550,-11.8695248831613,90.0,240.0,-44.493236058730105,-21.114259846370828,-4.35382612834517,offset_pifa_h4p0_l8p8_sep10p0_feed8p40,P1A,11
135.0,45.0,550,-11.8695248831613,90.0,240.0,-44.493236058730105,-21.114259846370828,-4.363019843593156,offset_pifa_h4p0_l8p8_sep10p0_feed8p40,P1A,11
140.0,50.0,550,-11.8695248831613,90.0,240.0,-44.493236058730105,-21.114259846370828,-4.387514627087814,offset_pifa_h4p0_l8p8_sep10p0_feed8p40,P1A,11
145.0,55.0,550,-11.8695248831613,90.0,240.0,-44.493236058730105,-21.114259846370828,-4.589141998302178,offset_pifa_h4p0_l8p8_sep10p0_feed8p40,P1A,11
150.0,60.0,550,-11.8695248831613,90.0,240.0,-44.493236058730105,-21.114259846370828,-4.7596539087821075,offset_pifa_h4p0_l8p8_sep10p0_feed8p40,P1A,11
155.0,65.0,550,-11.8695248831613,90.0,240.0,-44.493236058730105,-21.114259846370828,-4.955794884008057,offset_pifa_h4p0_l8p8_sep10p0_feed8p40,P1A,11
160.0,70.0,550,-11.8695248831613,90.0,240.0,-44.493236058730105,-21.114259846370828,-5.263588981537812,offset_pifa_h4p0_l8p8_sep10p0_feed8p40,P1A,11
165.0,75.0,550,-11.8695248831613,90.0,240.0,-44.493236058730105,-21.114259846370828,-5.544012615255783,offset_pifa_h4p0_l8p8_sep10p0_feed8p40,P1A,11
170.0,80.0,550,-11.8695248831613,90.0,240.0,-44.493236058730105,-21.114259846370828,-5.923432511712862,offset_pifa_h4p0_l8p8_sep10p0_feed8p40,P1A,11
175.0,85.0,550,-11.8695248831613,90.0,240.0,-44.493236058730105,-21.114259846370828,-6.268273174178283,offset_pifa_h4p0_l8p8_sep10p0_feed8p40,P1A,11
180.0,90.0,550,-11.8695248831613,90.0,240.0,-44.493236058730105,-21.114259846370828,-6.663107370943903,offset_pifa_h4p0_l8p8_sep10p0_feed8p40,P1A,11
185.0,95.0,550,-11.8695248831613,90.0,240.0,-44.493236058730105,-21.114259846370828,-7.0586214753137995,offset_pifa_h4p0_l8p8_sep10p0_feed8p40,P1A,11
190.0,100.0,550,-11.8695248831613,90.0,240.0,-44.493236058730105,-21.353130619005185,-7.313220061032349,offset_pifa_h4p0_l8p8_sep10p0_feed8p40,P1A,11
195.0,105.0,550,-11.8695248831613,90.0,240.0,-44.493236058730105,-21.640968417222656,-7.6215885619804205,offset_pifa_h4p0_l8p8_sep10p0_feed8p40,P1A,11
200.0,110.0,550,-11.8695248831613,90.0,240.0,-44.493236058730105,-21.688643812877736,-7.862679644785838,offset_pifa_h4p0_l8p8_sep10p0_feed8p40,P1A,11
205.0,115.0,550,-11.8695248831613,90.0,240.0,-44.493236058730105,-21.732127039405427,-8.021511273535227,offset_pifa_h4p0_l8p8_sep10p0_feed8p40,P1A,11
210.0,120.0,550,-11.8695248831613,90.0,240.0,-44.493236058730105,-21.732127039405427,-8.275735416519638,offset_pifa_h4p0_l8p8_sep10p0_feed8p40,P1A,11
215.0,125.0,550,-11.8695248831613,90.0,240.0,-44.493236058730105,-21.732127039405427,-8.579983098336845,offset_pifa_h4p0_l8p8_sep10p0_feed8p40,P1A,11
220.0,130.0,550,-11.8695248831613,90.0,240.0,-44.493236058730105,-21.732127039405427,-8.680288646399937,offset_pifa_h4p0_l8p8_sep10p0_feed8p40,P1A,11
225.0,135.0,550,-11.8695248831613,90.0,240.0,-44.493236058730105,-21.732127039405427,-8.702167378088681,offset_pifa_h4p0_l8p8_sep10p0_feed8p40,P1A,11
230.0,140.0,550,-11.8695248831613,90.0,240.0,-44.493236058730105,-21.732127039405427,-8.680288646399937,offset_pifa_h4p0_l8p8_sep10p0_feed8p40,P1A,11
235.0,145.0,550,-11.8695248831613,90.0,240.0,-44.493236058730105,-21.732127039405427,-8.606225061618117,offset_pifa_h4p0_l8p8_sep10p0_feed8p40,P1A,11
240.0,150.0,550,-11.8695248831613,90.0,240.0,-44.493236058730105,-21.732127039405427,-8.311804666314753,offset_pifa_h4p0_l8p8_sep10p0_feed8p40,P1A,11
245.0,155.0,550,-10.9662502576973,90.0,245.0,-44.493236058730105,-21.732127039405427,-8.087462560872842,offset_pifa_h4p0_l8p8_sep10p0_feed8p40,P1A,11
250.0,160.0,550,-9.34008180349383,90.0,250.0,-44.493236058730105,-21.732127039405427,-7.915107225522866,offset_pifa_h4p0_l8p8_sep10p0_feed8p40,P1A,11
255.0,165.0,550,-7.78234849262787,90.0,255.0,-44.493236058730105,-21.732127039405427,-7.736983294075513,offset_pifa_h4p0_l8p8_sep10p0_feed8p40,P1A,11
260.0,170.0,550,-6.48617029342207,90.0,260.0,-44.493236058730105,-21.732127039405427,-7.417444863483781,offset_pifa_h4p0_l8p8_sep10p0_feed8p40,P1A,11
265.0,175.0,550,-5.43547116681151,90.0,265.0,-44.493236058730105,-21.68157836470161,-7.313220061032349,offset_pifa_h4p0_l8p8_sep10p0_feed8p40,P1A,11
270.0,180.0,550,-5.42560266726308,45.0,340.0,-44.493236058730105,-21.355291067085467,-7.053525672691665,offset_pifa_h4p0_l8p8_sep10p0_feed8p40,P1A,11
275.0,185.0,550,-5.42560266726308,45.0,340.0,-44.493236058730105,-21.08521309631037,-6.772673019873806,offset_pifa_h4p0_l8p8_sep10p0_feed8p40,P1A,11
280.0,190.0,550,-5.42560266726308,45.0,340.0,-44.493236058730105,-21.025053828562683,-6.6114319568622415,offset_pifa_h4p0_l8p8_sep10p0_feed8p40,P1A,11
285.0,195.0,550,-5.42560266726308,45.0,340.0,-44.493236058730105,-19.62911725838188,-6.268273174178283,offset_pifa_h4p0_l8p8_sep10p0_feed8p40,P1A,11
290.0,200.0,550,-5.42560266726308,45.0,340.0,-44.493236058730105,-19.22889036713292,-6.001149124248118,offset_pifa_h4p0_l8p8_sep10p0_feed8p40,P1A,11
295.0,205.0,550,-5.42560266726308,45.0,340.0,-44.493236058730105,-18.632536753434398,-5.855374294048583,offset_pifa_h4p0_l8p8_sep10p0_feed8p40,P1A,11
300.0,210.0,550,-5.42560266726308,45.0,340.0,-44.493236058730105,-18.41365578527259,-5.617710255337231,offset_pifa_h4p0_l8p8_sep10p0_feed8p40,P1A,11
305.0,215.0,550,-5.42560266726308,45.0,340.0,-44.493236058730105,-17.525945111863617,-5.482385676078555,offset_pifa_h4p0_l8p8_sep10p0_feed8p40,P1A,11
310.0,220.0,550,-6.36240482116782,60.0,220.0,-33.54129889862218,-16.594989458055743,-5.4250626045454275,offset_pifa_h4p0_l8p8_sep10p0_feed8p40,P1A,11
315.0,225.0,550,-8.03824340301634,70.0,225.0,-33.54129889862218,-16.370783330808138,-5.299767851716456,offset_pifa_h4p0_l8p8_sep10p0_feed8p40,P1A,11
320.0,230.0,550,-9.96378328167481,80.0,230.0,-33.54129889862218,-16.22597754900094,-5.289601262638768,offset_pifa_h4p0_l8p8_sep10p0_feed8p40,P1A,11
325.0,235.0,550,-11.5276312943937,85.0,235.0,-33.54129889862218,-16.22597754900094,-5.289601262638768,offset_pifa_h4p0_l8p8_sep10p0_feed8p40,P1A,11
330.0,240.0,550,-11.8695248831613,90.0,240.0,-33.54129889862218,-16.370783330808138,-5.294274907753512,offset_pifa_h4p0_l8p8_sep10p0_feed8p40,P1A,11
335.0,245.0,550,-11.8695248831613,90.0,240.0,-33.54129889862218,-16.50075427292777,-5.4250626045454275,offset_pifa_h4p0_l8p8_sep10p0_feed8p40,P1A,11
340.0,250.0,550,-11.8695248831613,90.0,240.0,-33.54129889862218,-16.84822660024236,-5.692199830081851,offset_pifa_h4p0_l8p8_sep10p0_feed8p40,P1A,11
345.0,255.0,550,-11.8695248831613,90.0,240.0,-33.54129889862218,-17.525945111863617,-5.906056894037136,offset_pifa_h4p0_l8p8_sep10p0_feed8p40,P1A,11
350.0,260.0,550,-11.8695248831613,90.0,240.0,-33.54129889862218,-18.187286980573823,-6.054685070757275,offset_pifa_h4p0_l8p8_sep10p0_feed8p40,P1A,11
355.0,265.0,550,-11.8695248831613,90.0,240.0,-33.54129889862218,-18.44364848408445,-6.2996229187534745,offset_pifa_h4p0_l8p8_sep10p0_feed8p40,P1A,11
0.0,270.0,550,-8.9898506423332,90.0,250.0,-18.634167177559885,-5.394831950323975,11.048701217637696,offset_pifa_h4p0_l8p8_sep10p0_feed8p40,P1B,11
5.0,275.0,550,-8.9898506423332,90.0,250.0,-18.634167177559885,-4.990698268282884,11.048701217637696,offset_pifa_h4p0_l8p8_sep10p0_feed8p40,P1B,11
10.0,280.0,550,-8.9898506423332,90.0,250.0,-18.634167177559885,-4.487911265496249,11.048701217637696,offset_pifa_h4p0_l8p8_sep10p0_feed8p40,P1B,11
15.0,285.0,550,-8.9898506423332,90.0,250.0,-18.634167177559885,-3.988250448146426,11.048701217637696,offset_pifa_h4p0_l8p8_sep10p0_feed8p40,P1B,11
20.0,290.0,550,-8.9898506423332,90.0,250.0,-18.634167177559885,-3.988250448146426,11.048701217637696,offset_pifa_h4p0_l8p8_sep10p0_feed8p40,P1B,11
25.0,295.0,550,-8.9898506423332,90.0,250.0,-18.634167177559885,-3.988250448146426,11.048701217637696,offset_pifa_h4p0_l8p8_sep10p0_feed8p40,P1B,11
30.0,300.0,550,-8.9898506423332,90.0,250.0,-18.634167177559885,-3.988250448146426,10.95806788830581,offset_pifa_h4p0_l8p8_sep10p0_feed8p40,P1B,11
35.0,305.0,550,-8.9898506423332,90.0,250.0,-18.634167177559885,-3.988250448146426,10.935486152592054,offset_pifa_h4p0_l8p8_sep10p0_feed8p40,P1B,11
40.0,310.0,550,-8.9898506423332,90.0,250.0,-18.634167177559885,-3.988250448146426,10.850850839975934,offset_pifa_h4p0_l8p8_sep10p0_feed8p40,P1B,11
45.0,315.0,550,-8.9898506423332,90.0,250.0,-18.634167177559885,-3.988250448146426,10.64702641304325,offset_pifa_h4p0_l8p8_sep10p0_feed8p40,P1B,11
50.0,320.0,550,-8.9898506423332,90.0,250.0,-18.634167177559885,-3.988250448146426,10.471127337577656,offset_pifa_h4p0_l8p8_sep10p0_feed8p40,P1B,11
55.0,325.0,550,-8.9898506423332,90.0,250.0,-18.634167177559885,-4.093398393406351,10.284570450460448,offset_pifa_h4p0_l8p8_sep10p0_feed8p40,P1B,11
60.0,330.0,550,-8.9898506423332,90.0,250.0,-18.634167177559885,-5.32733508170267,9.981230583917313,offset_pifa_h4p0_l8p8_sep10p0_feed8p40,P1B,11
65.0,335.0,550,-8.9898506423332,90.0,250.0,-18.634167177559885,-6.028503293413595,9.660582812409771,offset_pifa_h4p0_l8p8_sep10p0_feed8p40,P1B,11
70.0,340.0,550,-8.9898506423332,90.0,250.0,-18.634167177559885,-7.158070133583624,9.044394615353289,offset_pifa_h4p0_l8p8_sep10p0_feed8p40,P1B,11
75.0,345.0,550,-8.9898506423332,90.0,250.0,-18.634167177559885,-7.964345153713248,8.590604278962795,offset_pifa_h4p0_l8p8_sep10p0_feed8p40,P1B,11
80.0,350.0,550,-8.9898506423332,90.0,250.0,-18.634167177559885,-8.343534545286364,8.190212256595473,offset_pifa_h4p0_l8p8_sep10p0_feed8p40,P1B,11
85.0,355.0,550,-8.9898506423332,90.0,250.0,-18.634167177559885,-8.784293907621695,7.484957103070313,offset_pifa_h4p0_l8p8_sep10p0_feed8p40,P1B,11
90.0,0.0,550,-8.9898506423332,90.0,250.0,-18.634167177559885,-9.00112545277951,7.108795816978625,offset_pifa_h4p0_l8p8_sep10p0_feed8p40,P1B,11
95.0,5.0,550,-8.9898506423332,90.0,250.0,-18.634167177559885,-9.00112545277951,6.700794577516334,offset_pifa_h4p0_l8p8_sep10p0_feed8p40,P1B,11
100.0,10.0,550,-8.9898506423332,90.0,250.0,-18.634167177559885,-9.00112545277951,6.103331479883739,offset_pifa_h4p0_l8p8_sep10p0_feed8p40,P1B,11
105.0,15.0,550,-8.9898506423332,90.0,250.0,-18.634167177559885,-9.00112545277951,5.827515198947484,offset_pifa_h4p0_l8p8_sep10p0_feed8p40,P1B,11
110.0,20.0,550,-8.9898506423332,90.0,250.0,-18.634167177559885,-9.00112545277951,5.427735329918467,offset_pifa_h4p0_l8p8_sep10p0_feed8p40,P1B,11
115.0,25.0,550,-8.9898506423332,90.0,250.0,-18.634167177559885,-9.00112545277951,5.3307554257878556,offset_pifa_h4p0_l8p8_sep10p0_feed8p40,P1B,11
120.0,30.0,550,-8.9898506423332,90.0,250.0,-18.634167177559885,-9.00112545277951,5.191666972154132,offset_pifa_h4p0_l8p8_sep10p0_feed8p40,P1B,11
125.0,35.0,550,-8.9898506423332,90.0,250.0,-18.634167177559885,-9.00112545277951,5.115275360926431,offset_pifa_h4p0_l8p8_sep10p0_feed8p40,P1B,11
130.0,40.0,550,-8.9898506423332,90.0,250.0,-18.634167177559885,-9.00112545277951,5.085154705697991,offset_pifa_h4p0_l8p8_sep10p0_feed8p40,P1B,11
135.0,45.0,550,-8.9898506423332,90.0,250.0,-18.634167177559885,-9.00112545277951,5.085154705697991,offset_pifa_h4p0_l8p8_sep10p0_feed8p40,P1B,11
140.0,50.0,550,-8.9898506423332,90.0,250.0,-18.634167177559885,-9.00112545277951,5.085154705697991,offset_pifa_h4p0_l8p8_sep10p0_feed8p40,P1B,11
145.0,55.0,550,-8.9898506423332,90.0,250.0,-18.634167177559885,-9.00112545277951,5.085154705697991,offset_pifa_h4p0_l8p8_sep10p0_feed8p40,P1B,11
150.0,60.0,550,-8.9898506423332,90.0,250.0,-18.634167177559885,-9.00112545277951,5.085154705697991,offset_pifa_h4p0_l8p8_sep10p0_feed8p40,P1B,11
155.0,65.0,550,-8.9898506423332,90.0,250.0,-18.634167177559885,-9.00112545277951,5.085154705697991,offset_pifa_h4p0_l8p8_sep10p0_feed8p40,P1B,11
160.0,70.0,550,-8.9898506423332,90.0,250.0,-18.634167177559885,-9.00112545277951,5.100772695344497,offset_pifa_h4p0_l8p8_sep10p0_feed8p40,P1B,11
165.0,75.0,550,-8.9898506423332,90.0,250.0,-18.634167177559885,-9.00112545277951,5.191666972154132,offset_pifa_h4p0_l8p8_sep10p0_feed8p40,P1B,11
170.0,80.0,550,-8.9898506423332,90.0,250.0,-18.634167177559885,-9.00112545277951,5.416351891584647,offset_pifa_h4p0_l8p8_sep10p0_feed8p40,P1B,11
175.0,85.0,550,-8.9898506423332,90.0,250.0,-18.634167177559885,-9.00112545277951,5.832661139966923,offset_pifa_h4p0_l8p8_sep10p0_feed8p40,P1B,11
180.0,90.0,550,-8.9898506423332,90.0,250.0,-18.634167177559885,-9.00112545277951,6.1905862372527745,offset_pifa_h4p0_l8p8_sep10p0_feed8p40,P1B,11
185.0,95.0,550,-8.9898506423332,90.0,250.0,-18.55245761063371,-8.670656476139838,6.795502723498929,offset_pifa_h4p0_l8p8_sep10p0_feed8p40,P1B,11
190.0,100.0,550,-8.9898506423332,90.0,250.0,-18.55245761063371,-8.02392056519931,7.191287714686487,offset_pifa_h4p0_l8p8_sep10p0_feed8p40,P1B,11
195.0,105.0,550,-8.9898506423332,90.0,250.0,-18.55245761063371,-7.479354765803418,7.431220983369493,offset_pifa_h4p0_l8p8_sep10p0_feed8p40,P1B,11
200.0,110.0,550,-8.9898506423332,90.0,250.0,-18.55245761063371,-7.479354765803418,8.234653410431346,offset_pifa_h4p0_l8p8_sep10p0_feed8p40,P1B,11
205.0,115.0,550,-8.9898506423332,90.0,250.0,-18.55245761063371,-7.479354765803418,8.490364032537324,offset_pifa_h4p0_l8p8_sep10p0_feed8p40,P1B,11
210.0,120.0,550,-8.9898506423332,90.0,250.0,-18.55245761063371,-7.479354765803418,8.933789039688971,offset_pifa_h4p0_l8p8_sep10p0_feed8p40,P1B,11
215.0,125.0,550,-8.9898506423332,90.0,250.0,-18.55245761063371,-7.479354765803418,9.503330759779658,offset_pifa_h4p0_l8p8_sep10p0_feed8p40,P1B,11
220.0,130.0,550,-8.9898506423332,90.0,250.0,-18.55245761063371,-7.479354765803418,9.783893956040716,offset_pifa_h4p0_l8p8_sep10p0_feed8p40,P1B,11
225.0,135.0,550,-8.9898506423332,90.0,250.0,-18.55245761063371,-7.479354765803418,9.99763042904177,offset_pifa_h4p0_l8p8_sep10p0_feed8p40,P1B,11
230.0,140.0,550,-8.9898506423332,90.0,250.0,-18.55245761063371,-7.479354765803418,10.174391539336522,offset_pifa_h4p0_l8p8_sep10p0_feed8p40,P1B,11
235.0,145.0,550,-8.9898506423332,90.0,250.0,-18.55245761063371,-7.479354765803418,9.900374464208658,offset_pifa_h4p0_l8p8_sep10p0_feed8p40,P1B,11
240.0,150.0,550,-8.9898506423332,90.0,250.0,-18.55245761063371,-7.479354765803418,9.67196510031494,offset_pifa_h4p0_l8p8_sep10p0_feed8p40,P1B,11
245.0,155.0,550,-8.9898506423332,90.0,250.0,-18.55245761063371,-7.479354765803418,9.317219912898876,offset_pifa_h4p0_l8p8_sep10p0_feed8p40,P1B,11
250.0,160.0,550,-8.9898506423332,90.0,250.0,-18.55245761063371,-7.479354765803418,8.795019833372347,offset_pifa_h4p0_l8p8_sep10p0_feed8p40,P1B,11
255.0,165.0,550,-8.59952274934836,80.0,255.0,-18.55245761063371,-7.479354765803418,8.43324366821218,offset_pifa_h4p0_l8p8_sep10p0_feed8p40,P1B,11
260.0,170.0,550,-8.12243252610287,75.0,260.0,-18.55245761063371,-7.479354765803418,8.185645527818671,offset_pifa_h4p0_l8p8_sep10p0_feed8p40,P1B,11
265.0,175.0,550,-7.64067630906971,65.0,265.0,-18.55245761063371,-7.763253803575481,7.42602447835519,offset_pifa_h4p0_l8p8_sep10p0_feed8p40,P1B,11
270.0,180.0,550,-7.05411867761456,65.0,270.0,-18.634167177559885,-8.136828808667481,7.171325968400481,offset_pifa_h4p0_l8p8_sep10p0_feed8p40,P1B,11
275.0,185.0,550,-6.36739408181908,60.0,275.0,-18.634167177559885,-9.00112545277951,6.813848828060339,offset_pifa_h4p0_l8p8_sep10p0_feed8p40,P1B,11
280.0,190.0,550,-6.64708571194024,45.0,190.0,-18.634167177559885,-9.00112545277951,6.236901342824588,offset_pifa_h4p0_l8p8_sep10p0_feed8p40,P1B,11
285.0,195.0,550,-6.73408630385607,45.0,195.0,-18.634167177559885,-9.00112545277951,5.9529472659619636,offset_pifa_h4p0_l8p8_sep10p0_feed8p40,P1B,11
290.0,200.0,550,-6.73408630385607,45.0,195.0,-18.634167177559885,-9.00112545277951,5.697978861600382,offset_pifa_h4p0_l8p8_sep10p0_feed8p40,P1B,11
295.0,205.0,550,-6.73408630385607,45.0,195.0,-18.634167177559885,-9.00112545277951,5.384009393999115,offset_pifa_h4p0_l8p8_sep10p0_feed8p40,P1B,11
300.0,210.0,550,-6.73408630385607,45.0,195.0,-18.634167177559885,-9.00112545277951,5.765606134452969,offset_pifa_h4p0_l8p8_sep10p0_feed8p40,P1B,11
305.0,215.0,550,-6.73408630385607,45.0,195.0,-18.634167177559885,-9.00112545277951,6.1690738111242425,offset_pifa_h4p0_l8p8_sep10p0_feed8p40,P1B,11
310.0,220.0,550,-6.73408630385607,45.0,195.0,-18.634167177559885,-9.00112545277951,7.082840836362956,offset_pifa_h4p0_l8p8_sep10p0_feed8p40,P1B,11
315.0,225.0,550,-6.73408630385607,45.0,195.0,-18.634167177559885,-9.00112545277951,7.218871899571014,offset_pifa_h4p0_l8p8_sep10p0_feed8p40,P1B,11
320.0,230.0,550,-6.73408630385607,45.0,195.0,-18.634167177559885,-9.00112545277951,8.178662888498463,offset_pifa_h4p0_l8p8_sep10p0_feed8p40,P1B,11
325.0,235.0,550,-6.73408630385607,45.0,195.0,-18.634167177559885,-9.00112545277951,8.39612063624234,offset_pifa_h4p0_l8p8_sep10p0_feed8p40,P1B,11
330.0,240.0,550,-7.97300662774024,90.0,240.0,-18.634167177559885,-9.00112545277951,8.833527324267695,offset_pifa_h4p0_l8p8_sep10p0_feed8p40,P1B,11
335.0,245.0,550,-8.95521788729316,90.0,245.0,-18.634167177559885,-9.00112545277951,9.503330759779658,offset_pifa_h4p0_l8p8_sep10p0_feed8p40,P1B,11
340.0,250.0,550,-8.9898506423332,90.0,250.0,-18.634167177559885,-9.00112545277951,9.928851842806402,offset_pifa_h4p0_l8p8_sep10p0_feed8p40,P1B,11
345.0,255.0,550,-8.9898506423332,90.0,250.0,-18.634167177559885,-8.343534545286364,10.284570450460448,offset_pifa_h4p0_l8p8_sep10p0_feed8p40,P1B,11
350.0,260.0,550,-8.9898506423332,90.0,250.0,-18.634167177559885,-7.964345153713248,10.762316695973578,offset_pifa_h4p0_l8p8_sep10p0_feed8p40,P1B,11
355.0,265.0,550,-8.9898506423332,90.0,250.0,-18.634167177559885,-6.397057514455431,10.95806788830581,offset_pifa_h4p0_l8p8_sep10p0_feed8p40,P1B,11
0.0,270.0,550,-10.930655581408,90.0,235.0,-34.15242484232183,-22.942899317946978,-6.599452440271085,offset_pifa_h3p5_l8p8_sep12p0_feed8p40,P1A,12
5.0,275.0,550,-10.930655581408,90.0,235.0,-34.15242484232183,-23.556848098303643,-6.803496800292633,offset_pifa_h3p5_l8p8_sep12p0_feed8p40,P1A,12
10.0,280.0,550,-10.930655581408,90.0,235.0,-34.15242484232183,-24.133311911214783,-7.152211053735592,offset_pifa_h3p5_l8p8_sep12p0_feed8p40,P1A,12
15.0,285.0,550,-10.930655581408,90.0,235.0,-34.15242484232183,-24.234435158805248,-7.50094556754009,offset_pifa_h3p5_l8p8_sep12p0_feed8p40,P1A,12
20.0,290.0,550,-10.930655581408,90.0,235.0,-34.15242484232183,-24.268420983494767,-7.747229347967425,offset_pifa_h3p5_l8p8_sep12p0_feed8p40,P1A,12
25.0,295.0,550,-10.930655581408,90.0,235.0,-34.15242484232183,-24.2803898360958,-8.059153634787389,offset_pifa_h3p5_l8p8_sep12p0_feed8p40,P1A,12
30.0,300.0,550,-10.930655581408,90.0,235.0,-34.15242484232183,-24.2803898360958,-8.259410085985664,offset_pifa_h3p5_l8p8_sep12p0_feed8p40,P1A,12
35.0,305.0,550,-10.930655581408,90.0,235.0,-34.15242484232183,-24.2803898360958,-8.449833827469334,offset_pifa_h3p5_l8p8_sep12p0_feed8p40,P1A,12
40.0,310.0,550,-10.930655581408,90.0,235.0,-34.15242484232183,-24.2803898360958,-8.63525337755375,offset_pifa_h3p5_l8p8_sep12p0_feed8p40,P1A,12
45.0,315.0,550,-10.930655581408,90.0,235.0,-34.15242484232183,-24.2803898360958,-8.820639554291592,offset_pifa_h3p5_l8p8_sep12p0_feed8p40,P1A,12
50.0,320.0,550,-10.930655581408,90.0,235.0,-34.15242484232183,-24.2803898360958,-9.049146259206054,offset_pifa_h3p5_l8p8_sep12p0_feed8p40,P1A,12
55.0,325.0,550,-10.930655581408,90.0,235.0,-34.15242484232183,-24.268420983494767,-9.182311173649367,offset_pifa_h3p5_l8p8_sep12p0_feed8p40,P1A,12
60.0,330.0,550,-10.930655581408,90.0,235.0,-34.15242484232183,-24.268420983494767,-9.168385697018637,offset_pifa_h3p5_l8p8_sep12p0_feed8p40,P1A,12
65.0,335.0,550,-10.930655581408,90.0,235.0,-34.15242484232183,-24.268420983494767,-8.957953328896455,offset_pifa_h3p5_l8p8_sep12p0_feed8p40,P1A,12
70.0,340.0,550,-10.930655581408,90.0,235.0,-34.15242484232183,-24.268420983494767,-8.652082944859373,offset_pifa_h3p5_l8p8_sep12p0_feed8p40,P1A,12
75.0,345.0,550,-10.930655581408,90.0,235.0,-34.15242484232183,-24.268420983494767,-8.31463804727284,offset_pifa_h3p5_l8p8_sep12p0_feed8p40,P1A,12
80.0,350.0,550,-10.930655581408,90.0,235.0,-34.15242484232183,-24.268420983494767,-7.990833719124471,offset_pifa_h3p5_l8p8_sep12p0_feed8p40,P1A,12
85.0,355.0,550,-10.930655581408,90.0,235.0,-34.15242484232183,-24.268420983494767,-7.649937801417455,offset_pifa_h3p5_l8p8_sep12p0_feed8p40,P1A,12
90.0,0.0,550,-10.930655581408,90.0,235.0,-34.15242484232183,-24.268420983494767,-7.2359763694001025,offset_pifa_h3p5_l8p8_sep12p0_feed8p40,P1A,12
95.0,5.0,550,-10.930655581408,90.0,235.0,-34.15242484232183,-24.268420983494767,-6.913133383201728,offset_pifa_h3p5_l8p8_sep12p0_feed8p40,P1A,12
100.0,10.0,550,-10.930655581408,90.0,235.0,-34.15242484232183,-24.267537878323708,-6.5271704602492475,offset_pifa_h3p5_l8p8_sep12p0_feed8p40,P1A,12
105.0,15.0,550,-10.930655581408,90.0,235.0,-34.15242484232183,-23.39189252375271,-6.2803827853469425,offset_pifa_h3p5_l8p8_sep12p0_feed8p40,P1A,12
110.0,20.0,550,-10.930655581408,90.0,235.0,-32.528393792812615,-22.259359519558565,-6.021641038478637,offset_pifa_h3p5_l8p8_sep12p0_feed8p40,P1A,12
115.0,25.0,550,-10.930655581408,90.0,235.0,-32.528393792812615,-21.420595730165452,-5.972418451913187,offset_pifa_h3p5_l8p8_sep12p0_feed8p40,P1A,12
120.0,30.0,550,-10.930655581408,90.0,235.0,-32.528393792812615,-21.420595730165452,-5.851393971574767,offset_pifa_h3p5_l8p8_sep12p0_feed8p40,P1A,12
125.0,35.0,550,-10.930655581408,90.0,235.0,-32.528393792812615,-21.420595730165452,-5.759535409706942,offset_pifa_h3p5_l8p8_sep12p0_feed8p40,P1A,12
130.0,40.0,550,-10.930655581408,90.0,235.0,-32.528393792812615,-21.55261872635087,-5.672245372657051,offset_pifa_h3p5_l8p8_sep12p0_feed8p40,P1A,12
135.0,45.0,550,-10.930655581408,90.0,235.0,-32.528393792812615,-22.509875327277964,-5.759535409706942,offset_pifa_h3p5_l8p8_sep12p0_feed8p40,P1A,12
140.0,50.0,550,-10.930655581408,90.0,235.0,-32.528393792812615,-22.942899317946978,-5.893437777052942,offset_pifa_h3p5_l8p8_sep12p0_feed8p40,P1A,12
145.0,55.0,550,-10.930655581408,90.0,235.0,-32.528393792812615,-23.250049287523062,-6.107107165137673,offset_pifa_h3p5_l8p8_sep12p0_feed8p40,P1A,12
150.0,60.0,550,-10.930655581408,90.0,235.0,-32.528393792812615,-23.39189252375271,-6.599452440271085,offset_pifa_h3p5_l8p8_sep12p0_feed8p40,P1A,12
155.0,65.0,550,-10.930655581408,90.0,235.0,-32.528393792812615,-23.556848098303643,-6.8681637812073335,offset_pifa_h3p5_l8p8_sep12p0_feed8p40,P1A,12
160.0,70.0,550,-10.930655581408,90.0,235.0,-32.528393792812615,-23.556848098303643,-7.303957485291932,offset_pifa_h3p5_l8p8_sep12p0_feed8p40,P1A,12
165.0,75.0,550,-10.930655581408,90.0,235.0,-32.528393792812615,-23.556848098303643,-7.649937801417455,offset_pifa_h3p5_l8p8_sep12p0_feed8p40,P1A,12
170.0,80.0,550,-10.930655581408,90.0,235.0,-32.528393792812615,-23.556848098303643,-8.038713205067292,offset_pifa_h3p5_l8p8_sep12p0_feed8p40,P1A,12
175.0,85.0,550,-10.930655581408,90.0,235.0,-32.528393792812615,-23.556848098303643,-8.431705594109907,offset_pifa_h3p5_l8p8_sep12p0_feed8p40,P1A,12
180.0,90.0,550,-10.930655581408,90.0,235.0,-32.528393792812615,-23.556848098303643,-8.694064929404803,offset_pifa_h3p5_l8p8_sep12p0_feed8p40,P1A,12
185.0,95.0,550,-10.930655581408,90.0,235.0,-32.528393792812615,-23.623749724317594,-9.002226386812293,offset_pifa_h3p5_l8p8_sep12p0_feed8p40,P1A,12
190.0,100.0,550,-10.930655581408,90.0,235.0,-32.528393792812615,-24.234435158805248,-9.356607677612764,offset_pifa_h3p5_l8p8_sep12p0_feed8p40,P1A,12
195.0,105.0,550,-10.930655581408,90.0,235.0,-34.15242484232183,-24.26987091291609,-9.514384166876821,offset_pifa_h3p5_l8p8_sep12p0_feed8p40,P1A,12
200.0,110.0,550,-10.930655581408,90.0,235.0,-34.15242484232183,-24.2803898360958,-9.757496821075556,offset_pifa_h3p5_l8p8_sep12p0_feed8p40,P1A,12
205.0,115.0,550,-10.930655581408,90.0,235.0,-34.15242484232183,-24.2803898360958,-9.9242864822195,offset_pifa_h3p5_l8p8_sep12p0_feed8p40,P1A,12
210.0,120.0,550,-10.930655581408,90.0,235.0,-34.15242484232183,-24.2803898360958,-10.133182481829909,offset_pifa_h3p5_l8p8_sep12p0_feed8p40,P1A,12
215.0,125.0,550,-10.930655581408,90.0,235.0,-34.15242484232183,-24.2803898360958,-10.254767120377196,offset_pifa_h3p5_l8p8_sep12p0_feed8p40,P1A,12
220.0,130.0,550,-10.930655581408,90.0,235.0,-34.15242484232183,-24.2803898360958,-10.280252113881579,offset_pifa_h3p5_l8p8_sep12p0_feed8p40,P1A,12
225.0,135.0,550,-10.930655581408,90.0,235.0,-34.15242484232183,-24.2803898360958,-10.280252113881579,offset_pifa_h3p5_l8p8_sep12p0_feed8p40,P1A,12
230.0,140.0,550,-10.930655581408,90.0,235.0,-34.15242484232183,-24.2803898360958,-10.254767120377196,offset_pifa_h3p5_l8p8_sep12p0_feed8p40,P1A,12
235.0,145.0,550,-10.930655581408,90.0,235.0,-34.15242484232183,-24.2803898360958,-10.133182481829909,offset_pifa_h3p5_l8p8_sep12p0_feed8p40,P1A,12
240.0,150.0,550,-10.1380758125396,90.0,240.0,-34.15242484232183,-24.2803898360958,-10.005567580388878,offset_pifa_h3p5_l8p8_sep12p0_feed8p40,P1A,12
245.0,155.0,550,-8.66527045558697,90.0,245.0,-34.15242484232183,-24.26987091291609,-9.801475199127882,offset_pifa_h3p5_l8p8_sep12p0_feed8p40,P1A,12
250.0,160.0,550,-7.1960132971107,90.0,250.0,-34.15242484232183,-24.268420983494767,-9.554747031201723,offset_pifa_h3p5_l8p8_sep12p0_feed8p40,P1A,12
255.0,165.0,550,-5.94129750278116,90.0,255.0,-34.15242484232183,-24.234435158805248,-9.47386295734748,offset_pifa_h3p5_l8p8_sep12p0_feed8p40,P1A,12
260.0,170.0,550,-4.90674747975961,90.0,260.0,-34.15242484232183,-24.133311911214783,-9.168385697018637,offset_pifa_h3p5_l8p8_sep12p0_feed8p40,P1A,12
265.0,175.0,550,-4.39412850342976,45.0,165.0,-34.15242484232183,-23.556848098303643,-8.957953328896455,offset_pifa_h3p5_l8p8_sep12p0_feed8p40,P1A,12
270.0,180.0,550,-4.39412850342976,45.0,165.0,-34.15242484232183,-22.89041671102384,-8.691269539994735,offset_pifa_h3p5_l8p8_sep12p0_feed8p40,P1A,12
275.0,185.0,550,-4.39412850342976,45.0,165.0,-34.15242484232183,-22.33850955667237,-8.512803005629904,offset_pifa_h3p5_l8p8_sep12p0_feed8p40,P1A,12
280.0,190.0,550,-4.39412850342976,45.0,165.0,-34.15242484232183,-22.241075504740454,-8.203145075799146,offset_pifa_h3p5_l8p8_sep12p0_feed8p40,P1A,12
285.0,195.0,550,-4.39412850342976,45.0,165.0,-34.15242484232183,-21.759806254523333,-7.856822696055563,offset_pifa_h3p5_l8p8_sep12p0_feed8p40,P1A,12
290.0,200.0,550,-4.39412850342976,45.0,165.0,-34.15242484232183,-21.527366987428888,-7.610864571343744,offset_pifa_h3p5_l8p8_sep12p0_feed8p40,P1A,12
295.0,205.0,550,-4.39412850342976,45.0,165.0,-34.15242484232183,-21.420595730165452,-7.2154555185973965,offset_pifa_h3p5_l8p8_sep12p0_feed8p40,P1A,12
300.0,210.0,550,-5.67222722641213,45.0,210.0,-34.15242484232183,-21.278969844488937,-6.776893327796003,offset_pifa_h3p5_l8p8_sep12p0_feed8p40,P1A,12
305.0,215.0,550,-6.98584302304854,50.0,215.0,-34.15242484232183,-21.13890196395171,-6.599452440271085,offset_pifa_h3p5_l8p8_sep12p0_feed8p40,P1A,12
310.0,220.0,550,-8.16686284038545,65.0,220.0,-34.15242484232183,-21.01074982425996,-6.2030872442754825,offset_pifa_h3p5_l8p8_sep12p0_feed8p40,P1A,12
315.0,225.0,550,-9.45099397585782,75.0,225.0,-34.15242484232183,-21.01074982425996,-6.012369288764194,offset_pifa_h3p5_l8p8_sep12p0_feed8p40,P1A,12
320.0,230.0,550,-10.5173890351715,85.0,230.0,-34.15242484232183,-21.01074982425996,-5.9602031955066135,offset_pifa_h3p5_l8p8_sep12p0_feed8p40,P1A,12
325.0,235.0,550,-10.930655581408,90.0,235.0,-34.15242484232183,-21.13890196395171,-5.841504378055281,offset_pifa_h3p5_l8p8_sep12p0_feed8p40,P1A,12
330.0,240.0,550,-10.930655581408,90.0,235.0,-34.15242484232183,-21.278969844488937,-5.672245372657051,offset_pifa_h3p5_l8p8_sep12p0_feed8p40,P1A,12
335.0,245.0,550,-10.930655581408,90.0,235.0,-34.15242484232183,-21.422634483043623,-5.571033766604959,offset_pifa_h3p5_l8p8_sep12p0_feed8p40,P1A,12
340.0,250.0,550,-10.930655581408,90.0,235.0,-34.15242484232183,-21.55261872635087,-5.571033766604959,offset_pifa_h3p5_l8p8_sep12p0_feed8p40,P1A,12
345.0,255.0,550,-10.930655581408,90.0,235.0,-34.15242484232183,-21.759806254523333,-5.759535409706942,offset_pifa_h3p5_l8p8_sep12p0_feed8p40,P1A,12
350.0,260.0,550,-10.930655581408,90.0,235.0,-34.15242484232183,-22.241075504740454,-5.996503687701635,offset_pifa_h3p5_l8p8_sep12p0_feed8p40,P1A,12
355.0,265.0,550,-10.930655581408,90.0,235.0,-34.15242484232183,-22.509875327277964,-6.2803827853469425,offset_pifa_h3p5_l8p8_sep12p0_feed8p40,P1A,12
0.0,270.0,550,-10.5899762056496,90.0,250.0,-21.06936579807961,-7.129138836683392,9.514837666829896,offset_pifa_h3p5_l8p8_sep12p0_feed8p40,P1B,12
5.0,275.0,550,-10.5899762056496,90.0,250.0,-21.06936579807961,-6.94335283600251,9.683918453765607,offset_pifa_h3p5_l8p8_sep12p0_feed8p40,P1B,12
10.0,280.0,550,-10.5899762056496,90.0,250.0,-21.06936579807961,-6.6999777582959315,9.758285734376809,offset_pifa_h3p5_l8p8_sep12p0_feed8p40,P1B,12
15.0,285.0,550,-10.5899762056496,90.0,250.0,-21.06936579807961,-6.6999777582959315,9.758285734376809,offset_pifa_h3p5_l8p8_sep12p0_feed8p40,P1B,12
20.0,290.0,550,-10.5899762056496,90.0,250.0,-21.06936579807961,-6.6999777582959315,9.758285734376809,offset_pifa_h3p5_l8p8_sep12p0_feed8p40,P1B,12
25.0,295.0,550,-10.5899762056496,90.0,250.0,-21.06936579807961,-6.6999777582959315,9.758285734376809,offset_pifa_h3p5_l8p8_sep12p0_feed8p40,P1B,12
30.0,300.0,550,-10.5899762056496,90.0,250.0,-21.06936579807961,-6.6999777582959315,9.758285734376809,offset_pifa_h3p5_l8p8_sep12p0_feed8p40,P1B,12
35.0,305.0,550,-10.5899762056496,90.0,250.0,-21.06936579807961,-6.6999777582959315,9.737445280898108,offset_pifa_h3p5_l8p8_sep12p0_feed8p40,P1B,12
40.0,310.0,550,-10.5899762056496,90.0,250.0,-21.06936579807961,-6.6999777582959315,9.67802694909693,offset_pifa_h3p5_l8p8_sep12p0_feed8p40,P1B,12
45.0,315.0,550,-10.5899762056496,90.0,250.0,-21.06936579807961,-6.6999777582959315,9.557302067828791,offset_pifa_h3p5_l8p8_sep12p0_feed8p40,P1B,12
50.0,320.0,550,-10.5899762056496,90.0,250.0,-21.06936579807961,-6.6999777582959315,9.420263402969224,offset_pifa_h3p5_l8p8_sep12p0_feed8p40,P1B,12
55.0,325.0,550,-10.5899762056496,90.0,250.0,-21.06936579807961,-6.6999777582959315,9.199680884951434,offset_pifa_h3p5_l8p8_sep12p0_feed8p40,P1B,12
60.0,330.0,550,-10.5899762056496,90.0,250.0,-21.06936579807961,-6.6999777582959315,8.927479932242804,offset_pifa_h3p5_l8p8_sep12p0_feed8p40,P1B,12
65.0,335.0,550,-10.5899762056496,90.0,250.0,-21.06936579807961,-7.129138836683392,8.616493194487058,offset_pifa_h3p5_l8p8_sep12p0_feed8p40,P1B,12
70.0,340.0,550,-10.5899762056496,90.0,250.0,-21.06936579807961,-8.040170489847515,8.25068445628657,offset_pifa_h3p5_l8p8_sep12p0_feed8p40,P1B,12
75.0,345.0,550,-10.5899762056496,90.0,250.0,-21.06936579807961,-9.264692256776062,7.839605685119958,offset_pifa_h3p5_l8p8_sep12p0_feed8p40,P1B,12
80.0,350.0,550,-10.5899762056496,90.0,250.0,-24.924906223394053,-10.029927837166472,7.498679111005036,offset_pifa_h3p5_l8p8_sep12p0_feed8p40,P1B,12
85.0,355.0,550,-10.5899762056496,90.0,250.0,-24.924906223394053,-10.94663824382085,7.228654119853121,offset_pifa_h3p5_l8p8_sep12p0_feed8p40,P1B,12
90.0,0.0,550,-10.5899762056496,90.0,250.0,-24.924906223394053,-11.151639600314052,6.866364731514877,offset_pifa_h3p5_l8p8_sep12p0_feed8p40,P1B,12
95.0,5.0,550,-10.5899762056496,90.0,250.0,-24.924906223394053,-11.151639600314052,6.523586292663792,offset_pifa_h3p5_l8p8_sep12p0_feed8p40,P1B,12
100.0,10.0,550,-10.5899762056496,90.0,250.0,-24.924906223394053,-11.151639600314052,6.093547538988301,offset_pifa_h3p5_l8p8_sep12p0_feed8p40,P1B,12
105.0,15.0,550,-10.5899762056496,90.0,250.0,-24.924906223394053,-11.151639600314052,5.771202978028144,offset_pifa_h3p5_l8p8_sep12p0_feed8p40,P1B,12
110.0,20.0,550,-10.5899762056496,90.0,250.0,-24.924906223394053,-11.151639600314052,5.508134543708138,offset_pifa_h3p5_l8p8_sep12p0_feed8p40,P1B,12
115.0,25.0,550,-10.5899762056496,90.0,250.0,-24.924906223394053,-11.151639600314052,5.203696403295415,offset_pifa_h3p5_l8p8_sep12p0_feed8p40,P1B,12
120.0,30.0,550,-10.5899762056496,90.0,250.0,-24.924906223394053,-11.151639600314052,4.9283416330106435,offset_pifa_h3p5_l8p8_sep12p0_feed8p40,P1B,12
125.0,35.0,550,-10.5899762056496,90.0,250.0,-24.924906223394053,-11.151639600314052,4.827624006368067,offset_pifa_h3p5_l8p8_sep12p0_feed8p40,P1B,12
130.0,40.0,550,-10.5899762056496,90.0,250.0,-24.924906223394053,-11.151639600314052,4.743246971730859,offset_pifa_h3p5_l8p8_sep12p0_feed8p40,P1B,12
135.0,45.0,550,-10.5899762056496,90.0,250.0,-24.924906223394053,-11.151639600314052,4.715977070112002,offset_pifa_h3p5_l8p8_sep12p0_feed8p40,P1B,12
140.0,50.0,550,-10.5899762056496,90.0,250.0,-24.924906223394053,-11.151639600314052,4.715977070112002,offset_pifa_h3p5_l8p8_sep12p0_feed8p40,P1B,12
145.0,55.0,550,-10.5899762056496,90.0,250.0,-24.924906223394053,-11.151639600314052,4.715977070112002,offset_pifa_h3p5_l8p8_sep12p0_feed8p40,P1B,12
150.0,60.0,550,-10.5899762056496,90.0,250.0,-24.924906223394053,-11.151639600314052,4.715977070112002,offset_pifa_h3p5_l8p8_sep12p0_feed8p40,P1B,12
155.0,65.0,550,-10.5899762056496,90.0,250.0,-24.924906223394053,-11.151639600314052,4.743246971730859,offset_pifa_h3p5_l8p8_sep12p0_feed8p40,P1B,12
160.0,70.0,550,-10.5899762056496,90.0,250.0,-24.924906223394053,-11.151639600314052,4.900562963178963,offset_pifa_h3p5_l8p8_sep12p0_feed8p40,P1B,12
165.0,75.0,550,-10.5899762056496,90.0,250.0,-24.924906223394053,-11.151639600314052,5.362553527015042,offset_pifa_h3p5_l8p8_sep12p0_feed8p40,P1B,12
170.0,80.0,550,-10.5899762056496,90.0,250.0,-24.924906223394053,-11.151639600314052,5.530886822585187,offset_pifa_h3p5_l8p8_sep12p0_feed8p40,P1B,12
175.0,85.0,550,-10.5899762056496,90.0,250.0,-24.924906223394053,-11.151639600314052,5.879484185995859,offset_pifa_h3p5_l8p8_sep12p0_feed8p40,P1B,12
180.0,90.0,550,-10.5899762056496,90.0,250.0,-24.924906223394053,-11.151639600314052,6.433311782467866,offset_pifa_h3p5_l8p8_sep12p0_feed8p40,P1B,12
185.0,95.0,550,-10.5899762056496,90.0,250.0,-24.924906223394053,-10.229415158914888,6.669269934704949,offset_pifa_h3p5_l8p8_sep12p0_feed8p40,P1B,12
190.0,100.0,550,-10.5899762056496,90.0,250.0,-24.924906223394053,-9.39647247120836,7.081549619239072,offset_pifa_h3p5_l8p8_sep12p0_feed8p40,P1B,12
195.0,105.0,550,-10.5899762056496,90.0,250.0,-24.924906223394053,-8.040170489847515,7.361153589662727,offset_pifa_h3p5_l8p8_sep12p0_feed8p40,P1B,12
200.0,110.0,550,-10.5899762056496,90.0,250.0,-24.924906223394053,-8.040170489847515,7.702384943165425,offset_pifa_h3p5_l8p8_sep12p0_feed8p40,P1B,12
205.0,115.0,550,-10.5899762056496,90.0,250.0,-24.924906223394053,-8.040170489847515,8.010283541431937,offset_pifa_h3p5_l8p8_sep12p0_feed8p40,P1B,12
210.0,120.0,550,-10.5899762056496,90.0,250.0,-24.924906223394053,-8.040170489847515,8.381704897359125,offset_pifa_h3p5_l8p8_sep12p0_feed8p40,P1B,12
215.0,125.0,550,-10.5899762056496,90.0,250.0,-24.924906223394053,-8.040170489847515,8.946649245504904,offset_pifa_h3p5_l8p8_sep12p0_feed8p40,P1B,12
220.0,130.0,550,-10.5899762056496,90.0,250.0,-24.924906223394053,-8.040170489847515,9.206477804991739,offset_pifa_h3p5_l8p8_sep12p0_feed8p40,P1B,12
225.0,135.0,550,-10.5899762056496,90.0,250.0,-24.924906223394053,-8.040170489847515,9.232009392546711,offset_pifa_h3p5_l8p8_sep12p0_feed8p40,P1B,12
230.0,140.0,550,-10.5899762056496,90.0,250.0,-24.924906223394053,-8.040170489847515,9.200778058483866,offset_pifa_h3p5_l8p8_sep12p0_feed8p40,P1B,12
235.0,145.0,550,-10.5899762056496,90.0,250.0,-24.924906223394053,-8.040170489847515,9.06647825836039,offset_pifa_h3p5_l8p8_sep12p0_feed8p40,P1B,12
240.0,150.0,550,-10.5899762056496,90.0,250.0,-24.924906223394053,-8.040170489847515,8.586975160855795,offset_pifa_h3p5_l8p8_sep12p0_feed8p40,P1B,12
245.0,155.0,550,-10.5899762056496,90.0,250.0,-24.924906223394053,-8.040170489847515,8.164124919873142,offset_pifa_h3p5_l8p8_sep12p0_feed8p40,P1B,12
250.0,160.0,550,-10.5899762056496,90.0,250.0,-24.924906223394053,-8.040170489847515,7.880130483981471,offset_pifa_h3p5_l8p8_sep12p0_feed8p40,P1B,12
255.0,165.0,550,-10.3177186372138,90.0,255.0,-24.924906223394053,-8.040170489847515,7.65788768901003,offset_pifa_h3p5_l8p8_sep12p0_feed8p40,P1B,12
260.0,170.0,550,-9.41530177119688,90.0,260.0,-24.924906223394053,-8.040170489847515,7.328957422571221,offset_pifa_h3p5_l8p8_sep12p0_feed8p40,P1B,12
265.0,175.0,550,-8.29704713979519,90.0,265.0,-24.924906223394053,-8.08063658283285,6.974819138515431,offset_pifa_h3p5_l8p8_sep12p0_feed8p40,P1B,12
270.0,180.0,550,-7.78377827739677,90.0,115.0,-24.924906223394053,-8.858094489102537,6.669269934704949,offset_pifa_h3p5_l8p8_sep12p0_feed8p40,P1B,12
275.0,185.0,550,-7.78377827739677,90.0,115.0,-24.924906223394053,-10.029927837166472,6.503575701783744,offset_pifa_h3p5_l8p8_sep12p0_feed8p40,P1B,12
280.0,190.0,550,-7.78377827739677,90.0,115.0,-24.924906223394053,-11.151639600314052,6.058984584131491,offset_pifa_h3p5_l8p8_sep12p0_feed8p40,P1B,12
285.0,195.0,550,-7.78377827739677,90.0,115.0,-24.924906223394053,-11.151639600314052,5.725046724858002,offset_pifa_h3p5_l8p8_sep12p0_feed8p40,P1B,12
290.0,200.0,550,-7.78377827739677,90.0,115.0,-24.924906223394053,-11.151639600314052,5.433497921288767,offset_pifa_h3p5_l8p8_sep12p0_feed8p40,P1B,12
295.0,205.0,550,-7.78377827739677,90.0,115.0,-24.924906223394053,-11.151639600314052,4.855982007404633,offset_pifa_h3p5_l8p8_sep12p0_feed8p40,P1B,12
300.0,210.0,550,-7.78377827739677,90.0,115.0,-24.924906223394053,-11.151639600314052,4.715977070112002,offset_pifa_h3p5_l8p8_sep12p0_feed8p40,P1B,12
305.0,215.0,550,-7.78377827739677,90.0,115.0,-24.924906223394053,-11.151639600314052,4.827624006368067,offset_pifa_h3p5_l8p8_sep12p0_feed8p40,P1B,12
310.0,220.0,550,-7.78377827739677,90.0,115.0,-24.924906223394053,-11.151639600314052,5.379543152792717,offset_pifa_h3p5_l8p8_sep12p0_feed8p40,P1B,12
315.0,225.0,550,-7.78377827739677,90.0,115.0,-24.924906223394053,-11.151639600314052,5.604734211490254,offset_pifa_h3p5_l8p8_sep12p0_feed8p40,P1B,12
320.0,230.0,550,-7.78377827739677,90.0,115.0,-24.924906223394053,-11.151639600314052,6.177857325354001,offset_pifa_h3p5_l8p8_sep12p0_feed8p40,P1B,12
325.0,235.0,550,-7.78377827739677,90.0,115.0,-24.924906223394053,-11.151639600314052,6.664775601001102,offset_pifa_h3p5_l8p8_sep12p0_feed8p40,P1B,12
330.0,240.0,550,-8.51426200750029,90.0,240.0,-24.924906223394053,-11.151639600314052,7.1352742102542654,offset_pifa_h3p5_l8p8_sep12p0_feed8p40,P1B,12
335.0,245.0,550,-9.9180228026161,90.0,245.0,-24.924906223394053,-11.151639600314052,7.6712366018523825,offset_pifa_h3p5_l8p8_sep12p0_feed8p40,P1B,12
340.0,250.0,550,-10.5899762056496,90.0,250.0,-24.924906223394053,-11.151639600314052,7.918141705012508,offset_pifa_h3p5_l8p8_sep12p0_feed8p40,P1B,12
345.0,255.0,550,-10.5899762056496,90.0,250.0,-24.924906223394053,-10.19910885721771,8.577867308254977,offset_pifa_h3p5_l8p8_sep12p0_feed8p40,P1B,12
350.0,260.0,550,-10.5899762056496,90.0,250.0,-24.924906223394053,-8.985496716340775,9.06647825836039,offset_pifa_h3p5_l8p8_sep12p0_feed8p40,P1B,12
355.0,265.0,550,-10.5899762056496,90.0,250.0,-21.06936579807961,-7.660799360620667,9.232009392546711,offset_pifa_h3p5_l8p8_sep12p0_feed8p40,P1B,12
0.0,270.0,550,-14.3768452380617,90.0,240.0,-32.564225224122644,-22.457886966555307,-7.544149305580198,offset_pifa_h4p0_l8p8_sep12p0_feed8p40,P1A,13
5.0,275.0,550,-14.3768452380617,90.0,240.0,-32.564225224122644,-22.457886966555307,-7.6646348774168285,offset_pifa_h4p0_l8p8_sep12p0_feed8p40,P1A,13
10.0,280.0,550,-14.3768452380617,90.0,240.0,-32.564225224122644,-22.457886966555307,-7.754741205874026,offset_pifa_h4p0_l8p8_sep12p0_feed8p40,P1A,13
15.0,285.0,550,-14.3768452380617,90.0,240.0,-32.564225224122644,-22.457886966555307,-8.015256281735073,offset_pifa_h4p0_l8p8_sep12p0_feed8p40,P1A,13
20.0,290.0,550,-14.3768452380617,90.0,240.0,-32.564225224122644,-22.457886966555307,-8.060556540631753,offset_pifa_h4p0_l8p8_sep12p0_feed8p40,P1A,13
25.0,295.0,550,-14.3768452380617,90.0,240.0,-32.564225224122644,-22.312825643428486,-8.125450095418925,offset_pifa_h4p0_l8p8_sep12p0_feed8p40,P1A,13
30.0,300.0,550,-14.3768452380617,90.0,240.0,-30.619786684524843,-21.91701742576244,-8.138337111087314,offset_pifa_h4p0_l8p8_sep12p0_feed8p40,P1A,13
35.0,305.0,550,-14.3768452380617,90.0,240.0,-30.619786684524843,-21.37174911779955,-8.138337111087314,offset_pifa_h4p0_l8p8_sep12p0_feed8p40,P1A,13
40.0,310.0,550,-14.3768452380617,90.0,240.0,-30.619786684524843,-20.941850558313885,-8.147963436326751,offset_pifa_h4p0_l8p8_sep12p0_feed8p40,P1A,13
45.0,315.0,550,-14.3768452380617,90.0,240.0,-30.619786684524843,-20.53576514426951,-8.147963436326751,offset_pifa_h4p0_l8p8_sep12p0_feed8p40,P1A,13
50.0,320.0,550,-14.3768452380617,90.0,240.0,-30.619786684524843,-20.433755593652304,-8.138337111087314,offset_pifa_h4p0_l8p8_sep12p0_feed8p40,P1A,13
55.0,325.0,550,-14.3768452380617,90.0,240.0,-30.619786684524843,-20.081604850682368,-8.066054297000207,offset_pifa_h4p0_l8p8_sep12p0_feed8p40,P1A,13
60.0,330.0,550,-14.3768452380617,90.0,240.0,-30.619786684524843,-19.343861171694666,-8.037366972832073,offset_pifa_h4p0_l8p8_sep12p0_feed8p40,P1A,13
65.0,335.0,550,-14.3768452380617,90.0,240.0,-30.619786684524843,-19.20177897175817,-7.7668977121043135,offset_pifa_h4p0_l8p8_sep12p0_feed8p40,P1A,13
70.0,340.0,550,-14.3768452380617,90.0,240.0,-30.619786684524843,-18.47251217975665,-7.627798490843629,offset_pifa_h4p0_l8p8_sep12p0_feed8p40,P1A,13
75.0,345.0,550,-14.3768452380617,90.0,240.0,-29.02072300535423,-18.01504529152537,-7.51268645062312,offset_pifa_h4p0_l8p8_sep12p0_feed8p40,P1A,13
80.0,350.0,550,-14.3768452380617,90.0,240.0,-29.02072300535423,-17.529542528672415,-7.378996845499362,offset_pifa_h4p0_l8p8_sep12p0_feed8p40,P1A,13
85.0,355.0,550,-14.3768452380617,90.0,240.0,-29.02072300535423,-17.066332531417206,-7.280873626749643,offset_pifa_h4p0_l8p8_sep12p0_feed8p40,P1A,13
90.0,0.0,550,-14.3768452380617,90.0,240.0,-28.496183838151012,-15.878272679210554,-7.157313492101811,offset_pifa_h4p0_l8p8_sep12p0_feed8p40,P1A,13
95.0,5.0,550,-14.3768452380617,90.0,240.0,-28.496183838151012,-15.630468856128058,-7.008528004602023,offset_pifa_h4p0_l8p8_sep12p0_feed8p40,P1A,13
100.0,10.0,550,-14.3768452380617,90.0,240.0,-28.496183838151012,-15.477706518090349,-6.884269190720288,offset_pifa_h4p0_l8p8_sep12p0_feed8p40,P1A,13
105.0,15.0,550,-14.3768452380617,90.0,240.0,-28.496183838151012,-15.463057911678996,-6.843187687324068,offset_pifa_h4p0_l8p8_sep12p0_feed8p40,P1A,13
110.0,20.0,550,-14.3768452380617,90.0,240.0,-28.496183838151012,-15.463057911678996,-6.843187687324068,offset_pifa_h4p0_l8p8_sep12p0_feed8p40,P1A,13
115.0,25.0,550,-14.3768452380617,90.0,240.0,-32.564225224122644,-15.477706518090349,-6.857648166154634,offset_pifa_h4p0_l8p8_sep12p0_feed8p40,P1A,13
120.0,30.0,550,-14.3768452380617,90.0,240.0,-32.564225224122644,-15.878272679210554,-6.896310301272377,offset_pifa_h4p0_l8p8_sep12p0_feed8p40,P1A,13
125.0,35.0,550,-14.3768452380617,90.0,240.0,-32.564225224122644,-16.930153222356964,-7.062594084509167,offset_pifa_h4p0_l8p8_sep12p0_feed8p40,P1A,13
130.0,40.0,550,-14.3768452380617,90.0,240.0,-32.564225224122644,-17.54121103950652,-7.1784302202023245,offset_pifa_h4p0_l8p8_sep12p0_feed8p40,P1A,13
135.0,45.0,550,-14.3768452380617,90.0,240.0,-32.564225224122644,-18.380846667940187,-7.288399451645196,offset_pifa_h4p0_l8p8_sep12p0_feed8p40,P1A,13
140.0,50.0,550,-14.3768452380617,90.0,240.0,-32.564225224122644,-19.159381036332444,-7.378996845499362,offset_pifa_h4p0_l8p8_sep12p0_feed8p40,P1A,13
145.0,55.0,550,-14.3768452380617,90.0,240.0,-32.564225224122644,-20.026237302168973,-7.60027394004516,offset_pifa_h4p0_l8p8_sep12p0_feed8p40,P1A,13
150.0,60.0,550,-14.3768452380617,90.0,240.0,-32.564225224122644,-20.48033126577011,-7.987455182512532,offset_pifa_h4p0_l8p8_sep12p0_feed8p40,P1A,13
155.0,65.0,550,-14.3768452380617,90.0,240.0,-32.564225224122644,-21.2336541192946,-8.40841281377787,offset_pifa_h4p0_l8p8_sep12p0_feed8p40,P1A,13
160.0,70.0,550,-14.3768452380617,90.0,240.0,-32.564225224122644,-21.524467553380404,-8.787412890085829,offset_pifa_h4p0_l8p8_sep12p0_feed8p40,P1A,13
165.0,75.0,550,-14.3768452380617,90.0,240.0,-32.564225224122644,-21.91701742576244,-9.173365831682535,offset_pifa_h4p0_l8p8_sep12p0_feed8p40,P1A,13
170.0,80.0,550,-14.3768452380617,90.0,240.0,-32.564225224122644,-21.94152032087318,-9.305152795717502,offset_pifa_h4p0_l8p8_sep12p0_feed8p40,P1A,13
175.0,85.0,550,-14.3768452380617,90.0,240.0,-32.564225224122644,-22.312825643428486,-9.488331266475068,offset_pifa_h4p0_l8p8_sep12p0_feed8p40,P1A,13
180.0,90.0,550,-14.3768452380617,90.0,240.0,-32.564225224122644,-22.65151783950024,-9.642338208727189,offset_pifa_h4p0_l8p8_sep12p0_feed8p40,P1A,13
185.0,95.0,550,-14.3768452380617,90.0,240.0,-32.564225224122644,-23.26537147028519,-9.90716702395636,offset_pifa_h4p0_l8p8_sep12p0_feed8p40,P1A,13
190.0,100.0,550,-14.3768452380617,90.0,240.0,-32.564225224122644,-23.26537147028519,-9.982419675420703,offset_pifa_h4p0_l8p8_sep12p0_feed8p40,P1A,13
195.0,105.0,550,-14.3768452380617,90.0,240.0,-32.564225224122644,-23.26537147028519,-10.125593310756356,offset_pifa_h4p0_l8p8_sep12p0_feed8p40,P1A,13
200.0,110.0,550,-14.3768452380617,90.0,240.0,-32.564225224122644,-23.26537147028519,-10.19829455834877,offset_pifa_h4p0_l8p8_sep12p0_feed8p40,P1A,13
205.0,115.0,550,-14.3768452380617,90.0,240.0,-32.564225224122644,-23.26537147028519,-10.366575991331395,offset_pifa_h4p0_l8p8_sep12p0_feed8p40,P1A,13
210.0,120.0,550,-14.3768452380617,90.0,240.0,-32.564225224122644,-23.26537147028519,-10.43242120343589,offset_pifa_h4p0_l8p8_sep12p0_feed8p40,P1A,13
215.0,125.0,550,-14.3768452380617,90.0,240.0,-32.564225224122644,-23.26537147028519,-10.49926333063182,offset_pifa_h4p0_l8p8_sep12p0_feed8p40,P1A,13
220.0,130.0,550,-14.3768452380617,90.0,240.0,-32.564225224122644,-23.26537147028519,-10.49926333063182,offset_pifa_h4p0_l8p8_sep12p0_feed8p40,P1A,13
225.0,135.0,550,-14.3768452380617,90.0,240.0,-32.564225224122644,-23.26537147028519,-10.49926333063182,offset_pifa_h4p0_l8p8_sep12p0_feed8p40,P1A,13
230.0,140.0,550,-14.3768452380617,90.0,240.0,-32.564225224122644,-23.26537147028519,-10.49926333063182,offset_pifa_h4p0_l8p8_sep12p0_feed8p40,P1A,13
235.0,145.0,550,-14.3768452380617,90.0,240.0,-32.564225224122644,-23.26537147028519,-10.49926333063182,offset_pifa_h4p0_l8p8_sep12p0_feed8p40,P1A,13
240.0,150.0,550,-14.3768452380617,90.0,240.0,-32.564225224122644,-23.26537147028519,-10.43242120343589,offset_pifa_h4p0_l8p8_sep12p0_feed8p40,P1A,13
245.0,155.0,550,-13.4634667377947,90.0,245.0,-32.564225224122644,-23.26537147028519,-10.389223341341152,offset_pifa_h4p0_l8p8_sep12p0_feed8p40,P1A,13
250.0,160.0,550,-11.0588945770585,90.0,250.0,-32.564225224122644,-23.26537147028519,-10.19829455834877,offset_pifa_h4p0_l8p8_sep12p0_feed8p40,P1A,13
255.0,165.0,550,-8.94419994997471,90.0,255.0,-32.564225224122644,-23.26537147028519,-10.012930995781424,offset_pifa_h4p0_l8p8_sep12p0_feed8p40,P1A,13
260.0,170.0,550,-7.33564417065128,90.0,260.0,-32.564225224122644,-23.26537147028519,-9.798364936995297,offset_pifa_h4p0_l8p8_sep12p0_feed8p40,P1A,13
265.0,175.0,550,-6.12110788611034,90.0,265.0,-32.564225224122644,-23.26537147028519,-9.535135114873759,offset_pifa_h4p0_l8p8_sep12p0_feed8p40,P1A,13
270.0,180.0,550,-5.19393984627977,75.0,340.0,-32.564225224122644,-23.26537147028519,-9.402428513350504,offset_pifa_h4p0_l8p8_sep12p0_feed8p40,P1A,13
275.0,185.0,550,-5.19393984627977,75.0,340.0,-32.564225224122644,-23.26537147028519,-9.204579602796036,offset_pifa_h4p0_l8p8_sep12p0_feed8p40,P1A,13
280.0,190.0,550,-5.19393984627977,75.0,340.0,-32.564225224122644,-23.26537147028519,-8.930832541558013,offset_pifa_h4p0_l8p8_sep12p0_feed8p40,P1A,13
285.0,195.0,550,-5.19393984627977,75.0,340.0,-32.564225224122644,-23.26537147028519,-8.634059332343323,offset_pifa_h4p0_l8p8_sep12p0_feed8p40,P1A,13
290.0,200.0,550,-5.19393984627977,75.0,340.0,-32.564225224122644,-23.26537147028519,-8.370017877000125,offset_pifa_h4p0_l8p8_sep12p0_feed8p40,P1A,13
295.0,205.0,550,-5.19393984627977,75.0,340.0,-32.564225224122644,-23.26537147028519,-8.060556540631753,offset_pifa_h4p0_l8p8_sep12p0_feed8p40,P1A,13
300.0,210.0,550,-5.19393984627977,75.0,340.0,-32.564225224122644,-23.26537147028519,-7.6754566232052515,offset_pifa_h4p0_l8p8_sep12p0_feed8p40,P1A,13
305.0,215.0,550,-5.19393984627977,75.0,340.0,-32.564225224122644,-23.26537147028519,-7.51268645062312,offset_pifa_h4p0_l8p8_sep12p0_feed8p40,P1A,13
310.0,220.0,550,-5.34682441104906,70.0,220.0,-32.564225224122644,-23.26537147028519,-7.348407020210383,offset_pifa_h4p0_l8p8_sep12p0_feed8p40,P1A,13
315.0,225.0,550,-7.17795783240739,80.0,225.0,-32.564225224122644,-23.26537147028519,-7.31145061927133,offset_pifa_h4p0_l8p8_sep12p0_feed8p40,P1A,13
320.0,230.0,550,-9.581912109984,85.0,230.0,-32.564225224122644,-23.26537147028519,-7.280873626749643,offset_pifa_h4p0_l8p8_sep12p0_feed8p40,P1A,13
325.0,235.0,550,-12.4958770698206,85.0,235.0,-32.564225224122644,-22.65151783950024,-7.202772295106863,offset_pifa_h4p0_l8p8_sep12p0_feed8p40,P1A,13
330.0,240.0,550,-14.3768452380617,90.0,240.0,-32.564225224122644,-22.457886966555307,-7.1784302202023245,offset_pifa_h4p0_l8p8_sep12p0_feed8p40,P1A,13
335.0,245.0,550,-14.3768452380617,90.0,240.0,-32.564225224122644,-22.457886966555307,-7.157313492101811,offset_pifa_h4p0_l8p8_sep12p0_feed8p40,P1A,13
340.0,250.0,550,-14.3768452380617,90.0,240.0,-32.564225224122644,-22.457886966555307,-7.192685551469243,offset_pifa_h4p0_l8p8_sep12p0_feed8p40,P1A,13
345.0,255.0,550,-14.3768452380617,90.0,240.0,-32.564225224122644,-22.457886966555307,-7.280873626749643,offset_pifa_h4p0_l8p8_sep12p0_feed8p40,P1A,13
350.0,260.0,550,-14.3768452380617,90.0,240.0,-32.564225224122644,-22.457886966555307,-7.338980328547855,offset_pifa_h4p0_l8p8_sep12p0_feed8p40,P1A,13
355.0,265.0,550,-14.3768452380617,90.0,240.0,-32.564225224122644,-22.457886966555307,-7.488803227642994,offset_pifa_h4p0_l8p8_sep12p0_feed8p40,P1A,13
0.0,270.0,550,-8.41809466598942,65.0,260.0,-21.20557457032676,-6.562870375085604,8.72782252938771,offset_pifa_h4p0_l8p8_sep12p0_feed8p40,P1B,13
5.0,275.0,550,-8.41809466598942,65.0,260.0,-21.20557457032676,-5.980165306299401,8.72782252938771,offset_pifa_h4p0_l8p8_sep12p0_feed8p40,P1B,13
10.0,280.0,550,-8.41809466598942,65.0,260.0,-21.20557457032676,-5.466320754732136,8.72782252938771,offset_pifa_h4p0_l8p8_sep12p0_feed8p40,P1B,13
15.0,285.0,550,-8.41809466598942,65.0,260.0,-21.20557457032676,-5.329520932649336,8.72782252938771,offset_pifa_h4p0_l8p8_sep12p0_feed8p40,P1B,13
20.0,290.0,550,-8.41809466598942,65.0,260.0,-21.20557457032676,-5.329520932649336,8.72782252938771,offset_pifa_h4p0_l8p8_sep12p0_feed8p40,P1B,13
25.0,295.0,550,-8.41809466598942,65.0,260.0,-21.20557457032676,-5.329520932649336,8.72782252938771,offset_pifa_h4p0_l8p8_sep12p0_feed8p40,P1B,13
30.0,300.0,550,-8.41809466598942,65.0,260.0,-21.20557457032676,-5.329520932649336,8.664110789698835,offset_pifa_h4p0_l8p8_sep12p0_feed8p40,P1B,13
35.0,305.0,550,-8.41809466598942,65.0,260.0,-21.20557457032676,-5.329520932649336,8.662509845981518,offset_pifa_h4p0_l8p8_sep12p0_feed8p40,P1B,13
40.0,310.0,550,-8.41809466598942,65.0,260.0,-21.20557457032676,-5.329520932649336,8.640532279161514,offset_pifa_h4p0_l8p8_sep12p0_feed8p40,P1B,13
45.0,315.0,550,-8.41809466598942,65.0,260.0,-21.20557457032676,-5.329520932649336,8.591679183926948,offset_pifa_h4p0_l8p8_sep12p0_feed8p40,P1B,13
50.0,320.0,550,-8.41809466598942,65.0,260.0,-21.20557457032676,-5.329520932649336,8.469918327166713,offset_pifa_h4p0_l8p8_sep12p0_feed8p40,P1B,13
55.0,325.0,550,-8.41809466598942,65.0,260.0,-21.20557457032676,-5.747873219602501,8.302949029708879,offset_pifa_h4p0_l8p8_sep12p0_feed8p40,P1B,13
60.0,330.0,550,-8.41809466598942,65.0,260.0,-21.20557457032676,-6.33189221865636,8.081533148505706,offset_pifa_h4p0_l8p8_sep12p0_feed8p40,P1B,13
65.0,335.0,550,-8.41809466598942,65.0,260.0,-21.20557457032676,-7.34488616998288,7.8123075790805725,offset_pifa_h4p0_l8p8_sep12p0_feed8p40,P1B,13
70.0,340.0,550,-8.41809466598942,65.0,260.0,-21.20557457032676,-8.173900438388152,7.498791738649712,offset_pifa_h4p0_l8p8_sep12p0_feed8p40,P1B,13
75.0,345.0,550,-8.41809466598942,65.0,260.0,-21.20557457032676,-8.738179399292456,7.051224397256048,offset_pifa_h4p0_l8p8_sep12p0_feed8p40,P1B,13
80.0,350.0,550,-8.41809466598942,65.0,260.0,-21.20557457032676,-9.32407798470022,6.560611519849113,offset_pifa_h4p0_l8p8_sep12p0_feed8p40,P1B,13
85.0,355.0,550,-8.41809466598942,65.0,260.0,-21.20557457032676,-9.863481068116695,6.117223412137117,offset_pifa_h4p0_l8p8_sep12p0_feed8p40,P1B,13
90.0,0.0,550,-8.41809466598942,65.0,260.0,-21.20557457032676,-10.15904934039969,5.617140130910782,offset_pifa_h4p0_l8p8_sep12p0_feed8p40,P1B,13
95.0,5.0,550,-8.41809466598942,65.0,260.0,-21.20557457032676,-10.15904934039969,5.2415094939000575,offset_pifa_h4p0_l8p8_sep12p0_feed8p40,P1B,13
100.0,10.0,550,-8.41809466598942,65.0,260.0,-21.20557457032676,-10.15904934039969,4.771853853401542,offset_pifa_h4p0_l8p8_sep12p0_feed8p40,P1B,13
105.0,15.0,550,-8.41809466598942,65.0,260.0,-21.20557457032676,-10.15904934039969,4.420077174205151,offset_pifa_h4p0_l8p8_sep12p0_feed8p40,P1B,13
110.0,20.0,550,-8.41809466598942,65.0,260.0,-21.20557457032676,-10.15904934039969,4.155040873565191,offset_pifa_h4p0_l8p8_sep12p0_feed8p40,P1B,13
115.0,25.0,550,-8.41809466598942,65.0,260.0,-21.20557457032676,-10.15904934039969,3.936991917751798,offset_pifa_h4p0_l8p8_sep12p0_feed8p40,P1B,13
120.0,30.0,550,-8.41809466598942,65.0,260.0,-21.20557457032676,-10.15904934039969,3.8865262591650493,offset_pifa_h4p0_l8p8_sep12p0_feed8p40,P1B,13
125.0,35.0,550,-8.41809466598942,65.0,260.0,-21.20557457032676,-10.15904934039969,3.8217055411188046,offset_pifa_h4p0_l8p8_sep12p0_feed8p40,P1B,13
130.0,40.0,550,-8.41809466598942,65.0,260.0,-21.20557457032676,-10.15904934039969,3.7467413929000815,offset_pifa_h4p0_l8p8_sep12p0_feed8p40,P1B,13
135.0,45.0,550,-8.41809466598942,65.0,260.0,-21.20557457032676,-10.15904934039969,3.7467413929000815,offset_pifa_h4p0_l8p8_sep12p0_feed8p40,P1B,13
140.0,50.0,550,-8.41809466598942,65.0,260.0,-21.20557457032676,-10.15904934039969,3.7467413929000815,offset_pifa_h4p0_l8p8_sep12p0_feed8p40,P1B,13
145.0,55.0,550,-8.41809466598942,65.0,260.0,-21.20557457032676,-10.15904934039969,3.7467413929000815,offset_pifa_h4p0_l8p8_sep12p0_feed8p40,P1B,13
150.0,60.0,550,-8.41809466598942,65.0,260.0,-21.20557457032676,-10.15904934039969,3.7467413929000815,offset_pifa_h4p0_l8p8_sep12p0_feed8p40,P1B,13
155.0,65.0,550,-8.41809466598942,65.0,260.0,-21.20557457032676,-10.15904934039969,3.7467413929000815,offset_pifa_h4p0_l8p8_sep12p0_feed8p40,P1B,13
160.0,70.0,550,-8.41809466598942,65.0,260.0,-21.20557457032676,-10.15904934039969,3.7467413929000815,offset_pifa_h4p0_l8p8_sep12p0_feed8p40,P1B,13
165.0,75.0,550,-8.41809466598942,65.0,260.0,-21.20557457032676,-10.15904934039969,3.8865262591650493,offset_pifa_h4p0_l8p8_sep12p0_feed8p40,P1B,13
170.0,80.0,550,-8.41809466598942,65.0,260.0,-21.20557457032676,-10.15904934039969,3.9676564471781117,offset_pifa_h4p0_l8p8_sep12p0_feed8p40,P1B,13
175.0,85.0,550,-8.41809466598942,65.0,260.0,-21.20557457032676,-10.15904934039969,4.420077174205151,offset_pifa_h4p0_l8p8_sep12p0_feed8p40,P1B,13
180.0,90.0,550,-8.41809466598942,65.0,260.0,-21.20557457032676,-10.003962434175307,4.8080575746708565,offset_pifa_h4p0_l8p8_sep12p0_feed8p40,P1B,13
185.0,95.0,550,-8.41809466598942,65.0,260.0,-18.103499826299718,-9.43265340588205,5.2415094939000575,offset_pifa_h4p0_l8p8_sep12p0_feed8p40,P1B,13
190.0,100.0,550,-8.41809466598942,65.0,260.0,-18.103499826299718,-9.013890856445112,5.739534407422795,offset_pifa_h4p0_l8p8_sep12p0_feed8p40,P1B,13
195.0,105.0,550,-8.41809466598942,65.0,260.0,-18.103499826299718,-8.495494375420447,5.835123330937073,offset_pifa_h4p0_l8p8_sep12p0_feed8p40,P1B,13
200.0,110.0,550,-8.41809466598942,65.0,260.0,-18.103499826299718,-8.495494375420447,6.4843000751611415,offset_pifa_h4p0_l8p8_sep12p0_feed8p40,P1B,13
205.0,115.0,550,-8.41809466598942,65.0,260.0,-18.103499826299718,-8.495494375420447,6.788978722030421,offset_pifa_h4p0_l8p8_sep12p0_feed8p40,P1B,13
210.0,120.0,550,-8.41809466598942,65.0,260.0,-18.103499826299718,-8.495494375420447,7.056446871892723,offset_pifa_h4p0_l8p8_sep12p0_feed8p40,P1B,13
215.0,125.0,550,-8.41809466598942,65.0,260.0,-18.103499826299718,-8.495494375420447,7.53097476877593,offset_pifa_h4p0_l8p8_sep12p0_feed8p40,P1B,13
220.0,130.0,550,-8.41809466598942,65.0,260.0,-18.103499826299718,-8.495494375420447,7.725924108776649,offset_pifa_h4p0_l8p8_sep12p0_feed8p40,P1B,13
225.0,135.0,550,-8.41809466598942,65.0,260.0,-18.103499826299718,-8.495494375420447,7.830128113626232,offset_pifa_h4p0_l8p8_sep12p0_feed8p40,P1B,13
230.0,140.0,550,-8.41809466598942,65.0,260.0,-18.103499826299718,-8.495494375420447,8.048566867747077,offset_pifa_h4p0_l8p8_sep12p0_feed8p40,P1B,13
235.0,145.0,550,-8.41809466598942,65.0,260.0,-18.103499826299718,-8.495494375420447,8.018853266331933,offset_pifa_h4p0_l8p8_sep12p0_feed8p40,P1B,13
240.0,150.0,550,-8.41809466598942,65.0,260.0,-18.103499826299718,-8.495494375420447,7.81821682537897,offset_pifa_h4p0_l8p8_sep12p0_feed8p40,P1B,13
245.0,155.0,550,-8.41809466598942,65.0,260.0,-18.103499826299718,-8.495494375420447,7.708093747275736,offset_pifa_h4p0_l8p8_sep12p0_feed8p40,P1B,13
250.0,160.0,550,-8.41809466598942,65.0,260.0,-18.103499826299718,-8.495494375420447,7.287104147095825,offset_pifa_h4p0_l8p8_sep12p0_feed8p40,P1B,13
255.0,165.0,550,-8.41809466598942,65.0,260.0,-18.103499826299718,-8.495494375420447,6.857310063808296,offset_pifa_h4p0_l8p8_sep12p0_feed8p40,P1B,13
260.0,170.0,550,-8.41809466598942,65.0,260.0,-18.103499826299718,-8.495494375420447,6.687481162984712,offset_pifa_h4p0_l8p8_sep12p0_feed8p40,P1B,13
265.0,175.0,550,-8.20571728537692,65.0,265.0,-18.103499826299718,-8.55667277730259,6.117223412137117,offset_pifa_h4p0_l8p8_sep12p0_feed8p40,P1B,13
270.0,180.0,550,-7.87229901926837,60.0,270.0,-21.20557457032676,-9.191565653138365,5.80917331341456,offset_pifa_h4p0_l8p8_sep12p0_feed8p40,P1B,13
275.0,185.0,550,-7.23879056361895,60.0,275.0,-21.20557457032676,-10.15904934039969,5.426409917710822,offset_pifa_h4p0_l8p8_sep12p0_feed8p40,P1B,13
280.0,190.0,550,-6.5399600786973,55.0,280.0,-21.20557457032676,-10.15904934039969,4.8877768478385955,offset_pifa_h4p0_l8p8_sep12p0_feed8p40,P1B,13
285.0,195.0,550,-6.22764138045354,45.0,195.0,-21.20557457032676,-10.15904934039969,4.686155789469692,offset_pifa_h4p0_l8p8_sep12p0_feed8p40,P1B,13
290.0,200.0,550,-6.22764138045354,45.0,195.0,-21.20557457032676,-10.15904934039969,4.53839211515157,offset_pifa_h4p0_l8p8_sep12p0_feed8p40,P1B,13
295.0,205.0,550,-6.22764138045354,45.0,195.0,-21.20557457032676,-10.15904934039969,4.52113553245658,offset_pifa_h4p0_l8p8_sep12p0_feed8p40,P1B,13
300.0,210.0,550,-6.22764138045354,45.0,195.0,-21.20557457032676,-10.15904934039969,4.53839211515157,offset_pifa_h4p0_l8p8_sep12p0_feed8p40,P1B,13
305.0,215.0,550,-6.22764138045354,45.0,195.0,-21.20557457032676,-10.15904934039969,5.063225822399293,offset_pifa_h4p0_l8p8_sep12p0_feed8p40,P1B,13
310.0,220.0,550,-6.22764138045354,45.0,195.0,-21.20557457032676,-10.15904934039969,5.7477715479303075,offset_pifa_h4p0_l8p8_sep12p0_feed8p40,P1B,13
315.0,225.0,550,-6.22764138045354,45.0,195.0,-21.20557457032676,-10.15904934039969,5.9508038807947745,offset_pifa_h4p0_l8p8_sep12p0_feed8p40,P1B,13
320.0,230.0,550,-6.22764138045354,45.0,195.0,-21.20557457032676,-10.15904934039969,6.6697700096962675,offset_pifa_h4p0_l8p8_sep12p0_feed8p40,P1B,13
325.0,235.0,550,-6.60746806661031,90.0,235.0,-21.20557457032676,-10.15904934039969,6.8545570762567,offset_pifa_h4p0_l8p8_sep12p0_feed8p40,P1B,13
330.0,240.0,550,-7.61841588097045,90.0,240.0,-21.20557457032676,-10.15904934039969,7.490397432460489,offset_pifa_h4p0_l8p8_sep12p0_feed8p40,P1B,13
335.0,245.0,550,-8.01125376973322,90.0,245.0,-21.20557457032676,-10.15904934039969,7.765545510867651,offset_pifa_h4p0_l8p8_sep12p0_feed8p40,P1B,13
340.0,250.0,550,-8.16495048576055,75.0,250.0,-21.20557457032676,-10.15904934039969,8.262404325160638,offset_pifa_h4p0_l8p8_sep12p0_feed8p40,P1B,13
345.0,255.0,550,-8.37023570290165,70.0,255.0,-21.20557457032676,-9.745792595074862,8.469918327166713,offset_pifa_h4p0_l8p8_sep12p0_feed8p40,P1B,13
350.0,260.0,550,-8.41809466598942,65.0,260.0,-21.20557457032676,-8.633126712149405,8.621341791786913,offset_pifa_h4p0_l8p8_sep12p0_feed8p40,P1B,13
355.0,265.0,550,-8.41809466598942,65.0,260.0,-21.20557457032676,-7.8374739730641165,8.662509845981518,offset_pifa_h4p0_l8p8_sep12p0_feed8p40,P1B,13
0.0,270.0,550,-10.8151875990864,90.0,235.0,-37.29509504894759,-23.433403133494227,-7.278972141106311,offset_pifa_h3p5_l8p8_sep14p0_feed8p40,P1A,14
5.0,275.0,550,-10.8151875990864,90.0,235.0,-37.29509504894759,-23.83638862850738,-7.666335672070817,offset_pifa_h3p5_l8p8_sep14p0_feed8p40,P1A,14
10.0,280.0,550,-10.8151875990864,90.0,235.0,-37.29509504894759,-24.971207469443396,-7.857981706916512,offset_pifa_h3p5_l8p8_sep14p0_feed8p40,P1A,14
15.0,285.0,550,-10.8151875990864,90.0,235.0,-37.29509504894759,-25.107565098846823,-8.294402563778352,offset_pifa_h3p5_l8p8_sep14p0_feed8p40,P1A,14
20.0,290.0,550,-10.8151875990864,90.0,235.0,-37.29509504894759,-26.656017700143224,-8.500599174657603,offset_pifa_h3p5_l8p8_sep14p0_feed8p40,P1A,14
25.0,295.0,550,-10.8151875990864,90.0,235.0,-37.29509504894759,-26.834728165404865,-8.679248800215738,offset_pifa_h3p5_l8p8_sep14p0_feed8p40,P1A,14
30.0,300.0,550,-10.8151875990864,90.0,235.0,-37.29509504894759,-27.4242920016972,-9.004310541888362,offset_pifa_h3p5_l8p8_sep14p0_feed8p40,P1A,14
35.0,305.0,550,-10.8151875990864,90.0,235.0,-37.29509504894759,-27.534197772642703,-9.213865861083963,offset_pifa_h3p5_l8p8_sep14p0_feed8p40,P1A,14
40.0,310.0,550,-10.8151875990864,90.0,235.0,-37.29509504894759,-27.987686961851296,-9.38766125322543,offset_pifa_h3p5_l8p8_sep14p0_feed8p40,P1A,14
45.0,315.0,550,-10.8151875990864,90.0,235.0,-37.29509504894759,-28.493997800358276,-9.67728480502587,offset_pifa_h3p5_l8p8_sep14p0_feed8p40,P1A,14
50.0,320.0,550,-10.8151875990864,90.0,235.0,-37.29509504894759,-29.173769394971863,-9.845574618360667,offset_pifa_h3p5_l8p8_sep14p0_feed8p40,P1A,14
55.0,325.0,550,-10.8151875990864,90.0,235.0,-37.29509504894759,-29.173769394971863,-9.901917189056956,offset_pifa_h3p5_l8p8_sep14p0_feed8p40,P1A,14
60.0,330.0,550,-10.8151875990864,90.0,235.0,-37.29509504894759,-29.173769394971863,-9.94668426566325,offset_pifa_h3p5_l8p8_sep14p0_feed8p40,P1A,14
65.0,335.0,550,-10.8151875990864,90.0,235.0,-37.29509504894759,-29.31951146801293,-9.918288849899756,offset_pifa_h3p5_l8p8_sep14p0_feed8p40,P1A,14
70.0,340.0,550,-10.8151875990864,90.0,235.0,-37.29509504894759,-29.31951146801293,-9.845574618360667,offset_pifa_h3p5_l8p8_sep14p0_feed8p40,P1A,14
75.0,345.0,550,-10.8151875990864,90.0,235.0,-37.29509504894759,-29.31951146801293,-9.56487590485035,offset_pifa_h3p5_l8p8_sep14p0_feed8p40,P1A,14
80.0,350.0,550,-10.8151875990864,90.0,235.0,-37.29509504894759,-29.173769394971863,-9.131146744044017,offset_pifa_h3p5_l8p8_sep14p0_feed8p40,P1A,14
85.0,355.0,550,-10.8151875990864,90.0,235.0,-37.29509504894759,-28.493997800358276,-8.793995149369081,offset_pifa_h3p5_l8p8_sep14p0_feed8p40,P1A,14
90.0,0.0,550,-10.8151875990864,90.0,235.0,-37.29509504894759,-28.18261329419599,-8.361589869292269,offset_pifa_h3p5_l8p8_sep14p0_feed8p40,P1A,14
95.0,5.0,550,-10.8151875990864,90.0,235.0,-37.29509504894759,-28.091729259087895,-8.034674927124737,offset_pifa_h3p5_l8p8_sep14p0_feed8p40,P1A,14
100.0,10.0,550,-10.8151875990864,90.0,235.0,-37.29509504894759,-28.091729259087895,-7.7241592973323625,offset_pifa_h3p5_l8p8_sep14p0_feed8p40,P1A,14
105.0,15.0,550,-10.8151875990864,90.0,235.0,-37.29509504894759,-28.091729259087895,-7.442086644312994,offset_pifa_h3p5_l8p8_sep14p0_feed8p40,P1A,14
110.0,20.0,550,-10.8151875990864,90.0,235.0,-37.29509504894759,-28.091729259087895,-7.278972141106311,offset_pifa_h3p5_l8p8_sep14p0_feed8p40,P1A,14
115.0,25.0,550,-10.8151875990864,90.0,235.0,-37.29509504894759,-28.091729259087895,-7.180455557330577,offset_pifa_h3p5_l8p8_sep14p0_feed8p40,P1A,14
120.0,30.0,550,-10.8151875990864,90.0,235.0,-37.29509504894759,-28.091729259087895,-7.1399426270047925,offset_pifa_h3p5_l8p8_sep14p0_feed8p40,P1A,14
125.0,35.0,550,-10.8151875990864,90.0,235.0,-37.29509504894759,-28.091729259087895,-7.1399426270047925,offset_pifa_h3p5_l8p8_sep14p0_feed8p40,P1A,14
130.0,40.0,550,-10.8151875990864,90.0,235.0,-37.29509504894759,-28.091729259087895,-7.167037337762015,offset_pifa_h3p5_l8p8_sep14p0_feed8p40,P1A,14
135.0,45.0,550,-10.8151875990864,90.0,235.0,-37.29509504894759,-28.091729259087895,-7.266143202146896,offset_pifa_h3p5_l8p8_sep14p0_feed8p40,P1A,14
140.0,50.0,550,-10.8151875990864,90.0,235.0,-37.29509504894759,-28.091729259087895,-7.666335672070817,offset_pifa_h3p5_l8p8_sep14p0_feed8p40,P1A,14
145.0,55.0,550,-10.8151875990864,90.0,235.0,-37.29509504894759,-28.091729259087895,-8.034674927124737,offset_pifa_h3p5_l8p8_sep14p0_feed8p40,P1A,14
150.0,60.0,550,-10.8151875990864,90.0,235.0,-37.29509504894759,-28.091729259087895,-8.383432756936845,offset_pifa_h3p5_l8p8_sep14p0_feed8p40,P1A,14
155.0,65.0,550,-10.8151875990864,90.0,235.0,-37.29509504894759,-28.091729259087895,-8.825953881086434,offset_pifa_h3p5_l8p8_sep14p0_feed8p40,P1A,14
160.0,70.0,550,-10.8151875990864,90.0,235.0,-37.29509504894759,-28.091729259087895,-9.186010922790297,offset_pifa_h3p5_l8p8_sep14p0_feed8p40,P1A,14
165.0,75.0,550,-10.8151875990864,90.0,235.0,-37.29509504894759,-28.18261329419599,-9.714664516692084,offset_pifa_h3p5_l8p8_sep14p0_feed8p40,P1A,14
170.0,80.0,550,-10.8151875990864,90.0,235.0,-37.29509504894759,-28.493997800358276,-10.106839828486615,offset_pifa_h3p5_l8p8_sep14p0_feed8p40,P1A,14
175.0,85.0,550,-10.8151875990864,90.0,235.0,-37.29509504894759,-29.173769394971863,-10.513250805395668,offset_pifa_h3p5_l8p8_sep14p0_feed8p40,P1A,14
180.0,90.0,550,-10.8151875990864,90.0,235.0,-37.29509504894759,-29.31951146801293,-10.720998616796305,offset_pifa_h3p5_l8p8_sep14p0_feed8p40,P1A,14
185.0,95.0,550,-10.8151875990864,90.0,235.0,-37.29509504894759,-29.31951146801293,-10.980480986106322,offset_pifa_h3p5_l8p8_sep14p0_feed8p40,P1A,14
190.0,100.0,550,-10.8151875990864,90.0,235.0,-37.29509504894759,-29.31951146801293,-11.238102723075677,offset_pifa_h3p5_l8p8_sep14p0_feed8p40,P1A,14
195.0,105.0,550,-10.8151875990864,90.0,235.0,-37.29509504894759,-29.31951146801293,-11.478113501237031,offset_pifa_h3p5_l8p8_sep14p0_feed8p40,P1A,14
200.0,110.0,550,-10.8151875990864,90.0,235.0,-37.29509504894759,-29.31951146801293,-11.819983690656706,offset_pifa_h3p5_l8p8_sep14p0_feed8p40,P1A,14
205.0,115.0,550,-10.8151875990864,90.0,235.0,-37.29509504894759,-29.31951146801293,-11.964669196008513,offset_pifa_h3p5_l8p8_sep14p0_feed8p40,P1A,14
210.0,120.0,550,-10.8151875990864,90.0,235.0,-37.29509504894759,-29.31951146801293,-12.014398802062258,offset_pifa_h3p5_l8p8_sep14p0_feed8p40,P1A,14
215.0,125.0,550,-10.8151875990864,90.0,235.0,-37.29509504894759,-29.31951146801293,-12.031061641631688,offset_pifa_h3p5_l8p8_sep14p0_feed8p40,P1A,14
220.0,130.0,550,-10.8151875990864,90.0,235.0,-37.29509504894759,-29.31951146801293,-12.031061641631688,offset_pifa_h3p5_l8p8_sep14p0_feed8p40,P1A,14
225.0,135.0,550,-10.8151875990864,90.0,235.0,-37.29509504894759,-29.31951146801293,-11.984255233628476,offset_pifa_h3p5_l8p8_sep14p0_feed8p40,P1A,14
230.0,140.0,550,-10.8151875990864,90.0,235.0,-37.29509504894759,-29.31951146801293,-11.888899142259234,offset_pifa_h3p5_l8p8_sep14p0_feed8p40,P1A,14
235.0,145.0,550,-10.8151875990864,90.0,235.0,-37.29509504894759,-29.31951146801293,-11.514864116564036,offset_pifa_h3p5_l8p8_sep14p0_feed8p40,P1A,14
240.0,150.0,550,-10.0175908067507,90.0,240.0,-37.29509504894759,-29.31951146801293,-11.238102723075677,offset_pifa_h3p5_l8p8_sep14p0_feed8p40,P1A,14
245.0,155.0,550,-8.53939266943563,90.0,245.0,-37.29509504894759,-29.173769394971863,-10.980480986106322,offset_pifa_h3p5_l8p8_sep14p0_feed8p40,P1A,14
250.0,160.0,550,-7.06224680495206,90.0,250.0,-36.816789146350914,-28.493997800358276,-10.842071721758424,offset_pifa_h3p5_l8p8_sep14p0_feed8p40,P1A,14
255.0,165.0,550,-5.7975765722773,90.0,255.0,-36.816789146350914,-27.987686961851296,-10.513250805395668,offset_pifa_h3p5_l8p8_sep14p0_feed8p40,P1A,14
260.0,170.0,550,-4.7532656597745,90.0,260.0,-36.816789146350914,-27.534197772642703,-10.159967579597453,offset_pifa_h3p5_l8p8_sep14p0_feed8p40,P1A,14
265.0,175.0,550,-3.99780460908636,45.0,165.0,-36.816789146350914,-27.049592022574128,-9.901917189056956,offset_pifa_h3p5_l8p8_sep14p0_feed8p40,P1A,14
270.0,180.0,550,-3.99780460908636,45.0,165.0,-36.816789146350914,-26.656017700143224,-9.655035863358504,offset_pifa_h3p5_l8p8_sep14p0_feed8p40,P1A,14
275.0,185.0,550,-3.99780460908636,45.0,165.0,-36.816789146350914,-26.14908639257601,-9.173125582373753,offset_pifa_h3p5_l8p8_sep14p0_feed8p40,P1A,14
280.0,190.0,550,-3.99780460908636,45.0,165.0,-36.816789146350914,-25.429248251945758,-8.845053596356049,offset_pifa_h3p5_l8p8_sep14p0_feed8p40,P1A,14
285.0,195.0,550,-3.99780460908636,45.0,165.0,-36.816789146350914,-25.10255356490029,-8.62552064207017,offset_pifa_h3p5_l8p8_sep14p0_feed8p40,P1A,14
290.0,200.0,550,-3.99780460908636,45.0,165.0,-36.816789146350914,-24.971207469443396,-8.296944614066842,offset_pifa_h3p5_l8p8_sep14p0_feed8p40,P1A,14
295.0,205.0,550,-4.05971051738185,45.0,205.0,-36.816789146350914,-24.375818500026668,-7.857981706916512,offset_pifa_h3p5_l8p8_sep14p0_feed8p40,P1A,14
300.0,210.0,550,-5.40992409744721,45.0,210.0,-36.816789146350914,-24.160206558169087,-7.457527534390392,offset_pifa_h3p5_l8p8_sep14p0_feed8p40,P1A,14
305.0,215.0,550,-6.49620119681606,45.0,215.0,-36.816789146350914,-23.72662627198817,-7.278972141106311,offset_pifa_h3p5_l8p8_sep14p0_feed8p40,P1A,14
310.0,220.0,550,-7.55451065485708,65.0,220.0,-36.816789146350914,-23.235341968276604,-7.180455557330577,offset_pifa_h3p5_l8p8_sep14p0_feed8p40,P1A,14
315.0,225.0,550,-9.00987052042042,80.0,225.0,-36.816789146350914,-23.143249423675538,-7.024995818291799,offset_pifa_h3p5_l8p8_sep14p0_feed8p40,P1A,14
320.0,230.0,550,-10.3244723455723,85.0,230.0,-36.816789146350914,-22.732591909730033,-6.929595984310449,offset_pifa_h3p5_l8p8_sep14p0_feed8p40,P1A,14
325.0,235.0,550,-10.8151875990864,90.0,235.0,-36.816789146350914,-22.394737725721804,-6.846273379206328,offset_pifa_h3p5_l8p8_sep14p0_feed8p40,P1A,14
330.0,240.0,550,-10.8151875990864,90.0,235.0,-36.816789146350914,-22.183327476516737,-6.71995344412398,offset_pifa_h3p5_l8p8_sep14p0_feed8p40,P1A,14
335.0,245.0,550,-10.8151875990864,90.0,235.0,-37.29509504894759,-21.800284455072706,-6.705890576844325,offset_pifa_h3p5_l8p8_sep14p0_feed8p40,P1A,14
340.0,250.0,550,-10.8151875990864,90.0,235.0,-37.29509504894759,-22.183327476516737,-6.636120499148125,offset_pifa_h3p5_l8p8_sep14p0_feed8p40,P1A,14
345.0,255.0,550,-10.8151875990864,90.0,235.0,-37.29509504894759,-22.81587137326843,-6.658805086028313,offset_pifa_h3p5_l8p8_sep14p0_feed8p40,P1A,14
350.0,260.0,550,-10.8151875990864,90.0,235.0,-37.29509504894759,-23.23299473393248,-6.776242816601706,offset_pifa_h3p5_l8p8_sep14p0_feed8p40,P1A,14
355.0,265.0,550,-10.8151875990864,90.0,235.0,-37.29509504894759,-23.263821441645828,-6.967948412930477,offset_pifa_h3p5_l8p8_sep14p0_feed8p40,P1A,14
0.0,270.0,550,-9.7430653246595,90.0,250.0,-22.383684731373062,-7.292120629901829,9.44707073151188,offset_pifa_h3p5_l8p8_sep14p0_feed8p40,P1B,14
5.0,275.0,550,-9.7430653246595,90.0,250.0,-22.383684731373062,-7.035617738075379,9.656900756386262,offset_pifa_h3p5_l8p8_sep14p0_feed8p40,P1B,14
10.0,280.0,550,-9.7430653246595,90.0,250.0,-22.383684731373062,-6.864381349211033,9.782652800191226,offset_pifa_h3p5_l8p8_sep14p0_feed8p40,P1B,14
15.0,285.0,550,-9.7430653246595,90.0,250.0,-22.383684731373062,-6.864381349211033,9.782652800191226,offset_pifa_h3p5_l8p8_sep14p0_feed8p40,P1B,14
20.0,290.0,550,-9.7430653246595,90.0,250.0,-22.383684731373062,-6.864381349211033,9.782652800191226,offset_pifa_h3p5_l8p8_sep14p0_feed8p40,P1B,14
25.0,295.0,550,-9.7430653246595,90.0,250.0,-22.383684731373062,-6.864381349211033,9.782652800191226,offset_pifa_h3p5_l8p8_sep14p0_feed8p40,P1B,14
30.0,300.0,550,-9.7430653246595,90.0,250.0,-22.383684731373062,-6.864381349211033,9.771838419708935,offset_pifa_h3p5_l8p8_sep14p0_feed8p40,P1B,14
35.0,305.0,550,-9.7430653246595,90.0,250.0,-22.383684731373062,-6.864381349211033,9.633809699994547,offset_pifa_h3p5_l8p8_sep14p0_feed8p40,P1B,14
40.0,310.0,550,-9.7430653246595,90.0,250.0,-22.383684731373062,-6.864381349211033,9.626666502167346,offset_pifa_h3p5_l8p8_sep14p0_feed8p40,P1B,14
45.0,315.0,550,-9.7430653246595,90.0,250.0,-22.383684731373062,-6.864381349211033,9.550366942796447,offset_pifa_h3p5_l8p8_sep14p0_feed8p40,P1B,14
50.0,320.0,550,-9.7430653246595,90.0,250.0,-22.383684731373062,-6.864381349211033,9.32722416565764,offset_pifa_h3p5_l8p8_sep14p0_feed8p40,P1B,14
55.0,325.0,550,-9.7430653246595,90.0,250.0,-22.383684731373062,-6.864381349211033,8.971525435840014,offset_pifa_h3p5_l8p8_sep14p0_feed8p40,P1B,14
60.0,330.0,550,-9.7430653246595,90.0,250.0,-22.383684731373062,-6.864381349211033,8.63974313570602,offset_pifa_h3p5_l8p8_sep14p0_feed8p40,P1B,14
65.0,335.0,550,-9.7430653246595,90.0,250.0,-22.383684731373062,-7.083423483358694,8.356312668822719,offset_pifa_h3p5_l8p8_sep14p0_feed8p40,P1B,14
70.0,340.0,550,-9.7430653246595,90.0,250.0,-22.383684731373062,-7.798701829031057,7.9750584627744825,offset_pifa_h3p5_l8p8_sep14p0_feed8p40,P1B,14
75.0,345.0,550,-9.7430653246595,90.0,250.0,-22.383684731373062,-9.130922048720999,7.687987768908747,offset_pifa_h3p5_l8p8_sep14p0_feed8p40,P1B,14
80.0,350.0,550,-9.7430653246595,90.0,250.0,-22.383684731373062,-9.84956373631467,7.198294901523312,offset_pifa_h3p5_l8p8_sep14p0_feed8p40,P1B,14
85.0,355.0,550,-9.7430653246595,90.0,250.0,-22.423636353714027,-10.276668335091124,6.850595116358717,offset_pifa_h3p5_l8p8_sep14p0_feed8p40,P1B,14
90.0,0.0,550,-9.7430653246595,90.0,250.0,-22.423636353714027,-10.550137105243952,6.547941108032058,offset_pifa_h3p5_l8p8_sep14p0_feed8p40,P1B,14
95.0,5.0,550,-9.7430653246595,90.0,250.0,-22.423636353714027,-10.550137105243952,6.125240494950193,offset_pifa_h3p5_l8p8_sep14p0_feed8p40,P1B,14
100.0,10.0,550,-9.7430653246595,90.0,250.0,-22.423636353714027,-10.550137105243952,5.67635373715336,offset_pifa_h3p5_l8p8_sep14p0_feed8p40,P1B,14
105.0,15.0,550,-9.7430653246595,90.0,250.0,-22.423636353714027,-10.550137105243952,5.514145323997845,offset_pifa_h3p5_l8p8_sep14p0_feed8p40,P1B,14
110.0,20.0,550,-9.7430653246595,90.0,250.0,-22.423636353714027,-10.550137105243952,5.131875285295648,offset_pifa_h3p5_l8p8_sep14p0_feed8p40,P1B,14
115.0,25.0,550,-9.7430653246595,90.0,250.0,-22.423636353714027,-10.550137105243952,4.805059745890176,offset_pifa_h3p5_l8p8_sep14p0_feed8p40,P1B,14
120.0,30.0,550,-9.7430653246595,90.0,250.0,-22.423636353714027,-10.550137105243952,4.752041927605465,offset_pifa_h3p5_l8p8_sep14p0_feed8p40,P1B,14
125.0,35.0,550,-9.7430653246595,90.0,250.0,-22.423636353714027,-10.550137105243952,4.640396576723871,offset_pifa_h3p5_l8p8_sep14p0_feed8p40,P1B,14
130.0,40.0,550,-9.7430653246595,90.0,250.0,-22.423636353714027,-10.550137105243952,4.536399138895625,offset_pifa_h3p5_l8p8_sep14p0_feed8p40,P1B,14
135.0,45.0,550,-9.7430653246595,90.0,250.0,-22.423636353714027,-10.550137105243952,4.536399138895625,offset_pifa_h3p5_l8p8_sep14p0_feed8p40,P1B,14
140.0,50.0,550,-9.7430653246595,90.0,250.0,-22.423636353714027,-10.550137105243952,4.536399138895625,offset_pifa_h3p5_l8p8_sep14p0_feed8p40,P1B,14
145.0,55.0,550,-9.7430653246595,90.0,250.0,-22.423636353714027,-10.550137105243952,4.536399138895625,offset_pifa_h3p5_l8p8_sep14p0_feed8p40,P1B,14
150.0,60.0,550,-9.7430653246595,90.0,250.0,-22.423636353714027,-10.550137105243952,4.536399138895625,offset_pifa_h3p5_l8p8_sep14p0_feed8p40,P1B,14
155.0,65.0,550,-9.7430653246595,90.0,250.0,-22.423636353714027,-10.550137105243952,4.687922669022184,offset_pifa_h3p5_l8p8_sep14p0_feed8p40,P1B,14
160.0,70.0,550,-9.7430653246595,90.0,250.0,-22.423636353714027,-10.550137105243952,4.804992670648124,offset_pifa_h3p5_l8p8_sep14p0_feed8p40,P1B,14
165.0,75.0,550,-9.7430653246595,90.0,250.0,-22.423636353714027,-10.550137105243952,5.149313756959013,offset_pifa_h3p5_l8p8_sep14p0_feed8p40,P1B,14
170.0,80.0,550,-9.7430653246595,90.0,250.0,-22.423636353714027,-10.550137105243952,5.543536577072522,offset_pifa_h3p5_l8p8_sep14p0_feed8p40,P1B,14
175.0,85.0,550,-9.7430653246595,90.0,250.0,-22.423636353714027,-10.550137105243952,5.917044344144645,offset_pifa_h3p5_l8p8_sep14p0_feed8p40,P1B,14
180.0,90.0,550,-9.7430653246595,90.0,250.0,-22.423636353714027,-10.346159775785281,6.238655015073644,offset_pifa_h3p5_l8p8_sep14p0_feed8p40,P1B,14
185.0,95.0,550,-9.7430653246595,90.0,250.0,-22.423636353714027,-10.089297995563287,6.8061831188197965,offset_pifa_h3p5_l8p8_sep14p0_feed8p40,P1B,14
190.0,100.0,550,-9.7430653246595,90.0,250.0,-22.423636353714027,-9.107735084848532,7.135239978077598,offset_pifa_h3p5_l8p8_sep14p0_feed8p40,P1B,14
195.0,105.0,550,-9.7430653246595,90.0,250.0,-22.423636353714027,-7.643488489534179,7.430694972598827,offset_pifa_h3p5_l8p8_sep14p0_feed8p40,P1B,14
200.0,110.0,550,-9.7430653246595,90.0,250.0,-22.423636353714027,-7.643488489534179,7.788279387928539,offset_pifa_h3p5_l8p8_sep14p0_feed8p40,P1B,14
205.0,115.0,550,-9.7430653246595,90.0,250.0,-22.423636353714027,-7.643488489534179,8.127490094869486,offset_pifa_h3p5_l8p8_sep14p0_feed8p40,P1B,14
210.0,120.0,550,-9.7430653246595,90.0,250.0,-22.423636353714027,-7.643488489534179,8.491959783811346,offset_pifa_h3p5_l8p8_sep14p0_feed8p40,P1B,14
215.0,125.0,550,-9.7430653246595,90.0,250.0,-22.423636353714027,-7.643488489534179,8.884837182778401,offset_pifa_h3p5_l8p8_sep14p0_feed8p40,P1B,14
220.0,130.0,550,-9.7430653246595,90.0,250.0,-22.423636353714027,-7.643488489534179,9.199815449395812,offset_pifa_h3p5_l8p8_sep14p0_feed8p40,P1B,14
225.0,135.0,550,-9.7430653246595,90.0,250.0,-22.423636353714027,-7.643488489534179,9.519235972473842,offset_pifa_h3p5_l8p8_sep14p0_feed8p40,P1B,14
230.0,140.0,550,-9.7430653246595,90.0,250.0,-22.423636353714027,-7.643488489534179,9.519235972473842,offset_pifa_h3p5_l8p8_sep14p0_feed8p40,P1B,14
235.0,145.0,550,-9.7430653246595,90.0,250.0,-22.423636353714027,-7.643488489534179,9.360500251046526,offset_pifa_h3p5_l8p8_sep14p0_feed8p40,P1B,14
240.0,150.0,550,-9.7430653246595,90.0,250.0,-22.423636353714027,-7.643488489534179,9.078705380208248,offset_pifa_h3p5_l8p8_sep14p0_feed8p40,P1B,14
245.0,155.0,550,-9.7430653246595,90.0,250.0,-22.423636353714027,-7.643488489534179,8.715737174688105,offset_pifa_h3p5_l8p8_sep14p0_feed8p40,P1B,14
250.0,160.0,550,-9.7430653246595,90.0,250.0,-22.423636353714027,-7.643488489534179,8.356312668822719,offset_pifa_h3p5_l8p8_sep14p0_feed8p40,P1B,14
255.0,165.0,550,-9.36845790661993,90.0,255.0,-22.423636353714027,-7.643488489534179,7.938148964140831,offset_pifa_h3p5_l8p8_sep14p0_feed8p40,P1B,14
260.0,170.0,550,-8.8476711670174,85.0,260.0,-22.423636353714027,-7.643488489534179,7.680300755726231,offset_pifa_h3p5_l8p8_sep14p0_feed8p40,P1B,14
265.0,175.0,550,-8.13934783693289,80.0,265.0,-22.423636353714027,-7.810476149063428,7.386506571216542,offset_pifa_h3p5_l8p8_sep14p0_feed8p40,P1B,14
270.0,180.0,550,-7.29193543397498,75.0,270.0,-22.423636353714027,-8.86326320014182,7.0027649782818715,offset_pifa_h3p5_l8p8_sep14p0_feed8p40,P1B,14
275.0,185.0,550,-6.3946140991931,75.0,275.0,-22.423636353714027,-9.512526636374568,6.543268577978955,offset_pifa_h3p5_l8p8_sep14p0_feed8p40,P1B,14
280.0,190.0,550,-6.38377481124669,90.0,115.0,-22.423636353714027,-10.550137105243952,6.180834734467101,offset_pifa_h3p5_l8p8_sep14p0_feed8p40,P1B,14
285.0,195.0,550,-6.38377481124669,90.0,115.0,-22.423636353714027,-10.550137105243952,5.808696473738526,offset_pifa_h3p5_l8p8_sep14p0_feed8p40,P1B,14
290.0,200.0,550,-6.38377481124669,90.0,115.0,-22.423636353714027,-10.550137105243952,5.345543267546278,offset_pifa_h3p5_l8p8_sep14p0_feed8p40,P1B,14
295.0,205.0,550,-6.38377481124669,90.0,115.0,-22.423636353714027,-10.550137105243952,4.906536123070851,offset_pifa_h3p5_l8p8_sep14p0_feed8p40,P1B,14
300.0,210.0,550,-6.38377481124669,90.0,115.0,-22.423636353714027,-10.550137105243952,4.749582572297799,offset_pifa_h3p5_l8p8_sep14p0_feed8p40,P1B,14
305.0,215.0,550,-6.38377481124669,90.0,115.0,-22.423636353714027,-10.550137105243952,4.749582572297799,offset_pifa_h3p5_l8p8_sep14p0_feed8p40,P1B,14
310.0,220.0,550,-6.38377481124669,90.0,115.0,-22.423636353714027,-10.550137105243952,4.906536123070851,offset_pifa_h3p5_l8p8_sep14p0_feed8p40,P1B,14
315.0,225.0,550,-6.38377481124669,90.0,115.0,-22.423636353714027,-10.550137105243952,5.514145323997845,offset_pifa_h3p5_l8p8_sep14p0_feed8p40,P1B,14
320.0,230.0,550,-6.38377481124669,90.0,115.0,-22.423636353714027,-10.550137105243952,6.013921803960516,offset_pifa_h3p5_l8p8_sep14p0_feed8p40,P1B,14
325.0,235.0,550,-6.62878748612668,90.0,235.0,-22.423636353714027,-10.550137105243952,6.361917697042118,offset_pifa_h3p5_l8p8_sep14p0_feed8p40,P1B,14
330.0,240.0,550,-8.11672053397661,90.0,240.0,-22.423636353714027,-10.550137105243952,6.815937538212081,offset_pifa_h3p5_l8p8_sep14p0_feed8p40,P1B,14
335.0,245.0,550,-9.28933531694856,90.0,245.0,-22.423636353714027,-10.550137105243952,7.378702001208706,offset_pifa_h3p5_l8p8_sep14p0_feed8p40,P1B,14
340.0,250.0,550,-9.7430653246595,90.0,250.0,-22.423636353714027,-10.550137105243952,7.687987768908747,offset_pifa_h3p5_l8p8_sep14p0_feed8p40,P1B,14
345.0,255.0,550,-9.7430653246595,90.0,250.0,-22.423636353714027,-10.215767194908288,8.127490094869486,offset_pifa_h3p5_l8p8_sep14p0_feed8p40,P1B,14
350.0,260.0,550,-9.7430653246595,90.0,250.0,-22.423636353714027,-9.107735084848532,8.674614106362352,offset_pifa_h3p5_l8p8_sep14p0_feed8p40,P1B,14
355.0,265.0,550,-9.7430653246595,90.0,250.0,-22.423636353714027,-8.19559265066146,8.957767425847507,offset_pifa_h3p5_l8p8_sep14p0_feed8p40,P1B,14
0.0,270.0,550,-18.9834860083095,85.0,270.0,-15.346561183785942,-11.788445120194531,-4.301590549627941,offset_pifa_h5p8_l8p6_sep10p0_feed7p80,P1A,15
5.0,275.0,550,-18.9834860083095,85.0,270.0,-15.346561183785942,-11.788445120194531,-4.290690146264812,offset_pifa_h5p8_l8p6_sep10p0_feed7p80,P1A,15
10.0,280.0,550,-18.9834860083095,85.0,270.0,-15.346561183785942,-11.788445120194531,-4.277789617768862,offset_pifa_h5p8_l8p6_sep10p0_feed7p80,P1A,15
15.0,285.0,550,-18.9834860083095,85.0,270.0,-15.346561183785942,-11.788445120194531,-4.270938729426238,offset_pifa_h5p8_l8p6_sep10p0_feed7p80,P1A,15
20.0,290.0,550,-18.9834860083095,85.0,270.0,-15.346561183785942,-11.788445120194531,-4.204816178880671,offset_pifa_h5p8_l8p6_sep10p0_feed7p80,P1A,15
25.0,295.0,550,-18.9834860083095,85.0,270.0,-15.346561183785942,-11.788445120194531,-4.117533626812367,offset_pifa_h5p8_l8p6_sep10p0_feed7p80,P1A,15
30.0,300.0,550,-18.9834860083095,85.0,270.0,-15.346561183785942,-11.788445120194531,-4.025099717989235,offset_pifa_h5p8_l8p6_sep10p0_feed7p80,P1A,15
35.0,305.0,550,-18.9834860083095,85.0,270.0,-15.346561183785942,-11.788445120194531,-3.857302613178615,offset_pifa_h5p8_l8p6_sep10p0_feed7p80,P1A,15
40.0,310.0,550,-18.9834860083095,85.0,270.0,-15.346561183785942,-11.788445120194531,-3.7523232379919564,offset_pifa_h5p8_l8p6_sep10p0_feed7p80,P1A,15
45.0,315.0,550,-18.9834860083095,85.0,270.0,-15.346561183785942,-11.788445120194531,-3.3897353737684592,offset_pifa_h5p8_l8p6_sep10p0_feed7p80,P1A,15
50.0,320.0,550,-18.9834860083095,85.0,270.0,-15.346561183785942,-11.788445120194531,-3.2217742817133304,offset_pifa_h5p8_l8p6_sep10p0_feed7p80,P1A,15
55.0,325.0,550,-18.9834860083095,85.0,270.0,-15.346561183785942,-11.788445120194531,-2.8686843540674096,offset_pifa_h5p8_l8p6_sep10p0_feed7p80,P1A,15
60.0,330.0,550,-18.9834860083095,85.0,270.0,-15.346561183785942,-11.788445120194531,-2.704540529680846,offset_pifa_h5p8_l8p6_sep10p0_feed7p80,P1A,15
65.0,335.0,550,-18.9834860083095,85.0,270.0,-15.346561183785942,-11.788445120194531,-2.2968528042617375,offset_pifa_h5p8_l8p6_sep10p0_feed7p80,P1A,15
70.0,340.0,550,-18.9834860083095,85.0,270.0,-15.346561183785942,-11.788445120194531,-2.000348364661197,offset_pifa_h5p8_l8p6_sep10p0_feed7p80,P1A,15
75.0,345.0,550,-18.9834860083095,85.0,270.0,-15.346561183785942,-11.788445120194531,-1.792261955851241,offset_pifa_h5p8_l8p6_sep10p0_feed7p80,P1A,15
80.0,350.0,550,-18.9834860083095,85.0,270.0,-15.346561183785942,-11.510773734109348,-1.5580182751614404,offset_pifa_h5p8_l8p6_sep10p0_feed7p80,P1A,15
85.0,355.0,550,-18.9834860083095,85.0,270.0,-15.346561183785942,-11.502658454755066,-1.385586960511735,offset_pifa_h5p8_l8p6_sep10p0_feed7p80,P1A,15
90.0,0.0,550,-18.9834860083095,85.0,270.0,-15.346561183785942,-11.478985624178717,-1.0546640327886372,offset_pifa_h5p8_l8p6_sep10p0_feed7p80,P1A,15
95.0,5.0,550,-18.9834860083095,85.0,270.0,-15.346561183785942,-11.33192430951925,-0.9203063016629186,offset_pifa_h5p8_l8p6_sep10p0_feed7p80,P1A,15
100.0,10.0,550,-18.9834860083095,85.0,270.0,-15.346561183785942,-11.098788318360384,-0.6254200267704746,offset_pifa_h5p8_l8p6_sep10p0_feed7p80,P1A,15
105.0,15.0,550,-18.9834860083095,85.0,270.0,-15.346561183785942,-10.818048927974054,-0.48282761578976574,offset_pifa_h5p8_l8p6_sep10p0_feed7p80,P1A,15
110.0,20.0,550,-18.9834860083095,85.0,270.0,-15.346561183785942,-10.453852430851974,-0.4092859753834369,offset_pifa_h5p8_l8p6_sep10p0_feed7p80,P1A,15
115.0,25.0,550,-18.9834860083095,85.0,270.0,-15.346561183785942,-10.28320838572826,-0.32555345279234255,offset_pifa_h5p8_l8p6_sep10p0_feed7p80,P1A,15
120.0,30.0,550,-18.9834860083095,85.0,270.0,-15.346561183785942,-9.39347624192716,-0.23077740221845522,offset_pifa_h5p8_l8p6_sep10p0_feed7p80,P1A,15
125.0,35.0,550,-18.9834860083095,85.0,270.0,-15.346561183785942,-9.1002583222824,-0.1316327766023634,offset_pifa_h5p8_l8p6_sep10p0_feed7p80,P1A,15
130.0,40.0,550,-18.9834860083095,85.0,270.0,-15.346561183785942,-8.813123042012737,-0.015409455386090396,offset_pifa_h5p8_l8p6_sep10p0_feed7p80,P1A,15
135.0,45.0,550,-18.9834860083095,85.0,270.0,-15.346561183785942,-8.813123042012737,0.007114411269300366,offset_pifa_h5p8_l8p6_sep10p0_feed7p80,P1A,15
140.0,50.0,550,-18.9834860083095,85.0,270.0,-15.346561183785942,-9.025852265354281,0.17069957059618923,offset_pifa_h5p8_l8p6_sep10p0_feed7p80,P1A,15
145.0,55.0,550,-18.9834860083095,85.0,270.0,-15.346561183785942,-9.039850460319862,0.17069957059618923,offset_pifa_h5p8_l8p6_sep10p0_feed7p80,P1A,15
150.0,60.0,550,-18.9834860083095,85.0,270.0,-15.346561183785942,-9.2872263161659,0.17069957059618923,offset_pifa_h5p8_l8p6_sep10p0_feed7p80,P1A,15
155.0,65.0,550,-18.9834860083095,85.0,270.0,-15.346561183785942,-9.58637005894101,0.17069957059618923,offset_pifa_h5p8_l8p6_sep10p0_feed7p80,P1A,15
160.0,70.0,550,-18.9834860083095,85.0,270.0,-15.346561183785942,-9.850663970128785,0.17069957059618923,offset_pifa_h5p8_l8p6_sep10p0_feed7p80,P1A,15
165.0,75.0,550,-18.9834860083095,85.0,270.0,-15.346561183785942,-9.946814049620134,-0.1316327766023634,offset_pifa_h5p8_l8p6_sep10p0_feed7p80,P1A,15
170.0,80.0,550,-18.9834860083095,85.0,270.0,-15.346561183785942,-10.103198535868366,-0.37714112172576286,offset_pifa_h5p8_l8p6_sep10p0_feed7p80,P1A,15
175.0,85.0,550,-18.9834860083095,85.0,270.0,-15.346561183785942,-10.312079512017958,-0.4936648579737587,offset_pifa_h5p8_l8p6_sep10p0_feed7p80,P1A,15
180.0,90.0,550,-18.9834860083095,85.0,270.0,-15.346561183785942,-10.534938607774524,-0.8207225666074186,offset_pifa_h5p8_l8p6_sep10p0_feed7p80,P1A,15
185.0,95.0,550,-18.9834860083095,85.0,270.0,-15.346561183785942,-10.7908132885347,-1.0496134485101767,offset_pifa_h5p8_l8p6_sep10p0_feed7p80,P1A,15
190.0,100.0,550,-18.9834860083095,85.0,270.0,-15.346561183785942,-11.113417298046022,-1.293856907345713,offset_pifa_h5p8_l8p6_sep10p0_feed7p80,P1A,15
195.0,105.0,550,-18.9834860083095,85.0,270.0,-15.346561183785942,-11.24008644616792,-1.5606569615392494,offset_pifa_h5p8_l8p6_sep10p0_feed7p80,P1A,15
200.0,110.0,550,-18.9834860083095,85.0,270.0,-15.346561183785942,-11.337136225195259,-1.792261955851241,offset_pifa_h5p8_l8p6_sep10p0_feed7p80,P1A,15
205.0,115.0,550,-18.9834860083095,85.0,270.0,-15.346561183785942,-11.510773734109348,-1.9519706172543485,offset_pifa_h5p8_l8p6_sep10p0_feed7p80,P1A,15
210.0,120.0,550,-18.9834860083095,85.0,270.0,-15.346561183785942,-11.68563897079592,-1.9519706172543485,offset_pifa_h5p8_l8p6_sep10p0_feed7p80,P1A,15
215.0,125.0,550,-18.9834860083095,85.0,270.0,-15.346561183785942,-11.788445120194531,-1.9519706172543485,offset_pifa_h5p8_l8p6_sep10p0_feed7p80,P1A,15
220.0,130.0,550,-18.9834860083095,85.0,270.0,-15.346561183785942,-11.788445120194531,-1.9519706172543485,offset_pifa_h5p8_l8p6_sep10p0_feed7p80,P1A,15
225.0,135.0,550,-18.9834860083095,85.0,270.0,-15.346561183785942,-11.68563897079592,-1.9519706172543485,offset_pifa_h5p8_l8p6_sep10p0_feed7p80,P1A,15
230.0,140.0,550,-18.9834860083095,85.0,270.0,-15.346561183785942,-11.60456292531286,-1.9519706172543485,offset_pifa_h5p8_l8p6_sep10p0_feed7p80,P1A,15
235.0,145.0,550,-18.9834860083095,85.0,270.0,-15.346561183785942,-11.502658454755066,-1.9519706172543485,offset_pifa_h5p8_l8p6_sep10p0_feed7p80,P1A,15
240.0,150.0,550,-18.9834860083095,85.0,270.0,-14.840186411178287,-11.478985624178717,-1.9519706172543485,offset_pifa_h5p8_l8p6_sep10p0_feed7p80,P1A,15
245.0,155.0,550,-18.9834860083095,85.0,270.0,-14.817726890066595,-11.33192430951925,-1.8469585629091103,offset_pifa_h5p8_l8p6_sep10p0_feed7p80,P1A,15
250.0,160.0,550,-18.9834860083095,85.0,270.0,-14.817726890066595,-11.24008644616792,-1.7074311634977533,offset_pifa_h5p8_l8p6_sep10p0_feed7p80,P1A,15
255.0,165.0,550,-18.9834860083095,85.0,270.0,-14.817726890066595,-11.24008644616792,-1.6577803762622125,offset_pifa_h5p8_l8p6_sep10p0_feed7p80,P1A,15
260.0,170.0,550,-18.9834860083095,85.0,270.0,-14.817726890066595,-11.24008644616792,-1.5606569615392494,offset_pifa_h5p8_l8p6_sep10p0_feed7p80,P1A,15
265.0,175.0,550,-18.9834860083095,85.0,270.0,-14.817726890066595,-11.24008644616792,-1.4643090972069888,offset_pifa_h5p8_l8p6_sep10p0_feed7p80,P1A,15
270.0,180.0,550,-18.9834860083095,85.0,270.0,-14.817726890066595,-11.24008644616792,-1.4643090972069888,offset_pifa_h5p8_l8p6_sep10p0_feed7p80,P1A,15
275.0,185.0,550,-18.8060091499468,85.0,275.0,-14.817726890066595,-11.24008644616792,-1.4643090972069888,offset_pifa_h5p8_l8p6_sep10p0_feed7p80,P1A,15
280.0,190.0,550,-17.8632993135319,85.0,280.0,-14.817726890066595,-11.24008644616792,-1.4643090972069888,offset_pifa_h5p8_l8p6_sep10p0_feed7p80,P1A,15
285.0,195.0,550,-16.6210633843887,85.0,285.0,-14.817726890066595,-11.24008644616792,-1.4643090972069888,offset_pifa_h5p8_l8p6_sep10p0_feed7p80,P1A,15
290.0,200.0,550,-15.3248988664583,85.0,290.0,-14.817726890066595,-11.24008644616792,-1.6557709400137013,offset_pifa_h5p8_l8p6_sep10p0_feed7p80,P1A,15
295.0,205.0,550,-14.0838784755678,85.0,295.0,-14.817726890066595,-11.24008644616792,-1.9356664826112908,offset_pifa_h5p8_l8p6_sep10p0_feed7p80,P1A,15
300.0,210.0,550,-12.9612243852381,85.0,300.0,-14.817726890066595,-11.24008644616792,-2.1516097470061704,offset_pifa_h5p8_l8p6_sep10p0_feed7p80,P1A,15
305.0,215.0,550,-11.9958195276215,85.0,305.0,-14.817726890066595,-11.24008644616792,-2.4399132974024704,offset_pifa_h5p8_l8p6_sep10p0_feed7p80,P1A,15
310.0,220.0,550,-11.1807913193928,85.0,310.0,-14.817726890066595,-11.33192430951925,-2.7743574746068616,offset_pifa_h5p8_l8p6_sep10p0_feed7p80,P1A,15
315.0,225.0,550,-10.4170537467847,85.0,315.0,-14.817726890066595,-11.478985624178717,-3.2217742817133304,offset_pifa_h5p8_l8p6_sep10p0_feed7p80,P1A,15
320.0,230.0,550,-9.67774869263113,60.0,110.0,-14.817726890066595,-11.502658454755066,-3.4456479546619585,offset_pifa_h5p8_l8p6_sep10p0_feed7p80,P1A,15
325.0,235.0,550,-9.67774869263113,60.0,110.0,-15.346561183785942,-11.63431933446979,-3.82226215638439,offset_pifa_h5p8_l8p6_sep10p0_feed7p80,P1A,15
330.0,240.0,550,-9.67774869263113,60.0,110.0,-15.346561183785942,-11.68563897079592,-3.944185773184587,offset_pifa_h5p8_l8p6_sep10p0_feed7p80,P1A,15
335.0,245.0,550,-10.0246425637415,90.0,245.0,-15.346561183785942,-11.788445120194531,-4.117533626812367,offset_pifa_h5p8_l8p6_sep10p0_feed7p80,P1A,15
340.0,250.0,550,-12.1448507520827,90.0,250.0,-15.346561183785942,-11.788445120194531,-4.277789617768862,offset_pifa_h5p8_l8p6_sep10p0_feed7p80,P1A,15
345.0,255.0,550,-14.54273589494,90.0,255.0,-15.346561183785942,-11.788445120194531,-4.301590549627941,offset_pifa_h5p8_l8p6_sep10p0_feed7p80,P1A,15
350.0,260.0,550,-16.9689843498187,90.0,260.0,-15.346561183785942,-11.788445120194531,-4.301590549627941,offset_pifa_h5p8_l8p6_sep10p0_feed7p80,P1A,15
355.0,265.0,550,-18.6900511340964,90.0,265.0,-15.346561183785942,-11.788445120194531,-4.301590549627941,offset_pifa_h5p8_l8p6_sep10p0_feed7p80,P1A,15
0.0,270.0,550,-6.71048657005474,65.0,250.0,-28.29244316907493,-10.925539998411926,6.282340713343192,offset_pifa_h5p8_l8p6_sep10p0_feed7p80,P1B,15
5.0,275.0,550,-6.71048657005474,65.0,250.0,-28.29244316907493,-10.605649435036536,6.349998315740324,offset_pifa_h5p8_l8p6_sep10p0_feed7p80,P1B,15
10.0,280.0,550,-6.71048657005474,65.0,250.0,-28.29244316907493,-9.824296320111545,6.375438405235313,offset_pifa_h5p8_l8p6_sep10p0_feed7p80,P1B,15
15.0,285.0,550,-6.71048657005474,65.0,250.0,-28.29244316907493,-9.017039592705853,6.375438405235313,offset_pifa_h5p8_l8p6_sep10p0_feed7p80,P1B,15
20.0,290.0,550,-6.71048657005474,65.0,250.0,-28.29244316907493,-8.557874545673588,6.375438405235313,offset_pifa_h5p8_l8p6_sep10p0_feed7p80,P1B,15
25.0,295.0,550,-6.71048657005474,65.0,250.0,-28.29244316907493,-8.557874545673588,6.375438405235313,offset_pifa_h5p8_l8p6_sep10p0_feed7p80,P1B,15
30.0,300.0,550,-6.71048657005474,65.0,250.0,-28.29244316907493,-8.557874545673588,6.375438405235313,offset_pifa_h5p8_l8p6_sep10p0_feed7p80,P1B,15
35.0,305.0,550,-6.71048657005474,65.0,250.0,-28.29244316907493,-8.557874545673588,6.375438405235313,offset_pifa_h5p8_l8p6_sep10p0_feed7p80,P1B,15
40.0,310.0,550,-6.71048657005474,65.0,250.0,-28.29244316907493,-8.557874545673588,6.375438405235313,offset_pifa_h5p8_l8p6_sep10p0_feed7p80,P1B,15
45.0,315.0,550,-6.71048657005474,65.0,250.0,-28.29244316907493,-8.557874545673588,6.296488384104583,offset_pifa_h5p8_l8p6_sep10p0_feed7p80,P1B,15
50.0,320.0,550,-6.71048657005474,65.0,250.0,-28.29244316907493,-8.557874545673588,6.245348342115083,offset_pifa_h5p8_l8p6_sep10p0_feed7p80,P1B,15
55.0,325.0,550,-6.71048657005474,65.0,250.0,-28.29244316907493,-8.557874545673588,5.913400510229198,offset_pifa_h5p8_l8p6_sep10p0_feed7p80,P1B,15
60.0,330.0,550,-6.71048657005474,65.0,250.0,-28.29244316907493,-8.557874545673588,5.568953176861884,offset_pifa_h5p8_l8p6_sep10p0_feed7p80,P1B,15
65.0,335.0,550,-6.71048657005474,65.0,250.0,-28.29244316907493,-8.765927251422793,5.179894899662155,offset_pifa_h5p8_l8p6_sep10p0_feed7p80,P1B,15
70.0,340.0,550,-6.71048657005474,65.0,250.0,-28.29244316907493,-9.450923571137336,4.689712133608086,offset_pifa_h5p8_l8p6_sep10p0_feed7p80,P1B,15
75.0,345.0,550,-6.71048657005474,65.0,250.0,-28.29244316907493,-9.96608370064246,4.27482971291069,offset_pifa_h5p8_l8p6_sep10p0_feed7p80,P1B,15
80.0,350.0,550,-6.71048657005474,65.0,250.0,-28.29244316907493,-10.630028897061317,3.5842806630725144,offset_pifa_h5p8_l8p6_sep10p0_feed7p80,P1B,15
85.0,355.0,550,-6.71048657005474,65.0,250.0,-28.29244316907493,-10.920504943798692,2.9983402829628725,offset_pifa_h5p8_l8p6_sep10p0_feed7p80,P1B,15
90.0,0.0,550,-6.71048657005474,65.0,250.0,-28.29244316907493,-11.226651112224555,2.4920191960659257,offset_pifa_h5p8_l8p6_sep10p0_feed7p80,P1B,15
95.0,5.0,550,-6.71048657005474,65.0,250.0,-28.29244316907493,-12.191823130376648,1.993294331832215,offset_pifa_h5p8_l8p6_sep10p0_feed7p80,P1B,15
100.0,10.0,550,-6.71048657005474,65.0,250.0,-28.29244316907493,-12.729612672432946,1.5091859950588127,offset_pifa_h5p8_l8p6_sep10p0_feed7p80,P1B,15
105.0,15.0,550,-6.71048657005474,65.0,250.0,-28.29244316907493,-12.729612672432946,0.7899161532392823,offset_pifa_h5p8_l8p6_sep10p0_feed7p80,P1B,15
110.0,20.0,550,-6.71048657005474,65.0,250.0,-28.29244316907493,-12.729612672432946,0.4832642836600122,offset_pifa_h5p8_l8p6_sep10p0_feed7p80,P1B,15
115.0,25.0,550,-6.71048657005474,65.0,250.0,-28.29244316907493,-12.729612672432946,0.17516844550849706,offset_pifa_h5p8_l8p6_sep10p0_feed7p80,P1B,15
120.0,30.0,550,-6.71048657005474,65.0,250.0,-28.29244316907493,-12.729612672432946,-0.08575126931229737,offset_pifa_h5p8_l8p6_sep10p0_feed7p80,P1B,15
125.0,35.0,550,-6.71048657005474,65.0,250.0,-28.29244316907493,-12.729612672432946,-0.22344648339844606,offset_pifa_h5p8_l8p6_sep10p0_feed7p80,P1B,15
130.0,40.0,550,-6.71048657005474,65.0,250.0,-28.29244316907493,-12.729612672432946,-0.30697499297474806,offset_pifa_h5p8_l8p6_sep10p0_feed7p80,P1B,15
135.0,45.0,550,-6.71048657005474,65.0,250.0,-28.29244316907493,-12.729612672432946,-0.3596300218344075,offset_pifa_h5p8_l8p6_sep10p0_feed7p80,P1B,15
140.0,50.0,550,-6.71048657005474,65.0,250.0,-28.29244316907493,-12.729612672432946,-0.3596300218344075,offset_pifa_h5p8_l8p6_sep10p0_feed7p80,P1B,15
145.0,55.0,550,-6.71048657005474,65.0,250.0,-28.29244316907493,-12.729612672432946,-0.3596300218344075,offset_pifa_h5p8_l8p6_sep10p0_feed7p80,P1B,15
150.0,60.0,550,-6.71048657005474,65.0,250.0,-28.29244316907493,-12.729612672432946,-0.3596300218344075,offset_pifa_h5p8_l8p6_sep10p0_feed7p80,P1B,15
155.0,65.0,550,-6.71048657005474,65.0,250.0,-28.29244316907493,-12.729612672432946,-0.3596300218344075,offset_pifa_h5p8_l8p6_sep10p0_feed7p80,P1B,15
160.0,70.0,550,-6.71048657005474,65.0,250.0,-28.29244316907493,-12.729612672432946,-0.3596300218344075,offset_pifa_h5p8_l8p6_sep10p0_feed7p80,P1B,15
165.0,75.0,550,-6.71048657005474,65.0,250.0,-28.29244316907493,-12.729612672432946,-0.2786482150383701,offset_pifa_h5p8_l8p6_sep10p0_feed7p80,P1B,15
170.0,80.0,550,-6.71048657005474,65.0,250.0,-28.29244316907493,-12.729612672432946,-0.08537171190682578,offset_pifa_h5p8_l8p6_sep10p0_feed7p80,P1B,15
175.0,85.0,550,-6.71048657005474,65.0,250.0,-28.29244316907493,-12.729612672432946,0.3095269500433422,offset_pifa_h5p8_l8p6_sep10p0_feed7p80,P1B,15
180.0,90.0,550,-6.71048657005474,65.0,250.0,-28.29244316907493,-12.191823130376648,0.5069345543451396,offset_pifa_h5p8_l8p6_sep10p0_feed7p80,P1B,15
185.0,95.0,550,-6.71048657005474,65.0,250.0,-24.406860112222496,-11.226651112224555,1.197905183289579,offset_pifa_h5p8_l8p6_sep10p0_feed7p80,P1B,15
190.0,100.0,550,-6.71048657005474,65.0,250.0,-24.406860112222496,-10.704460157855966,1.6077706177848328,offset_pifa_h5p8_l8p6_sep10p0_feed7p80,P1B,15
195.0,105.0,550,-6.71048657005474,65.0,250.0,-24.406860112222496,-9.891020968028272,2.092764222059651,offset_pifa_h5p8_l8p6_sep10p0_feed7p80,P1B,15
200.0,110.0,550,-6.71048657005474,65.0,250.0,-24.406860112222496,-9.591699394457613,2.4920191960659257,offset_pifa_h5p8_l8p6_sep10p0_feed7p80,P1B,15
205.0,115.0,550,-6.71048657005474,65.0,250.0,-24.406860112222496,-9.591699394457613,2.864277185619679,offset_pifa_h5p8_l8p6_sep10p0_feed7p80,P1B,15
210.0,120.0,550,-6.71048657005474,65.0,250.0,-24.406860112222496,-9.591699394457613,3.402120151410306,offset_pifa_h5p8_l8p6_sep10p0_feed7p80,P1B,15
215.0,125.0,550,-6.71048657005474,65.0,250.0,-24.406860112222496,-9.591699394457613,3.951419181265795,offset_pifa_h5p8_l8p6_sep10p0_feed7p80,P1B,15
220.0,130.0,550,-6.71048657005474,65.0,250.0,-24.406860112222496,-9.591699394457613,3.951419181265795,offset_pifa_h5p8_l8p6_sep10p0_feed7p80,P1B,15
225.0,135.0,550,-6.71048657005474,65.0,250.0,-24.406860112222496,-9.591699394457613,3.951419181265795,offset_pifa_h5p8_l8p6_sep10p0_feed7p80,P1B,15
230.0,140.0,550,-6.71048657005474,65.0,250.0,-24.406860112222496,-9.591699394457613,3.951419181265795,offset_pifa_h5p8_l8p6_sep10p0_feed7p80,P1B,15
235.0,145.0,550,-6.71048657005474,65.0,250.0,-24.406860112222496,-9.591699394457613,3.951419181265795,offset_pifa_h5p8_l8p6_sep10p0_feed7p80,P1B,15
240.0,150.0,550,-6.71048657005474,65.0,250.0,-24.406860112222496,-9.591699394457613,3.923345105012375,offset_pifa_h5p8_l8p6_sep10p0_feed7p80,P1B,15
245.0,155.0,550,-6.71048657005474,65.0,250.0,-24.406860112222496,-9.591699394457613,3.7171432729473763,offset_pifa_h5p8_l8p6_sep10p0_feed7p80,P1B,15
250.0,160.0,550,-6.71048657005474,65.0,250.0,-24.406860112222496,-9.591699394457613,3.3914622065310533,offset_pifa_h5p8_l8p6_sep10p0_feed7p80,P1B,15
255.0,165.0,550,-6.61723226005195,65.0,255.0,-24.406860112222496,-9.591699394457613,2.9983402829628725,offset_pifa_h5p8_l8p6_sep10p0_feed7p80,P1B,15
260.0,170.0,550,-6.60017731990231,55.0,130.0,-24.406860112222496,-9.591699394457613,2.6194469091174657,offset_pifa_h5p8_l8p6_sep10p0_feed7p80,P1B,15
265.0,175.0,550,-6.60017731990231,55.0,130.0,-24.406860112222496,-9.891020968028272,2.412011857432851,offset_pifa_h5p8_l8p6_sep10p0_feed7p80,P1B,15
270.0,180.0,550,-6.60017731990231,55.0,130.0,-28.29244316907493,-10.704460157855966,1.965672294982261,offset_pifa_h5p8_l8p6_sep10p0_feed7p80,P1B,15
275.0,185.0,550,-6.60017731990231,55.0,130.0,-28.29244316907493,-11.385443233944006,1.6270847280708056,offset_pifa_h5p8_l8p6_sep10p0_feed7p80,P1B,15
280.0,190.0,550,-6.60017731990231,55.0,130.0,-28.29244316907493,-12.729612672432946,1.4902269813183118,offset_pifa_h5p8_l8p6_sep10p0_feed7p80,P1B,15
285.0,195.0,550,-6.60017731990231,55.0,130.0,-28.29244316907493,-12.729612672432946,1.197905183289579,offset_pifa_h5p8_l8p6_sep10p0_feed7p80,P1B,15
290.0,200.0,550,-6.60017731990231,55.0,130.0,-28.29244316907493,-12.729612672432946,1.0259938269080315,offset_pifa_h5p8_l8p6_sep10p0_feed7p80,P1B,15
295.0,205.0,550,-6.60017731990231,55.0,130.0,-28.29244316907493,-12.729612672432946,0.8743923507740857,offset_pifa_h5p8_l8p6_sep10p0_feed7p80,P1B,15
300.0,210.0,550,-6.60017731990231,55.0,130.0,-28.29244316907493,-12.729612672432946,1.3173393744194672,offset_pifa_h5p8_l8p6_sep10p0_feed7p80,P1B,15
305.0,215.0,550,-6.60017731990231,55.0,130.0,-28.29244316907493,-12.729612672432946,1.6489279331352213,offset_pifa_h5p8_l8p6_sep10p0_feed7p80,P1B,15
310.0,220.0,550,-6.60017731990231,55.0,130.0,-28.29244316907493,-12.729612672432946,2.1484403996737296,offset_pifa_h5p8_l8p6_sep10p0_feed7p80,P1B,15
315.0,225.0,550,-6.60017731990231,55.0,130.0,-28.29244316907493,-12.729612672432946,2.6121366150843492,offset_pifa_h5p8_l8p6_sep10p0_feed7p80,P1B,15
320.0,230.0,550,-6.60017731990231,55.0,130.0,-28.29244316907493,-12.729612672432946,3.3075129016526432,offset_pifa_h5p8_l8p6_sep10p0_feed7p80,P1B,15
325.0,235.0,550,-6.60017731990231,55.0,130.0,-28.29244316907493,-12.729612672432946,3.7400058949447477,offset_pifa_h5p8_l8p6_sep10p0_feed7p80,P1B,15
330.0,240.0,550,-6.60017731990231,55.0,130.0,-28.29244316907493,-12.729612672432946,4.398816037581082,offset_pifa_h5p8_l8p6_sep10p0_feed7p80,P1B,15
335.0,245.0,550,-6.60017731990231,55.0,130.0,-28.29244316907493,-12.729612672432946,4.8695787608892065,offset_pifa_h5p8_l8p6_sep10p0_feed7p80,P1B,15
340.0,250.0,550,-6.71048657005474,65.0,250.0,-28.29244316907493,-12.729612672432946,5.101151534912325,offset_pifa_h5p8_l8p6_sep10p0_feed7p80,P1B,15
345.0,255.0,550,-6.71048657005474,65.0,250.0,-28.29244316907493,-12.729612672432946,5.53608962619439,offset_pifa_h5p8_l8p6_sep10p0_feed7p80,P1B,15
350.0,260.0,550,-6.71048657005474,65.0,250.0,-28.29244316907493,-12.729612672432946,5.913400510229198,offset_pifa_h5p8_l8p6_sep10p0_feed7p80,P1B,15
355.0,265.0,550,-6.71048657005474,65.0,250.0,-28.29244316907493,-11.970580487090904,6.193181265381452,offset_pifa_h5p8_l8p6_sep10p0_feed7p80,P1B,15
0.0,270.0,550,-13.310374332494,90.0,270.0,-25.867214676320156,-17.82350039747029,-5.031940389079978,offset_pifa_h6p5_l8p4_sep10p0_feed7p90,P1A,16
5.0,275.0,550,-14.405514959763,90.0,275.0,-25.867214676320156,-17.82350039747029,-5.070518913900034,offset_pifa_h6p5_l8p4_sep10p0_feed7p90,P1A,16
10.0,280.0,550,-15.3351517167399,90.0,280.0,-25.867214676320156,-17.82350039747029,-5.082515882361096,offset_pifa_h6p5_l8p4_sep10p0_feed7p90,P1A,16
15.0,285.0,550,-15.9833501813246,90.0,285.0,-25.867214676320156,-17.82350039747029,-5.082515882361096,offset_pifa_h6p5_l8p4_sep10p0_feed7p90,P1A,16
20.0,290.0,550,-16.1962738398084,90.0,290.0,-25.867214676320156,-17.82350039747029,-5.082515882361096,offset_pifa_h6p5_l8p4_sep10p0_feed7p90,P1A,16
25.0,295.0,550,-16.1962738398084,90.0,290.0,-25.867214676320156,-17.82350039747029,-5.070518913900034,offset_pifa_h6p5_l8p4_sep10p0_feed7p90,P1A,16
30.0,300.0,550,-16.1962738398084,90.0,290.0,-25.867214676320156,-17.82350039747029,-5.02695039687488,offset_pifa_h6p5_l8p4_sep10p0_feed7p90,P1A,16
35.0,305.0,550,-16.1962738398084,90.0,290.0,-25.867214676320156,-17.82350039747029,-4.838951181649994,offset_pifa_h6p5_l8p4_sep10p0_feed7p90,P1A,16
40.0,310.0,550,-16.1962738398084,90.0,290.0,-25.867214676320156,-17.82350039747029,-4.5711418184552794,offset_pifa_h6p5_l8p4_sep10p0_feed7p90,P1A,16
45.0,315.0,550,-16.1962738398084,90.0,290.0,-25.867214676320156,-17.82350039747029,-4.384935545329754,offset_pifa_h6p5_l8p4_sep10p0_feed7p90,P1A,16
50.0,320.0,550,-16.1962738398084,90.0,290.0,-25.867214676320156,-17.772122446089124,-4.222785661620872,offset_pifa_h6p5_l8p4_sep10p0_feed7p90,P1A,16
55.0,325.0,550,-16.1962738398084,90.0,290.0,-25.867214676320156,-17.376489074433042,-3.9815759412068186,offset_pifa_h6p5_l8p4_sep10p0_feed7p90,P1A,16
60.0,330.0,550,-16.1962738398084,90.0,290.0,-25.867214676320156,-17.331588079545593,-3.790362142037684,offset_pifa_h6p5_l8p4_sep10p0_feed7p90,P1A,16
65.0,335.0,550,-16.1962738398084,90.0,290.0,-25.867214676320156,-17.055287731688757,-3.4933828200861523,offset_pifa_h6p5_l8p4_sep10p0_feed7p90,P1A,16
70.0,340.0,550,-16.1962738398084,90.0,290.0,-25.867214676320156,-17.050058967037767,-3.2277246486822477,offset_pifa_h6p5_l8p4_sep10p0_feed7p90,P1A,16
75.0,345.0,550,-16.1962738398084,90.0,290.0,-25.867214676320156,-16.975901970667973,-2.890259445125855,offset_pifa_h6p5_l8p4_sep10p0_feed7p90,P1A,16
80.0,350.0,550,-16.1962738398084,90.0,290.0,-25.867214676320156,-16.71432172150434,-2.5533973378040558,offset_pifa_h6p5_l8p4_sep10p0_feed7p90,P1A,16
85.0,355.0,550,-16.1962738398084,90.0,290.0,-25.867214676320156,-16.63308424538313,-2.331571027350822,offset_pifa_h6p5_l8p4_sep10p0_feed7p90,P1A,16
90.0,0.0,550,-16.1962738398084,90.0,290.0,-25.867214676320156,-16.521279486635116,-2.0871993859264357,offset_pifa_h6p5_l8p4_sep10p0_feed7p90,P1A,16
95.0,5.0,550,-16.1962738398084,90.0,290.0,-25.867214676320156,-16.363205882117047,-1.768357171582785,offset_pifa_h6p5_l8p4_sep10p0_feed7p90,P1A,16
100.0,10.0,550,-16.1962738398084,90.0,290.0,-25.867214676320156,-15.850814243279977,-1.358455412158297,offset_pifa_h6p5_l8p4_sep10p0_feed7p90,P1A,16
105.0,15.0,550,-16.1962738398084,90.0,290.0,-25.867214676320156,-14.71196517259581,-1.214922616331107,offset_pifa_h6p5_l8p4_sep10p0_feed7p90,P1A,16
110.0,20.0,550,-16.1962738398084,90.0,290.0,-25.867214676320156,-13.827436731065845,-1.0196510492676267,offset_pifa_h6p5_l8p4_sep10p0_feed7p90,P1A,16
115.0,25.0,550,-16.1962738398084,90.0,290.0,-25.867214676320156,-12.256219517025862,-0.9008855699411422,offset_pifa_h6p5_l8p4_sep10p0_feed7p90,P1A,16
120.0,30.0,550,-16.1962738398084,90.0,290.0,-16.71432172150434,-11.427943330844812,-0.7832459377666436,offset_pifa_h6p5_l8p4_sep10p0_feed7p90,P1A,16
125.0,35.0,550,-16.1962738398084,90.0,290.0,-15.08783399932566,-10.658847873386666,-0.6512990072906738,offset_pifa_h6p5_l8p4_sep10p0_feed7p90,P1A,16
130.0,40.0,550,-16.1962738398084,90.0,290.0,-15.452954822429906,-10.638767769318658,-0.5896883821119404,offset_pifa_h6p5_l8p4_sep10p0_feed7p90,P1A,16
135.0,45.0,550,-16.1962738398084,90.0,290.0,-18.626607321657616,-10.658847873386666,-0.4749292487807188,offset_pifa_h6p5_l8p4_sep10p0_feed7p90,P1A,16
140.0,50.0,550,-16.1962738398084,90.0,290.0,-21.405988732219434,-10.909348920677926,-0.3157015411850683,offset_pifa_h6p5_l8p4_sep10p0_feed7p90,P1A,16
145.0,55.0,550,-16.1962738398084,90.0,290.0,-21.78678016395789,-11.48175409813042,-0.2770100856253616,offset_pifa_h6p5_l8p4_sep10p0_feed7p90,P1A,16
150.0,60.0,550,-16.1962738398084,90.0,290.0,-21.78678016395789,-12.188106093389894,-0.27254032054458,offset_pifa_h6p5_l8p4_sep10p0_feed7p90,P1A,16
155.0,65.0,550,-16.1962738398084,90.0,290.0,-21.78678016395789,-12.469034408135368,-0.2677821561463408,offset_pifa_h6p5_l8p4_sep10p0_feed7p90,P1A,16
160.0,70.0,550,-16.1962738398084,90.0,290.0,-21.78678016395789,-13.494110860229881,-0.27254032054458,offset_pifa_h6p5_l8p4_sep10p0_feed7p90,P1A,16
165.0,75.0,550,-16.1962738398084,90.0,290.0,-21.78678016395789,-14.090601820505832,-0.39442481003103047,offset_pifa_h6p5_l8p4_sep10p0_feed7p90,P1A,16
170.0,80.0,550,-16.1962738398084,90.0,290.0,-21.78678016395789,-14.645423393405208,-0.6661393522265933,offset_pifa_h6p5_l8p4_sep10p0_feed7p90,P1A,16
175.0,85.0,550,-16.1962738398084,90.0,290.0,-21.78678016395789,-15.064774352931243,-0.9129570263340316,offset_pifa_h6p5_l8p4_sep10p0_feed7p90,P1A,16
180.0,90.0,550,-16.1962738398084,90.0,290.0,-21.78678016395789,-15.452954822429906,-1.2349799876597318,offset_pifa_h6p5_l8p4_sep10p0_feed7p90,P1A,16
185.0,95.0,550,-16.1962738398084,90.0,290.0,-21.78678016395789,-16.034188788524958,-1.6172721545200819,offset_pifa_h6p5_l8p4_sep10p0_feed7p90,P1A,16
190.0,100.0,550,-16.1962738398084,90.0,290.0,-21.78678016395789,-16.51392811531092,-2.0871993859264357,offset_pifa_h6p5_l8p4_sep10p0_feed7p90,P1A,16
195.0,105.0,550,-16.1962738398084,90.0,290.0,-21.78678016395789,-17.055287731688757,-2.429558616854361,offset_pifa_h6p5_l8p4_sep10p0_feed7p90,P1A,16
200.0,110.0,550,-16.1962738398084,90.0,290.0,-21.78678016395789,-17.338755769270144,-2.8572623061866294,offset_pifa_h6p5_l8p4_sep10p0_feed7p90,P1A,16
205.0,115.0,550,-16.1962738398084,90.0,290.0,-25.867214676320156,-17.82350039747029,-2.8572623061866294,offset_pifa_h6p5_l8p4_sep10p0_feed7p90,P1A,16
210.0,120.0,550,-16.1962738398084,90.0,290.0,-25.867214676320156,-17.82350039747029,-2.8572623061866294,offset_pifa_h6p5_l8p4_sep10p0_feed7p90,P1A,16
215.0,125.0,550,-16.1962738398084,90.0,290.0,-25.867214676320156,-17.82350039747029,-2.8572623061866294,offset_pifa_h6p5_l8p4_sep10p0_feed7p90,P1A,16
220.0,130.0,550,-16.1962738398084,90.0,290.0,-25.867214676320156,-17.82350039747029,-2.8572623061866294,offset_pifa_h6p5_l8p4_sep10p0_feed7p90,P1A,16
225.0,135.0,550,-16.1962738398084,90.0,290.0,-25.867214676320156,-17.82350039747029,-2.8643925372055303,offset_pifa_h6p5_l8p4_sep10p0_feed7p90,P1A,16
230.0,140.0,550,-16.1962738398084,90.0,290.0,-25.867214676320156,-17.82350039747029,-2.965557268903817,offset_pifa_h6p5_l8p4_sep10p0_feed7p90,P1A,16
235.0,145.0,550,-16.1962738398084,90.0,290.0,-25.867214676320156,-17.82350039747029,-2.965557268903817,offset_pifa_h6p5_l8p4_sep10p0_feed7p90,P1A,16
240.0,150.0,550,-16.1962738398084,90.0,290.0,-25.867214676320156,-17.82350039747029,-2.8924927028220853,offset_pifa_h6p5_l8p4_sep10p0_feed7p90,P1A,16
245.0,155.0,550,-16.1962738398084,90.0,290.0,-25.867214676320156,-17.82350039747029,-2.8643925372055303,offset_pifa_h6p5_l8p4_sep10p0_feed7p90,P1A,16
250.0,160.0,550,-16.1962738398084,90.0,290.0,-25.867214676320156,-17.82350039747029,-2.5727616998871774,offset_pifa_h6p5_l8p4_sep10p0_feed7p90,P1A,16
255.0,165.0,550,-16.1962738398084,90.0,290.0,-25.867214676320156,-17.82350039747029,-2.524559404298985,offset_pifa_h6p5_l8p4_sep10p0_feed7p90,P1A,16
260.0,170.0,550,-16.1962738398084,90.0,290.0,-25.867214676320156,-17.82350039747029,-2.419688018292506,offset_pifa_h6p5_l8p4_sep10p0_feed7p90,P1A,16
265.0,175.0,550,-16.1962738398084,90.0,290.0,-25.867214676320156,-17.82350039747029,-2.236577646053784,offset_pifa_h6p5_l8p4_sep10p0_feed7p90,P1A,16
270.0,180.0,550,-16.1962738398084,90.0,290.0,-25.867214676320156,-17.82350039747029,-2.1462951605758027,offset_pifa_h6p5_l8p4_sep10p0_feed7p90,P1A,16
275.0,185.0,550,-16.1962738398084,90.0,290.0,-25.867214676320156,-17.82350039747029,-1.9002145208772714,offset_pifa_h6p5_l8p4_sep10p0_feed7p90,P1A,16
280.0,190.0,550,-16.1962738398084,90.0,290.0,-25.867214676320156,-17.82350039747029,-1.8144447870017621,offset_pifa_h6p5_l8p4_sep10p0_feed7p90,P1A,16
285.0,195.0,550,-16.1962738398084,90.0,290.0,-25.867214676320156,-17.82350039747029,-1.768357171582785,offset_pifa_h6p5_l8p4_sep10p0_feed7p90,P1A,16
290.0,200.0,550,-16.1962738398084,90.0,290.0,-25.867214676320156,-17.82350039747029,-1.9247185012139951,offset_pifa_h6p5_l8p4_sep10p0_feed7p90,P1A,16
295.0,205.0,550,-15.8750281784952,90.0,295.0,-25.867214676320156,-17.82350039747029,-2.236577646053784,offset_pifa_h6p5_l8p4_sep10p0_feed7p90,P1A,16
300.0,210.0,550,-15.0855270162427,90.0,300.0,-25.867214676320156,-17.82350039747029,-2.524559404298985,offset_pifa_h6p5_l8p4_sep10p0_feed7p90,P1A,16
305.0,215.0,550,-14.0037309615236,90.0,305.0,-25.867214676320156,-17.82350039747029,-2.890259445125855,offset_pifa_h6p5_l8p4_sep10p0_feed7p90,P1A,16
310.0,220.0,550,-12.7503794640793,90.0,310.0,-25.867214676320156,-17.82350039747029,-3.2277246486822477,offset_pifa_h6p5_l8p4_sep10p0_feed7p90,P1A,16
315.0,225.0,550,-11.3180632311823,90.0,315.0,-25.867214676320156,-17.82350039747029,-3.4933828200861523,offset_pifa_h6p5_l8p4_sep10p0_feed7p90,P1A,16
320.0,230.0,550,-9.64390852372322,90.0,320.0,-25.867214676320156,-17.82350039747029,-3.763641828145307,offset_pifa_h6p5_l8p4_sep10p0_feed7p90,P1A,16
325.0,235.0,550,-8.61653379977434,50.0,110.0,-25.867214676320156,-17.82350039747029,-3.9258663005790657,offset_pifa_h6p5_l8p4_sep10p0_feed7p90,P1A,16
330.0,240.0,550,-8.61653379977434,50.0,110.0,-25.867214676320156,-17.82350039747029,-4.144422722590935,offset_pifa_h6p5_l8p4_sep10p0_feed7p90,P1A,16
335.0,245.0,550,-8.61653379977434,50.0,110.0,-25.867214676320156,-17.82350039747029,-4.307331385055614,offset_pifa_h6p5_l8p4_sep10p0_feed7p90,P1A,16
340.0,250.0,550,-8.61653379977434,50.0,110.0,-25.867214676320156,-17.82350039747029,-4.384935545329754,offset_pifa_h6p5_l8p4_sep10p0_feed7p90,P1A,16
345.0,255.0,550,-9.67559891594811,90.0,255.0,-25.867214676320156,-17.82350039747029,-4.5711418184552794,offset_pifa_h6p5_l8p4_sep10p0_feed7p90,P1A,16
350.0,260.0,550,-10.8950082823551,90.0,260.0,-25.867214676320156,-17.82350039747029,-4.735898827596424,offset_pifa_h6p5_l8p4_sep10p0_feed7p90,P1A,16
355.0,265.0,550,-12.1224699503174,90.0,265.0,-25.867214676320156,-17.82350039747029,-4.929244559212838,offset_pifa_h6p5_l8p4_sep10p0_feed7p90,P1A,16
0.0,270.0,550,-7.40260333870034,65.0,255.0,-30.396822134303708,-10.307696918166371,7.614919829125158,offset_pifa_h6p5_l8p4_sep10p0_feed7p90,P1B,16
5.0,275.0,550,-7.40260333870034,65.0,255.0,-30.396822134303708,-9.74289969228254,7.62105058470432,offset_pifa_h6p5_l8p4_sep10p0_feed7p90,P1B,16
10.0,280.0,550,-7.40260333870034,65.0,255.0,-30.396822134303708,-8.67429498964665,7.62105058470432,offset_pifa_h6p5_l8p4_sep10p0_feed7p90,P1B,16
15.0,285.0,550,-7.40260333870034,65.0,255.0,-30.396822134303708,-8.481344270586293,7.62105058470432,offset_pifa_h6p5_l8p4_sep10p0_feed7p90,P1B,16
20.0,290.0,550,-7.40260333870034,65.0,255.0,-30.396822134303708,-8.06794820961201,7.62105058470432,offset_pifa_h6p5_l8p4_sep10p0_feed7p90,P1B,16
25.0,295.0,550,-7.40260333870034,65.0,255.0,-30.396822134303708,-8.06794820961201,7.62105058470432,offset_pifa_h6p5_l8p4_sep10p0_feed7p90,P1B,16
30.0,300.0,550,-7.40260333870034,65.0,255.0,-30.396822134303708,-8.06794820961201,7.62105058470432,offset_pifa_h6p5_l8p4_sep10p0_feed7p90,P1B,16
35.0,305.0,550,-7.40260333870034,65.0,255.0,-30.396822134303708,-8.06794820961201,7.568389780146891,offset_pifa_h6p5_l8p4_sep10p0_feed7p90,P1B,16
40.0,310.0,550,-7.40260333870034,65.0,255.0,-30.396822134303708,-8.06794820961201,7.275964491887532,offset_pifa_h6p5_l8p4_sep10p0_feed7p90,P1B,16
45.0,315.0,550,-7.40260333870034,65.0,255.0,-30.396822134303708,-8.06794820961201,7.087011424813724,offset_pifa_h6p5_l8p4_sep10p0_feed7p90,P1B,16
50.0,320.0,550,-7.40260333870034,65.0,255.0,-30.396822134303708,-8.06794820961201,6.900261903553724,offset_pifa_h6p5_l8p4_sep10p0_feed7p90,P1B,16
55.0,325.0,550,-7.40260333870034,65.0,255.0,-30.396822134303708,-8.06794820961201,6.218281189691991,offset_pifa_h6p5_l8p4_sep10p0_feed7p90,P1B,16
60.0,330.0,550,-7.40260333870034,65.0,255.0,-30.396822134303708,-8.06794820961201,5.987732517464512,offset_pifa_h6p5_l8p4_sep10p0_feed7p90,P1B,16
65.0,335.0,550,-7.40260333870034,65.0,255.0,-30.396822134303708,-8.06794820961201,5.336446789400266,offset_pifa_h6p5_l8p4_sep10p0_feed7p90,P1B,16
70.0,340.0,550,-7.40260333870034,65.0,255.0,-30.396822134303708,-8.633761835050542,4.633090700698864,offset_pifa_h6p5_l8p4_sep10p0_feed7p90,P1B,16
75.0,345.0,550,-7.40260333870034,65.0,255.0,-30.396822134303708,-8.87940977349306,4.251786867563244,offset_pifa_h6p5_l8p4_sep10p0_feed7p90,P1B,16
80.0,350.0,550,-7.40260333870034,65.0,255.0,-30.396822134303708,-9.809165504297075,3.6172394154533576,offset_pifa_h6p5_l8p4_sep10p0_feed7p90,P1B,16
85.0,355.0,550,-7.40260333870034,65.0,255.0,-30.396822134303708,-10.334009329233272,2.848129563598243,offset_pifa_h6p5_l8p4_sep10p0_feed7p90,P1B,16
90.0,0.0,550,-7.40260333870034,65.0,255.0,-30.396822134303708,-11.300768226024552,2.3230459878009353,offset_pifa_h6p5_l8p4_sep10p0_feed7p90,P1B,16
95.0,5.0,550,-7.40260333870034,65.0,255.0,-30.396822134303708,-12.121479609811658,1.7842202014364341,offset_pifa_h6p5_l8p4_sep10p0_feed7p90,P1B,16
100.0,10.0,550,-7.40260333870034,65.0,255.0,-30.396822134303708,-12.16976975595445,1.24066412666659,offset_pifa_h6p5_l8p4_sep10p0_feed7p90,P1B,16
105.0,15.0,550,-7.40260333870034,65.0,255.0,-30.396822134303708,-12.16976975595445,0.9805537752271488,offset_pifa_h6p5_l8p4_sep10p0_feed7p90,P1B,16
110.0,20.0,550,-7.40260333870034,65.0,255.0,-30.396822134303708,-12.16976975595445,0.6788265433642684,offset_pifa_h6p5_l8p4_sep10p0_feed7p90,P1B,16
115.0,25.0,550,-7.40260333870034,65.0,255.0,-30.396822134303708,-12.16976975595445,0.5400359738797375,offset_pifa_h6p5_l8p4_sep10p0_feed7p90,P1B,16
120.0,30.0,550,-7.40260333870034,65.0,255.0,-30.396822134303708,-12.16976975595445,0.3198620945108497,offset_pifa_h6p5_l8p4_sep10p0_feed7p90,P1B,16
125.0,35.0,550,-7.40260333870034,65.0,255.0,-30.396822134303708,-12.16976975595445,0.3040319785603789,offset_pifa_h6p5_l8p4_sep10p0_feed7p90,P1B,16
130.0,40.0,550,-7.40260333870034,65.0,255.0,-30.396822134303708,-12.16976975595445,0.3040319785603789,offset_pifa_h6p5_l8p4_sep10p0_feed7p90,P1B,16
135.0,45.0,550,-7.40260333870034,65.0,255.0,-30.396822134303708,-12.16976975595445,0.3040319785603789,offset_pifa_h6p5_l8p4_sep10p0_feed7p90,P1B,16
140.0,50.0,550,-7.40260333870034,65.0,255.0,-30.396822134303708,-12.16976975595445,0.3040319785603789,offset_pifa_h6p5_l8p4_sep10p0_feed7p90,P1B,16
145.0,55.0,550,-7.40260333870034,65.0,255.0,-30.396822134303708,-12.16976975595445,0.3040319785603789,offset_pifa_h6p5_l8p4_sep10p0_feed7p90,P1B,16
150.0,60.0,550,-7.40260333870034,65.0,255.0,-30.396822134303708,-12.16976975595445,0.3040319785603789,offset_pifa_h6p5_l8p4_sep10p0_feed7p90,P1B,16
155.0,65.0,550,-7.40260333870034,65.0,255.0,-30.396822134303708,-12.16976975595445,0.3040319785603789,offset_pifa_h6p5_l8p4_sep10p0_feed7p90,P1B,16
160.0,70.0,550,-7.40260333870034,65.0,255.0,-30.396822134303708,-12.16976975595445,0.3040319785603789,offset_pifa_h6p5_l8p4_sep10p0_feed7p90,P1B,16
165.0,75.0,550,-7.40260333870034,65.0,255.0,-30.396822134303708,-12.16976975595445,0.3198620945108497,offset_pifa_h6p5_l8p4_sep10p0_feed7p90,P1B,16
170.0,80.0,550,-7.40260333870034,65.0,255.0,-30.396822134303708,-12.16976975595445,0.5602352711088223,offset_pifa_h6p5_l8p4_sep10p0_feed7p90,P1B,16
175.0,85.0,550,-7.40260333870034,65.0,255.0,-30.396822134303708,-12.16976975595445,0.9832273806825366,offset_pifa_h6p5_l8p4_sep10p0_feed7p90,P1B,16
180.0,90.0,550,-7.40260333870034,65.0,255.0,-30.396822134303708,-12.021106493429844,1.3461063805304367,offset_pifa_h6p5_l8p4_sep10p0_feed7p90,P1B,16
185.0,95.0,550,-7.40260333870034,65.0,255.0,-23.531963568489005,-10.442756282308416,1.827196820864858,offset_pifa_h6p5_l8p4_sep10p0_feed7p90,P1B,16
190.0,100.0,550,-7.40260333870034,65.0,255.0,-23.531963568489005,-9.976533440649867,2.3127902372357707,offset_pifa_h6p5_l8p4_sep10p0_feed7p90,P1B,16
195.0,105.0,550,-7.40260333870034,65.0,255.0,-23.531963568489005,-9.608184955079166,2.83269905067805,offset_pifa_h6p5_l8p4_sep10p0_feed7p90,P1B,16
200.0,110.0,550,-7.40260333870034,65.0,255.0,-23.531963568489005,-8.633761835050542,3.5638241248002585,offset_pifa_h6p5_l8p4_sep10p0_feed7p90,P1B,16
205.0,115.0,550,-7.40260333870034,65.0,255.0,-23.531963568489005,-8.633761835050542,3.9237104487339804,offset_pifa_h6p5_l8p4_sep10p0_feed7p90,P1B,16
210.0,120.0,550,-7.40260333870034,65.0,255.0,-23.531963568489005,-8.633761835050542,4.399804542179362,offset_pifa_h6p5_l8p4_sep10p0_feed7p90,P1B,16
215.0,125.0,550,-7.40260333870034,65.0,255.0,-23.531963568489005,-8.633761835050542,4.992710559166766,offset_pifa_h6p5_l8p4_sep10p0_feed7p90,P1B,16
220.0,130.0,550,-7.40260333870034,65.0,255.0,-23.531963568489005,-8.633761835050542,5.365199982680682,offset_pifa_h6p5_l8p4_sep10p0_feed7p90,P1B,16
225.0,135.0,550,-7.40260333870034,65.0,255.0,-23.531963568489005,-8.633761835050542,5.365199982680682,offset_pifa_h6p5_l8p4_sep10p0_feed7p90,P1B,16
230.0,140.0,550,-7.40260333870034,65.0,255.0,-23.531963568489005,-8.633761835050542,5.365199982680682,offset_pifa_h6p5_l8p4_sep10p0_feed7p90,P1B,16
235.0,145.0,550,-7.40260333870034,65.0,255.0,-23.531963568489005,-8.633761835050542,5.365199982680682,offset_pifa_h6p5_l8p4_sep10p0_feed7p90,P1B,16
240.0,150.0,550,-7.40260333870034,65.0,255.0,-23.531963568489005,-8.633761835050542,5.323409834129459,offset_pifa_h6p5_l8p4_sep10p0_feed7p90,P1B,16
245.0,155.0,550,-7.40260333870034,65.0,255.0,-23.531963568489005,-8.633761835050542,5.1002639182785305,offset_pifa_h6p5_l8p4_sep10p0_feed7p90,P1B,16
250.0,160.0,550,-7.40260333870034,65.0,255.0,-23.531963568489005,-8.633761835050542,4.860836708489397,offset_pifa_h6p5_l8p4_sep10p0_feed7p90,P1B,16
255.0,165.0,550,-7.40260333870034,65.0,255.0,-23.531963568489005,-8.633761835050542,4.4491161770134715,offset_pifa_h6p5_l8p4_sep10p0_feed7p90,P1B,16
260.0,170.0,550,-6.96292338903358,60.0,260.0,-23.531963568489005,-8.633761835050542,3.9910095717202907,offset_pifa_h6p5_l8p4_sep10p0_feed7p90,P1B,16
265.0,175.0,550,-6.19560329488384,60.0,265.0,-23.531963568489005,-9.574250985592814,3.826482598514585,offset_pifa_h6p5_l8p4_sep10p0_feed7p90,P1B,16
270.0,180.0,550,-6.01550386843205,75.0,120.0,-30.396822134303708,-10.330456277772003,3.471246407751022,offset_pifa_h6p5_l8p4_sep10p0_feed7p90,P1B,16
275.0,185.0,550,-6.01550386843205,75.0,120.0,-30.396822134303708,-11.300768226024552,3.2651452516866564,offset_pifa_h6p5_l8p4_sep10p0_feed7p90,P1B,16
280.0,190.0,550,-6.01550386843205,75.0,120.0,-30.396822134303708,-12.16976975595445,2.9632207265391495,offset_pifa_h6p5_l8p4_sep10p0_feed7p90,P1B,16
285.0,195.0,550,-6.01550386843205,75.0,120.0,-30.396822134303708,-12.16976975595445,2.83269905067805,offset_pifa_h6p5_l8p4_sep10p0_feed7p90,P1B,16
290.0,200.0,550,-6.01550386843205,75.0,120.0,-30.396822134303708,-12.16976975595445,2.5880884454599324,offset_pifa_h6p5_l8p4_sep10p0_feed7p90,P1B,16
295.0,205.0,550,-6.01550386843205,75.0,120.0,-30.396822134303708,-12.16976975595445,2.5584792970216483,offset_pifa_h6p5_l8p4_sep10p0_feed7p90,P1B,16
300.0,210.0,550,-6.01550386843205,75.0,120.0,-30.396822134303708,-12.16976975595445,2.5784560851486065,offset_pifa_h6p5_l8p4_sep10p0_feed7p90,P1B,16
305.0,215.0,550,-6.01550386843205,75.0,120.0,-30.396822134303708,-12.16976975595445,3.2651452516866564,offset_pifa_h6p5_l8p4_sep10p0_feed7p90,P1B,16
310.0,220.0,550,-6.01550386843205,75.0,120.0,-30.396822134303708,-12.16976975595445,3.826482598514585,offset_pifa_h6p5_l8p4_sep10p0_feed7p90,P1B,16
315.0,225.0,550,-6.01550386843205,75.0,120.0,-30.396822134303708,-12.16976975595445,4.340217399580139,offset_pifa_h6p5_l8p4_sep10p0_feed7p90,P1B,16
320.0,230.0,550,-6.01550386843205,75.0,120.0,-30.396822134303708,-12.16976975595445,4.992710559166766,offset_pifa_h6p5_l8p4_sep10p0_feed7p90,P1B,16
325.0,235.0,550,-6.01550386843205,75.0,120.0,-30.396822134303708,-12.16976975595445,5.572564327061419,offset_pifa_h6p5_l8p4_sep10p0_feed7p90,P1B,16
330.0,240.0,550,-6.01550386843205,75.0,120.0,-30.396822134303708,-12.16976975595445,6.0524824831628345,offset_pifa_h6p5_l8p4_sep10p0_feed7p90,P1B,16
335.0,245.0,550,-6.82878583320008,65.0,245.0,-30.396822134303708,-12.16976975595445,6.540328631186576,offset_pifa_h6p5_l8p4_sep10p0_feed7p90,P1B,16
340.0,250.0,550,-7.37943714994506,65.0,250.0,-30.396822134303708,-12.16976975595445,6.952221447112494,offset_pifa_h6p5_l8p4_sep10p0_feed7p90,P1B,16
345.0,255.0,550,-7.40260333870034,65.0,255.0,-30.396822134303708,-12.16976975595445,7.167491842958635,offset_pifa_h6p5_l8p4_sep10p0_feed7p90,P1B,16
350.0,260.0,550,-7.40260333870034,65.0,255.0,-30.396822134303708,-12.16976975595445,7.3949100362893265,offset_pifa_h6p5_l8p4_sep10p0_feed7p90,P1B,16
355.0,265.0,550,-7.40260333870034,65.0,255.0,-30.396822134303708,-11.673940529749524,7.568389780146891,offset_pifa_h6p5_l8p4_sep10p0_feed7p90,P1B,16
0.0,270.0,550,-11.6917794678301,90.0,270.0,-46.28060388544645,-19.478326085401832,-6.142355306318386,offset_pifa_h6p5_l8p4_sep12p0_feed7p90,P1A,17
5.0,275.0,550,-12.540432775527,90.0,275.0,-46.28060388544645,-19.478326085401832,-6.176539088269562,offset_pifa_h6p5_l8p4_sep12p0_feed7p90,P1A,17
10.0,280.0,550,-13.3039217389,90.0,280.0,-46.28060388544645,-19.478326085401832,-6.176539088269562,offset_pifa_h6p5_l8p4_sep12p0_feed7p90,P1A,17
15.0,285.0,550,-13.9722687222455,90.0,285.0,-46.28060388544645,-19.478326085401832,-6.142355306318386,offset_pifa_h6p5_l8p4_sep12p0_feed7p90,P1A,17
20.0,290.0,550,-14.5183973764065,90.0,290.0,-46.28060388544645,-19.478326085401832,-6.042330352370772,offset_pifa_h6p5_l8p4_sep12p0_feed7p90,P1A,17
25.0,295.0,550,-14.8788185438561,90.0,295.0,-46.28060388544645,-19.478326085401832,-5.921991988294131,offset_pifa_h6p5_l8p4_sep12p0_feed7p90,P1A,17
30.0,300.0,550,-14.938791825029,90.0,300.0,-46.28060388544645,-19.478326085401832,-5.816614436946434,offset_pifa_h6p5_l8p4_sep12p0_feed7p90,P1A,17
35.0,305.0,550,-14.938791825029,90.0,300.0,-46.28060388544645,-19.4412174894298,-5.676091327534877,offset_pifa_h6p5_l8p4_sep12p0_feed7p90,P1A,17
40.0,310.0,550,-14.938791825029,90.0,300.0,-46.28060388544645,-19.430861951717834,-5.4069313020378935,offset_pifa_h6p5_l8p4_sep12p0_feed7p90,P1A,17
45.0,315.0,550,-14.938791825029,90.0,300.0,-46.28060388544645,-19.320435724295784,-5.011376635327736,offset_pifa_h6p5_l8p4_sep12p0_feed7p90,P1A,17
50.0,320.0,550,-14.938791825029,90.0,300.0,-46.28060388544645,-18.21703121291205,-4.482361577464679,offset_pifa_h6p5_l8p4_sep12p0_feed7p90,P1A,17
55.0,325.0,550,-14.938791825029,90.0,300.0,-46.28060388544645,-17.873058231360243,-4.188583177175565,offset_pifa_h6p5_l8p4_sep12p0_feed7p90,P1A,17
60.0,330.0,550,-14.938791825029,90.0,300.0,-46.28060388544645,-17.639073684183323,-3.6865062235731743,offset_pifa_h6p5_l8p4_sep12p0_feed7p90,P1A,17
65.0,335.0,550,-14.938791825029,90.0,300.0,-46.28060388544645,-17.259591148316037,-3.2809639985526124,offset_pifa_h6p5_l8p4_sep12p0_feed7p90,P1A,17
70.0,340.0,550,-14.938791825029,90.0,300.0,-46.28060388544645,-16.890041849644263,-2.9675111891569967,offset_pifa_h6p5_l8p4_sep12p0_feed7p90,P1A,17
75.0,345.0,550,-14.938791825029,90.0,300.0,-46.28060388544645,-16.52304243305074,-2.659717374865771,offset_pifa_h6p5_l8p4_sep12p0_feed7p90,P1A,17
80.0,350.0,550,-14.938791825029,90.0,300.0,-28.9674630097169,-16.25234892787956,-2.2998476924609137,offset_pifa_h6p5_l8p4_sep12p0_feed7p90,P1A,17
85.0,355.0,550,-14.938791825029,90.0,300.0,-26.99131346906495,-15.34974668131349,-2.0503257176581267,offset_pifa_h6p5_l8p4_sep12p0_feed7p90,P1A,17
90.0,0.0,550,-14.938791825029,90.0,300.0,-26.99131346906495,-15.115384538496572,-1.6607264125487275,offset_pifa_h6p5_l8p4_sep12p0_feed7p90,P1A,17
95.0,5.0,550,-14.938791825029,90.0,300.0,-21.98969365779908,-14.312855166901201,-1.3629871071981015,offset_pifa_h6p5_l8p4_sep12p0_feed7p90,P1A,17
100.0,10.0,550,-14.938791825029,90.0,300.0,-19.615066077716484,-13.576221108222757,-1.2766804373213427,offset_pifa_h6p5_l8p4_sep12p0_feed7p90,P1A,17
105.0,15.0,550,-14.938791825029,90.0,300.0,-17.867370079675492,-12.359520632468197,-1.2017369008194583,offset_pifa_h6p5_l8p4_sep12p0_feed7p90,P1A,17
110.0,20.0,550,-14.938791825029,90.0,300.0,-17.439530976355677,-11.576168668299134,-1.1108071367179235,offset_pifa_h6p5_l8p4_sep12p0_feed7p90,P1A,17
115.0,25.0,550,-14.938791825029,90.0,300.0,-18.074441284786655,-11.430952750736367,-0.9070905830104288,offset_pifa_h6p5_l8p4_sep12p0_feed7p90,P1A,17
120.0,30.0,550,-14.938791825029,90.0,300.0,-23.98671392307842,-11.4260920027771,-0.8729588898353504,offset_pifa_h6p5_l8p4_sep12p0_feed7p90,P1A,17
125.0,35.0,550,-14.938791825029,90.0,300.0,-36.778188873116775,-11.430952750736367,-0.8376097723781,offset_pifa_h6p5_l8p4_sep12p0_feed7p90,P1A,17
130.0,40.0,550,-14.938791825029,90.0,300.0,-36.778188873116775,-11.576168668299134,-0.8376097723781,offset_pifa_h6p5_l8p4_sep12p0_feed7p90,P1A,17
135.0,45.0,550,-14.938791825029,90.0,300.0,-36.778188873116775,-12.305618414235028,-0.8376097723781,offset_pifa_h6p5_l8p4_sep12p0_feed7p90,P1A,17
140.0,50.0,550,-14.938791825029,90.0,300.0,-36.778188873116775,-13.992301847200448,-0.8376097723781,offset_pifa_h6p5_l8p4_sep12p0_feed7p90,P1A,17
145.0,55.0,550,-14.938791825029,90.0,300.0,-36.778188873116775,-16.930104640682092,-0.8376097723781,offset_pifa_h6p5_l8p4_sep12p0_feed7p90,P1A,17
150.0,60.0,550,-14.938791825029,90.0,300.0,-36.778188873116775,-17.355509362015983,-0.8376097723781,offset_pifa_h6p5_l8p4_sep12p0_feed7p90,P1A,17
155.0,65.0,550,-14.938791825029,90.0,300.0,-36.778188873116775,-17.657970553295076,-0.9942697621785536,offset_pifa_h6p5_l8p4_sep12p0_feed7p90,P1A,17
160.0,70.0,550,-14.938791825029,90.0,300.0,-36.778188873116775,-18.074441284786655,-1.1108071367179235,offset_pifa_h6p5_l8p4_sep12p0_feed7p90,P1A,17
165.0,75.0,550,-14.938791825029,90.0,300.0,-46.28060388544645,-18.44377213590242,-1.2401461150374828,offset_pifa_h6p5_l8p4_sep12p0_feed7p90,P1A,17
170.0,80.0,550,-14.938791825029,90.0,300.0,-46.28060388544645,-19.237817704491903,-1.4307715959803116,offset_pifa_h6p5_l8p4_sep12p0_feed7p90,P1A,17
175.0,85.0,550,-14.938791825029,90.0,300.0,-46.28060388544645,-19.360382580642096,-1.9301800426169784,offset_pifa_h6p5_l8p4_sep12p0_feed7p90,P1A,17
180.0,90.0,550,-14.938791825029,90.0,300.0,-46.28060388544645,-19.430861951717834,-2.2423704035311296,offset_pifa_h6p5_l8p4_sep12p0_feed7p90,P1A,17
185.0,95.0,550,-14.938791825029,90.0,300.0,-46.28060388544645,-19.4412174894298,-2.746591799981104,offset_pifa_h6p5_l8p4_sep12p0_feed7p90,P1A,17
190.0,100.0,550,-14.938791825029,90.0,300.0,-46.28060388544645,-19.478326085401832,-3.1297553973552454,offset_pifa_h6p5_l8p4_sep12p0_feed7p90,P1A,17
195.0,105.0,550,-14.938791825029,90.0,300.0,-46.28060388544645,-19.478326085401832,-3.6031698929754663,offset_pifa_h6p5_l8p4_sep12p0_feed7p90,P1A,17
200.0,110.0,550,-14.938791825029,90.0,300.0,-46.28060388544645,-19.478326085401832,-4.250930140393831,offset_pifa_h6p5_l8p4_sep12p0_feed7p90,P1A,17
205.0,115.0,550,-14.938791825029,90.0,300.0,-46.28060388544645,-19.478326085401832,-4.250930140393831,offset_pifa_h6p5_l8p4_sep12p0_feed7p90,P1A,17
210.0,120.0,550,-14.938791825029,90.0,300.0,-46.28060388544645,-19.478326085401832,-4.250930140393831,offset_pifa_h6p5_l8p4_sep12p0_feed7p90,P1A,17
215.0,125.0,550,-14.938791825029,90.0,300.0,-46.28060388544645,-19.478326085401832,-4.133964910115239,offset_pifa_h6p5_l8p4_sep12p0_feed7p90,P1A,17
220.0,130.0,550,-14.938791825029,90.0,300.0,-46.28060388544645,-19.478326085401832,-4.028934948492982,offset_pifa_h6p5_l8p4_sep12p0_feed7p90,P1A,17
225.0,135.0,550,-14.938791825029,90.0,300.0,-46.28060388544645,-19.478326085401832,-3.988210205313043,offset_pifa_h6p5_l8p4_sep12p0_feed7p90,P1A,17
230.0,140.0,550,-14.938791825029,90.0,300.0,-46.28060388544645,-19.478326085401832,-3.6865062235731743,offset_pifa_h6p5_l8p4_sep12p0_feed7p90,P1A,17
235.0,145.0,550,-14.938791825029,90.0,300.0,-46.28060388544645,-19.478326085401832,-3.6707813221077155,offset_pifa_h6p5_l8p4_sep12p0_feed7p90,P1A,17
240.0,150.0,550,-14.938791825029,90.0,300.0,-46.28060388544645,-19.478326085401832,-3.6609172118542723,offset_pifa_h6p5_l8p4_sep12p0_feed7p90,P1A,17
245.0,155.0,550,-14.938791825029,90.0,300.0,-46.28060388544645,-19.478326085401832,-3.6609172118542723,offset_pifa_h6p5_l8p4_sep12p0_feed7p90,P1A,17
250.0,160.0,550,-14.938791825029,90.0,300.0,-46.28060388544645,-19.478326085401832,-3.6031698929754663,offset_pifa_h6p5_l8p4_sep12p0_feed7p90,P1A,17
255.0,165.0,550,-14.938791825029,90.0,300.0,-46.28060388544645,-19.478326085401832,-3.558158382498553,offset_pifa_h6p5_l8p4_sep12p0_feed7p90,P1A,17
260.0,170.0,550,-14.938791825029,90.0,300.0,-46.28060388544645,-19.478326085401832,-3.4661500972516195,offset_pifa_h6p5_l8p4_sep12p0_feed7p90,P1A,17
265.0,175.0,550,-14.938791825029,90.0,300.0,-46.28060388544645,-19.478326085401832,-3.3485408692043106,offset_pifa_h6p5_l8p4_sep12p0_feed7p90,P1A,17
270.0,180.0,550,-14.938791825029,90.0,300.0,-46.28060388544645,-19.478326085401832,-3.2411600555654108,offset_pifa_h6p5_l8p4_sep12p0_feed7p90,P1A,17
275.0,185.0,550,-14.938791825029,90.0,300.0,-46.28060388544645,-19.478326085401832,-3.225177437263503,offset_pifa_h6p5_l8p4_sep12p0_feed7p90,P1A,17
280.0,190.0,550,-14.938791825029,90.0,300.0,-46.28060388544645,-19.478326085401832,-3.1257884693292732,offset_pifa_h6p5_l8p4_sep12p0_feed7p90,P1A,17
285.0,195.0,550,-14.938791825029,90.0,300.0,-46.28060388544645,-19.478326085401832,-3.2138104186474274,offset_pifa_h6p5_l8p4_sep12p0_feed7p90,P1A,17
290.0,200.0,550,-14.938791825029,90.0,300.0,-46.28060388544645,-19.478326085401832,-3.390202232717327,offset_pifa_h6p5_l8p4_sep12p0_feed7p90,P1A,17
295.0,205.0,550,-14.938791825029,90.0,300.0,-46.28060388544645,-19.478326085401832,-3.6963873611112437,offset_pifa_h6p5_l8p4_sep12p0_feed7p90,P1A,17
300.0,210.0,550,-14.938791825029,90.0,300.0,-46.28060388544645,-19.478326085401832,-4.188583177175565,offset_pifa_h6p5_l8p4_sep12p0_feed7p90,P1A,17
305.0,215.0,550,-14.5310402234394,90.0,305.0,-46.28060388544645,-19.478326085401832,-4.6735989657133,offset_pifa_h6p5_l8p4_sep12p0_feed7p90,P1A,17
310.0,220.0,550,-13.4889771450728,90.0,310.0,-46.28060388544645,-19.478326085401832,-5.0485080528793755,offset_pifa_h6p5_l8p4_sep12p0_feed7p90,P1A,17
315.0,225.0,550,-11.7904574489955,90.0,315.0,-46.28060388544645,-19.478326085401832,-5.3687968391747845,offset_pifa_h6p5_l8p4_sep12p0_feed7p90,P1A,17
320.0,230.0,550,-9.64228254057692,90.0,320.0,-46.28060388544645,-19.478326085401832,-5.485663261139443,offset_pifa_h6p5_l8p4_sep12p0_feed7p90,P1A,17
325.0,235.0,550,-8.01811525337546,90.0,195.0,-46.28060388544645,-19.478326085401832,-5.676091327534877,offset_pifa_h6p5_l8p4_sep12p0_feed7p90,P1A,17
330.0,240.0,550,-8.01811525337546,90.0,195.0,-46.28060388544645,-19.478326085401832,-5.73854209302951,offset_pifa_h6p5_l8p4_sep12p0_feed7p90,P1A,17
335.0,245.0,550,-8.01811525337546,90.0,195.0,-46.28060388544645,-19.478326085401832,-5.816614436946434,offset_pifa_h6p5_l8p4_sep12p0_feed7p90,P1A,17
340.0,250.0,550,-8.01811525337546,90.0,195.0,-46.28060388544645,-19.478326085401832,-5.833875358460448,offset_pifa_h6p5_l8p4_sep12p0_feed7p90,P1A,17
345.0,255.0,550,-8.80063802912094,90.0,255.0,-46.28060388544645,-19.478326085401832,-5.913513649980418,offset_pifa_h6p5_l8p4_sep12p0_feed7p90,P1A,17
350.0,260.0,550,-9.79353310625666,90.0,260.0,-46.28060388544645,-19.478326085401832,-6.016812331006777,offset_pifa_h6p5_l8p4_sep12p0_feed7p90,P1A,17
355.0,265.0,550,-10.7687794568248,90.0,265.0,-46.28060388544645,-19.478326085401832,-6.096399834343629,offset_pifa_h6p5_l8p4_sep12p0_feed7p90,P1A,17
0.0,270.0,550,-8.35517045917437,70.0,120.0,-30.73457515654061,-12.449662488713749,5.7768164208333665,offset_pifa_h6p5_l8p4_sep12p0_feed7p90,P1B,17
5.0,275.0,550,-8.35517045917437,70.0,120.0,-30.73457515654061,-10.751602148919519,5.796741473945541,offset_pifa_h6p5_l8p4_sep12p0_feed7p90,P1B,17
10.0,280.0,550,-8.35517045917437,70.0,120.0,-30.73457515654061,-10.219965322961059,5.830050795324845,offset_pifa_h6p5_l8p4_sep12p0_feed7p90,P1B,17
15.0,285.0,550,-8.35517045917437,70.0,120.0,-30.73457515654061,-9.664942586012447,5.830050795324845,offset_pifa_h6p5_l8p4_sep12p0_feed7p90,P1B,17
20.0,290.0,550,-8.35517045917437,70.0,120.0,-30.73457515654061,-9.55368781355179,5.830050795324845,offset_pifa_h6p5_l8p4_sep12p0_feed7p90,P1B,17
25.0,295.0,550,-8.35517045917437,70.0,120.0,-30.73457515654061,-9.55368781355179,5.830050795324845,offset_pifa_h6p5_l8p4_sep12p0_feed7p90,P1B,17
30.0,300.0,550,-8.35517045917437,70.0,120.0,-30.73457515654061,-9.55368781355179,5.830050795324845,offset_pifa_h6p5_l8p4_sep12p0_feed7p90,P1B,17
35.0,305.0,550,-8.35517045917437,70.0,120.0,-30.73457515654061,-9.55368781355179,5.749449933043174,offset_pifa_h6p5_l8p4_sep12p0_feed7p90,P1B,17
40.0,310.0,550,-8.35517045917437,70.0,120.0,-30.73457515654061,-9.55368781355179,5.667666528800613,offset_pifa_h6p5_l8p4_sep12p0_feed7p90,P1B,17
45.0,315.0,550,-8.35517045917437,70.0,120.0,-30.73457515654061,-9.55368781355179,5.568837822384275,offset_pifa_h6p5_l8p4_sep12p0_feed7p90,P1B,17
50.0,320.0,550,-8.35517045917437,70.0,120.0,-30.73457515654061,-9.55368781355179,5.168806132719671,offset_pifa_h6p5_l8p4_sep12p0_feed7p90,P1B,17
55.0,325.0,550,-8.35517045917437,70.0,120.0,-30.73457515654061,-9.55368781355179,4.901078043238398,offset_pifa_h6p5_l8p4_sep12p0_feed7p90,P1B,17
60.0,330.0,550,-8.35517045917437,70.0,120.0,-30.73457515654061,-9.55368781355179,4.380331120378174,offset_pifa_h6p5_l8p4_sep12p0_feed7p90,P1B,17
65.0,335.0,550,-8.35517045917437,70.0,120.0,-30.73457515654061,-9.63062730555015,3.8698392491889915,offset_pifa_h6p5_l8p4_sep12p0_feed7p90,P1B,17
70.0,340.0,550,-8.35517045917437,70.0,120.0,-30.73457515654061,-9.989028272987467,3.3619645434247083,offset_pifa_h6p5_l8p4_sep12p0_feed7p90,P1B,17
75.0,345.0,550,-8.35517045917437,70.0,120.0,-30.73457515654061,-10.47398111282779,2.7793123682716647,offset_pifa_h6p5_l8p4_sep12p0_feed7p90,P1B,17
80.0,350.0,550,-8.35517045917437,70.0,120.0,-30.73457515654061,-11.614548704729428,2.2041738111801727,offset_pifa_h6p5_l8p4_sep12p0_feed7p90,P1B,17
85.0,355.0,550,-8.35517045917437,70.0,120.0,-30.73457515654061,-12.052216350850678,1.6626193522686417,offset_pifa_h6p5_l8p4_sep12p0_feed7p90,P1B,17
90.0,0.0,550,-8.35517045917437,70.0,120.0,-30.73457515654061,-13.267336824900532,1.0525606417890006,offset_pifa_h6p5_l8p4_sep12p0_feed7p90,P1B,17
95.0,5.0,550,-8.35517045917437,70.0,120.0,-30.73457515654061,-13.718775815068492,0.44911735257000807,offset_pifa_h6p5_l8p4_sep12p0_feed7p90,P1B,17
100.0,10.0,550,-8.35517045917437,70.0,120.0,-30.73457515654061,-13.735402680996787,0.02215083946135439,offset_pifa_h6p5_l8p4_sep12p0_feed7p90,P1B,17
105.0,15.0,550,-8.35517045917437,70.0,120.0,-30.73457515654061,-13.735402680996787,-0.4569371825732485,offset_pifa_h6p5_l8p4_sep12p0_feed7p90,P1B,17
110.0,20.0,550,-8.35517045917437,70.0,120.0,-30.73457515654061,-13.735402680996787,-0.6563622410402913,offset_pifa_h6p5_l8p4_sep12p0_feed7p90,P1B,17
115.0,25.0,550,-8.35517045917437,70.0,120.0,-30.73457515654061,-13.735402680996787,-0.9083692199778397,offset_pifa_h6p5_l8p4_sep12p0_feed7p90,P1B,17
120.0,30.0,550,-8.35517045917437,70.0,120.0,-30.73457515654061,-13.735402680996787,-0.9803191022696099,offset_pifa_h6p5_l8p4_sep12p0_feed7p90,P1B,17
125.0,35.0,550,-8.23751462061314,65.0,125.0,-30.73457515654061,-13.735402680996787,-1.0193584698216491,offset_pifa_h6p5_l8p4_sep12p0_feed7p90,P1B,17
130.0,40.0,550,-7.957058209572,60.0,130.0,-30.73457515654061,-13.735402680996787,-1.0193584698216491,offset_pifa_h6p5_l8p4_sep12p0_feed7p90,P1B,17
135.0,45.0,550,-7.76437998714118,60.0,250.0,-30.73457515654061,-13.735402680996787,-1.0193584698216491,offset_pifa_h6p5_l8p4_sep12p0_feed7p90,P1B,17
140.0,50.0,550,-7.76437998714118,60.0,250.0,-30.73457515654061,-13.735402680996787,-1.0193584698216491,offset_pifa_h6p5_l8p4_sep12p0_feed7p90,P1B,17
145.0,55.0,550,-7.76437998714118,60.0,250.0,-30.73457515654061,-13.735402680996787,-1.0193584698216491,offset_pifa_h6p5_l8p4_sep12p0_feed7p90,P1B,17
150.0,60.0,550,-7.76437998714118,60.0,250.0,-30.73457515654061,-13.735402680996787,-1.0193584698216491,offset_pifa_h6p5_l8p4_sep12p0_feed7p90,P1B,17
155.0,65.0,550,-7.76437998714118,60.0,250.0,-30.73457515654061,-13.735402680996787,-1.0193584698216491,offset_pifa_h6p5_l8p4_sep12p0_feed7p90,P1B,17
160.0,70.0,550,-7.76437998714118,60.0,250.0,-30.73457515654061,-13.735402680996787,-1.0193584698216491,offset_pifa_h6p5_l8p4_sep12p0_feed7p90,P1B,17
165.0,75.0,550,-7.76437998714118,60.0,250.0,-30.73457515654061,-13.735402680996787,-1.0193584698216491,offset_pifa_h6p5_l8p4_sep12p0_feed7p90,P1B,17
170.0,80.0,550,-7.76437998714118,60.0,250.0,-30.73457515654061,-13.735402680996787,-0.9083692199778397,offset_pifa_h6p5_l8p4_sep12p0_feed7p90,P1B,17
175.0,85.0,550,-7.76437998714118,60.0,250.0,-30.73457515654061,-13.735402680996787,-0.4901947693404937,offset_pifa_h6p5_l8p4_sep12p0_feed7p90,P1B,17
180.0,90.0,550,-7.76437998714118,60.0,250.0,-30.73457515654061,-13.718775815068492,0.02215083946135439,offset_pifa_h6p5_l8p4_sep12p0_feed7p90,P1B,17
185.0,95.0,550,-7.76437998714118,60.0,250.0,-27.76143717035977,-12.402575690350234,0.44911735257000807,offset_pifa_h6p5_l8p4_sep12p0_feed7p90,P1B,17
190.0,100.0,550,-7.76437998714118,60.0,250.0,-27.76143717035977,-11.632129267640032,0.9293342195784704,offset_pifa_h6p5_l8p4_sep12p0_feed7p90,P1B,17
195.0,105.0,550,-7.76437998714118,60.0,250.0,-27.76143717035977,-10.751602148919519,1.3888436072079275,offset_pifa_h6p5_l8p4_sep12p0_feed7p90,P1B,17
200.0,110.0,550,-7.76437998714118,60.0,250.0,-27.76143717035977,-10.245503561690409,1.89342926117555,offset_pifa_h6p5_l8p4_sep12p0_feed7p90,P1B,17
205.0,115.0,550,-8.1573037333428,70.0,115.0,-27.76143717035977,-10.219965322961059,2.48463585380163,offset_pifa_h6p5_l8p4_sep12p0_feed7p90,P1B,17
210.0,120.0,550,-8.35517045917437,70.0,120.0,-27.76143717035977,-10.219965322961059,2.809892431981073,offset_pifa_h6p5_l8p4_sep12p0_feed7p90,P1B,17
215.0,125.0,550,-8.35517045917437,70.0,120.0,-27.76143717035977,-10.219965322961059,3.3179631770515705,offset_pifa_h6p5_l8p4_sep12p0_feed7p90,P1B,17
220.0,130.0,550,-8.35517045917437,70.0,120.0,-27.76143717035977,-10.219965322961059,3.5642786962323374,offset_pifa_h6p5_l8p4_sep12p0_feed7p90,P1B,17
225.0,135.0,550,-8.35517045917437,70.0,120.0,-27.76143717035977,-10.219965322961059,3.7635721454671964,offset_pifa_h6p5_l8p4_sep12p0_feed7p90,P1B,17
230.0,140.0,550,-8.35517045917437,70.0,120.0,-27.76143717035977,-10.219965322961059,3.7635721454671964,offset_pifa_h6p5_l8p4_sep12p0_feed7p90,P1B,17
235.0,145.0,550,-8.35517045917437,70.0,120.0,-27.76143717035977,-10.219965322961059,3.7635721454671964,offset_pifa_h6p5_l8p4_sep12p0_feed7p90,P1B,17
240.0,150.0,550,-8.35517045917437,70.0,120.0,-27.76143717035977,-10.219965322961059,3.7635721454671964,offset_pifa_h6p5_l8p4_sep12p0_feed7p90,P1B,17
245.0,155.0,550,-8.35517045917437,70.0,120.0,-27.76143717035977,-10.219965322961059,3.5642786962323374,offset_pifa_h6p5_l8p4_sep12p0_feed7p90,P1B,17
250.0,160.0,550,-8.35517045917437,70.0,120.0,-27.76143717035977,-10.219965322961059,3.4492221336195223,offset_pifa_h6p5_l8p4_sep12p0_feed7p90,P1B,17
255.0,165.0,550,-8.35517045917437,70.0,120.0,-27.76143717035977,-10.219965322961059,3.274660157631748,offset_pifa_h6p5_l8p4_sep12p0_feed7p90,P1B,17
260.0,170.0,550,-8.35517045917437,70.0,120.0,-27.76143717035977,-10.219965322961059,2.7696173044860037,offset_pifa_h6p5_l8p4_sep12p0_feed7p90,P1B,17
265.0,175.0,550,-8.35517045917437,70.0,120.0,-27.76143717035977,-10.47398111282779,2.4985377588184616,offset_pifa_h6p5_l8p4_sep12p0_feed7p90,P1B,17
270.0,180.0,550,-8.35517045917437,70.0,120.0,-30.73457515654061,-11.425104848672653,2.4389139474425092,offset_pifa_h6p5_l8p4_sep12p0_feed7p90,P1B,17
275.0,185.0,550,-8.35517045917437,70.0,120.0,-30.73457515654061,-12.052216350850678,2.032761319566162,offset_pifa_h6p5_l8p4_sep12p0_feed7p90,P1B,17
280.0,190.0,550,-8.35517045917437,70.0,120.0,-30.73457515654061,-13.302482291662532,1.9310251361614088,offset_pifa_h6p5_l8p4_sep12p0_feed7p90,P1B,17
285.0,195.0,550,-8.35517045917437,70.0,120.0,-30.73457515654061,-13.735402680996787,1.7740967108515902,offset_pifa_h6p5_l8p4_sep12p0_feed7p90,P1B,17
290.0,200.0,550,-8.35517045917437,70.0,120.0,-30.73457515654061,-13.735402680996787,1.7237555990842977,offset_pifa_h6p5_l8p4_sep12p0_feed7p90,P1B,17
295.0,205.0,550,-8.35517045917437,70.0,120.0,-30.73457515654061,-13.735402680996787,1.7059707109401476,offset_pifa_h6p5_l8p4_sep12p0_feed7p90,P1B,17
300.0,210.0,550,-8.35517045917437,70.0,120.0,-30.73457515654061,-13.735402680996787,1.7374914179131546,offset_pifa_h6p5_l8p4_sep12p0_feed7p90,P1B,17
305.0,215.0,550,-8.35517045917437,70.0,120.0,-30.73457515654061,-13.735402680996787,2.022980144646339,offset_pifa_h6p5_l8p4_sep12p0_feed7p90,P1B,17
310.0,220.0,550,-8.35517045917437,70.0,120.0,-30.73457515654061,-13.735402680996787,2.6211181870270823,offset_pifa_h6p5_l8p4_sep12p0_feed7p90,P1B,17
315.0,225.0,550,-8.35517045917437,70.0,120.0,-30.73457515654061,-13.735402680996787,3.2651412873123475,offset_pifa_h6p5_l8p4_sep12p0_feed7p90,P1B,17
320.0,230.0,550,-8.35517045917437,70.0,120.0,-30.73457515654061,-13.735402680996787,3.699100514978273,offset_pifa_h6p5_l8p4_sep12p0_feed7p90,P1B,17
325.0,235.0,550,-8.35517045917437,70.0,120.0,-30.73457515654061,-13.735402680996787,4.270025511961465,offset_pifa_h6p5_l8p4_sep12p0_feed7p90,P1B,17
330.0,240.0,550,-8.35517045917437,70.0,120.0,-30.73457515654061,-13.735402680996787,4.752094870992188,offset_pifa_h6p5_l8p4_sep12p0_feed7p90,P1B,17
335.0,245.0,550,-8.35517045917437,70.0,120.0,-30.73457515654061,-13.735402680996787,5.032288375025026,offset_pifa_h6p5_l8p4_sep12p0_feed7p90,P1B,17
340.0,250.0,550,-8.35517045917437,70.0,120.0,-30.73457515654061,-13.735402680996787,5.219066287826308,offset_pifa_h6p5_l8p4_sep12p0_feed7p90,P1B,17
345.0,255.0,550,-8.35517045917437,70.0,120.0,-30.73457515654061,-13.735402680996787,5.638865345540759,offset_pifa_h6p5_l8p4_sep12p0_feed7p90,P1B,17
350.0,260.0,550,-8.35517045917437,70.0,120.0,-30.73457515654061,-13.735402680996787,5.691763990263877,offset_pifa_h6p5_l8p4_sep12p0_feed7p90,P1B,17
355.0,265.0,550,-8.35517045917437,70.0,120.0,-30.73457515654061,-13.313455583520605,5.749449933043174,offset_pifa_h6p5_l8p4_sep12p0_feed7p90,P1B,17
0.0,270.0,550,-7.48881209116838,70.0,100.0,-32.99986765655444,-17.935820458837462,-5.031774709493696,mirror_pifa_h3p5_l8p8_sep17p0_feed8p40,P1A,18
5.0,275.0,550,-7.48881209116838,70.0,100.0,-32.99986765655444,-17.935820458837462,-5.404742154540964,mirror_pifa_h3p5_l8p8_sep17p0_feed8p40,P1A,18
10.0,280.0,550,-7.48881209116838,70.0,100.0,-32.99986765655444,-17.935820458837462,-5.66920983578468,mirror_pifa_h3p5_l8p8_sep17p0_feed8p40,P1A,18
15.0,285.0,550,-7.48881209116838,70.0,100.0,-32.99986765655444,-17.935820458837462,-6.226095182063657,mirror_pifa_h3p5_l8p8_sep17p0_feed8p40,P1A,18
20.0,290.0,550,-7.48881209116838,70.0,100.0,-32.99986765655444,-17.935820458837462,-6.564089024475166,mirror_pifa_h3p5_l8p8_sep17p0_feed8p40,P1A,18
25.0,295.0,550,-7.48881209116838,70.0,100.0,-32.99986765655444,-17.935820458837462,-6.884243032157951,mirror_pifa_h3p5_l8p8_sep17p0_feed8p40,P1A,18
30.0,300.0,550,-7.48881209116838,70.0,100.0,-32.99986765655444,-17.935820458837462,-7.4477292280713945,mirror_pifa_h3p5_l8p8_sep17p0_feed8p40,P1A,18
35.0,305.0,550,-7.48881209116838,70.0,100.0,-32.99986765655444,-17.935820458837462,-7.813811603668429,mirror_pifa_h3p5_l8p8_sep17p0_feed8p40,P1A,18
40.0,310.0,550,-7.48881209116838,70.0,100.0,-32.99986765655444,-17.935820458837462,-8.223452794637769,mirror_pifa_h3p5_l8p8_sep17p0_feed8p40,P1A,18
45.0,315.0,550,-7.48881209116838,70.0,100.0,-32.99986765655444,-17.935820458837462,-8.559264984802718,mirror_pifa_h3p5_l8p8_sep17p0_feed8p40,P1A,18
50.0,320.0,550,-7.48881209116838,70.0,100.0,-32.99986765655444,-17.935820458837462,-8.632721315943549,mirror_pifa_h3p5_l8p8_sep17p0_feed8p40,P1A,18
55.0,325.0,550,-7.48881209116838,70.0,100.0,-32.99986765655444,-17.935820458837462,-8.79575342914326,mirror_pifa_h3p5_l8p8_sep17p0_feed8p40,P1A,18
60.0,330.0,550,-7.48881209116838,70.0,100.0,-32.99986765655444,-17.935820458837462,-8.829854986526263,mirror_pifa_h3p5_l8p8_sep17p0_feed8p40,P1A,18
65.0,335.0,550,-7.48881209116838,70.0,100.0,-32.99986765655444,-17.935820458837462,-8.79575342914326,mirror_pifa_h3p5_l8p8_sep17p0_feed8p40,P1A,18
70.0,340.0,550,-7.48881209116838,70.0,100.0,-32.99986765655444,-17.935820458837462,-8.598235331982938,mirror_pifa_h3p5_l8p8_sep17p0_feed8p40,P1A,18
75.0,345.0,550,-7.48881209116838,70.0,100.0,-32.99986765655444,-17.935820458837462,-8.449833475318908,mirror_pifa_h3p5_l8p8_sep17p0_feed8p40,P1A,18
80.0,350.0,550,-7.48881209116838,70.0,100.0,-32.99986765655444,-17.935820458837462,-8.198934925832067,mirror_pifa_h3p5_l8p8_sep17p0_feed8p40,P1A,18
85.0,355.0,550,-7.48881209116838,70.0,100.0,-32.99986765655444,-17.935820458837462,-7.813811603668429,mirror_pifa_h3p5_l8p8_sep17p0_feed8p40,P1A,18
90.0,0.0,550,-7.48881209116838,70.0,100.0,-32.99986765655444,-17.935820458837462,-7.498559440650407,mirror_pifa_h3p5_l8p8_sep17p0_feed8p40,P1A,18
95.0,5.0,550,-7.48881209116838,70.0,100.0,-32.99986765655444,-17.935820458837462,-6.915454051974589,mirror_pifa_h3p5_l8p8_sep17p0_feed8p40,P1A,18
100.0,10.0,550,-7.48881209116838,70.0,100.0,-32.99986765655444,-17.813755596188766,-6.621036593576923,mirror_pifa_h3p5_l8p8_sep17p0_feed8p40,P1A,18
105.0,15.0,550,-7.46308535910511,70.0,105.0,-32.99986765655444,-17.621242594625436,-6.274218108009347,mirror_pifa_h3p5_l8p8_sep17p0_feed8p40,P1A,18
110.0,20.0,550,-7.16051726641953,75.0,110.0,-32.99986765655444,-17.571237961956474,-5.66920983578468,mirror_pifa_h3p5_l8p8_sep17p0_feed8p40,P1A,18
115.0,25.0,550,-6.76324349721868,85.0,115.0,-32.99986765655444,-17.390309861098043,-5.352756016347647,mirror_pifa_h3p5_l8p8_sep17p0_feed8p40,P1A,18
120.0,30.0,550,-6.52198068509884,90.0,250.0,-32.99986765655444,-17.20770427977221,-4.930845966292981,mirror_pifa_h3p5_l8p8_sep17p0_feed8p40,P1A,18
125.0,35.0,550,-6.52198068509884,90.0,250.0,-32.99986765655444,-16.959049185397205,-4.560407804380314,mirror_pifa_h3p5_l8p8_sep17p0_feed8p40,P1A,18
130.0,40.0,550,-6.52198068509884,90.0,250.0,-20.42604557394911,-16.857979856365603,-4.073192500125539,mirror_pifa_h3p5_l8p8_sep17p0_feed8p40,P1A,18
135.0,45.0,550,-6.52198068509884,90.0,250.0,-19.198382094240195,-16.833433063873255,-3.7695574205071356,mirror_pifa_h3p5_l8p8_sep17p0_feed8p40,P1A,18
140.0,50.0,550,-6.52198068509884,90.0,250.0,-19.198382094240195,-16.833433063873255,-3.527682793812397,mirror_pifa_h3p5_l8p8_sep17p0_feed8p40,P1A,18
145.0,55.0,550,-6.52198068509884,90.0,250.0,-19.198382094240195,-16.833433063873255,-3.5797548457156596,mirror_pifa_h3p5_l8p8_sep17p0_feed8p40,P1A,18
150.0,60.0,550,-6.52198068509884,90.0,250.0,-19.198382094240195,-16.833433063873255,-3.7695574205071356,mirror_pifa_h3p5_l8p8_sep17p0_feed8p40,P1A,18
155.0,65.0,550,-6.52198068509884,90.0,250.0,-19.198382094240195,-16.833433063873255,-4.188809534401848,mirror_pifa_h3p5_l8p8_sep17p0_feed8p40,P1A,18
160.0,70.0,550,-6.52198068509884,90.0,250.0,-19.198382094240195,-16.833433063873255,-4.734014745686034,mirror_pifa_h3p5_l8p8_sep17p0_feed8p40,P1A,18
165.0,75.0,550,-6.52198068509884,90.0,250.0,-19.198382094240195,-16.833433063873255,-5.052490634465224,mirror_pifa_h3p5_l8p8_sep17p0_feed8p40,P1A,18
170.0,80.0,550,-6.52198068509884,90.0,250.0,-19.198382094240195,-16.833433063873255,-5.425469683092709,mirror_pifa_h3p5_l8p8_sep17p0_feed8p40,P1A,18
175.0,85.0,550,-6.52198068509884,90.0,250.0,-19.198382094240195,-16.833433063873255,-5.89643111099306,mirror_pifa_h3p5_l8p8_sep17p0_feed8p40,P1A,18
180.0,90.0,550,-6.69493366001965,65.0,90.0,-19.198382094240195,-16.861493382772352,-6.338794189060445,mirror_pifa_h3p5_l8p8_sep17p0_feed8p40,P1A,18
185.0,95.0,550,-7.21702934537718,65.0,95.0,-22.304531723645002,-17.08638395444629,-6.68160365762294,mirror_pifa_h3p5_l8p8_sep17p0_feed8p40,P1A,18
190.0,100.0,550,-7.48881209116838,70.0,100.0,-27.660524577573725,-17.20770427977221,-7.241292461264037,mirror_pifa_h3p5_l8p8_sep17p0_feed8p40,P1A,18
195.0,105.0,550,-7.48881209116838,70.0,100.0,-29.584566045786175,-17.310724063097645,-7.53698590451922,mirror_pifa_h3p5_l8p8_sep17p0_feed8p40,P1A,18
200.0,110.0,550,-7.48881209116838,70.0,100.0,-29.584566045786175,-17.418390446192106,-7.898042333283563,mirror_pifa_h3p5_l8p8_sep17p0_feed8p40,P1A,18
205.0,115.0,550,-7.48881209116838,70.0,100.0,-29.584566045786175,-17.57294073950593,-8.178085074343606,mirror_pifa_h3p5_l8p8_sep17p0_feed8p40,P1A,18
210.0,120.0,550,-7.48881209116838,70.0,100.0,-29.584566045786175,-17.813755596188766,-8.307273938290093,mirror_pifa_h3p5_l8p8_sep17p0_feed8p40,P1A,18
215.0,125.0,550,-7.48881209116838,70.0,100.0,-32.99986765655444,-17.890979202024457,-8.460625575212772,mirror_pifa_h3p5_l8p8_sep17p0_feed8p40,P1A,18
220.0,130.0,550,-7.48881209116838,70.0,100.0,-32.99986765655444,-17.935820458837462,-8.559264984802718,mirror_pifa_h3p5_l8p8_sep17p0_feed8p40,P1A,18
225.0,135.0,550,-7.48881209116838,70.0,100.0,-32.99986765655444,-17.935820458837462,-8.559264984802718,mirror_pifa_h3p5_l8p8_sep17p0_feed8p40,P1A,18
230.0,140.0,550,-7.48881209116838,70.0,100.0,-32.99986765655444,-17.935820458837462,-8.366771078922321,mirror_pifa_h3p5_l8p8_sep17p0_feed8p40,P1A,18
235.0,145.0,550,-7.48881209116838,70.0,100.0,-32.99986765655444,-17.935820458837462,-8.168989744273667,mirror_pifa_h3p5_l8p8_sep17p0_feed8p40,P1A,18
240.0,150.0,550,-7.48881209116838,70.0,100.0,-32.99986765655444,-17.935820458837462,-7.715876483076713,mirror_pifa_h3p5_l8p8_sep17p0_feed8p40,P1A,18
245.0,155.0,550,-7.48881209116838,70.0,100.0,-32.99986765655444,-17.935820458837462,-7.2560749805964395,mirror_pifa_h3p5_l8p8_sep17p0_feed8p40,P1A,18
250.0,160.0,550,-7.48881209116838,70.0,100.0,-32.99986765655444,-17.890979202024457,-6.68160365762294,mirror_pifa_h3p5_l8p8_sep17p0_feed8p40,P1A,18
255.0,165.0,550,-7.48881209116838,70.0,100.0,-32.99986765655444,-17.813755596188766,-6.382685190548985,mirror_pifa_h3p5_l8p8_sep17p0_feed8p40,P1A,18
260.0,170.0,550,-7.48881209116838,70.0,100.0,-32.99986765655444,-17.571237961956474,-5.841103889919848,mirror_pifa_h3p5_l8p8_sep17p0_feed8p40,P1A,18
265.0,175.0,550,-7.48881209116838,70.0,100.0,-32.99986765655444,-17.322992401657203,-5.49518468724682,mirror_pifa_h3p5_l8p8_sep17p0_feed8p40,P1A,18
270.0,180.0,550,-7.48881209116838,70.0,100.0,-32.99986765655444,-17.04330954389315,-5.0488104208828055,mirror_pifa_h3p5_l8p8_sep17p0_feed8p40,P1A,18
275.0,185.0,550,-7.48881209116838,70.0,100.0,-32.99986765655444,-16.674913500775673,-4.816536506721839,mirror_pifa_h3p5_l8p8_sep17p0_feed8p40,P1A,18
280.0,190.0,550,-7.48881209116838,70.0,100.0,-32.99986765655444,-16.265013197359817,-4.3760691597461365,mirror_pifa_h3p5_l8p8_sep17p0_feed8p40,P1A,18
285.0,195.0,550,-7.48881209116838,70.0,100.0,-32.99986765655444,-15.921253542199354,-3.9674011640287903,mirror_pifa_h3p5_l8p8_sep17p0_feed8p40,P1A,18
290.0,200.0,550,-7.48881209116838,70.0,100.0,-32.99986765655444,-15.516108188200366,-3.7695574205071356,mirror_pifa_h3p5_l8p8_sep17p0_feed8p40,P1A,18
295.0,205.0,550,-7.48881209116838,70.0,100.0,-32.99986765655444,-15.516108188200366,-3.5797548457156596,mirror_pifa_h3p5_l8p8_sep17p0_feed8p40,P1A,18
300.0,210.0,550,-7.48881209116838,70.0,100.0,-32.99986765655444,-15.516108188200366,-3.4366388811581015,mirror_pifa_h3p5_l8p8_sep17p0_feed8p40,P1A,18
305.0,215.0,550,-7.48881209116838,70.0,100.0,-32.99986765655444,-15.516108188200366,-3.3981875606682865,mirror_pifa_h3p5_l8p8_sep17p0_feed8p40,P1A,18
310.0,220.0,550,-7.48881209116838,70.0,100.0,-32.99986765655444,-15.516108188200366,-3.3981875606682865,mirror_pifa_h3p5_l8p8_sep17p0_feed8p40,P1A,18
315.0,225.0,550,-7.48881209116838,70.0,100.0,-32.99986765655444,-15.516108188200366,-3.3981875606682865,mirror_pifa_h3p5_l8p8_sep17p0_feed8p40,P1A,18
320.0,230.0,550,-7.48881209116838,70.0,100.0,-32.99986765655444,-15.516108188200366,-3.3981875606682865,mirror_pifa_h3p5_l8p8_sep17p0_feed8p40,P1A,18
325.0,235.0,550,-7.48881209116838,70.0,100.0,-32.99986765655444,-15.956715138460227,-3.3981875606682865,mirror_pifa_h3p5_l8p8_sep17p0_feed8p40,P1A,18
330.0,240.0,550,-7.48881209116838,70.0,100.0,-32.99986765655444,-16.25721678943031,-3.44214541941445,mirror_pifa_h3p5_l8p8_sep17p0_feed8p40,P1A,18
335.0,245.0,550,-7.48881209116838,70.0,100.0,-32.99986765655444,-16.480357649270882,-3.624057424061583,mirror_pifa_h3p5_l8p8_sep17p0_feed8p40,P1A,18
340.0,250.0,550,-7.48881209116838,70.0,100.0,-32.99986765655444,-17.04330954389315,-3.745052756736587,mirror_pifa_h3p5_l8p8_sep17p0_feed8p40,P1A,18
345.0,255.0,550,-7.48881209116838,70.0,100.0,-32.99986765655444,-17.322992401657203,-4.000963230075581,mirror_pifa_h3p5_l8p8_sep17p0_feed8p40,P1A,18
350.0,260.0,550,-7.48881209116838,70.0,100.0,-32.99986765655444,-17.621242594625436,-4.3760691597461365,mirror_pifa_h3p5_l8p8_sep17p0_feed8p40,P1A,18
355.0,265.0,550,-7.48881209116838,70.0,100.0,-32.99986765655444,-17.890979202024457,-4.734014745686034,mirror_pifa_h3p5_l8p8_sep17p0_feed8p40,P1A,18
0.0,270.0,550,-7.0596559424407,90.0,115.0,-50.79852414041156,-8.961501067415037,7.599501199355042,mirror_pifa_h3p5_l8p8_sep17p0_feed8p40,P1B,18
5.0,275.0,550,-7.0596559424407,90.0,115.0,-36.18160321829296,-8.617574727080386,7.878007328355548,mirror_pifa_h3p5_l8p8_sep17p0_feed8p40,P1B,18
10.0,280.0,550,-7.0596559424407,90.0,115.0,-36.18160321829296,-7.90905894933919,8.238748580073766,mirror_pifa_h3p5_l8p8_sep17p0_feed8p40,P1B,18
15.0,285.0,550,-7.0596559424407,90.0,115.0,-36.18160321829296,-7.509469869808111,8.346654745434773,mirror_pifa_h3p5_l8p8_sep17p0_feed8p40,P1B,18
20.0,290.0,550,-7.0596559424407,90.0,115.0,-36.18160321829296,-7.509469869808111,8.518959142635381,mirror_pifa_h3p5_l8p8_sep17p0_feed8p40,P1B,18
25.0,295.0,550,-7.0596559424407,90.0,115.0,-36.18160321829296,-7.509469869808111,8.614745091324451,mirror_pifa_h3p5_l8p8_sep17p0_feed8p40,P1B,18
30.0,300.0,550,-7.0596559424407,90.0,115.0,-36.18160321829296,-7.509469869808111,8.626839175023832,mirror_pifa_h3p5_l8p8_sep17p0_feed8p40,P1B,18
35.0,305.0,550,-7.0596559424407,90.0,115.0,-36.18160321829296,-7.509469869808111,8.614745091324451,mirror_pifa_h3p5_l8p8_sep17p0_feed8p40,P1B,18
40.0,310.0,550,-7.0596559424407,90.0,115.0,-36.18160321829296,-7.509469869808111,8.459642459704842,mirror_pifa_h3p5_l8p8_sep17p0_feed8p40,P1B,18
45.0,315.0,550,-7.0596559424407,90.0,115.0,-36.18160321829296,-7.509469869808111,8.328416560947737,mirror_pifa_h3p5_l8p8_sep17p0_feed8p40,P1B,18
50.0,320.0,550,-7.0596559424407,90.0,115.0,-36.18160321829296,-7.509469869808111,8.036710822663135,mirror_pifa_h3p5_l8p8_sep17p0_feed8p40,P1B,18
55.0,325.0,550,-7.0596559424407,90.0,115.0,-36.18160321829296,-7.509469869808111,7.68246053610063,mirror_pifa_h3p5_l8p8_sep17p0_feed8p40,P1B,18
60.0,330.0,550,-7.0596559424407,90.0,115.0,-36.18160321829296,-7.509469869808111,7.344553622160442,mirror_pifa_h3p5_l8p8_sep17p0_feed8p40,P1B,18
65.0,335.0,550,-7.0596559424407,90.0,115.0,-36.18160321829296,-7.509469869808111,6.860282924020558,mirror_pifa_h3p5_l8p8_sep17p0_feed8p40,P1B,18
70.0,340.0,550,-7.0596559424407,90.0,115.0,-36.18160321829296,-7.509469869808111,6.563342237318018,mirror_pifa_h3p5_l8p8_sep17p0_feed8p40,P1B,18
75.0,345.0,550,-7.0596559424407,90.0,115.0,-36.18160321829296,-8.105916657371443,6.252712409604573,mirror_pifa_h3p5_l8p8_sep17p0_feed8p40,P1B,18
80.0,350.0,550,-7.0596559424407,90.0,115.0,-36.18160321829296,-8.84303336903448,5.8699691472393765,mirror_pifa_h3p5_l8p8_sep17p0_feed8p40,P1B,18
85.0,355.0,550,-7.0596559424407,90.0,115.0,-36.18160321829296,-9.150514009485102,5.480673269582819,mirror_pifa_h3p5_l8p8_sep17p0_feed8p40,P1B,18
90.0,0.0,550,-7.0596559424407,90.0,115.0,-50.79852414041156,-10.756769513243562,5.168052694151644,mirror_pifa_h3p5_l8p8_sep17p0_feed8p40,P1B,18
95.0,5.0,550,-7.0596559424407,90.0,115.0,-50.79852414041156,-11.177403941935918,4.866993750560028,mirror_pifa_h3p5_l8p8_sep17p0_feed8p40,P1B,18
100.0,10.0,550,-7.0596559424407,90.0,115.0,-50.79852414041156,-11.177403941935918,4.520511446311605,mirror_pifa_h3p5_l8p8_sep17p0_feed8p40,P1B,18
105.0,15.0,550,-7.0596559424407,90.0,115.0,-50.79852414041156,-11.177403941935918,4.201573746086076,mirror_pifa_h3p5_l8p8_sep17p0_feed8p40,P1B,18
110.0,20.0,550,-7.0596559424407,90.0,115.0,-50.79852414041156,-11.177403941935918,3.9952629666566026,mirror_pifa_h3p5_l8p8_sep17p0_feed8p40,P1B,18
115.0,25.0,550,-7.0596559424407,90.0,115.0,-50.79852414041156,-11.177403941935918,3.7605941180828073,mirror_pifa_h3p5_l8p8_sep17p0_feed8p40,P1B,18
120.0,30.0,550,-6.86327118684219,65.0,260.0,-50.79852414041156,-11.177403941935918,3.686021085776907,mirror_pifa_h3p5_l8p8_sep17p0_feed8p40,P1B,18
125.0,35.0,550,-6.86327118684219,65.0,260.0,-50.79852414041156,-11.177403941935918,3.657018558116521,mirror_pifa_h3p5_l8p8_sep17p0_feed8p40,P1B,18
130.0,40.0,550,-6.86327118684219,65.0,260.0,-50.79852414041156,-11.177403941935918,3.657018558116521,mirror_pifa_h3p5_l8p8_sep17p0_feed8p40,P1B,18
135.0,45.0,550,-6.86327118684219,65.0,260.0,-50.79852414041156,-11.177403941935918,3.657018558116521,mirror_pifa_h3p5_l8p8_sep17p0_feed8p40,P1B,18
140.0,50.0,550,-6.86327118684219,65.0,260.0,-50.79852414041156,-11.177403941935918,3.657018558116521,mirror_pifa_h3p5_l8p8_sep17p0_feed8p40,P1B,18
145.0,55.0,550,-6.86327118684219,65.0,260.0,-50.79852414041156,-11.177403941935918,3.657018558116521,mirror_pifa_h3p5_l8p8_sep17p0_feed8p40,P1B,18
150.0,60.0,550,-6.86327118684219,65.0,260.0,-50.79852414041156,-11.177403941935918,3.6721344721493305,mirror_pifa_h3p5_l8p8_sep17p0_feed8p40,P1B,18
155.0,65.0,550,-6.86327118684219,65.0,260.0,-50.79852414041156,-11.177403941935918,3.719338315882623,mirror_pifa_h3p5_l8p8_sep17p0_feed8p40,P1B,18
160.0,70.0,550,-6.86327118684219,65.0,260.0,-50.79852414041156,-11.177403941935918,3.9490201799768485,mirror_pifa_h3p5_l8p8_sep17p0_feed8p40,P1B,18
165.0,75.0,550,-6.86327118684219,65.0,260.0,-50.79852414041156,-11.177403941935918,4.091268881525664,mirror_pifa_h3p5_l8p8_sep17p0_feed8p40,P1B,18
170.0,80.0,550,-6.86327118684219,65.0,260.0,-50.79852414041156,-11.177403941935918,4.49551140405377,mirror_pifa_h3p5_l8p8_sep17p0_feed8p40,P1B,18
175.0,85.0,550,-6.86327118684219,65.0,260.0,-50.79852414041156,-11.177403941935918,4.8606470616526956,mirror_pifa_h3p5_l8p8_sep17p0_feed8p40,P1B,18
180.0,90.0,550,-6.86327118684219,65.0,260.0,-50.79852414041156,-10.828599274444194,5.174669234831992,mirror_pifa_h3p5_l8p8_sep17p0_feed8p40,P1B,18
185.0,95.0,550,-6.86327118684219,65.0,260.0,-50.79852414041156,-9.573038695692679,5.480673269582819,mirror_pifa_h3p5_l8p8_sep17p0_feed8p40,P1B,18
190.0,100.0,550,-6.86327118684219,65.0,260.0,-50.79852414041156,-8.84303336903448,5.883473514536377,mirror_pifa_h3p5_l8p8_sep17p0_feed8p40,P1B,18
195.0,105.0,550,-6.86327118684219,65.0,260.0,-50.79852414041156,-7.90905894933919,6.306209457668304,mirror_pifa_h3p5_l8p8_sep17p0_feed8p40,P1B,18
200.0,110.0,550,-7.03351348814072,90.0,110.0,-50.79852414041156,-7.235038892809599,6.640884976052714,mirror_pifa_h3p5_l8p8_sep17p0_feed8p40,P1B,18
205.0,115.0,550,-7.0596559424407,90.0,115.0,-50.79852414041156,-7.235038892809599,7.123744008359829,mirror_pifa_h3p5_l8p8_sep17p0_feed8p40,P1B,18
210.0,120.0,550,-7.0596559424407,90.0,115.0,-50.79852414041156,-7.235038892809599,7.511724772019833,mirror_pifa_h3p5_l8p8_sep17p0_feed8p40,P1B,18
215.0,125.0,550,-7.0596559424407,90.0,115.0,-50.79852414041156,-7.235038892809599,7.8707633633450405,mirror_pifa_h3p5_l8p8_sep17p0_feed8p40,P1B,18
220.0,130.0,550,-7.0596559424407,90.0,115.0,-50.79852414041156,-7.235038892809599,8.162579628108222,mirror_pifa_h3p5_l8p8_sep17p0_feed8p40,P1B,18
225.0,135.0,550,-7.0596559424407,90.0,115.0,-50.79852414041156,-7.235038892809599,8.313244582148824,mirror_pifa_h3p5_l8p8_sep17p0_feed8p40,P1B,18
230.0,140.0,550,-7.0596559424407,90.0,115.0,-50.79852414041156,-7.235038892809599,8.375575205580658,mirror_pifa_h3p5_l8p8_sep17p0_feed8p40,P1B,18
235.0,145.0,550,-7.0596559424407,90.0,115.0,-50.79852414041156,-7.235038892809599,8.375575205580658,mirror_pifa_h3p5_l8p8_sep17p0_feed8p40,P1B,18
240.0,150.0,550,-7.0596559424407,90.0,115.0,-50.79852414041156,-7.235038892809599,8.328416560947737,mirror_pifa_h3p5_l8p8_sep17p0_feed8p40,P1B,18
245.0,155.0,550,-7.0596559424407,90.0,115.0,-50.79852414041156,-7.235038892809599,8.036710822663135,mirror_pifa_h3p5_l8p8_sep17p0_feed8p40,P1B,18
250.0,160.0,550,-7.0596559424407,90.0,115.0,-50.79852414041156,-7.235038892809599,7.8707633633450405,mirror_pifa_h3p5_l8p8_sep17p0_feed8p40,P1B,18
255.0,165.0,550,-7.0596559424407,90.0,115.0,-50.79852414041156,-7.235038892809599,7.485553497782156,mirror_pifa_h3p5_l8p8_sep17p0_feed8p40,P1B,18
260.0,170.0,550,-7.0596559424407,90.0,115.0,-50.79852414041156,-7.235038892809599,7.0541679944326106,mirror_pifa_h3p5_l8p8_sep17p0_feed8p40,P1B,18
265.0,175.0,550,-7.0596559424407,90.0,115.0,-50.79852414041156,-7.7452655818292815,6.61989119208168,mirror_pifa_h3p5_l8p8_sep17p0_feed8p40,P1B,18
270.0,180.0,550,-7.0596559424407,90.0,115.0,-50.79852414041156,-8.664465736809493,6.306209457668304,mirror_pifa_h3p5_l8p8_sep17p0_feed8p40,P1B,18
275.0,185.0,550,-7.0596559424407,90.0,115.0,-50.79852414041156,-9.660684076094507,5.8699691472393765,mirror_pifa_h3p5_l8p8_sep17p0_feed8p40,P1B,18
280.0,190.0,550,-7.0596559424407,90.0,115.0,-50.79852414041156,-11.177403941935918,5.452472529287506,mirror_pifa_h3p5_l8p8_sep17p0_feed8p40,P1B,18
285.0,195.0,550,-7.0596559424407,90.0,115.0,-50.79852414041156,-11.177403941935918,5.167320056561636,mirror_pifa_h3p5_l8p8_sep17p0_feed8p40,P1B,18
290.0,200.0,550,-7.0596559424407,90.0,115.0,-50.79852414041156,-11.177403941935918,4.765513214984573,mirror_pifa_h3p5_l8p8_sep17p0_feed8p40,P1B,18
295.0,205.0,550,-7.0596559424407,90.0,115.0,-50.79852414041156,-11.177403941935918,4.334941366410642,mirror_pifa_h3p5_l8p8_sep17p0_feed8p40,P1B,18
300.0,210.0,550,-7.0596559424407,90.0,115.0,-50.79852414041156,-11.177403941935918,3.9952629666566026,mirror_pifa_h3p5_l8p8_sep17p0_feed8p40,P1B,18
305.0,215.0,550,-7.0596559424407,90.0,115.0,-50.79852414041156,-11.177403941935918,3.707983510768083,mirror_pifa_h3p5_l8p8_sep17p0_feed8p40,P1B,18
310.0,220.0,550,-7.0596559424407,90.0,115.0,-50.79852414041156,-11.177403941935918,3.7240793446740224,mirror_pifa_h3p5_l8p8_sep17p0_feed8p40,P1B,18
315.0,225.0,550,-7.0596559424407,90.0,115.0,-50.79852414041156,-11.177403941935918,4.091268881525664,mirror_pifa_h3p5_l8p8_sep17p0_feed8p40,P1B,18
320.0,230.0,550,-7.0596559424407,90.0,115.0,-50.79852414041156,-11.177403941935918,4.520511446311605,mirror_pifa_h3p5_l8p8_sep17p0_feed8p40,P1B,18
325.0,235.0,550,-7.0596559424407,90.0,115.0,-50.79852414041156,-11.177403941935918,4.949735188615727,mirror_pifa_h3p5_l8p8_sep17p0_feed8p40,P1B,18
330.0,240.0,550,-7.0596559424407,90.0,115.0,-50.79852414041156,-11.177403941935918,5.304225998961306,mirror_pifa_h3p5_l8p8_sep17p0_feed8p40,P1B,18
335.0,245.0,550,-7.0596559424407,90.0,115.0,-50.79852414041156,-11.177403941935918,5.737804892092075,mirror_pifa_h3p5_l8p8_sep17p0_feed8p40,P1B,18
340.0,250.0,550,-7.0596559424407,90.0,115.0,-50.79852414041156,-11.177403941935918,5.997049954172038,mirror_pifa_h3p5_l8p8_sep17p0_feed8p40,P1B,18
345.0,255.0,550,-7.0596559424407,90.0,115.0,-50.79852414041156,-11.177403941935918,6.477368339729383,mirror_pifa_h3p5_l8p8_sep17p0_feed8p40,P1B,18
350.0,260.0,550,-7.0596559424407,90.0,115.0,-50.79852414041156,-11.177403941935918,6.719739518807901,mirror_pifa_h3p5_l8p8_sep17p0_feed8p40,P1B,18
355.0,265.0,550,-7.0596559424407,90.0,115.0,-50.79852414041156,-10.567093334358471,7.196584079678412,mirror_pifa_h3p5_l8p8_sep17p0_feed8p40,P1B,18
0.0,270.0,550,-6.94505730773248,65.0,100.0,-42.49879052134943,-19.499534594596312,-4.903222024090615,mirror_pifa_h3p5_l8p8_sep19p0_feed8p40,P1A,19
5.0,275.0,550,-6.94505730773248,65.0,100.0,-42.49879052134943,-19.499534594596312,-5.10916588917243,mirror_pifa_h3p5_l8p8_sep19p0_feed8p40,P1A,19
10.0,280.0,550,-6.94505730773248,65.0,100.0,-42.49879052134943,-19.499534594596312,-5.530674761324418,mirror_pifa_h3p5_l8p8_sep19p0_feed8p40,P1A,19
15.0,285.0,550,-6.94505730773248,65.0,100.0,-42.49879052134943,-19.499534594596312,-6.015611903778457,mirror_pifa_h3p5_l8p8_sep19p0_feed8p40,P1A,19
20.0,290.0,550,-6.94505730773248,65.0,100.0,-42.49879052134943,-19.499534594596312,-6.3851311845719625,mirror_pifa_h3p5_l8p8_sep19p0_feed8p40,P1A,19
25.0,295.0,550,-6.94505730773248,65.0,100.0,-42.49879052134943,-19.499534594596312,-6.7218543078301725,mirror_pifa_h3p5_l8p8_sep19p0_feed8p40,P1A,19
30.0,300.0,550,-6.94505730773248,65.0,100.0,-42.49879052134943,-19.499534594596312,-7.172013615114702,mirror_pifa_h3p5_l8p8_sep19p0_feed8p40,P1A,19
35.0,305.0,550,-6.94505730773248,65.0,100.0,-42.49879052134943,-19.499534594596312,-7.7445787092543465,mirror_pifa_h3p5_l8p8_sep19p0_feed8p40,P1A,19
40.0,310.0,550,-6.94505730773248,65.0,100.0,-42.49879052134943,-19.499534594596312,-8.089136038651368,mirror_pifa_h3p5_l8p8_sep19p0_feed8p40,P1A,19
45.0,315.0,550,-6.94505730773248,65.0,100.0,-42.49879052134943,-19.499534594596312,-8.333459675116545,mirror_pifa_h3p5_l8p8_sep19p0_feed8p40,P1A,19
50.0,320.0,550,-6.94505730773248,65.0,100.0,-42.49879052134943,-19.499534594596312,-8.411208151163006,mirror_pifa_h3p5_l8p8_sep19p0_feed8p40,P1A,19
55.0,325.0,550,-6.94505730773248,65.0,100.0,-42.49879052134943,-19.499534594596312,-8.478459381286429,mirror_pifa_h3p5_l8p8_sep19p0_feed8p40,P1A,19
60.0,330.0,550,-6.94505730773248,65.0,100.0,-42.49879052134943,-19.499534594596312,-8.544947609630094,mirror_pifa_h3p5_l8p8_sep19p0_feed8p40,P1A,19
65.0,335.0,550,-6.94505730773248,65.0,100.0,-42.49879052134943,-19.499534594596312,-8.478459381286429,mirror_pifa_h3p5_l8p8_sep19p0_feed8p40,P1A,19
70.0,340.0,550,-6.94505730773248,65.0,100.0,-42.49879052134943,-19.499534594596312,-8.372441669804397,mirror_pifa_h3p5_l8p8_sep19p0_feed8p40,P1A,19
75.0,345.0,550,-6.94505730773248,65.0,100.0,-42.49879052134943,-19.499534594596312,-8.17993803673662,mirror_pifa_h3p5_l8p8_sep19p0_feed8p40,P1A,19
80.0,350.0,550,-6.94505730773248,65.0,100.0,-42.49879052134943,-19.499534594596312,-7.971516595851829,mirror_pifa_h3p5_l8p8_sep19p0_feed8p40,P1A,19
85.0,355.0,550,-6.94505730773248,65.0,100.0,-42.49879052134943,-19.499534594596312,-7.5978941228247585,mirror_pifa_h3p5_l8p8_sep19p0_feed8p40,P1A,19
90.0,0.0,550,-6.94505730773248,65.0,100.0,-42.49879052134943,-19.499534594596312,-7.121336852937505,mirror_pifa_h3p5_l8p8_sep19p0_feed8p40,P1A,19
95.0,5.0,550,-6.94505730773248,65.0,100.0,-42.49879052134943,-19.32481494787051,-6.712537900876896,mirror_pifa_h3p5_l8p8_sep19p0_feed8p40,P1A,19
100.0,10.0,550,-6.94505730773248,65.0,100.0,-31.990520944730957,-19.016005172874696,-6.391200581501177,mirror_pifa_h3p5_l8p8_sep19p0_feed8p40,P1A,19
105.0,15.0,550,-6.78342162468261,65.0,105.0,-31.990520944730957,-18.86110994845911,-6.005449696374664,mirror_pifa_h3p5_l8p8_sep19p0_feed8p40,P1A,19
110.0,20.0,550,-6.42676104853834,70.0,110.0,-31.990520944730957,-18.75461531962182,-5.530674761324418,mirror_pifa_h3p5_l8p8_sep19p0_feed8p40,P1A,19
115.0,25.0,550,-6.18026248919016,90.0,115.0,-31.990520944730957,-18.580695800123692,-5.078878849534676,mirror_pifa_h3p5_l8p8_sep19p0_feed8p40,P1A,19
120.0,30.0,550,-6.15783334523857,90.0,245.0,-31.990520944730957,-18.47873050671083,-4.784472483054312,mirror_pifa_h3p5_l8p8_sep19p0_feed8p40,P1A,19
125.0,35.0,550,-6.15783334523857,90.0,245.0,-24.81234977743926,-18.203264263417687,-4.425243931823744,mirror_pifa_h3p5_l8p8_sep19p0_feed8p40,P1A,19
130.0,40.0,550,-6.15783334523857,90.0,245.0,-22.350172235332344,-18.18273722608736,-4.023731900952063,mirror_pifa_h3p5_l8p8_sep19p0_feed8p40,P1A,19
135.0,45.0,550,-6.15783334523857,90.0,245.0,-22.350172235332344,-18.18273722608736,-3.7877133681484625,mirror_pifa_h3p5_l8p8_sep19p0_feed8p40,P1A,19
140.0,50.0,550,-6.15783334523857,90.0,245.0,-22.350172235332344,-18.18273722608736,-3.667237059247425,mirror_pifa_h3p5_l8p8_sep19p0_feed8p40,P1A,19
145.0,55.0,550,-6.15783334523857,90.0,245.0,-22.350172235332344,-18.18273722608736,-3.8243407755957897,mirror_pifa_h3p5_l8p8_sep19p0_feed8p40,P1A,19
150.0,60.0,550,-6.15783334523857,90.0,245.0,-22.350172235332344,-18.18273722608736,-4.04929373251035,mirror_pifa_h3p5_l8p8_sep19p0_feed8p40,P1A,19
155.0,65.0,550,-6.15783334523857,90.0,245.0,-22.350172235332344,-18.18273722608736,-4.542916827347353,mirror_pifa_h3p5_l8p8_sep19p0_feed8p40,P1A,19
160.0,70.0,550,-6.15783334523857,90.0,245.0,-22.350172235332344,-18.18273722608736,-4.971525103529478,mirror_pifa_h3p5_l8p8_sep19p0_feed8p40,P1A,19
165.0,75.0,550,-6.15783334523857,90.0,245.0,-22.350172235332344,-18.18273722608736,-5.260369571038364,mirror_pifa_h3p5_l8p8_sep19p0_feed8p40,P1A,19
170.0,80.0,550,-6.15783334523857,90.0,245.0,-22.350172235332344,-18.18273722608736,-5.698021305412036,mirror_pifa_h3p5_l8p8_sep19p0_feed8p40,P1A,19
175.0,85.0,550,-6.15783334523857,90.0,245.0,-22.350172235332344,-18.18273722608736,-6.108635765346398,mirror_pifa_h3p5_l8p8_sep19p0_feed8p40,P1A,19
180.0,90.0,550,-6.59131299242917,60.0,90.0,-22.350172235332344,-18.28641355577875,-6.624930426963687,mirror_pifa_h3p5_l8p8_sep19p0_feed8p40,P1A,19
185.0,95.0,550,-6.85543635367493,60.0,95.0,-42.49879052134943,-18.544969933535498,-6.883806089461886,mirror_pifa_h3p5_l8p8_sep19p0_feed8p40,P1A,19
190.0,100.0,550,-6.94505730773248,65.0,100.0,-42.49879052134943,-18.616228157499886,-7.381036712304105,mirror_pifa_h3p5_l8p8_sep19p0_feed8p40,P1A,19
195.0,105.0,550,-6.94505730773248,65.0,100.0,-42.49879052134943,-18.61844274647318,-7.830322120144464,mirror_pifa_h3p5_l8p8_sep19p0_feed8p40,P1A,19
200.0,110.0,550,-6.94505730773248,65.0,100.0,-42.49879052134943,-18.86110994845911,-8.013965820957392,mirror_pifa_h3p5_l8p8_sep19p0_feed8p40,P1A,19
205.0,115.0,550,-6.94505730773248,65.0,100.0,-42.49879052134943,-19.016005172874696,-8.179411356046552,mirror_pifa_h3p5_l8p8_sep19p0_feed8p40,P1A,19
210.0,120.0,550,-6.94505730773248,65.0,100.0,-42.49879052134943,-19.419350413623967,-8.199752963972305,mirror_pifa_h3p5_l8p8_sep19p0_feed8p40,P1A,19
215.0,125.0,550,-6.94505730773248,65.0,100.0,-42.49879052134943,-19.499534594596312,-8.199752963972305,mirror_pifa_h3p5_l8p8_sep19p0_feed8p40,P1A,19
220.0,130.0,550,-6.94505730773248,65.0,100.0,-42.49879052134943,-19.499534594596312,-8.17993803673662,mirror_pifa_h3p5_l8p8_sep19p0_feed8p40,P1A,19
225.0,135.0,550,-6.94505730773248,65.0,100.0,-42.49879052134943,-19.499534594596312,-8.061909803199134,mirror_pifa_h3p5_l8p8_sep19p0_feed8p40,P1A,19
230.0,140.0,550,-6.94505730773248,65.0,100.0,-42.49879052134943,-19.499534594596312,-7.840119608805962,mirror_pifa_h3p5_l8p8_sep19p0_feed8p40,P1A,19
235.0,145.0,550,-6.94505730773248,65.0,100.0,-42.49879052134943,-19.499534594596312,-7.575661688857175,mirror_pifa_h3p5_l8p8_sep19p0_feed8p40,P1A,19
240.0,150.0,550,-6.94505730773248,65.0,100.0,-42.49879052134943,-19.499534594596312,-7.088145247742164,mirror_pifa_h3p5_l8p8_sep19p0_feed8p40,P1A,19
245.0,155.0,550,-6.94505730773248,65.0,100.0,-42.49879052134943,-19.499534594596312,-6.7218543078301725,mirror_pifa_h3p5_l8p8_sep19p0_feed8p40,P1A,19
250.0,160.0,550,-6.94505730773248,65.0,100.0,-42.49879052134943,-19.016005172874696,-6.384721281716123,mirror_pifa_h3p5_l8p8_sep19p0_feed8p40,P1A,19
255.0,165.0,550,-6.94505730773248,65.0,100.0,-42.49879052134943,-18.75461531962182,-5.969696215026743,mirror_pifa_h3p5_l8p8_sep19p0_feed8p40,P1A,19
260.0,170.0,550,-6.94505730773248,65.0,100.0,-42.49879052134943,-18.18273722608736,-5.455707195338224,mirror_pifa_h3p5_l8p8_sep19p0_feed8p40,P1A,19
265.0,175.0,550,-6.94505730773248,65.0,100.0,-42.49879052134943,-17.61464223774816,-5.028103929230955,mirror_pifa_h3p5_l8p8_sep19p0_feed8p40,P1A,19
270.0,180.0,550,-6.94505730773248,65.0,100.0,-42.49879052134943,-16.88026360766873,-4.7687912163579185,mirror_pifa_h3p5_l8p8_sep19p0_feed8p40,P1A,19
275.0,185.0,550,-6.94505730773248,65.0,100.0,-42.49879052134943,-16.516991387143534,-4.375348591736716,mirror_pifa_h3p5_l8p8_sep19p0_feed8p40,P1A,19
280.0,190.0,550,-6.94505730773248,65.0,100.0,-42.49879052134943,-15.939544584523198,-4.04929373251035,mirror_pifa_h3p5_l8p8_sep19p0_feed8p40,P1A,19
285.0,195.0,550,-6.94505730773248,65.0,100.0,-42.49879052134943,-15.266234824562419,-3.7975690177070307,mirror_pifa_h3p5_l8p8_sep19p0_feed8p40,P1A,19
290.0,200.0,550,-6.94505730773248,65.0,100.0,-42.49879052134943,-14.436948408602245,-3.639507313980455,mirror_pifa_h3p5_l8p8_sep19p0_feed8p40,P1A,19
295.0,205.0,550,-6.94505730773248,65.0,100.0,-42.49879052134943,-14.361001930405271,-3.5133334217630576,mirror_pifa_h3p5_l8p8_sep19p0_feed8p40,P1A,19
300.0,210.0,550,-6.94505730773248,65.0,100.0,-42.49879052134943,-14.361001930405271,-3.4646641518123014,mirror_pifa_h3p5_l8p8_sep19p0_feed8p40,P1A,19
305.0,215.0,550,-6.94505730773248,65.0,100.0,-42.49879052134943,-14.361001930405271,-3.423297462189567,mirror_pifa_h3p5_l8p8_sep19p0_feed8p40,P1A,19
310.0,220.0,550,-6.94505730773248,65.0,100.0,-42.49879052134943,-14.381531803991228,-3.423297462189567,mirror_pifa_h3p5_l8p8_sep19p0_feed8p40,P1A,19
315.0,225.0,550,-6.94505730773248,65.0,100.0,-42.49879052134943,-14.895744772090797,-3.423297462189567,mirror_pifa_h3p5_l8p8_sep19p0_feed8p40,P1A,19
320.0,230.0,550,-6.94505730773248,65.0,100.0,-42.49879052134943,-15.513295811485357,-3.423297462189567,mirror_pifa_h3p5_l8p8_sep19p0_feed8p40,P1A,19
325.0,235.0,550,-6.94505730773248,65.0,100.0,-42.49879052134943,-15.896308268470987,-3.423297462189567,mirror_pifa_h3p5_l8p8_sep19p0_feed8p40,P1A,19
330.0,240.0,550,-6.94505730773248,65.0,100.0,-42.49879052134943,-16.658252237868307,-3.4895797205153856,mirror_pifa_h3p5_l8p8_sep19p0_feed8p40,P1A,19
335.0,245.0,550,-6.94505730773248,65.0,100.0,-42.49879052134943,-16.829528743872636,-3.549008011224319,mirror_pifa_h3p5_l8p8_sep19p0_feed8p40,P1A,19
340.0,250.0,550,-6.94505730773248,65.0,100.0,-42.49879052134943,-17.628287479172908,-3.6931389336821416,mirror_pifa_h3p5_l8p8_sep19p0_feed8p40,P1A,19
345.0,255.0,550,-6.94505730773248,65.0,100.0,-42.49879052134943,-18.203264263417687,-3.9686172930791224,mirror_pifa_h3p5_l8p8_sep19p0_feed8p40,P1A,19
350.0,260.0,550,-6.94505730773248,65.0,100.0,-42.49879052134943,-18.61844274647318,-4.203485955944904,mirror_pifa_h3p5_l8p8_sep19p0_feed8p40,P1A,19
355.0,265.0,550,-6.94505730773248,65.0,100.0,-42.49879052134943,-19.32481494787051,-4.542757239188727,mirror_pifa_h3p5_l8p8_sep19p0_feed8p40,P1A,19
0.0,270.0,550,-7.06551127975154,60.0,260.0,-50.68324795917696,-9.506336753878056,7.078968018122135,mirror_pifa_h3p5_l8p8_sep19p0_feed8p40,P1B,19
5.0,275.0,550,-7.06551127975154,60.0,260.0,-37.61325997003655,-8.661439003944643,7.493241500918458,mirror_pifa_h3p5_l8p8_sep19p0_feed8p40,P1B,19
10.0,280.0,550,-7.06551127975154,60.0,260.0,-37.61325997003655,-8.108045221765902,7.877331728237721,mirror_pifa_h3p5_l8p8_sep19p0_feed8p40,P1B,19
15.0,285.0,550,-7.06551127975154,60.0,260.0,-37.61325997003655,-8.084706232186921,8.129932633207236,mirror_pifa_h3p5_l8p8_sep19p0_feed8p40,P1B,19
20.0,290.0,550,-7.06551127975154,60.0,260.0,-37.61325997003655,-8.084706232186921,8.226577904513872,mirror_pifa_h3p5_l8p8_sep19p0_feed8p40,P1B,19
25.0,295.0,550,-7.06551127975154,60.0,260.0,-37.61325997003655,-8.084706232186921,8.252720177377272,mirror_pifa_h3p5_l8p8_sep19p0_feed8p40,P1B,19
30.0,300.0,550,-7.06551127975154,60.0,260.0,-37.61325997003655,-8.084706232186921,8.259540085347144,mirror_pifa_h3p5_l8p8_sep19p0_feed8p40,P1B,19
35.0,305.0,550,-7.06551127975154,60.0,260.0,-37.61325997003655,-8.084706232186921,8.226577904513872,mirror_pifa_h3p5_l8p8_sep19p0_feed8p40,P1B,19
40.0,310.0,550,-7.06551127975154,60.0,260.0,-37.61325997003655,-8.084706232186921,8.145418383291613,mirror_pifa_h3p5_l8p8_sep19p0_feed8p40,P1B,19
45.0,315.0,550,-7.06551127975154,60.0,260.0,-37.61325997003655,-8.084706232186921,7.916334666476775,mirror_pifa_h3p5_l8p8_sep19p0_feed8p40,P1B,19
50.0,320.0,550,-7.06551127975154,60.0,260.0,-37.61325997003655,-8.084706232186921,7.714439610100213,mirror_pifa_h3p5_l8p8_sep19p0_feed8p40,P1B,19
55.0,325.0,550,-7.06551127975154,60.0,260.0,-37.61325997003655,-8.084706232186921,7.423543276569128,mirror_pifa_h3p5_l8p8_sep19p0_feed8p40,P1B,19
60.0,330.0,550,-7.06551127975154,60.0,260.0,-37.61325997003655,-8.084706232186921,6.799614660953724,mirror_pifa_h3p5_l8p8_sep19p0_feed8p40,P1B,19
65.0,335.0,550,-7.06551127975154,60.0,260.0,-37.61325997003655,-8.084706232186921,6.3525452254274555,mirror_pifa_h3p5_l8p8_sep19p0_feed8p40,P1B,19
70.0,340.0,550,-7.06551127975154,60.0,260.0,-37.61325997003655,-8.084706232186921,6.057541332348685,mirror_pifa_h3p5_l8p8_sep19p0_feed8p40,P1B,19
75.0,345.0,550,-7.06551127975154,60.0,260.0,-37.61325997003655,-8.648702298788502,5.67143640508731,mirror_pifa_h3p5_l8p8_sep19p0_feed8p40,P1B,19
80.0,350.0,550,-7.06551127975154,60.0,260.0,-37.61325997003655,-9.436803593411703,5.315887260443589,mirror_pifa_h3p5_l8p8_sep19p0_feed8p40,P1B,19
85.0,355.0,550,-7.06551127975154,60.0,260.0,-37.61325997003655,-10.308602011180065,4.949780083877419,mirror_pifa_h3p5_l8p8_sep19p0_feed8p40,P1B,19
90.0,0.0,550,-7.06551127975154,60.0,260.0,-50.68324795917696,-11.259760091897249,4.694132691077937,mirror_pifa_h3p5_l8p8_sep19p0_feed8p40,P1B,19
95.0,5.0,550,-7.06551127975154,60.0,260.0,-50.68324795917696,-11.363380448332228,4.337861325940308,mirror_pifa_h3p5_l8p8_sep19p0_feed8p40,P1B,19
100.0,10.0,550,-7.06551127975154,60.0,260.0,-50.68324795917696,-11.363380448332228,4.089020790199756,mirror_pifa_h3p5_l8p8_sep19p0_feed8p40,P1B,19
105.0,15.0,550,-7.06551127975154,60.0,260.0,-50.68324795917696,-11.363380448332228,3.700465051012915,mirror_pifa_h3p5_l8p8_sep19p0_feed8p40,P1B,19
110.0,20.0,550,-7.06551127975154,60.0,260.0,-50.68324795917696,-11.363380448332228,3.5386665228438097,mirror_pifa_h3p5_l8p8_sep19p0_feed8p40,P1B,19
115.0,25.0,550,-7.06551127975154,60.0,260.0,-50.68324795917696,-11.363380448332228,3.4378115205680855,mirror_pifa_h3p5_l8p8_sep19p0_feed8p40,P1B,19
120.0,30.0,550,-7.06551127975154,60.0,260.0,-50.68324795917696,-11.363380448332228,3.224948970834829,mirror_pifa_h3p5_l8p8_sep19p0_feed8p40,P1B,19
125.0,35.0,550,-7.06551127975154,60.0,260.0,-50.68324795917696,-11.363380448332228,3.2025619309519486,mirror_pifa_h3p5_l8p8_sep19p0_feed8p40,P1B,19
130.0,40.0,550,-7.06551127975154,60.0,260.0,-50.68324795917696,-11.363380448332228,3.2025619309519486,mirror_pifa_h3p5_l8p8_sep19p0_feed8p40,P1B,19
135.0,45.0,550,-7.06551127975154,60.0,260.0,-50.68324795917696,-11.363380448332228,3.2025619309519486,mirror_pifa_h3p5_l8p8_sep19p0_feed8p40,P1B,19
140.0,50.0,550,-7.06551127975154,60.0,260.0,-50.68324795917696,-11.363380448332228,3.2025619309519486,mirror_pifa_h3p5_l8p8_sep19p0_feed8p40,P1B,19
145.0,55.0,550,-7.06551127975154,60.0,260.0,-50.68324795917696,-11.363380448332228,3.2025619309519486,mirror_pifa_h3p5_l8p8_sep19p0_feed8p40,P1B,19
150.0,60.0,550,-7.06551127975154,60.0,260.0,-50.68324795917696,-11.363380448332228,3.224948970834829,mirror_pifa_h3p5_l8p8_sep19p0_feed8p40,P1B,19
155.0,65.0,550,-7.06551127975154,60.0,260.0,-50.68324795917696,-11.363380448332228,3.4378115205680855,mirror_pifa_h3p5_l8p8_sep19p0_feed8p40,P1B,19
160.0,70.0,550,-7.06551127975154,60.0,260.0,-50.68324795917696,-11.363380448332228,3.5386665228438097,mirror_pifa_h3p5_l8p8_sep19p0_feed8p40,P1B,19
165.0,75.0,550,-7.06551127975154,60.0,260.0,-50.68324795917696,-11.363380448332228,3.669127996918407,mirror_pifa_h3p5_l8p8_sep19p0_feed8p40,P1B,19
170.0,80.0,550,-7.06551127975154,60.0,260.0,-50.68324795917696,-11.363380448332228,3.9977703906072293,mirror_pifa_h3p5_l8p8_sep19p0_feed8p40,P1B,19
175.0,85.0,550,-7.06551127975154,60.0,260.0,-50.68324795917696,-11.363380448332228,4.32696492904835,mirror_pifa_h3p5_l8p8_sep19p0_feed8p40,P1B,19
180.0,90.0,550,-7.06551127975154,60.0,260.0,-50.68324795917696,-11.26956249693815,4.694132691077937,mirror_pifa_h3p5_l8p8_sep19p0_feed8p40,P1B,19
185.0,95.0,550,-7.06551127975154,60.0,260.0,-50.68324795917696,-10.330644688192372,5.0032145094073375,mirror_pifa_h3p5_l8p8_sep19p0_feed8p40,P1B,19
190.0,100.0,550,-7.06551127975154,60.0,260.0,-50.68324795917696,-9.436803593411703,5.424316851194274,mirror_pifa_h3p5_l8p8_sep19p0_feed8p40,P1B,19
195.0,105.0,550,-7.06551127975154,60.0,260.0,-50.68324795917696,-8.75586678669337,5.768976344444848,mirror_pifa_h3p5_l8p8_sep19p0_feed8p40,P1B,19
200.0,110.0,550,-7.06551127975154,60.0,260.0,-50.68324795917696,-7.438367972423931,6.197722690214383,mirror_pifa_h3p5_l8p8_sep19p0_feed8p40,P1B,19
205.0,115.0,550,-7.06551127975154,60.0,260.0,-50.68324795917696,-7.438367972423931,6.599312359925368,mirror_pifa_h3p5_l8p8_sep19p0_feed8p40,P1B,19
210.0,120.0,550,-7.06551127975154,60.0,260.0,-50.68324795917696,-7.438367972423931,6.8618560709173675,mirror_pifa_h3p5_l8p8_sep19p0_feed8p40,P1B,19
215.0,125.0,550,-7.06551127975154,60.0,260.0,-50.68324795917696,-7.438367972423931,7.236704266632126,mirror_pifa_h3p5_l8p8_sep19p0_feed8p40,P1B,19
220.0,130.0,550,-7.06551127975154,60.0,260.0,-50.68324795917696,-7.438367972423931,7.5862076228059125,mirror_pifa_h3p5_l8p8_sep19p0_feed8p40,P1B,19
225.0,135.0,550,-7.06551127975154,60.0,260.0,-50.68324795917696,-7.438367972423931,7.78743255226326,mirror_pifa_h3p5_l8p8_sep19p0_feed8p40,P1B,19
230.0,140.0,550,-7.06551127975154,60.0,260.0,-50.68324795917696,-7.438367972423931,7.894259037891045,mirror_pifa_h3p5_l8p8_sep19p0_feed8p40,P1B,19
235.0,145.0,550,-7.06551127975154,60.0,260.0,-50.68324795917696,-7.438367972423931,7.916334666476775,mirror_pifa_h3p5_l8p8_sep19p0_feed8p40,P1B,19
240.0,150.0,550,-7.06551127975154,60.0,260.0,-50.68324795917696,-7.438367972423931,7.916334666476775,mirror_pifa_h3p5_l8p8_sep19p0_feed8p40,P1B,19
245.0,155.0,550,-7.06551127975154,60.0,260.0,-50.68324795917696,-7.438367972423931,7.885876585240692,mirror_pifa_h3p5_l8p8_sep19p0_feed8p40,P1B,19
250.0,160.0,550,-7.06551127975154,60.0,260.0,-50.68324795917696,-7.438367972423931,7.782447084042829,mirror_pifa_h3p5_l8p8_sep19p0_feed8p40,P1B,19
255.0,165.0,550,-7.06551127975154,60.0,260.0,-50.68324795917696,-7.438367972423931,7.448746664739717,mirror_pifa_h3p5_l8p8_sep19p0_feed8p40,P1B,19
260.0,170.0,550,-7.06551127975154,60.0,260.0,-50.68324795917696,-7.438367972423931,6.897385637387774,mirror_pifa_h3p5_l8p8_sep19p0_feed8p40,P1B,19
265.0,175.0,550,-7.05162583804694,60.0,265.0,-50.68324795917696,-8.084706232186921,6.551759676240295,mirror_pifa_h3p5_l8p8_sep19p0_feed8p40,P1B,19
270.0,180.0,550,-6.74772369717536,60.0,270.0,-50.68324795917696,-9.159192178827379,6.149724097887837,mirror_pifa_h3p5_l8p8_sep19p0_feed8p40,P1B,19
275.0,185.0,550,-6.43586060928392,90.0,115.0,-50.68324795917696,-10.150646772982217,5.707484938034401,mirror_pifa_h3p5_l8p8_sep19p0_feed8p40,P1B,19
280.0,190.0,550,-6.43586060928392,90.0,115.0,-50.68324795917696,-11.363380448332228,5.315887260443589,mirror_pifa_h3p5_l8p8_sep19p0_feed8p40,P1B,19
285.0,195.0,550,-6.43586060928392,90.0,115.0,-50.68324795917696,-11.363380448332228,4.992727999809837,mirror_pifa_h3p5_l8p8_sep19p0_feed8p40,P1B,19
290.0,200.0,550,-6.43586060928392,90.0,115.0,-50.68324795917696,-11.363380448332228,4.633742833055467,mirror_pifa_h3p5_l8p8_sep19p0_feed8p40,P1B,19
295.0,205.0,550,-6.43586060928392,90.0,115.0,-50.68324795917696,-11.363380448332228,4.191313942871622,mirror_pifa_h3p5_l8p8_sep19p0_feed8p40,P1B,19
300.0,210.0,550,-6.43586060928392,90.0,115.0,-50.68324795917696,-11.363380448332228,3.752491720066162,mirror_pifa_h3p5_l8p8_sep19p0_feed8p40,P1B,19
305.0,215.0,550,-6.43586060928392,90.0,115.0,-50.68324795917696,-11.363380448332228,3.5460312130955893,mirror_pifa_h3p5_l8p8_sep19p0_feed8p40,P1B,19
310.0,220.0,550,-6.43586060928392,90.0,115.0,-50.68324795917696,-11.363380448332228,3.5390579126951853,mirror_pifa_h3p5_l8p8_sep19p0_feed8p40,P1B,19
315.0,225.0,550,-6.43586060928392,90.0,115.0,-50.68324795917696,-11.363380448332228,3.6609877412554988,mirror_pifa_h3p5_l8p8_sep19p0_feed8p40,P1B,19
320.0,230.0,550,-6.43586060928392,90.0,115.0,-50.68324795917696,-11.363380448332228,4.066731647302849,mirror_pifa_h3p5_l8p8_sep19p0_feed8p40,P1B,19
325.0,235.0,550,-6.43586060928392,90.0,115.0,-50.68324795917696,-11.363380448332228,4.337861325940308,mirror_pifa_h3p5_l8p8_sep19p0_feed8p40,P1B,19
330.0,240.0,550,-6.43586060928392,90.0,115.0,-50.68324795917696,-11.363380448332228,4.694132691077937,mirror_pifa_h3p5_l8p8_sep19p0_feed8p40,P1B,19
335.0,245.0,550,-6.43586060928392,90.0,115.0,-50.68324795917696,-11.363380448332228,5.034964019653044,mirror_pifa_h3p5_l8p8_sep19p0_feed8p40,P1B,19
340.0,250.0,550,-6.43586060928392,90.0,115.0,-50.68324795917696,-11.363380448332228,5.424316851194274,mirror_pifa_h3p5_l8p8_sep19p0_feed8p40,P1B,19
345.0,255.0,550,-6.84029070738374,65.0,255.0,-50.68324795917696,-11.363380448332228,5.8436295498057325,mirror_pifa_h3p5_l8p8_sep19p0_feed8p40,P1B,19
350.0,260.0,550,-7.06551127975154,60.0,260.0,-50.68324795917696,-11.363380448332228,6.284185302328474,mirror_pifa_h3p5_l8p8_sep19p0_feed8p40,P1B,19
355.0,265.0,550,-7.06551127975154,60.0,260.0,-50.68324795917696,-10.335598603320758,6.599312359925368,mirror_pifa_h3p5_l8p8_sep19p0_feed8p40,P1B,19
0.0,270.0,550,-8.40043034834803,45.0,215.0,-18.769918431110572,-13.330440486352334,-1.5455698713500563,parallel_pifa_h3p5_l8p8_sep17p0_feed8p40,P1A,20
5.0,275.0,550,-8.40043034834803,45.0,215.0,-18.769918431110572,-13.330440486352334,-1.6459393278859744,parallel_pifa_h3p5_l8p8_sep17p0_feed8p40,P1A,20
10.0,280.0,550,-8.40043034834803,45.0,215.0,-18.769918431110572,-13.330440486352334,-1.8272502889521067,parallel_pifa_h3p5_l8p8_sep17p0_feed8p40,P1A,20
15.0,285.0,550,-8.40043034834803,45.0,215.0,-18.769918431110572,-13.330440486352334,-2.007174019255994,parallel_pifa_h3p5_l8p8_sep17p0_feed8p40,P1A,20
20.0,290.0,550,-8.40043034834803,45.0,215.0,-18.769918431110572,-13.330440486352334,-2.11367136110332,parallel_pifa_h3p5_l8p8_sep17p0_feed8p40,P1A,20
25.0,295.0,550,-8.40043034834803,45.0,215.0,-18.769918431110572,-13.330440486352334,-2.1595236231971393,parallel_pifa_h3p5_l8p8_sep17p0_feed8p40,P1A,20
30.0,300.0,550,-8.40043034834803,45.0,215.0,-18.769918431110572,-13.330440486352334,-2.1695699800659103,parallel_pifa_h3p5_l8p8_sep17p0_feed8p40,P1A,20
35.0,305.0,550,-8.40043034834803,45.0,215.0,-18.769918431110572,-13.330440486352334,-2.1695699800659103,parallel_pifa_h3p5_l8p8_sep17p0_feed8p40,P1A,20
40.0,310.0,550,-8.40043034834803,45.0,215.0,-18.769918431110572,-13.330440486352334,-2.11367136110332,parallel_pifa_h3p5_l8p8_sep17p0_feed8p40,P1A,20
45.0,315.0,550,-8.40043034834803,45.0,215.0,-18.769918431110572,-13.30770782431851,-2.0696451052397364,parallel_pifa_h3p5_l8p8_sep17p0_feed8p40,P1A,20
50.0,320.0,550,-8.40043034834803,45.0,215.0,-18.769918431110572,-13.253959968826008,-2.007174019255994,parallel_pifa_h3p5_l8p8_sep17p0_feed8p40,P1A,20
55.0,325.0,550,-8.40043034834803,45.0,215.0,-18.769918431110572,-12.826467256667812,-1.926945184264175,parallel_pifa_h3p5_l8p8_sep17p0_feed8p40,P1A,20
60.0,330.0,550,-8.40043034834803,45.0,215.0,-18.769918431110572,-12.660113450812124,-1.776425562151403,parallel_pifa_h3p5_l8p8_sep17p0_feed8p40,P1A,20
65.0,335.0,550,-8.40043034834803,45.0,215.0,-18.769918431110572,-12.289616821573428,-1.6459393278859744,parallel_pifa_h3p5_l8p8_sep17p0_feed8p40,P1A,20
70.0,340.0,550,-8.40043034834803,45.0,215.0,-18.769918431110572,-12.147735491263676,-1.5559572800689003,parallel_pifa_h3p5_l8p8_sep17p0_feed8p40,P1A,20
75.0,345.0,550,-8.40043034834803,45.0,215.0,-18.769918431110572,-11.71191363690593,-1.4945874610668122,parallel_pifa_h3p5_l8p8_sep17p0_feed8p40,P1A,20
80.0,350.0,550,-8.40043034834803,45.0,215.0,-18.769918431110572,-11.655768588542802,-1.35038753673518,parallel_pifa_h3p5_l8p8_sep17p0_feed8p40,P1A,20
85.0,355.0,550,-8.40043034834803,45.0,215.0,-18.769918431110572,-11.550026745060302,-1.1875455915604238,parallel_pifa_h3p5_l8p8_sep17p0_feed8p40,P1A,20
90.0,0.0,550,-8.40043034834803,45.0,215.0,-18.769918431110572,-11.27027027284283,-0.9066345503314549,parallel_pifa_h3p5_l8p8_sep17p0_feed8p40,P1A,20
95.0,5.0,550,-8.40043034834803,45.0,215.0,-18.769918431110572,-11.140873142198696,-0.8001927383529892,parallel_pifa_h3p5_l8p8_sep17p0_feed8p40,P1A,20
100.0,10.0,550,-8.40043034834803,45.0,215.0,-18.769918431110572,-10.941499609372292,-0.6527831635132246,parallel_pifa_h3p5_l8p8_sep17p0_feed8p40,P1A,20
105.0,15.0,550,-8.40043034834803,45.0,215.0,-18.769918431110572,-10.766948887166256,-0.6169629754590332,parallel_pifa_h3p5_l8p8_sep17p0_feed8p40,P1A,20
110.0,20.0,550,-8.40043034834803,45.0,215.0,-18.769918431110572,-10.742831516257052,-0.6169629754590332,parallel_pifa_h3p5_l8p8_sep17p0_feed8p40,P1A,20
115.0,25.0,550,-8.40043034834803,45.0,215.0,-18.769918431110572,-10.680297027164302,-0.6883475512264858,parallel_pifa_h3p5_l8p8_sep17p0_feed8p40,P1A,20
120.0,30.0,550,-8.40043034834803,45.0,215.0,-18.769918431110572,-10.766948887166256,-0.8001927383529892,parallel_pifa_h3p5_l8p8_sep17p0_feed8p40,P1A,20
125.0,35.0,550,-8.40043034834803,45.0,215.0,-18.769918431110572,-10.941499609372292,-0.8387166047028887,parallel_pifa_h3p5_l8p8_sep17p0_feed8p40,P1A,20
130.0,40.0,550,-8.40043034834803,45.0,215.0,-18.769918431110572,-11.156551289575798,-0.9149032295956173,parallel_pifa_h3p5_l8p8_sep17p0_feed8p40,P1A,20
135.0,45.0,550,-8.40043034834803,45.0,215.0,-18.769918431110572,-11.27027027284283,-1.077854730961988,parallel_pifa_h3p5_l8p8_sep17p0_feed8p40,P1A,20
140.0,50.0,550,-8.40043034834803,45.0,215.0,-18.769918431110572,-11.550026745060302,-1.2676474184576207,parallel_pifa_h3p5_l8p8_sep17p0_feed8p40,P1A,20
145.0,55.0,550,-8.40043034834803,45.0,215.0,-18.769918431110572,-11.703340174518997,-1.379768714899169,parallel_pifa_h3p5_l8p8_sep17p0_feed8p40,P1A,20
150.0,60.0,550,-8.40043034834803,45.0,215.0,-18.769918431110572,-11.914458354149552,-1.5126465533732125,parallel_pifa_h3p5_l8p8_sep17p0_feed8p40,P1A,20
155.0,65.0,550,-8.40043034834803,45.0,215.0,-18.769918431110572,-12.19025666452904,-1.6217486332639195,parallel_pifa_h3p5_l8p8_sep17p0_feed8p40,P1A,20
160.0,70.0,550,-8.40043034834803,45.0,215.0,-18.769918431110572,-12.660113450812124,-1.83824148327165,parallel_pifa_h3p5_l8p8_sep17p0_feed8p40,P1A,20
165.0,75.0,550,-8.40043034834803,45.0,215.0,-18.769918431110572,-12.801230540424967,-2.007174019255994,parallel_pifa_h3p5_l8p8_sep17p0_feed8p40,P1A,20
170.0,80.0,550,-8.40043034834803,45.0,215.0,-18.769918431110572,-12.891721509296715,-2.094444314807004,parallel_pifa_h3p5_l8p8_sep17p0_feed8p40,P1A,20
175.0,85.0,550,-8.40043034834803,45.0,215.0,-18.769918431110572,-13.182100331416198,-2.170881894577586,parallel_pifa_h3p5_l8p8_sep17p0_feed8p40,P1A,20
180.0,90.0,550,-8.40043034834803,45.0,215.0,-18.769918431110572,-13.253959968826008,-2.2673451694013074,parallel_pifa_h3p5_l8p8_sep17p0_feed8p40,P1A,20
185.0,95.0,550,-8.40043034834803,45.0,215.0,-18.769918431110572,-13.330440486352334,-2.364871684308951,parallel_pifa_h3p5_l8p8_sep17p0_feed8p40,P1A,20
190.0,100.0,550,-8.40043034834803,45.0,215.0,-18.769918431110572,-13.330440486352334,-2.3910684856588085,parallel_pifa_h3p5_l8p8_sep17p0_feed8p40,P1A,20
195.0,105.0,550,-8.40043034834803,45.0,215.0,-18.769918431110572,-13.330440486352334,-2.485770646111355,parallel_pifa_h3p5_l8p8_sep17p0_feed8p40,P1A,20
200.0,110.0,550,-8.40043034834803,45.0,215.0,-18.769918431110572,-13.330440486352334,-2.4893402220927885,parallel_pifa_h3p5_l8p8_sep17p0_feed8p40,P1A,20
205.0,115.0,550,-8.40043034834803,45.0,215.0,-18.769918431110572,-13.330440486352334,-2.485770646111355,parallel_pifa_h3p5_l8p8_sep17p0_feed8p40,P1A,20
210.0,120.0,550,-8.40043034834803,45.0,215.0,-18.769918431110572,-13.330440486352334,-2.3910684856588085,parallel_pifa_h3p5_l8p8_sep17p0_feed8p40,P1A,20
215.0,125.0,550,-8.40043034834803,45.0,215.0,-18.769918431110572,-13.330440486352334,-2.38426694098331,parallel_pifa_h3p5_l8p8_sep17p0_feed8p40,P1A,20
220.0,130.0,550,-7.74975221732532,55.0,220.0,-18.769918431110572,-13.30770782431851,-2.364871684308951,parallel_pifa_h3p5_l8p8_sep17p0_feed8p40,P1A,20
225.0,135.0,550,-7.17205121623714,65.0,225.0,-18.769918431110572,-13.253959968826008,-2.304040313077669,parallel_pifa_h3p5_l8p8_sep17p0_feed8p40,P1A,20
230.0,140.0,550,-6.59267134299044,75.0,230.0,-17.68454326228126,-12.891721509296715,-2.170881894577586,parallel_pifa_h3p5_l8p8_sep17p0_feed8p40,P1A,20
235.0,145.0,550,-6.24367117502066,70.0,115.0,-17.68454326228126,-12.801230540424967,-2.094444314807004,parallel_pifa_h3p5_l8p8_sep17p0_feed8p40,P1A,20
240.0,150.0,550,-6.24367117502066,70.0,115.0,-17.68454326228126,-12.642184640226922,-2.015529261462009,parallel_pifa_h3p5_l8p8_sep17p0_feed8p40,P1A,20
245.0,155.0,550,-6.24367117502066,70.0,115.0,-17.68454326228126,-12.19025666452904,-1.8125198063028525,parallel_pifa_h3p5_l8p8_sep17p0_feed8p40,P1A,20
250.0,160.0,550,-6.24367117502066,70.0,115.0,-17.68454326228126,-12.043981075051297,-1.6753845976697954,parallel_pifa_h3p5_l8p8_sep17p0_feed8p40,P1A,20
255.0,165.0,550,-6.24367117502066,70.0,115.0,-17.68454326228126,-11.71191363690593,-1.5710620432458149,parallel_pifa_h3p5_l8p8_sep17p0_feed8p40,P1A,20
260.0,170.0,550,-6.24367117502066,70.0,115.0,-17.68454326228126,-11.634148264657288,-1.5114159519355925,parallel_pifa_h3p5_l8p8_sep17p0_feed8p40,P1A,20
265.0,175.0,550,-6.24367117502066,70.0,115.0,-17.68454326228126,-11.156551289575798,-1.4065271211012549,parallel_pifa_h3p5_l8p8_sep17p0_feed8p40,P1A,20
270.0,180.0,550,-6.24367117502066,70.0,115.0,-17.68454326228126,-11.140873142198696,-1.301803872178612,parallel_pifa_h3p5_l8p8_sep17p0_feed8p40,P1A,20
275.0,185.0,550,-6.24367117502066,70.0,115.0,-17.68454326228126,-10.858364108976524,-1.1756379730138724,parallel_pifa_h3p5_l8p8_sep17p0_feed8p40,P1A,20
280.0,190.0,550,-6.24367117502066,70.0,115.0,-17.68454326228126,-10.858364108976524,-1.0603312172195771,parallel_pifa_h3p5_l8p8_sep17p0_feed8p40,P1A,20
285.0,195.0,550,-6.24367117502066,70.0,115.0,-17.68454326228126,-10.858364108976524,-0.9149032295956173,parallel_pifa_h3p5_l8p8_sep17p0_feed8p40,P1A,20
290.0,200.0,550,-6.24367117502066,70.0,115.0,-17.68454326228126,-10.858364108976524,-0.8387166047028887,parallel_pifa_h3p5_l8p8_sep17p0_feed8p40,P1A,20
295.0,205.0,550,-7.2628557922483,45.0,205.0,-17.68454326228126,-10.858364108976524,-0.7464719715915552,parallel_pifa_h3p5_l8p8_sep17p0_feed8p40,P1A,20
300.0,210.0,550,-8.30486153057462,45.0,210.0,-17.68454326228126,-10.858364108976524,-0.6883475512264858,parallel_pifa_h3p5_l8p8_sep17p0_feed8p40,P1A,20
305.0,215.0,550,-8.40043034834803,45.0,215.0,-17.68454326228126,-11.156551289575798,-0.6342655413656261,parallel_pifa_h3p5_l8p8_sep17p0_feed8p40,P1A,20
310.0,220.0,550,-8.40043034834803,45.0,215.0,-17.68454326228126,-11.914458354149552,-0.5475623460762568,parallel_pifa_h3p5_l8p8_sep17p0_feed8p40,P1A,20
315.0,225.0,550,-8.40043034834803,45.0,215.0,-18.769918431110572,-12.289616821573428,-0.5189062365408765,parallel_pifa_h3p5_l8p8_sep17p0_feed8p40,P1A,20
320.0,230.0,550,-8.40043034834803,45.0,215.0,-18.769918431110572,-12.801230540424967,-0.4409189975967595,parallel_pifa_h3p5_l8p8_sep17p0_feed8p40,P1A,20
325.0,235.0,550,-8.40043034834803,45.0,215.0,-18.769918431110572,-12.891721509296715,-0.48721611240093143,parallel_pifa_h3p5_l8p8_sep17p0_feed8p40,P1A,20
330.0,240.0,550,-8.40043034834803,45.0,215.0,-18.769918431110572,-13.30770782431851,-0.5323735276880501,parallel_pifa_h3p5_l8p8_sep17p0_feed8p40,P1A,20
335.0,245.0,550,-8.40043034834803,45.0,215.0,-18.769918431110572,-13.330440486352334,-0.6527831635132246,parallel_pifa_h3p5_l8p8_sep17p0_feed8p40,P1A,20
340.0,250.0,550,-8.40043034834803,45.0,215.0,-18.769918431110572,-13.330440486352334,-0.8181789493774956,parallel_pifa_h3p5_l8p8_sep17p0_feed8p40,P1A,20
345.0,255.0,550,-8.40043034834803,45.0,215.0,-18.769918431110572,-13.330440486352334,-1.0362721817451812,parallel_pifa_h3p5_l8p8_sep17p0_feed8p40,P1A,20
350.0,260.0,550,-8.40043034834803,45.0,215.0,-18.769918431110572,-13.330440486352334,-1.2676474184576207,parallel_pifa_h3p5_l8p8_sep17p0_feed8p40,P1A,20
355.0,265.0,550,-8.40043034834803,45.0,215.0,-18.769918431110572,-13.330440486352334,-1.4530398293183524,parallel_pifa_h3p5_l8p8_sep17p0_feed8p40,P1A,20
0.0,270.0,550,-7.27830916309254,80.0,120.0,-51.25232895346745,-9.035040002535448,8.857495479495308,parallel_pifa_h3p5_l8p8_sep17p0_feed8p40,P1B,20
5.0,275.0,550,-7.27830916309254,80.0,120.0,-37.416386150813395,-8.39148177871424,8.956315963192793,parallel_pifa_h3p5_l8p8_sep17p0_feed8p40,P1B,20
10.0,280.0,550,-7.27830916309254,80.0,120.0,-37.416386150813395,-7.490808346052464,8.993108806788669,parallel_pifa_h3p5_l8p8_sep17p0_feed8p40,P1B,20
15.0,285.0,550,-7.27830916309254,80.0,120.0,-37.416386150813395,-6.6421894062155795,8.993108806788669,parallel_pifa_h3p5_l8p8_sep17p0_feed8p40,P1B,20
20.0,290.0,550,-7.27830916309254,80.0,120.0,-37.416386150813395,-6.585733023205114,8.993108806788669,parallel_pifa_h3p5_l8p8_sep17p0_feed8p40,P1B,20
25.0,295.0,550,-7.27830916309254,80.0,120.0,-37.416386150813395,-6.585733023205114,8.993108806788669,parallel_pifa_h3p5_l8p8_sep17p0_feed8p40,P1B,20
30.0,300.0,550,-7.27830916309254,80.0,120.0,-37.416386150813395,-6.585733023205114,8.993108806788669,parallel_pifa_h3p5_l8p8_sep17p0_feed8p40,P1B,20
35.0,305.0,550,-7.27830916309254,80.0,120.0,-37.416386150813395,-6.585733023205114,8.993108806788669,parallel_pifa_h3p5_l8p8_sep17p0_feed8p40,P1B,20
40.0,310.0,550,-7.27830916309254,80.0,120.0,-37.416386150813395,-6.585733023205114,8.993108806788669,parallel_pifa_h3p5_l8p8_sep17p0_feed8p40,P1B,20
45.0,315.0,550,-7.27830916309254,80.0,120.0,-37.416386150813395,-6.585733023205114,8.975909463462443,parallel_pifa_h3p5_l8p8_sep17p0_feed8p40,P1B,20
50.0,320.0,550,-7.27830916309254,80.0,120.0,-37.416386150813395,-6.585733023205114,8.936865967732789,parallel_pifa_h3p5_l8p8_sep17p0_feed8p40,P1B,20
55.0,325.0,550,-7.27830916309254,80.0,120.0,-37.416386150813395,-6.585733023205114,8.880672032200076,parallel_pifa_h3p5_l8p8_sep17p0_feed8p40,P1B,20
60.0,330.0,550,-7.27830916309254,80.0,120.0,-37.416386150813395,-6.585733023205114,8.821573166703015,parallel_pifa_h3p5_l8p8_sep17p0_feed8p40,P1B,20
65.0,335.0,550,-7.27830916309254,80.0,120.0,-37.416386150813395,-6.6421894062155795,8.614261732483182,parallel_pifa_h3p5_l8p8_sep17p0_feed8p40,P1B,20
70.0,340.0,550,-7.27830916309254,80.0,120.0,-37.416386150813395,-7.9848936983069585,8.286246629836999,parallel_pifa_h3p5_l8p8_sep17p0_feed8p40,P1B,20
75.0,345.0,550,-7.27830916309254,80.0,120.0,-37.416386150813395,-9.035040002535448,7.858008575866036,parallel_pifa_h3p5_l8p8_sep17p0_feed8p40,P1B,20
80.0,350.0,550,-7.27830916309254,80.0,120.0,-37.416386150813395,-10.185735775118385,7.493361310484827,parallel_pifa_h3p5_l8p8_sep17p0_feed8p40,P1B,20
85.0,355.0,550,-7.27830916309254,80.0,120.0,-37.416386150813395,-11.093943594193341,6.9247140721134395,parallel_pifa_h3p5_l8p8_sep17p0_feed8p40,P1B,20
90.0,0.0,550,-7.27830916309254,80.0,120.0,-51.25232895346745,-11.899262851529912,6.72258650068172,parallel_pifa_h3p5_l8p8_sep17p0_feed8p40,P1B,20
95.0,5.0,550,-7.27830916309254,80.0,120.0,-51.25232895346745,-12.056944143577917,6.205434561206255,parallel_pifa_h3p5_l8p8_sep17p0_feed8p40,P1B,20
100.0,10.0,550,-7.27830916309254,80.0,120.0,-51.25232895346745,-12.056944143577917,5.635683650177231,parallel_pifa_h3p5_l8p8_sep17p0_feed8p40,P1B,20
105.0,15.0,550,-7.27830916309254,80.0,120.0,-51.25232895346745,-12.056944143577917,5.332894651526968,parallel_pifa_h3p5_l8p8_sep17p0_feed8p40,P1B,20
110.0,20.0,550,-7.27830916309254,80.0,120.0,-51.25232895346745,-12.056944143577917,4.906796247954856,parallel_pifa_h3p5_l8p8_sep17p0_feed8p40,P1B,20
115.0,25.0,550,-7.27830916309254,80.0,120.0,-51.25232895346745,-12.056944143577917,4.417248413701891,parallel_pifa_h3p5_l8p8_sep17p0_feed8p40,P1B,20
120.0,30.0,550,-7.27830916309254,80.0,120.0,-51.25232895346745,-12.056944143577917,4.272012690688288,parallel_pifa_h3p5_l8p8_sep17p0_feed8p40,P1B,20
125.0,35.0,550,-7.20684438958599,70.0,125.0,-51.25232895346745,-12.056944143577917,4.023307889337319,parallel_pifa_h3p5_l8p8_sep17p0_feed8p40,P1B,20
130.0,40.0,550,-7.18901408686148,45.0,130.0,-51.25232895346745,-12.056944143577917,3.8982591136349427,parallel_pifa_h3p5_l8p8_sep17p0_feed8p40,P1B,20
135.0,45.0,550,-7.12565970255184,90.0,245.0,-51.25232895346745,-12.056944143577917,3.7474902736639177,parallel_pifa_h3p5_l8p8_sep17p0_feed8p40,P1B,20
140.0,50.0,550,-7.12565970255184,90.0,245.0,-51.25232895346745,-12.056944143577917,3.6561241034639114,parallel_pifa_h3p5_l8p8_sep17p0_feed8p40,P1B,20
145.0,55.0,550,-7.12565970255184,90.0,245.0,-51.25232895346745,-12.056944143577917,3.6561241034639114,parallel_pifa_h3p5_l8p8_sep17p0_feed8p40,P1B,20
150.0,60.0,550,-7.12565970255184,90.0,245.0,-51.25232895346745,-12.056944143577917,3.6561241034639114,parallel_pifa_h3p5_l8p8_sep17p0_feed8p40,P1B,20
155.0,65.0,550,-7.12565970255184,90.0,245.0,-51.25232895346745,-12.056944143577917,3.6561241034639114,parallel_pifa_h3p5_l8p8_sep17p0_feed8p40,P1B,20
160.0,70.0,550,-7.12565970255184,90.0,245.0,-51.25232895346745,-12.056944143577917,3.7441980349271784,parallel_pifa_h3p5_l8p8_sep17p0_feed8p40,P1B,20
165.0,75.0,550,-7.12565970255184,90.0,245.0,-51.25232895346745,-12.056944143577917,3.86787110067417,parallel_pifa_h3p5_l8p8_sep17p0_feed8p40,P1B,20
170.0,80.0,550,-7.12565970255184,90.0,245.0,-51.25232895346745,-12.056944143577917,4.087286263617779,parallel_pifa_h3p5_l8p8_sep17p0_feed8p40,P1B,20
175.0,85.0,550,-7.12565970255184,90.0,245.0,-51.25232895346745,-12.056944143577917,4.371458010657447,parallel_pifa_h3p5_l8p8_sep17p0_feed8p40,P1B,20
180.0,90.0,550,-7.12565970255184,90.0,245.0,-51.25232895346745,-12.056944143577917,4.821389151558697,parallel_pifa_h3p5_l8p8_sep17p0_feed8p40,P1B,20
185.0,95.0,550,-7.12565970255184,90.0,245.0,-51.25232895346745,-11.519657437539779,5.293009192801879,parallel_pifa_h3p5_l8p8_sep17p0_feed8p40,P1B,20
190.0,100.0,550,-7.12565970255184,90.0,245.0,-51.25232895346745,-10.73173492638724,5.525561358603573,parallel_pifa_h3p5_l8p8_sep17p0_feed8p40,P1B,20
195.0,105.0,550,-7.12565970255184,90.0,245.0,-51.25232895346745,-9.095590003902828,5.9874414154769475,parallel_pifa_h3p5_l8p8_sep17p0_feed8p40,P1B,20
200.0,110.0,550,-7.12565970255184,90.0,245.0,-51.25232895346745,-9.095590003902828,6.416388687877424,parallel_pifa_h3p5_l8p8_sep17p0_feed8p40,P1B,20
205.0,115.0,550,-7.12565970255184,90.0,245.0,-51.25232895346745,-9.095590003902828,6.733835931116157,parallel_pifa_h3p5_l8p8_sep17p0_feed8p40,P1B,20
210.0,120.0,550,-7.27830916309254,80.0,120.0,-51.25232895346745,-9.095590003902828,7.329109300852955,parallel_pifa_h3p5_l8p8_sep17p0_feed8p40,P1B,20
215.0,125.0,550,-7.27830916309254,80.0,120.0,-51.25232895346745,-9.095590003902828,7.589557429323418,parallel_pifa_h3p5_l8p8_sep17p0_feed8p40,P1B,20
220.0,130.0,550,-7.27830916309254,80.0,120.0,-51.25232895346745,-9.095590003902828,7.809965748319472,parallel_pifa_h3p5_l8p8_sep17p0_feed8p40,P1B,20
225.0,135.0,550,-7.27830916309254,80.0,120.0,-51.25232895346745,-9.095590003902828,8.31354281427951,parallel_pifa_h3p5_l8p8_sep17p0_feed8p40,P1B,20
230.0,140.0,550,-7.27830916309254,80.0,120.0,-51.25232895346745,-9.095590003902828,8.366105802325535,parallel_pifa_h3p5_l8p8_sep17p0_feed8p40,P1B,20
235.0,145.0,550,-7.27830916309254,80.0,120.0,-51.25232895346745,-9.095590003902828,8.104574893379159,parallel_pifa_h3p5_l8p8_sep17p0_feed8p40,P1B,20
240.0,150.0,550,-7.27830916309254,80.0,120.0,-51.25232895346745,-9.095590003902828,7.7593122593157196,parallel_pifa_h3p5_l8p8_sep17p0_feed8p40,P1B,20
245.0,155.0,550,-7.27830916309254,80.0,120.0,-51.25232895346745,-9.095590003902828,7.55635253266863,parallel_pifa_h3p5_l8p8_sep17p0_feed8p40,P1B,20
250.0,160.0,550,-7.27830916309254,80.0,120.0,-51.25232895346745,-9.095590003902828,7.425207866376779,parallel_pifa_h3p5_l8p8_sep17p0_feed8p40,P1B,20
255.0,165.0,550,-7.27830916309254,80.0,120.0,-51.25232895346745,-9.095590003902828,6.805283879793035,parallel_pifa_h3p5_l8p8_sep17p0_feed8p40,P1B,20
260.0,170.0,550,-7.27830916309254,80.0,120.0,-51.25232895346745,-9.095590003902828,6.486032815663211,parallel_pifa_h3p5_l8p8_sep17p0_feed8p40,P1B,20
265.0,175.0,550,-7.27830916309254,80.0,120.0,-51.25232895346745,-9.151650207581262,6.298347638672817,parallel_pifa_h3p5_l8p8_sep17p0_feed8p40,P1B,20
270.0,180.0,550,-7.27830916309254,80.0,120.0,-51.25232895346745,-10.185735775118385,5.635683650177231,parallel_pifa_h3p5_l8p8_sep17p0_feed8p40,P1B,20
275.0,185.0,550,-7.27830916309254,80.0,120.0,-51.25232895346745,-11.093943594193341,5.331442273949363,parallel_pifa_h3p5_l8p8_sep17p0_feed8p40,P1B,20
280.0,190.0,550,-7.27830916309254,80.0,120.0,-51.25232895346745,-12.056944143577917,5.06941464458407,parallel_pifa_h3p5_l8p8_sep17p0_feed8p40,P1B,20
285.0,195.0,550,-7.27830916309254,80.0,120.0,-51.25232895346745,-12.056944143577917,4.460961332164311,parallel_pifa_h3p5_l8p8_sep17p0_feed8p40,P1B,20
290.0,200.0,550,-7.27830916309254,80.0,120.0,-51.25232895346745,-12.056944143577917,4.242127625755245,parallel_pifa_h3p5_l8p8_sep17p0_feed8p40,P1B,20
295.0,205.0,550,-7.27830916309254,80.0,120.0,-51.25232895346745,-12.056944143577917,3.7613440922240775,parallel_pifa_h3p5_l8p8_sep17p0_feed8p40,P1B,20
300.0,210.0,550,-7.27830916309254,80.0,120.0,-51.25232895346745,-12.056944143577917,3.6561241034639114,parallel_pifa_h3p5_l8p8_sep17p0_feed8p40,P1B,20
305.0,215.0,550,-7.27830916309254,80.0,120.0,-51.25232895346745,-12.056944143577917,3.9841576904321045,parallel_pifa_h3p5_l8p8_sep17p0_feed8p40,P1B,20
310.0,220.0,550,-7.27830916309254,80.0,120.0,-51.25232895346745,-12.056944143577917,4.334776393809024,parallel_pifa_h3p5_l8p8_sep17p0_feed8p40,P1B,20
315.0,225.0,550,-7.27830916309254,80.0,120.0,-51.25232895346745,-12.056944143577917,4.821389151558697,parallel_pifa_h3p5_l8p8_sep17p0_feed8p40,P1B,20
320.0,230.0,550,-7.27830916309254,80.0,120.0,-51.25232895346745,-12.056944143577917,5.293009192801879,parallel_pifa_h3p5_l8p8_sep17p0_feed8p40,P1B,20
325.0,235.0,550,-7.27830916309254,80.0,120.0,-51.25232895346745,-12.056944143577917,5.6143705187044946,parallel_pifa_h3p5_l8p8_sep17p0_feed8p40,P1B,20
330.0,240.0,550,-7.27830916309254,80.0,120.0,-51.25232895346745,-12.056944143577917,6.334424991208495,parallel_pifa_h3p5_l8p8_sep17p0_feed8p40,P1B,20
335.0,245.0,550,-7.27830916309254,80.0,120.0,-51.25232895346745,-12.056944143577917,6.7007358009008,parallel_pifa_h3p5_l8p8_sep17p0_feed8p40,P1B,20
340.0,250.0,550,-7.27830916309254,80.0,120.0,-51.25232895346745,-12.056944143577917,7.180203744584287,parallel_pifa_h3p5_l8p8_sep17p0_feed8p40,P1B,20
345.0,255.0,550,-7.27830916309254,80.0,120.0,-51.25232895346745,-12.056944143577917,7.55635253266863,parallel_pifa_h3p5_l8p8_sep17p0_feed8p40,P1B,20
350.0,260.0,550,-7.27830916309254,80.0,120.0,-51.25232895346745,-12.004664576802387,7.976031404032029,parallel_pifa_h3p5_l8p8_sep17p0_feed8p40,P1B,20
355.0,265.0,550,-7.27830916309254,80.0,120.0,-51.25232895346745,-10.947083433312628,8.586792867434921,parallel_pifa_h3p5_l8p8_sep17p0_feed8p40,P1B,20
0.0,270.0,550,-7.96883774888032,55.0,100.0,-24.63392590906736,-20.205010021250388,-4.6934521973416,mirror_pifa_h4p0_l8p8_sep17p0_feed8p40,P1A,21
5.0,275.0,550,-7.96883774888032,55.0,100.0,-24.63392590906736,-20.205010021250388,-5.026130006510842,mirror_pifa_h4p0_l8p8_sep17p0_feed8p40,P1A,21
10.0,280.0,550,-7.96883774888032,55.0,100.0,-24.63392590906736,-20.205010021250388,-5.266065196218138,mirror_pifa_h4p0_l8p8_sep17p0_feed8p40,P1A,21
15.0,285.0,550,-7.96883774888032,55.0,100.0,-24.63392590906736,-20.205010021250388,-5.487484109919474,mirror_pifa_h4p0_l8p8_sep17p0_feed8p40,P1A,21
20.0,290.0,550,-7.96883774888032,55.0,100.0,-24.63392590906736,-20.205010021250388,-5.78826988951926,mirror_pifa_h4p0_l8p8_sep17p0_feed8p40,P1A,21
25.0,295.0,550,-7.96883774888032,55.0,100.0,-24.63392590906736,-20.205010021250388,-6.084094161861131,mirror_pifa_h4p0_l8p8_sep17p0_feed8p40,P1A,21
30.0,300.0,550,-7.96883774888032,55.0,100.0,-24.63392590906736,-20.205010021250388,-6.268199630740945,mirror_pifa_h4p0_l8p8_sep17p0_feed8p40,P1A,21
35.0,305.0,550,-7.96883774888032,55.0,100.0,-24.63392590906736,-20.205010021250388,-6.3740352732337024,mirror_pifa_h4p0_l8p8_sep17p0_feed8p40,P1A,21
40.0,310.0,550,-7.96883774888032,55.0,100.0,-24.63392590906736,-20.205010021250388,-6.5772121631664895,mirror_pifa_h4p0_l8p8_sep17p0_feed8p40,P1A,21
45.0,315.0,550,-7.96883774888032,55.0,100.0,-24.63392590906736,-20.205010021250388,-6.642503872765718,mirror_pifa_h4p0_l8p8_sep17p0_feed8p40,P1A,21
50.0,320.0,550,-7.96883774888032,55.0,100.0,-24.63392590906736,-20.205010021250388,-6.753232241735718,mirror_pifa_h4p0_l8p8_sep17p0_feed8p40,P1A,21
55.0,325.0,550,-7.96883774888032,55.0,100.0,-24.63392590906736,-20.205010021250388,-6.848526095023944,mirror_pifa_h4p0_l8p8_sep17p0_feed8p40,P1A,21
60.0,330.0,550,-7.96883774888032,55.0,100.0,-24.63392590906736,-20.205010021250388,-6.872755105550878,mirror_pifa_h4p0_l8p8_sep17p0_feed8p40,P1A,21
65.0,335.0,550,-7.96883774888032,55.0,100.0,-24.63392590906736,-20.205010021250388,-6.891486391361189,mirror_pifa_h4p0_l8p8_sep17p0_feed8p40,P1A,21
70.0,340.0,550,-7.96883774888032,55.0,100.0,-24.63392590906736,-20.205010021250388,-6.891486391361189,mirror_pifa_h4p0_l8p8_sep17p0_feed8p40,P1A,21
75.0,345.0,550,-7.96883774888032,55.0,100.0,-24.63392590906736,-20.205010021250388,-6.872755105550878,mirror_pifa_h4p0_l8p8_sep17p0_feed8p40,P1A,21
80.0,350.0,550,-7.96883774888032,55.0,100.0,-24.63392590906736,-20.205010021250388,-6.870420396094254,mirror_pifa_h4p0_l8p8_sep17p0_feed8p40,P1A,21
85.0,355.0,550,-7.96883774888032,55.0,100.0,-24.63392590906736,-20.205010021250388,-6.842097243622266,mirror_pifa_h4p0_l8p8_sep17p0_feed8p40,P1A,21
90.0,0.0,550,-7.96883774888032,55.0,100.0,-24.63392590906736,-20.205010021250388,-6.643131376541555,mirror_pifa_h4p0_l8p8_sep17p0_feed8p40,P1A,21
95.0,5.0,550,-7.96883774888032,55.0,100.0,-24.63392590906736,-20.205010021250388,-6.504365805331984,mirror_pifa_h4p0_l8p8_sep17p0_feed8p40,P1A,21
100.0,10.0,550,-7.96883774888032,55.0,100.0,-24.63392590906736,-20.205010021250388,-6.326265082286493,mirror_pifa_h4p0_l8p8_sep17p0_feed8p40,P1A,21
105.0,15.0,550,-7.76793120838853,60.0,105.0,-24.63392590906736,-20.205010021250388,-6.09015818907301,mirror_pifa_h4p0_l8p8_sep17p0_feed8p40,P1A,21
110.0,20.0,550,-7.33052803680477,60.0,110.0,-24.63392590906736,-20.205010021250388,-5.785221348741786,mirror_pifa_h4p0_l8p8_sep17p0_feed8p40,P1A,21
115.0,25.0,550,-6.71957629372445,55.0,115.0,-24.63392590906736,-19.95423867066269,-5.487484109919474,mirror_pifa_h4p0_l8p8_sep17p0_feed8p40,P1A,21
120.0,30.0,550,-6.05152782740198,55.0,120.0,-24.63392590906736,-19.95423867066269,-5.266065196218138,mirror_pifa_h4p0_l8p8_sep17p0_feed8p40,P1A,21
125.0,35.0,550,-5.79345219803072,45.0,165.0,-24.63392590906736,-19.741960527946873,-4.984480003134021,mirror_pifa_h4p0_l8p8_sep17p0_feed8p40,P1A,21
130.0,40.0,550,-5.79345219803072,45.0,165.0,-24.63392590906736,-19.741960527946873,-4.730280541328546,mirror_pifa_h4p0_l8p8_sep17p0_feed8p40,P1A,21
135.0,45.0,550,-5.79345219803072,45.0,165.0,-24.63392590906736,-19.741960527946873,-4.307520893162434,mirror_pifa_h4p0_l8p8_sep17p0_feed8p40,P1A,21
140.0,50.0,550,-5.79345219803072,45.0,165.0,-24.63392590906736,-19.741960527946873,-3.87505574945025,mirror_pifa_h4p0_l8p8_sep17p0_feed8p40,P1A,21
145.0,55.0,550,-5.79345219803072,45.0,165.0,-24.63392590906736,-19.741960527946873,-3.485012294456045,mirror_pifa_h4p0_l8p8_sep17p0_feed8p40,P1A,21
150.0,60.0,550,-5.79345219803072,45.0,165.0,-24.63392590906736,-19.741960527946873,-3.378209541206889,mirror_pifa_h4p0_l8p8_sep17p0_feed8p40,P1A,21
155.0,65.0,550,-5.79345219803072,45.0,165.0,-24.63392590906736,-19.741960527946873,-3.471611889985779,mirror_pifa_h4p0_l8p8_sep17p0_feed8p40,P1A,21
160.0,70.0,550,-5.79345219803072,45.0,165.0,-24.63392590906736,-19.741960527946873,-3.821968171525278,mirror_pifa_h4p0_l8p8_sep17p0_feed8p40,P1A,21
165.0,75.0,550,-5.79345219803072,45.0,165.0,-24.63392590906736,-19.741960527946873,-4.009921258769753,mirror_pifa_h4p0_l8p8_sep17p0_feed8p40,P1A,21
170.0,80.0,550,-6.21069472174328,55.0,80.0,-24.63392590906736,-19.741960527946873,-4.451415011893407,mirror_pifa_h4p0_l8p8_sep17p0_feed8p40,P1A,21
175.0,85.0,550,-6.96903549071616,55.0,85.0,-24.63392590906736,-19.741960527946873,-4.768673744268895,mirror_pifa_h4p0_l8p8_sep17p0_feed8p40,P1A,21
180.0,90.0,550,-7.55177603407491,55.0,90.0,-24.63392590906736,-19.741960527946873,-5.081666184186016,mirror_pifa_h4p0_l8p8_sep17p0_feed8p40,P1A,21
185.0,95.0,550,-7.89865243862781,55.0,95.0,-24.63392590906736,-19.741960527946873,-5.487484109919474,mirror_pifa_h4p0_l8p8_sep17p0_feed8p40,P1A,21
190.0,100.0,550,-7.96883774888032,55.0,100.0,-24.63392590906736,-19.741960527946873,-5.78826988951926,mirror_pifa_h4p0_l8p8_sep17p0_feed8p40,P1A,21
195.0,105.0,550,-7.96883774888032,55.0,100.0,-24.63392590906736,-19.741960527946873,-6.084094161861131,mirror_pifa_h4p0_l8p8_sep17p0_feed8p40,P1A,21
200.0,110.0,550,-7.96883774888032,55.0,100.0,-24.63392590906736,-19.95423867066269,-6.268199630740945,mirror_pifa_h4p0_l8p8_sep17p0_feed8p40,P1A,21
205.0,115.0,550,-7.96883774888032,55.0,100.0,-24.63392590906736,-19.95423867066269,-6.336828034179858,mirror_pifa_h4p0_l8p8_sep17p0_feed8p40,P1A,21
210.0,120.0,550,-7.96883774888032,55.0,100.0,-24.63392590906736,-20.205010021250388,-6.368437747728556,mirror_pifa_h4p0_l8p8_sep17p0_feed8p40,P1A,21
215.0,125.0,550,-7.96883774888032,55.0,100.0,-24.63392590906736,-20.205010021250388,-6.368437747728556,mirror_pifa_h4p0_l8p8_sep17p0_feed8p40,P1A,21
220.0,130.0,550,-7.96883774888032,55.0,100.0,-24.63392590906736,-20.205010021250388,-6.295135926438532,mirror_pifa_h4p0_l8p8_sep17p0_feed8p40,P1A,21
225.0,135.0,550,-7.96883774888032,55.0,100.0,-24.63392590906736,-20.205010021250388,-6.1633764247942215,mirror_pifa_h4p0_l8p8_sep17p0_feed8p40,P1A,21
230.0,140.0,550,-7.96883774888032,55.0,100.0,-24.63392590906736,-20.205010021250388,-5.998354830993918,mirror_pifa_h4p0_l8p8_sep17p0_feed8p40,P1A,21
235.0,145.0,550,-7.96883774888032,55.0,100.0,-24.63392590906736,-19.538898487035038,-5.78826988951926,mirror_pifa_h4p0_l8p8_sep17p0_feed8p40,P1A,21
240.0,150.0,550,-7.96883774888032,55.0,100.0,-24.63392590906736,-18.752205706885935,-5.627167241793975,mirror_pifa_h4p0_l8p8_sep17p0_feed8p40,P1A,21
245.0,155.0,550,-7.96883774888032,55.0,100.0,-24.22067108603148,-18.175885424685195,-5.339212307119875,mirror_pifa_h4p0_l8p8_sep17p0_feed8p40,P1A,21
250.0,160.0,550,-7.96883774888032,55.0,100.0,-22.649259135342504,-17.005500479502423,-5.121058250117679,mirror_pifa_h4p0_l8p8_sep17p0_feed8p40,P1A,21
255.0,165.0,550,-7.96883774888032,55.0,100.0,-22.012846791052123,-15.61045494635399,-4.847901356487959,mirror_pifa_h4p0_l8p8_sep17p0_feed8p40,P1A,21
260.0,170.0,550,-7.96883774888032,55.0,100.0,-22.012846791052123,-14.69763080883654,-4.581752484846627,mirror_pifa_h4p0_l8p8_sep17p0_feed8p40,P1A,21
265.0,175.0,550,-7.96883774888032,55.0,100.0,-22.012846791052123,-14.25754660419286,-4.134367538737496,mirror_pifa_h4p0_l8p8_sep17p0_feed8p40,P1A,21
270.0,180.0,550,-7.96883774888032,55.0,100.0,-22.012846791052123,-13.44810803910421,-3.867627634738922,mirror_pifa_h4p0_l8p8_sep17p0_feed8p40,P1A,21
275.0,185.0,550,-7.96883774888032,55.0,100.0,-22.012846791052123,-12.95268633072062,-3.485012294456045,mirror_pifa_h4p0_l8p8_sep17p0_feed8p40,P1A,21
280.0,190.0,550,-7.96883774888032,55.0,100.0,-22.012846791052123,-11.927634574323642,-3.1497506345394015,mirror_pifa_h4p0_l8p8_sep17p0_feed8p40,P1A,21
285.0,195.0,550,-7.96883774888032,55.0,100.0,-22.012846791052123,-11.535437754551616,-3.0073609975779196,mirror_pifa_h4p0_l8p8_sep17p0_feed8p40,P1A,21
290.0,200.0,550,-7.96883774888032,55.0,100.0,-22.012846791052123,-11.027617146563482,-2.8970252063252744,mirror_pifa_h4p0_l8p8_sep17p0_feed8p40,P1A,21
295.0,205.0,550,-7.96883774888032,55.0,100.0,-22.012846791052123,-10.505642438005868,-2.7951198048246333,mirror_pifa_h4p0_l8p8_sep17p0_feed8p40,P1A,21
300.0,210.0,550,-7.96883774888032,55.0,100.0,-22.012846791052123,-10.505642438005868,-2.7951198048246333,mirror_pifa_h4p0_l8p8_sep17p0_feed8p40,P1A,21
305.0,215.0,550,-7.96883774888032,55.0,100.0,-22.012846791052123,-11.299434177954431,-2.7951198048246333,mirror_pifa_h4p0_l8p8_sep17p0_feed8p40,P1A,21
310.0,220.0,550,-7.96883774888032,55.0,100.0,-22.012846791052123,-11.836370606206632,-2.7951198048246333,mirror_pifa_h4p0_l8p8_sep17p0_feed8p40,P1A,21
315.0,225.0,550,-7.96883774888032,55.0,100.0,-22.012846791052123,-13.164067684975866,-2.7951198048246333,mirror_pifa_h4p0_l8p8_sep17p0_feed8p40,P1A,21
320.0,230.0,550,-7.96883774888032,55.0,100.0,-22.012846791052123,-14.25754660419286,-2.7951198048246333,mirror_pifa_h4p0_l8p8_sep17p0_feed8p40,P1A,21
325.0,235.0,550,-7.96883774888032,55.0,100.0,-23.52499617210471,-15.279986667427,-2.835240643102377,mirror_pifa_h4p0_l8p8_sep17p0_feed8p40,P1A,21
330.0,240.0,550,-7.96883774888032,55.0,100.0,-24.63392590906736,-17.199114095449453,-2.9662096241273828,mirror_pifa_h4p0_l8p8_sep17p0_feed8p40,P1A,21
335.0,245.0,550,-7.96883774888032,55.0,100.0,-24.63392590906736,-18.404638769592236,-3.0535980212349028,mirror_pifa_h4p0_l8p8_sep17p0_feed8p40,P1A,21
340.0,250.0,550,-7.96883774888032,55.0,100.0,-24.63392590906736,-19.025645829745343,-3.2753793690750865,mirror_pifa_h4p0_l8p8_sep17p0_feed8p40,P1A,21
345.0,255.0,550,-7.96883774888032,55.0,100.0,-24.63392590906736,-20.205010021250388,-3.532616490405038,mirror_pifa_h4p0_l8p8_sep17p0_feed8p40,P1A,21
350.0,260.0,550,-7.96883774888032,55.0,100.0,-24.63392590906736,-20.205010021250388,-3.867627634738922,mirror_pifa_h4p0_l8p8_sep17p0_feed8p40,P1A,21
355.0,265.0,550,-7.96883774888032,55.0,100.0,-24.63392590906736,-20.205010021250388,-4.400419593439942,mirror_pifa_h4p0_l8p8_sep17p0_feed8p40,P1A,21
0.0,270.0,550,-7.76903899141895,55.0,260.0,-42.00708249715363,-8.777439477369466,6.46145888109178,mirror_pifa_h4p0_l8p8_sep17p0_feed8p40,P1B,21
5.0,275.0,550,-7.76903899141895,55.0,260.0,-38.97006193371685,-7.5985854220166695,6.659167659741766,mirror_pifa_h4p0_l8p8_sep17p0_feed8p40,P1B,21
10.0,280.0,550,-7.76903899141895,55.0,260.0,-38.97006193371685,-7.14014033049239,6.738632796279658,mirror_pifa_h4p0_l8p8_sep17p0_feed8p40,P1B,21
15.0,285.0,550,-7.76903899141895,55.0,260.0,-38.97006193371685,-6.913674984125812,6.7673409962029085,mirror_pifa_h4p0_l8p8_sep17p0_feed8p40,P1B,21
20.0,290.0,550,-7.76903899141895,55.0,260.0,-38.97006193371685,-6.913674984125812,6.769013074721126,mirror_pifa_h4p0_l8p8_sep17p0_feed8p40,P1B,21
25.0,295.0,550,-7.76903899141895,55.0,260.0,-38.97006193371685,-6.913674984125812,6.769013074721126,mirror_pifa_h4p0_l8p8_sep17p0_feed8p40,P1B,21
30.0,300.0,550,-7.76903899141895,55.0,260.0,-38.97006193371685,-6.913674984125812,6.7673409962029085,mirror_pifa_h4p0_l8p8_sep17p0_feed8p40,P1B,21
35.0,305.0,550,-7.76903899141895,55.0,260.0,-38.97006193371685,-6.913674984125812,6.708899428710417,mirror_pifa_h4p0_l8p8_sep17p0_feed8p40,P1B,21
40.0,310.0,550,-7.76903899141895,55.0,260.0,-38.97006193371685,-6.913674984125812,6.565334361659071,mirror_pifa_h4p0_l8p8_sep17p0_feed8p40,P1B,21
45.0,315.0,550,-7.76903899141895,55.0,260.0,-38.97006193371685,-6.913674984125812,6.424607269856205,mirror_pifa_h4p0_l8p8_sep17p0_feed8p40,P1B,21
50.0,320.0,550,-7.76903899141895,55.0,260.0,-38.97006193371685,-6.913674984125812,6.308607890332539,mirror_pifa_h4p0_l8p8_sep17p0_feed8p40,P1B,21
55.0,325.0,550,-7.76903899141895,55.0,260.0,-38.97006193371685,-6.913674984125812,6.24687949520583,mirror_pifa_h4p0_l8p8_sep17p0_feed8p40,P1B,21
60.0,330.0,550,-7.76903899141895,55.0,260.0,-38.97006193371685,-7.14014033049239,6.154645055093933,mirror_pifa_h4p0_l8p8_sep17p0_feed8p40,P1B,21
65.0,335.0,550,-7.76903899141895,55.0,260.0,-38.97006193371685,-7.274720897878212,6.026473583025357,mirror_pifa_h4p0_l8p8_sep17p0_feed8p40,P1B,21
70.0,340.0,550,-7.76903899141895,55.0,260.0,-38.97006193371685,-8.61393214640876,5.828923487283488,mirror_pifa_h4p0_l8p8_sep17p0_feed8p40,P1B,21
75.0,345.0,550,-7.76903899141895,55.0,260.0,-38.97006193371685,-9.204160674390495,5.579218445399071,mirror_pifa_h4p0_l8p8_sep17p0_feed8p40,P1B,21
80.0,350.0,550,-7.76903899141895,55.0,260.0,-38.97006193371685,-10.447426754548168,5.442833603006438,mirror_pifa_h4p0_l8p8_sep17p0_feed8p40,P1B,21
85.0,355.0,550,-7.76903899141895,55.0,260.0,-38.97006193371685,-11.321139578538936,5.244400675471695,mirror_pifa_h4p0_l8p8_sep17p0_feed8p40,P1B,21
90.0,0.0,550,-7.76903899141895,55.0,260.0,-42.00708249715363,-11.65391588434165,4.917874304361098,mirror_pifa_h4p0_l8p8_sep17p0_feed8p40,P1B,21
95.0,5.0,550,-7.76903899141895,55.0,260.0,-42.00708249715363,-11.87624202499576,4.354441336234284,mirror_pifa_h4p0_l8p8_sep17p0_feed8p40,P1B,21
100.0,10.0,550,-7.76903899141895,55.0,260.0,-42.00708249715363,-11.87624202499576,3.9401210430858318,mirror_pifa_h4p0_l8p8_sep17p0_feed8p40,P1B,21
105.0,15.0,550,-7.76903899141895,55.0,260.0,-42.00708249715363,-11.87624202499576,3.724447524565048,mirror_pifa_h4p0_l8p8_sep17p0_feed8p40,P1B,21
110.0,20.0,550,-7.76903899141895,55.0,260.0,-42.00708249715363,-11.87624202499576,3.211744291489172,mirror_pifa_h4p0_l8p8_sep17p0_feed8p40,P1B,21
115.0,25.0,550,-7.76903899141895,55.0,260.0,-42.00708249715363,-11.87624202499576,3.001967143857462,mirror_pifa_h4p0_l8p8_sep17p0_feed8p40,P1B,21
120.0,30.0,550,-7.76903899141895,55.0,260.0,-42.00708249715363,-11.87624202499576,2.950443885955227,mirror_pifa_h4p0_l8p8_sep17p0_feed8p40,P1B,21
125.0,35.0,550,-7.76903899141895,55.0,260.0,-42.00708249715363,-11.87624202499576,2.9263025215915706,mirror_pifa_h4p0_l8p8_sep17p0_feed8p40,P1B,21
130.0,40.0,550,-7.76903899141895,55.0,260.0,-42.00708249715363,-11.87624202499576,2.7916948766707925,mirror_pifa_h4p0_l8p8_sep17p0_feed8p40,P1B,21
135.0,45.0,550,-7.76903899141895,55.0,260.0,-42.00708249715363,-11.87624202499576,2.7832322797381748,mirror_pifa_h4p0_l8p8_sep17p0_feed8p40,P1B,21
140.0,50.0,550,-7.76903899141895,55.0,260.0,-42.00708249715363,-11.87624202499576,2.7832322797381748,mirror_pifa_h4p0_l8p8_sep17p0_feed8p40,P1B,21
145.0,55.0,550,-7.76903899141895,55.0,260.0,-42.00708249715363,-11.87624202499576,2.7832322797381748,mirror_pifa_h4p0_l8p8_sep17p0_feed8p40,P1B,21
150.0,60.0,550,-7.76903899141895,55.0,260.0,-42.00708249715363,-11.87624202499576,2.7832322797381748,mirror_pifa_h4p0_l8p8_sep17p0_feed8p40,P1B,21
155.0,65.0,550,-7.76903899141895,55.0,260.0,-42.00708249715363,-11.87624202499576,2.7832322797381748,mirror_pifa_h4p0_l8p8_sep17p0_feed8p40,P1B,21
160.0,70.0,550,-7.76903899141895,55.0,260.0,-42.00708249715363,-11.87624202499576,2.7916948766707925,mirror_pifa_h4p0_l8p8_sep17p0_feed8p40,P1B,21
165.0,75.0,550,-7.76903899141895,55.0,260.0,-42.00708249715363,-11.87624202499576,2.9366171321757752,mirror_pifa_h4p0_l8p8_sep17p0_feed8p40,P1B,21
170.0,80.0,550,-7.76903899141895,55.0,260.0,-42.00708249715363,-11.87624202499576,2.997911607423454,mirror_pifa_h4p0_l8p8_sep17p0_feed8p40,P1B,21
175.0,85.0,550,-7.76903899141895,55.0,260.0,-42.00708249715363,-11.87624202499576,3.4275565986707135,mirror_pifa_h4p0_l8p8_sep17p0_feed8p40,P1B,21
180.0,90.0,550,-7.76903899141895,55.0,260.0,-42.00708249715363,-11.87624202499576,3.8009056122735156,mirror_pifa_h4p0_l8p8_sep17p0_feed8p40,P1B,21
185.0,95.0,550,-7.76903899141895,55.0,260.0,-42.00708249715363,-11.51894260232871,4.174437660190143,mirror_pifa_h4p0_l8p8_sep17p0_feed8p40,P1B,21
190.0,100.0,550,-7.76903899141895,55.0,260.0,-42.00708249715363,-10.447426754548168,4.5357972705292,mirror_pifa_h4p0_l8p8_sep17p0_feed8p40,P1B,21
195.0,105.0,550,-7.76903899141895,55.0,260.0,-42.00708249715363,-9.734179971858758,4.975631468038565,mirror_pifa_h4p0_l8p8_sep17p0_feed8p40,P1B,21
200.0,110.0,550,-7.76903899141895,55.0,260.0,-42.00708249715363,-9.734179971858758,5.244400675471695,mirror_pifa_h4p0_l8p8_sep17p0_feed8p40,P1B,21
205.0,115.0,550,-7.76903899141895,55.0,260.0,-42.00708249715363,-9.734179971858758,5.418490407997963,mirror_pifa_h4p0_l8p8_sep17p0_feed8p40,P1B,21
210.0,120.0,550,-7.76903899141895,55.0,260.0,-42.00708249715363,-9.734179971858758,5.498012515575045,mirror_pifa_h4p0_l8p8_sep17p0_feed8p40,P1B,21
215.0,125.0,550,-7.76903899141895,55.0,260.0,-42.00708249715363,-9.734179971858758,5.684755140468496,mirror_pifa_h4p0_l8p8_sep17p0_feed8p40,P1B,21
220.0,130.0,550,-7.76903899141895,55.0,260.0,-42.00708249715363,-9.734179971858758,5.985826301160177,mirror_pifa_h4p0_l8p8_sep17p0_feed8p40,P1B,21
225.0,135.0,550,-7.76903899141895,55.0,260.0,-42.00708249715363,-9.734179971858758,6.070866018487812,mirror_pifa_h4p0_l8p8_sep17p0_feed8p40,P1B,21
230.0,140.0,550,-7.76903899141895,55.0,260.0,-42.00708249715363,-9.734179971858758,6.109801122750909,mirror_pifa_h4p0_l8p8_sep17p0_feed8p40,P1B,21
235.0,145.0,550,-7.76903899141895,55.0,260.0,-42.00708249715363,-9.734179971858758,6.131039463170291,mirror_pifa_h4p0_l8p8_sep17p0_feed8p40,P1B,21
240.0,150.0,550,-7.76903899141895,55.0,260.0,-42.00708249715363,-9.734179971858758,6.131039463170291,mirror_pifa_h4p0_l8p8_sep17p0_feed8p40,P1B,21
245.0,155.0,550,-7.76903899141895,55.0,260.0,-42.00708249715363,-9.734179971858758,6.109801122750909,mirror_pifa_h4p0_l8p8_sep17p0_feed8p40,P1B,21
250.0,160.0,550,-7.76903899141895,55.0,260.0,-42.00708249715363,-9.734179971858758,6.0765716829755245,mirror_pifa_h4p0_l8p8_sep17p0_feed8p40,P1B,21
255.0,165.0,550,-7.76903899141895,55.0,260.0,-42.00708249715363,-9.734179971858758,6.016949188499659,mirror_pifa_h4p0_l8p8_sep17p0_feed8p40,P1B,21
260.0,170.0,550,-7.76903899141895,55.0,260.0,-42.00708249715363,-9.734179971858758,5.704169130882072,mirror_pifa_h4p0_l8p8_sep17p0_feed8p40,P1B,21
265.0,175.0,550,-7.72301255641915,55.0,265.0,-42.00708249715363,-9.969280668607869,5.342326189538264,mirror_pifa_h4p0_l8p8_sep17p0_feed8p40,P1B,21
270.0,180.0,550,-7.41617573359613,55.0,270.0,-42.00708249715363,-10.881941486533865,5.180611418655065,mirror_pifa_h4p0_l8p8_sep17p0_feed8p40,P1B,21
275.0,185.0,550,-6.87500268451877,55.0,275.0,-42.00708249715363,-11.831434439431439,4.917874304361098,mirror_pifa_h4p0_l8p8_sep17p0_feed8p40,P1B,21
280.0,190.0,550,-6.15021252642428,55.0,280.0,-42.00708249715363,-11.87624202499576,4.508108458423147,mirror_pifa_h4p0_l8p8_sep17p0_feed8p40,P1B,21
285.0,195.0,550,-5.42359406378507,45.0,195.0,-42.00708249715363,-11.87624202499576,4.174437660190143,mirror_pifa_h4p0_l8p8_sep17p0_feed8p40,P1B,21
290.0,200.0,550,-5.42359406378507,45.0,195.0,-42.00708249715363,-11.87624202499576,3.8889138728528208,mirror_pifa_h4p0_l8p8_sep17p0_feed8p40,P1B,21
295.0,205.0,550,-5.42359406378507,45.0,195.0,-42.00708249715363,-11.87624202499576,3.724447524565048,mirror_pifa_h4p0_l8p8_sep17p0_feed8p40,P1B,21
300.0,210.0,550,-5.42359406378507,45.0,195.0,-42.00708249715363,-11.87624202499576,3.5957691863819043,mirror_pifa_h4p0_l8p8_sep17p0_feed8p40,P1B,21
305.0,215.0,550,-5.42359406378507,45.0,195.0,-42.00708249715363,-11.87624202499576,3.704014710904377,mirror_pifa_h4p0_l8p8_sep17p0_feed8p40,P1B,21
310.0,220.0,550,-5.42359406378507,45.0,195.0,-42.00708249715363,-11.87624202499576,4.031865368569617,mirror_pifa_h4p0_l8p8_sep17p0_feed8p40,P1B,21
315.0,225.0,550,-5.42359406378507,45.0,195.0,-42.00708249715363,-11.87624202499576,4.453494429568825,mirror_pifa_h4p0_l8p8_sep17p0_feed8p40,P1B,21
320.0,230.0,550,-5.42359406378507,45.0,195.0,-42.00708249715363,-11.87624202499576,4.979222549143555,mirror_pifa_h4p0_l8p8_sep17p0_feed8p40,P1B,21
325.0,235.0,550,-5.42359406378507,45.0,195.0,-42.00708249715363,-11.87624202499576,5.26311235602678,mirror_pifa_h4p0_l8p8_sep17p0_feed8p40,P1B,21
330.0,240.0,550,-6.01698989535082,55.0,240.0,-42.00708249715363,-11.87624202499576,5.482913950727201,mirror_pifa_h4p0_l8p8_sep17p0_feed8p40,P1B,21
335.0,245.0,550,-6.61932550063488,55.0,245.0,-42.00708249715363,-11.87624202499576,5.873320897023432,mirror_pifa_h4p0_l8p8_sep17p0_feed8p40,P1B,21
340.0,250.0,550,-7.15921030939977,55.0,250.0,-42.00708249715363,-11.87624202499576,6.061553954505373,mirror_pifa_h4p0_l8p8_sep17p0_feed8p40,P1B,21
345.0,255.0,550,-7.5652831376758,55.0,255.0,-42.00708249715363,-11.87624202499576,6.154645055093933,mirror_pifa_h4p0_l8p8_sep17p0_feed8p40,P1B,21
350.0,260.0,550,-7.76903899141895,55.0,260.0,-42.00708249715363,-11.321139578538936,6.24687949520583,mirror_pifa_h4p0_l8p8_sep17p0_feed8p40,P1B,21
355.0,265.0,550,-7.76903899141895,55.0,260.0,-42.00708249715363,-9.734179971858758,6.318329827375651,mirror_pifa_h4p0_l8p8_sep17p0_feed8p40,P1B,21
0.0,270.0,550,-11.7869030123559,70.0,230.0,-27.626347108716303,-11.210990407151975,-2.757777153143304,parallel_pifa_h5p8_l8p6_sep17p0_feed7p80,P1A,22
5.0,275.0,550,-11.7869030123559,70.0,230.0,-27.626347108716303,-11.210990407151975,-2.9392776033599426,parallel_pifa_h5p8_l8p6_sep17p0_feed7p80,P1A,22
10.0,280.0,550,-11.7869030123559,70.0,230.0,-27.626347108716303,-11.210990407151975,-3.07616805550667,parallel_pifa_h5p8_l8p6_sep17p0_feed7p80,P1A,22
15.0,285.0,550,-11.7869030123559,70.0,230.0,-27.626347108716303,-11.210990407151975,-3.1916787770480415,parallel_pifa_h5p8_l8p6_sep17p0_feed7p80,P1A,22
20.0,290.0,550,-11.7869030123559,70.0,230.0,-27.626347108716303,-11.210990407151975,-3.1978660651829074,parallel_pifa_h5p8_l8p6_sep17p0_feed7p80,P1A,22
25.0,295.0,550,-11.7869030123559,70.0,230.0,-27.626347108716303,-11.210990407151975,-3.1934463923283207,parallel_pifa_h5p8_l8p6_sep17p0_feed7p80,P1A,22
30.0,300.0,550,-11.7869030123559,70.0,230.0,-27.626347108716303,-11.210990407151975,-3.1395102584457657,parallel_pifa_h5p8_l8p6_sep17p0_feed7p80,P1A,22
35.0,305.0,550,-11.7869030123559,70.0,230.0,-27.626347108716303,-11.210990407151975,-3.083230490406701,parallel_pifa_h5p8_l8p6_sep17p0_feed7p80,P1A,22
40.0,310.0,550,-11.7869030123559,70.0,230.0,-27.626347108716303,-11.210990407151975,-2.989558265660005,parallel_pifa_h5p8_l8p6_sep17p0_feed7p80,P1A,22
45.0,315.0,550,-11.7869030123559,70.0,230.0,-27.626347108716303,-11.210990407151975,-2.9410643142247057,parallel_pifa_h5p8_l8p6_sep17p0_feed7p80,P1A,22
50.0,320.0,550,-11.7869030123559,70.0,230.0,-27.626347108716303,-11.210990407151975,-2.93671661846313,parallel_pifa_h5p8_l8p6_sep17p0_feed7p80,P1A,22
55.0,325.0,550,-11.7869030123559,70.0,230.0,-27.626347108716303,-11.210990407151975,-2.8883674709872134,parallel_pifa_h5p8_l8p6_sep17p0_feed7p80,P1A,22
60.0,330.0,550,-11.7869030123559,70.0,230.0,-27.626347108716303,-11.210990407151975,-2.849463233805084,parallel_pifa_h5p8_l8p6_sep17p0_feed7p80,P1A,22
65.0,335.0,550,-11.7869030123559,70.0,230.0,-27.626347108716303,-11.210990407151975,-2.8321024719861043,parallel_pifa_h5p8_l8p6_sep17p0_feed7p80,P1A,22
70.0,340.0,550,-11.7869030123559,70.0,230.0,-27.626347108716303,-11.210990407151975,-2.7752872232985535,parallel_pifa_h5p8_l8p6_sep17p0_feed7p80,P1A,22
75.0,345.0,550,-11.7869030123559,70.0,230.0,-27.626347108716303,-11.210990407151975,-2.7428263784701716,parallel_pifa_h5p8_l8p6_sep17p0_feed7p80,P1A,22
80.0,350.0,550,-11.7869030123559,70.0,230.0,-27.626347108716303,-11.210990407151975,-2.674900913416808,parallel_pifa_h5p8_l8p6_sep17p0_feed7p80,P1A,22
85.0,355.0,550,-11.7869030123559,70.0,230.0,-27.626347108716303,-11.210990407151975,-2.6680337028180516,parallel_pifa_h5p8_l8p6_sep17p0_feed7p80,P1A,22
90.0,0.0,550,-11.7869030123559,70.0,230.0,-27.626347108716303,-11.210990407151975,-2.6142522769557255,parallel_pifa_h5p8_l8p6_sep17p0_feed7p80,P1A,22
95.0,5.0,550,-11.7869030123559,70.0,230.0,-27.626347108716303,-11.210990407151975,-2.6142522769557255,parallel_pifa_h5p8_l8p6_sep17p0_feed7p80,P1A,22
100.0,10.0,550,-11.7869030123559,70.0,230.0,-27.626347108716303,-11.210990407151975,-2.6714450773172227,parallel_pifa_h5p8_l8p6_sep17p0_feed7p80,P1A,22
105.0,15.0,550,-11.7869030123559,70.0,230.0,-27.626347108716303,-11.210990407151975,-2.7699593466801273,parallel_pifa_h5p8_l8p6_sep17p0_feed7p80,P1A,22
110.0,20.0,550,-11.7869030123559,70.0,230.0,-27.626347108716303,-11.210990407151975,-2.8680115359194085,parallel_pifa_h5p8_l8p6_sep17p0_feed7p80,P1A,22
115.0,25.0,550,-11.7869030123559,70.0,230.0,-27.626347108716303,-11.210990407151975,-3.022136071328373,parallel_pifa_h5p8_l8p6_sep17p0_feed7p80,P1A,22
120.0,30.0,550,-11.7869030123559,70.0,230.0,-27.626347108716303,-11.210990407151975,-3.1014855867447637,parallel_pifa_h5p8_l8p6_sep17p0_feed7p80,P1A,22
125.0,35.0,550,-11.7869030123559,70.0,230.0,-27.626347108716303,-11.210990407151975,-3.2154188236922945,parallel_pifa_h5p8_l8p6_sep17p0_feed7p80,P1A,22
130.0,40.0,550,-11.7869030123559,70.0,230.0,-27.626347108716303,-11.210990407151975,-3.2608134167922214,parallel_pifa_h5p8_l8p6_sep17p0_feed7p80,P1A,22
135.0,45.0,550,-11.7869030123559,70.0,230.0,-27.626347108716303,-11.210990407151975,-3.3576233944027782,parallel_pifa_h5p8_l8p6_sep17p0_feed7p80,P1A,22
140.0,50.0,550,-11.7869030123559,70.0,230.0,-27.626347108716303,-11.210990407151975,-3.391485439564324,parallel_pifa_h5p8_l8p6_sep17p0_feed7p80,P1A,22
145.0,55.0,550,-11.7869030123559,70.0,230.0,-27.626347108716303,-11.210990407151975,-3.439790080276101,parallel_pifa_h5p8_l8p6_sep17p0_feed7p80,P1A,22
150.0,60.0,550,-11.7869030123559,70.0,230.0,-27.626347108716303,-11.210990407151975,-3.4435112557860412,parallel_pifa_h5p8_l8p6_sep17p0_feed7p80,P1A,22
155.0,65.0,550,-11.7869030123559,70.0,230.0,-27.626347108716303,-11.210990407151975,-3.4435112557860412,parallel_pifa_h5p8_l8p6_sep17p0_feed7p80,P1A,22
160.0,70.0,550,-11.7869030123559,70.0,230.0,-27.626347108716303,-11.210990407151975,-3.4405457714006165,parallel_pifa_h5p8_l8p6_sep17p0_feed7p80,P1A,22
165.0,75.0,550,-11.7869030123559,70.0,230.0,-27.626347108716303,-11.210990407151975,-3.4405457714006165,parallel_pifa_h5p8_l8p6_sep17p0_feed7p80,P1A,22
170.0,80.0,550,-11.7869030123559,70.0,230.0,-27.626347108716303,-11.210990407151975,-3.4435112557860412,parallel_pifa_h5p8_l8p6_sep17p0_feed7p80,P1A,22
175.0,85.0,550,-11.7869030123559,70.0,230.0,-27.626347108716303,-11.210990407151975,-3.4536230426913743,parallel_pifa_h5p8_l8p6_sep17p0_feed7p80,P1A,22
180.0,90.0,550,-11.7869030123559,70.0,230.0,-27.626347108716303,-11.210990407151975,-3.4536230426913743,parallel_pifa_h5p8_l8p6_sep17p0_feed7p80,P1A,22
185.0,95.0,550,-11.7869030123559,70.0,230.0,-27.626347108716303,-11.210990407151975,-3.4536230426913743,parallel_pifa_h5p8_l8p6_sep17p0_feed7p80,P1A,22
190.0,100.0,550,-11.7869030123559,70.0,230.0,-27.626347108716303,-11.210990407151975,-3.4405457714006165,parallel_pifa_h5p8_l8p6_sep17p0_feed7p80,P1A,22
195.0,105.0,550,-11.7869030123559,70.0,230.0,-27.626347108716303,-11.210990407151975,-3.374192156276869,parallel_pifa_h5p8_l8p6_sep17p0_feed7p80,P1A,22
200.0,110.0,550,-11.7869030123559,70.0,230.0,-27.626347108716303,-10.550365120989477,-3.2608134167922214,parallel_pifa_h5p8_l8p6_sep17p0_feed7p80,P1A,22
205.0,115.0,550,-11.7869030123559,70.0,230.0,-27.626347108716303,-9.772081712452982,-3.1916787770480415,parallel_pifa_h5p8_l8p6_sep17p0_feed7p80,P1A,22
210.0,120.0,550,-11.7869030123559,70.0,230.0,-27.626347108716303,-8.75710670795927,-3.0908019733551315,parallel_pifa_h5p8_l8p6_sep17p0_feed7p80,P1A,22
215.0,125.0,550,-11.7869030123559,70.0,230.0,-27.626347108716303,-8.373992659127033,-3.022136071328373,parallel_pifa_h5p8_l8p6_sep17p0_feed7p80,P1A,22
220.0,130.0,550,-11.7869030123559,70.0,230.0,-22.563191876055107,-8.09279145432402,-2.9018543214104016,parallel_pifa_h5p8_l8p6_sep17p0_feed7p80,P1A,22
225.0,135.0,550,-11.7869030123559,70.0,230.0,-11.672292607618417,-7.864672729414226,-2.79672477075612,parallel_pifa_h5p8_l8p6_sep17p0_feed7p80,P1A,22
230.0,140.0,550,-11.7869030123559,70.0,230.0,-9.407446184895287,-7.760070421005362,-2.6980205820260443,parallel_pifa_h5p8_l8p6_sep17p0_feed7p80,P1A,22
235.0,145.0,550,-9.94997313106374,70.0,235.0,-9.407446184895287,-7.760070421005362,-2.6980205820260443,parallel_pifa_h5p8_l8p6_sep17p0_feed7p80,P1A,22
240.0,150.0,550,-8.20365309180482,90.0,130.0,-9.407446184895287,-7.760070421005362,-2.7083033305199655,parallel_pifa_h5p8_l8p6_sep17p0_feed7p80,P1A,22
245.0,155.0,550,-8.20365309180482,90.0,130.0,-9.407446184895287,-7.760070421005362,-2.6980205820260443,parallel_pifa_h5p8_l8p6_sep17p0_feed7p80,P1A,22
250.0,160.0,550,-8.20365309180482,90.0,130.0,-9.407446184895287,-7.760070421005362,-2.6714450773172227,parallel_pifa_h5p8_l8p6_sep17p0_feed7p80,P1A,22
255.0,165.0,550,-8.20365309180482,90.0,130.0,-9.407446184895287,-7.634485033327532,-2.6272718469821688,parallel_pifa_h5p8_l8p6_sep17p0_feed7p80,P1A,22
260.0,170.0,550,-8.20365309180482,90.0,130.0,-9.407446184895287,-7.566374042887584,-2.471239747926247,parallel_pifa_h5p8_l8p6_sep17p0_feed7p80,P1A,22
265.0,175.0,550,-8.20365309180482,90.0,130.0,-9.407446184895287,-7.404936008311912,-2.3126864296087173,parallel_pifa_h5p8_l8p6_sep17p0_feed7p80,P1A,22
270.0,180.0,550,-8.20365309180482,90.0,130.0,-9.407446184895287,-7.288832214627249,-2.185947783093178,parallel_pifa_h5p8_l8p6_sep17p0_feed7p80,P1A,22
275.0,185.0,550,-8.20365309180482,90.0,130.0,-9.407446184895287,-7.145836795461596,-2.153646394457662,parallel_pifa_h5p8_l8p6_sep17p0_feed7p80,P1A,22
280.0,190.0,550,-8.20365309180482,90.0,130.0,-9.407446184895287,-7.119295188752536,-2.1212409215568773,parallel_pifa_h5p8_l8p6_sep17p0_feed7p80,P1A,22
285.0,195.0,550,-8.20365309180482,90.0,130.0,-11.210990407151975,-7.306154733270339,-2.1212409215568773,parallel_pifa_h5p8_l8p6_sep17p0_feed7p80,P1A,22
290.0,200.0,550,-8.20365309180482,90.0,130.0,-12.605270603792448,-7.91567446884916,-2.1212409215568773,parallel_pifa_h5p8_l8p6_sep17p0_feed7p80,P1A,22
295.0,205.0,550,-8.20365309180482,90.0,130.0,-14.979986866740623,-8.509842132093253,-2.1212409215568773,parallel_pifa_h5p8_l8p6_sep17p0_feed7p80,P1A,22
300.0,210.0,550,-8.20365309180482,90.0,130.0,-18.379440320682594,-9.337004531345247,-2.138364771584826,parallel_pifa_h5p8_l8p6_sep17p0_feed7p80,P1A,22
305.0,215.0,550,-8.20365309180482,90.0,130.0,-27.626347108716303,-10.202936309443443,-2.138364771584826,parallel_pifa_h5p8_l8p6_sep17p0_feed7p80,P1A,22
310.0,220.0,550,-8.35492638662229,60.0,220.0,-27.626347108716303,-10.651575184532497,-2.138364771584826,parallel_pifa_h5p8_l8p6_sep17p0_feed7p80,P1A,22
315.0,225.0,550,-10.6618584952997,65.0,225.0,-27.626347108716303,-11.210990407151975,-2.083091813708318,parallel_pifa_h5p8_l8p6_sep17p0_feed7p80,P1A,22
320.0,230.0,550,-11.7869030123559,70.0,230.0,-27.626347108716303,-11.210990407151975,-2.0201391371141577,parallel_pifa_h5p8_l8p6_sep17p0_feed7p80,P1A,22
325.0,235.0,550,-11.7869030123559,70.0,230.0,-27.626347108716303,-11.210990407151975,-1.9795464560438107,parallel_pifa_h5p8_l8p6_sep17p0_feed7p80,P1A,22
330.0,240.0,550,-11.7869030123559,70.0,230.0,-27.626347108716303,-11.210990407151975,-1.9795464560438107,parallel_pifa_h5p8_l8p6_sep17p0_feed7p80,P1A,22
335.0,245.0,550,-11.7869030123559,70.0,230.0,-27.626347108716303,-11.210990407151975,-2.0080621684044857,parallel_pifa_h5p8_l8p6_sep17p0_feed7p80,P1A,22
340.0,250.0,550,-11.7869030123559,70.0,230.0,-27.626347108716303,-11.210990407151975,-2.0792304684064256,parallel_pifa_h5p8_l8p6_sep17p0_feed7p80,P1A,22
345.0,255.0,550,-11.7869030123559,70.0,230.0,-27.626347108716303,-11.210990407151975,-2.179538083149692,parallel_pifa_h5p8_l8p6_sep17p0_feed7p80,P1A,22
350.0,260.0,550,-11.7869030123559,70.0,230.0,-27.626347108716303,-11.210990407151975,-2.324839819860783,parallel_pifa_h5p8_l8p6_sep17p0_feed7p80,P1A,22
355.0,265.0,550,-11.7869030123559,70.0,230.0,-27.626347108716303,-11.210990407151975,-2.5986809238765374,parallel_pifa_h5p8_l8p6_sep17p0_feed7p80,P1A,22
0.0,270.0,550,-13.240609666726,45.0,215.0,-40.52244290219434,-14.865854933357443,1.9686171965191,parallel_pifa_h5p8_l8p6_sep17p0_feed7p80,P1B,22
5.0,275.0,550,-13.240609666726,45.0,215.0,-37.883528113032995,-14.333018076380007,2.050908489580042,parallel_pifa_h5p8_l8p6_sep17p0_feed7p80,P1B,22
10.0,280.0,550,-13.240609666726,45.0,215.0,-37.883528113032995,-13.584579482597832,2.084337844687213,parallel_pifa_h5p8_l8p6_sep17p0_feed7p80,P1B,22
15.0,285.0,550,-13.240609666726,45.0,215.0,-37.883528113032995,-13.492511647875974,2.084337844687213,parallel_pifa_h5p8_l8p6_sep17p0_feed7p80,P1B,22
20.0,290.0,550,-13.240609666726,45.0,215.0,-37.883528113032995,-13.492511647875974,2.084337844687213,parallel_pifa_h5p8_l8p6_sep17p0_feed7p80,P1B,22
25.0,295.0,550,-13.240609666726,45.0,215.0,-37.883528113032995,-13.492511647875974,2.084337844687213,parallel_pifa_h5p8_l8p6_sep17p0_feed7p80,P1B,22
30.0,300.0,550,-13.240609666726,45.0,215.0,-37.883528113032995,-13.492511647875974,2.084337844687213,parallel_pifa_h5p8_l8p6_sep17p0_feed7p80,P1B,22
35.0,305.0,550,-13.240609666726,45.0,215.0,-37.883528113032995,-13.492511647875974,2.084337844687213,parallel_pifa_h5p8_l8p6_sep17p0_feed7p80,P1B,22
40.0,310.0,550,-13.240609666726,45.0,215.0,-37.883528113032995,-13.584579482597832,2.084337844687213,parallel_pifa_h5p8_l8p6_sep17p0_feed7p80,P1B,22
45.0,315.0,550,-13.240609666726,45.0,215.0,-37.883528113032995,-14.197881573558428,2.084337844687213,parallel_pifa_h5p8_l8p6_sep17p0_feed7p80,P1B,22
50.0,320.0,550,-13.240609666726,45.0,215.0,-37.883528113032995,-14.333018076380007,2.084337844687213,parallel_pifa_h5p8_l8p6_sep17p0_feed7p80,P1B,22
55.0,325.0,550,-13.240609666726,45.0,215.0,-37.883528113032995,-14.45683245881903,2.084337844687213,parallel_pifa_h5p8_l8p6_sep17p0_feed7p80,P1B,22
60.0,330.0,550,-13.240609666726,45.0,215.0,-37.883528113032995,-14.92153730238821,1.9686171965191,parallel_pifa_h5p8_l8p6_sep17p0_feed7p80,P1B,22
65.0,335.0,550,-13.240609666726,45.0,215.0,-37.883528113032995,-15.59631772388828,1.7192206732257458,parallel_pifa_h5p8_l8p6_sep17p0_feed7p80,P1B,22
70.0,340.0,550,-13.240609666726,45.0,215.0,-37.883528113032995,-16.191722851055474,1.1857031969298382,parallel_pifa_h5p8_l8p6_sep17p0_feed7p80,P1B,22
75.0,345.0,550,-13.240609666726,45.0,215.0,-37.883528113032995,-16.69991785349493,0.7445742826260582,parallel_pifa_h5p8_l8p6_sep17p0_feed7p80,P1B,22
80.0,350.0,550,-13.240609666726,45.0,215.0,-37.883528113032995,-16.833016030540254,0.10497168092204677,parallel_pifa_h5p8_l8p6_sep17p0_feed7p80,P1B,22
85.0,355.0,550,-13.240609666726,45.0,215.0,-37.883528113032995,-17.681158511328828,-0.5435661028477192,parallel_pifa_h5p8_l8p6_sep17p0_feed7p80,P1B,22
90.0,0.0,550,-13.240609666726,45.0,215.0,-40.52244290219434,-17.816798972979356,-0.7612521085767211,parallel_pifa_h5p8_l8p6_sep17p0_feed7p80,P1B,22
95.0,5.0,550,-13.240609666726,45.0,215.0,-40.52244290219434,-19.191379668530033,-1.279556809726268,parallel_pifa_h5p8_l8p6_sep17p0_feed7p80,P1B,22
100.0,10.0,550,-13.240609666726,45.0,215.0,-40.52244290219434,-19.191379668530033,-1.5472755892009844,parallel_pifa_h5p8_l8p6_sep17p0_feed7p80,P1B,22
105.0,15.0,550,-13.240609666726,45.0,215.0,-40.52244290219434,-19.191379668530033,-1.9018700624964,parallel_pifa_h5p8_l8p6_sep17p0_feed7p80,P1B,22
110.0,20.0,550,-13.240609666726,45.0,215.0,-40.52244290219434,-19.191379668530033,-2.046941598477075,parallel_pifa_h5p8_l8p6_sep17p0_feed7p80,P1B,22
115.0,25.0,550,-13.240609666726,45.0,215.0,-40.52244290219434,-19.191379668530033,-2.2854922581257937,parallel_pifa_h5p8_l8p6_sep17p0_feed7p80,P1B,22
120.0,30.0,550,-13.240609666726,45.0,215.0,-40.52244290219434,-19.191379668530033,-2.5097087354423837,parallel_pifa_h5p8_l8p6_sep17p0_feed7p80,P1B,22
125.0,35.0,550,-13.240609666726,45.0,215.0,-40.52244290219434,-19.191379668530033,-2.5965843680319294,parallel_pifa_h5p8_l8p6_sep17p0_feed7p80,P1B,22
130.0,40.0,550,-13.240609666726,45.0,215.0,-40.52244290219434,-19.191379668530033,-2.6310961402776725,parallel_pifa_h5p8_l8p6_sep17p0_feed7p80,P1B,22
135.0,45.0,550,-13.240609666726,45.0,215.0,-40.52244290219434,-19.191379668530033,-2.670456641361962,parallel_pifa_h5p8_l8p6_sep17p0_feed7p80,P1B,22
140.0,50.0,550,-13.240609666726,45.0,215.0,-40.52244290219434,-19.191379668530033,-2.670456641361962,parallel_pifa_h5p8_l8p6_sep17p0_feed7p80,P1B,22
145.0,55.0,550,-13.240609666726,45.0,215.0,-40.52244290219434,-19.191379668530033,-2.670456641361962,parallel_pifa_h5p8_l8p6_sep17p0_feed7p80,P1B,22
150.0,60.0,550,-13.240609666726,45.0,215.0,-40.52244290219434,-19.191379668530033,-2.670456641361962,parallel_pifa_h5p8_l8p6_sep17p0_feed7p80,P1B,22
155.0,65.0,550,-13.240609666726,45.0,215.0,-40.52244290219434,-19.191379668530033,-2.670456641361962,parallel_pifa_h5p8_l8p6_sep17p0_feed7p80,P1B,22
160.0,70.0,550,-13.240609666726,45.0,215.0,-40.52244290219434,-19.191379668530033,-2.6310961402776725,parallel_pifa_h5p8_l8p6_sep17p0_feed7p80,P1B,22
165.0,75.0,550,-13.240609666726,45.0,215.0,-40.52244290219434,-19.191379668530033,-2.572334842015076,parallel_pifa_h5p8_l8p6_sep17p0_feed7p80,P1B,22
170.0,80.0,550,-13.240609666726,45.0,215.0,-40.52244290219434,-19.191379668530033,-2.4756890458249643,parallel_pifa_h5p8_l8p6_sep17p0_feed7p80,P1B,22
175.0,85.0,550,-13.240609666726,45.0,215.0,-40.52244290219434,-19.191379668530033,-2.050491719121675,parallel_pifa_h5p8_l8p6_sep17p0_feed7p80,P1B,22
180.0,90.0,550,-13.240609666726,45.0,215.0,-40.52244290219434,-17.816798972979356,-1.8102709694905073,parallel_pifa_h5p8_l8p6_sep17p0_feed7p80,P1B,22
185.0,95.0,550,-13.240609666726,45.0,215.0,-40.52244290219434,-17.681158511328828,-1.554812258752802,parallel_pifa_h5p8_l8p6_sep17p0_feed7p80,P1B,22
190.0,100.0,550,-13.240609666726,45.0,215.0,-40.52244290219434,-16.833016030540254,-1.1761420377855725,parallel_pifa_h5p8_l8p6_sep17p0_feed7p80,P1B,22
195.0,105.0,550,-13.240609666726,45.0,215.0,-40.52244290219434,-16.69991785349493,-0.7232497625748677,parallel_pifa_h5p8_l8p6_sep17p0_feed7p80,P1B,22
200.0,110.0,550,-13.240609666726,45.0,215.0,-40.52244290219434,-16.29620152085014,-0.5552234406755318,parallel_pifa_h5p8_l8p6_sep17p0_feed7p80,P1B,22
205.0,115.0,550,-13.240609666726,45.0,215.0,-40.52244290219434,-15.678049263829754,0.02840391426521847,parallel_pifa_h5p8_l8p6_sep17p0_feed7p80,P1B,22
210.0,120.0,550,-13.240609666726,45.0,215.0,-40.52244290219434,-15.086991356822566,0.2614872065043101,parallel_pifa_h5p8_l8p6_sep17p0_feed7p80,P1B,22
215.0,125.0,550,-13.240609666726,45.0,215.0,-40.52244290219434,-15.086991356822566,0.6038853165260816,parallel_pifa_h5p8_l8p6_sep17p0_feed7p80,P1B,22
220.0,130.0,550,-13.0702462582826,45.0,220.0,-40.52244290219434,-15.086991356822566,0.8419969128252286,parallel_pifa_h5p8_l8p6_sep17p0_feed7p80,P1B,22
225.0,135.0,550,-11.0314437085995,45.0,225.0,-40.52244290219434,-15.086991356822566,0.9226097143681823,parallel_pifa_h5p8_l8p6_sep17p0_feed7p80,P1B,22
230.0,140.0,550,-10.2039680619038,60.0,140.0,-40.52244290219434,-15.086991356822566,1.036680919447849,parallel_pifa_h5p8_l8p6_sep17p0_feed7p80,P1B,22
235.0,145.0,550,-10.6309697060227,55.0,145.0,-40.52244290219434,-15.086991356822566,0.9435837617533598,parallel_pifa_h5p8_l8p6_sep17p0_feed7p80,P1B,22
240.0,150.0,550,-10.6642618895926,45.0,150.0,-40.52244290219434,-15.086991356822566,0.93197866791917,parallel_pifa_h5p8_l8p6_sep17p0_feed7p80,P1B,22
245.0,155.0,550,-10.6642618895926,45.0,150.0,-40.52244290219434,-15.086991356822566,0.9095424494156689,parallel_pifa_h5p8_l8p6_sep17p0_feed7p80,P1B,22
250.0,160.0,550,-10.6642618895926,45.0,150.0,-40.52244290219434,-15.086991356822566,0.8153112361007235,parallel_pifa_h5p8_l8p6_sep17p0_feed7p80,P1B,22
255.0,165.0,550,-10.6642618895926,45.0,150.0,-40.52244290219434,-15.086991356822566,0.6097195990017392,parallel_pifa_h5p8_l8p6_sep17p0_feed7p80,P1B,22
260.0,170.0,550,-10.6642618895926,45.0,150.0,-40.52244290219434,-15.086991356822566,0.3969649554836196,parallel_pifa_h5p8_l8p6_sep17p0_feed7p80,P1B,22
265.0,175.0,550,-10.6642618895926,45.0,150.0,-40.52244290219434,-15.471367183892768,0.24752063903968646,parallel_pifa_h5p8_l8p6_sep17p0_feed7p80,P1B,22
270.0,180.0,550,-10.6642618895926,45.0,150.0,-40.52244290219434,-15.678049263829754,0.0026436452056839976,parallel_pifa_h5p8_l8p6_sep17p0_feed7p80,P1B,22
275.0,185.0,550,-10.6642618895926,45.0,150.0,-40.52244290219434,-16.29620152085014,-0.29085847190907976,parallel_pifa_h5p8_l8p6_sep17p0_feed7p80,P1B,22
280.0,190.0,550,-10.6642618895926,45.0,150.0,-40.52244290219434,-16.69991785349493,-0.5911572277890982,parallel_pifa_h5p8_l8p6_sep17p0_feed7p80,P1B,22
285.0,195.0,550,-10.6642618895926,45.0,150.0,-40.52244290219434,-17.578427358669032,-0.8016000749273535,parallel_pifa_h5p8_l8p6_sep17p0_feed7p80,P1B,22
290.0,200.0,550,-10.6642618895926,45.0,150.0,-40.52244290219434,-17.813931316102018,-0.9181479616302051,parallel_pifa_h5p8_l8p6_sep17p0_feed7p80,P1B,22
295.0,205.0,550,-10.6642618895926,45.0,150.0,-40.52244290219434,-19.191379668530033,-1.0436775717372961,parallel_pifa_h5p8_l8p6_sep17p0_feed7p80,P1B,22
300.0,210.0,550,-11.1794661643367,45.0,210.0,-40.52244290219434,-19.191379668530033,-1.0436775717372961,parallel_pifa_h5p8_l8p6_sep17p0_feed7p80,P1B,22
305.0,215.0,550,-13.240609666726,45.0,215.0,-40.52244290219434,-19.191379668530033,-0.9801076667572428,parallel_pifa_h5p8_l8p6_sep17p0_feed7p80,P1B,22
310.0,220.0,550,-13.240609666726,45.0,215.0,-40.52244290219434,-19.191379668530033,-0.7486676073816445,parallel_pifa_h5p8_l8p6_sep17p0_feed7p80,P1B,22
315.0,225.0,550,-13.240609666726,45.0,215.0,-40.52244290219434,-19.191379668530033,-0.23155245660295581,parallel_pifa_h5p8_l8p6_sep17p0_feed7p80,P1B,22
320.0,230.0,550,-13.240609666726,45.0,215.0,-40.52244290219434,-19.191379668530033,0.06845116066707803,parallel_pifa_h5p8_l8p6_sep17p0_feed7p80,P1B,22
325.0,235.0,550,-13.240609666726,45.0,215.0,-40.52244290219434,-19.191379668530033,0.3414405795690988,parallel_pifa_h5p8_l8p6_sep17p0_feed7p80,P1B,22
330.0,240.0,550,-13.240609666726,45.0,215.0,-40.52244290219434,-19.191379668530033,0.7445742826260582,parallel_pifa_h5p8_l8p6_sep17p0_feed7p80,P1B,22
335.0,245.0,550,-13.240609666726,45.0,215.0,-40.52244290219434,-19.191379668530033,0.9095424494156689,parallel_pifa_h5p8_l8p6_sep17p0_feed7p80,P1B,22
340.0,250.0,550,-13.240609666726,45.0,215.0,-40.52244290219434,-17.816798972979356,1.1857031969298382,parallel_pifa_h5p8_l8p6_sep17p0_feed7p80,P1B,22
345.0,255.0,550,-13.240609666726,45.0,215.0,-40.52244290219434,-17.578427358669032,1.3995606481200173,parallel_pifa_h5p8_l8p6_sep17p0_feed7p80,P1B,22
350.0,260.0,550,-13.240609666726,45.0,215.0,-40.52244290219434,-16.575305010057072,1.6813042544257404,parallel_pifa_h5p8_l8p6_sep17p0_feed7p80,P1B,22
355.0,265.0,550,-13.240609666726,45.0,215.0,-40.52244290219434,-15.471367183892768,1.8138740213924072,parallel_pifa_h5p8_l8p6_sep17p0_feed7p80,P1B,22
0.0,270.0,550,-11.1956314468919,70.0,230.0,-26.990532873697752,-12.271242551222542,-4.101392523880138,parallel_pifa_h6p5_l8p4_sep17p0_feed7p90,P1A,23
5.0,275.0,550,-11.1956314468919,70.0,230.0,-26.990532873697752,-12.271242551222542,-4.194541278018644,parallel_pifa_h6p5_l8p4_sep17p0_feed7p90,P1A,23
10.0,280.0,550,-11.1956314468919,70.0,230.0,-26.990532873697752,-12.271242551222542,-4.298049631992059,parallel_pifa_h6p5_l8p4_sep17p0_feed7p90,P1A,23
15.0,285.0,550,-11.1956314468919,70.0,230.0,-26.990532873697752,-12.271242551222542,-4.216796395674943,parallel_pifa_h6p5_l8p4_sep17p0_feed7p90,P1A,23
20.0,290.0,550,-11.1956314468919,70.0,230.0,-26.990532873697752,-12.271242551222542,-4.15614047167464,parallel_pifa_h6p5_l8p4_sep17p0_feed7p90,P1A,23
25.0,295.0,550,-11.1956314468919,70.0,230.0,-26.990532873697752,-12.271242551222542,-4.115793074176237,parallel_pifa_h6p5_l8p4_sep17p0_feed7p90,P1A,23
30.0,300.0,550,-11.1956314468919,70.0,230.0,-26.990532873697752,-12.271242551222542,-4.0456820968110385,parallel_pifa_h6p5_l8p4_sep17p0_feed7p90,P1A,23
35.0,305.0,550,-11.1956314468919,70.0,230.0,-26.990532873697752,-12.271242551222542,-3.9653707766426827,parallel_pifa_h6p5_l8p4_sep17p0_feed7p90,P1A,23
40.0,310.0,550,-11.1956314468919,70.0,230.0,-26.990532873697752,-12.271242551222542,-3.9100448055773307,parallel_pifa_h6p5_l8p4_sep17p0_feed7p90,P1A,23
45.0,315.0,550,-11.1956314468919,70.0,230.0,-26.990532873697752,-12.271242551222542,-3.8896815361605936,parallel_pifa_h6p5_l8p4_sep17p0_feed7p90,P1A,23
50.0,320.0,550,-11.1956314468919,70.0,230.0,-26.990532873697752,-12.271242551222542,-3.735137485976034,parallel_pifa_h6p5_l8p4_sep17p0_feed7p90,P1A,23
55.0,325.0,550,-11.1956314468919,70.0,230.0,-26.990532873697752,-12.271242551222542,-3.673610744475093,parallel_pifa_h6p5_l8p4_sep17p0_feed7p90,P1A,23
60.0,330.0,550,-11.1956314468919,70.0,230.0,-26.990532873697752,-12.271242551222542,-3.6101264328175016,parallel_pifa_h6p5_l8p4_sep17p0_feed7p90,P1A,23
65.0,335.0,550,-11.1956314468919,70.0,230.0,-26.990532873697752,-12.271242551222542,-3.5769555666191066,parallel_pifa_h6p5_l8p4_sep17p0_feed7p90,P1A,23
70.0,340.0,550,-11.1956314468919,70.0,230.0,-26.990532873697752,-12.271242551222542,-3.594581644489006,parallel_pifa_h6p5_l8p4_sep17p0_feed7p90,P1A,23
75.0,345.0,550,-11.1956314468919,70.0,230.0,-26.990532873697752,-12.271242551222542,-3.6101264328175016,parallel_pifa_h6p5_l8p4_sep17p0_feed7p90,P1A,23
80.0,350.0,550,-11.1956314468919,70.0,230.0,-26.990532873697752,-12.271242551222542,-3.594581644489006,parallel_pifa_h6p5_l8p4_sep17p0_feed7p90,P1A,23
85.0,355.0,550,-11.1956314468919,70.0,230.0,-26.990532873697752,-12.271242551222542,-3.5132164571784603,parallel_pifa_h6p5_l8p4_sep17p0_feed7p90,P1A,23
90.0,0.0,550,-11.1956314468919,70.0,230.0,-26.990532873697752,-12.271242551222542,-3.484015022537259,parallel_pifa_h6p5_l8p4_sep17p0_feed7p90,P1A,23
95.0,5.0,550,-11.1956314468919,70.0,230.0,-26.990532873697752,-12.271242551222542,-3.5707194887432756,parallel_pifa_h6p5_l8p4_sep17p0_feed7p90,P1A,23
100.0,10.0,550,-11.1956314468919,70.0,230.0,-26.990532873697752,-12.271242551222542,-3.7343986893924597,parallel_pifa_h6p5_l8p4_sep17p0_feed7p90,P1A,23
105.0,15.0,550,-11.1956314468919,70.0,230.0,-26.990532873697752,-12.271242551222542,-3.951702756104705,parallel_pifa_h6p5_l8p4_sep17p0_feed7p90,P1A,23
110.0,20.0,550,-11.1956314468919,70.0,230.0,-26.990532873697752,-12.271242551222542,-4.115793074176237,parallel_pifa_h6p5_l8p4_sep17p0_feed7p90,P1A,23
115.0,25.0,550,-11.1956314468919,70.0,230.0,-26.990532873697752,-12.271242551222542,-4.298049631992059,parallel_pifa_h6p5_l8p4_sep17p0_feed7p90,P1A,23
120.0,30.0,550,-11.1956314468919,70.0,230.0,-26.990532873697752,-12.271242551222542,-4.526379278180577,parallel_pifa_h6p5_l8p4_sep17p0_feed7p90,P1A,23
125.0,35.0,550,-11.1956314468919,70.0,230.0,-26.990532873697752,-12.271242551222542,-4.687938528475551,parallel_pifa_h6p5_l8p4_sep17p0_feed7p90,P1A,23
130.0,40.0,550,-11.1956314468919,70.0,230.0,-26.990532873697752,-12.271242551222542,-4.803973756435132,parallel_pifa_h6p5_l8p4_sep17p0_feed7p90,P1A,23
135.0,45.0,550,-11.1956314468919,70.0,230.0,-26.990532873697752,-12.271242551222542,-4.964453801358839,parallel_pifa_h6p5_l8p4_sep17p0_feed7p90,P1A,23
140.0,50.0,550,-11.1956314468919,70.0,230.0,-26.990532873697752,-12.271242551222542,-5.0460502244642225,parallel_pifa_h6p5_l8p4_sep17p0_feed7p90,P1A,23
145.0,55.0,550,-11.1956314468919,70.0,230.0,-26.990532873697752,-12.271242551222542,-5.145939543290043,parallel_pifa_h6p5_l8p4_sep17p0_feed7p90,P1A,23
150.0,60.0,550,-11.1956314468919,70.0,230.0,-26.990532873697752,-12.271242551222542,-5.188271869511171,parallel_pifa_h6p5_l8p4_sep17p0_feed7p90,P1A,23
155.0,65.0,550,-11.1956314468919,70.0,230.0,-26.990532873697752,-12.271242551222542,-5.188271869511171,parallel_pifa_h6p5_l8p4_sep17p0_feed7p90,P1A,23
160.0,70.0,550,-11.1956314468919,70.0,230.0,-26.990532873697752,-12.271242551222542,-5.171144241101809,parallel_pifa_h6p5_l8p4_sep17p0_feed7p90,P1A,23
165.0,75.0,550,-11.1956314468919,70.0,230.0,-26.990532873697752,-12.271242551222542,-5.145939543290043,parallel_pifa_h6p5_l8p4_sep17p0_feed7p90,P1A,23
170.0,80.0,550,-11.1956314468919,70.0,230.0,-26.990532873697752,-12.271242551222542,-5.1340714761950395,parallel_pifa_h6p5_l8p4_sep17p0_feed7p90,P1A,23
175.0,85.0,550,-11.1956314468919,70.0,230.0,-26.990532873697752,-12.271242551222542,-5.1340714761950395,parallel_pifa_h6p5_l8p4_sep17p0_feed7p90,P1A,23
180.0,90.0,550,-11.1956314468919,70.0,230.0,-26.990532873697752,-12.271242551222542,-5.1340714761950395,parallel_pifa_h6p5_l8p4_sep17p0_feed7p90,P1A,23
185.0,95.0,550,-11.1956314468919,70.0,230.0,-26.990532873697752,-12.271242551222542,-5.1340714761950395,parallel_pifa_h6p5_l8p4_sep17p0_feed7p90,P1A,23
190.0,100.0,550,-11.1956314468919,70.0,230.0,-26.990532873697752,-12.271242551222542,-5.081979885364164,parallel_pifa_h6p5_l8p4_sep17p0_feed7p90,P1A,23
195.0,105.0,550,-11.1956314468919,70.0,230.0,-26.990532873697752,-12.271242551222542,-4.983339592675537,parallel_pifa_h6p5_l8p4_sep17p0_feed7p90,P1A,23
200.0,110.0,550,-11.1956314468919,70.0,230.0,-26.990532873697752,-11.763689624436601,-4.788119780598373,parallel_pifa_h6p5_l8p4_sep17p0_feed7p90,P1A,23
205.0,115.0,550,-11.1956314468919,70.0,230.0,-26.990532873697752,-10.857394037801495,-4.687869355802544,parallel_pifa_h6p5_l8p4_sep17p0_feed7p90,P1A,23
210.0,120.0,550,-11.1956314468919,70.0,230.0,-26.990532873697752,-10.560774977204739,-4.526379278180577,parallel_pifa_h6p5_l8p4_sep17p0_feed7p90,P1A,23
215.0,125.0,550,-11.1956314468919,70.0,230.0,-26.990532873697752,-10.202141899853254,-4.336588856726484,parallel_pifa_h6p5_l8p4_sep17p0_feed7p90,P1A,23
220.0,130.0,550,-11.1956314468919,70.0,230.0,-26.990532873697752,-10.053502574533454,-4.216796395674943,parallel_pifa_h6p5_l8p4_sep17p0_feed7p90,P1A,23
225.0,135.0,550,-11.1956314468919,70.0,230.0,-14.209961306641546,-9.845206569279055,-4.103846179064193,parallel_pifa_h6p5_l8p4_sep17p0_feed7p90,P1A,23
230.0,140.0,550,-11.1956314468919,70.0,230.0,-11.082666374303411,-9.77919097050125,-4.050175830267031,parallel_pifa_h6p5_l8p4_sep17p0_feed7p90,P1A,23
235.0,145.0,550,-10.1629201149345,65.0,235.0,-11.082666374303411,-9.77919097050125,-4.091612204989266,parallel_pifa_h6p5_l8p4_sep17p0_feed7p90,P1A,23
240.0,150.0,550,-8.54255635011966,45.0,355.0,-11.082666374303411,-9.77919097050125,-4.103846179064193,parallel_pifa_h6p5_l8p4_sep17p0_feed7p90,P1A,23
245.0,155.0,550,-8.54255635011966,45.0,355.0,-11.082666374303411,-9.77919097050125,-4.109003281486034,parallel_pifa_h6p5_l8p4_sep17p0_feed7p90,P1A,23
250.0,160.0,550,-8.54255635011966,45.0,355.0,-11.082666374303411,-9.77919097050125,-4.103846179064193,parallel_pifa_h6p5_l8p4_sep17p0_feed7p90,P1A,23
255.0,165.0,550,-8.54255635011966,45.0,355.0,-11.082666374303411,-9.77919097050125,-4.091612204989266,parallel_pifa_h6p5_l8p4_sep17p0_feed7p90,P1A,23
260.0,170.0,550,-8.54255635011966,45.0,355.0,-11.082666374303411,-9.77919097050125,-3.9530391888780336,parallel_pifa_h6p5_l8p4_sep17p0_feed7p90,P1A,23
265.0,175.0,550,-9.68205864132259,45.0,175.0,-11.082666374303411,-9.694519464533577,-3.7343986893924597,parallel_pifa_h6p5_l8p4_sep17p0_feed7p90,P1A,23
270.0,180.0,550,-9.68205864132259,45.0,175.0,-11.082666374303411,-9.606921393370198,-3.5769555666191066,parallel_pifa_h6p5_l8p4_sep17p0_feed7p90,P1A,23
275.0,185.0,550,-9.68205864132259,45.0,175.0,-11.082666374303411,-9.606921393370198,-3.485334324660662,parallel_pifa_h6p5_l8p4_sep17p0_feed7p90,P1A,23
280.0,190.0,550,-9.68205864132259,45.0,175.0,-11.082666374303411,-9.694519464533577,-3.5132164571784603,parallel_pifa_h6p5_l8p4_sep17p0_feed7p90,P1A,23
285.0,195.0,550,-9.68205864132259,45.0,175.0,-12.36476315362256,-10.056151665234667,-3.5769555666191066,parallel_pifa_h6p5_l8p4_sep17p0_feed7p90,P1A,23
290.0,200.0,550,-9.68205864132259,45.0,175.0,-14.266105624344195,-10.4074479032556,-3.6101264328175016,parallel_pifa_h6p5_l8p4_sep17p0_feed7p90,P1A,23
295.0,205.0,550,-9.68205864132259,45.0,175.0,-16.30370583089238,-10.770688559217096,-3.646846943523045,parallel_pifa_h6p5_l8p4_sep17p0_feed7p90,P1A,23
300.0,210.0,550,-9.68205864132259,45.0,175.0,-19.51825491001482,-11.067658031462553,-3.735137485976034,parallel_pifa_h6p5_l8p4_sep17p0_feed7p90,P1A,23
305.0,215.0,550,-9.68205864132259,45.0,175.0,-26.059003027787107,-11.737062816629987,-3.8920276592653824,parallel_pifa_h6p5_l8p4_sep17p0_feed7p90,P1A,23
310.0,220.0,550,-9.68205864132259,45.0,175.0,-26.990532873697752,-12.20242151887636,-3.902382597238848,parallel_pifa_h6p5_l8p4_sep17p0_feed7p90,P1A,23
315.0,225.0,550,-9.68205864132259,45.0,175.0,-26.990532873697752,-12.271242551222542,-3.8956388722406414,parallel_pifa_h6p5_l8p4_sep17p0_feed7p90,P1A,23
320.0,230.0,550,-11.1956314468919,70.0,230.0,-26.990532873697752,-12.271242551222542,-3.8710207367826097,parallel_pifa_h6p5_l8p4_sep17p0_feed7p90,P1A,23
325.0,235.0,550,-11.1956314468919,70.0,230.0,-26.990532873697752,-12.271242551222542,-3.646846943523045,parallel_pifa_h6p5_l8p4_sep17p0_feed7p90,P1A,23
330.0,240.0,550,-11.1956314468919,70.0,230.0,-26.990532873697752,-12.271242551222542,-3.6234699258383305,parallel_pifa_h6p5_l8p4_sep17p0_feed7p90,P1A,23
335.0,245.0,550,-11.1956314468919,70.0,230.0,-26.990532873697752,-12.271242551222542,-3.5132164571784603,parallel_pifa_h6p5_l8p4_sep17p0_feed7p90,P1A,23
340.0,250.0,550,-11.1956314468919,70.0,230.0,-26.990532873697752,-12.271242551222542,-3.6234699258383305,parallel_pifa_h6p5_l8p4_sep17p0_feed7p90,P1A,23
345.0,255.0,550,-11.1956314468919,70.0,230.0,-26.990532873697752,-12.271242551222542,-3.646846943523045,parallel_pifa_h6p5_l8p4_sep17p0_feed7p90,P1A,23
350.0,260.0,550,-11.1956314468919,70.0,230.0,-26.990532873697752,-12.271242551222542,-3.7248124906462996,parallel_pifa_h6p5_l8p4_sep17p0_feed7p90,P1A,23
355.0,265.0,550,-11.1956314468919,70.0,230.0,-26.990532873697752,-12.271242551222542,-3.8956388722406414,parallel_pifa_h6p5_l8p4_sep17p0_feed7p90,P1A,23
0.0,270.0,550,-12.6488747369656,55.0,245.0,-34.487344916005696,-14.735429341984975,0.7019580771518297,parallel_pifa_h6p5_l8p4_sep17p0_feed7p90,P1B,23
5.0,275.0,550,-12.6488747369656,55.0,245.0,-27.450765972281555,-14.415571637223653,0.7629226025787916,parallel_pifa_h6p5_l8p4_sep17p0_feed7p90,P1B,23
10.0,280.0,550,-12.6488747369656,55.0,245.0,-27.450765972281555,-13.921956287997856,0.7629226025787916,parallel_pifa_h6p5_l8p4_sep17p0_feed7p90,P1B,23
15.0,285.0,550,-12.6488747369656,55.0,245.0,-27.450765972281555,-13.71301904887433,0.7629226025787916,parallel_pifa_h6p5_l8p4_sep17p0_feed7p90,P1B,23
20.0,290.0,550,-12.6488747369656,55.0,245.0,-27.450765972281555,-13.71301904887433,0.7629226025787916,parallel_pifa_h6p5_l8p4_sep17p0_feed7p90,P1B,23
25.0,295.0,550,-12.6488747369656,55.0,245.0,-27.450765972281555,-13.71301904887433,0.7019580771518297,parallel_pifa_h6p5_l8p4_sep17p0_feed7p90,P1B,23
30.0,300.0,550,-12.6488747369656,55.0,245.0,-27.450765972281555,-13.71301904887433,0.7019580771518297,parallel_pifa_h6p5_l8p4_sep17p0_feed7p90,P1B,23
35.0,305.0,550,-12.6488747369656,55.0,245.0,-27.450765972281555,-13.71301904887433,0.7019580771518297,parallel_pifa_h6p5_l8p4_sep17p0_feed7p90,P1B,23
40.0,310.0,550,-12.6488747369656,55.0,245.0,-27.450765972281555,-13.921956287997856,0.7019580771518297,parallel_pifa_h6p5_l8p4_sep17p0_feed7p90,P1B,23
45.0,315.0,550,-12.6488747369656,55.0,245.0,-27.450765972281555,-14.48855395599464,0.7019580771518297,parallel_pifa_h6p5_l8p4_sep17p0_feed7p90,P1B,23
50.0,320.0,550,-12.6488747369656,55.0,245.0,-27.450765972281555,-14.735429341984975,0.7019580771518297,parallel_pifa_h6p5_l8p4_sep17p0_feed7p90,P1B,23
55.0,325.0,550,-12.6488747369656,55.0,245.0,-27.450765972281555,-14.956351784582,0.6237783281965074,parallel_pifa_h6p5_l8p4_sep17p0_feed7p90,P1B,23
60.0,330.0,550,-12.6488747369656,55.0,245.0,-27.450765972281555,-15.301761016633446,0.422786193861455,parallel_pifa_h6p5_l8p4_sep17p0_feed7p90,P1B,23
65.0,335.0,550,-12.6488747369656,55.0,245.0,-27.450765972281555,-15.913742029613724,0.214041645376635,parallel_pifa_h6p5_l8p4_sep17p0_feed7p90,P1B,23
70.0,340.0,550,-12.6488747369656,55.0,245.0,-27.450765972281555,-16.19154221934288,-0.40451866871883596,parallel_pifa_h6p5_l8p4_sep17p0_feed7p90,P1B,23
75.0,345.0,550,-12.6488747369656,55.0,245.0,-27.450765972281555,-16.402429743294952,-1.0602031931383016,parallel_pifa_h6p5_l8p4_sep17p0_feed7p90,P1B,23
80.0,350.0,550,-12.6488747369656,55.0,245.0,-27.450765972281555,-16.936842593513706,-1.7891464445710883,parallel_pifa_h6p5_l8p4_sep17p0_feed7p90,P1B,23
85.0,355.0,550,-12.6488747369656,55.0,245.0,-27.450765972281555,-17.441948249437814,-2.2628899187334612,parallel_pifa_h6p5_l8p4_sep17p0_feed7p90,P1B,23
90.0,0.0,550,-12.6488747369656,55.0,245.0,-34.487344916005696,-17.683790721113606,-2.761500785886125,parallel_pifa_h6p5_l8p4_sep17p0_feed7p90,P1B,23
95.0,5.0,550,-12.6488747369656,55.0,245.0,-34.487344916005696,-17.744422634821383,-3.127945917661829,parallel_pifa_h6p5_l8p4_sep17p0_feed7p90,P1B,23
100.0,10.0,550,-12.6488747369656,55.0,245.0,-34.487344916005696,-17.744422634821383,-3.3484291234893497,parallel_pifa_h6p5_l8p4_sep17p0_feed7p90,P1B,23
105.0,15.0,550,-12.6488747369656,55.0,245.0,-34.487344916005696,-17.744422634821383,-3.654753006558405,parallel_pifa_h6p5_l8p4_sep17p0_feed7p90,P1B,23
110.0,20.0,550,-12.6488747369656,55.0,245.0,-34.487344916005696,-17.744422634821383,-3.8683311936211378,parallel_pifa_h6p5_l8p4_sep17p0_feed7p90,P1B,23
115.0,25.0,550,-12.6488747369656,55.0,245.0,-34.487344916005696,-17.744422634821383,-4.02690169461677,parallel_pifa_h6p5_l8p4_sep17p0_feed7p90,P1B,23
120.0,30.0,550,-12.6488747369656,55.0,245.0,-34.487344916005696,-17.744422634821383,-4.065067404441144,parallel_pifa_h6p5_l8p4_sep17p0_feed7p90,P1B,23
125.0,35.0,550,-12.6488747369656,55.0,245.0,-34.487344916005696,-17.744422634821383,-4.089579002723628,parallel_pifa_h6p5_l8p4_sep17p0_feed7p90,P1B,23
130.0,40.0,550,-12.6488747369656,55.0,245.0,-34.487344916005696,-17.744422634821383,-4.089579002723628,parallel_pifa_h6p5_l8p4_sep17p0_feed7p90,P1B,23
135.0,45.0,550,-12.6488747369656,55.0,245.0,-34.487344916005696,-17.744422634821383,-4.089579002723628,parallel_pifa_h6p5_l8p4_sep17p0_feed7p90,P1B,23
140.0,50.0,550,-12.6488747369656,55.0,245.0,-34.487344916005696,-17.744422634821383,-4.089579002723628,parallel_pifa_h6p5_l8p4_sep17p0_feed7p90,P1B,23
145.0,55.0,550,-12.6488747369656,55.0,245.0,-34.487344916005696,-17.744422634821383,-4.089579002723628,parallel_pifa_h6p5_l8p4_sep17p0_feed7p90,P1B,23
150.0,60.0,550,-12.6488747369656,55.0,245.0,-34.487344916005696,-17.744422634821383,-4.089579002723628,parallel_pifa_h6p5_l8p4_sep17p0_feed7p90,P1B,23
155.0,65.0,550,-12.6488747369656,55.0,245.0,-34.487344916005696,-17.744422634821383,-4.089579002723628,parallel_pifa_h6p5_l8p4_sep17p0_feed7p90,P1B,23
160.0,70.0,550,-12.6488747369656,55.0,245.0,-34.487344916005696,-17.744422634821383,-4.089579002723628,parallel_pifa_h6p5_l8p4_sep17p0_feed7p90,P1B,23
165.0,75.0,550,-12.6488747369656,55.0,245.0,-34.487344916005696,-17.744422634821383,-4.089579002723628,parallel_pifa_h6p5_l8p4_sep17p0_feed7p90,P1B,23
170.0,80.0,550,-12.6488747369656,55.0,245.0,-34.487344916005696,-17.744422634821383,-4.065067404441144,parallel_pifa_h6p5_l8p4_sep17p0_feed7p90,P1B,23
175.0,85.0,550,-12.6488747369656,55.0,245.0,-34.487344916005696,-17.744422634821383,-4.022262318779975,parallel_pifa_h6p5_l8p4_sep17p0_feed7p90,P1B,23
180.0,90.0,550,-12.6488747369656,55.0,245.0,-34.487344916005696,-17.744422634821383,-3.654753006558405,parallel_pifa_h6p5_l8p4_sep17p0_feed7p90,P1B,23
185.0,95.0,550,-12.6488747369656,55.0,245.0,-34.487344916005696,-17.442765672237382,-3.2805234184817422,parallel_pifa_h6p5_l8p4_sep17p0_feed7p90,P1B,23
190.0,100.0,550,-12.6488747369656,55.0,245.0,-34.487344916005696,-17.340847935629952,-2.961418497762419,parallel_pifa_h6p5_l8p4_sep17p0_feed7p90,P1B,23
195.0,105.0,550,-12.6488747369656,55.0,245.0,-34.487344916005696,-16.73232956213662,-2.492899989913746,parallel_pifa_h6p5_l8p4_sep17p0_feed7p90,P1B,23
200.0,110.0,550,-12.6488747369656,55.0,245.0,-34.487344916005696,-16.23957556137861,-2.0906637060445847,parallel_pifa_h6p5_l8p4_sep17p0_feed7p90,P1B,23
205.0,115.0,550,-12.6488747369656,55.0,245.0,-34.487344916005696,-15.991493708185072,-1.69508650274234,parallel_pifa_h6p5_l8p4_sep17p0_feed7p90,P1B,23
210.0,120.0,550,-12.6488747369656,55.0,245.0,-34.487344916005696,-15.908661706838796,-1.3938410451977368,parallel_pifa_h6p5_l8p4_sep17p0_feed7p90,P1B,23
215.0,125.0,550,-12.6488747369656,55.0,245.0,-34.487344916005696,-15.877461717533448,-1.247001624799736,parallel_pifa_h6p5_l8p4_sep17p0_feed7p90,P1B,23
220.0,130.0,550,-12.6488747369656,55.0,245.0,-34.487344916005696,-15.366619299917534,-1.0963898957062028,parallel_pifa_h6p5_l8p4_sep17p0_feed7p90,P1B,23
225.0,135.0,550,-12.6488747369656,55.0,245.0,-34.487344916005696,-15.301761016633446,-0.8272691996680959,parallel_pifa_h6p5_l8p4_sep17p0_feed7p90,P1B,23
230.0,140.0,550,-12.6488747369656,55.0,245.0,-34.487344916005696,-15.301761016633446,-0.7053497352014306,parallel_pifa_h6p5_l8p4_sep17p0_feed7p90,P1B,23
235.0,145.0,550,-12.6488747369656,55.0,245.0,-34.487344916005696,-15.301761016633446,-0.5567724662282957,parallel_pifa_h6p5_l8p4_sep17p0_feed7p90,P1B,23
240.0,150.0,550,-12.6488747369656,55.0,245.0,-34.487344916005696,-15.301761016633446,-0.4943414990753685,parallel_pifa_h6p5_l8p4_sep17p0_feed7p90,P1B,23
245.0,155.0,550,-12.6488747369656,55.0,245.0,-34.487344916005696,-15.301761016633446,-0.423163125260552,parallel_pifa_h6p5_l8p4_sep17p0_feed7p90,P1B,23
250.0,160.0,550,-11.9421847321008,55.0,250.0,-34.487344916005696,-15.301761016633446,-0.423163125260552,parallel_pifa_h6p5_l8p4_sep17p0_feed7p90,P1B,23
255.0,165.0,550,-10.8940014675981,45.0,155.0,-34.487344916005696,-15.301761016633446,-0.4943414990753685,parallel_pifa_h6p5_l8p4_sep17p0_feed7p90,P1B,23
260.0,170.0,550,-10.8940014675981,45.0,155.0,-34.487344916005696,-15.301761016633446,-0.5567724662282957,parallel_pifa_h6p5_l8p4_sep17p0_feed7p90,P1B,23
265.0,175.0,550,-10.8940014675981,45.0,155.0,-34.487344916005696,-15.301761016633446,-0.6599082285088477,parallel_pifa_h6p5_l8p4_sep17p0_feed7p90,P1B,23
270.0,180.0,550,-10.8940014675981,45.0,155.0,-34.487344916005696,-15.366619299917534,-0.7053497352014306,parallel_pifa_h6p5_l8p4_sep17p0_feed7p90,P1B,23
275.0,185.0,550,-10.8940014675981,45.0,155.0,-34.487344916005696,-15.913742029613724,-0.7508013112634225,parallel_pifa_h6p5_l8p4_sep17p0_feed7p90,P1B,23
280.0,190.0,550,-10.8940014675981,45.0,155.0,-34.487344916005696,-16.402429743294952,-0.8255138467955268,parallel_pifa_h6p5_l8p4_sep17p0_feed7p90,P1B,23
285.0,195.0,550,-10.8940014675981,45.0,155.0,-34.487344916005696,-16.906247742979893,-0.942018482150626,parallel_pifa_h6p5_l8p4_sep17p0_feed7p90,P1B,23
290.0,200.0,550,-10.8940014675981,45.0,155.0,-34.487344916005696,-16.963158267360956,-0.9872297553755407,parallel_pifa_h6p5_l8p4_sep17p0_feed7p90,P1B,23
295.0,205.0,550,-10.8940014675981,45.0,155.0,-34.487344916005696,-17.340847935629952,-0.9872297553755407,parallel_pifa_h6p5_l8p4_sep17p0_feed7p90,P1B,23
300.0,210.0,550,-10.8940014675981,45.0,155.0,-34.487344916005696,-17.441948249437814,-0.942018482150626,parallel_pifa_h6p5_l8p4_sep17p0_feed7p90,P1B,23
305.0,215.0,550,-10.8940014675981,45.0,155.0,-34.487344916005696,-17.442765672237382,-0.8255138467955268,parallel_pifa_h6p5_l8p4_sep17p0_feed7p90,P1B,23
310.0,220.0,550,-11.8442986816372,45.0,220.0,-34.487344916005696,-17.744422634821383,-0.7150826451933052,parallel_pifa_h6p5_l8p4_sep17p0_feed7p90,P1B,23
315.0,225.0,550,-12.5104358359191,45.0,225.0,-34.487344916005696,-17.744422634821383,-0.6599082285088477,parallel_pifa_h6p5_l8p4_sep17p0_feed7p90,P1B,23
320.0,230.0,550,-12.5104358359191,45.0,225.0,-34.487344916005696,-17.744422634821383,-0.5567724662282957,parallel_pifa_h6p5_l8p4_sep17p0_feed7p90,P1B,23
325.0,235.0,550,-12.5104358359191,45.0,225.0,-34.487344916005696,-17.744422634821383,-0.40451866871883596,parallel_pifa_h6p5_l8p4_sep17p0_feed7p90,P1B,23
330.0,240.0,550,-12.5104358359191,45.0,225.0,-34.487344916005696,-17.744422634821383,-0.2505939119260511,parallel_pifa_h6p5_l8p4_sep17p0_feed7p90,P1B,23
335.0,245.0,550,-12.6488747369656,55.0,245.0,-34.487344916005696,-17.683790721113606,0.18682368568933266,parallel_pifa_h6p5_l8p4_sep17p0_feed7p90,P1B,23
340.0,250.0,550,-12.6488747369656,55.0,245.0,-34.487344916005696,-17.340847935629952,0.3157361071302833,parallel_pifa_h6p5_l8p4_sep17p0_feed7p90,P1B,23
345.0,255.0,550,-12.6488747369656,55.0,245.0,-34.487344916005696,-16.906247742979893,0.5008847416016353,parallel_pifa_h6p5_l8p4_sep17p0_feed7p90,P1B,23
350.0,260.0,550,-12.6488747369656,55.0,245.0,-34.487344916005696,-16.19154221934288,0.6237783281965074,parallel_pifa_h6p5_l8p4_sep17p0_feed7p90,P1B,23
355.0,265.0,550,-12.6488747369656,55.0,245.0,-34.487344916005696,-15.083612140522714,0.674491562133869,parallel_pifa_h6p5_l8p4_sep17p0_feed7p90,P1B,23
0.0,270.0,550,-10.8035728969752,45.0,220.0,-32.39366912754947,-13.925092183091113,-0.7009988527244728,mirror_pifa_h5p8_l8p6_sep17p0_feed7p80,P1A,24
5.0,275.0,550,-10.8035728969752,45.0,220.0,-32.39366912754947,-14.743166113549684,-0.9824300037747011,mirror_pifa_h5p8_l8p6_sep17p0_feed7p80,P1A,24
10.0,280.0,550,-10.8035728969752,45.0,220.0,-32.39366912754947,-14.743166113549684,-1.5226019245683653,mirror_pifa_h5p8_l8p6_sep17p0_feed7p80,P1A,24
15.0,285.0,550,-10.8035728969752,45.0,220.0,-32.39366912754947,-14.743166113549684,-1.859420289173217,mirror_pifa_h5p8_l8p6_sep17p0_feed7p80,P1A,24
20.0,290.0,550,-10.8035728969752,45.0,220.0,-32.39366912754947,-14.743166113549684,-2.3460916617748406,mirror_pifa_h5p8_l8p6_sep17p0_feed7p80,P1A,24
25.0,295.0,550,-10.8035728969752,45.0,220.0,-32.39366912754947,-14.743166113549684,-2.8494653746244887,mirror_pifa_h5p8_l8p6_sep17p0_feed7p80,P1A,24
30.0,300.0,550,-10.8035728969752,45.0,220.0,-32.39366912754947,-14.743166113549684,-3.0140283928523908,mirror_pifa_h5p8_l8p6_sep17p0_feed7p80,P1A,24
35.0,305.0,550,-10.8035728969752,45.0,220.0,-32.39366912754947,-14.743166113549684,-3.3114234107678975,mirror_pifa_h5p8_l8p6_sep17p0_feed7p80,P1A,24
40.0,310.0,550,-10.8035728969752,45.0,220.0,-32.39366912754947,-14.743166113549684,-3.4554714174087824,mirror_pifa_h5p8_l8p6_sep17p0_feed7p80,P1A,24
45.0,315.0,550,-10.8035728969752,45.0,220.0,-32.39366912754947,-14.743166113549684,-3.509729646675541,mirror_pifa_h5p8_l8p6_sep17p0_feed7p80,P1A,24
50.0,320.0,550,-10.8035728969752,45.0,220.0,-32.39366912754947,-14.743166113549684,-3.5188119812567646,mirror_pifa_h5p8_l8p6_sep17p0_feed7p80,P1A,24
55.0,325.0,550,-10.8035728969752,45.0,220.0,-32.39366912754947,-14.743166113549684,-3.545808018279712,mirror_pifa_h5p8_l8p6_sep17p0_feed7p80,P1A,24
60.0,330.0,550,-10.8035728969752,45.0,220.0,-32.39366912754947,-14.743166113549684,-3.5627577385409133,mirror_pifa_h5p8_l8p6_sep17p0_feed7p80,P1A,24
65.0,335.0,550,-10.8035728969752,45.0,220.0,-32.39366912754947,-14.743166113549684,-3.5662379694461825,mirror_pifa_h5p8_l8p6_sep17p0_feed7p80,P1A,24
70.0,340.0,550,-10.8035728969752,45.0,220.0,-32.39366912754947,-14.743166113549684,-3.5829677926065733,mirror_pifa_h5p8_l8p6_sep17p0_feed7p80,P1A,24
75.0,345.0,550,-10.8035728969752,45.0,220.0,-32.39366912754947,-14.743166113549684,-3.5829677926065733,mirror_pifa_h5p8_l8p6_sep17p0_feed7p80,P1A,24
80.0,350.0,550,-10.8035728969752,45.0,220.0,-32.39366912754947,-14.743166113549684,-3.5829677926065733,mirror_pifa_h5p8_l8p6_sep17p0_feed7p80,P1A,24
85.0,355.0,550,-10.8035728969752,45.0,220.0,-32.39366912754947,-14.743166113549684,-3.5829677926065733,mirror_pifa_h5p8_l8p6_sep17p0_feed7p80,P1A,24
90.0,0.0,550,-10.8035728969752,45.0,220.0,-32.39366912754947,-14.743166113549684,-3.5829677926065733,mirror_pifa_h5p8_l8p6_sep17p0_feed7p80,P1A,24
95.0,5.0,550,-10.8035728969752,45.0,220.0,-32.39366912754947,-14.743166113549684,-3.5669925138385055,mirror_pifa_h5p8_l8p6_sep17p0_feed7p80,P1A,24
100.0,10.0,550,-10.8035728969752,45.0,220.0,-32.39366912754947,-14.743166113549684,-3.5662379694461825,mirror_pifa_h5p8_l8p6_sep17p0_feed7p80,P1A,24
105.0,15.0,550,-10.8035728969752,45.0,220.0,-32.39366912754947,-14.743166113549684,-3.5492827531884026,mirror_pifa_h5p8_l8p6_sep17p0_feed7p80,P1A,24
110.0,20.0,550,-10.8035728969752,45.0,220.0,-32.39366912754947,-14.743166113549684,-3.4590180618475665,mirror_pifa_h5p8_l8p6_sep17p0_feed7p80,P1A,24
115.0,25.0,550,-10.8035728969752,45.0,220.0,-32.39366912754947,-14.743166113549684,-3.3599874042552487,mirror_pifa_h5p8_l8p6_sep17p0_feed7p80,P1A,24
120.0,30.0,550,-10.8035728969752,45.0,220.0,-32.39366912754947,-14.743166113549684,-3.145267469597509,mirror_pifa_h5p8_l8p6_sep17p0_feed7p80,P1A,24
125.0,35.0,550,-10.8035728969752,45.0,220.0,-32.39366912754947,-14.053649355411666,-2.904566129254781,mirror_pifa_h5p8_l8p6_sep17p0_feed7p80,P1A,24
130.0,40.0,550,-10.8035728969752,45.0,220.0,-32.39366912754947,-13.703287897530794,-2.6496345796594616,mirror_pifa_h5p8_l8p6_sep17p0_feed7p80,P1A,24
135.0,45.0,550,-10.8035728969752,45.0,220.0,-32.39366912754947,-13.67228059865478,-2.215249620222004,mirror_pifa_h5p8_l8p6_sep17p0_feed7p80,P1A,24
140.0,50.0,550,-10.8035728969752,45.0,220.0,-32.39366912754947,-13.638191353297213,-1.859420289173217,mirror_pifa_h5p8_l8p6_sep17p0_feed7p80,P1A,24
145.0,55.0,550,-10.8035728969752,45.0,220.0,-32.39366912754947,-13.638191353297213,-1.4596106654120435,mirror_pifa_h5p8_l8p6_sep17p0_feed7p80,P1A,24
150.0,60.0,550,-10.8035728969752,45.0,220.0,-32.39366912754947,-13.638191353297213,-1.0513198054582111,mirror_pifa_h5p8_l8p6_sep17p0_feed7p80,P1A,24
155.0,65.0,550,-10.8035728969752,45.0,220.0,-32.39366912754947,-13.638191353297213,-0.9135544731684668,mirror_pifa_h5p8_l8p6_sep17p0_feed7p80,P1A,24
160.0,70.0,550,-10.8035728969752,45.0,220.0,-32.39366912754947,-13.638191353297213,-0.9021207853887756,mirror_pifa_h5p8_l8p6_sep17p0_feed7p80,P1A,24
165.0,75.0,550,-10.8035728969752,45.0,220.0,-32.39366912754947,-13.638191353297213,-0.9021207853887756,mirror_pifa_h5p8_l8p6_sep17p0_feed7p80,P1A,24
170.0,80.0,550,-10.8035728969752,45.0,220.0,-32.39366912754947,-13.638191353297213,-0.9135544731684668,mirror_pifa_h5p8_l8p6_sep17p0_feed7p80,P1A,24
175.0,85.0,550,-10.8035728969752,45.0,220.0,-32.39366912754947,-13.638191353297213,-1.0083501943746902,mirror_pifa_h5p8_l8p6_sep17p0_feed7p80,P1A,24
180.0,90.0,550,-10.8035728969752,45.0,220.0,-32.39366912754947,-13.638191353297213,-1.0513198054582111,mirror_pifa_h5p8_l8p6_sep17p0_feed7p80,P1A,24
185.0,95.0,550,-10.8035728969752,45.0,220.0,-32.39366912754947,-13.638191353297213,-1.2814828921592976,mirror_pifa_h5p8_l8p6_sep17p0_feed7p80,P1A,24
190.0,100.0,550,-10.8035728969752,45.0,220.0,-32.39366912754947,-13.638191353297213,-1.4596106654120435,mirror_pifa_h5p8_l8p6_sep17p0_feed7p80,P1A,24
195.0,105.0,550,-10.8035728969752,45.0,220.0,-32.39366912754947,-13.638191353297213,-1.566395994468066,mirror_pifa_h5p8_l8p6_sep17p0_feed7p80,P1A,24
200.0,110.0,550,-10.8035728969752,45.0,220.0,-32.39366912754947,-13.638191353297213,-1.5863496943439406,mirror_pifa_h5p8_l8p6_sep17p0_feed7p80,P1A,24
205.0,115.0,550,-10.8035728969752,45.0,220.0,-32.39366912754947,-13.67228059865478,-1.533804915497906,mirror_pifa_h5p8_l8p6_sep17p0_feed7p80,P1A,24
210.0,120.0,550,-10.8035728969752,45.0,220.0,-32.39366912754947,-13.703287897530794,-1.5319814040713582,mirror_pifa_h5p8_l8p6_sep17p0_feed7p80,P1A,24
215.0,125.0,550,-10.8035728969752,45.0,220.0,-32.39366912754947,-13.975031261636008,-1.5275204551817607,mirror_pifa_h5p8_l8p6_sep17p0_feed7p80,P1A,24
220.0,130.0,550,-10.8035728969752,45.0,220.0,-32.39366912754947,-14.053649355411666,-1.5275204551817607,mirror_pifa_h5p8_l8p6_sep17p0_feed7p80,P1A,24
225.0,135.0,550,-10.738960817314,45.0,225.0,-32.39366912754947,-14.053649355411666,-1.533804915497906,mirror_pifa_h5p8_l8p6_sep17p0_feed7p80,P1A,24
230.0,140.0,550,-10.7867310276278,45.0,140.0,-32.39366912754947,-13.925092183091113,-1.6898183698230524,mirror_pifa_h5p8_l8p6_sep17p0_feed7p80,P1A,24
235.0,145.0,550,-10.7867310276278,45.0,140.0,-22.720835416101846,-13.638191353297213,-1.6994477361898914,mirror_pifa_h5p8_l8p6_sep17p0_feed7p80,P1A,24
240.0,150.0,550,-10.7867310276278,45.0,140.0,-22.720835416101846,-13.41759560991914,-1.586642961559266,mirror_pifa_h5p8_l8p6_sep17p0_feed7p80,P1A,24
245.0,155.0,550,-10.7867310276278,45.0,140.0,-22.720835416101846,-13.364972823960048,-1.5275204551817607,mirror_pifa_h5p8_l8p6_sep17p0_feed7p80,P1A,24
250.0,160.0,550,-10.7867310276278,45.0,140.0,-22.720835416101846,-13.332182245800578,-1.088412095537294,mirror_pifa_h5p8_l8p6_sep17p0_feed7p80,P1A,24
255.0,165.0,550,-10.7867310276278,45.0,140.0,-22.720835416101846,-13.051974194234244,-0.7996653549182825,mirror_pifa_h5p8_l8p6_sep17p0_feed7p80,P1A,24
260.0,170.0,550,-10.7867310276278,45.0,140.0,-22.720835416101846,-12.54949956465935,-0.35329038584019645,mirror_pifa_h5p8_l8p6_sep17p0_feed7p80,P1A,24
265.0,175.0,550,-10.7867310276278,45.0,140.0,-22.720835416101846,-12.209676470538222,0.003111550014800371,mirror_pifa_h5p8_l8p6_sep17p0_feed7p80,P1A,24
270.0,180.0,550,-10.7867310276278,45.0,140.0,-22.720835416101846,-11.127735097325305,0.4272713783279892,mirror_pifa_h5p8_l8p6_sep17p0_feed7p80,P1A,24
275.0,185.0,550,-10.7867310276278,45.0,140.0,-22.720835416101846,-10.320180452466559,0.6722408593033378,mirror_pifa_h5p8_l8p6_sep17p0_feed7p80,P1A,24
280.0,190.0,550,-10.7867310276278,45.0,140.0,-22.720835416101846,-9.62732486583501,0.8180592600458834,mirror_pifa_h5p8_l8p6_sep17p0_feed7p80,P1A,24
285.0,195.0,550,-10.7867310276278,45.0,140.0,-22.720835416101846,-8.896443936939797,0.8455764832467817,mirror_pifa_h5p8_l8p6_sep17p0_feed7p80,P1A,24
290.0,200.0,550,-10.7867310276278,45.0,140.0,-22.720835416101846,-8.248787787513768,0.8455764832467817,mirror_pifa_h5p8_l8p6_sep17p0_feed7p80,P1A,24
295.0,205.0,550,-10.7867310276278,45.0,140.0,-22.720835416101846,-8.885744799100145,0.8455764832467817,mirror_pifa_h5p8_l8p6_sep17p0_feed7p80,P1A,24
300.0,210.0,550,-10.7867310276278,45.0,140.0,-22.720835416101846,-8.975078951540324,0.8455764832467817,mirror_pifa_h5p8_l8p6_sep17p0_feed7p80,P1A,24
305.0,215.0,550,-10.7867310276278,45.0,140.0,-22.720835416101846,-9.654549293133451,0.8455764832467817,mirror_pifa_h5p8_l8p6_sep17p0_feed7p80,P1A,24
310.0,220.0,550,-10.8035728969752,45.0,220.0,-22.720835416101846,-10.278561242047584,0.8455764832467817,mirror_pifa_h5p8_l8p6_sep17p0_feed7p80,P1A,24
315.0,225.0,550,-10.8035728969752,45.0,220.0,-22.720835416101846,-10.41191879031944,0.8455764832467817,mirror_pifa_h5p8_l8p6_sep17p0_feed7p80,P1A,24
320.0,230.0,550,-10.8035728969752,45.0,220.0,-32.39366912754947,-11.036577014700873,0.9759638062667529,mirror_pifa_h5p8_l8p6_sep17p0_feed7p80,P1A,24
325.0,235.0,550,-10.8035728969752,45.0,220.0,-32.39366912754947,-11.667586701324248,0.8455764832467817,mirror_pifa_h5p8_l8p6_sep17p0_feed7p80,P1A,24
330.0,240.0,550,-10.8035728969752,45.0,220.0,-32.39366912754947,-12.181820340621892,0.7923544846271852,mirror_pifa_h5p8_l8p6_sep17p0_feed7p80,P1A,24
335.0,245.0,550,-10.8035728969752,45.0,220.0,-32.39366912754947,-12.209676470538222,0.7330617785169828,mirror_pifa_h5p8_l8p6_sep17p0_feed7p80,P1A,24
340.0,250.0,550,-10.8035728969752,45.0,220.0,-32.39366912754947,-12.323261897081785,0.6009242458741231,mirror_pifa_h5p8_l8p6_sep17p0_feed7p80,P1A,24
345.0,255.0,550,-10.8035728969752,45.0,220.0,-32.39366912754947,-12.504752065230907,0.4272713783279892,mirror_pifa_h5p8_l8p6_sep17p0_feed7p80,P1A,24
350.0,260.0,550,-10.8035728969752,45.0,220.0,-32.39366912754947,-12.880675620390065,-0.0009407590676758462,mirror_pifa_h5p8_l8p6_sep17p0_feed7p80,P1A,24
355.0,265.0,550,-10.8035728969752,45.0,220.0,-32.39366912754947,-13.558079025995145,-0.35329038584019645,mirror_pifa_h5p8_l8p6_sep17p0_feed7p80,P1A,24
0.0,270.0,550,-10.9154238770397,45.0,220.0,-34.75349339263595,-10.5598950099161,3.542603741404685,mirror_pifa_h5p8_l8p6_sep17p0_feed7p80,P1B,24
5.0,275.0,550,-10.9154238770397,45.0,220.0,-31.755905241779896,-10.128633531136588,3.5439077361845124,mirror_pifa_h5p8_l8p6_sep17p0_feed7p80,P1B,24
10.0,280.0,550,-10.9154238770397,45.0,220.0,-31.755905241779896,-9.886425203854488,3.5439077361845124,mirror_pifa_h5p8_l8p6_sep17p0_feed7p80,P1B,24
15.0,285.0,550,-10.9154238770397,45.0,220.0,-31.755905241779896,-10.128633531136588,3.5439077361845124,mirror_pifa_h5p8_l8p6_sep17p0_feed7p80,P1B,24
20.0,290.0,550,-10.9154238770397,45.0,220.0,-31.755905241779896,-10.22780954241451,3.542603741404685,mirror_pifa_h5p8_l8p6_sep17p0_feed7p80,P1B,24
25.0,295.0,550,-10.9154238770397,45.0,220.0,-31.755905241779896,-10.753484274902064,3.5401547351286142,mirror_pifa_h5p8_l8p6_sep17p0_feed7p80,P1B,24
30.0,300.0,550,-10.9154238770397,45.0,220.0,-31.755905241779896,-11.222130025956801,3.4936625883653267,mirror_pifa_h5p8_l8p6_sep17p0_feed7p80,P1B,24
35.0,305.0,550,-10.9154238770397,45.0,220.0,-31.755905241779896,-12.114341615448287,3.472496041240349,mirror_pifa_h5p8_l8p6_sep17p0_feed7p80,P1B,24
40.0,310.0,550,-10.9154238770397,45.0,220.0,-31.755905241779896,-12.345235855507461,3.401815561035313,mirror_pifa_h5p8_l8p6_sep17p0_feed7p80,P1B,24
45.0,315.0,550,-10.9154238770397,45.0,220.0,-31.755905241779896,-13.621887925704684,3.345970030309609,mirror_pifa_h5p8_l8p6_sep17p0_feed7p80,P1B,24
50.0,320.0,550,-10.9154238770397,45.0,220.0,-31.755905241779896,-14.023741180503164,3.345970030309609,mirror_pifa_h5p8_l8p6_sep17p0_feed7p80,P1B,24
55.0,325.0,550,-10.9154238770397,45.0,220.0,-31.755905241779896,-15.459796006556118,3.234906771075723,mirror_pifa_h5p8_l8p6_sep17p0_feed7p80,P1B,24
60.0,330.0,550,-10.9154238770397,45.0,220.0,-31.755905241779896,-15.821163855882702,3.1068623564853843,mirror_pifa_h5p8_l8p6_sep17p0_feed7p80,P1B,24
65.0,335.0,550,-10.9154238770397,45.0,220.0,-31.755905241779896,-16.210233600468836,2.6991125302048276,mirror_pifa_h5p8_l8p6_sep17p0_feed7p80,P1B,24
70.0,340.0,550,-10.9154238770397,45.0,220.0,-31.755905241779896,-16.524466415569943,2.255460082978054,mirror_pifa_h5p8_l8p6_sep17p0_feed7p80,P1B,24
75.0,345.0,550,-10.9154238770397,45.0,220.0,-33.835151407349066,-17.54978459517368,1.8858458133882383,mirror_pifa_h5p8_l8p6_sep17p0_feed7p80,P1B,24
80.0,350.0,550,-10.9154238770397,45.0,220.0,-33.835151407349066,-18.02437972468717,1.5296162252742254,mirror_pifa_h5p8_l8p6_sep17p0_feed7p80,P1B,24
85.0,355.0,550,-10.9154238770397,45.0,220.0,-33.835151407349066,-18.2700943099671,0.8919482243672711,mirror_pifa_h5p8_l8p6_sep17p0_feed7p80,P1B,24
90.0,0.0,550,-10.9154238770397,45.0,220.0,-34.75349339263595,-18.633578940492136,0.5370506658420594,mirror_pifa_h5p8_l8p6_sep17p0_feed7p80,P1B,24
95.0,5.0,550,-10.9154238770397,45.0,220.0,-34.75349339263595,-18.633578940492136,0.29441349572047665,mirror_pifa_h5p8_l8p6_sep17p0_feed7p80,P1B,24
100.0,10.0,550,-10.9154238770397,45.0,220.0,-34.75349339263595,-18.633578940492136,-0.01437860513964582,mirror_pifa_h5p8_l8p6_sep17p0_feed7p80,P1B,24
105.0,15.0,550,-10.9154238770397,45.0,220.0,-34.75349339263595,-18.633578940492136,-0.4601283528068694,mirror_pifa_h5p8_l8p6_sep17p0_feed7p80,P1B,24
110.0,20.0,550,-10.9154238770397,45.0,220.0,-34.75349339263595,-18.633578940492136,-0.6459969166306729,mirror_pifa_h5p8_l8p6_sep17p0_feed7p80,P1B,24
115.0,25.0,550,-10.9154238770397,45.0,220.0,-34.75349339263595,-18.633578940492136,-0.6935252203831149,mirror_pifa_h5p8_l8p6_sep17p0_feed7p80,P1B,24
120.0,30.0,550,-10.9154238770397,45.0,220.0,-34.75349339263595,-18.633578940492136,-0.7652038801127825,mirror_pifa_h5p8_l8p6_sep17p0_feed7p80,P1B,24
125.0,35.0,550,-10.9154238770397,45.0,220.0,-34.75349339263595,-18.633578940492136,-0.8759422054315362,mirror_pifa_h5p8_l8p6_sep17p0_feed7p80,P1B,24
130.0,40.0,550,-10.9154238770397,45.0,220.0,-34.75349339263595,-18.633578940492136,-0.9145364829794113,mirror_pifa_h5p8_l8p6_sep17p0_feed7p80,P1B,24
135.0,45.0,550,-10.9154238770397,45.0,220.0,-34.75349339263595,-18.633578940492136,-0.8466736322666412,mirror_pifa_h5p8_l8p6_sep17p0_feed7p80,P1B,24
140.0,50.0,550,-10.9154238770397,45.0,220.0,-34.75349339263595,-18.633578940492136,-0.8466736322666412,mirror_pifa_h5p8_l8p6_sep17p0_feed7p80,P1B,24
145.0,55.0,550,-10.9154238770397,45.0,220.0,-34.75349339263595,-18.633578940492136,-0.8466736322666412,mirror_pifa_h5p8_l8p6_sep17p0_feed7p80,P1B,24
150.0,60.0,550,-10.9154238770397,45.0,220.0,-34.75349339263595,-18.633578940492136,-0.8466736322666412,mirror_pifa_h5p8_l8p6_sep17p0_feed7p80,P1B,24
155.0,65.0,550,-10.9154238770397,45.0,220.0,-34.75349339263595,-18.633578940492136,-0.8466736322666412,mirror_pifa_h5p8_l8p6_sep17p0_feed7p80,P1B,24
160.0,70.0,550,-10.9154238770397,45.0,220.0,-34.75349339263595,-18.633578940492136,-0.8466736322666412,mirror_pifa_h5p8_l8p6_sep17p0_feed7p80,P1B,24
165.0,75.0,550,-10.9154238770397,45.0,220.0,-34.75349339263595,-18.633578940492136,-0.8466736322666412,mirror_pifa_h5p8_l8p6_sep17p0_feed7p80,P1B,24
170.0,80.0,550,-10.9154238770397,45.0,220.0,-34.75349339263595,-18.633578940492136,-0.8466736322666412,mirror_pifa_h5p8_l8p6_sep17p0_feed7p80,P1B,24
175.0,85.0,550,-10.9154238770397,45.0,220.0,-34.75349339263595,-18.633578940492136,-0.7305223100417179,mirror_pifa_h5p8_l8p6_sep17p0_feed7p80,P1B,24
180.0,90.0,550,-10.9154238770397,45.0,220.0,-34.75349339263595,-18.633578940492136,-0.4601283528068694,mirror_pifa_h5p8_l8p6_sep17p0_feed7p80,P1B,24
185.0,95.0,550,-10.9154238770397,45.0,220.0,-34.75349339263595,-18.2700943099671,0.15318382002743625,mirror_pifa_h5p8_l8p6_sep17p0_feed7p80,P1B,24
190.0,100.0,550,-10.9154238770397,45.0,220.0,-34.75349339263595,-18.08292829287784,0.3227781964523224,mirror_pifa_h5p8_l8p6_sep17p0_feed7p80,P1B,24
195.0,105.0,550,-10.9154238770397,45.0,220.0,-34.75349339263595,-18.08292829287784,0.6403052291499616,mirror_pifa_h5p8_l8p6_sep17p0_feed7p80,P1B,24
200.0,110.0,550,-10.9154238770397,45.0,220.0,-34.75349339263595,-18.08292829287784,1.177005045180302,mirror_pifa_h5p8_l8p6_sep17p0_feed7p80,P1B,24
205.0,115.0,550,-10.9154238770397,45.0,220.0,-34.75349339263595,-18.08292829287784,1.4835825118003234,mirror_pifa_h5p8_l8p6_sep17p0_feed7p80,P1B,24
210.0,120.0,550,-10.9154238770397,45.0,220.0,-34.75349339263595,-18.08292829287784,1.7169220930947702,mirror_pifa_h5p8_l8p6_sep17p0_feed7p80,P1B,24
215.0,125.0,550,-10.9154238770397,45.0,220.0,-34.75349339263595,-18.08292829287784,1.8320327202232136,mirror_pifa_h5p8_l8p6_sep17p0_feed7p80,P1B,24
220.0,130.0,550,-10.9154238770397,45.0,220.0,-34.75349339263595,-18.08292829287784,1.8469553198288569,mirror_pifa_h5p8_l8p6_sep17p0_feed7p80,P1B,24
225.0,135.0,550,-10.6779228498428,45.0,225.0,-34.75349339263595,-18.08292829287784,1.765770229411878,mirror_pifa_h5p8_l8p6_sep17p0_feed7p80,P1B,24
230.0,140.0,550,-10.8477989331238,45.0,140.0,-34.75349339263595,-18.08292829287784,1.7016283850531633,mirror_pifa_h5p8_l8p6_sep17p0_feed7p80,P1B,24
235.0,145.0,550,-10.8477989331238,45.0,140.0,-34.75349339263595,-18.08292829287784,1.7016283850531633,mirror_pifa_h5p8_l8p6_sep17p0_feed7p80,P1B,24
240.0,150.0,550,-10.8477989331238,45.0,140.0,-34.75349339263595,-18.08292829287784,1.7169220930947702,mirror_pifa_h5p8_l8p6_sep17p0_feed7p80,P1B,24
245.0,155.0,550,-10.8477989331238,45.0,140.0,-34.75349339263595,-18.08292829287784,1.765770229411878,mirror_pifa_h5p8_l8p6_sep17p0_feed7p80,P1B,24
250.0,160.0,550,-10.8477989331238,45.0,140.0,-34.75349339263595,-18.08292829287784,1.8320327202232136,mirror_pifa_h5p8_l8p6_sep17p0_feed7p80,P1B,24
255.0,165.0,550,-10.8477989331238,45.0,140.0,-34.75349339263595,-18.08292829287784,1.769318508486959,mirror_pifa_h5p8_l8p6_sep17p0_feed7p80,P1B,24
260.0,170.0,550,-10.8477989331238,45.0,140.0,-34.75349339263595,-18.08292829287784,1.6603095927094338,mirror_pifa_h5p8_l8p6_sep17p0_feed7p80,P1B,24
265.0,175.0,550,-10.8477989331238,45.0,140.0,-34.75349339263595,-18.08292829287784,1.5296162252742254,mirror_pifa_h5p8_l8p6_sep17p0_feed7p80,P1B,24
270.0,180.0,550,-10.8477989331238,45.0,140.0,-34.75349339263595,-18.2700943099671,1.4298712628691774,mirror_pifa_h5p8_l8p6_sep17p0_feed7p80,P1B,24
275.0,185.0,550,-10.8477989331238,45.0,140.0,-34.75349339263595,-18.633578940492136,1.3122929268903962,mirror_pifa_h5p8_l8p6_sep17p0_feed7p80,P1B,24
280.0,190.0,550,-10.8477989331238,45.0,140.0,-34.75349339263595,-18.633578940492136,1.177005045180302,mirror_pifa_h5p8_l8p6_sep17p0_feed7p80,P1B,24
285.0,195.0,550,-10.8477989331238,45.0,140.0,-34.75349339263595,-18.633578940492136,1.0859680726346959,mirror_pifa_h5p8_l8p6_sep17p0_feed7p80,P1B,24
290.0,200.0,550,-10.8477989331238,45.0,140.0,-34.75349339263595,-18.633578940492136,1.0859680726346959,mirror_pifa_h5p8_l8p6_sep17p0_feed7p80,P1B,24
295.0,205.0,550,-10.8477989331238,45.0,140.0,-34.75349339263595,-18.633578940492136,1.177005045180302,mirror_pifa_h5p8_l8p6_sep17p0_feed7p80,P1B,24
300.0,210.0,550,-10.8477989331238,45.0,140.0,-34.75349339263595,-18.633578940492136,1.3122929268903962,mirror_pifa_h5p8_l8p6_sep17p0_feed7p80,P1B,24
305.0,215.0,550,-10.8477989331238,45.0,140.0,-34.75349339263595,-18.43808659909804,1.6207132557939354,mirror_pifa_h5p8_l8p6_sep17p0_feed7p80,P1B,24
310.0,220.0,550,-10.9154238770397,45.0,220.0,-34.75349339263595,-18.204874706437646,1.8361568844242582,mirror_pifa_h5p8_l8p6_sep17p0_feed7p80,P1B,24
315.0,225.0,550,-10.9154238770397,45.0,220.0,-34.75349339263595,-18.02437972468717,2.2777628052692753,mirror_pifa_h5p8_l8p6_sep17p0_feed7p80,P1B,24
320.0,230.0,550,-10.9154238770397,45.0,220.0,-34.75349339263595,-17.677997133715078,2.6054795930573444,mirror_pifa_h5p8_l8p6_sep17p0_feed7p80,P1B,24
325.0,235.0,550,-10.9154238770397,45.0,220.0,-34.75349339263595,-16.97124162197312,2.913114405931279,mirror_pifa_h5p8_l8p6_sep17p0_feed7p80,P1B,24
330.0,240.0,550,-10.9154238770397,45.0,220.0,-34.75349339263595,-16.524466415569943,3.1107950388233805,mirror_pifa_h5p8_l8p6_sep17p0_feed7p80,P1B,24
335.0,245.0,550,-10.9154238770397,45.0,220.0,-34.75349339263595,-16.032247763271826,3.1393877604850133,mirror_pifa_h5p8_l8p6_sep17p0_feed7p80,P1B,24
340.0,250.0,550,-10.9154238770397,45.0,220.0,-34.75349339263595,-15.618397375313549,3.2792046150033665,mirror_pifa_h5p8_l8p6_sep17p0_feed7p80,P1B,24
345.0,255.0,550,-10.9154238770397,45.0,220.0,-34.75349339263595,-14.275040689946819,3.474168937677375,mirror_pifa_h5p8_l8p6_sep17p0_feed7p80,P1B,24
350.0,260.0,550,-10.9154238770397,45.0,220.0,-34.75349339263595,-12.831101803404653,3.5346846618520673,mirror_pifa_h5p8_l8p6_sep17p0_feed7p80,P1B,24
355.0,265.0,550,-10.9154238770397,45.0,220.0,-34.75349339263595,-11.529773980205887,3.5401547351286142,mirror_pifa_h5p8_l8p6_sep17p0_feed7p80,P1B,24
0.0,270.0,550,-11.7405413609312,55.0,115.0,-41.927262166386974,-13.22888508100893,2.158201747034189,mirror_pifa_h6p5_l8p4_sep17p0_feed7p90,P1A,25
5.0,275.0,550,-11.7405413609312,55.0,115.0,-41.927262166386974,-14.127567381135375,1.8199783266568303,mirror_pifa_h6p5_l8p4_sep17p0_feed7p90,P1A,25
10.0,280.0,550,-11.7405413609312,55.0,115.0,-41.927262166386974,-14.127567381135375,1.2242462070014457,mirror_pifa_h6p5_l8p4_sep17p0_feed7p90,P1A,25
15.0,285.0,550,-11.7405413609312,55.0,115.0,-41.927262166386974,-14.127567381135375,0.7719252587965355,mirror_pifa_h6p5_l8p4_sep17p0_feed7p90,P1A,25
20.0,290.0,550,-11.7405413609312,55.0,115.0,-41.927262166386974,-14.127567381135375,0.39031214748736476,mirror_pifa_h6p5_l8p4_sep17p0_feed7p90,P1A,25
25.0,295.0,550,-11.7405413609312,55.0,115.0,-41.927262166386974,-14.127567381135375,0.0795465253007837,mirror_pifa_h6p5_l8p4_sep17p0_feed7p90,P1A,25
30.0,300.0,550,-11.7405413609312,55.0,115.0,-41.927262166386974,-14.127567381135375,-0.3639126295860833,mirror_pifa_h6p5_l8p4_sep17p0_feed7p90,P1A,25
35.0,305.0,550,-11.7405413609312,55.0,115.0,-41.927262166386974,-14.127567381135375,-0.6284432490398728,mirror_pifa_h6p5_l8p4_sep17p0_feed7p90,P1A,25
40.0,310.0,550,-11.7405413609312,55.0,115.0,-41.927262166386974,-14.127567381135375,-0.9134829050239334,mirror_pifa_h6p5_l8p4_sep17p0_feed7p90,P1A,25
45.0,315.0,550,-11.7405413609312,55.0,115.0,-41.927262166386974,-14.127567381135375,-1.1111707704399778,mirror_pifa_h6p5_l8p4_sep17p0_feed7p90,P1A,25
50.0,320.0,550,-11.7405413609312,55.0,115.0,-41.927262166386974,-14.127567381135375,-1.2478409739692033,mirror_pifa_h6p5_l8p4_sep17p0_feed7p90,P1A,25
55.0,325.0,550,-11.7405413609312,55.0,115.0,-41.927262166386974,-14.127567381135375,-1.314410891006193,mirror_pifa_h6p5_l8p4_sep17p0_feed7p90,P1A,25
60.0,330.0,550,-11.7405413609312,55.0,115.0,-41.927262166386974,-14.127567381135375,-1.3628638051364232,mirror_pifa_h6p5_l8p4_sep17p0_feed7p90,P1A,25
65.0,335.0,550,-11.7405413609312,55.0,115.0,-41.927262166386974,-14.127567381135375,-1.3881514467706302,mirror_pifa_h6p5_l8p4_sep17p0_feed7p90,P1A,25
70.0,340.0,550,-11.7405413609312,55.0,115.0,-41.927262166386974,-14.127567381135375,-1.4394155288190722,mirror_pifa_h6p5_l8p4_sep17p0_feed7p90,P1A,25
75.0,345.0,550,-11.7405413609312,55.0,115.0,-41.927262166386974,-14.127567381135375,-1.477243765613438,mirror_pifa_h6p5_l8p4_sep17p0_feed7p90,P1A,25
80.0,350.0,550,-11.7405413609312,55.0,115.0,-41.927262166386974,-14.127567381135375,-1.477243765613438,mirror_pifa_h6p5_l8p4_sep17p0_feed7p90,P1A,25
85.0,355.0,550,-11.7405413609312,55.0,115.0,-41.927262166386974,-14.127567381135375,-1.477243765613438,mirror_pifa_h6p5_l8p4_sep17p0_feed7p90,P1A,25
90.0,0.0,550,-11.7405413609312,55.0,115.0,-41.927262166386974,-14.127567381135375,-1.4476500780436161,mirror_pifa_h6p5_l8p4_sep17p0_feed7p90,P1A,25
95.0,5.0,550,-11.7405413609312,55.0,115.0,-41.927262166386974,-14.127567381135375,-1.4394155288190722,mirror_pifa_h6p5_l8p4_sep17p0_feed7p90,P1A,25
100.0,10.0,550,-11.7405413609312,55.0,115.0,-41.927262166386974,-14.127567381135375,-1.415451906480531,mirror_pifa_h6p5_l8p4_sep17p0_feed7p90,P1A,25
105.0,15.0,550,-11.7405413609312,55.0,115.0,-41.927262166386974,-14.127567381135375,-1.3881514467706302,mirror_pifa_h6p5_l8p4_sep17p0_feed7p90,P1A,25
110.0,20.0,550,-11.7405413609312,55.0,115.0,-41.927262166386974,-14.127567381135375,-1.3437005233388868,mirror_pifa_h6p5_l8p4_sep17p0_feed7p90,P1A,25
115.0,25.0,550,-11.7405413609312,55.0,115.0,-41.927262166386974,-14.127567381135375,-1.2478409739692033,mirror_pifa_h6p5_l8p4_sep17p0_feed7p90,P1A,25
120.0,30.0,550,-11.1898930374186,55.0,120.0,-41.927262166386974,-13.96325291350237,-1.1071247570357914,mirror_pifa_h6p5_l8p4_sep17p0_feed7p90,P1A,25
125.0,35.0,550,-11.0568251781871,50.0,125.0,-41.927262166386974,-13.22888508100893,-0.8842021169330144,mirror_pifa_h6p5_l8p4_sep17p0_feed7p90,P1A,25
130.0,40.0,550,-10.6908647858906,45.0,135.0,-41.927262166386974,-12.840858808923395,-0.6284432490398728,mirror_pifa_h6p5_l8p4_sep17p0_feed7p90,P1A,25
135.0,45.0,550,-10.6908647858906,45.0,135.0,-41.927262166386974,-12.828917497280464,-0.3639126295860833,mirror_pifa_h6p5_l8p4_sep17p0_feed7p90,P1A,25
140.0,50.0,550,-9.87794547474619,45.0,140.0,-41.927262166386974,-12.828917497280464,-0.1517668796433781,mirror_pifa_h6p5_l8p4_sep17p0_feed7p90,P1A,25
145.0,55.0,550,-8.69984091381165,45.0,215.0,-41.927262166386974,-12.828917497280464,-0.06575328216651974,mirror_pifa_h6p5_l8p4_sep17p0_feed7p90,P1A,25
150.0,60.0,550,-8.69984091381165,45.0,215.0,-41.927262166386974,-12.828917497280464,0.02531666914493309,mirror_pifa_h6p5_l8p4_sep17p0_feed7p90,P1A,25
155.0,65.0,550,-8.69984091381165,45.0,215.0,-41.927262166386974,-12.828917497280464,0.0795465253007837,mirror_pifa_h6p5_l8p4_sep17p0_feed7p90,P1A,25
160.0,70.0,550,-8.69984091381165,45.0,215.0,-41.927262166386974,-12.828917497280464,0.09373580072127229,mirror_pifa_h6p5_l8p4_sep17p0_feed7p90,P1A,25
165.0,75.0,550,-8.69984091381165,45.0,215.0,-41.927262166386974,-12.828917497280464,0.09373580072127229,mirror_pifa_h6p5_l8p4_sep17p0_feed7p90,P1A,25
170.0,80.0,550,-8.69984091381165,45.0,215.0,-41.927262166386974,-12.828917497280464,0.057068423822883775,mirror_pifa_h6p5_l8p4_sep17p0_feed7p90,P1A,25
175.0,85.0,550,-8.69984091381165,45.0,215.0,-41.927262166386974,-12.828917497280464,0.0021337632960200517,mirror_pifa_h6p5_l8p4_sep17p0_feed7p90,P1A,25
180.0,90.0,550,-8.69984091381165,45.0,215.0,-41.927262166386974,-12.828917497280464,-0.062000074504727005,mirror_pifa_h6p5_l8p4_sep17p0_feed7p90,P1A,25
185.0,95.0,550,-8.69984091381165,45.0,215.0,-41.927262166386974,-12.828917497280464,-0.07831425202187345,mirror_pifa_h6p5_l8p4_sep17p0_feed7p90,P1A,25
190.0,100.0,550,-8.69984091381165,45.0,215.0,-41.927262166386974,-12.828917497280464,-0.10317712227132271,mirror_pifa_h6p5_l8p4_sep17p0_feed7p90,P1A,25
195.0,105.0,550,-9.77589810659228,55.0,105.0,-41.927262166386974,-12.828917497280464,-0.1517668796433781,mirror_pifa_h6p5_l8p4_sep17p0_feed7p90,P1A,25
200.0,110.0,550,-11.1969298435098,55.0,110.0,-41.927262166386974,-12.828917497280464,-0.1517668796433781,mirror_pifa_h6p5_l8p4_sep17p0_feed7p90,P1A,25
205.0,115.0,550,-11.7405413609312,55.0,115.0,-41.927262166386974,-12.840858808923395,-0.12770065313059062,mirror_pifa_h6p5_l8p4_sep17p0_feed7p90,P1A,25
210.0,120.0,550,-11.7405413609312,55.0,115.0,-41.927262166386974,-13.22888508100893,-0.10317712227132271,mirror_pifa_h6p5_l8p4_sep17p0_feed7p90,P1A,25
215.0,125.0,550,-11.7405413609312,55.0,115.0,-41.927262166386974,-13.96325291350237,-0.07831425202187345,mirror_pifa_h6p5_l8p4_sep17p0_feed7p90,P1A,25
220.0,130.0,550,-11.7405413609312,55.0,115.0,-41.927262166386974,-14.127567381135375,-0.10317712227132271,mirror_pifa_h6p5_l8p4_sep17p0_feed7p90,P1A,25
225.0,135.0,550,-11.7405413609312,55.0,115.0,-41.927262166386974,-14.127567381135375,-0.10317712227132271,mirror_pifa_h6p5_l8p4_sep17p0_feed7p90,P1A,25
230.0,140.0,550,-11.7405413609312,55.0,115.0,-41.927262166386974,-14.127567381135375,-0.10317712227132271,mirror_pifa_h6p5_l8p4_sep17p0_feed7p90,P1A,25
235.0,145.0,550,-11.7405413609312,55.0,115.0,-41.927262166386974,-13.96325291350237,-0.06575328216651974,mirror_pifa_h6p5_l8p4_sep17p0_feed7p90,P1A,25
240.0,150.0,550,-11.7405413609312,55.0,115.0,-27.172064611048775,-13.22888508100893,-0.00442768801546434,mirror_pifa_h6p5_l8p4_sep17p0_feed7p90,P1A,25
245.0,155.0,550,-11.7405413609312,55.0,115.0,-27.172064611048775,-12.828917497280464,0.09373580072127229,mirror_pifa_h6p5_l8p4_sep17p0_feed7p90,P1A,25
250.0,160.0,550,-11.7405413609312,55.0,115.0,-27.172064611048775,-12.828917497280464,0.39031214748736476,mirror_pifa_h6p5_l8p4_sep17p0_feed7p90,P1A,25
255.0,165.0,550,-11.7405413609312,55.0,115.0,-27.172064611048775,-12.497098322137997,0.8122989700616151,mirror_pifa_h6p5_l8p4_sep17p0_feed7p90,P1A,25
260.0,170.0,550,-11.7405413609312,55.0,115.0,-27.172064611048775,-11.943937715092614,1.2010292893721983,mirror_pifa_h6p5_l8p4_sep17p0_feed7p90,P1A,25
265.0,175.0,550,-11.7405413609312,55.0,115.0,-26.88929499781715,-10.703880944327011,1.6997298569806427,mirror_pifa_h6p5_l8p4_sep17p0_feed7p90,P1A,25
270.0,180.0,550,-11.7405413609312,55.0,115.0,-26.88929499781715,-9.255068708151912,2.00963923064075,mirror_pifa_h6p5_l8p4_sep17p0_feed7p90,P1A,25
275.0,185.0,550,-11.7405413609312,55.0,115.0,-23.234207307312424,-7.931111419194793,2.158201747034189,mirror_pifa_h6p5_l8p4_sep17p0_feed7p90,P1A,25
280.0,190.0,550,-11.7405413609312,55.0,115.0,-23.234207307312424,-6.8288083029604385,2.2262661991963086,mirror_pifa_h6p5_l8p4_sep17p0_feed7p90,P1A,25
285.0,195.0,550,-11.7405413609312,55.0,115.0,-23.234207307312424,-6.415603889700893,2.2262661991963086,mirror_pifa_h6p5_l8p4_sep17p0_feed7p90,P1A,25
290.0,200.0,550,-11.7405413609312,55.0,115.0,-23.234207307312424,-5.539094826652116,2.2262661991963086,mirror_pifa_h6p5_l8p4_sep17p0_feed7p90,P1A,25
295.0,205.0,550,-11.7405413609312,55.0,115.0,-23.234207307312424,-5.539094826652116,2.2262661991963086,mirror_pifa_h6p5_l8p4_sep17p0_feed7p90,P1A,25
300.0,210.0,550,-11.7405413609312,55.0,115.0,-23.234207307312424,-5.866244823390967,2.2262661991963086,mirror_pifa_h6p5_l8p4_sep17p0_feed7p90,P1A,25
305.0,215.0,550,-11.7405413609312,55.0,115.0,-23.234207307312424,-6.228368061623549,2.3644604535671307,mirror_pifa_h6p5_l8p4_sep17p0_feed7p90,P1A,25
310.0,220.0,550,-11.7405413609312,55.0,115.0,-23.234207307312424,-6.548010048005808,2.5485749358054077,mirror_pifa_h6p5_l8p4_sep17p0_feed7p90,P1A,25
315.0,225.0,550,-11.7405413609312,55.0,115.0,-23.234207307312424,-6.797480652981276,2.678136732762046,mirror_pifa_h6p5_l8p4_sep17p0_feed7p90,P1A,25
320.0,230.0,550,-11.7405413609312,55.0,115.0,-23.234207307312424,-6.964808739615412,2.7827037542244764,mirror_pifa_h6p5_l8p4_sep17p0_feed7p90,P1A,25
325.0,235.0,550,-11.7405413609312,55.0,115.0,-41.927262166386974,-7.053083650526057,2.8997810129513435,mirror_pifa_h6p5_l8p4_sep17p0_feed7p90,P1A,25
330.0,240.0,550,-11.7405413609312,55.0,115.0,-41.927262166386974,-7.327315778207055,2.9161590585928616,mirror_pifa_h6p5_l8p4_sep17p0_feed7p90,P1A,25
335.0,245.0,550,-11.7405413609312,55.0,115.0,-41.927262166386974,-8.459272221496688,2.8997810129513435,mirror_pifa_h6p5_l8p4_sep17p0_feed7p90,P1A,25
340.0,250.0,550,-11.7405413609312,55.0,115.0,-41.927262166386974,-9.057847738169748,2.819051857941915,mirror_pifa_h6p5_l8p4_sep17p0_feed7p90,P1A,25
345.0,255.0,550,-11.7405413609312,55.0,115.0,-41.927262166386974,-9.283683126648416,2.747252941268891,mirror_pifa_h6p5_l8p4_sep17p0_feed7p90,P1A,25
350.0,260.0,550,-11.7405413609312,55.0,115.0,-41.927262166386974,-10.703880944327011,2.5943626255017755,mirror_pifa_h6p5_l8p4_sep17p0_feed7p90,P1A,25
355.0,265.0,550,-11.7405413609312,55.0,115.0,-41.927262166386974,-12.072395341016795,2.402062613225052,mirror_pifa_h6p5_l8p4_sep17p0_feed7p90,P1A,25
0.0,270.0,550,-11.1281061259892,55.0,245.0,-35.51056517000177,-12.414420927669529,1.2634271401978256,mirror_pifa_h6p5_l8p4_sep17p0_feed7p90,P1B,25
5.0,275.0,550,-11.1281061259892,55.0,245.0,-34.778762639513474,-12.208746742918915,1.2894346848473974,mirror_pifa_h6p5_l8p4_sep17p0_feed7p90,P1B,25
10.0,280.0,550,-11.1281061259892,55.0,245.0,-34.778762639513474,-12.208746742918915,1.2894346848473974,mirror_pifa_h6p5_l8p4_sep17p0_feed7p90,P1B,25
15.0,285.0,550,-11.1281061259892,55.0,245.0,-34.778762639513474,-12.42777492635838,1.2634271401978256,mirror_pifa_h6p5_l8p4_sep17p0_feed7p90,P1B,25
20.0,290.0,550,-11.1281061259892,55.0,245.0,-34.778762639513474,-12.906929211596264,1.246336290266171,mirror_pifa_h6p5_l8p4_sep17p0_feed7p90,P1B,25
25.0,295.0,550,-11.1281061259892,55.0,245.0,-34.778762639513474,-13.568942292970805,1.2409622001407303,mirror_pifa_h6p5_l8p4_sep17p0_feed7p90,P1B,25
30.0,300.0,550,-11.1281061259892,55.0,245.0,-36.11369358556394,-14.154030500273683,1.189707274883028,mirror_pifa_h6p5_l8p4_sep17p0_feed7p90,P1B,25
35.0,305.0,550,-11.1281061259892,55.0,245.0,-36.11369358556394,-14.40371654750598,1.0728466735580964,mirror_pifa_h6p5_l8p4_sep17p0_feed7p90,P1B,25
40.0,310.0,550,-11.1281061259892,55.0,245.0,-36.11369358556394,-14.88931825743271,1.034993177423039,mirror_pifa_h6p5_l8p4_sep17p0_feed7p90,P1B,25
45.0,315.0,550,-11.1281061259892,55.0,245.0,-36.11369358556394,-15.171869372264782,0.9851017312178361,mirror_pifa_h6p5_l8p4_sep17p0_feed7p90,P1B,25
50.0,320.0,550,-11.1281061259892,55.0,245.0,-36.11369358556394,-16.201506760517027,0.8803226646241268,mirror_pifa_h6p5_l8p4_sep17p0_feed7p90,P1B,25
55.0,325.0,550,-11.1281061259892,55.0,245.0,-41.86719722134788,-16.47536360392187,0.4754677907974663,mirror_pifa_h6p5_l8p4_sep17p0_feed7p90,P1B,25
60.0,330.0,550,-11.1281061259892,55.0,245.0,-41.86719722134788,-16.87128037251937,0.13298494047856516,mirror_pifa_h6p5_l8p4_sep17p0_feed7p90,P1B,25
65.0,335.0,550,-11.1281061259892,55.0,245.0,-41.86719722134788,-18.234992097266993,-0.31862537562323423,mirror_pifa_h6p5_l8p4_sep17p0_feed7p90,P1B,25
70.0,340.0,550,-11.1281061259892,55.0,245.0,-41.86719722134788,-18.66524711867292,-0.6364264020507473,mirror_pifa_h6p5_l8p4_sep17p0_feed7p90,P1B,25
75.0,345.0,550,-11.1281061259892,55.0,245.0,-41.86719722134788,-18.980359375531172,-0.9843249123472408,mirror_pifa_h6p5_l8p4_sep17p0_feed7p90,P1B,25
80.0,350.0,550,-11.1281061259892,55.0,245.0,-41.86719722134788,-19.723978560625188,-1.4475701214911667,mirror_pifa_h6p5_l8p4_sep17p0_feed7p90,P1B,25
85.0,355.0,550,-11.1281061259892,55.0,245.0,-41.86719722134788,-19.81845501639573,-1.8889799025224896,mirror_pifa_h6p5_l8p4_sep17p0_feed7p90,P1B,25
90.0,0.0,550,-11.1281061259892,55.0,245.0,-41.86719722134788,-19.837040986781567,-2.366718927421563,mirror_pifa_h6p5_l8p4_sep17p0_feed7p90,P1B,25
95.0,5.0,550,-11.1281061259892,55.0,245.0,-41.86719722134788,-19.837040986781567,-2.5673667038670094,mirror_pifa_h6p5_l8p4_sep17p0_feed7p90,P1B,25
100.0,10.0,550,-11.1281061259892,55.0,245.0,-41.86719722134788,-19.837040986781567,-2.6779971545692014,mirror_pifa_h6p5_l8p4_sep17p0_feed7p90,P1B,25
105.0,15.0,550,-11.1281061259892,55.0,245.0,-41.86719722134788,-19.837040986781567,-2.7903760964894193,mirror_pifa_h6p5_l8p4_sep17p0_feed7p90,P1B,25
110.0,20.0,550,-11.1281061259892,55.0,245.0,-41.86719722134788,-19.837040986781567,-2.8789108064493845,mirror_pifa_h6p5_l8p4_sep17p0_feed7p90,P1B,25
115.0,25.0,550,-11.1281061259892,55.0,245.0,-41.86719722134788,-19.837040986781567,-3.0005223643472108,mirror_pifa_h6p5_l8p4_sep17p0_feed7p90,P1B,25
120.0,30.0,550,-11.1281061259892,55.0,245.0,-41.86719722134788,-19.837040986781567,-3.0626387062818554,mirror_pifa_h6p5_l8p4_sep17p0_feed7p90,P1B,25
125.0,35.0,550,-11.1281061259892,55.0,245.0,-41.86719722134788,-19.837040986781567,-2.9718475685050763,mirror_pifa_h6p5_l8p4_sep17p0_feed7p90,P1B,25
130.0,40.0,550,-11.1281061259892,55.0,245.0,-41.86719722134788,-19.837040986781567,-2.824254605400976,mirror_pifa_h6p5_l8p4_sep17p0_feed7p90,P1B,25
135.0,45.0,550,-11.1281061259892,55.0,245.0,-41.86719722134788,-19.837040986781567,-2.6886523574578174,mirror_pifa_h6p5_l8p4_sep17p0_feed7p90,P1B,25
140.0,50.0,550,-11.1281061259892,55.0,245.0,-41.86719722134788,-19.837040986781567,-2.5859773512937574,mirror_pifa_h6p5_l8p4_sep17p0_feed7p90,P1B,25
145.0,55.0,550,-11.1281061259892,55.0,245.0,-41.86719722134788,-19.837040986781567,-2.532849594100704,mirror_pifa_h6p5_l8p4_sep17p0_feed7p90,P1B,25
150.0,60.0,550,-11.1281061259892,55.0,245.0,-41.86719722134788,-19.837040986781567,-2.4103933978558163,mirror_pifa_h6p5_l8p4_sep17p0_feed7p90,P1B,25
155.0,65.0,550,-11.1281061259892,55.0,245.0,-41.86719722134788,-19.837040986781567,-2.4103933978558163,mirror_pifa_h6p5_l8p4_sep17p0_feed7p90,P1B,25
160.0,70.0,550,-11.1281061259892,55.0,245.0,-41.86719722134788,-19.837040986781567,-2.4103933978558163,mirror_pifa_h6p5_l8p4_sep17p0_feed7p90,P1B,25
165.0,75.0,550,-11.1281061259892,55.0,245.0,-41.86719722134788,-19.837040986781567,-2.4103933978558163,mirror_pifa_h6p5_l8p4_sep17p0_feed7p90,P1B,25
170.0,80.0,550,-11.1281061259892,55.0,245.0,-41.86719722134788,-19.837040986781567,-2.3901352666833895,mirror_pifa_h6p5_l8p4_sep17p0_feed7p90,P1B,25
175.0,85.0,550,-11.1281061259892,55.0,245.0,-41.86719722134788,-19.837040986781567,-2.282653812047669,mirror_pifa_h6p5_l8p4_sep17p0_feed7p90,P1B,25
180.0,90.0,550,-11.1281061259892,55.0,245.0,-41.86719722134788,-19.837040986781567,-1.9541171055053528,mirror_pifa_h6p5_l8p4_sep17p0_feed7p90,P1B,25
185.0,95.0,550,-11.1281061259892,55.0,245.0,-41.86719722134788,-19.75501667826572,-1.6629472163353975,mirror_pifa_h6p5_l8p4_sep17p0_feed7p90,P1B,25
190.0,100.0,550,-11.1281061259892,55.0,245.0,-41.86719722134788,-19.75501667826572,-1.1252737190103825,mirror_pifa_h6p5_l8p4_sep17p0_feed7p90,P1B,25
195.0,105.0,550,-11.1281061259892,55.0,245.0,-41.86719722134788,-19.75501667826572,-0.8870969035210731,mirror_pifa_h6p5_l8p4_sep17p0_feed7p90,P1B,25
200.0,110.0,550,-11.1281061259892,55.0,245.0,-41.86719722134788,-19.75501667826572,-0.4576052780240756,mirror_pifa_h6p5_l8p4_sep17p0_feed7p90,P1B,25
205.0,115.0,550,-11.1281061259892,55.0,245.0,-41.86719722134788,-19.75501667826572,-0.1466461797704725,mirror_pifa_h6p5_l8p4_sep17p0_feed7p90,P1B,25
210.0,120.0,550,-11.1281061259892,55.0,245.0,-41.86719722134788,-19.63712018476086,-0.10575548888385358,mirror_pifa_h6p5_l8p4_sep17p0_feed7p90,P1B,25
215.0,125.0,550,-11.1281061259892,55.0,245.0,-41.86719722134788,-19.63712018476086,-0.0004136613406688768,mirror_pifa_h6p5_l8p4_sep17p0_feed7p90,P1B,25
220.0,130.0,550,-11.1281061259892,55.0,245.0,-41.86719722134788,-19.63712018476086,0.0670125696064871,mirror_pifa_h6p5_l8p4_sep17p0_feed7p90,P1B,25
225.0,135.0,550,-11.1281061259892,55.0,245.0,-41.86719722134788,-19.63712018476086,0.13298494047856516,mirror_pifa_h6p5_l8p4_sep17p0_feed7p90,P1B,25
230.0,140.0,550,-11.1281061259892,55.0,245.0,-41.86719722134788,-19.63712018476086,0.13298494047856516,mirror_pifa_h6p5_l8p4_sep17p0_feed7p90,P1B,25
235.0,145.0,550,-11.1281061259892,55.0,245.0,-41.86719722134788,-19.63712018476086,-0.0004136613406688768,mirror_pifa_h6p5_l8p4_sep17p0_feed7p90,P1B,25
240.0,150.0,550,-11.1281061259892,55.0,245.0,-41.86719722134788,-19.63712018476086,-0.03641132586902451,mirror_pifa_h6p5_l8p4_sep17p0_feed7p90,P1B,25
245.0,155.0,550,-11.1281061259892,55.0,245.0,-41.86719722134788,-19.63712018476086,-0.0004136613406688768,mirror_pifa_h6p5_l8p4_sep17p0_feed7p90,P1B,25
250.0,160.0,550,-10.7123228434249,55.0,250.0,-41.86719722134788,-19.63712018476086,0.04060849651576158,mirror_pifa_h6p5_l8p4_sep17p0_feed7p90,P1B,25
255.0,165.0,550,-9.47188022986067,55.0,255.0,-41.86719722134788,-19.63712018476086,-0.0004136613406688768,mirror_pifa_h6p5_l8p4_sep17p0_feed7p90,P1B,25
260.0,170.0,550,-8.26047447799382,45.0,145.0,-41.86719722134788,-19.63712018476086,-0.12243805196494555,mirror_pifa_h6p5_l8p4_sep17p0_feed7p90,P1B,25
265.0,175.0,550,-8.26047447799382,45.0,145.0,-41.86719722134788,-19.63712018476086,-0.13598961347478394,mirror_pifa_h6p5_l8p4_sep17p0_feed7p90,P1B,25
270.0,180.0,550,-8.26047447799382,45.0,145.0,-41.86719722134788,-19.81845501639573,-0.1862483174610054,mirror_pifa_h6p5_l8p4_sep17p0_feed7p90,P1B,25
275.0,185.0,550,-8.26047447799382,45.0,145.0,-41.86719722134788,-19.81845501639573,-0.2073715681683806,mirror_pifa_h6p5_l8p4_sep17p0_feed7p90,P1B,25
280.0,190.0,550,-8.26047447799382,45.0,145.0,-41.86719722134788,-19.81845501639573,-0.31862537562323423,mirror_pifa_h6p5_l8p4_sep17p0_feed7p90,P1B,25
285.0,195.0,550,-8.26047447799382,45.0,145.0,-41.86719722134788,-19.81845501639573,-0.39216072191578855,mirror_pifa_h6p5_l8p4_sep17p0_feed7p90,P1B,25
290.0,200.0,550,-8.26047447799382,45.0,145.0,-41.86719722134788,-19.81845501639573,-0.4576052780240756,mirror_pifa_h6p5_l8p4_sep17p0_feed7p90,P1B,25
295.0,205.0,550,-8.26047447799382,45.0,145.0,-41.86719722134788,-19.81845501639573,-0.39216072191578855,mirror_pifa_h6p5_l8p4_sep17p0_feed7p90,P1B,25
300.0,210.0,550,-8.26047447799382,45.0,145.0,-41.86719722134788,-19.75501667826572,-0.31862537562323423,mirror_pifa_h6p5_l8p4_sep17p0_feed7p90,P1B,25
305.0,215.0,550,-8.26047447799382,45.0,145.0,-41.86719722134788,-19.63712018476086,-0.2068012093194631,mirror_pifa_h6p5_l8p4_sep17p0_feed7p90,P1B,25
310.0,220.0,550,-9.48759472678857,45.0,220.0,-41.86719722134788,-18.81935542105611,-0.10575548888385358,mirror_pifa_h6p5_l8p4_sep17p0_feed7p90,P1B,25
315.0,225.0,550,-10.3838953001653,45.0,225.0,-41.86719722134788,-18.371122381718237,0.16620683511603018,mirror_pifa_h6p5_l8p4_sep17p0_feed7p90,P1B,25
320.0,230.0,550,-10.3838953001653,45.0,225.0,-41.86719722134788,-18.234992097266993,0.3610816339232032,mirror_pifa_h6p5_l8p4_sep17p0_feed7p90,P1B,25
325.0,235.0,550,-10.3838953001653,45.0,225.0,-41.86719722134788,-16.557159487591477,0.6266864393176746,mirror_pifa_h6p5_l8p4_sep17p0_feed7p90,P1B,25
330.0,240.0,550,-10.5881741577465,55.0,240.0,-35.51056517000177,-16.25532919138014,0.841108410366515,mirror_pifa_h6p5_l8p4_sep17p0_feed7p90,P1B,25
335.0,245.0,550,-11.1281061259892,55.0,245.0,-35.51056517000177,-16.05442257658948,0.948922876774701,mirror_pifa_h6p5_l8p4_sep17p0_feed7p90,P1B,25
340.0,250.0,550,-11.1281061259892,55.0,245.0,-35.51056517000177,-14.88931825743271,1.042488227950653,mirror_pifa_h6p5_l8p4_sep17p0_feed7p90,P1B,25
345.0,255.0,550,-11.1281061259892,55.0,245.0,-35.51056517000177,-14.40371654750598,1.2404408175876234,mirror_pifa_h6p5_l8p4_sep17p0_feed7p90,P1B,25
350.0,260.0,550,-11.1281061259892,55.0,245.0,-35.51056517000177,-14.154030500273683,1.2418447034623201,mirror_pifa_h6p5_l8p4_sep17p0_feed7p90,P1B,25
355.0,265.0,550,-11.1281061259892,55.0,245.0,-35.51056517000177,-12.870727048537809,1.246336290266171,mirror_pifa_h6p5_l8p4_sep17p0_feed7p90,P1B,25
